doc_id,section_id,corpus_type,year,y1_ebi,y2_sa,y3_civil,y4_nv,y5_corpus_type,y6_period,y10_rep,y7_surprisal,y8_mafapo,y9_cidh,y11_conv_rest,text_length_chars,n_sa_instances,n_nv_instances,n_rep_instances,n_nv_questioned,processing_time_s,has_warning
01807c73506b81282e53ddbc4cf7286176cd5308a4ce76243a3ff3af0e5fc8d7,CONSIDERACIONES,A-CSJ,2013.0,0.0,1.0,0.995,0.1905,1,0.6552,0.0,,,,,8000,74,3,0,0,1.86,False
01807c73506b81282e53ddbc4cf7286176cd5308a4ce76243a3ff3af0e5fc8d7,DECISIÓN,A-CSJ,2013.0,0.0,0.9187,0.9928,0.0,1,0.6552,0.0,,,,,1223,6,0,0,0,0.378,False
036f7d338673e78683eed13caa9ca8464b307abff7ca2bde122b327871cb7991,DECISIÓN,A-CSJ,,0.0,1.0,0.9974,0.2333,0,0.5,0.0,,,,,904,8,1,0,0,0.299,False
0453281fce29cacfd49d0150b73fa6e021280ddc3eff06e464e0981bf51c8264,HECHOS,A-CSJ,2015.0,0.0,1.0,0.9824,0.8333,1,0.7241,1.0,,,,,975,5,1,1,0,0.306,False
0453281fce29cacfd49d0150b73fa6e021280ddc3eff06e464e0981bf51c8264,CARGOS,A-CSJ,2015.0,0.0,1.0,0.9861,0.7857,1,0.7241,0.0952,,,,,8000,40,12,1,0,1.774,False
0453281fce29cacfd49d0150b73fa6e021280ddc3eff06e464e0981bf51c8264,CONSIDERACIONES,A-CSJ,2015.0,0.0,1.0,0.9946,0.45,1,0.7241,0.325,,,,,8000,55,6,3,0,1.859,False
0453281fce29cacfd49d0150b73fa6e021280ddc3eff06e464e0981bf51c8264,DECISIÓN,A-CSJ,2015.0,0.0,1.0,0.9952,0.2778,1,0.7241,0.0,,,,,874,6,1,0,0,0.334,False
04d6e5308972acfd85429aaf0d6222a1715042427efb66c6f66dce61317a7561,CONSIDERACIONES,A-CE,2010.0,0.0,1.0,0.9801,0.0324,0,0.5517,0.0688,,,,,8000,59,1,1,0,2.128,False
04d6e5308972acfd85429aaf0d6222a1715042427efb66c6f66dce61317a7561,DECISIÓN,A-CE,2010.0,0.0,1.0,0.9823,0.1613,0,0.5517,0.4879,,,,,7338,34,3,7,0,2.186,False
04e1eb5aaa561608b95e411f6164d101e4c09ecfbf3514bf4802ee3044fa84f7,HECHOS,A-CE,2017.0,0.0,1.0,0.9912,0.4762,0,0.7931,0.1607,,,,,4159,29,4,1,0,1.283,False
04e1eb5aaa561608b95e411f6164d101e4c09ecfbf3514bf4802ee3044fa84f7,CONSIDERACIONES,A-CE,2017.0,0.0,1.0,0.9931,0.7333,0,0.7931,0.0,,,,,8000,105,11,0,0,2.001,False
04e1eb5aaa561608b95e411f6164d101e4c09ecfbf3514bf4802ee3044fa84f7,DECISIÓN,A-CE,2017.0,0.0,1.0,0.994,0.0,0,0.7931,0.0,,,,,1043,7,0,0,0,0.36,False
057f5cc436d1502f742a53154eb9aaf8aa1e2a9b31896c22b66756f059831b16,HECHOS,A-CSJ,2016.0,0.0,1.0,0.9813,0.925,1,0.7586,0.0,,,,,1312,4,4,0,0,0.442,False
057f5cc436d1502f742a53154eb9aaf8aa1e2a9b31896c22b66756f059831b16,CONSIDERACIONES,A-CSJ,2016.0,0.0,1.0,0.9879,0.3232,1,0.7586,0.0,,,,,8000,63,7,0,0,1.862,False
057f5cc436d1502f742a53154eb9aaf8aa1e2a9b31896c22b66756f059831b16,DECISIÓN,A-CSJ,2016.0,0.0,0.65,0.993,0.0,1,0.7586,0.0,,,,,402,2,0,0,0,0.217,False
05d2e3f2271c9000f85db3e5656c4158310f74e804f2a4f558dc6594c24289b8,HECHOS,A-CE,2020.0,0.0,1.0,0.9832,0.5641,0,0.8966,0.0,,,,,3083,14,5,0,0,0.738,False
05d2e3f2271c9000f85db3e5656c4158310f74e804f2a4f558dc6594c24289b8,CONSIDERACIONES,A-CE,2020.0,0.0,1.0,0.9804,0.5,0,0.8966,0.4643,,,,,8000,55,9,6,0,1.859,False
05d2e3f2271c9000f85db3e5656c4158310f74e804f2a4f558dc6594c24289b8,DECISIÓN,A-CE,2020.0,0.0,1.0,0.9857,0.0778,0,0.8966,0.6,,,,,4007,16,1,4,0,0.903,False
05fe0c7e89a387dd400d18f92fdb89a766114a68b5f92a3d29d07e64f624290d,HECHOS,A-CSJ,2016.0,0.0,0.34,0.9744,0.3333,1,0.7586,0.0,,,,,1357,2,1,0,0,0.407,False
05fe0c7e89a387dd400d18f92fdb89a766114a68b5f92a3d29d07e64f624290d,CONSIDERACIONES,A-CSJ,2016.0,0.0,1.0,0.9953,0.3854,1,0.7586,0.0,,,,,6645,51,4,0,0,2.084,False
05fe0c7e89a387dd400d18f92fdb89a766114a68b5f92a3d29d07e64f624290d,DECISIÓN,A-CSJ,2016.0,0.0,0.52,0.9868,0.3333,1,0.7586,0.0,,,,,773,2,1,0,0,0.57,False
0835aff2f7b290575f4c137c746195900f0297f0d0f9973533ccfe7931843bd1,CONSIDERACIONES,A-CE,2012.0,0.0,1.0,0.9952,0.1111,0,0.6207,0.0,,,,,8000,32,1,0,0,2.88,False
0835aff2f7b290575f4c137c746195900f0297f0d0f9973533ccfe7931843bd1,DECISIÓN,A-CE,2012.0,0.0,0.6262,0.9965,0.1296,0,0.6207,0.0,,,,,3027,4,1,0,0,1.548,False
08e5432af3304b3a3a170a98fdbf65a0ed258dee5857fee19d538aa2d87f4057,DECISIÓN,A-CE,2006.0,0.0,0.5417,0.9911,0.0,0,0.4138,0.0,,,,,2225,5,0,0,0,1.105,False
0be911634d3b2d7209148e109c1d461a347493ccc1087408ebcb1ed0cbddc9ca,HECHOS,A-CSJ,2017.0,0.0,1.0,0.9805,0.3214,1,0.7931,0.1607,,,,,6792,52,6,2,0,2.686,False
0be911634d3b2d7209148e109c1d461a347493ccc1087408ebcb1ed0cbddc9ca,CONSIDERACIONES,A-CSJ,2017.0,0.0,1.0,0.9871,0.7018,1,0.7931,0.2368,,,,,8000,70,9,2,0,3.018,False
0be911634d3b2d7209148e109c1d461a347493ccc1087408ebcb1ed0cbddc9ca,DECISIÓN,A-CSJ,2017.0,0.0,0.0,0.9931,0.0,1,0.7931,0.0,,,,,360,0,0,0,0,0.396,False
0c26b5b6275ecd41519f439bd6423b00c5a60d7f16364fe93ed8b2a60cc488c2,DECISIÓN,A-CSJ,2015.0,0.0,1.0,0.9966,0.0,1,0.7241,0.0,,,,,481,6,0,0,0,0.472,False
0c6ebf783e6197586b6569bbd3e53cc9d96e6929eaaf5dae3e9a390bc5925295,HECHOS,A-CSJ,2015.0,0.0,0.65,0.9889,0.0,1,0.7241,0.0,,,,,637,1,0,0,0,0.529,False
0c6ebf783e6197586b6569bbd3e53cc9d96e6929eaaf5dae3e9a390bc5925295,CONSIDERACIONES,A-CSJ,2015.0,0.0,1.0,0.9925,0.3188,1,0.7241,0.2717,,,,,8000,57,5,3,0,3.549,False
0c6ebf783e6197586b6569bbd3e53cc9d96e6929eaaf5dae3e9a390bc5925295,DECISIÓN,A-CSJ,2015.0,0.0,0.65,0.9945,0.0,1,0.7241,0.0,,,,,605,2,0,0,0,0.439,False
0d0427146a475d6807860fa5ff899640aa9dd7d1ab1d174310b080e601a3161c,CONSIDERACIONES,A-CSJ,2017.0,0.0,1.0,0.9901,0.3403,1,0.7931,0.0726,,,,,8000,60,7,1,0,3.286,False
0d0427146a475d6807860fa5ff899640aa9dd7d1ab1d174310b080e601a3161c,DECISIÓN,A-CSJ,2017.0,0.0,0.7429,0.9946,0.0,1,0.7931,0.0,,,,,831,4,0,0,0,0.449,False
0d799109865a9a1c946f34c99eb7dd27372d79c6adcd5aad2721ca3535a139ae,DECISIÓN,A-CE,2007.0,0.0,1.0,0.9836,0.3654,0,0.4483,0.7933,,,,,8000,65,6,11,0,2.441,False
0d799109865a9a1c946f34c99eb7dd27372d79c6adcd5aad2721ca3535a139ae,CONSIDERACIONES,A-CE,2007.0,0.0,1.0,1.0,0.0,0,0.4483,0.0,,,,,182,2,0,0,0,0.305,False
0d799109865a9a1c946f34c99eb7dd27372d79c6adcd5aad2721ca3535a139ae,HECHOS,A-CE,2007.0,0.0,1.0,0.9847,0.0,0,0.4483,0.0,,,,,8000,31,0,0,0,2.685,False
0d799109865a9a1c946f34c99eb7dd27372d79c6adcd5aad2721ca3535a139ae,HECHOS,A-CE,2007.0,0.0,1.0,0.997,0.2778,0,0.4483,0.0,,,,,779,5,1,0,0,0.528,False
0d799109865a9a1c946f34c99eb7dd27372d79c6adcd5aad2721ca3535a139ae,HECHOS,A-CE,2007.0,0.0,1.0,1.0,0.0,0,0.4483,0.0,,,,,343,2,0,0,0,0.299,False
0d799109865a9a1c946f34c99eb7dd27372d79c6adcd5aad2721ca3535a139ae,HECHOS,A-CE,2007.0,0.0,1.0,1.0,0.5833,0,0.4483,0.0,,,,,393,4,1,0,0,0.361,False
0d799109865a9a1c946f34c99eb7dd27372d79c6adcd5aad2721ca3535a139ae,HECHOS,A-CE,2007.0,0.0,1.0,0.9876,1.0,0,0.4483,0.7083,,,,,5180,55,8,2,0,1.956,False
0d799109865a9a1c946f34c99eb7dd27372d79c6adcd5aad2721ca3535a139ae,HECHOS,A-CE,2007.0,0.0,1.0,0.9841,1.0,0,0.4483,0.0,,,,,5174,31,8,0,0,2.995,False
0d799109865a9a1c946f34c99eb7dd27372d79c6adcd5aad2721ca3535a139ae,DECISIÓN,A-CE,2007.0,0.0,1.0,1.0,1.0,0,0.4483,0.0,,,,,181,1,2,0,0,0.452,False
0d799109865a9a1c946f34c99eb7dd27372d79c6adcd5aad2721ca3535a139ae,HECHOS,A-CE,2007.0,0.0,1.0,0.9808,0.1481,0,0.4483,0.0833,,,,,8000,49,3,1,0,3.155,False
0d799109865a9a1c946f34c99eb7dd27372d79c6adcd5aad2721ca3535a139ae,DECISIÓN,A-CE,2007.0,0.0,1.0,0.9867,0.4123,0,0.4483,0.2039,,,,,8000,59,5,2,0,2.447,False
0d799109865a9a1c946f34c99eb7dd27372d79c6adcd5aad2721ca3535a139ae,DECISIÓN,A-CE,2007.0,0.0,1.0,0.9794,0.5595,0,0.4483,0.2768,,,,,8000,50,5,2,0,2.022,False
0d799109865a9a1c946f34c99eb7dd27372d79c6adcd5aad2721ca3535a139ae,HECHOS,A-CE,2007.0,0.0,0.4333,0.9963,0.0,0,0.4483,0.0,,,,,447,1,0,0,0,0.335,False
0d799109865a9a1c946f34c99eb7dd27372d79c6adcd5aad2721ca3535a139ae,HECHOS,A-CE,2007.0,0.0,0.6352,0.9795,0.1288,0,0.4483,0.0,,,,,5505,18,4,0,0,2.315,False
0d799109865a9a1c946f34c99eb7dd27372d79c6adcd5aad2721ca3535a139ae,DECISIÓN,A-CE,2007.0,0.0,0.8058,0.9698,0.0,0,0.4483,0.0,,,,,3108,14,0,0,0,1.587,False
0d799109865a9a1c946f34c99eb7dd27372d79c6adcd5aad2721ca3535a139ae,HECHOS,A-CE,2007.0,0.0,1.0,0.9912,0.3333,0,0.4483,0.0,,,,,882,6,1,0,0,0.555,False
0d799109865a9a1c946f34c99eb7dd27372d79c6adcd5aad2721ca3535a139ae,DECISIÓN,A-CE,2007.0,0.0,1.0,0.9849,0.1852,0,0.4483,0.0,,,,,2913,27,1,0,0,1.858,False
0dbbebfd3378e61da701d999871c50a597e2c0c9087259ca6f4496ba330547fb,HECHOS,A-CSJ,2015.0,0.0,1.0,0.9814,0.375,1,0.7241,0.0,,,,,2340,11,1,0,0,0.662,False
0dbbebfd3378e61da701d999871c50a597e2c0c9087259ca6f4496ba330547fb,CONSIDERACIONES,A-CSJ,2015.0,0.0,1.0,0.9929,0.1566,1,0.7241,0.0,,,,,8000,60,4,0,0,1.832,False
0dbbebfd3378e61da701d999871c50a597e2c0c9087259ca6f4496ba330547fb,DECISIÓN,A-CSJ,2015.0,0.0,0.52,0.9884,0.0,1,0.7241,0.0,,,,,1091,2,0,0,0,0.349,False
0ed77f2cfbb0dd802977892ac2f74ced8f0997e901f65ff326b1a24383a8014d,HECHOS,A-CSJ,2014.0,0.0,1.0,0.9819,1.0,1,0.6897,0.0,,,,,1336,6,4,0,0,0.422,False
0ed77f2cfbb0dd802977892ac2f74ced8f0997e901f65ff326b1a24383a8014d,CONSIDERACIONES,A-CSJ,2014.0,0.0,1.0,0.9919,0.3274,1,0.6897,0.0,,,,,8000,54,7,0,0,2.21,False
0ed77f2cfbb0dd802977892ac2f74ced8f0997e901f65ff326b1a24383a8014d,DECISIÓN,A-CSJ,2014.0,0.0,0.8667,0.9947,0.0,1,0.6897,0.0,,,,,763,4,0,0,0,0.357,False
1017bb4b8803a7bc19c985b819db04d31c7ceb9ea89dcb490bf22e55e7b21310,HECHOS,A-CSJ,2012.0,0.0,1.0,0.9755,0.5938,1,0.6207,0.0,,,,,844,5,3,0,2,0.348,False
1017bb4b8803a7bc19c985b819db04d31c7ceb9ea89dcb490bf22e55e7b21310,CONSIDERACIONES,A-CSJ,2012.0,0.0,1.0,0.9907,0.553,1,0.6207,0.0,,,,,6760,73,10,0,0,1.55,False
1017bb4b8803a7bc19c985b819db04d31c7ceb9ea89dcb490bf22e55e7b21310,DECISIÓN,A-CSJ,2012.0,0.0,0.5571,0.9891,0.0,1,0.6207,0.0,,,,,741,3,0,0,0,0.278,False
101c3e12caf10998684a857b9e1944c517a646fd3a95eb52668ed22b6afb4847,CONSIDERACIONES,A-CE,2009.0,0.0,1.0,0.9857,0.3524,0,0.5172,0.0,,,,,8000,49,8,0,0,3.044,False
101c3e12caf10998684a857b9e1944c517a646fd3a95eb52668ed22b6afb4847,DECISIÓN,A-CE,2009.0,0.0,0.832,1.0,0.0,0,0.5172,0.0,,,,,638,3,0,0,0,0.533,False
106207e34d1fde6cc55bdea86edabf25cf31ebd5a39d5abd7a682be041c84ca6,DECISIÓN,A-CE,2006.0,0.0,1.0,0.982,0.0,0,0.4138,0.4896,,,,,4240,18,0,3,0,2.121,False
11c114614955769118b19cb9b78875fec45fc67acf2a040cd0127ef278738517,CONSIDERACIONES,A-CE,2016.0,0.0,1.0,0.9908,0.3651,0,0.7586,0.0,,,,,8000,65,5,0,0,3.148,False
11c114614955769118b19cb9b78875fec45fc67acf2a040cd0127ef278738517,DECISIÓN,A-CE,2016.0,0.0,1.0,0.9919,0.0,0,0.7586,0.0,,,,,402,3,0,0,0,0.408,False
11c114614955769118b19cb9b78875fec45fc67acf2a040cd0127ef278738517,DECISIÓN,A-CE,2016.0,0.0,0.3714,0.9861,0.0,0,0.7586,0.0,,,,,685,2,0,0,0,0.505,False
128907d4b8ab2daa38d9d84c3a8d7c94aa85787d1938526d9d7d1e50e7ef7e14,HECHOS,A-CE,2004.0,0.0,1.0,0.9856,0.1008,0,0.3448,0.0,,,,,5588,39,2,0,0,2.321,False
128907d4b8ab2daa38d9d84c3a8d7c94aa85787d1938526d9d7d1e50e7ef7e14,CONSIDERACIONES,A-CE,2004.0,0.0,1.0,0.9878,0.2564,0,0.3448,0.0,,,,,8000,79,2,0,0,2.791,False
128907d4b8ab2daa38d9d84c3a8d7c94aa85787d1938526d9d7d1e50e7ef7e14,DECISIÓN,A-CE,2004.0,0.0,0.78,0.9933,0.0,0,0.3448,0.0,,,,,456,3,0,0,0,0.347,False
12c68e398fa497e0ea30779cdba94307138aedeb24e33f6014c4d899fbccb577,CONSIDERACIONES,A-CE,,0.0,1.0,0.9725,0.8317,0,0.5,0.1905,,,,,8000,48,13,2,1,2.629,False
12c68e398fa497e0ea30779cdba94307138aedeb24e33f6014c4d899fbccb577,DECISIÓN,A-CE,,0.0,0.65,0.9962,0.0,0,0.5,0.2475,,,,,1917,5,0,1,0,0.786,False
1416ae13e1f448ff1c4a051b27136a9f9ba34ec7174f346d299d3cb978e3b460,DECISIÓN,A-CE,2003.0,0.0,0.65,0.9911,0.0,0,0.3103,0.3536,,,,,1524,3,0,1,0,0.743,False
143256801feffea8eacf63001c92274b9ee28a8c10aef1662e7c78759e087fcb,CONSIDERACIONES,A-CSJ,2014.0,0.0,1.0,0.9947,0.5294,1,0.6897,0.2647,,,,,7102,52,6,2,0,2.516,False
143256801feffea8eacf63001c92274b9ee28a8c10aef1662e7c78759e087fcb,DECISIÓN,A-CSJ,2014.0,0.0,1.0,0.9919,0.0,1,0.6897,0.0,,,,,524,3,0,0,0,0.598,False
154480cd4a5177fbc95ccb84329bb279147770f8e9ba039528ea8c761a2c24a2,HECHOS,A-CE,2017.0,0.0,1.0,0.9846,0.3951,0,0.7931,0.75,,,,,8000,56,7,9,0,2.753,False
154480cd4a5177fbc95ccb84329bb279147770f8e9ba039528ea8c761a2c24a2,CONSIDERACIONES,A-CE,2017.0,0.0,1.0,0.9943,0.4946,0,0.7931,0.2177,,,,,8000,70,11,3,0,2.687,False
154480cd4a5177fbc95ccb84329bb279147770f8e9ba039528ea8c761a2c24a2,DECISIÓN,A-CE,2017.0,0.0,0.65,0.9945,0.0,0,0.7931,0.0,,,,,476,2,0,0,0,0.381,False
15a84895577a3f984716399508c5f7a8380a5a0f3eafcefd1eb69cebc13b53b5,CONSIDERACIONES,A-CE,2009.0,0.0,1.0,0.9811,0.1333,0,0.5172,0.1492,,,,,8000,60,3,2,0,2.786,False
15a84895577a3f984716399508c5f7a8380a5a0f3eafcefd1eb69cebc13b53b5,CONSIDERACIONES,A-CE,2009.0,0.0,1.0,0.9784,1.0,0,0.5172,0.5259,,,,,8000,48,25,7,0,3.116,False
15a84895577a3f984716399508c5f7a8380a5a0f3eafcefd1eb69cebc13b53b5,DECISIÓN,A-CE,2009.0,0.0,1.0,0.9943,0.202,0,0.5172,0.5227,,,,,8000,50,4,9,0,2.546,False
1969b99d5165452c36d6547d63b53c088dfb4ac534cec78d3854d494f6ec287c,HECHOS,A-CSJ,2014.0,0.0,1.0,0.9898,0.5,1,0.6897,0.0,,,,,8000,43,6,0,0,2.769,False
1969b99d5165452c36d6547d63b53c088dfb4ac534cec78d3854d494f6ec287c,DECISIÓN,A-CSJ,2014.0,0.0,1.0,0.9965,0.0,1,0.6897,0.0,,,,,484,4,0,0,0,0.554,False
1969b99d5165452c36d6547d63b53c088dfb4ac534cec78d3854d494f6ec287c,DECISIÓN,A-CSJ,2014.0,0.0,0.78,0.9932,0.0,1,0.6897,0.0,,,,,468,3,0,0,0,0.464,False
1b2f8e6c0f9fba53439452a0db00ccf2070329a79f195529f9764da939332f8d,CONSIDERACIONES,A-CE,,0.0,1.0,0.9825,0.0,0,0.5,0.8478,,,,,8000,61,0,10,0,3.331,False
1b2f8e6c0f9fba53439452a0db00ccf2070329a79f195529f9764da939332f8d,DECISIÓN,A-CE,,0.0,1.0,0.991,0.0285,0,0.5,0.0945,,,,,8000,36,1,2,0,3.173,False
1cdfc83e3657c1421bd5cbb381fc7984156440675f4bcb70206be4ded8f81ff9,HECHOS,A-CSJ,2014.0,0.0,1.0,0.9879,0.7083,1,0.6897,0.0,,,,,1040,3,2,0,0,0.551,False
1cdfc83e3657c1421bd5cbb381fc7984156440675f4bcb70206be4ded8f81ff9,DECISIÓN,A-CSJ,2014.0,0.0,1.0,0.9947,0.0,1,0.6897,0.0,,,,,746,5,0,0,0,0.486,False
1d59753be972090bd0a2b825206390fe1d43be194d8f797ac7b097623ae9e4d1,CONSIDERACIONES,A-CSJ,2018.0,0.0,1.0,0.9904,0.3403,1,0.8276,0.0726,,,,,8000,60,7,1,0,2.799,False
1d59753be972090bd0a2b825206390fe1d43be194d8f797ac7b097623ae9e4d1,DECISIÓN,A-CSJ,2018.0,0.0,0.65,0.9948,0.0,1,0.8276,0.0,,,,,866,4,0,0,0,0.486,False
1d827284136d2487d88645af44ae64472c936914676cafcee2eacf23514ca158,DECISIÓN,A-CE,2003.0,0.0,0.3071,0.9973,0.0,0,0.3103,0.0,,,,,844,2,0,0,0,0.47,False
1e6c5f6e8510143dc607c36570938f46d49e2e887291340d25f12ac2a964507d,DECISIÓN,A-CE,,0.0,1.0,0.9894,0.0,0,0.5,0.275,,,,,3102,7,0,1,0,1.266,False
2132a193e2be757480179b35a44891f32d1fad47b3923b917d6e94617e1018a4,DECISIÓN,A-CSJ,2007.0,0.0,0.65,0.9932,0.0,0,0.4483,0.2045,,,,,1009,5,0,1,0,0.521,False
21649e686b573d7662c1ad154761aeb3d93749226065487f3951e711f22a4a4f,HECHOS,A-CE,2017.0,0.0,1.0,0.9908,0.3013,0,0.7931,0.3452,,,,,8000,59,5,4,0,2.633,False
21649e686b573d7662c1ad154761aeb3d93749226065487f3951e711f22a4a4f,CONSIDERACIONES,A-CE,2017.0,0.0,1.0,0.9951,0.0467,0,0.7931,0.09,,,,,8000,54,1,1,0,2.899,False
21649e686b573d7662c1ad154761aeb3d93749226065487f3951e711f22a4a4f,DECISIÓN,A-CE,2017.0,0.0,0.964,0.9938,0.0,0,0.7931,0.0,,,,,1117,4,0,0,0,0.643,False
2226d308a75bcc78bec425ffa65a2a8fb543f29dfd7fb27da57b759d0417deda,CONSIDERACIONES,A-CE,2004.0,0.0,1.0,0.9867,0.2056,0,0.3448,0.075,,,,,8000,48,4,1,0,2.714,False
2226d308a75bcc78bec425ffa65a2a8fb543f29dfd7fb27da57b759d0417deda,DECISIÓN,A-CE,2004.0,0.0,1.0,0.9898,0.0,0,0.3448,0.0,,,,,2704,9,0,0,0,0.968,False
23bbdee45fd67bf8149df3930d9034967b76fa08e5586fa25fe4ea2f62a7e8c1,HECHOS,A-CSJ,2014.0,0.0,0.6786,0.9822,0.4762,1,0.6897,0.0,,,,,1090,4,2,0,0,0.583,False
23bbdee45fd67bf8149df3930d9034967b76fa08e5586fa25fe4ea2f62a7e8c1,CONSIDERACIONES,A-CSJ,2014.0,0.0,1.0,0.9909,0.3246,1,0.6897,0.1184,,,,,8000,58,4,1,0,2.664,False
23bbdee45fd67bf8149df3930d9034967b76fa08e5586fa25fe4ea2f62a7e8c1,DECISIÓN,A-CSJ,2014.0,0.0,0.4333,0.9885,0.0,1,0.6897,0.0,,,,,599,2,0,0,0,0.372,False
254d6cd44092136418782cdda8bedea28aaa1427466d870436906e3d93915c16,CARGOS,A-CSJ,2016.0,0.0,1.0,0.9946,0.1389,1,0.7586,0.0,,,,,8000,50,2,0,0,3.031,False
254d6cd44092136418782cdda8bedea28aaa1427466d870436906e3d93915c16,DECISIÓN,A-CSJ,2016.0,0.0,0.78,0.9923,0.0,1,0.7586,0.0,,,,,638,3,0,0,0,0.437,False
2556aa061d8aded9dad71d767d0648b9a7a48475556d519db0662f48d7a0e340,CONSIDERACIONES,A-CE,,0.0,1.0,0.9933,0.1905,0,0.5,0.0952,,,,,8000,48,3,1,0,2.748,False
2556aa061d8aded9dad71d767d0648b9a7a48475556d519db0662f48d7a0e340,DECISIÓN,A-CE,,0.0,1.0,0.9857,0.2803,0,0.5,0.1705,,,,,8000,50,4,2,0,2.748,False
26dfc2f5529297e29c7d1c5aacf3bfce219fb1eb6cdbf09f715a143f2722ada2,CONSIDERACIONES,A-CE,2004.0,0.0,1.0,0.9862,0.4583,0,0.3448,0.0,,,,,8000,38,8,0,0,3.003,False
26dfc2f5529297e29c7d1c5aacf3bfce219fb1eb6cdbf09f715a143f2722ada2,DECISIÓN,A-CE,2004.0,0.0,1.0,0.994,0.0,0,0.3448,0.3125,,,,,1508,4,0,1,0,0.877,False
274d29962451441c036e97f327c52962feec52b31fef624dbdb88b936376f9c4,CONSIDERACIONES,A-CSJ,2017.0,0.0,1.0,0.9904,0.1515,0,0.7931,0.3977,,,,,8000,59,2,4,0,2.72,False
274d29962451441c036e97f327c52962feec52b31fef624dbdb88b936376f9c4,DECISIÓN,A-CSJ,2017.0,0.0,0.5571,0.9918,0.0,0,0.7931,0.3214,,,,,1111,3,0,1,0,0.503,False
27ced80839f5d06057ae1462ab99c9138bcfab5db28af07a3042e1ffb9e60863,CONSIDERACIONES,A-CE,,0.0,1.0,0.9873,0.0897,0,0.5,0.0952,,,,,8000,66,2,1,0,2.684,False
27ced80839f5d06057ae1462ab99c9138bcfab5db28af07a3042e1ffb9e60863,DECISIÓN,A-CE,,0.0,1.0,0.9894,0.0,0,0.5,0.0521,,,,,8000,34,0,1,0,2.473,False
27d9721f69fcc9c5aae1369419546b29f74c68854893d7b6cf2f95233aa00024,HECHOS,A-CE,,0.0,0.9881,0.9587,0.3646,0,0.5,0.0,,,,,8000,23,8,0,0,3.626,False
27d9721f69fcc9c5aae1369419546b29f74c68854893d7b6cf2f95233aa00024,HECHOS,A-CE,,0.0,0.9052,0.9693,0.3925,0,0.5,0.0,,,,,6689,22,8,0,0,2.984,False
27d9721f69fcc9c5aae1369419546b29f74c68854893d7b6cf2f95233aa00024,HECHOS,A-CE,,0.0,1.0,0.9779,0.6301,0,0.5,0.0,,,,,8000,38,12,0,0,2.889,False
27d9721f69fcc9c5aae1369419546b29f74c68854893d7b6cf2f95233aa00024,DECISIÓN,A-CE,,0.0,1.0,0.9796,0.0,0,0.5,0.2557,,,,,8000,44,0,3,0,2.938,False
2a3b67dd8318e81ac2c4ff4f18ee62c053dd38b9d4b39b282011ed46e3283b29,HECHOS,A-CSJ,2016.0,0.0,1.0,0.9878,0.4722,1,0.7586,0.0,,,,,2058,9,2,0,0,0.866,False
2a3b67dd8318e81ac2c4ff4f18ee62c053dd38b9d4b39b282011ed46e3283b29,DECISIÓN,A-CSJ,2016.0,0.0,0.5938,0.9899,0.0,1,0.7586,0.0,,,,,982,4,0,0,0,0.684,False
2b419c8e925543ff79ac0413de3ab026b4f45d1a5617693533e477fb54a4d888,HECHOS,A-CSJ,2015.0,0.0,1.0,0.979,1.0,1,0.7241,0.0,,,,,1228,3,3,0,0,0.683,False
2b419c8e925543ff79ac0413de3ab026b4f45d1a5617693533e477fb54a4d888,CARGOS,A-CSJ,2015.0,0.0,1.0,0.9923,0.5385,1,0.7241,0.0,,,,,4779,33,6,0,0,1.67,False
2b419c8e925543ff79ac0413de3ab026b4f45d1a5617693533e477fb54a4d888,CONSIDERACIONES,A-CSJ,2015.0,0.0,1.0,0.9956,0.3261,1,0.7241,0.0,,,,,8000,61,6,0,0,3.3,False
2b419c8e925543ff79ac0413de3ab026b4f45d1a5617693533e477fb54a4d888,DECISIÓN,A-CSJ,2015.0,0.0,1.0,0.9946,0.0,1,0.7241,0.0,,,,,709,5,0,0,0,0.565,False
2cab90c8736fb4fe23022c4cf28f65ee1e9d20f0cff3b63fd36470d360dccce8,CONSIDERACIONES,A-CE,,0.0,1.0,0.9916,0.0,0,0.5,0.0469,,,,,8000,44,0,1,0,3.164,False
2cab90c8736fb4fe23022c4cf28f65ee1e9d20f0cff3b63fd36470d360dccce8,DECISIÓN,A-CE,,0.0,0.8744,0.99,0.0,0,0.5,0.0,,,,,2240,6,0,0,0,0.881,False
2d6a4e9ebe0fdc7f468e3d4c471d83b596c7395d4fe4532971f02d1e21f41deb,DECISIÓN,A-CE,2017.0,0.0,1.0,0.9879,0.0,0,0.7931,0.6692,,,,,3398,14,0,4,0,1.535,False
2e0feeefc4bc50d2e47795c18c7901bc7c83fd8c2a01de2a00a924727e62957b,HECHOS,A-CSJ,2012.0,0.0,1.0,0.9896,1.0,1,0.6207,0.0,,,,,567,7,1,0,0,0.389,False
2e0feeefc4bc50d2e47795c18c7901bc7c83fd8c2a01de2a00a924727e62957b,DECISIÓN,A-CSJ,2012.0,0.0,0.7917,0.9953,0.0,1,0.6207,0.0,,,,,882,4,0,0,0,0.503,False
30899dac6eaab5df87fd13c32e8fd4ab13ee639829d581a9b032998090c6bb2d,HECHOS,A-CE,2018.0,0.0,1.0,0.9873,0.4524,0,0.8276,0.5238,,,,,8000,43,6,5,0,2.616,False
30899dac6eaab5df87fd13c32e8fd4ab13ee639829d581a9b032998090c6bb2d,DECISIÓN,A-CE,2018.0,0.0,1.0,0.991,0.0,0,0.8276,0.2679,,,,,2017,17,0,1,0,0.803,False
3109c1a737befc06c5eff167678140d2593b7205d9ab6141fbdfa0b28183eee2,CONSIDERACIONES,A-CE,,0.0,1.0,0.998,0.0,0,0.5,0.0,,,,,1442,9,0,0,0,0.681,False
3109c1a737befc06c5eff167678140d2593b7205d9ab6141fbdfa0b28183eee2,CONSIDERACIONES,A-CE,,0.0,1.0,0.9873,0.0977,0,0.5,0.0,,,,,8000,51,2,0,0,2.61,False
3109c1a737befc06c5eff167678140d2593b7205d9ab6141fbdfa0b28183eee2,DECISIÓN,A-CE,,0.0,0.0,0.9921,0.0,0,0.5,0.0,,,,,415,0,0,0,0,0.378,False
33b2b2c031f6ed6f35d3e441a8c3a3d2af615eed31d06dbb0796268f68869675,CONSIDERACIONES,A-CSJ,2017.0,0.0,1.0,0.9931,0.0694,1,0.7931,0.0,,,,,8000,71,1,0,0,2.632,False
33b2b2c031f6ed6f35d3e441a8c3a3d2af615eed31d06dbb0796268f68869675,DECISIÓN,A-CSJ,2017.0,0.0,0.99,0.9946,0.0,1,0.7931,0.0,,,,,1302,7,0,0,0,0.749,False
3415c8e1439b6620466038c51e3593f469a5fcf746e27f0f2609e1615c173d28,HECHOS,A-CSJ,2016.0,0.0,1.0,0.9905,0.2024,1,0.7586,0.0804,,,,,8000,56,4,1,0,2.317,False
3415c8e1439b6620466038c51e3593f469a5fcf746e27f0f2609e1615c173d28,CONSIDERACIONES,A-CSJ,2016.0,0.0,1.0,0.996,0.1771,1,0.7586,0.0,,,,,8000,51,2,0,0,1.916,False
3415c8e1439b6620466038c51e3593f469a5fcf746e27f0f2609e1615c173d28,DECISIÓN,A-CSJ,2016.0,0.0,0.5278,0.99,0.0,1,0.7586,0.0,,,,,1375,4,0,0,0,0.424,False
341a32fb6a6c70b59f37bb727fa60ca65e17bb52525259dbe551b3142839e812,CONSIDERACIONES,A-CE,2013.0,0.0,1.0,0.9895,0.0,0,0.6552,0.0,,,,,2470,17,0,0,0,0.633,False
341a32fb6a6c70b59f37bb727fa60ca65e17bb52525259dbe551b3142839e812,CONSIDERACIONES,A-CE,2013.0,0.0,1.0,0.985,0.0614,0,0.6552,0.0,,,,,6678,28,1,0,0,1.671,False
341a32fb6a6c70b59f37bb727fa60ca65e17bb52525259dbe551b3142839e812,HECHOS,A-CE,2013.0,0.0,1.0,0.9832,0.2634,0,0.6552,0.0798,,,,,8000,49,7,1,0,1.946,False
341a32fb6a6c70b59f37bb727fa60ca65e17bb52525259dbe551b3142839e812,DECISIÓN,A-CE,2013.0,0.0,1.0,0.9942,1.0,0,0.6552,1.0,,,,,207,2,1,1,0,0.206,False
341a32fb6a6c70b59f37bb727fa60ca65e17bb52525259dbe551b3142839e812,DECISIÓN,A-CE,2013.0,0.0,1.0,0.9911,0.3333,0,0.6552,0.1333,,,,,4363,17,3,1,0,0.979,False
350095495340fb12b07ca444364c3533da1af9284c9b274f1e8f88dbf0f68567,CONSIDERACIONES,A-CSJ,2017.0,0.0,1.0,0.9983,0.4608,0,0.7931,0.1176,,,,,8000,63,10,2,0,2.518,False
350095495340fb12b07ca444364c3533da1af9284c9b274f1e8f88dbf0f68567,DECISIÓN,A-CSJ,2017.0,0.0,1.0,0.9947,0.0,0,0.7931,0.0,,,,,1318,8,0,0,0,0.769,False
36383edb1b72a168d2e170297c730eecf2af9f0dd9de1877698ff75c82aa487e,HECHOS,A-CE,2017.0,0.0,1.0,0.9885,1.0,0,0.7931,0.0,,,,,1124,6,5,0,0,0.667,False
36383edb1b72a168d2e170297c730eecf2af9f0dd9de1877698ff75c82aa487e,CONSIDERACIONES,A-CE,2017.0,0.0,1.0,0.9876,0.3333,0,0.7931,0.0,,,,,8000,53,5,0,0,2.799,False
36383edb1b72a168d2e170297c730eecf2af9f0dd9de1877698ff75c82aa487e,DECISIÓN,A-CE,2017.0,0.0,0.65,0.9913,0.0,0,0.7931,0.0,,,,,576,2,0,0,0,0.385,False
36cd99c4ff64b1c3b87547f819934c3f99fe7caad8b57f7ae12f93d9be36e76f,CONSIDERACIONES,A-CSJ,2014.0,0.0,1.0,0.991,0.6667,1,0.6897,0.0,,,,,8000,71,12,0,0,2.608,False
3740f9b9c39523eeb834166b9ebafecee126cfeff75ab2ca77b844d56a2f1561,CONSIDERACIONES,A-CSJ,2016.0,0.0,1.0,0.9889,0.6389,1,0.7586,0.0,,,,,8000,54,9,0,0,2.452,False
3740f9b9c39523eeb834166b9ebafecee126cfeff75ab2ca77b844d56a2f1561,DECISIÓN,A-CSJ,2016.0,0.0,0.6786,0.9933,0.0,1,0.7586,0.0,,,,,813,4,0,0,0,0.52,False
385d059d4b3909a5c44affea556ec2342cf8975a17920305723334c1bbecf59c,HECHOS,A-CSJ,2015.0,0.0,1.0,0.9928,1.0,1,0.7241,0.0,,,,,1076,5,5,0,0,0.597,False
385d059d4b3909a5c44affea556ec2342cf8975a17920305723334c1bbecf59c,CONSIDERACIONES,A-CSJ,2015.0,0.0,1.0,0.9982,0.2857,1,0.7241,0.0,,,,,8000,69,3,0,0,2.843,False
385d059d4b3909a5c44affea556ec2342cf8975a17920305723334c1bbecf59c,DECISIÓN,A-CSJ,2015.0,0.0,0.325,0.9953,0.0,1,0.7241,0.0,,,,,623,1,0,0,0,0.356,False
3a3a50b4d65142e832cfcccb04be2ac09c81521d58f1e0073029224e7091263e,HECHOS,A-CSJ,,0.0,1.0,0.9791,1.0,1,0.5,0.2683,,,,,8000,64,24,3,0,2.586,False
3a3a50b4d65142e832cfcccb04be2ac09c81521d58f1e0073029224e7091263e,DECISIÓN,A-CSJ,,0.0,0.0,1.0,0.0,1,0.5,0.0,,,,,235,0,0,0,0,0.308,False
3a3a50b4d65142e832cfcccb04be2ac09c81521d58f1e0073029224e7091263e,DECISIÓN,A-CSJ,,0.0,0.8706,0.9835,0.0877,1,0.5,0.3474,,,,,4046,12,1,3,0,1.431,False
3a6ef04fd3f8e8b5d900d5bb2c2504de978271867dda71d30dc38a036128156d,CONSIDERACIONES,A-CSJ,2017.0,0.0,1.0,0.9901,0.3063,1,0.7931,0.1422,,,,,8000,60,6,2,0,2.614,False
3a6ef04fd3f8e8b5d900d5bb2c2504de978271867dda71d30dc38a036128156d,DECISIÓN,A-CSJ,2017.0,0.0,1.0,0.9939,0.0,1,0.7931,0.0,,,,,1112,5,0,0,0,0.56,False
3a767d97c18ee6f954fd3890e221c40e75e5b1ab7f7cdeff2605e4137eef9fc4,CONSIDERACIONES,A-CE,,0.0,1.0,0.9971,0.4091,0,0.5,0.0,,,,,3073,18,3,0,0,1.235,False
3a767d97c18ee6f954fd3890e221c40e75e5b1ab7f7cdeff2605e4137eef9fc4,HECHOS,A-CE,,0.0,0.399,0.952,0.1939,0,0.5,0.0818,,,,,5557,17,7,2,0,2.255,False
3a767d97c18ee6f954fd3890e221c40e75e5b1ab7f7cdeff2605e4137eef9fc4,CONSIDERACIONES,A-CE,,0.0,1.0,0.9849,0.473,0,0.5,0.0608,,,,,8000,44,12,1,0,2.767,False
3a767d97c18ee6f954fd3890e221c40e75e5b1ab7f7cdeff2605e4137eef9fc4,DECISIÓN,A-CE,,0.0,1.0,0.9933,0.0833,0,0.5,0.75,,,,,4044,17,1,8,0,1.879,False
3d645ce0e1168ecb31ac658c07fb6c9e365f0e2909bb3cd2569efb56fd2d24d1,CONSIDERACIONES,A-CE,2012.0,0.0,1.0,0.9831,0.4032,0,0.6207,0.0536,,,,,8000,47,13,1,0,4.157,False
3d645ce0e1168ecb31ac658c07fb6c9e365f0e2909bb3cd2569efb56fd2d24d1,HECHOS,A-CE,2012.0,0.0,1.0,0.9825,0.8843,0,0.6207,0.1875,,,,,8000,56,23,3,0,3.536,False
3d645ce0e1168ecb31ac658c07fb6c9e365f0e2909bb3cd2569efb56fd2d24d1,DECISIÓN,A-CE,2012.0,0.0,0.0,0.994,0.0,0,0.6207,0.0,,,,,200,0,0,0,0,0.273,False
3d645ce0e1168ecb31ac658c07fb6c9e365f0e2909bb3cd2569efb56fd2d24d1,DECISIÓN,A-CE,2012.0,0.0,0.8633,0.9864,0.0,0,0.6207,0.0701,,,,,8000,35,0,3,0,3.65,False
3e95682f11cf6ecb4035ede13db44222259e4435d2496fc1b4db6d7116f0719e,HECHOS,A-CE,2005.0,0.0,1.0,0.9962,0.6042,0,0.3793,0.0,,,,,8000,54,9,0,0,2.56,False
3e95682f11cf6ecb4035ede13db44222259e4435d2496fc1b4db6d7116f0719e,DECISIÓN,A-CE,2005.0,0.0,0.6048,0.9864,0.0169,0,0.3793,0.163,,,,,8000,31,1,5,0,2.181,False
3f6c6c737fa1ae5e63042d957530f03381e611b738d5523bf476ec3b8d09fcb2,CONSIDERACIONES,A-CE,,0.0,1.0,0.9867,0.0,0,0.5,0.1061,,,,,8000,38,0,2,0,2.123,False
3f6c6c737fa1ae5e63042d957530f03381e611b738d5523bf476ec3b8d09fcb2,DECISIÓN,A-CE,,0.0,1.0,0.9888,0.0,0,0.5,0.0,,,,,2824,10,0,0,0,0.715,False
4057d1ad8f86b3cf45f48245afda19ddad651c832f0e0a27bc46951dd4633a05,CONSIDERACIONES,A-CSJ,2016.0,0.0,1.0,0.995,0.2754,1,0.7586,0.0,,,,,8000,74,5,0,0,2.374,False
4057d1ad8f86b3cf45f48245afda19ddad651c832f0e0a27bc46951dd4633a05,DECISIÓN,A-CSJ,2016.0,0.0,1.0,0.9955,0.0,1,0.7586,0.0,,,,,751,6,0,0,0,0.463,False
40bb3c6463aa058307d957077863c81b95dcfda8bb9243a3e8fa8d88a77093c2,CONSIDERACIONES,A-CSJ,2015.0,0.0,1.0,0.9714,0.3922,1,0.7241,0.1176,,,,,8000,31,4,1,0,2.106,False
40bb3c6463aa058307d957077863c81b95dcfda8bb9243a3e8fa8d88a77093c2,DECISIÓN,A-CSJ,2015.0,0.0,0.7429,0.9858,0.0,1,0.7241,0.0,,,,,1235,4,0,0,0,0.431,False
41ceffd00ab85e79bd74b881369a4692faafec9edba1ff9fa47478b01766fa47,HECHOS,A-CE,,0.0,1.0,0.9862,0.2432,0,0.5,0.2426,,,,,8000,41,6,4,0,1.891,False
41ceffd00ab85e79bd74b881369a4692faafec9edba1ff9fa47478b01766fa47,DECISIÓN,A-CE,,0.0,1.0,0.9858,0.0766,0,0.5,0.9108,,,,,7938,54,2,16,0,1.854,False
424b3b2ff0d91d37da11bcc93a53cd3803a0dad5015fe25a9f1da7bcf8791f84,HECHOS,A-CE,2000.0,0.0,1.0,0.9736,0.9028,0,0.2069,0.0937,,,,,8000,34,16,1,0,2.271,False
424b3b2ff0d91d37da11bcc93a53cd3803a0dad5015fe25a9f1da7bcf8791f84,DECISIÓN,A-CE,2000.0,0.0,1.0,0.9893,0.1012,0,0.2069,0.0714,,,,,8000,47,2,1,0,2.61,False
42adec3d5f421c720e88988a4fd62cd8d435fb45bc65e5b9973ce3cf18b097cb,HECHOS,A-CE,,0.0,1.0,0.982,0.7917,0,0.5,0.0625,,,,,8000,56,18,1,0,1.848,False
42adec3d5f421c720e88988a4fd62cd8d435fb45bc65e5b9973ce3cf18b097cb,CONSIDERACIONES,A-CE,,0.0,1.0,0.9811,0.7097,0,0.5,0.0798,,,,,8000,53,15,1,0,1.861,False
42adec3d5f421c720e88988a4fd62cd8d435fb45bc65e5b9973ce3cf18b097cb,DECISIÓN,A-CE,,0.0,1.0,0.9933,0.1181,0,0.5,0.0833,,,,,8000,44,2,1,0,1.961,False
44413afc8bd69f07cac4603aac3b7b2ffae23532691be889d1327fc5a8d00746,HECHOS,A-CSJ,2013.0,0.0,1.0,0.988,0.0,1,0.6552,0.0,,,,,638,5,0,0,0,0.314,False
44413afc8bd69f07cac4603aac3b7b2ffae23532691be889d1327fc5a8d00746,DECISIÓN,A-CSJ,2013.0,0.0,0.52,0.9917,0.0,1,0.6552,0.0,,,,,509,2,0,0,0,0.323,False
456b33c2da9d55d55ffeab01054cd4970a716a90384a2477f1dc700e4ee026df,CONSIDERACIONES,A-CE,2003.0,0.0,1.0,0.9908,0.0,0,0.3103,0.0,,,,,7338,57,0,0,0,2.357,False
456b33c2da9d55d55ffeab01054cd4970a716a90384a2477f1dc700e4ee026df,CONSIDERACIONES,A-CE,2003.0,0.0,1.0,0.9857,0.7083,0,0.3103,0.3125,,,,,8000,53,10,3,0,2.294,False
466c0f272f36469e055db65ae0206ba67019ddac5bbc07dedac8e0b0e58ad67a,HECHOS,A-CSJ,2015.0,0.0,1.0,0.9748,0.3333,1,0.7241,0.0,,,,,8000,35,7,0,0,1.885,False
466c0f272f36469e055db65ae0206ba67019ddac5bbc07dedac8e0b0e58ad67a,CONSIDERACIONES,A-CSJ,2015.0,0.0,1.0,0.9939,0.3106,1,0.7241,0.0,,,,,8000,56,5,0,0,1.846,False
466c0f272f36469e055db65ae0206ba67019ddac5bbc07dedac8e0b0e58ad67a,DECISIÓN,A-CSJ,2015.0,0.0,0.65,0.9942,0.0,1,0.7241,0.0,,,,,603,2,0,0,0,0.407,False
46c2cbd912acbbe2ede2d0c825ee59367d8ac693043aa154262305f0f2127a73,CONSIDERACIONES,A-CE,2001.0,0.0,1.0,0.971,0.1948,0,0.2414,0.0485,,,,,8000,42,7,1,0,2.009,False
46c2cbd912acbbe2ede2d0c825ee59367d8ac693043aa154262305f0f2127a73,DECISIÓN,A-CE,2001.0,0.0,1.0,0.9922,0.0,0,0.2414,0.0,,,,,1587,4,0,0,0,0.461,False
46f73e71f130933a7643d49c124961328f9662670c59341c61853aecf4f9aa61,HECHOS,A-CE,2017.0,0.0,1.0,0.9843,0.4293,0,0.7931,0.0682,,,,,8000,57,10,1,0,2.241,False
46f73e71f130933a7643d49c124961328f9662670c59341c61853aecf4f9aa61,CONSIDERACIONES,A-CE,2017.0,0.0,1.0,0.9868,0.5903,0,0.7931,0.0937,,,,,8000,46,10,1,0,2.342,False
46f73e71f130933a7643d49c124961328f9662670c59341c61853aecf4f9aa61,DECISIÓN,A-CE,2017.0,0.0,0.65,0.9808,0.0,0,0.7931,0.0,,,,,384,1,0,0,0,0.478,False
47c342aab276844a18d7a750a40d593b4048b5be4c0efee8d0280fe877fcfe9e,CONSIDERACIONES,A-CE,,0.0,1.0,0.9916,0.0972,0,0.5,0.0,,,,,8000,53,2,0,0,3.186,False
47c342aab276844a18d7a750a40d593b4048b5be4c0efee8d0280fe877fcfe9e,DECISIÓN,A-CE,,0.0,0.5938,0.9933,0.0,0,0.5,0.0,,,,,788,4,0,0,0,0.558,False
492a5569c657471578f0ebeb3f47a63967eca0eb4a4759434cec33fb3338fb39,CONSIDERACIONES,A-CE,2005.0,0.0,1.0,0.9924,0.14,0,0.3793,0.0,,,,,8000,64,3,0,0,2.111,False
492a5569c657471578f0ebeb3f47a63967eca0eb4a4759434cec33fb3338fb39,DECISIÓN,A-CE,2005.0,0.0,0.325,0.9918,0.0,0,0.3793,0.0,,,,,524,1,0,0,0,0.329,False
49c68763984e5d9e59b163f8fe18c8123aec99174b8a146a271e473e5f36c8fe,CONSIDERACIONES,A-CE,2017.0,0.0,1.0,0.9845,0.244,0,0.7931,0.0,,,,,8000,60,5,0,0,1.904,False
49c68763984e5d9e59b163f8fe18c8123aec99174b8a146a271e473e5f36c8fe,DECISIÓN,A-CE,2017.0,0.0,1.0,0.9889,0.1852,0,0.7931,0.25,,,,,2231,11,1,1,0,0.613,False
4a602a4e9037c3425ae5bf5a5870a8835797872f276effa88d8374d24bf0e8d4,CONSIDERACIONES,A-CE,2003.0,0.0,1.0,0.9799,0.2056,0,0.3103,0.0,,,,,8000,31,4,0,0,1.832,False
4a602a4e9037c3425ae5bf5a5870a8835797872f276effa88d8374d24bf0e8d4,DECISIÓN,A-CE,2003.0,0.0,1.0,0.9845,0.3333,0,0.3103,1.0,,,,,2112,5,1,3,0,0.591,False
4c84260b1cda2b5cec7757601f04d45f7f7e4ff5fbc56177161cae23bceb0e14,CONSIDERACIONES,A-CE,2017.0,0.0,1.0,0.99,0.1149,0,0.7931,0.2198,,,,,8000,40,2,3,0,1.934,False
4c84260b1cda2b5cec7757601f04d45f7f7e4ff5fbc56177161cae23bceb0e14,DECISIÓN,A-CE,2017.0,0.0,0.8667,0.9869,0.0,0,0.7931,0.0,,,,,1723,8,0,0,0,0.54,False
4d04f54b01999b47535286a995f2fa8a923078a41fefd1d2e07fecabbfd8197c,CONSIDERACIONES,A-CE,2017.0,0.0,1.0,0.9923,0.9091,0,0.7931,0.0,,,,,8000,99,12,0,0,2.092,False
4d04f54b01999b47535286a995f2fa8a923078a41fefd1d2e07fecabbfd8197c,DECISIÓN,A-CE,2017.0,0.0,1.0,0.9946,0.0,0,0.7931,0.0,,,,,1213,8,0,0,0,0.472,False
4e618123e250d59be341912a25482a05c12998cddc7a65b372ca84a1cab92599,HECHOS,A-CE,2019.0,0.0,1.0,0.9828,0.1042,0,0.8621,0.4219,,,,,3984,15,1,3,0,1.018,False
4e618123e250d59be341912a25482a05c12998cddc7a65b372ca84a1cab92599,CONSIDERACIONES,A-CE,2019.0,0.0,1.0,0.9936,0.619,0,0.8621,0.3839,,,,,8000,39,11,5,0,1.819,False
4e618123e250d59be341912a25482a05c12998cddc7a65b372ca84a1cab92599,DECISIÓN,A-CE,2019.0,0.0,1.0,0.9856,0.0,0,0.8621,0.0,,,,,777,4,0,0,0,0.3,False
4e65a8bde9be809a08c85a65b1d2759eb3c4c339e05df00fb53ff13808e06da1,CONSIDERACIONES,A-CSJ,2018.0,0.0,1.0,0.9907,0.4,1,0.8276,0.26,,,,,8000,60,6,3,0,1.852,False
4e65a8bde9be809a08c85a65b1d2759eb3c4c339e05df00fb53ff13808e06da1,DECISIÓN,A-CSJ,2018.0,0.0,1.0,0.9938,0.0,1,0.8276,0.0,,,,,1051,4,0,0,0,0.38,False
4f02fad65f7f67527db3e81414a58bb410559a19b03df01e88f9a848d1afe209,CONSIDERACIONES,A-CSJ,2016.0,0.0,1.0,0.9968,0.0,1,0.7586,0.0,,,,,8000,55,0,0,0,1.795,False
4f02fad65f7f67527db3e81414a58bb410559a19b03df01e88f9a848d1afe209,DECISIÓN,A-CSJ,2016.0,0.0,1.0,0.9945,0.0,1,0.7586,0.0,,,,,671,3,0,0,0,0.288,False
5087ff8d325aba3d05c8c21849e28b2e58e7104e414223bd1a36263cf773ad31,DECISIÓN,A-CE,,0.0,1.0,0.9858,0.1282,0,0.5,0.7788,,,,,3374,17,1,5,0,0.772,False
509f961769e57ed1c22b287da92f973875c8d22b06626cb858ed9aa7ed65dd40,CONSIDERACIONES,A-CE,2005.0,0.0,1.0,0.9923,0.942,0,0.3793,0.0,,,,,8000,100,13,0,0,1.816,False
509f961769e57ed1c22b287da92f973875c8d22b06626cb858ed9aa7ed65dd40,DECISIÓN,A-CE,2005.0,0.0,1.0,0.9925,0.0,0,0.3793,0.3214,,,,,1253,9,0,1,0,0.501,False
50a93dcc78eff844105f718cbb671587164ba3550dffd77102230094b8e2a3b1,HECHOS,A-CSJ,2015.0,0.0,1.0,0.9819,0.0,1,0.7241,0.0,,,,,1041,3,0,0,0,0.464,False
50a93dcc78eff844105f718cbb671587164ba3550dffd77102230094b8e2a3b1,CONSIDERACIONES,A-CSJ,2015.0,0.0,1.0,0.9945,0.0,1,0.7241,0.0,,,,,8000,71,0,0,0,2.057,False
50a93dcc78eff844105f718cbb671587164ba3550dffd77102230094b8e2a3b1,DECISIÓN,A-CSJ,2015.0,0.0,1.0,0.9874,0.0,1,0.7241,0.0,,,,,1432,7,0,0,0,0.498,False
51f6c0948856c2604b566132838d7488eb3bdc1596e90fa610dcfdeda5a9258d,HECHOS,A-CSJ,,0.0,1.0,0.9882,0.7083,1,0.5,0.0,,,,,1111,3,2,0,0,0.403,False
51f6c0948856c2604b566132838d7488eb3bdc1596e90fa610dcfdeda5a9258d,DECISIÓN,A-CSJ,,0.0,0.65,0.9946,0.0,1,0.5,0.0,,,,,743,3,0,0,0,0.336,False
54214e95e02c9df91fe86364913c8fdba183546bf71bb24b2fc111ec9180d6f6,CONSIDERACIONES,A-CSJ,2014.0,0.0,1.0,0.9956,0.4,1,0.6897,0.0,,,,,8000,72,6,0,0,1.77,False
54214e95e02c9df91fe86364913c8fdba183546bf71bb24b2fc111ec9180d6f6,DECISIÓN,A-CSJ,2014.0,0.0,1.0,0.9912,0.0,1,0.6897,0.0,,,,,1257,7,0,0,0,0.432,False
54f16a9edb76f0c1af04dd8a18c819fe6d236cc8a5a129d98d8415f6bdc7a0ce,CONSIDERACIONES,A-CSJ,2018.0,0.0,1.0,0.9915,0.2798,0,0.8276,0.0804,,,,,7180,46,5,1,0,1.725,False
54f16a9edb76f0c1af04dd8a18c819fe6d236cc8a5a129d98d8415f6bdc7a0ce,DECISIÓN,A-CSJ,2018.0,0.0,0.325,0.9902,0.0,0,0.8276,0.0,,,,,499,1,0,0,0,0.249,False
564e929ad9f0f0bd90cce7516093e61457fb90f5931e7dabd678b98b47293a4a,CONSIDERACIONES,A-CE,2017.0,0.0,1.0,0.996,0.0324,0,0.7931,0.0,,,,,5228,25,1,0,0,1.365,False
564e929ad9f0f0bd90cce7516093e61457fb90f5931e7dabd678b98b47293a4a,DECISIÓN,A-CE,2017.0,0.0,0.6825,0.99,0.0,0,0.7931,0.0,,,,,1168,4,0,0,0,0.364,False
56b1fce642a634504c1dcd1f10bf85ebce9b173ef93ba83e0ca711562dbb2460,CONSIDERACIONES,A-CE,2017.0,0.0,1.0,0.9883,0.2688,0,0.7931,0.2903,,,,,8000,66,5,4,0,2.022,False
56b1fce642a634504c1dcd1f10bf85ebce9b173ef93ba83e0ca711562dbb2460,DECISIÓN,A-CE,2017.0,0.0,0.8125,0.9925,0.0,0,0.7931,0.0,,,,,950,5,0,0,0,0.447,False
56ccaa67b12645eda3ffcf9827e88f18449c896e5ffdc1d2eddc394eb6544ae9,CONSIDERACIONES,A-CE,2003.0,0.0,1.0,0.9803,0.0821,0,0.3103,0.0917,,,,,8000,35,2,1,0,4.059,False
56ccaa67b12645eda3ffcf9827e88f18449c896e5ffdc1d2eddc394eb6544ae9,DECISIÓN,A-CE,2003.0,0.0,1.0,0.994,0.0,0,0.3103,0.625,,,,,1212,6,0,1,0,0.665,False
5795a1a495c73d0ae8a2dceee05623c2d51eddc7b49364c10fba845258be58ab,HECHOS,A-CSJ,2017.0,0.0,1.0,0.9893,0.2754,1,0.7931,0.0978,,,,,6408,44,5,1,0,2.288,False
5795a1a495c73d0ae8a2dceee05623c2d51eddc7b49364c10fba845258be58ab,CONSIDERACIONES,A-CSJ,2017.0,0.0,1.0,0.9916,0.0897,1,0.7931,0.0,,,,,8000,65,2,0,0,2.732,False
5795a1a495c73d0ae8a2dceee05623c2d51eddc7b49364c10fba845258be58ab,DECISIÓN,A-CSJ,2017.0,0.0,1.0,0.9864,0.0,1,0.7931,0.0,,,,,520,6,0,0,0,0.426,False
579957b654b50e4304d4c521f34b579041cecc87782a576691ae98a5f159aae1,CONSIDERACIONES,A-CSJ,2000.0,0.0,1.0,0.9812,0.3194,1,0.2069,0.0,,,,,8000,30,9,0,0,4.26,False
579957b654b50e4304d4c521f34b579041cecc87782a576691ae98a5f159aae1,DECISIÓN,A-CSJ,2000.0,0.0,1.0,0.9907,0.0,1,0.2069,0.0,,,,,210,1,0,0,0,0.335,False
579957b654b50e4304d4c521f34b579041cecc87782a576691ae98a5f159aae1,DECISIÓN,A-CSJ,2000.0,0.0,1.0,0.988,0.2153,1,0.2069,0.1031,,,,,8000,44,4,1,0,3.527,False
582a0ca996f8f4da5d02d56b1a63437f70fb458a912f82b32ab07544f2ab17dc,CONSIDERACIONES,A-CSJ,2014.0,0.0,1.0,0.9969,0.1111,1,0.6897,0.2024,,,,,5252,23,2,2,0,3.13,False
582a0ca996f8f4da5d02d56b1a63437f70fb458a912f82b32ab07544f2ab17dc,DECISIÓN,A-CSJ,2014.0,0.0,0.4313,0.9921,0.0,1,0.6897,0.0,,,,,740,3,0,0,0,0.589,False
58ca5969441aa9f271c612f5e3cf47d78ee367a21690ebaafa55b4d27baf6493,DECISIÓN,A-CE,,0.0,0.52,0.9968,0.0,0,0.5,0.0,,,,,605,2,0,0,0,0.538,False
5b2ca880cd1d9f46cc2fdc4c87d67d7c79441a417d5e7434dda05b500198ce94,CONSIDERACIONES,A-CSJ,2007.0,0.0,0.8805,0.9781,0.2093,1,0.4483,0.0523,,,,,8000,30,6,1,0,3.946,False
5b2ca880cd1d9f46cc2fdc4c87d67d7c79441a417d5e7434dda05b500198ce94,DECISIÓN,A-CSJ,2007.0,0.0,1.0,0.9932,0.3889,1,0.4483,0.0,,,,,523,5,1,0,0,0.634,False
5b69527a56abd944c9bab22a4e99ef8632d45cde19573f8dbe04bf758ea93888,HECHOS,A-CSJ,2010.0,0.0,1.0,0.9801,0.5556,1,0.5517,0.0,,,,,1090,3,1,0,0,0.735,False
5b69527a56abd944c9bab22a4e99ef8632d45cde19573f8dbe04bf758ea93888,DECISIÓN,A-CSJ,2010.0,0.0,0.325,0.9902,0.0,1,0.5517,0.0,,,,,407,1,0,0,0,0.587,False
5c15f0d320ed9c989f6bd416bb885bdae1443139d55bab358b62cd2b2673ca82,CONSIDERACIONES,A-CE,2005.0,0.0,1.0,0.9955,0.4321,0,0.3793,0.0,,,,,8000,64,7,0,0,3.67,False
5c15f0d320ed9c989f6bd416bb885bdae1443139d55bab358b62cd2b2673ca82,DECISIÓN,A-CE,2005.0,0.0,0.7222,0.9898,0.0,0,0.3793,0.0,,,,,881,5,0,0,0,0.669,False
5d262916b690464e6e7a4e347e2800d310079d93ff46e9f6c40231b1662ef22a,CONSIDERACIONES,A-CE,2007.0,0.0,1.0,0.9917,0.0833,0,0.4483,0.1125,,,,,8000,48,1,1,0,3.861,False
5d262916b690464e6e7a4e347e2800d310079d93ff46e9f6c40231b1662ef22a,CONSIDERACIONES,A-CE,2007.0,0.0,1.0,0.9927,0.0,0,0.4483,0.1731,,,,,3112,26,0,1,0,1.636,False
5d262916b690464e6e7a4e347e2800d310079d93ff46e9f6c40231b1662ef22a,CONSIDERACIONES,A-CE,2007.0,0.0,1.0,0.9896,0.3475,0,0.4483,0.0,,,,,8000,50,7,0,0,3.813,False
5d262916b690464e6e7a4e347e2800d310079d93ff46e9f6c40231b1662ef22a,DECISIÓN,A-CE,2007.0,0.0,0.0,0.9944,0.0,0,0.4483,0.0,,,,,207,0,0,0,0,0.306,False
5d262916b690464e6e7a4e347e2800d310079d93ff46e9f6c40231b1662ef22a,DECISIÓN,A-CE,2007.0,0.0,1.0,0.9844,0.0595,0,0.4483,0.1384,,,,,8000,33,1,2,0,2.319,False
5d3a164339e079058c75050b5822528177101b1b0bc79089514d87b38cfa9f5d,HECHOS,A-CE,2014.0,0.0,0.8698,0.9767,0.3865,0,0.6897,0.0,,,,,8000,29,13,0,0,2.621,False
5d3a164339e079058c75050b5822528177101b1b0bc79089514d87b38cfa9f5d,CONSIDERACIONES,A-CE,2014.0,0.0,1.0,0.9723,0.0694,0,0.6897,0.0417,,,,,8000,46,2,1,0,2.717,False
5d3a164339e079058c75050b5822528177101b1b0bc79089514d87b38cfa9f5d,CONSIDERACIONES,A-CE,2014.0,0.0,1.0,0.986,0.3246,0,0.6897,0.3158,,,,,5161,37,4,3,0,1.678,False
5d3a164339e079058c75050b5822528177101b1b0bc79089514d87b38cfa9f5d,CONSIDERACIONES,A-CE,2014.0,0.0,1.0,0.9881,0.4,0,0.6897,0.42,,,,,8000,36,6,5,0,2.638,False
5d3a164339e079058c75050b5822528177101b1b0bc79089514d87b38cfa9f5d,DECISIÓN,A-CE,2014.0,0.0,1.0,1.0,0.0,0,0.6897,0.0,,,,,212,2,0,0,0,0.253,False
5d3a164339e079058c75050b5822528177101b1b0bc79089514d87b38cfa9f5d,DECISIÓN,A-CE,2014.0,0.0,0.8667,0.9903,0.0,0,0.6897,0.0,,,,,2024,4,0,0,0,0.815,False
5d3a164339e079058c75050b5822528177101b1b0bc79089514d87b38cfa9f5d,CONSIDERACIONES,A-CE,2014.0,0.0,0.97,0.9822,0.0694,0,0.6897,0.0781,,,,,5052,18,1,1,0,1.783,False
5d9f344ca202681a6a2638d24e03baf8c93fff56c68f6558f60441f0057dbcf9,DECISIÓN,A-CE,2004.0,0.0,1.0,0.9904,0.0,0,0.3448,0.495,,,,,3196,9,0,2,0,1.044,False
5ee19e3ec4b05a744d2b132cebd2fd52c687bb4e2423fb27d1b73799c081dbbc,HECHOS,A-CSJ,2016.0,0.0,1.0,0.9892,0.0,1,0.7586,0.0,,,,,833,4,0,0,0,0.423,False
5ee19e3ec4b05a744d2b132cebd2fd52c687bb4e2423fb27d1b73799c081dbbc,CONSIDERACIONES,A-CSJ,2016.0,0.0,1.0,0.9926,0.053,1,0.7586,0.1023,,,,,8000,46,1,1,0,2.531,False
5ee19e3ec4b05a744d2b132cebd2fd52c687bb4e2423fb27d1b73799c081dbbc,DECISIÓN,A-CSJ,2016.0,0.0,1.0,0.9936,0.0,1,0.7586,0.0,,,,,508,4,0,0,0,0.334,False
60fe3a5fe8639d765cd9819859af8f840498cd899c4bae3e357a958af03190fd,CONSIDERACIONES,A-CSJ,2018.0,0.0,1.0,0.9892,0.3173,1,0.8276,0.1473,,,,,8000,60,6,2,0,2.402,False
60fe3a5fe8639d765cd9819859af8f840498cd899c4bae3e357a958af03190fd,DECISIÓN,A-CSJ,2018.0,0.0,0.9286,0.9914,0.0,1,0.8276,0.0,,,,,1046,5,0,0,0,0.517,False
6142253bdf38cd5cc397589515bdee769a0fa913e6ac6d97b57ba0ccbce41639,CONSIDERACIONES,A-CSJ,2016.0,0.0,1.0,0.9931,0.3796,1,0.7586,0.125,,,,,8000,71,5,1,0,2.207,False
6142253bdf38cd5cc397589515bdee769a0fa913e6ac6d97b57ba0ccbce41639,DECISIÓN,A-CSJ,2016.0,0.0,0.26,0.9943,0.0,1,0.7586,0.0,,,,,607,1,0,0,0,0.329,False
61c54929ab3781f501c37871f15a3c44d2a4ee48e4e5022179446e4108020dfb,HECHOS,A-CE,2018.0,0.0,1.0,0.9895,0.6167,0,0.8276,0.0,,,,,3241,20,4,0,0,1.012,False
61c54929ab3781f501c37871f15a3c44d2a4ee48e4e5022179446e4108020dfb,CONSIDERACIONES,A-CE,2018.0,0.0,1.0,0.9944,0.2813,0,0.8276,0.0703,,,,,8000,54,6,1,0,2.386,False
61c54929ab3781f501c37871f15a3c44d2a4ee48e4e5022179446e4108020dfb,DECISIÓN,A-CE,2018.0,0.0,0.4086,0.9933,0.0,0,0.8276,0.0,,,,,823,2,0,0,0,0.39,False
6394eb6138b13ab1a1d3a60fe26513444024c872d1e25503cdd02a009df2b315,DECISIÓN,A-CE,2021.0,0.0,1.0,0.9894,0.8704,0,0.931,0.2222,,,,,2724,32,5,1,0,1.135,False
66f4e08f6b0a81499a6fb64b2f5c873f0e00d840deb6217b85310a3f60350211,CONSIDERACIONES,A-CE,,0.0,1.0,0.9852,0.4,0,0.5,0.1417,,,,,8000,71,9,2,0,2.695,False
66f4e08f6b0a81499a6fb64b2f5c873f0e00d840deb6217b85310a3f60350211,DECISIÓN,A-CE,,0.0,1.0,0.9892,0.0,0,0.5,0.1818,,,,,7805,28,0,3,0,3.183,False
688ad821ace128f0dcbc0bf324dde8177b1e969c0a4bcfcc8596a1d00e8e4be8,DECISIÓN,A-CE,2007.0,0.0,0.78,1.0,0.0,0,0.4483,0.0,,,,,210,1,0,0,0,0.327,False
688ad821ace128f0dcbc0bf324dde8177b1e969c0a4bcfcc8596a1d00e8e4be8,DECISIÓN,A-CE,2007.0,0.0,0.4333,0.9837,0.0,0,0.4483,0.0,,,,,2774,4,0,0,0,1.086,False
689bbf4b90d26cecc3e5c74c6f33f3588c1ebfae08f65844ffb914d2d78ee311,DECISIÓN,A-CE,2018.0,0.0,1.0,1.0,0.0,0,0.8276,0.0,,,,,199,4,0,0,0,0.316,False
689bbf4b90d26cecc3e5c74c6f33f3588c1ebfae08f65844ffb914d2d78ee311,DECISIÓN,A-CE,2018.0,0.0,0.65,0.9972,0.0,0,0.8276,0.0,,,,,795,2,0,0,0,0.354,False
6cbd498b0828a051db72b529c056be73a30c968ad29022d5e3f82d2163f1a633,CONSIDERACIONES,A-CE,2007.0,0.0,1.0,0.9771,0.2104,0,0.4483,0.2708,,,,,8000,68,4,3,0,2.421,False
6cbd498b0828a051db72b529c056be73a30c968ad29022d5e3f82d2163f1a633,DECISIÓN,A-CE,2007.0,0.0,1.0,0.9791,0.0,0,0.4483,0.0,,,,,3960,11,0,0,0,1.288,False
6fee7f9e0570c157172034520a4b7726e97703d2e585293a405358c07cf0f446,CONSIDERACIONES,A-CE,,0.0,1.0,0.9914,0.1373,0,0.5,0.1176,,,,,8000,51,2,1,0,2.491,False
6fee7f9e0570c157172034520a4b7726e97703d2e585293a405358c07cf0f446,DECISIÓN,A-CE,,0.0,1.0,0.9747,0.3426,0,0.5,0.2417,,,,,8000,58,4,2,0,2.318,False
70c691d7fd400f79f3770b597ada5d44a52bdca3d84f1ada5be5dcafa503628f,HECHOS,A-CE,2007.0,0.0,1.0,0.9884,0.3486,0,0.4483,0.0,,,,,8000,46,10,0,0,2.836,False
70c691d7fd400f79f3770b597ada5d44a52bdca3d84f1ada5be5dcafa503628f,DECISIÓN,A-CE,2007.0,0.0,0.5904,0.9888,0.0,0,0.4483,0.067,,,,,3989,11,0,1,0,1.677,False
719e6b74d9fabde605b90fb7d909ff2032c6f49437a97d563901fc4345670d86,HECHOS,A-CE,2014.0,0.0,1.0,0.9942,0.0,0,0.6897,0.0,,,,,5499,29,0,0,0,1.904,False
719e6b74d9fabde605b90fb7d909ff2032c6f49437a97d563901fc4345670d86,CONSIDERACIONES,A-CE,2014.0,0.0,1.0,0.9914,0.0365,0,0.6897,0.0,,,,,8000,47,1,0,0,2.186,False
719e6b74d9fabde605b90fb7d909ff2032c6f49437a97d563901fc4345670d86,DECISIÓN,A-CE,2014.0,0.0,0.78,0.9932,0.0,0,0.6897,0.0,,,,,1039,4,0,0,0,0.509,False
724eee2e14b8e2ab80319291a84b98992d23c094cd1a9fb6de0d481aaf0890da,HECHOS,A-CSJ,2014.0,0.0,1.0,0.9946,0.1852,1,0.6897,0.0,,,,,4020,19,2,0,0,1.211,False
724eee2e14b8e2ab80319291a84b98992d23c094cd1a9fb6de0d481aaf0890da,CONSIDERACIONES,A-CSJ,2014.0,0.0,1.0,0.9932,0.0778,1,0.6897,0.0,,,,,2972,19,1,0,0,0.882,False
724eee2e14b8e2ab80319291a84b98992d23c094cd1a9fb6de0d481aaf0890da,DECISIÓN,A-CSJ,2014.0,0.0,0.65,0.9947,0.0,1,0.6897,0.0,,,,,725,2,0,0,0,0.462,False
74e7e6f7a44ea3dfa39bf7e94ef73fa2629968ca1f4fac2c7e9e69561fff57f6,CONSIDERACIONES,A-CSJ,2014.0,0.0,1.0,0.9879,0.8175,1,0.6897,0.3214,,,,,6827,61,11,3,0,2.06,False
7645582bce3db055d951408f2d305a3aac5d8a881e6fe9d0e88233093be2bfd2,DECISIÓN,A-CSJ,2016.0,0.0,0.325,0.9929,0.0,1,0.7586,0.0,,,,,737,1,0,0,0,0.445,False
771e9779f623140ad26a9df6cb40533159c25cc222831614dcff08936d40d72b,CONSIDERACIONES,A-CE,2012.0,0.0,1.0,0.9852,0.2421,0,0.6207,0.0849,,,,,8000,45,11,2,0,3.286,False
771e9779f623140ad26a9df6cb40533159c25cc222831614dcff08936d40d72b,DECISIÓN,A-CE,2012.0,0.0,1.0,1.0,0.0,0,0.6207,0.0,,,,,199,1,0,0,0,0.325,False
771e9779f623140ad26a9df6cb40533159c25cc222831614dcff08936d40d72b,DECISIÓN,A-CE,2012.0,0.0,1.0,0.9746,0.0198,0,0.6207,0.0381,,,,,8000,31,1,1,0,3.037,False
7810f1a05d333148fd1554d5f3a3a2cfaa6c0a47229c7e712a05a871b780d7aa,CONSIDERACIONES,A-CSJ,2013.0,0.0,1.0,0.9907,0.3016,1,0.6552,0.0,,,,,8000,46,5,0,0,2.369,False
7909efeac68ce7775c28ef36a812bed695149fe0f0da6a50fc018c8b5d6a802b,CONSIDERACIONES,A-CE,2007.0,0.0,1.0,1.0,0.0,0,0.4483,0.0,,,,,2505,13,0,0,0,0.952,False
7909efeac68ce7775c28ef36a812bed695149fe0f0da6a50fc018c8b5d6a802b,HECHOS,A-CE,2007.0,0.0,1.0,0.9828,0.7391,0,0.4483,0.0,,,,,8000,56,16,0,0,2.626,False
7909efeac68ce7775c28ef36a812bed695149fe0f0da6a50fc018c8b5d6a802b,CONSIDERACIONES,A-CE,2007.0,0.0,1.0,0.9924,0.0,0,0.4483,0.0,,,,,4920,30,0,0,0,2.038,False
7909efeac68ce7775c28ef36a812bed695149fe0f0da6a50fc018c8b5d6a802b,CONSIDERACIONES,A-CE,2007.0,0.0,1.0,0.9721,0.1111,0,0.4483,0.0,,,,,4213,22,1,0,0,1.498,False
7909efeac68ce7775c28ef36a812bed695149fe0f0da6a50fc018c8b5d6a802b,DECISIÓN,A-CE,2007.0,0.0,0.0,1.0,0.0,0,0.4483,0.0,,,,,215,0,0,0,0,0.342,False
7909efeac68ce7775c28ef36a812bed695149fe0f0da6a50fc018c8b5d6a802b,DECISIÓN,A-CE,2007.0,0.0,0.7281,0.9872,0.0201,0,0.4483,0.0,,,,,8000,28,1,0,0,2.602,False
795b680b187d3c7a31ba09062898d5927a6e0e4814939fcd3115aec5dadf3b97,CONSIDERACIONES,A-CE,2017.0,0.0,1.0,0.9846,0.244,0,0.7931,0.0,,,,,8000,61,5,0,0,2.25,False
795b680b187d3c7a31ba09062898d5927a6e0e4814939fcd3115aec5dadf3b97,DECISIÓN,A-CE,2017.0,0.0,1.0,0.9883,0.2083,0,0.7931,0.2812,,,,,2215,10,1,1,0,0.751,False
7965f19b2b4f07635ddd5ded3ae8775b1e12ba7feb8f3e765949a66fb9dc5826,CONSIDERACIONES,A-CE,2008.0,0.0,1.0,0.9853,0.1453,0,0.4828,0.0,,,,,8000,33,4,0,0,2.491,False
7965f19b2b4f07635ddd5ded3ae8775b1e12ba7feb8f3e765949a66fb9dc5826,DECISIÓN,A-CE,2008.0,0.0,1.0,0.9884,0.0,0,0.4828,0.0,,,,,4913,8,0,0,0,1.468,False
79da7d3fdfcfc3852df15150d2f0e46ccfbee04ba82d946b64ffb6aa22652e46,CONSIDERACIONES,A-CE,2018.0,0.0,1.0,0.978,1.0,0,0.8276,0.3646,,,,,8000,60,22,4,0,2.323,False
79da7d3fdfcfc3852df15150d2f0e46ccfbee04ba82d946b64ffb6aa22652e46,DECISIÓN,A-CE,2018.0,0.0,1.0,0.9907,0.0,0,0.8276,0.425,,,,,1827,8,0,2,0,0.71,False
7b47a4d7d758fa548493871c1d04dd3b2d13cce8b986512650f8d0a99e812f91,CONSIDERACIONES,A-CE,2013.0,0.0,1.0,0.998,0.0,0,0.6552,0.0,,,,,1462,6,0,0,0,0.707,False
7b47a4d7d758fa548493871c1d04dd3b2d13cce8b986512650f8d0a99e812f91,DECISIÓN,A-CE,2013.0,0.0,0.2833,1.0,0.0,0,0.6552,0.0,,,,,200,1,0,0,0,0.251,False
7b47a4d7d758fa548493871c1d04dd3b2d13cce8b986512650f8d0a99e812f91,DECISIÓN,A-CE,2013.0,0.0,0.5984,0.9902,0.0521,0,0.6552,0.1289,,,,,6326,16,1,2,0,2.105,False
7de7edb69d97de48dbe82627f2b37797b118d45f0294c67edb324c92c4586564,CONSIDERACIONES,A-CE,2017.0,0.0,1.0,0.9992,0.1954,0,0.7931,0.1379,,,,,8000,65,4,2,0,2.333,False
7de7edb69d97de48dbe82627f2b37797b118d45f0294c67edb324c92c4586564,DECISIÓN,A-CE,2017.0,0.0,0.8667,0.9939,0.0,0,0.7931,0.0,,,,,1052,4,0,0,0,0.454,False
7efa27692854007dcce78e46ee395c2727c3b984ea096396e1c28b63460729e1,HECHOS,A-CE,2016.0,0.0,1.0,0.9847,0.36,0,0.7586,0.81,,,,,8000,57,6,9,0,2.225,False
7efa27692854007dcce78e46ee395c2727c3b984ea096396e1c28b63460729e1,CONSIDERACIONES,A-CE,2016.0,0.0,1.0,0.9954,0.4074,0,0.7586,0.0,,,,,8000,55,5,0,0,2.358,False
7efa27692854007dcce78e46ee395c2727c3b984ea096396e1c28b63460729e1,DECISIÓN,A-CE,2016.0,0.0,0.8667,0.9918,0.0,0,0.7586,0.0,,,,,693,4,0,0,0,0.489,False
7ffc5e67928f3a01276d21f9fd9b4d2e8e0d2987799f3c0cca77639bd5bc1986,DECISIÓN,A-CE,2012.0,0.0,0.65,0.9942,0.0,0,0.6207,0.0,,,,,705,2,0,0,0,0.48,False
828d11620a20da7e4a849946e67589f477fe77e271ee681ae58f4b96f41d145b,CONSIDERACIONES,A-CSJ,2013.0,0.0,1.0,0.9966,0.1296,1,0.6552,0.0,,,,,8000,77,2,0,0,2.307,False
829402b726f228fec3233006455cc446edd9882cf2817471db4dc9d38731e1f6,CONSIDERACIONES,A-CE,2017.0,0.0,1.0,0.9939,0.0,0,0.7931,0.0,,,,,6793,58,0,0,0,1.988,False
829402b726f228fec3233006455cc446edd9882cf2817471db4dc9d38731e1f6,CARGOS,A-CE,2017.0,0.0,1.0,0.99,0.0,0,0.7931,0.0,,,,,2096,10,0,0,0,0.843,False
829402b726f228fec3233006455cc446edd9882cf2817471db4dc9d38731e1f6,CONSIDERACIONES,A-CE,2017.0,0.0,1.0,0.9958,0.1667,0,0.7931,0.0,,,,,6583,39,3,0,0,1.877,False
829402b726f228fec3233006455cc446edd9882cf2817471db4dc9d38731e1f6,DECISIÓN,A-CE,2017.0,0.0,0.9533,0.9887,0.2778,0,0.7931,0.0,,,,,719,4,1,0,0,0.376,False
8383f2a4b777890b894bd9de0e2daec4066c78da440ccf6a347717cf7c5340e4,CONSIDERACIONES,A-CE,2017.0,0.0,1.0,0.995,0.1852,0,0.7931,0.1111,,,,,8000,66,2,1,0,2.275,False
8383f2a4b777890b894bd9de0e2daec4066c78da440ccf6a347717cf7c5340e4,DECISIÓN,A-CE,2017.0,0.0,1.0,0.9897,0.0,0,0.7931,0.0,,,,,1138,6,0,0,0,0.504,False
849bf9553f4f6fb2f97683070a5946afa4f9ce8108b49ac0740829d014944325,DECISIÓN,A-CSJ,2014.0,0.0,0.4875,0.9891,0.0,1,0.6897,0.225,,,,,1445,3,0,1,0,0.538,False
86612fca64bcb05a9d4eae7edd489bdb0325e7ce24066545460ba3f25b67ee84,HECHOS,A-CE,2005.0,0.0,0.941,0.9732,0.191,0,0.3793,0.0469,,,,,8000,31,7,1,0,2.409,False
86612fca64bcb05a9d4eae7edd489bdb0325e7ce24066545460ba3f25b67ee84,CONSIDERACIONES,A-CE,2005.0,0.0,1.0,0.9781,0.7564,0,0.3793,0.0,,,,,8000,41,14,0,0,2.299,False
86612fca64bcb05a9d4eae7edd489bdb0325e7ce24066545460ba3f25b67ee84,DECISIÓN,A-CE,2005.0,0.0,1.0,0.9921,0.1111,0,0.3793,0.2667,,,,,5036,27,1,2,0,1.481,False
8695e3bbff2b1626bc06e0f77fd0fe0c2be58d5a7e196e9f566f7fb02b9a9cae,CONSIDERACIONES,A-CSJ,2014.0,0.0,1.0,0.9963,0.4667,1,0.6897,0.0,,,,,5434,51,6,0,0,1.728,False
8695e3bbff2b1626bc06e0f77fd0fe0c2be58d5a7e196e9f566f7fb02b9a9cae,DECISIÓN,A-CSJ,2014.0,0.0,1.0,0.9918,0.0,1,0.6897,0.0,,,,,537,3,0,0,0,0.368,False
8698957dce8f3b0665874be392a0de86cc836708a58394f82cc58ff06e519987,DECISIÓN,A-CE,,0.0,1.0,0.9924,0.0,0,0.5,0.0,,,,,2666,8,0,0,0,1.023,False
86c58e3302ae7ea2eead8d7cc9faf3a47401dde45f53dc99675428d51900bc5c,CONSIDERACIONES,A-CE,2016.0,0.0,1.0,0.9949,0.0,0,0.7586,0.0,,,,,3117,30,0,0,0,1.45,False
86c58e3302ae7ea2eead8d7cc9faf3a47401dde45f53dc99675428d51900bc5c,DECISIÓN,A-CE,2016.0,0.0,1.0,1.0,0.0,0,0.7586,0.0,,,,,141,4,0,0,0,0.251,False
86c58e3302ae7ea2eead8d7cc9faf3a47401dde45f53dc99675428d51900bc5c,HECHOS,A-CE,2016.0,0.0,1.0,0.9973,0.0,0,0.7586,0.0,,,,,969,15,0,0,0,0.64,False
86c58e3302ae7ea2eead8d7cc9faf3a47401dde45f53dc99675428d51900bc5c,HECHOS,A-CE,2016.0,0.0,1.0,1.0,0.0,0,0.7586,0.0,,,,,274,4,0,0,0,0.345,False
86c58e3302ae7ea2eead8d7cc9faf3a47401dde45f53dc99675428d51900bc5c,HECHOS,A-CE,2016.0,0.0,1.0,1.0,0.0,0,0.7586,0.0,,,,,585,3,0,0,0,0.44,False
86c58e3302ae7ea2eead8d7cc9faf3a47401dde45f53dc99675428d51900bc5c,HECHOS,A-CE,2016.0,0.0,1.0,0.991,0.1458,0,0.7586,0.0,,,,,2910,24,1,0,0,1.285,False
86c58e3302ae7ea2eead8d7cc9faf3a47401dde45f53dc99675428d51900bc5c,HECHOS,A-CE,2016.0,0.0,0.65,0.9851,0.0,0,0.7586,0.0,,,,,294,1,0,0,0,0.437,False
86c58e3302ae7ea2eead8d7cc9faf3a47401dde45f53dc99675428d51900bc5c,HECHOS,A-CE,2016.0,0.0,1.0,1.0,0.0,0,0.7586,0.0,,,,,373,2,0,0,0,0.401,False
86c58e3302ae7ea2eead8d7cc9faf3a47401dde45f53dc99675428d51900bc5c,HECHOS,A-CE,2016.0,0.0,0.0,0.9853,0.0,0,0.7586,0.0,,,,,126,0,0,0,0,0.335,False
86c58e3302ae7ea2eead8d7cc9faf3a47401dde45f53dc99675428d51900bc5c,HECHOS,A-CE,2016.0,0.0,1.0,0.9853,0.1556,0,0.7586,0.0,,,,,8000,51,2,0,0,2.973,False
86c58e3302ae7ea2eead8d7cc9faf3a47401dde45f53dc99675428d51900bc5c,DECISIÓN,A-CE,2016.0,0.0,1.0,0.9963,0.8529,0,0.7586,0.0,,,,,4194,44,9,0,0,2.684,False
86c58e3302ae7ea2eead8d7cc9faf3a47401dde45f53dc99675428d51900bc5c,HECHOS,A-CE,2016.0,0.0,1.0,0.996,0.4048,0,0.7586,0.0,,,,,1623,20,2,0,0,0.996,False
86c58e3302ae7ea2eead8d7cc9faf3a47401dde45f53dc99675428d51900bc5c,HECHOS,A-CE,2016.0,0.0,1.0,0.9956,0.8333,0,0.7586,0.0,,,,,1340,19,2,0,0,0.864,False
86c58e3302ae7ea2eead8d7cc9faf3a47401dde45f53dc99675428d51900bc5c,DECISIÓN,A-CE,2016.0,0.0,1.0,1.0,0.0,0,0.7586,0.0,,,,,411,4,0,0,0,0.411,False
86c58e3302ae7ea2eead8d7cc9faf3a47401dde45f53dc99675428d51900bc5c,DECISIÓN,A-CE,2016.0,0.0,1.0,1.0,0.0,0,0.7586,0.0,,,,,679,6,0,0,0,0.623,False
86c58e3302ae7ea2eead8d7cc9faf3a47401dde45f53dc99675428d51900bc5c,DECISIÓN,A-CE,2016.0,0.0,1.0,0.9951,0.8333,0,0.7586,0.3333,,,,,1913,34,3,1,0,1.2,False
86c58e3302ae7ea2eead8d7cc9faf3a47401dde45f53dc99675428d51900bc5c,HECHOS,A-CE,2016.0,0.0,1.0,1.0,0.0,0,0.7586,0.0,,,,,258,3,0,0,0,0.295,False
86c58e3302ae7ea2eead8d7cc9faf3a47401dde45f53dc99675428d51900bc5c,HECHOS,A-CE,2016.0,0.0,1.0,0.982,0.9608,0,0.7586,0.0,,,,,6096,36,14,0,0,2.299,False
86c58e3302ae7ea2eead8d7cc9faf3a47401dde45f53dc99675428d51900bc5c,HECHOS,A-CE,2016.0,0.0,1.0,1.0,0.5556,0,0.7586,0.0,,,,,454,4,1,0,0,0.437,False
86c58e3302ae7ea2eead8d7cc9faf3a47401dde45f53dc99675428d51900bc5c,HECHOS,A-CE,2016.0,0.0,1.0,1.0,0.0,0,0.7586,0.0,,,,,404,6,0,0,0,0.482,False
86c58e3302ae7ea2eead8d7cc9faf3a47401dde45f53dc99675428d51900bc5c,HECHOS,A-CE,2016.0,0.0,1.0,1.0,1.0,0,0.7586,0.0,,,,,559,5,1,0,0,0.468,False
86c58e3302ae7ea2eead8d7cc9faf3a47401dde45f53dc99675428d51900bc5c,HECHOS,A-CE,2016.0,0.0,1.0,0.9898,1.0,0,0.7586,0.0,,,,,8000,73,12,0,0,2.947,False
86c58e3302ae7ea2eead8d7cc9faf3a47401dde45f53dc99675428d51900bc5c,DECISIÓN,A-CE,2016.0,0.0,1.0,0.9985,0.0,0,0.7586,0.0,,,,,2623,12,0,0,0,0.948,False
86c58e3302ae7ea2eead8d7cc9faf3a47401dde45f53dc99675428d51900bc5c,DECISIÓN,A-CE,2016.0,0.0,1.0,0.9914,0.7121,0,0.7586,0.1818,,,,,4303,24,5,1,0,1.72,False
86c58e3302ae7ea2eead8d7cc9faf3a47401dde45f53dc99675428d51900bc5c,CONSIDERACIONES,A-CE,2016.0,0.0,0.0,0.986,0.0,0,0.7586,0.0,,,,,237,0,0,0,0,0.398,False
86c58e3302ae7ea2eead8d7cc9faf3a47401dde45f53dc99675428d51900bc5c,CONSIDERACIONES,A-CE,2016.0,0.0,1.0,0.9883,0.3161,0,0.7586,0.0,,,,,3477,18,7,0,0,1.667,False
86c58e3302ae7ea2eead8d7cc9faf3a47401dde45f53dc99675428d51900bc5c,DECISIÓN,A-CE,2016.0,0.0,1.0,1.0,0.0,0,0.7586,0.0,,,,,558,7,0,0,0,0.497,False
86c58e3302ae7ea2eead8d7cc9faf3a47401dde45f53dc99675428d51900bc5c,CARGOS,A-CE,2016.0,0.0,1.0,1.0,0.0,0,0.7586,0.0,,,,,671,5,0,0,0,0.597,False
86c58e3302ae7ea2eead8d7cc9faf3a47401dde45f53dc99675428d51900bc5c,DECISIÓN,A-CE,2016.0,0.0,0.0,1.0,0.1667,0,0.7586,0.0,,,,,672,0,1,0,0,0.635,False
86c58e3302ae7ea2eead8d7cc9faf3a47401dde45f53dc99675428d51900bc5c,HECHOS,A-CE,2016.0,0.0,1.0,1.0,0.0758,0,0.7586,0.0,,,,,3482,27,2,0,0,2.302,False
86c58e3302ae7ea2eead8d7cc9faf3a47401dde45f53dc99675428d51900bc5c,DECISIÓN,A-CE,2016.0,0.0,0.605,0.9931,0.0,0,0.7586,0.0,,,,,974,5,0,0,0,0.729,False
86c58e3302ae7ea2eead8d7cc9faf3a47401dde45f53dc99675428d51900bc5c,HECHOS,A-CE,2016.0,0.0,1.0,0.9916,0.0,0,0.7586,0.0,,,,,798,5,0,0,0,0.696,False
86c58e3302ae7ea2eead8d7cc9faf3a47401dde45f53dc99675428d51900bc5c,HECHOS,A-CE,2016.0,0.0,1.0,0.9859,0.1667,0,0.7586,0.0,,,,,1161,5,1,0,0,0.821,False
86c58e3302ae7ea2eead8d7cc9faf3a47401dde45f53dc99675428d51900bc5c,DECISIÓN,A-CE,2016.0,0.0,0.7579,0.9658,0.0535,0,0.7586,0.0,,,,,8000,31,2,0,0,3.765,False
8752ccb0cdc41f4410d175d187441eeb28c268ec06a4a1d6edab09f54a1af209,CONSIDERACIONES,A-CSJ,2014.0,0.0,1.0,0.9896,0.1216,1,0.6897,0.0,,,,,8000,43,3,0,0,3.178,False
8906a05addaf736749502cacb8b12f59bc933e440a4d76c2eb1b3bcafe596c8e,HECHOS,A-CSJ,2015.0,0.0,1.0,0.9885,0.6218,1,0.7241,0.0,,,,,8000,40,10,0,0,2.624,False
8906a05addaf736749502cacb8b12f59bc933e440a4d76c2eb1b3bcafe596c8e,DECISIÓN,A-CSJ,2015.0,0.0,0.78,0.9895,0.3333,1,0.7241,0.0,,,,,949,3,1,0,0,0.537,False
8990f6200a9b0a5ada173d372c086d8b65a827580dc9f9b3191c06e89b1d8d90,HECHOS,A-CE,2018.0,0.0,1.0,0.987,0.8019,0,0.8276,0.9722,,,,,3846,19,5,4,0,1.324,False
8990f6200a9b0a5ada173d372c086d8b65a827580dc9f9b3191c06e89b1d8d90,CONSIDERACIONES,A-CE,2018.0,0.0,1.0,0.9915,0.0707,0,0.8276,0.6667,,,,,8000,36,2,10,0,2.885,False
8990f6200a9b0a5ada173d372c086d8b65a827580dc9f9b3191c06e89b1d8d90,DECISIÓN,A-CE,2018.0,0.0,0.65,0.9928,0.0,0,0.8276,0.0,,,,,755,3,0,0,0,0.518,False
89cb54f99680da083d373debac1aeb54dc3affc716a2288b666fd5a08338bf1f,CONSIDERACIONES,A-CE,,0.0,1.0,0.9958,0.0,0,0.5,0.0,,,,,8000,49,0,0,0,2.705,False
89cb54f99680da083d373debac1aeb54dc3affc716a2288b666fd5a08338bf1f,DECISIÓN,A-CE,,0.0,0.8625,0.9958,0.0,0,0.5,0.0,,,,,1216,3,0,0,0,0.589,False
8a736052e4150c4e698e250243995ae46f07a05414d0853fe17d183e6fca8124,CONSIDERACIONES,A-CE,2007.0,0.0,1.0,0.9889,0.0467,0,0.4483,0.179,,,,,8000,39,1,2,0,2.513,False
8a736052e4150c4e698e250243995ae46f07a05414d0853fe17d183e6fca8124,HECHOS,A-CE,2007.0,0.0,1.0,0.9818,1.0,0,0.4483,0.0,,,,,3429,15,8,0,0,1.248,False
8a736052e4150c4e698e250243995ae46f07a05414d0853fe17d183e6fca8124,CONSIDERACIONES,A-CE,2007.0,0.0,1.0,0.9807,0.6012,0,0.4483,0.4375,,,,,8000,46,11,6,0,2.579,False
8a736052e4150c4e698e250243995ae46f07a05414d0853fe17d183e6fca8124,DECISIÓN,A-CE,2007.0,0.0,0.0,0.9942,0.0,0,0.4483,0.0,,,,,208,0,0,0,0,0.281,False
8a736052e4150c4e698e250243995ae46f07a05414d0853fe17d183e6fca8124,DECISIÓN,A-CE,2007.0,0.0,1.0,0.982,0.0,0,0.4483,0.0,,,,,3989,19,0,0,0,1.248,False
8ae9435d3ce088671ec30f8b3ddf3ee9c76c2472047128b8d2ffd5cb62e4558c,CONSIDERACIONES,A-CE,,0.0,1.0,0.981,0.3529,0,0.5,0.0392,,,,,8000,45,12,1,0,2.837,False
8ae9435d3ce088671ec30f8b3ddf3ee9c76c2472047128b8d2ffd5cb62e4558c,CONSIDERACIONES,A-CE,,0.0,1.0,0.9879,0.2381,0,0.5,0.4464,,,,,8000,49,4,6,0,2.438,False
8ae9435d3ce088671ec30f8b3ddf3ee9c76c2472047128b8d2ffd5cb62e4558c,DECISIÓN,A-CE,,0.0,1.0,0.9824,0.0,0,0.5,0.3472,,,,,8000,32,0,6,0,2.464,False
8f8692086f524ad275c52bec2ca4c66f76e438376c6420999f3cb7053a110801,CONSIDERACIONES,A-CSJ,2016.0,0.0,1.0,0.9992,0.4476,0,0.7586,0.1714,,,,,8000,59,10,3,0,2.968,False
8f8692086f524ad275c52bec2ca4c66f76e438376c6420999f3cb7053a110801,DECISIÓN,A-CSJ,2016.0,0.0,0.8667,0.9929,0.0,0,0.7586,0.0,,,,,738,4,0,0,0,0.466,False
8fb4a679e739d9a79ee3887fa1e924fb4069b8ffec3ed0b7dac5a7f4d5620eef,CONSIDERACIONES,A-CE,2012.0,0.0,1.0,0.9909,0.1768,0,0.6207,0.0606,,,,,8000,49,5,1,0,2.555,False
8fb4a679e739d9a79ee3887fa1e924fb4069b8ffec3ed0b7dac5a7f4d5620eef,DECISIÓN,A-CE,2012.0,0.0,1.0,0.9919,0.25,0,0.6207,0.0,,,,,4690,24,3,0,0,1.591,False
8fba60217966df3ec043a7fd65d4509b371017b946ec07becd8b7c2b074c642d,DECISIÓN,A-CSJ,2017.0,0.0,1.0,0.995,0.0,1,0.7931,0.0,,,,,847,6,0,0,0,0.544,False
8fd4f9a0479eb2822f111de0527f3eadd09b7d063e8ca086d57071413a8d74c3,CONSIDERACIONES,A-CE,2015.0,0.0,1.0,0.9798,0.125,0,0.7241,0.15,,,,,8000,58,3,3,0,2.595,False
8fd4f9a0479eb2822f111de0527f3eadd09b7d063e8ca086d57071413a8d74c3,CONSIDERACIONES,A-CE,2015.0,0.0,1.0,0.9867,0.3472,0,0.7241,0.5208,,,,,8000,48,5,6,0,2.202,False
8fd4f9a0479eb2822f111de0527f3eadd09b7d063e8ca086d57071413a8d74c3,DECISIÓN,A-CE,2015.0,0.0,0.0,0.9961,0.0,0,0.7241,0.0,,,,,433,0,0,0,0,0.383,False
920842d40706ca51069ab8d6f53c8a8e6771c35d835a6d248acd36a8b8c213a1,HECHOS,A-CSJ,2014.0,0.0,1.0,0.9821,0.5296,1,0.6897,0.0,,,,,6896,39,12,0,0,2.408,False
920842d40706ca51069ab8d6f53c8a8e6771c35d835a6d248acd36a8b8c213a1,CONSIDERACIONES,A-CSJ,2014.0,0.0,1.0,0.9898,0.5648,1,0.6897,0.0,,,,,4478,36,7,0,0,1.314,False
920842d40706ca51069ab8d6f53c8a8e6771c35d835a6d248acd36a8b8c213a1,DECISIÓN,A-CSJ,2014.0,0.0,0.975,0.9861,0.0,1,0.6897,0.0,,,,,900,3,0,0,0,0.376,False
92de0775e7d0c941c3b6515b3be1b07a475e79d72a354ced155181a5dee095c0,DECISIÓN,A-CE,,0.0,0.7429,0.9846,0.1458,0,0.5,0.0,,,,,1514,4,1,0,0,0.69,False
93089bb3d1b4f92da4b789c3ca93cb9b39af3fca771aa75e1d3ff353865fcfb5,CONSIDERACIONES,A-CSJ,2014.0,0.0,1.0,0.9904,0.1389,0,0.6897,0.1719,,,,,8000,67,2,2,0,2.526,False
93089bb3d1b4f92da4b789c3ca93cb9b39af3fca771aa75e1d3ff353865fcfb5,DECISIÓN,A-CSJ,2014.0,0.0,0.2167,0.993,0.0,0,0.6897,0.0,,,,,720,1,0,0,0,0.505,False
93cd493c18bc96eb20978618b5304ceca79b12d45c7ca57e3e31244aca9042e8,CONSIDERACIONES,A-CE,,0.0,1.0,0.9906,0.1094,0,0.5,0.0625,,,,,8000,51,3,1,0,2.546,False
93cd493c18bc96eb20978618b5304ceca79b12d45c7ca57e3e31244aca9042e8,HECHOS,A-CE,,0.0,1.0,0.9892,0.45,0,0.5,0.1875,,,,,4310,32,3,1,0,1.533,False
93cd493c18bc96eb20978618b5304ceca79b12d45c7ca57e3e31244aca9042e8,DECISIÓN,A-CE,,0.0,1.0,1.0,0.0,0,0.5,0.0,,,,,211,3,0,0,0,0.251,False
93cd493c18bc96eb20978618b5304ceca79b12d45c7ca57e3e31244aca9042e8,DECISIÓN,A-CE,,0.0,0.8065,0.9827,0.1047,0,0.5,0.0436,,,,,8000,26,3,1,0,2.822,False
940bc8b01846705133a120996b65765ba0f8f12338c1692b6ad6d8f9441806ce,CONSIDERACIONES,A-CSJ,2019.0,0.0,1.0,0.9953,0.6667,0,0.8621,0.129,,,,,8000,46,13,2,0,2.3,False
940bc8b01846705133a120996b65765ba0f8f12338c1692b6ad6d8f9441806ce,DECISIÓN,A-CSJ,2019.0,0.0,0.78,0.9867,0.0,0,0.8621,0.0,,,,,955,3,0,0,0,0.465,False
9426d4a89f8bc30287b86044775d154b3762c6de46acbfde7a153db3d4b73faf,CONSIDERACIONES,A-CSJ,2014.0,0.0,1.0,0.9939,0.5417,1,0.6897,0.0,,,,,8000,84,9,0,0,3.178,False
9426d4a89f8bc30287b86044775d154b3762c6de46acbfde7a153db3d4b73faf,DECISIÓN,A-CSJ,2014.0,0.0,0.975,0.9902,0.0,1,0.6897,0.0,,,,,473,3,0,0,0,0.534,False
9561dc53d21bcaf102790c09b71146e8cc16fdbdd3cf0bfe0cdcbff00e8b09c9,HECHOS,A-CSJ,2015.0,0.0,1.0,0.9876,1.0,1,0.7241,0.0,,,,,1377,11,5,0,0,0.714,False
9561dc53d21bcaf102790c09b71146e8cc16fdbdd3cf0bfe0cdcbff00e8b09c9,CONSIDERACIONES,A-CSJ,2015.0,0.0,1.0,0.9942,0.2464,1,0.7241,0.0,,,,,8000,83,4,0,0,1.831,False
9561dc53d21bcaf102790c09b71146e8cc16fdbdd3cf0bfe0cdcbff00e8b09c9,DECISIÓN,A-CSJ,2015.0,0.0,0.4333,0.9904,0.0,1,0.7241,0.0,,,,,499,2,0,0,0,0.254,False
963ef8d22e1d958870fdee61513d27ae7e891c41e0433382fa726ef4e439a5bd,CONSIDERACIONES,A-CE,,0.0,1.0,0.9971,0.0,0,0.5,0.0,,,,,8000,42,0,0,0,1.732,False
963ef8d22e1d958870fdee61513d27ae7e891c41e0433382fa726ef4e439a5bd,DECISIÓN,A-CE,,0.0,1.0,0.9834,0.0,0,0.5,0.3516,,,,,4778,22,0,3,0,1.067,False
997f40b40ded4430488de9198fbd19d08afd3c5143686164ac835f285bcd62f9,CONSIDERACIONES,A-CE,2018.0,0.0,1.0,0.9968,0.6667,0,0.8276,0.2404,,,,,8000,42,11,3,0,1.719,False
997f40b40ded4430488de9198fbd19d08afd3c5143686164ac835f285bcd62f9,DECISIÓN,A-CE,2018.0,0.0,1.0,0.9933,0.0,0,0.8276,0.0,,,,,764,5,0,0,0,0.296,False
9b9937638e2e24088512bafdd6f48b8d3eb6da87804ae5e6e98047bf4ca74738,DECISIÓN,A-CE,2011.0,0.0,0.0,0.9908,0.0,0,0.5862,0.0,,,,,208,0,0,0,0,0.188,False
9b9937638e2e24088512bafdd6f48b8d3eb6da87804ae5e6e98047bf4ca74738,DECISIÓN,A-CE,2011.0,0.0,1.0,0.9794,0.0,0,0.5862,0.0,,,,,1412,11,0,0,0,0.443,False
9c24fba0ba7a0a467bb75139eff9e69009f8d52e33c3d021d56b9c3935c5b8a0,HECHOS,A-CSJ,2014.0,0.0,1.0,0.9883,1.0,1,0.6897,0.0,,,,,418,4,2,0,0,0.242,False
9c24fba0ba7a0a467bb75139eff9e69009f8d52e33c3d021d56b9c3935c5b8a0,DECISIÓN,A-CSJ,2014.0,0.0,0.7222,0.9848,0.0,1,0.6897,0.0,,,,,1604,5,0,0,0,0.498,False
9c9810687ab3fcab9c3908a87bf3cf377dac6622ba2172f816c887f209a47a85,HECHOS,A-CE,2009.0,0.0,1.0,0.9806,0.6979,0,0.5172,0.1406,,,,,3189,18,8,1,0,1.069,False
9c9810687ab3fcab9c3908a87bf3cf377dac6622ba2172f816c887f209a47a85,CONSIDERACIONES,A-CE,2009.0,0.0,1.0,0.9788,0.7382,0,0.5172,0.0,,,,,8000,47,16,0,0,1.966,False
9c9810687ab3fcab9c3908a87bf3cf377dac6622ba2172f816c887f209a47a85,DECISIÓN,A-CE,2009.0,0.0,1.0,0.9859,0.0,0,0.5172,0.1076,,,,,8000,29,0,1,0,1.885,False
9e1ad91a57791069a3aacdd92fe196c4b156e4412cb6506fe88daa37e0435898,CONSIDERACIONES,A-CE,,0.0,1.0,0.9832,0.4375,0,0.5,0.2172,,,,,8000,51,9,3,0,1.712,False
9e1ad91a57791069a3aacdd92fe196c4b156e4412cb6506fe88daa37e0435898,DECISIÓN,A-CE,,0.0,1.0,0.9946,0.0,0,0.5,0.0,,,,,210,3,0,0,0,0.197,False
9e1ad91a57791069a3aacdd92fe196c4b156e4412cb6506fe88daa37e0435898,DECISIÓN,A-CE,,0.0,0.7429,0.9971,0.0,0,0.5,0.3536,,,,,2478,4,0,1,0,0.58,False
9e69f9bcbc95fe0c00686016656675db8d2e37618a5e300da4c3e69abb6862b5,DECISIÓN,A-CE,,0.0,1.0,0.9863,0.4048,0,0.5,0.1429,,,,,8000,61,4,1,0,1.651,False
a07146779a6dd7563c38d4d92557bcf296a2e1f4880ecb2afc600eaabd149cc4,HECHOS,A-CE,2011.0,0.0,1.0,0.9835,0.35,0,0.5862,0.1364,,,,,8000,28,8,2,0,1.934,False
a07146779a6dd7563c38d4d92557bcf296a2e1f4880ecb2afc600eaabd149cc4,DECISIÓN,A-CE,2011.0,0.0,0.2167,0.9982,0.0,0,0.5862,0.0,,,,,1446,1,0,0,0,0.467,False
a0a90e425086749aacc5bab3bc31d4423819c5a108493762a4c6e0a775ef2db8,DECISIÓN,A-CE,,0.0,0.0,0.9965,0.0,0,0.5,0.0,,,,,493,0,0,0,0,0.254,False
a2a0d6158d9ba6d940b159206ba839a94952bbc292c766adcc4f96ee6eb1e619,CONSIDERACIONES,A-CE,2005.0,0.0,1.0,0.9923,0.9091,0,0.3793,0.0,,,,,8000,102,12,0,0,1.924,False
a2a0d6158d9ba6d940b159206ba839a94952bbc292c766adcc4f96ee6eb1e619,DECISIÓN,A-CE,2005.0,0.0,1.0,0.9925,0.0,0,0.3793,0.3214,,,,,1271,9,0,1,0,0.388,False
a378f835f8de9d90f4756e60a7e446c8213a464ad089d6b857ba7c3bb42ab28b,DECISIÓN,A-CSJ,2013.0,0.0,0.7562,0.9887,0.0,1,0.6552,0.2812,,,,,1514,5,0,1,0,0.457,False
a401074525a27dc4a93c39854280d25f848543a9ea8ac2dd111bc9367214ae09,CONSIDERACIONES,A-CE,2017.0,0.0,1.0,0.9942,0.4762,0,0.7931,0.0893,,,,,8000,68,6,1,0,1.756,False
a401074525a27dc4a93c39854280d25f848543a9ea8ac2dd111bc9367214ae09,DECISIÓN,A-CE,2017.0,0.0,0.8667,0.9938,0.0,0,0.7931,0.0,,,,,971,6,0,0,0,0.365,False
a456317fa574c28c6c4769075f52e15ac20aca86e9fb6e37a29b6f610ab681fb,CONSIDERACIONES,A-CE,2017.0,0.0,1.0,0.9923,0.8696,0,0.7931,0.0,,,,,8000,102,12,0,0,1.778,False
a456317fa574c28c6c4769075f52e15ac20aca86e9fb6e37a29b6f610ab681fb,DECISIÓN,A-CE,2017.0,0.0,1.0,0.9941,0.0,0,0.7931,0.0,,,,,1079,8,0,0,0,0.373,False
a4a3e6dd75b71212148d7acf64a7ffde9432adabc6039b45448668a3d8fed0a9,CONSIDERACIONES,A-CE,2017.0,0.0,1.0,0.9924,0.1235,0,0.7931,0.0741,,,,,8000,79,2,1,0,1.955,False
a4a3e6dd75b71212148d7acf64a7ffde9432adabc6039b45448668a3d8fed0a9,DECISIÓN,A-CE,2017.0,0.0,1.0,0.9915,0.0,0,0.7931,0.0,,,,,929,6,0,0,0,0.349,False
a4e132f42a430a865b8c4e8f3bbeda77e8a677d6f938cb2d09361017defecb18,DECISIÓN,A-CE,2009.0,0.0,1.0,0.9831,0.0,0,0.5172,0.725,,,,,2808,12,0,4,0,0.716,False
a5acda67e247666bef63de699b54f08974a9977857e1f0ed52ac7a8a45e4e17c,CONSIDERACIONES,A-CSJ,2016.0,0.0,1.0,0.9935,0.1296,1,0.7586,0.0,,,,,2421,15,1,0,0,0.623,False
a5acda67e247666bef63de699b54f08974a9977857e1f0ed52ac7a8a45e4e17c,DECISIÓN,A-CSJ,2016.0,0.0,0.9286,0.9921,0.0,1,0.7586,0.0,,,,,727,5,0,0,0,0.299,False
a5fe81001ff8ad88dd41020e09c0ee0c6c5aebd28824c8966f2f8052b5157f81,CONSIDERACIONES,A-CE,,0.0,1.0,0.998,0.0556,0,0.5,0.0,,,,,8000,63,1,0,0,1.736,False
a5fe81001ff8ad88dd41020e09c0ee0c6c5aebd28824c8966f2f8052b5157f81,DECISIÓN,A-CE,,0.0,0.715,0.9913,0.0,0,0.5,0.0,,,,,551,2,0,0,0,0.28,False
a7b8b3f9e00f55601e3685c9dac901d4d6f2be242e7889a2b7b0e69d292311f4,CONSIDERACIONES,A-CE,,0.0,1.0,1.0,0.0,0,0.5,0.0,,,,,429,3,0,0,0,0.259,False
a7b8b3f9e00f55601e3685c9dac901d4d6f2be242e7889a2b7b0e69d292311f4,HECHOS,A-CE,,0.0,1.0,0.9897,0.0417,0,0.5,0.0,,,,,4019,26,1,0,0,1.259,False
a7b8b3f9e00f55601e3685c9dac901d4d6f2be242e7889a2b7b0e69d292311f4,HECHOS,A-CE,,0.0,0.8175,0.977,0.1473,0,0.5,0.0,,,,,8000,43,7,0,0,2.175,False
a7b8b3f9e00f55601e3685c9dac901d4d6f2be242e7889a2b7b0e69d292311f4,DECISIÓN,A-CE,,0.0,0.0,0.9968,0.0,0,0.5,0.0,,,,,726,0,0,0,0,0.338,False
a84bf555763598812ee0f1a7143c964f2df8e6a23cb7b585312fec372cd537a1,HECHOS,A-CSJ,2016.0,0.0,1.0,0.9915,0.0,1,0.7586,0.0,,,,,699,4,0,0,0,0.319,False
a84bf555763598812ee0f1a7143c964f2df8e6a23cb7b585312fec372cd537a1,CONSIDERACIONES,A-CSJ,2016.0,0.0,1.0,0.9894,0.1098,1,0.7586,0.2073,,,,,8000,81,3,4,0,1.873,False
a84bf555763598812ee0f1a7143c964f2df8e6a23cb7b585312fec372cd537a1,DECISIÓN,A-CSJ,2016.0,0.0,0.78,0.9898,0.0,1,0.7586,0.0,,,,,623,3,0,0,0,0.275,False
a8a3c7f204880ad2045fc02c21b671fb4d0dbe8f4165ea118997cb95d2ab8164,DECISIÓN,A-CE,2021.0,0.0,1.0,0.9841,0.4167,0,0.931,1.0,,,,,977,8,1,2,0,0.345,False
a8a3c7f204880ad2045fc02c21b671fb4d0dbe8f4165ea118997cb95d2ab8164,CONSIDERACIONES,A-CE,2021.0,0.0,1.0,0.9776,0.1574,0,0.931,0.0,,,,,4453,37,2,0,0,1.041,False
a926896c2c238b5bd3ddcb7b6aa05dc86f022e2f20826eca94255aeabe78f5aa,HECHOS,A-CSJ,2014.0,0.0,1.0,0.976,0.8095,1,0.6897,0.0,,,,,2186,8,4,0,0,0.584,False
a926896c2c238b5bd3ddcb7b6aa05dc86f022e2f20826eca94255aeabe78f5aa,CONSIDERACIONES,A-CSJ,2014.0,0.0,1.0,0.9869,0.3472,1,0.6897,0.0,,,,,8000,60,5,0,0,1.767,False
a926896c2c238b5bd3ddcb7b6aa05dc86f022e2f20826eca94255aeabe78f5aa,DECISIÓN,A-CSJ,2014.0,0.0,0.9187,0.9873,0.0,1,0.6897,0.0,,,,,1063,6,0,0,0,0.354,False
ae34bd6296146e45be80b360dbe00c21ea28d5c506da5765d5f15337452245d9,DECISIÓN,A-CSJ,2015.0,0.0,0.78,0.9899,0.1667,1,0.7241,0.3214,,,,,1181,4,1,1,0,0.383,False
ae46f73439902655deca088dda4b6c57f24f58b44a4fe9637cdc9a7e0c2712f8,CONSIDERACIONES,A-CE,2006.0,0.0,1.0,0.9953,0.0,0,0.4138,0.0,,,,,8000,70,0,0,0,1.994,False
ae46f73439902655deca088dda4b6c57f24f58b44a4fe9637cdc9a7e0c2712f8,DECISIÓN,A-CE,2006.0,0.0,0.0,0.9942,0.0,0,0.4138,0.0,,,,,204,0,0,0,0,0.202,False
ae46f73439902655deca088dda4b6c57f24f58b44a4fe9637cdc9a7e0c2712f8,DECISIÓN,A-CE,2006.0,0.0,0.8526,0.9807,0.0347,0,0.4138,0.0,,,,,6468,32,1,0,0,1.707,False
ae9e6581dbdc3407c98b7130436830879beaa2dc71807ebf20ce571a8c5e3683,CONSIDERACIONES,A-CSJ,2016.0,0.0,1.0,0.9921,0.2698,1,0.7586,0.0,,,,,8000,74,4,0,0,2.004,False
aeab01bc5cd03110bac1cc6d40e6286b30bae7b4bc1933a1ad6cc0a65cb43094,CONSIDERACIONES,A-CSJ,2013.0,0.0,1.0,0.9917,0.7,1,0.6552,0.0,,,,,8000,76,9,0,0,1.728,False
aeab01bc5cd03110bac1cc6d40e6286b30bae7b4bc1933a1ad6cc0a65cb43094,DECISIÓN,A-CSJ,2013.0,0.0,1.0,0.9934,0.0,1,0.6552,0.0,,,,,519,4,0,0,0,0.26,False
aeab01bc5cd03110bac1cc6d40e6286b30bae7b4bc1933a1ad6cc0a65cb43094,DECISIÓN,A-CSJ,2013.0,0.0,0.2167,0.9883,0.0,1,0.6552,0.0,,,,,570,1,0,0,0,0.268,False
b05f381ca34ae4be3d7ccc8adf76fc0b1d59a45cf8a15d12b1338b9fda316a6f,HECHOS,A-CE,2018.0,0.0,1.0,0.9779,0.1914,0,0.8276,0.2407,,,,,8000,37,4,3,0,1.663,False
b05f381ca34ae4be3d7ccc8adf76fc0b1d59a45cf8a15d12b1338b9fda316a6f,DECISIÓN,A-CE,2018.0,0.0,0.78,0.9917,0.0,0,0.8276,0.0,,,,,611,3,0,0,0,0.288,False
b0684112e798e12a9444ff6136564590e34c91df0ab6b7d9ecddbac0d50cd017,CONSIDERACIONES,A-CSJ,2015.0,0.0,1.0,0.9955,0.0432,1,0.7241,0.0,,,,,8000,63,1,0,0,1.644,False
b0684112e798e12a9444ff6136564590e34c91df0ab6b7d9ecddbac0d50cd017,DECISIÓN,A-CSJ,2015.0,0.0,0.8667,0.9849,0.0,1,0.7241,0.0,,,,,618,4,0,0,0,0.277,False
b0df2b8eaff4ca6d8bd8ab1ae38152117f98a53c2691f5eec564978f9f75148a,CONSIDERACIONES,A-CSJ,2014.0,0.0,1.0,0.9943,0.119,1,0.6897,0.0,,,,,8000,61,2,0,0,1.763,False
b0df2b8eaff4ca6d8bd8ab1ae38152117f98a53c2691f5eec564978f9f75148a,DECISIÓN,A-CSJ,2014.0,0.0,1.0,0.9935,0.3889,1,0.6897,0.0,,,,,532,5,1,0,0,0.243,False
b12cf5c14bcafce006d2f3c9d35e1e3613b3e0def6489e1ba9663f6521f660a1,HECHOS,A-CSJ,2014.0,0.0,0.855,0.9741,0.4,1,0.6897,0.0,,,,,2127,7,3,0,0,0.598,False
b12cf5c14bcafce006d2f3c9d35e1e3613b3e0def6489e1ba9663f6521f660a1,CONSIDERACIONES,A-CSJ,2014.0,0.0,1.0,0.9942,0.0486,1,0.6897,0.0,,,,,8000,72,1,0,0,1.715,False
b12cf5c14bcafce006d2f3c9d35e1e3613b3e0def6489e1ba9663f6521f660a1,DECISIÓN,A-CSJ,2014.0,0.0,0.5571,0.9933,0.0,1,0.6897,0.0,,,,,745,3,0,0,0,0.292,False
b1be861bfbf5719834ba5133c5326db6503a2ca93d89be3a6ebfbdfee12d8ad6,DECISIÓN,A-CE,,0.0,0.9386,0.9942,0.0,0,0.5,0.0,,,,,1474,5,0,0,0,0.516,False
b20fe3243343cef03590219de1d73462c03f1527bb97b8689a179accaf0adcc4,DECISIÓN,A-CE,,0.0,0.0,0.9954,0.0,0,0.5,0.0,,,,,306,0,0,0,0,0.234,False
b25be1e4f4bc77b8b3b06ea410b073360dc9301b85655bf2d6fbb8ea204368ef,CONSIDERACIONES,A-CSJ,2014.0,0.0,1.0,0.9964,0.3105,1,0.6897,0.0,,,,,8000,44,6,0,0,1.851,False
b25be1e4f4bc77b8b3b06ea410b073360dc9301b85655bf2d6fbb8ea204368ef,DECISIÓN,A-CSJ,2014.0,0.0,0.8667,0.9917,0.0,1,0.6897,0.0,,,,,683,4,0,0,0,0.289,False
b290640286fba24996d86cb7a3afce15304ebd1bb63636010459bd54aa239b00,DECISIÓN,A-CE,2011.0,0.0,0.1955,1.0,0.0,0,0.5862,0.0,,,,,1409,2,0,0,0,0.426,False
b4885a59c00544b71ad22232d7c8b60b7bf5eaf2b5cdc4ea75f371d2956a0f75,CONSIDERACIONES,A-CSJ,2015.0,0.0,1.0,0.9904,0.6842,1,0.7241,0.0,,,,,8000,43,9,0,0,1.667,False
b4885a59c00544b71ad22232d7c8b60b7bf5eaf2b5cdc4ea75f371d2956a0f75,DECISIÓN,A-CSJ,2015.0,0.0,0.975,0.9945,0.0,1,0.7241,0.0,,,,,609,3,0,0,0,0.238,False
b4fe2e08aca38da47b4197edc162080b7b03e35932fd80b96814dd0f9d51b867,CONSIDERACIONES,A-CE,2017.0,0.0,1.0,0.993,0.0877,0,0.7931,0.0,,,,,8000,73,1,0,0,1.584,False
b4fe2e08aca38da47b4197edc162080b7b03e35932fd80b96814dd0f9d51b867,DECISIÓN,A-CE,2017.0,0.0,0.65,0.9935,0.0,0,0.7931,0.0,,,,,924,4,0,0,0,0.314,False
b6db713596d5b69d333f42e22f8345618fda27160eb254367aeafe2a56086582,CARGOS,A-CSJ,2014.0,0.0,0.69,0.9897,0.0,1,0.6897,0.45,,,,,969,3,0,1,0,0.322,False
b6db713596d5b69d333f42e22f8345618fda27160eb254367aeafe2a56086582,CARGOS,A-CSJ,2014.0,0.0,1.0,0.9885,0.2381,1,0.6897,0.0,,,,,2361,14,1,0,0,0.625,False
b6db713596d5b69d333f42e22f8345618fda27160eb254367aeafe2a56086582,CONSIDERACIONES,A-CSJ,2014.0,0.0,1.0,0.9846,0.4737,1,0.6897,0.4605,,,,,8000,49,6,4,0,1.663,False
b6db713596d5b69d333f42e22f8345618fda27160eb254367aeafe2a56086582,DECISIÓN,A-CSJ,2014.0,0.0,1.0,0.9938,0.0,1,0.6897,0.0,,,,,539,3,0,0,0,0.229,False
b8a72e19d5adaa62d941f6ea4512212e843a1ff5870e5d1be564237fdcc2451a,HECHOS,A-CE,2017.0,0.0,1.0,0.9904,0.1538,0,0.7931,0.0,,,,,8000,53,3,0,0,1.625,False
b8a72e19d5adaa62d941f6ea4512212e843a1ff5870e5d1be564237fdcc2451a,CONSIDERACIONES,A-CE,2017.0,0.0,1.0,0.9968,0.321,0,0.7931,0.0,,,,,8000,52,7,0,0,1.598,False
b8a72e19d5adaa62d941f6ea4512212e843a1ff5870e5d1be564237fdcc2451a,DECISIÓN,A-CE,2017.0,0.0,0.575,0.993,0.0,0,0.7931,0.0,,,,,1486,3,0,0,0,0.396,False
b9f9fd4aa5c362101ccbac6e87b81fc1a2c2dc37eb4e12ea7b3cccbf9787e513,CONSIDERACIONES,A-CE,,0.0,1.0,0.9837,0.4314,0,0.5,0.0952,,,,,8000,48,8,1,0,1.585,False
b9f9fd4aa5c362101ccbac6e87b81fc1a2c2dc37eb4e12ea7b3cccbf9787e513,DECISIÓN,A-CE,,0.0,1.0,0.9853,0.2083,0,0.5,0.3094,,,,,2373,7,1,1,0,0.563,False
ba28871aa5e3de1f269fa8f0bc639f8d07af54662adfc709341fa5099caeed08,CONSIDERACIONES,A-CE,2007.0,0.0,0.65,1.0,0.0,0,0.4483,0.0,,,,,170,1,0,0,0,0.174,False
ba28871aa5e3de1f269fa8f0bc639f8d07af54662adfc709341fa5099caeed08,HECHOS,A-CE,2007.0,0.0,1.0,0.9749,1.0,0,0.4483,0.0,,,,,8000,43,25,0,0,1.791,False
ba28871aa5e3de1f269fa8f0bc639f8d07af54662adfc709341fa5099caeed08,CONSIDERACIONES,A-CE,2007.0,0.0,1.0,0.9902,0.5617,0,0.4483,0.1389,,,,,7400,43,11,2,0,1.525,False
ba28871aa5e3de1f269fa8f0bc639f8d07af54662adfc709341fa5099caeed08,DECISIÓN,A-CE,2007.0,0.0,1.0,0.9867,1.0,0,0.4483,1.0,,,,,2638,13,5,4,0,0.622,False
ba28871aa5e3de1f269fa8f0bc639f8d07af54662adfc709341fa5099caeed08,DECISIÓN,A-CE,2007.0,0.0,0.0,0.9942,0.0,0,0.4483,0.0,,,,,214,0,0,0,0,0.179,False
ba28871aa5e3de1f269fa8f0bc639f8d07af54662adfc709341fa5099caeed08,DECISIÓN,A-CE,2007.0,0.0,1.0,0.9896,0.0505,0,0.4483,0.075,,,,,6376,36,1,1,0,1.418,False
bad2a966a35b0bacf4f0e3941e5a673a0cca1462eb8456ce11486a01d1808577,HECHOS,A-CE,2006.0,0.0,1.0,0.9873,0.7167,0,0.4138,0.0,,,,,8000,43,12,0,0,1.712,False
bad2a966a35b0bacf4f0e3941e5a673a0cca1462eb8456ce11486a01d1808577,DECISIÓN,A-CE,2006.0,0.0,0.9736,0.9905,0.1111,0,0.4138,0.055,,,,,8000,28,3,1,0,1.793,False
bb30a038bca732234244cedb78ab6ca3d3d33577738ce4ddab8b8af3652613b9,HECHOS,A-CE,2017.0,0.0,1.0,0.991,0.4762,0,0.7931,0.1607,,,,,4078,28,4,1,0,0.832,False
bb30a038bca732234244cedb78ab6ca3d3d33577738ce4ddab8b8af3652613b9,CONSIDERACIONES,A-CE,2017.0,0.0,1.0,0.9931,0.7333,0,0.7931,0.0,,,,,8000,106,11,0,0,1.56,False
bb30a038bca732234244cedb78ab6ca3d3d33577738ce4ddab8b8af3652613b9,DECISIÓN,A-CE,2017.0,0.0,1.0,0.9943,0.0,0,0.7931,0.0,,,,,1105,7,0,0,0,0.322,False
bc32651c079994f34e27d181827655046ee267c4ba13ca100a3a9bac1ed4cce6,CONSIDERACIONES,A-CSJ,2014.0,0.0,1.0,0.9846,0.225,1,0.6897,0.0,,,,,8000,56,3,0,0,1.544,False
bc32651c079994f34e27d181827655046ee267c4ba13ca100a3a9bac1ed4cce6,DECISIÓN,A-CSJ,2014.0,0.0,1.0,0.9976,0.0,1,0.6897,0.0,,,,,1122,14,0,0,0,0.323,False
bcd333ff5277c3fd606f129004f9a7b084689ec38d5b5c3b0e30c88765223092,CONSIDERACIONES,A-CE,2017.0,0.0,1.0,0.993,0.0926,0,0.7931,0.0,,,,,8000,75,1,0,0,1.542,False
bcd333ff5277c3fd606f129004f9a7b084689ec38d5b5c3b0e30c88765223092,DECISIÓN,A-CE,2017.0,0.0,0.7429,0.9937,0.0,0,0.7931,0.0,,,,,973,4,0,0,0,0.299,False
bce62fa6635eb9c1ccd8575e5ccca13488090732900217d99526aebe0e411cb0,HECHOS,A-CSJ,2014.0,0.0,1.0,0.9836,0.0,1,0.6897,0.2045,,,,,4629,26,0,1,0,0.925,False
bce62fa6635eb9c1ccd8575e5ccca13488090732900217d99526aebe0e411cb0,CARGOS,A-CSJ,2014.0,0.0,1.0,0.9894,0.7431,1,0.6897,0.1875,,,,,7575,64,11,2,0,1.451,False
bce62fa6635eb9c1ccd8575e5ccca13488090732900217d99526aebe0e411cb0,CARGOS,A-CSJ,2014.0,0.0,1.0,0.9896,0.3246,1,0.6897,0.1184,,,,,8000,65,5,1,0,1.55,False
bce62fa6635eb9c1ccd8575e5ccca13488090732900217d99526aebe0e411cb0,CONSIDERACIONES,A-CSJ,2014.0,0.0,1.0,0.9932,0.0,1,0.6897,0.1875,,,,,4423,36,0,1,0,0.854,False
bce62fa6635eb9c1ccd8575e5ccca13488090732900217d99526aebe0e411cb0,CARGOS,A-CSJ,2014.0,0.0,1.0,0.9938,0.9872,1,0.6897,0.0,,,,,7343,80,8,0,0,1.419,False
bce62fa6635eb9c1ccd8575e5ccca13488090732900217d99526aebe0e411cb0,CARGOS,A-CSJ,2014.0,0.0,1.0,0.9918,0.4211,1,0.6897,0.0,,,,,8000,63,6,0,0,1.569,False
bce62fa6635eb9c1ccd8575e5ccca13488090732900217d99526aebe0e411cb0,DECISIÓN,A-CSJ,2014.0,0.0,0.4875,0.9892,0.0,1,0.6897,0.0,,,,,1113,3,0,0,0,0.36,False
bd84e0e05af15669b4ecd5c8692886d428ffaae4d73c8d6c6e0438a218cd64ef,HECHOS,A-CE,2017.0,0.0,1.0,1.0,0.0,0,0.7931,0.0,,,,,386,4,0,0,0,0.267,False
bd84e0e05af15669b4ecd5c8692886d428ffaae4d73c8d6c6e0438a218cd64ef,HECHOS,A-CE,2017.0,0.0,1.0,0.9923,1.0,0,0.7931,0.0,,,,,2276,23,5,0,0,0.733,False
bd84e0e05af15669b4ecd5c8692886d428ffaae4d73c8d6c6e0438a218cd64ef,HECHOS,A-CE,2017.0,0.0,1.0,0.9973,0.0,0,0.7931,0.0,,,,,1035,10,0,0,0,0.46,False
bd84e0e05af15669b4ecd5c8692886d428ffaae4d73c8d6c6e0438a218cd64ef,HECHOS,A-CE,2017.0,0.0,1.0,1.0,0.0,0,0.7931,0.0,,,,,489,8,0,0,0,0.291,False
bd84e0e05af15669b4ecd5c8692886d428ffaae4d73c8d6c6e0438a218cd64ef,HECHOS,A-CE,2017.0,0.0,1.0,0.993,0.6296,0,0.7931,0.4444,,,,,3759,36,4,2,0,1.073,False
bd84e0e05af15669b4ecd5c8692886d428ffaae4d73c8d6c6e0438a218cd64ef,HECHOS,A-CE,2017.0,0.0,1.0,0.9939,0.7083,0,0.7931,0.0,,,,,784,9,2,0,0,0.398,False
bd84e0e05af15669b4ecd5c8692886d428ffaae4d73c8d6c6e0438a218cd64ef,HECHOS,A-CE,2017.0,0.0,1.0,1.0,0.5833,0,0.7931,0.0,,,,,569,9,1,0,0,0.287,False
bd84e0e05af15669b4ecd5c8692886d428ffaae4d73c8d6c6e0438a218cd64ef,HECHOS,A-CE,2017.0,0.0,1.0,0.9957,0.4762,0,0.7931,0.0,,,,,4749,30,2,0,0,1.556,False
bd84e0e05af15669b4ecd5c8692886d428ffaae4d73c8d6c6e0438a218cd64ef,DECISIÓN,A-CE,2017.0,0.0,1.0,1.0,0.0,0,0.7931,0.0,,,,,300,2,0,0,0,0.21,False
bd84e0e05af15669b4ecd5c8692886d428ffaae4d73c8d6c6e0438a218cd64ef,DECISIÓN,A-CE,2017.0,0.0,1.0,0.9812,1.0,0,0.7931,0.3636,,,,,8000,49,21,2,0,1.647,False
bd84e0e05af15669b4ecd5c8692886d428ffaae4d73c8d6c6e0438a218cd64ef,CONSIDERACIONES,A-CE,2017.0,0.0,1.0,0.9949,0.0,0,0.7931,0.0,,,,,3136,30,0,0,0,0.898,False
bd84e0e05af15669b4ecd5c8692886d428ffaae4d73c8d6c6e0438a218cd64ef,DECISIÓN,A-CE,2017.0,0.0,1.0,1.0,0.0,0,0.7931,0.0,,,,,751,10,0,0,0,0.316,False
bd84e0e05af15669b4ecd5c8692886d428ffaae4d73c8d6c6e0438a218cd64ef,HECHOS,A-CE,2017.0,0.0,1.0,0.9966,0.0,0,0.7931,0.0,,,,,2209,34,0,0,0,0.736,False
bd84e0e05af15669b4ecd5c8692886d428ffaae4d73c8d6c6e0438a218cd64ef,HECHOS,A-CE,2017.0,0.0,1.0,1.0,0.0,0,0.7931,0.0,,,,,273,3,0,0,0,0.233,False
bd84e0e05af15669b4ecd5c8692886d428ffaae4d73c8d6c6e0438a218cd64ef,HECHOS,A-CE,2017.0,0.0,1.0,0.9906,0.3182,0,0.7931,0.0,,,,,4139,35,3,0,0,1.031,False
bd84e0e05af15669b4ecd5c8692886d428ffaae4d73c8d6c6e0438a218cd64ef,HECHOS,A-CE,2017.0,0.0,1.0,0.9952,0.0,0,0.7931,0.0,,,,,292,2,0,0,0,0.242,False
bd84e0e05af15669b4ecd5c8692886d428ffaae4d73c8d6c6e0438a218cd64ef,HECHOS,A-CE,2017.0,0.0,0.65,0.9918,0.0,0,0.7931,0.0,,,,,372,1,0,0,0,0.272,False
bd84e0e05af15669b4ecd5c8692886d428ffaae4d73c8d6c6e0438a218cd64ef,HECHOS,A-CE,2017.0,0.0,0.0,0.9918,0.0,0,0.7931,0.0,,,,,126,0,0,0,0,0.182,False
bd84e0e05af15669b4ecd5c8692886d428ffaae4d73c8d6c6e0438a218cd64ef,HECHOS,A-CE,2017.0,0.0,1.0,0.9851,0.2692,0,0.7931,0.0,,,,,8000,51,3,0,0,1.904,False
bd84e0e05af15669b4ecd5c8692886d428ffaae4d73c8d6c6e0438a218cd64ef,DECISIÓN,A-CE,2017.0,0.0,1.0,0.9962,0.8246,0,0.7931,0.0,,,,,4194,43,10,0,0,1.788,False
bd84e0e05af15669b4ecd5c8692886d428ffaae4d73c8d6c6e0438a218cd64ef,HECHOS,A-CE,2017.0,0.0,1.0,0.9939,0.2778,0,0.7931,0.0,,,,,1624,22,1,0,0,0.806,False
bd84e0e05af15669b4ecd5c8692886d428ffaae4d73c8d6c6e0438a218cd64ef,HECHOS,A-CE,2017.0,0.0,1.0,0.9978,0.8333,0,0.7931,0.0,,,,,1338,19,2,0,0,0.976,False
bd84e0e05af15669b4ecd5c8692886d428ffaae4d73c8d6c6e0438a218cd64ef,DECISIÓN,A-CE,2017.0,0.0,1.0,1.0,0.0,0,0.7931,0.0,,,,,409,4,0,0,0,0.621,False
bd84e0e05af15669b4ecd5c8692886d428ffaae4d73c8d6c6e0438a218cd64ef,DECISIÓN,A-CE,2017.0,0.0,1.0,0.9969,0.0,0,0.7931,0.0,,,,,679,8,0,0,0,0.59,False
bd84e0e05af15669b4ecd5c8692886d428ffaae4d73c8d6c6e0438a218cd64ef,DECISIÓN,A-CE,2017.0,0.0,1.0,0.9951,0.8333,0,0.7931,0.3333,,,,,1919,32,3,1,0,1.01,False
bd84e0e05af15669b4ecd5c8692886d428ffaae4d73c8d6c6e0438a218cd64ef,HECHOS,A-CE,2017.0,0.0,1.0,1.0,0.0,0,0.7931,0.0,,,,,256,2,0,0,0,0.344,False
bd84e0e05af15669b4ecd5c8692886d428ffaae4d73c8d6c6e0438a218cd64ef,HECHOS,A-CE,2017.0,0.0,1.0,1.0,0.3889,0,0.7931,0.0,,,,,342,3,1,0,0,0.347,False
bd84e0e05af15669b4ecd5c8692886d428ffaae4d73c8d6c6e0438a218cd64ef,HECHOS,A-CE,2017.0,0.0,1.0,1.0,0.5556,0,0.7931,0.0,,,,,453,4,1,0,0,0.337,False
bd84e0e05af15669b4ecd5c8692886d428ffaae4d73c8d6c6e0438a218cd64ef,HECHOS,A-CE,2017.0,0.0,1.0,1.0,0.3889,0,0.7931,0.0,,,,,573,8,1,0,0,0.377,False
bd84e0e05af15669b4ecd5c8692886d428ffaae4d73c8d6c6e0438a218cd64ef,HECHOS,A-CE,2017.0,0.0,1.0,1.0,0.0,0,0.7931,0.0,,,,,386,4,0,0,0,0.3,False
bd84e0e05af15669b4ecd5c8692886d428ffaae4d73c8d6c6e0438a218cd64ef,HECHOS,A-CE,2017.0,0.0,1.0,0.9927,1.0,0,0.7931,0.0,,,,,3312,34,5,0,0,1.35,False
bd84e0e05af15669b4ecd5c8692886d428ffaae4d73c8d6c6e0438a218cd64ef,HECHOS,A-CE,2017.0,0.0,1.0,1.0,0.0,0,0.7931,0.0,,,,,486,7,0,0,0,0.379,False
bd84e0e05af15669b4ecd5c8692886d428ffaae4d73c8d6c6e0438a218cd64ef,HECHOS,A-CE,2017.0,0.0,1.0,0.9821,1.0,0,0.7931,0.0,,,,,8000,44,20,0,0,4.055,False
bd84e0e05af15669b4ecd5c8692886d428ffaae4d73c8d6c6e0438a218cd64ef,HECHOS,A-CE,2017.0,0.0,1.0,0.9907,1.0,0,0.7931,0.1324,,,,,8000,50,14,1,0,4.037,False
bd84e0e05af15669b4ecd5c8692886d428ffaae4d73c8d6c6e0438a218cd64ef,DECISIÓN,A-CE,2017.0,0.0,0.0,1.0,0.0,0,0.7931,0.0,,,,,304,0,0,0,0,0.303,False
bd84e0e05af15669b4ecd5c8692886d428ffaae4d73c8d6c6e0438a218cd64ef,DECISIÓN,A-CE,2017.0,0.0,1.0,0.9891,0.7843,0,0.7931,0.0,,,,,8000,79,8,0,0,2.619,False
bd84e0e05af15669b4ecd5c8692886d428ffaae4d73c8d6c6e0438a218cd64ef,HECHOS,A-CE,2017.0,0.0,1.0,0.9939,0.7083,0,0.7931,0.0,,,,,785,9,2,0,0,0.846,False
bd84e0e05af15669b4ecd5c8692886d428ffaae4d73c8d6c6e0438a218cd64ef,HECHOS,A-CE,2017.0,0.0,0.0,1.0,0.0,0,0.7931,0.0,,,,,345,0,0,0,0,0.317,False
bd84e0e05af15669b4ecd5c8692886d428ffaae4d73c8d6c6e0438a218cd64ef,HECHOS,A-CE,2017.0,0.0,1.0,0.9958,0.0,0,0.7931,0.0,,,,,397,10,0,0,0,0.461,False
bd84e0e05af15669b4ecd5c8692886d428ffaae4d73c8d6c6e0438a218cd64ef,HECHOS,A-CE,2017.0,0.0,1.0,0.9874,1.0,0,0.7931,0.2222,,,,,6084,63,9,1,0,2.637,False
bd84e0e05af15669b4ecd5c8692886d428ffaae4d73c8d6c6e0438a218cd64ef,HECHOS,A-CE,2017.0,0.0,1.0,0.9825,0.614,0,0.7931,0.1184,,,,,7714,45,7,1,0,2.992,False
bd84e0e05af15669b4ecd5c8692886d428ffaae4d73c8d6c6e0438a218cd64ef,DECISIÓN,A-CE,2017.0,0.0,1.0,1.0,0.0,0,0.7931,0.0,,,,,181,2,0,0,0,0.263,False
bd84e0e05af15669b4ecd5c8692886d428ffaae4d73c8d6c6e0438a218cd64ef,HECHOS,A-CE,2017.0,0.0,1.0,0.9795,0.244,0,0.7931,0.1688,,,,,6706,44,5,2,0,2.624,False
bd84e0e05af15669b4ecd5c8692886d428ffaae4d73c8d6c6e0438a218cd64ef,DECISIÓN,A-CE,2017.0,0.0,1.0,0.9872,0.2368,0,0.7931,0.3026,,,,,8000,62,3,3,0,2.407,False
bd84e0e05af15669b4ecd5c8692886d428ffaae4d73c8d6c6e0438a218cd64ef,DECISIÓN,A-CE,2017.0,0.0,1.0,0.9874,0.2368,0,0.7931,0.2039,,,,,8000,53,3,2,0,2.366,False
bd84e0e05af15669b4ecd5c8692886d428ffaae4d73c8d6c6e0438a218cd64ef,DECISIÓN,A-CE,2017.0,0.0,1.0,0.9914,0.6528,0,0.7931,0.1667,,,,,4300,23,5,1,0,1.838,False
bd84e0e05af15669b4ecd5c8692886d428ffaae4d73c8d6c6e0438a218cd64ef,CONSIDERACIONES,A-CE,2017.0,0.0,0.0,0.9864,0.0,0,0.7931,0.0,,,,,238,0,0,0,0,0.355,False
bd84e0e05af15669b4ecd5c8692886d428ffaae4d73c8d6c6e0438a218cd64ef,CONSIDERACIONES,A-CE,2017.0,0.0,1.0,0.9888,0.3274,0,0.7931,0.0,,,,,3485,18,7,0,0,1.295,False
bd84e0e05af15669b4ecd5c8692886d428ffaae4d73c8d6c6e0438a218cd64ef,DECISIÓN,A-CE,2017.0,0.0,1.0,1.0,0.0,0,0.7931,0.0,,,,,558,8,0,0,0,0.603,False
bd84e0e05af15669b4ecd5c8692886d428ffaae4d73c8d6c6e0438a218cd64ef,CARGOS,A-CE,2017.0,0.0,1.0,1.0,0.0,0,0.7931,0.0,,,,,352,3,0,0,0,0.405,False
bd84e0e05af15669b4ecd5c8692886d428ffaae4d73c8d6c6e0438a218cd64ef,DECISIÓN,A-CE,2017.0,0.0,0.0,1.0,0.1944,0,0.7931,0.0,,,,,673,0,1,0,0,0.613,False
bd84e0e05af15669b4ecd5c8692886d428ffaae4d73c8d6c6e0438a218cd64ef,HECHOS,A-CE,2017.0,0.0,1.0,1.0,0.0775,0,0.7931,0.0,,,,,3411,28,2,0,0,2.173,False
bd84e0e05af15669b4ecd5c8692886d428ffaae4d73c8d6c6e0438a218cd64ef,DECISIÓN,A-CE,2017.0,0.0,0.5042,0.9931,0.0,0,0.7931,0.0,,,,,975,5,0,0,0,0.623,False
bd84e0e05af15669b4ecd5c8692886d428ffaae4d73c8d6c6e0438a218cd64ef,HECHOS,A-CE,2017.0,0.0,1.0,0.9916,0.0,0,0.7931,0.0,,,,,796,5,0,0,0,0.538,False
bd84e0e05af15669b4ecd5c8692886d428ffaae4d73c8d6c6e0438a218cd64ef,HECHOS,A-CE,2017.0,0.0,1.0,0.9859,0.1667,0,0.7931,0.0,,,,,1162,5,1,0,0,0.761,False
bd84e0e05af15669b4ecd5c8692886d428ffaae4d73c8d6c6e0438a218cd64ef,DECISIÓN,A-CE,2017.0,0.0,0.6879,0.965,0.0545,0,0.7931,0.0,,,,,8000,29,2,0,0,3.705,False
bd84e0e05af15669b4ecd5c8692886d428ffaae4d73c8d6c6e0438a218cd64ef,HECHOS,A-CE,2017.0,0.0,0.3714,0.996,0.0,0,0.7931,0.0,,,,,557,2,0,0,0,0.475,False
bd84e0e05af15669b4ecd5c8692886d428ffaae4d73c8d6c6e0438a218cd64ef,HECHOS,A-CE,2017.0,0.0,0.7676,0.9803,0.1417,0,0.7931,0.0,,,,,5482,19,4,0,0,3.232,False
bd84e0e05af15669b4ecd5c8692886d428ffaae4d73c8d6c6e0438a218cd64ef,DECISIÓN,A-CE,2017.0,0.0,0.6559,0.9712,0.0,0,0.7931,0.0,,,,,3075,11,0,0,0,2.06,False
bd84e0e05af15669b4ecd5c8692886d428ffaae4d73c8d6c6e0438a218cd64ef,HECHOS,A-CE,2017.0,0.0,1.0,0.9854,0.0,0,0.7931,0.0,,,,,883,9,0,0,0,0.686,False
bd84e0e05af15669b4ecd5c8692886d428ffaae4d73c8d6c6e0438a218cd64ef,DECISIÓN,A-CE,2017.0,0.0,1.0,0.985,0.3542,0,0.7931,0.0,,,,,2917,24,2,0,0,1.722,False
bdc843a5729f89c090c977a95b172b7f68ebeae0ac0488fb1cc3d6ef9f84b86a,CONSIDERACIONES,A-CE,2020.0,0.0,0.65,1.0,0.0,0,0.8966,0.0,,,,,344,1,0,0,0,0.305,False
bdc843a5729f89c090c977a95b172b7f68ebeae0ac0488fb1cc3d6ef9f84b86a,CONSIDERACIONES,A-CE,2020.0,0.0,1.0,0.9874,0.0402,0,0.8966,0.0,,,,,8000,66,1,0,0,2.356,False
bdc843a5729f89c090c977a95b172b7f68ebeae0ac0488fb1cc3d6ef9f84b86a,DECISIÓN,A-CE,2020.0,0.0,0.65,1.0,0.0,0,0.8966,0.0,,,,,1974,3,0,0,0,0.655,False
bdd5ae3bf5317406cf2a68a87f919601ea55f06fc429525561d542cc52d9b488,DECISIÓN,A-CE,2008.0,0.0,1.0,0.9816,0.0,0,0.4828,0.7692,,,,,3865,21,0,5,0,1.207,False
bde275be985fa79f49013e2a47f9834415d6fdb60c79098a629076726efb806c,CONSIDERACIONES,A-CSJ,2014.0,0.0,1.0,0.9962,0.0,1,0.6897,0.0,,,,,8000,39,0,0,0,2.401,False
bde275be985fa79f49013e2a47f9834415d6fdb60c79098a629076726efb806c,DECISIÓN,A-CSJ,2014.0,0.0,1.0,0.9864,0.0,1,0.6897,0.0,,,,,8000,39,0,0,0,2.609,False
bdeb25833f827d6b54afb413b2a26661c9f7c0ae60acc82eb376a187ad0c0ef8,HECHOS,A-CE,2014.0,0.0,1.0,0.9946,0.3042,0,0.6897,0.0966,,,,,8000,52,9,2,0,2.832,False
bdeb25833f827d6b54afb413b2a26661c9f7c0ae60acc82eb376a187ad0c0ef8,CONSIDERACIONES,A-CE,2014.0,0.0,1.0,0.9974,0.0397,0,0.6897,0.0,,,,,8000,77,1,0,0,2.75,False
bdeb25833f827d6b54afb413b2a26661c9f7c0ae60acc82eb376a187ad0c0ef8,DECISIÓN,A-CE,2014.0,0.0,0.9286,0.996,0.0,0,0.6897,0.0,,,,,964,5,0,0,0,0.504,False
bec5401dce335865ec7fced997d7cec4a91db27fa43fb81931555ce9f773ea95,CONSIDERACIONES,A-CSJ,2004.0,0.0,1.0,0.9819,0.5637,1,0.3448,0.0,,,,,8000,53,12,0,0,2.197,False
bec5401dce335865ec7fced997d7cec4a91db27fa43fb81931555ce9f773ea95,DECISIÓN,A-CSJ,2004.0,0.0,0.5567,0.9897,0.0,1,0.3448,0.0,,,,,944,4,0,0,0,0.309,False
c0a97e16ecc76c1678ed472ed18e1de11c5aa3f2676ed290d280a95f8d1e3833,HECHOS,A-CSJ,2001.0,0.0,1.0,0.9872,0.3933,1,0.2414,0.0,,,,,8000,45,7,0,0,1.563,False
c0a97e16ecc76c1678ed472ed18e1de11c5aa3f2676ed290d280a95f8d1e3833,CONSIDERACIONES,A-CSJ,2001.0,0.0,1.0,0.9945,0.58,1,0.2414,0.0,,,,,8000,56,9,0,0,1.484,False
c0a97e16ecc76c1678ed472ed18e1de11c5aa3f2676ed290d280a95f8d1e3833,DECISIÓN,A-CSJ,2001.0,0.0,0.4313,0.9927,0.0,1,0.2414,0.0,,,,,1121,3,0,0,0,0.334,False
c1d74a603a6e0b5d0e3d380e5769fd704d0aceb9a346caacaedaafd9ee740f8c,HECHOS,A-CSJ,2010.0,0.0,1.0,0.983,1.0,1,0.5517,0.0,,,,,2058,11,4,0,0,0.478,False
c1d74a603a6e0b5d0e3d380e5769fd704d0aceb9a346caacaedaafd9ee740f8c,CONSIDERACIONES,A-CSJ,2010.0,0.0,1.0,0.991,0.3646,1,0.5517,0.0,,,,,8000,68,5,0,0,1.503,False
c1d74a603a6e0b5d0e3d380e5769fd704d0aceb9a346caacaedaafd9ee740f8c,DECISIÓN,A-CSJ,2010.0,0.0,0.4333,0.9912,0.0,1,0.5517,0.0,,,,,527,1,0,0,0,0.231,False
c1d9f13438c1de88e1250ceffbdc7f8ae1c0d6f4c7312a047a7289936076f993,CONSIDERACIONES,A-CSJ,2015.0,0.0,1.0,0.9949,0.2857,1,0.7241,0.1607,,,,,8000,62,3,1,0,1.522,False
c1d9f13438c1de88e1250ceffbdc7f8ae1c0d6f4c7312a047a7289936076f993,DECISIÓN,A-CSJ,2015.0,0.0,1.0,0.9949,0.0,1,0.7241,0.0,,,,,827,5,0,0,0,0.265,False
c221692920ea88fd4ff45ef2cde02373df0f012b759d04af628ce4a4ac23ac36,HECHOS,A-CE,2013.0,0.0,1.0,1.0,0.4167,0,0.6552,0.0,,,,,570,3,1,0,0,0.248,False
c221692920ea88fd4ff45ef2cde02373df0f012b759d04af628ce4a4ac23ac36,CONSIDERACIONES,A-CE,2013.0,0.0,1.0,0.9852,0.2045,0,0.6552,0.0,,,,,8000,44,9,0,0,1.976,False
c221692920ea88fd4ff45ef2cde02373df0f012b759d04af628ce4a4ac23ac36,HECHOS,A-CE,2013.0,0.0,1.0,0.9812,0.8333,0,0.6552,0.1324,,,,,8000,57,20,2,0,1.784,False
c221692920ea88fd4ff45ef2cde02373df0f012b759d04af628ce4a4ac23ac36,DECISIÓN,A-CE,2013.0,0.0,0.0,1.0,0.0,0,0.6552,0.0,,,,,201,0,0,0,0,0.191,False
c221692920ea88fd4ff45ef2cde02373df0f012b759d04af628ce4a4ac23ac36,DECISIÓN,A-CE,2013.0,0.0,1.0,0.9821,0.0285,0,0.6552,0.1494,,,,,8000,33,1,3,0,1.796,False
c222575da4c1142a1ed597fce69cdc6b07972429ba1b46edee5f3455993d3d87,DECISIÓN,A-CE,2006.0,0.0,0.65,0.9918,0.0,0,0.4138,0.0,,,,,523,3,0,0,0,0.232,False
c278eaf7ad429d8147d40896646995454f2cdcc30301c360a1b8148e0717ed11,CONSIDERACIONES,A-CSJ,2010.0,0.0,1.0,0.9816,0.2639,1,0.5517,0.0,,,,,8000,36,5,0,0,1.563,False
c278eaf7ad429d8147d40896646995454f2cdcc30301c360a1b8148e0717ed11,DECISIÓN,A-CSJ,2010.0,0.0,1.0,0.996,0.0,1,0.5517,0.0,,,,,8000,48,0,0,0,1.494,False
c42ba148300730f4a0717710f055cbdad5d219b3ea7f247ede099d00057b0438,HECHOS,A-CSJ,2015.0,0.0,1.0,0.9851,0.0,1,0.7241,0.0,,,,,539,3,0,0,0,0.228,False
c42ba148300730f4a0717710f055cbdad5d219b3ea7f247ede099d00057b0438,CONSIDERACIONES,A-CSJ,2015.0,0.0,1.0,0.9917,0.5648,1,0.7241,0.2361,,,,,6906,40,7,2,0,1.365,False
c42ba148300730f4a0717710f055cbdad5d219b3ea7f247ede099d00057b0438,DECISIÓN,A-CSJ,2015.0,0.0,0.8667,0.9875,0.0,1,0.7241,0.0,,,,,478,2,0,0,0,0.229,False
c47ce5a90ec4b4ce6f2159aa0174f163cd8fce28d59739cdc2705b2c1abb4178,HECHOS,A-CSJ,,0.0,0.8667,0.9837,1.0,1,0.5,0.5,,,,,823,2,3,1,0,0.293,False
c47ce5a90ec4b4ce6f2159aa0174f163cd8fce28d59739cdc2705b2c1abb4178,DECISIÓN,A-CSJ,,0.0,1.0,0.9965,0.0,1,0.5,0.0,,,,,1308,6,0,0,0,0.394,False
c4c4285e78cae07499403437df09c3f829e07d5a91849d50969ea1830d3004d7,CONSIDERACIONES,A-CE,2017.0,0.0,1.0,0.9927,0.0595,0,0.7931,0.0804,,,,,8000,66,1,1,0,1.531,False
c4c4285e78cae07499403437df09c3f829e07d5a91849d50969ea1830d3004d7,DECISIÓN,A-CE,2017.0,0.0,1.0,0.995,0.0,0,0.7931,0.0,,,,,1544,9,0,0,0,0.399,False
c4d4e8b6d81885862d74cc32fa685017576893d2d5cf8180f4b250c9b40ee8cf,CONSIDERACIONES,A-CE,2018.0,0.0,1.0,0.9983,1.0,0,0.8276,0.2604,,,,,8000,44,16,3,0,1.561,False
c4d4e8b6d81885862d74cc32fa685017576893d2d5cf8180f4b250c9b40ee8cf,DECISIÓN,A-CE,2018.0,0.0,0.975,0.99,0.0,0,0.8276,0.0,,,,,703,3,0,0,0,0.259,False
c643525bb6a6c431abdcf40b4c43789f35ce88ee1d6b2ee6a8da1683f910c9e5,CONSIDERACIONES,A-CSJ,2015.0,0.0,1.0,0.9956,0.6429,1,0.7241,0.1768,,,,,8000,70,6,1,0,1.519,False
c643525bb6a6c431abdcf40b4c43789f35ce88ee1d6b2ee6a8da1683f910c9e5,DECISIÓN,A-CSJ,2015.0,0.0,1.0,0.992,0.0,1,0.7241,0.45,,,,,1164,5,0,1,0,0.327,False
c69dc286db3c9455d3cf0679ea98fd3d52677841a01ff41d415f390d1843b778,CONSIDERACIONES,A-CSJ,2014.0,0.0,1.0,0.9882,0.3485,1,0.6897,0.0,,,,,8000,42,5,0,0,1.505,False
c69dc286db3c9455d3cf0679ea98fd3d52677841a01ff41d415f390d1843b778,DECISIÓN,A-CSJ,2014.0,0.0,1.0,0.997,0.0,1,0.6897,0.0,,,,,586,6,0,0,0,0.247,False
c76a6c050b25c99f092552260ef4e0f164d8af4246b2c4a7d0a57488486bf8e1,CONSIDERACIONES,A-CE,2004.0,0.0,1.0,0.99,0.0933,0,0.3448,0.099,,,,,8000,59,2,1,0,1.559,False
c76a6c050b25c99f092552260ef4e0f164d8af4246b2c4a7d0a57488486bf8e1,DECISIÓN,A-CE,2004.0,0.0,0.7167,0.9966,0.0,0,0.3448,0.0,,,,,639,2,0,0,0,0.263,False
c7e4faba1b79c771b2d9d5a77f76bc76dfe53206730ef2f190253b7e683c767a,DECISIÓN,A-CE,,0.0,1.0,0.9919,0.0,0,0.5,0.0,,,,,1755,11,0,0,0,0.439,False
c82de3033e6e9712e9be936eee8721f54a629b33209e086bf635a934495f1246,HECHOS,A-CSJ,2018.0,0.0,1.0,0.9925,1.0,1,0.8276,0.0,,,,,1001,7,4,0,0,0.319,False
c82de3033e6e9712e9be936eee8721f54a629b33209e086bf635a934495f1246,CARGOS,A-CSJ,2018.0,0.0,1.0,0.9858,0.2333,1,0.8276,0.0,,,,,2004,18,1,0,0,0.494,False
c82de3033e6e9712e9be936eee8721f54a629b33209e086bf635a934495f1246,CARGOS,A-CSJ,2018.0,0.0,1.0,0.9923,0.713,1,0.8276,0.0,,,,,8000,45,8,0,0,1.539,False
c82de3033e6e9712e9be936eee8721f54a629b33209e086bf635a934495f1246,CONSIDERACIONES,A-CSJ,2018.0,0.0,1.0,0.9882,0.7708,1,0.8276,0.0,,,,,8000,41,8,0,0,1.562,False
c82de3033e6e9712e9be936eee8721f54a629b33209e086bf635a934495f1246,DECISIÓN,A-CSJ,2018.0,0.0,0.325,0.9944,0.0,1,0.8276,0.0,,,,,456,1,0,0,0,0.217,False
c8e3b5b128862d35b4ebe6fd4323025015e2d201ca2308a54e13c572ef49efda,DECISIÓN,A-CE,,0.0,0.7325,0.9828,0.0,0,0.5,0.0,,,,,2170,5,0,0,0,0.526,False
c96e93212fb2bae3565e40a81b6de60161342d5c6b5ee3a5e0f398533b9b805d,CONSIDERACIONES,A-CSJ,2016.0,0.0,1.0,0.994,0.2,1,0.7586,0.1125,,,,,8000,69,3,1,0,1.602,False
c9d3820f5dc36b34223fe2be9521cc1765c30851334d348bf3fd01451e589301,DECISIÓN,A-CE,2017.0,0.0,0.65,1.0,0.0,0,0.7931,0.0,,,,,230,1,0,0,0,0.19,False
c9d3820f5dc36b34223fe2be9521cc1765c30851334d348bf3fd01451e589301,DECISIÓN,A-CE,2017.0,0.0,0.65,0.9933,0.0,0,0.7931,0.0,,,,,452,2,0,0,0,0.221,False
ca2ba5db740d9ea63e8cafdd5b9dae53c64fb1875c15ddd87ee12bab4d8465ea,HECHOS,A-CE,2019.0,0.0,1.0,0.9862,0.3485,0,0.8621,0.1364,,,,,8000,35,9,2,0,1.557,False
ca2ba5db740d9ea63e8cafdd5b9dae53c64fb1875c15ddd87ee12bab4d8465ea,CONSIDERACIONES,A-CE,2019.0,0.0,1.0,0.9793,0.7045,0,0.8621,0.0,,,,,8000,47,12,0,0,1.608,False
ca2ba5db740d9ea63e8cafdd5b9dae53c64fb1875c15ddd87ee12bab4d8465ea,DECISIÓN,A-CE,2019.0,0.0,1.0,0.9864,0.0,0,0.8621,0.6429,,,,,1732,11,0,2,0,0.496,False
ca4b10eb48138e1df4eb2b48c995e7d02822032988a2f7650ac237a2136c9d48,CONSIDERACIONES,A-CE,2002.0,0.0,1.0,1.0,0.4167,0,0.2759,0.0,,,,,4021,17,3,0,0,0.879,False
ca4b10eb48138e1df4eb2b48c995e7d02822032988a2f7650ac237a2136c9d48,HECHOS,A-CE,2002.0,0.0,1.0,0.964,0.7263,0,0.2759,0.0,,,,,8000,40,13,0,0,1.926,False
ca4b10eb48138e1df4eb2b48c995e7d02822032988a2f7650ac237a2136c9d48,CONSIDERACIONES,A-CE,2002.0,0.0,1.0,0.9789,0.9911,0,0.2759,0.3898,,,,,8000,52,21,6,0,1.57,False
ca4b10eb48138e1df4eb2b48c995e7d02822032988a2f7650ac237a2136c9d48,DECISIÓN,A-CE,2002.0,0.0,1.0,0.9871,0.1754,0,0.2759,0.1053,,,,,4022,15,2,1,0,0.833,False
ca66e02c1b6e5c645e0c35206e4b11f74cd7be826041923fc0c38e71ac7cc052,CONSIDERACIONES,A-CE,2019.0,0.0,1.0,0.9892,0.3571,0,0.8621,0.3214,,,,,8000,40,6,4,0,1.557,False
ca66e02c1b6e5c645e0c35206e4b11f74cd7be826041923fc0c38e71ac7cc052,DECISIÓN,A-CE,2019.0,0.0,1.0,0.992,0.0,0,0.8621,0.25,,,,,2496,15,0,1,0,0.558,False
cbdf9a296c1dca6cbd0e41dd22c927d4b139d586293018d51366b0d77adf2cbd,CONSIDERACIONES,A-CSJ,2019.0,0.0,1.0,0.9817,0.7308,0,0.8621,0.0865,,,,,7312,47,12,1,0,1.397,False
cbdf9a296c1dca6cbd0e41dd22c927d4b139d586293018d51366b0d77adf2cbd,DECISIÓN,A-CSJ,2019.0,0.0,0.325,0.9903,0.2333,0,0.8621,0.0,,,,,525,1,1,0,0,0.221,False
ccde7d83c86956127ee7a5f04681b4e19a8b50ad09686a374ad1ae0922758a94,HECHOS,A-CSJ,2014.0,0.0,1.0,0.988,1.0,1,0.6897,0.0,,,,,1095,8,2,0,0,0.321,False
ccde7d83c86956127ee7a5f04681b4e19a8b50ad09686a374ad1ae0922758a94,DECISIÓN,A-CSJ,2014.0,0.0,1.0,0.9944,0.0,1,0.6897,0.0,,,,,633,3,0,0,0,0.248,False
ce1823634145536d41bd16547ab5830c2807744d6d92978a40529a5fcc89f0cd,CONSIDERACIONES,A-CE,2019.0,0.0,1.0,0.9911,0.0,0,0.8621,0.0,,,,,8000,58,0,0,0,1.571,False
ce1823634145536d41bd16547ab5830c2807744d6d92978a40529a5fcc89f0cd,DECISIÓN,A-CE,2019.0,0.0,1.0,1.0,0.0,0,0.8621,0.0,,,,,212,2,0,0,0,0.177,False
ce1823634145536d41bd16547ab5830c2807744d6d92978a40529a5fcc89f0cd,DECISIÓN,A-CE,2019.0,0.0,0.78,0.9924,0.0,0,0.8621,0.0,,,,,731,3,0,0,0,0.271,False
ce7e21d9cf563292fad36404b6cff82493f3b33c75c331d8f38797388fa0ebd9,CONSIDERACIONES,A-CE,2004.0,0.0,1.0,0.9907,0.1061,0,0.3448,0.0909,,,,,8000,36,2,1,0,1.527,False
ce7e21d9cf563292fad36404b6cff82493f3b33c75c331d8f38797388fa0ebd9,HECHOS,A-CE,2004.0,0.0,1.0,0.9822,0.7454,0,0.3448,0.0,,,,,8000,44,17,0,0,1.634,False
ce7e21d9cf563292fad36404b6cff82493f3b33c75c331d8f38797388fa0ebd9,CONSIDERACIONES,A-CE,2004.0,0.0,1.0,0.9734,0.2356,0,0.3448,0.0853,,,,,8000,56,5,1,0,1.575,False
ce7e21d9cf563292fad36404b6cff82493f3b33c75c331d8f38797388fa0ebd9,DECISIÓN,A-CE,2004.0,0.0,0.0,0.9945,0.0,0,0.3448,0.0,,,,,209,0,0,0,0,0.174,False
ce7e21d9cf563292fad36404b6cff82493f3b33c75c331d8f38797388fa0ebd9,DECISIÓN,A-CE,2004.0,0.0,1.0,0.9882,0.0,0,0.3448,0.1237,,,,,6537,23,0,1,0,1.341,False
cf64a4026cc99439542ed78ff6a16437faffeb18148752c85bf21402d4faae83,CONSIDERACIONES,A-CE,2018.0,0.0,1.0,0.9936,0.0,0,0.8276,0.0,,,,,8000,44,0,0,0,1.513,False
cf64a4026cc99439542ed78ff6a16437faffeb18148752c85bf21402d4faae83,DECISIÓN,A-CE,2018.0,0.0,1.0,0.9967,0.0,0,0.8276,0.0,,,,,566,5,0,0,0,0.224,False
cf64a4026cc99439542ed78ff6a16437faffeb18148752c85bf21402d4faae83,DECISIÓN,A-CE,2018.0,0.0,0.52,0.9978,0.0,0,0.8276,0.0,,,,,1122,2,0,0,0,0.308,False
d1501d4896ef9899961e120218198174c3ce5dba8051dc14d7605d90af4c8c9d,HECHOS,A-CSJ,2017.0,0.0,1.0,0.9794,0.8452,0,0.7931,0.3214,,,,,8000,55,8,2,0,1.497,False
d1501d4896ef9899961e120218198174c3ce5dba8051dc14d7605d90af4c8c9d,CONSIDERACIONES,A-CSJ,2017.0,0.0,1.0,0.9885,0.5024,0,0.7931,0.3095,,,,,8000,68,7,3,0,1.5,False
d1501d4896ef9899961e120218198174c3ce5dba8051dc14d7605d90af4c8c9d,DECISIÓN,A-CSJ,2017.0,0.0,0.4875,0.9913,0.0,0,0.7931,0.25,,,,,1509,3,0,1,0,0.373,False
d1fb3b43b90d9c741653286c948cf8abe88055875b16ddb903bc8509d77903e7,CARGOS,A-CSJ,2014.0,0.0,1.0,0.9836,0.4841,1,0.6897,0.3214,,,,,8000,42,7,3,0,1.535,False
d1fb3b43b90d9c741653286c948cf8abe88055875b16ddb903bc8509d77903e7,CONSIDERACIONES,A-CSJ,2014.0,0.0,1.0,0.9875,0.2581,1,0.6897,0.1452,,,,,8000,49,6,2,0,1.563,False
d313e99855ec56b686e7bf0152cb94b82d5728728346bd25e4e90b31088d888f,CONSIDERACIONES,A-CE,2008.0,0.0,0.7322,0.9858,0.1164,0,0.4828,0.0,,,,,8000,28,5,0,0,1.845,False
d313e99855ec56b686e7bf0152cb94b82d5728728346bd25e4e90b31088d888f,HECHOS,A-CE,2008.0,0.0,1.0,0.9744,1.0,0,0.4828,0.495,,,,,8000,34,8,2,0,2.012,False
d313e99855ec56b686e7bf0152cb94b82d5728728346bd25e4e90b31088d888f,DECISIÓN,A-CE,2008.0,0.0,1.0,0.995,0.875,0,0.4828,0.0,,,,,4183,44,9,0,0,1.512,False
d313e99855ec56b686e7bf0152cb94b82d5728728346bd25e4e90b31088d888f,HECHOS,A-CE,2008.0,0.0,1.0,0.9938,0.7143,0,0.4828,0.0,,,,,1623,27,3,0,0,0.675,False
d313e99855ec56b686e7bf0152cb94b82d5728728346bd25e4e90b31088d888f,HECHOS,A-CE,2008.0,0.0,1.0,1.0,0.0,0,0.4828,0.0,,,,,1338,16,0,0,0,0.577,False
d313e99855ec56b686e7bf0152cb94b82d5728728346bd25e4e90b31088d888f,DECISIÓN,A-CE,2008.0,0.0,1.0,1.0,0.0,0,0.4828,0.0,,,,,411,3,0,0,0,0.284,False
d313e99855ec56b686e7bf0152cb94b82d5728728346bd25e4e90b31088d888f,DECISIÓN,A-CE,2008.0,0.0,1.0,0.9934,0.0,0,0.4828,0.0,,,,,679,10,0,0,0,0.351,False
d313e99855ec56b686e7bf0152cb94b82d5728728346bd25e4e90b31088d888f,DECISIÓN,A-CE,2008.0,0.0,1.0,0.9969,0.881,0,0.4828,0.2857,,,,,1915,31,4,1,0,0.652,False
d313e99855ec56b686e7bf0152cb94b82d5728728346bd25e4e90b31088d888f,HECHOS,A-CE,2008.0,0.0,1.0,1.0,0.8333,0,0.4828,0.0,,,,,258,4,1,0,0,0.225,False
d313e99855ec56b686e7bf0152cb94b82d5728728346bd25e4e90b31088d888f,HECHOS,A-CE,2008.0,0.0,1.0,1.0,0.0,0,0.4828,0.0,,,,,343,4,0,0,0,0.234,False
d313e99855ec56b686e7bf0152cb94b82d5728728346bd25e4e90b31088d888f,HECHOS,A-CE,2008.0,0.0,1.0,1.0,0.3889,0,0.4828,0.0,,,,,453,4,1,0,0,0.267,False
d313e99855ec56b686e7bf0152cb94b82d5728728346bd25e4e90b31088d888f,HECHOS,A-CE,2008.0,0.0,1.0,1.0,0.0,0,0.4828,0.0,,,,,404,4,0,0,0,0.26,False
d313e99855ec56b686e7bf0152cb94b82d5728728346bd25e4e90b31088d888f,HECHOS,A-CE,2008.0,0.0,1.0,0.9953,0.0,0,0.4828,0.0,,,,,559,6,0,0,0,0.307,False
d313e99855ec56b686e7bf0152cb94b82d5728728346bd25e4e90b31088d888f,HECHOS,A-CE,2008.0,0.0,1.0,0.9947,1.0,0,0.4828,0.0,,,,,2308,22,6,0,0,0.731,False
d313e99855ec56b686e7bf0152cb94b82d5728728346bd25e4e90b31088d888f,HECHOS,A-CE,2008.0,0.0,1.0,0.9972,0.0,0,0.4828,0.0,,,,,1043,15,0,0,0,0.428,False
d313e99855ec56b686e7bf0152cb94b82d5728728346bd25e4e90b31088d888f,HECHOS,A-CE,2008.0,0.0,1.0,1.0,0.0,0,0.4828,0.0,,,,,674,5,0,0,0,0.256,False
d313e99855ec56b686e7bf0152cb94b82d5728728346bd25e4e90b31088d888f,HECHOS,A-CE,2008.0,0.0,1.0,0.9972,0.8333,0,0.4828,0.0,,,,,885,6,1,0,0,0.296,False
d313e99855ec56b686e7bf0152cb94b82d5728728346bd25e4e90b31088d888f,HECHOS,A-CE,2008.0,0.0,1.0,0.9869,1.0,0,0.4828,0.0,,,,,4952,34,15,0,0,1.198,False
d313e99855ec56b686e7bf0152cb94b82d5728728346bd25e4e90b31088d888f,HECHOS,A-CE,2008.0,0.0,1.0,0.9912,1.0,0,0.4828,0.1125,,,,,8000,42,14,1,0,2.381,False
d313e99855ec56b686e7bf0152cb94b82d5728728346bd25e4e90b31088d888f,DECISIÓN,A-CE,2008.0,0.0,1.0,1.0,0.0,0,0.4828,0.0,,,,,306,4,0,0,0,0.185,False
d313e99855ec56b686e7bf0152cb94b82d5728728346bd25e4e90b31088d888f,DECISIÓN,A-CE,2008.0,0.0,1.0,0.9882,0.625,0,0.4828,0.0,,,,,8000,72,9,0,0,1.709,False
d313e99855ec56b686e7bf0152cb94b82d5728728346bd25e4e90b31088d888f,HECHOS,A-CE,2008.0,0.0,1.0,1.0,0.0,0,0.4828,0.0,,,,,780,4,0,0,0,0.361,False
d313e99855ec56b686e7bf0152cb94b82d5728728346bd25e4e90b31088d888f,HECHOS,A-CE,2008.0,0.0,1.0,0.9939,0.0,0,0.4828,0.0,,,,,348,4,0,0,0,0.251,False
d313e99855ec56b686e7bf0152cb94b82d5728728346bd25e4e90b31088d888f,HECHOS,A-CE,2008.0,0.0,1.0,1.0,0.0,0,0.4828,0.0,,,,,397,4,0,0,0,0.228,False
d313e99855ec56b686e7bf0152cb94b82d5728728346bd25e4e90b31088d888f,HECHOS,A-CE,2008.0,0.0,1.0,0.9762,1.0,0,0.4828,0.5333,,,,,8000,71,28,4,5,1.83,False
d313e99855ec56b686e7bf0152cb94b82d5728728346bd25e4e90b31088d888f,HECHOS,A-CE,2008.0,0.0,1.0,0.9744,1.0,0,0.4828,0.495,,,,,8000,34,8,2,0,1.993,False
d313e99855ec56b686e7bf0152cb94b82d5728728346bd25e4e90b31088d888f,HECHOS,A-CE,2008.0,0.0,1.0,0.9862,1.0,0,0.4828,0.0,,,,,5181,37,9,0,0,1.33,False
d313e99855ec56b686e7bf0152cb94b82d5728728346bd25e4e90b31088d888f,DECISIÓN,A-CE,2008.0,0.0,1.0,0.9898,0.0,0,0.4828,0.0,,,,,181,1,0,0,0,0.194,False
d313e99855ec56b686e7bf0152cb94b82d5728728346bd25e4e90b31088d888f,HECHOS,A-CE,2008.0,0.0,1.0,0.9788,0.0439,0,0.4828,0.2546,,,,,8000,54,1,4,0,1.697,False
d313e99855ec56b686e7bf0152cb94b82d5728728346bd25e4e90b31088d888f,DECISIÓN,A-CE,2008.0,0.0,1.0,0.9874,0.3509,0,0.4828,0.2039,,,,,8000,51,4,2,0,1.629,False
d313e99855ec56b686e7bf0152cb94b82d5728728346bd25e4e90b31088d888f,DECISIÓN,A-CE,2008.0,0.0,1.0,0.9862,0.4896,0,0.4828,0.1172,,,,,8000,45,5,1,0,1.719,False
d313e99855ec56b686e7bf0152cb94b82d5728728346bd25e4e90b31088d888f,CONSIDERACIONES,A-CE,2008.0,0.0,0.0,1.0,0.0,0,0.4828,0.0,,,,,238,0,0,0,0,0.206,False
d313e99855ec56b686e7bf0152cb94b82d5728728346bd25e4e90b31088d888f,CONSIDERACIONES,A-CE,2008.0,0.0,1.0,0.9916,0.4825,0,0.4828,0.0,,,,,3474,21,7,0,0,0.875,False
d313e99855ec56b686e7bf0152cb94b82d5728728346bd25e4e90b31088d888f,DECISIÓN,A-CE,2008.0,0.0,0.0,0.9929,0.1458,0,0.4828,0.0,,,,,558,0,1,0,0,0.295,False
d313e99855ec56b686e7bf0152cb94b82d5728728346bd25e4e90b31088d888f,CARGOS,A-CE,2008.0,0.0,0.0,1.0,0.0,0,0.4828,0.0,,,,,351,0,0,0,0,0.245,False
d313e99855ec56b686e7bf0152cb94b82d5728728346bd25e4e90b31088d888f,DECISIÓN,A-CE,2008.0,0.0,0.572,1.0,0.0,0,0.4828,0.0,,,,,670,2,0,0,0,0.353,False
d313e99855ec56b686e7bf0152cb94b82d5728728346bd25e4e90b31088d888f,HECHOS,A-CE,2008.0,0.0,1.0,1.0,0.0397,0,0.4828,0.0,,,,,3404,27,1,0,0,1.326,False
d313e99855ec56b686e7bf0152cb94b82d5728728346bd25e4e90b31088d888f,DECISIÓN,A-CE,2008.0,0.0,1.0,0.9951,0.1852,0,0.4828,0.0,,,,,972,6,1,0,0,0.457,False
d313e99855ec56b686e7bf0152cb94b82d5728728346bd25e4e90b31088d888f,HECHOS,A-CE,2008.0,0.0,0.195,0.9919,0.0,0,0.4828,0.0,,,,,796,1,0,0,0,0.404,False
d313e99855ec56b686e7bf0152cb94b82d5728728346bd25e4e90b31088d888f,HECHOS,A-CE,2008.0,0.0,1.0,0.9917,0.1061,0,0.4828,0.0,,,,,1158,10,1,0,0,0.503,False
d313e99855ec56b686e7bf0152cb94b82d5728728346bd25e4e90b31088d888f,DECISIÓN,A-CE,2008.0,0.0,0.9354,0.9853,0.1638,0,0.4828,0.0,,,,,8000,38,6,0,0,2.181,False
d313e99855ec56b686e7bf0152cb94b82d5728728346bd25e4e90b31088d888f,HECHOS,A-CE,2008.0,0.0,1.0,0.9931,0.0,0,0.4828,0.0,,,,,447,3,0,0,0,0.257,False
d313e99855ec56b686e7bf0152cb94b82d5728728346bd25e4e90b31088d888f,HECHOS,A-CE,2008.0,0.0,1.0,0.9731,0.4693,0,0.4828,0.1303,,,,,8000,32,11,2,0,1.896,False
d313e99855ec56b686e7bf0152cb94b82d5728728346bd25e4e90b31088d888f,DECISIÓN,A-CE,2008.0,0.0,1.0,0.967,0.0,0,0.4828,0.0,,,,,3068,15,0,0,0,1.233,False
d313e99855ec56b686e7bf0152cb94b82d5728728346bd25e4e90b31088d888f,HECHOS,A-CE,2008.0,0.0,1.0,0.9971,0.4167,0,0.4828,0.0,,,,,883,6,1,0,0,0.436,False
d313e99855ec56b686e7bf0152cb94b82d5728728346bd25e4e90b31088d888f,DECISIÓN,A-CE,2008.0,0.0,1.0,0.9846,0.1852,0,0.4828,0.0,,,,,2910,27,1,0,0,1.192,False
d34e73987d1ce11f39cd71718c9e67d1246fc7cf3e6400e6e054f4598933a26b,CONSIDERACIONES,A-CE,2004.0,0.0,1.0,0.9845,0.1875,0,0.3448,0.0,,,,,8000,55,3,0,0,1.647,False
d34e73987d1ce11f39cd71718c9e67d1246fc7cf3e6400e6e054f4598933a26b,CONSIDERACIONES,A-CE,2004.0,0.0,0.7837,0.9881,0.0472,0,0.3448,0.0,,,,,8000,36,2,0,0,1.764,False
d34e73987d1ce11f39cd71718c9e67d1246fc7cf3e6400e6e054f4598933a26b,CONSIDERACIONES,A-CE,2004.0,0.0,1.0,0.9823,0.3133,0,0.3448,0.0,,,,,8000,65,5,0,0,1.69,False
d34e73987d1ce11f39cd71718c9e67d1246fc7cf3e6400e6e054f4598933a26b,DECISIÓN,A-CE,2004.0,0.0,1.0,1.0,0.0,0,0.3448,0.0,,,,,209,1,0,0,0,0.187,False
d34e73987d1ce11f39cd71718c9e67d1246fc7cf3e6400e6e054f4598933a26b,DECISIÓN,A-CE,2004.0,0.0,1.0,0.9827,0.2,0,0.3448,0.395,,,,,6787,39,3,5,0,1.37,False
d486f76d012c734ac901f7b253aa0fdd6fb5a31f25c3c31f946b7ea325b13ad5,DECISIÓN,A-CE,2002.0,0.0,1.0,0.9884,0.0,0,0.2759,0.165,,,,,3458,14,0,1,0,0.706,False
d4f1ec308715f9199e8133ead0e72f320b3d1ada320a81011a75cbff4e98366a,HECHOS,A-CSJ,2016.0,0.0,1.0,0.9801,1.0,1,0.7586,0.0,,,,,959,3,3,0,0,0.298,False
d4f1ec308715f9199e8133ead0e72f320b3d1ada320a81011a75cbff4e98366a,CONSIDERACIONES,A-CSJ,2016.0,0.0,1.0,0.9941,0.298,1,0.7586,0.1364,,,,,8000,43,8,2,0,1.771,False
d4f1ec308715f9199e8133ead0e72f320b3d1ada320a81011a75cbff4e98366a,DECISIÓN,A-CSJ,2016.0,0.0,0.52,0.9908,0.0,1,0.7586,0.0,,,,,553,2,0,0,0,0.268,False
d66b3436b885d33c3eda21f116c30cc0a2f6c5beb1781ee993ede0ba08db97d6,DECISIÓN,A-CSJ,2016.0,0.0,1.0,0.9902,0.0,1,0.7586,0.0,,,,,816,5,0,0,0,0.287,False
d7baa5d83fa92ed0461b8083146e37289c684dc99debe90974f9969199769e5e,DECISIÓN,A-CE,,0.0,1.0,0.9885,0.0,0,0.5,0.55,,,,,6104,42,0,4,0,1.222,False
d8b92a2308557bd5513724e8be29ff5f98f1e9eab22be9b1147b6f75dfc6d7a0,CARGOS,A-CSJ,2016.0,0.0,1.0,0.9944,0.0,1,0.7586,0.1071,,,,,8000,70,0,1,0,1.503,False
d8b92a2308557bd5513724e8be29ff5f98f1e9eab22be9b1147b6f75dfc6d7a0,DECISIÓN,A-CSJ,2016.0,0.0,0.3071,0.9873,0.0,1,0.7586,0.0,,,,,775,2,0,0,0,0.259,False
d8d34808d36ea8f851646b5492464a3ac2c5de74d246d346946239228a2db6f7,CONSIDERACIONES,A-CE,2003.0,0.0,1.0,0.9811,0.6136,0,0.3103,0.3966,,,,,8000,56,9,4,0,1.507,False
d95ac6a1be3265873ea953e85bc60460523720be753b0f35489d445371fb26c1,DECISIÓN,A-CE,,0.0,0.4333,0.9818,0.0,0,0.5,0.4125,,,,,2402,2,0,1,0,0.541,False
da4f9dd7ff238a27c727fdfc5d79cd31046df4ceaf58b3a7beb83d897f700040,DECISIÓN,A-CE,2005.0,0.0,1.0,0.9857,0.0507,0,0.3793,0.3783,,,,,4597,25,1,4,0,0.924,False
db9d7c74bc297e1b1ce3577359e2a83fba5d489990b024ea820215c25a3b92f4,HECHOS,A-CE,2017.0,0.0,1.0,0.9904,0.0595,0,0.7931,0.4821,,,,,7980,37,1,6,0,1.617,False
db9d7c74bc297e1b1ce3577359e2a83fba5d489990b024ea820215c25a3b92f4,DECISIÓN,A-CE,2017.0,0.0,0.3714,0.9934,0.0,0,0.7931,0.0,,,,,840,2,0,0,0,0.271,False
dd06dc7442e0a29cf3431c81835dd912ff1f56869876389421e5c912afa6bb34,CONSIDERACIONES,A-CSJ,2014.0,0.0,1.0,0.9923,0.053,1,0.6897,0.2045,,,,,8000,79,1,2,0,1.502,False
dd06dc7442e0a29cf3431c81835dd912ff1f56869876389421e5c912afa6bb34,DECISIÓN,A-CSJ,2014.0,0.0,1.0,0.9858,0.0,1,0.6897,0.0,,,,,834,3,0,0,0,0.254,False
dd624c162f87b675f9ee70c6c4cdbeb33f38c8e83dff2c3e902ac261042d38fd,HECHOS,A-CSJ,2018.0,0.0,1.0,0.9889,0.4102,1,0.8276,0.0,,,,,8000,45,8,0,0,1.503,False
dd624c162f87b675f9ee70c6c4cdbeb33f38c8e83dff2c3e902ac261042d38fd,CONSIDERACIONES,A-CSJ,2018.0,0.0,1.0,0.9916,0.284,1,0.8276,0.0,,,,,8000,40,5,0,0,1.479,False
dd624c162f87b675f9ee70c6c4cdbeb33f38c8e83dff2c3e902ac261042d38fd,DECISIÓN,A-CSJ,2018.0,0.0,0.8667,0.9925,0.0,1,0.8276,0.0,,,,,1058,6,0,0,0,0.309,False
ddeb856c980f25c2dc3fafb43652bcb4870c99a6ef45aa8bf8e5d28f2880890a,CONSIDERACIONES,A-CE,2016.0,0.0,1.0,0.9951,0.0,0,0.7586,0.0,,,,,2291,16,0,0,0,0.516,False
ddeb856c980f25c2dc3fafb43652bcb4870c99a6ef45aa8bf8e5d28f2880890a,DECISIÓN,A-CE,2016.0,0.0,0.975,0.9917,0.0,0,0.7586,0.0,,,,,662,3,0,0,0,0.239,False
de242b4cc9f12c10c809c6e284ead376fb123ff7d91e09e5ace2e9c8129daa34,HECHOS,A-CE,2019.0,0.0,1.0,0.9866,0.1826,0,0.8621,0.0,,,,,5739,28,3,0,0,1.182,False
de242b4cc9f12c10c809c6e284ead376fb123ff7d91e09e5ace2e9c8129daa34,CONSIDERACIONES,A-CE,2019.0,0.0,1.0,0.9905,0.0463,0,0.8621,0.0556,,,,,8000,58,1,1,0,1.659,False
de242b4cc9f12c10c809c6e284ead376fb123ff7d91e09e5ace2e9c8129daa34,DECISIÓN,A-CE,2019.0,0.0,0.65,0.9947,0.0,0,0.8621,0.0,,,,,716,2,0,0,0,0.282,False
dea3d90ee23bbf805bd948d19a0b7c6b1ec2a5f22771e3180cf01f942b167a95,CONSIDERACIONES,A-CE,,0.0,1.0,0.9955,0.0,0,0.5,0.0523,,,,,8000,43,0,1,0,1.682,False
dea3d90ee23bbf805bd948d19a0b7c6b1ec2a5f22771e3180cf01f942b167a95,DECISIÓN,A-CE,,0.0,0.65,0.9944,0.0,0,0.5,0.0,,,,,209,1,0,0,0,0.185,False
dea3d90ee23bbf805bd948d19a0b7c6b1ec2a5f22771e3180cf01f942b167a95,DECISIÓN,A-CE,,0.0,0.2167,0.9923,0.0,0,0.5,0.0,,,,,1475,1,0,0,0,0.382,False
dff68261216a548b4939ccf40781ccdb25789eb7029248bc38d24a437d13024e,HECHOS,A-CSJ,2015.0,0.0,0.75,0.9889,0.5556,1,0.7241,0.0,,,,,674,1,1,0,0,0.242,False
dff68261216a548b4939ccf40781ccdb25789eb7029248bc38d24a437d13024e,CONSIDERACIONES,A-CSJ,2015.0,0.0,1.0,0.9958,0.2754,1,0.7241,0.0,,,,,7905,81,5,0,0,1.502,False
dff68261216a548b4939ccf40781ccdb25789eb7029248bc38d24a437d13024e,DECISIÓN,A-CSJ,2015.0,0.0,0.52,0.987,0.0,1,0.7241,0.0,,,,,449,2,0,0,0,0.207,False
e131fa29090de067ace126a92b80b30512e5bdc5730e3126cf17e824cc583662,HECHOS,A-CE,,0.0,1.0,0.9795,0.8726,0,0.5,0.0,,,,,8000,45,19,0,0,1.569,False
e131fa29090de067ace126a92b80b30512e5bdc5730e3126cf17e824cc583662,CONSIDERACIONES,A-CE,,0.0,1.0,0.9839,1.0,0,0.5,0.0,,,,,8000,54,18,0,0,1.467,False
e131fa29090de067ace126a92b80b30512e5bdc5730e3126cf17e824cc583662,DECISIÓN,A-CE,,0.0,1.0,0.9936,0.1389,0,0.5,0.1667,,,,,3748,18,1,1,0,0.791,False
e223c61ed7c208815b83989d0b46972b9d361d25e0781666baa3f3472d201f0a,CONSIDERACIONES,A-CE,2005.0,0.0,1.0,0.9917,0.4167,0,0.3793,0.0,,,,,8000,57,5,0,0,1.524,False
e223c61ed7c208815b83989d0b46972b9d361d25e0781666baa3f3472d201f0a,DECISIÓN,A-CE,2005.0,0.0,0.26,0.9977,0.0,0,0.3793,0.0,,,,,1222,1,0,0,0,0.368,False
e2a00fc501f37b68aca1747bea614b3160d987e6872dc83834a72c37b05e515a,HECHOS,A-CSJ,2017.0,0.0,1.0,0.9801,0.7396,0,0.7931,0.2812,,,,,7864,51,8,2,0,1.48,False
e2a00fc501f37b68aca1747bea614b3160d987e6872dc83834a72c37b05e515a,CONSIDERACIONES,A-CSJ,2017.0,0.0,1.0,0.9885,0.5861,0,0.7931,0.3611,,,,,8000,66,7,3,0,1.466,False
e2a00fc501f37b68aca1747bea614b3160d987e6872dc83834a72c37b05e515a,DECISIÓN,A-CSJ,2017.0,0.0,0.5571,0.9872,0.0,0,0.7931,0.2812,,,,,1122,3,0,1,0,0.307,False
e62b28e9f470b0abf3b37a2568633b896e6528bb0d9fe5e4b98c25def18c739c,HECHOS,A-CSJ,2016.0,0.0,1.0,0.99,0.9444,1,0.7586,0.0,,,,,857,6,2,0,0,0.286,False
e62b28e9f470b0abf3b37a2568633b896e6528bb0d9fe5e4b98c25def18c739c,CONSIDERACIONES,A-CSJ,2016.0,0.0,1.0,0.9916,0.1346,1,0.7586,0.0,,,,,8000,56,3,0,0,1.494,False
e62b28e9f470b0abf3b37a2568633b896e6528bb0d9fe5e4b98c25def18c739c,DECISIÓN,A-CSJ,2016.0,0.0,0.975,0.9922,0.0,1,0.7586,0.0,,,,,596,3,0,0,0,0.232,False
e7173d1fcff2cf6bdac6971a01a9e4e997cebbf6b29297109cb2da13a0403ff0,HECHOS,A-CE,2003.0,0.0,1.0,0.9965,0.2778,0,0.3103,0.0,,,,,8000,65,4,0,0,1.492,False
e7173d1fcff2cf6bdac6971a01a9e4e997cebbf6b29297109cb2da13a0403ff0,DECISIÓN,A-CE,2003.0,0.0,0.7917,0.9933,1.0,0,0.3103,0.0,,,,,1929,4,4,0,0,0.453,False
e7f2092d1e1ac15ef95156dba2c6ad2d32e490ee651598c92361830ae903496c,CONSIDERACIONES,A-CSJ,2020.0,0.0,1.0,0.9899,0.5,0,0.8966,0.1053,,,,,6936,50,6,1,0,1.325,False
e7f2092d1e1ac15ef95156dba2c6ad2d32e490ee651598c92361830ae903496c,DECISIÓN,A-CSJ,2020.0,0.0,1.0,0.9926,0.0,0,0.8966,0.0,,,,,1134,5,0,0,0,0.308,False
e80a5b7facae5c99383a3619ddac27505dca06a6aeaad22f61baa1b45952f388,DECISIÓN,A-CE,2015.0,0.0,1.0,0.9898,0.0,0,0.7241,0.0,,,,,1154,5,0,0,0,0.326,False
e999984766ad22f0af16cdb558a7aa53ae2b8194ea68a1cb37212ec2ec677d59,CONSIDERACIONES,A-CSJ,2017.0,0.0,1.0,0.9945,0.1574,1,0.7931,0.3611,,,,,8000,56,2,3,0,1.448,False
e999984766ad22f0af16cdb558a7aa53ae2b8194ea68a1cb37212ec2ec677d59,DECISIÓN,A-CSJ,2017.0,0.0,0.8667,0.9921,0.0,1,0.7931,0.0,,,,,919,4,0,0,0,0.297,False
ea6d05e01ebc2b1b832ea0bbb2be7cebde4c52fe2d5d7e24661e340692de990a,CARGOS,A-CE,2016.0,0.0,1.0,0.9872,0.5161,0,0.7586,0.0,,,,,8000,48,12,0,0,1.731,False
ea6d05e01ebc2b1b832ea0bbb2be7cebde4c52fe2d5d7e24661e340692de990a,DECISIÓN,A-CE,2016.0,0.0,0.5383,0.9932,0.0317,0,0.7586,0.0,,,,,8000,29,2,0,0,1.904,False
eae717c0c035c62781edf99d76c26e9818a6b272668bdb7d0646edbec55a7310,CONSIDERACIONES,A-CE,2002.0,0.0,1.0,0.9882,0.0278,0,0.2759,0.0536,,,,,8000,41,1,1,0,1.507,False
eae717c0c035c62781edf99d76c26e9818a6b272668bdb7d0646edbec55a7310,DECISIÓN,A-CE,2002.0,0.0,1.0,0.9896,0.0729,0,0.2759,0.25,,,,,4113,20,1,2,0,0.865,False
eba83016ec24d962770367f29ed6d2f08be80cc4052c92ce1590fa2c171ca1f8,HECHOS,A-CSJ,2016.0,0.0,1.0,0.9853,0.442,1,0.7586,0.2826,,,,,8000,46,7,3,0,1.703,False
eba83016ec24d962770367f29ed6d2f08be80cc4052c92ce1590fa2c171ca1f8,DECISIÓN,A-CSJ,2016.0,0.0,0.8643,0.9913,0.0,1,0.7586,0.0,,,,,1219,5,0,0,0,0.339,False
ecd95cf3290421be14f200f54bd16742a9ae37a3be66789f7168eaaca491a00a,HECHOS,A-CSJ,2016.0,0.0,1.0,0.9804,1.0,1,0.7586,0.0,,,,,1154,9,5,0,0,0.341,False
ecd95cf3290421be14f200f54bd16742a9ae37a3be66789f7168eaaca491a00a,CONSIDERACIONES,A-CSJ,2016.0,0.0,1.0,0.9908,0.4352,1,0.7586,0.0,,,,,3292,31,5,0,0,0.746,False
ecd95cf3290421be14f200f54bd16742a9ae37a3be66789f7168eaaca491a00a,DECISIÓN,A-CSJ,2016.0,0.0,1.0,0.9876,0.0,1,0.7586,0.0,,,,,556,3,0,0,0,0.239,False
eda9645d16abac33fb0ed879152da266aa1d9007682faa62bf8cf0e37088a957,CONSIDERACIONES,A-CSJ,2017.0,0.0,1.0,0.9962,0.5357,1,0.7931,0.0,,,,,8000,103,9,0,0,1.573,False
eda9645d16abac33fb0ed879152da266aa1d9007682faa62bf8cf0e37088a957,DECISIÓN,A-CSJ,2017.0,0.0,0.65,0.9957,0.0,1,0.7931,0.0,,,,,1956,6,0,0,0,0.457,False
edbf193021b34839684de145576cbf985fe02f67b5fd1366200fbf8f9601fbb7,HECHOS,A-CSJ,2016.0,0.0,0.9333,0.9882,0.8333,1,0.7586,0.0,,,,,1023,2,2,0,0,0.297,False
edbf193021b34839684de145576cbf985fe02f67b5fd1366200fbf8f9601fbb7,CONSIDERACIONES,A-CSJ,2016.0,0.0,1.0,0.986,0.6389,1,0.7586,0.0,,,,,8000,54,11,0,0,1.545,False
edbf193021b34839684de145576cbf985fe02f67b5fd1366200fbf8f9601fbb7,DECISIÓN,A-CSJ,2016.0,0.0,0.325,0.9908,0.0,1,0.7586,0.0,,,,,472,1,0,0,0,0.226,False
ef6960fc60ef8c53d29b5a0a772d040141b090a62cd027b96689708551b7f198,HECHOS,A-CSJ,2007.0,0.0,1.0,0.9879,1.0,1,0.4483,0.0,,,,,2650,24,8,0,0,0.593,False
ef6960fc60ef8c53d29b5a0a772d040141b090a62cd027b96689708551b7f198,CONSIDERACIONES,A-CSJ,2007.0,0.0,1.0,0.996,0.303,1,0.4483,0.0,,,,,8000,55,4,0,0,1.784,False
ef6960fc60ef8c53d29b5a0a772d040141b090a62cd027b96689708551b7f198,DECISIÓN,A-CSJ,2007.0,0.0,1.0,0.9939,0.0,1,0.4483,0.0,,,,,536,4,0,0,0,0.233,False
eff3d71f3ff9b463c06910e9b9d46e45d7fe60c6895e7e3b30b370df14d80829,CONSIDERACIONES,A-CSJ,2019.0,0.0,1.0,0.9937,0.3561,0,0.8621,0.1023,,,,,7505,49,5,1,0,1.608,False
eff3d71f3ff9b463c06910e9b9d46e45d7fe60c6895e7e3b30b370df14d80829,DECISIÓN,A-CSJ,2019.0,0.0,0.78,0.9886,0.0,0,0.8621,0.0,,,,,953,3,0,0,0,0.305,False
f0123d038827364014b35e6d7fa6d4652f742dca9faeb295780542d37907e954,HECHOS,A-CSJ,2014.0,0.0,1.0,0.9826,0.2381,1,0.6897,0.1071,,,,,4537,19,3,1,0,1.051,False
f0123d038827364014b35e6d7fa6d4652f742dca9faeb295780542d37907e954,CONSIDERACIONES,A-CSJ,2014.0,0.0,1.0,0.9902,0.0583,1,0.6897,0.0,,,,,4653,31,1,0,0,1.018,False
f0123d038827364014b35e6d7fa6d4652f742dca9faeb295780542d37907e954,DECISIÓN,A-CSJ,2014.0,0.0,0.975,0.9945,0.0,1,0.6897,0.0,,,,,692,3,0,0,0,0.249,False
f0633ba434a12203258fcea232c29432aff16bc8703420d4f5f2bbab5f906b29,DECISIÓN,A-CSJ,2014.0,0.0,1.0,0.9913,0.0,1,0.6897,0.0,,,,,891,4,0,0,0,0.288,False
f0c306d5ea10cfa5b703a95fdc99db4ecd7d77c3d91886ee653328b203ae82cc,CONSIDERACIONES,A-CSJ,2015.0,0.0,1.0,0.9866,0.387,1,0.7241,0.0703,,,,,8000,51,10,1,0,1.644,False
f0c306d5ea10cfa5b703a95fdc99db4ecd7d77c3d91886ee653328b203ae82cc,DECISIÓN,A-CSJ,2015.0,0.0,0.6825,0.9884,0.0,1,0.7241,0.0,,,,,842,4,0,0,0,0.267,False
f2a29bf8303622c6e9ec9cc57dd19e9a4ad61f35927726588790a6167fbd40b3,HECHOS,A-CSJ,2017.0,0.0,1.0,0.978,0.2267,1,0.7931,0.0,,,,,8000,50,4,0,0,1.528,False
f2a29bf8303622c6e9ec9cc57dd19e9a4ad61f35927726588790a6167fbd40b3,CONSIDERACIONES,A-CSJ,2017.0,0.0,1.0,0.9916,0.0,1,0.7931,0.0,,,,,8000,49,0,0,0,1.521,False
f2a29bf8303622c6e9ec9cc57dd19e9a4ad61f35927726588790a6167fbd40b3,DECISIÓN,A-CSJ,2017.0,0.0,0.65,0.9883,0.0,1,0.7931,0.0,,,,,772,3,0,0,0,0.254,False
f358586d8c5f9b268967dc7cfe293ddbfbbccfd2c66e824dd196fcd0f6c6d41e,CONSIDERACIONES,A-CE,2005.0,0.0,1.0,0.9843,0.2333,0,0.3793,0.17,,,,,8000,48,5,2,0,1.512,False
f358586d8c5f9b268967dc7cfe293ddbfbbccfd2c66e824dd196fcd0f6c6d41e,DECISIÓN,A-CE,2005.0,0.0,0.7583,0.9926,0.0,0,0.3793,0.1904,,,,,2439,7,0,1,0,0.541,False
f372f243151777dcb31363cb2b4a3c2f3d96c2d544db274c395b1d970dabe6f2,CONSIDERACIONES,A-CSJ,2020.0,0.0,1.0,0.9886,0.4524,0,0.8966,0.1071,,,,,6998,34,6,1,0,1.499,False
f372f243151777dcb31363cb2b4a3c2f3d96c2d544db274c395b1d970dabe6f2,DECISIÓN,A-CSJ,2020.0,0.0,0.4333,0.9934,0.3889,0,0.8966,0.0,,,,,808,1,1,0,0,0.279,False
f42876e4f73eb8326d7f0210d32300db062d1accafab82cf8ae4b85684dd5668,HECHOS,A-CSJ,2016.0,0.0,1.0,0.9853,1.0,1,0.7586,0.6136,,,,,5304,33,15,3,0,1.05,False
f42876e4f73eb8326d7f0210d32300db062d1accafab82cf8ae4b85684dd5668,CONSIDERACIONES,A-CSJ,2016.0,0.0,1.0,0.9917,0.7917,1,0.7586,0.1875,,,,,5225,32,6,1,0,0.999,False
f42876e4f73eb8326d7f0210d32300db062d1accafab82cf8ae4b85684dd5668,DECISIÓN,A-CSJ,2016.0,0.0,0.4333,0.9921,0.0,1,0.7586,0.0,,,,,545,2,0,0,0,0.213,False
f49019eb3192879906406eea490db3d7613fa140f8f7371cc1c9cfe143b0d93e,DECISIÓN,A-CE,2017.0,0.0,1.0,1.0,0.0,0,0.7931,0.0,,,,,223,1,0,0,0,0.171,False
f49019eb3192879906406eea490db3d7613fa140f8f7371cc1c9cfe143b0d93e,DECISIÓN,A-CE,2017.0,0.0,1.0,0.9942,0.0,0,0.7931,0.0,,,,,452,2,0,0,0,0.217,False
f5201faa976e4819add068257847a43d05f5f838e868ce8b36b847edc607447d,HECHOS,A-CSJ,2014.0,0.0,1.0,0.9871,1.0,1,0.6897,0.5625,,,,,896,4,6,1,0,0.27,False
f5201faa976e4819add068257847a43d05f5f838e868ce8b36b847edc607447d,DECISIÓN,A-CSJ,2014.0,0.0,0.975,0.9854,0.0,1,0.6897,0.0,,,,,797,3,0,0,0,0.259,False
f6e0a99e03cb229bb1a0a4bc37f88b42972c601661771fd853a5f3895d5743ab,CONSIDERACIONES,A-CSJ,2016.0,0.0,1.0,0.9856,1.0,1,0.7586,0.375,,,,,5474,34,14,3,0,1.057,False
f6e0a99e03cb229bb1a0a4bc37f88b42972c601661771fd853a5f3895d5743ab,DECISIÓN,A-CSJ,2016.0,0.0,0.325,0.9931,0.0,1,0.7586,0.0,,,,,430,1,0,0,0,0.195,False
f7b77f89cfef279defc179769873f21ce42158a0202631ffd9cbdc6726acec54,HECHOS,A-CE,,0.0,1.0,0.9858,0.2576,0,0.5,0.5455,,,,,5145,36,2,3,0,1.045,False
f7b77f89cfef279defc179769873f21ce42158a0202631ffd9cbdc6726acec54,CONSIDERACIONES,A-CE,,0.0,1.0,0.9726,0.2598,0,0.5,0.0,,,,,8000,39,6,0,0,1.697,False
f7b77f89cfef279defc179769873f21ce42158a0202631ffd9cbdc6726acec54,HECHOS,A-CE,,0.0,1.0,0.9901,0.5224,0,0.5,0.0,,,,,8000,35,10,0,0,1.595,False
f7b77f89cfef279defc179769873f21ce42158a0202631ffd9cbdc6726acec54,DECISIÓN,A-CE,,0.0,0.0,1.0,0.0,0,0.5,0.0,,,,,201,0,0,0,0,0.171,False
f7b77f89cfef279defc179769873f21ce42158a0202631ffd9cbdc6726acec54,DECISIÓN,A-CE,,0.0,0.913,0.9852,0.0224,0,0.5,0.0433,,,,,8000,30,1,1,0,1.928,False
f7dc0d787ca723bed31252266f569ea6bc1d3b751972e8dc31117c31bd98a749,CONSIDERACIONES,A-CSJ,2013.0,0.0,1.0,0.992,0.5595,1,0.6552,0.0,,,,,6000,39,5,0,0,1.144,False
f7dc0d787ca723bed31252266f569ea6bc1d3b751972e8dc31117c31bd98a749,DECISIÓN,A-CSJ,2013.0,0.0,0.975,0.9916,0.0,1,0.6552,0.0,,,,,526,3,0,0,0,0.208,False
f7e751fcc9a3e341aac71199f57102f39e1382cda1b7c62af5191b72e0767fe6,CONSIDERACIONES,A-CSJ,2014.0,0.0,1.0,0.9946,0.0729,1,0.6897,0.4219,,,,,8000,76,1,3,0,1.462,False
f7e751fcc9a3e341aac71199f57102f39e1382cda1b7c62af5191b72e0767fe6,DECISIÓN,A-CSJ,2014.0,0.0,1.0,0.9959,0.0,1,0.6897,0.0,,,,,411,3,0,0,0,0.205,False
f7e751fcc9a3e341aac71199f57102f39e1382cda1b7c62af5191b72e0767fe6,DECISIÓN,A-CSJ,2014.0,0.0,0.4333,0.9914,0.0,1,0.6897,0.0,,,,,634,2,0,0,0,0.241,False
f84c83b9bfbca5ee3afd1acbe89069ce599df74c1a0fba637630c54ae276d14a,HECHOS,A-CSJ,2012.0,0.0,1.0,0.9897,1.0,1,0.6207,0.0,,,,,1338,4,4,0,0,0.349,False
f84c83b9bfbca5ee3afd1acbe89069ce599df74c1a0fba637630c54ae276d14a,DECISIÓN,A-CSJ,2012.0,0.0,0.8667,0.9963,0.0,1,0.6207,0.0,,,,,1152,4,0,0,0,0.331,False
f85ce1b09789e6d8cb0e842bbd0e138bcf9cda13e861fad37e2fa9ddb07963aa,HECHOS,A-CE,2018.0,0.0,1.0,0.992,0.0583,0,0.8276,0.2362,,,,,6128,30,1,2,0,1.14,False
f85ce1b09789e6d8cb0e842bbd0e138bcf9cda13e861fad37e2fa9ddb07963aa,CONSIDERACIONES,A-CE,2018.0,0.0,1.0,0.9907,0.125,0,0.8276,0.8414,,,,,8000,44,3,12,0,1.618,False
f85ce1b09789e6d8cb0e842bbd0e138bcf9cda13e861fad37e2fa9ddb07963aa,DECISIÓN,A-CE,2018.0,0.0,0.2687,0.9906,0.0,0,0.8276,0.0,,,,,1262,2,0,0,0,0.355,False
f96dd3079cfbb7c6e1ca7f4423aca46f92a348e802df4bcc40a7dd21a307c304,CONSIDERACIONES,A-CE,,0.0,1.0,0.9734,1.0,0,0.5,0.975,,,,,8000,54,9,5,0,1.618,False
f96dd3079cfbb7c6e1ca7f4423aca46f92a348e802df4bcc40a7dd21a307c304,CONSIDERACIONES,A-CE,,0.0,1.0,0.9777,0.0,0,0.5,0.1946,,,,,3044,20,0,2,0,0.756,False
f96dd3079cfbb7c6e1ca7f4423aca46f92a348e802df4bcc40a7dd21a307c304,CONSIDERACIONES,A-CE,,0.0,1.0,0.984,0.0417,0,0.5,0.05,,,,,8000,43,1,1,0,1.674,False
f96dd3079cfbb7c6e1ca7f4423aca46f92a348e802df4bcc40a7dd21a307c304,HECHOS,A-CE,,0.0,1.0,0.9731,0.3135,0,0.5,0.0,,,,,8000,33,11,0,0,1.843,False
f96dd3079cfbb7c6e1ca7f4423aca46f92a348e802df4bcc40a7dd21a307c304,DECISIÓN,A-CE,,0.0,1.0,1.0,0.0,0,0.5,0.0,,,,,219,1,0,0,0,0.179,False
f96dd3079cfbb7c6e1ca7f4423aca46f92a348e802df4bcc40a7dd21a307c304,DECISIÓN,A-CE,,0.0,1.0,0.9826,0.0629,0,0.5,0.0377,,,,,8000,42,2,1,0,1.681,False
fad480a34ae5af95cef477f8d9902f959c55d5c7dbf93d59de06ab1f6dfcb67a,HECHOS,A-CSJ,2016.0,0.0,1.0,0.986,0.6667,1,0.7586,0.0,,,,,800,5,2,0,0,0.273,False
fad480a34ae5af95cef477f8d9902f959c55d5c7dbf93d59de06ab1f6dfcb67a,CONSIDERACIONES,A-CSJ,2016.0,0.0,1.0,0.987,0.099,1,0.7586,0.0682,,,,,7015,47,3,1,0,1.353,False
fad480a34ae5af95cef477f8d9902f959c55d5c7dbf93d59de06ab1f6dfcb67a,DECISIÓN,A-CSJ,2016.0,0.0,0.975,0.9916,0.0,1,0.7586,0.0,,,,,471,3,0,0,0,0.205,False
faf3250e811c1a9a758722569e7d0c14c5ce34470e33434bcffaf26b79984cd2,HECHOS,A-CSJ,2013.0,0.0,1.0,0.9752,0.0,1,0.6552,0.0,,,,,765,4,0,0,0,0.26,False
faf3250e811c1a9a758722569e7d0c14c5ce34470e33434bcffaf26b79984cd2,CONSIDERACIONES,A-CSJ,2013.0,0.0,1.0,0.9967,0.2879,1,0.6552,0.0,,,,,8000,51,5,0,0,1.604,False
faf3250e811c1a9a758722569e7d0c14c5ce34470e33434bcffaf26b79984cd2,DECISIÓN,A-CSJ,2013.0,0.0,0.65,0.9935,0.0,1,0.6552,0.0,,,,,584,3,0,0,0,0.224,False
fb4ca5af739b54a379236e467c23ce5cce8839726f742482b1d99cd168352b5e,CONSIDERACIONES,A-CSJ,2020.0,0.0,1.0,0.9946,0.2976,0,0.8966,0.1429,,,,,8000,48,5,2,0,1.494,False
fb85c9c6830d8aab14e9169c88eca936fcd10c7f0abf2cad978c224ba5961a3e,HECHOS,A-CSJ,2014.0,0.0,1.0,0.9886,0.4295,1,0.6897,0.5192,,,,,8000,61,7,6,0,1.569,False
fb85c9c6830d8aab14e9169c88eca936fcd10c7f0abf2cad978c224ba5961a3e,DECISIÓN,A-CSJ,2014.0,0.0,0.78,0.9938,0.0,1,0.6897,0.0,,,,,553,3,0,0,0,0.228,False
fe5cda1a6584f019c2ad9686f8e61d15526b212d50818222d727cb2dd0e083a4,CARGOS,A-CSJ,2017.0,0.0,1.0,0.996,0.0,1,0.7931,0.0,,,,,1669,10,0,0,0,0.418,False
fe5cda1a6584f019c2ad9686f8e61d15526b212d50818222d727cb2dd0e083a4,CARGOS,A-CSJ,2017.0,0.0,1.0,0.9932,0.3077,1,0.7931,0.0,,,,,2906,22,3,0,0,0.611,False
fe5cda1a6584f019c2ad9686f8e61d15526b212d50818222d727cb2dd0e083a4,CONSIDERACIONES,A-CSJ,2017.0,0.0,1.0,0.9949,0.3269,1,0.7931,0.0769,,,,,8000,71,6,1,0,1.525,False
ffe554eb7e709ce27836992742a0abfc1918b2c39d4aefb7f5a1b38c5910508c,CONSIDERACIONES,A-CSJ,2016.0,0.0,1.0,0.9945,0.0614,1,0.7586,0.0,,,,,8000,51,2,0,0,1.613,False
ffe554eb7e709ce27836992742a0abfc1918b2c39d4aefb7f5a1b38c5910508c,DECISIÓN,A-CSJ,2016.0,0.0,0.2,0.9833,0.0,1,0.7586,0.0,,,,,1061,2,0,0,0,0.321,False
fff19563cffbd29a6ba22c6f71c12006af8b1e1d3cb2081d663f82f95259f91b,DECISIÓN,A-CE,2007.0,0.0,0.0,1.0,0.0,0,0.4483,0.0,,,,,208,0,0,0,0,0.165,False
fff19563cffbd29a6ba22c6f71c12006af8b1e1d3cb2081d663f82f95259f91b,DECISIÓN,A-CE,2007.0,0.0,1.0,0.9826,0.2381,0,0.4483,0.2679,,,,,6325,27,2,2,0,1.241,False
