AU1,AU4,AU6,AU12,AU15,AU17,audio,speaker,start,end,duracion
0.007883364334702492,0.022015887312591076,3.8951013436872017e-07,0.0007816405850462615,0.00011292706585663836,0.34789860248565674,catatumbo,SPEAKER_03,23581.333,23581.708,3.0
0.002131025306880474,0.038452284410595894,5.930720590185956e-07,0.04699450545012951,0.0011065315920859575,0.03474455326795578,catatumbo,SPEAKER_03,23581.667,23582.042,3.0
0.002388406777754426,0.05831221118569374,8.977705192592111e-07,0.2742684707045555,0.0008099067490547895,0.004876508843153715,catatumbo,SPEAKER_03,23582.0,23582.375,3.0
0.016627954319119453,0.029387551359832287,5.464141850097803e-07,0.2315015196800232,0.0004543042741715908,0.0650484636425972,catatumbo,SPEAKER_03,23582.333,23582.708,3.0
0.008268559351563454,0.012614376842975616,6.057361616740309e-07,0.018992340192198753,0.00031378532730741426,0.05655164644122124,catatumbo,SPEAKER_03,23582.667,23583.042,3.0
0.007193311583250761,0.016439087688922882,5.946459680217231e-07,0.4046090692281723,0.001079359819414094,0.04224661365151405,catatumbo,SPEAKER_03,23583.0,23583.375,3.0
0.009203863330185413,0.05913058668375015,1.3756092585026636e-06,0.07382107153534889,0.020968832541257143,0.0007285039755515754,catatumbo,SPEAKER_03,23583.333,23583.708,3.0
0.0039827050641179085,0.12153466790914536,1.8167163489124505e-06,0.09593723341822624,0.007011787500232458,0.010051724500954151,catatumbo,SPEAKER_03,23583.667,23584.042,3.0
0.0017407839186489582,0.03358740918338299,1.0989379575221392e-06,0.6986889243125916,0.0028515728190541267,0.019758939743041992,catatumbo,SPEAKER_03,23584.333,23584.708,3.0
0.0007205852889455855,0.09537362307310104,5.799428777208959e-07,0.018198799341917038,0.0012670807191170752,0.016630440950393677,catatumbo,SPEAKER_03,23584.667,23585.042,3.0
0.0030667418614029884,0.023909284733235836,6.674486172641991e-07,0.11608981341123581,0.000249046555836685,0.22924959659576416,catatumbo,SPEAKER_03,23585.0,23585.375,3.0
0.0005482936976477504,0.07952233962714672,5.563032345889951e-07,0.17034514248371124,0.0005057969829067588,0.012356949970126152,catatumbo,SPEAKER_03,23585.333,23585.708,3.0
0.002404832048341632,0.03433419344946742,4.863527465204243e-07,0.2272545024752617,0.0008817884372547269,0.010136285796761513,catatumbo,UNICO,23585.667,23586.042,3.0
0.0019077383913099766,0.02237461693584919,5.630588475469267e-07,0.09778816252946854,0.0004657585232052952,0.010628240182995796,catatumbo,UNICO,23586.0,23586.375,3.0
0.0076117063872516155,0.0804615281522274,1.7901283513310773e-06,0.015405929181724787,0.019717085175216198,0.0017378861084580421,catatumbo,UNICO,23586.333,23586.708,3.0
0.0035754714626818895,0.194306381046772,8.205771848679433e-07,0.014776169788092375,0.0006948572408873588,0.02328275889158249,catatumbo,SPEAKER_03,23586.667,23587.042,3.0
0.005526035558432341,0.012584898620843887,1.0766858338229213e-06,0.024057877250015736,0.002514843479730189,0.012746365740895271,catatumbo,SPEAKER_03,23587.333,23587.708,3.0
0.008631209842860699,0.011603305581957102,6.643519867566283e-07,0.15347079932689667,0.00020292249246267602,0.2303372174501419,catatumbo,SPEAKER_03,23587.667,23588.042,3.0
0.011057613417506218,0.008973365183919668,7.736795453183731e-07,0.1015164665877819,0.0009760389511939138,0.05157579481601715,catatumbo,SPEAKER_03,23588.0,23588.375,3.0
0.016713399440050125,0.014097938314080238,8.74860603516936e-07,0.07059264183044434,0.0029952237382531166,0.008532841689884663,catatumbo,SPEAKER_03,23588.333,23588.708,3.0
0.004515171051025391,0.016349184326827526,9.486251144608104e-07,0.1886639967560768,0.003117722226306796,0.011307872831821442,catatumbo,UNICO,23588.667,23589.042,3.0
0.003541066311299801,0.01915508508682251,6.214054337760899e-07,0.05800054594874382,0.0013536133337765932,0.0076194582507014275,catatumbo,UNICO,23589.0,23589.375,3.0
0.004515244159847498,0.026922496035695076,4.328352218863074e-07,0.012798060197383165,0.0004436513117980212,0.010648083873093128,catatumbo,UNICO,23589.333,23589.708,3.0
0.01321742869913578,0.012966544833034277,2.3148225025693137e-07,0.0010530577274039388,1.197233063976455e-05,0.40292200446128845,catatumbo,UNICO,23589.667,23590.042,3.0
0.011784709990024567,0.019959275610744953,5.135620426699461e-07,0.0885191336274147,0.00028071412089047953,0.1294330507516861,catatumbo,SPEAKER_03,23590.333,23590.708,3.0
0.004207061603665352,0.033763082697987556,3.24874449120216e-07,0.05731908790767193,0.00013786848285235465,0.02161312848329544,catatumbo,SPEAKER_03,23590.667,23591.042,3.0
0.004170347936451435,0.019744043238461018,4.1986872645338735e-07,0.1975265070796013,0.001206858258228749,0.05646153539419174,catatumbo,SPEAKER_03,23591.0,23591.375,3.0
0.0027940988074988127,0.030210710130631924,5.130604847636278e-07,0.6233409643173218,0.002188363519962877,0.04859326034784317,catatumbo,SPEAKER_03,23591.333,23591.708,3.0
0.0038831483107060194,0.014401089400053024,6.657121787156939e-07,0.2491082027554512,0.003178066457621753,0.008697457611560822,catatumbo,SPEAKER_03,23591.667,23592.042,3.0
0.002100282581523061,0.026530697010457516,8.300860088183981e-07,0.31867340207099915,0.002428912208415568,0.008722943253815174,catatumbo,SPEAKER_03,23592.0,23592.375,3.0
0.003982035908848047,0.02567185088992119,4.7003099723497144e-07,0.27915263175964355,0.0004943755047861487,0.012416280806064606,catatumbo,SPEAKER_03,23592.333,23592.708,3.0
0.0035091799218207598,0.0344334552064538,4.3302314622906124e-07,0.42552728950977325,0.001218577497638762,0.009901929646730423,catatumbo,SPEAKER_03,23592.667,23593.042,3.0
0.004145017359405756,0.01398508157581091,5.573999573016408e-07,0.42784206569194794,0.0026211048243567348,0.009404998272657394,catatumbo,UNICO,23593.333,23593.708,3.0
0.005473101511597633,0.022932803258299828,6.249193802432274e-07,0.14919673278927803,0.002381916739977896,0.01596522517502308,catatumbo,UNICO,23593.667,23594.042,3.0
0.005246408749371767,0.17100566253066063,8.724316273855948e-07,0.0045894477516412735,0.0008580739377066493,0.010875292122364044,catatumbo,UNICO,23594.0,23594.375,3.0
0.006847016513347626,0.05511128529906273,5.528333559823295e-07,0.020875408314168453,0.0013984657125547528,0.004313647747039795,catatumbo,SPEAKER_03,23594.333,23594.708,3.0
0.003940138965845108,0.17660218477249146,6.74901542652151e-07,0.003232978517189622,0.0001790435562725179,0.1235564723610878,catatumbo,SPEAKER_03,23594.667,23595.042,3.0
0.0022795984987169504,0.13087774068117142,2.992017975600447e-07,0.0018888814374804497,5.265167601464782e-05,0.1285851150751114,catatumbo,SPEAKER_03,23595.0,23595.375,3.0
0.009591967798769474,0.08443589508533478,9.72174483138133e-07,0.018823775462806225,0.0003761006591957994,0.010031483136117458,catatumbo,SPEAKER_03,23595.333,23595.708,3.0
0.006697474978864193,0.13364116847515106,5.551122050917456e-07,0.01979167852550745,0.00011981299394392408,0.01873382367193699,catatumbo,SPEAKER_03,23595.667,23596.042,3.0
0.02721470221877098,0.0710844025015831,2.3051366326853895e-07,0.0013107848353683949,9.886426778393798e-05,0.044249068945646286,catatumbo,UNICO,23596.333,23596.708,3.0
0.0007238552207127213,0.09147883951663971,7.434569511133304e-07,0.019566532224416733,0.0021742472308687866,0.0026321171317249537,catatumbo,SPEAKER_03,23596.667,23597.042,3.0
0.0019743426237255335,0.07594233006238937,1.6264388236209015e-07,0.0010467242682352662,0.00019642863480839878,0.09169431030750275,catatumbo,SPEAKER_03,23597.0,23597.375,3.0
0.004395909607410431,0.24427123367786407,1.0314604992345267e-06,0.08443352952599525,0.008863704279065132,0.008653689175844193,catatumbo,SPEAKER_03,23597.333,23597.708,3.0
0.008336697705090046,0.1283191666007042,4.502989519039602e-07,0.001828402339015156,2.938051511591766e-05,0.13040398061275482,catatumbo,SPEAKER_03,23597.667,23598.042,3.0
0.012616113759577274,0.05888458155095577,1.9429585762509305e-07,0.013707935344427824,0.00043287624430377036,0.044729527086019516,catatumbo,SPEAKER_03,23598.0,23598.375,3.0
0.0025511730927973986,0.10337229073047638,1.9313888088845488e-07,0.11061859503388405,0.0001262634395970963,0.010824880562722683,catatumbo,UNICO,23598.333,23598.708,3.0
0.01316661387681961,0.12288302555680275,2.7563562099430783e-07,0.034945025108754635,0.00044014463492203504,0.006710480898618698,catatumbo,UNICO,23598.667,23599.042,3.0
0.028779154643416405,0.04568029008805752,5.08815247712846e-07,0.0011633159883785993,0.0005643358454108238,0.012012306600809097,catatumbo,UNICO,23599.333,23599.708,3.0
0.033364590257406235,0.02162541914731264,8.242865874308336e-07,0.0009237550257239491,0.0014870906888972968,0.009473222307860851,catatumbo,UNICO,23599.667,23600.042,3.0
0.0031299814581871033,0.1295144110918045,1.1006400058022336e-07,0.002229581936262548,0.00019664475257741287,0.3960774540901184,catatumbo,SPEAKER_03,23600.0,23600.375,3.0
0.0019060260383412242,0.18409129977226257,5.782293897027557e-07,0.11711183562874794,0.010805513709783554,0.0035194496158510447,catatumbo,SPEAKER_03,23600.333,23600.708,3.0
0.001727073802612722,0.17317957617342472,3.3664721144077703e-07,0.004125812905840576,0.0005487748276209459,0.008912730030715466,catatumbo,SPEAKER_03,23600.667,23601.042,3.0
0.0010378921870142221,0.19604061916470528,3.6897196764584805e-07,0.012476425617933273,0.0005271605477901176,0.004088034853339195,catatumbo,UNICO,23601.0,23601.375,3.0
0.014631210826337337,0.07207348942756653,7.218448700996305e-07,0.019502597860991955,0.006270611193031073,0.002434586873278022,catatumbo,UNICO,23601.333,23601.708,3.0
0.02781643345952034,0.04803774878382683,9.697995153601369e-07,0.02866664808243513,0.005964466487057507,0.003656968707218766,catatumbo,UNICO,23601.667,23602.042,3.0
0.009564895182847977,0.0826567243784666,6.023931575782626e-07,0.029627656564116478,0.002857546031009406,0.0015759336529299617,catatumbo,UNICO,23602.333,23602.708,3.0
0.12162961065769196,0.00762294651940465,9.972671932700905e-08,3.673449555208208e-05,4.4087369133194443e-07,0.8269528150558472,catatumbo,SPEAKER_03,23602.667,23603.042,3.0
0.015991607680916786,0.06467639561742544,1.0112127029060503e-06,0.0013645504950545728,0.004392616101540625,0.0037592065054923296,catatumbo,SPEAKER_03,23603.0,23603.375,3.0
0.0021243304945528507,0.13710032775998116,3.8861412576807197e-07,0.0007685209275223315,2.1836234282091027e-05,0.22765009105205536,catatumbo,SPEAKER_03,23603.333,23603.708,3.0
0.0024730134755373,0.07394513860344887,1.18619607292203e-06,0.017941558733582497,0.006831858307123184,0.001870989566668868,catatumbo,SPEAKER_03,23603.667,23604.042,3.0
0.0011891077738255262,0.15254434198141098,1.1718049961473298e-06,0.2557532861828804,0.014382905792444944,0.006432118359953165,catatumbo,SPEAKER_03,23604.0,23604.375,3.0
0.001794616226106882,0.16066426038742065,5.59275463274389e-07,0.2247248739004135,0.000515017774887383,0.005506469402462244,catatumbo,SPEAKER_03,23604.333,23604.708,3.0
0.004387546796351671,0.12220777198672295,7.716281800185243e-07,0.10225667431950569,0.007188366260379553,0.006692679598927498,catatumbo,SPEAKER_03,23604.667,23605.042,3.0
0.004790458362549543,0.11005134508013725,7.030529189933077e-07,0.011344302911311388,0.0013649391185026616,0.0014160305727273226,catatumbo,UNICO,23605.333,23605.708,3.0
0.001877494272775948,0.08900130912661552,3.8738754426503874e-07,0.004970251815393567,0.00010269613994751126,0.004913113079965115,catatumbo,UNICO,23605.667,23606.042,3.0
0.00334870140068233,0.08425383269786835,5.124996604877197e-07,0.0073510934598743916,0.0011449390731286258,0.00353593984618783,catatumbo,UNICO,23606.0,23606.375,3.0
0.002457756781950593,0.06148405000567436,6.435218153910682e-07,0.07771435752511024,0.008661613333970308,0.0020173396915197372,catatumbo,UNICO,23606.333,23606.708,3.0
0.013633167371153831,0.03292212262749672,1.3003130447941658e-06,0.12213053181767464,0.008367050206288695,0.0005133550148457289,catatumbo,SPEAKER_03,23606.667,23607.042,3.0
0.00447184918448329,0.1509871482849121,4.698183388995858e-07,0.009756387677043676,0.0003694444749271497,0.01947152242064476,catatumbo,SPEAKER_03,23607.0,23607.375,3.0
0.015075517818331718,0.05080441199243069,3.128067902480325e-07,0.013330735266208649,0.0005857515498064458,0.005206653382629156,catatumbo,UNICO,23607.333,23607.708,3.0
0.002921351697295904,0.15150436013936996,3.910437627041574e-07,0.015853221528232098,0.0006304587877821177,0.004746934399008751,catatumbo,UNICO,23607.667,23608.042,3.0
0.016245035454630852,0.05775232054293156,5.465397237003344e-07,0.0011098144750576466,0.0006567864475073293,0.015018042176961899,catatumbo,UNICO,23608.333,23608.708,3.0
0.01331725250929594,0.09878059104084969,6.863334363060858e-07,0.0013844180502928793,0.0010215905494987965,0.030621366575360298,catatumbo,SPEAKER_03,23608.667,23609.042,3.0
0.00892216432839632,0.07921909168362617,1.806948866089897e-07,0.0011862235551234335,2.7039894803237985e-06,0.1641434282064438,catatumbo,SPEAKER_03,23609.0,23609.375,3.0
0.012970753945410252,0.08028542250394821,2.8321524681018673e-07,0.0015670817228965461,1.0723041214077966e-05,0.13361628353595734,catatumbo,SPEAKER_03,23609.333,23609.708,3.0
0.0036104016471654177,0.11708575487136841,5.337930772952859e-07,0.06795476004481316,0.00554388330783695,0.007667775731533766,catatumbo,SPEAKER_03,23609.667,23610.042,3.0
0.002361779799684882,0.20197688788175583,9.349110285938877e-07,0.18907306343317032,0.005265462212264538,0.010521438904106617,catatumbo,SPEAKER_03,23610.0,23610.375,3.0
0.0030050913337618113,0.12099076062440872,4.34339668231587e-07,0.0036717995535582304,0.0007652061758562922,0.06672339141368866,catatumbo,SPEAKER_03,23610.333,23610.708,3.0
0.0017171574290841818,0.1520858369767666,5.537083325179992e-07,0.07561486214399338,0.01349031412974,0.006129395682364702,catatumbo,SPEAKER_03,23610.667,23611.042,3.0
0.002770978957414627,0.14566966146230698,5.794971400518989e-07,0.01228828402236104,0.00992587860673666,0.0033721483778208494,catatumbo,UNICO,23611.333,23611.708,3.0
0.0025778962299227715,0.07147500291466713,2.8793088091561003e-07,0.0013681589625775814,0.00022721393906977028,0.15786002576351166,catatumbo,SPEAKER_03,23611.667,23612.042,3.0
0.006284802220761776,0.05020966753363609,3.7843973643703066e-07,0.004509406280703843,0.0009949635132215917,0.006527166347950697,catatumbo,SPEAKER_03,23612.0,23612.375,3.0
0.009974425658583641,0.055088166147470474,7.447413850059093e-07,0.040035657584667206,0.005630027502775192,0.0010822650510817766,catatumbo,SPEAKER_03,23612.333,23612.708,3.0
0.006411763373762369,0.08168188482522964,6.633058973193329e-07,0.003964241244830191,0.0013400468160398304,0.00978842657059431,catatumbo,SPEAKER_03,23612.667,23613.042,3.0
0.003123093396425247,0.2189592346549034,4.3566352303514577e-07,0.0017022074898704886,0.000463934637082275,0.05713963136076927,catatumbo,UNICO,23613.0,23613.375,3.0
0.017740536481142044,0.08789630979299545,1.6613762099382257e-07,0.0007969771104399115,1.4066696394365863e-05,0.20914404094219208,catatumbo,UNICO,23613.333,23613.708,3.0
0.002130449516698718,0.09837095811963081,3.214513313309908e-07,0.024772534146904945,0.0014278330781962723,0.003216204699128866,catatumbo,SPEAKER_03,23613.667,23614.042,3.0
0.0084727443754673,0.10384352132678032,4.6917742224650283e-07,0.06832686811685562,0.0024405880249105394,0.007471537217497826,catatumbo,SPEAKER_03,23614.333,23614.708,3.0
0.0074542309157550335,0.1293478086590767,4.1345150236793415e-07,0.04023784399032593,0.0022711805650033057,0.006960989907383919,catatumbo,SPEAKER_03,23614.667,23615.042,3.0
0.013651826418936253,0.10345508903265,3.630429930012724e-07,0.013436763547360897,0.0013666437880601734,0.008520511910319328,catatumbo,UNICO,23615.0,23615.375,3.0
0.01643802784383297,0.021238078363239765,5.5308257174147e-07,0.006226909114047885,0.0008620674489066005,0.002498963847756386,catatumbo,UNICO,23615.333,23615.708,3.0
0.008921821601688862,0.04356668144464493,7.514092317251198e-07,0.05038134753704071,0.0007369844533968717,0.0007297811098396778,catatumbo,SPEAKER_03,23615.667,23616.042,3.0
0.010194455273449421,0.12161210179328918,3.672585187075583e-07,0.0013882770435884595,6.779542127333116e-05,0.10147508978843689,catatumbo,SPEAKER_03,23616.0,23616.375,3.0
0.008742494508624077,0.13673799484968185,3.08278195859657e-07,0.006029124371707439,0.0015190247213467956,0.07134272903203964,catatumbo,SPEAKER_03,23616.333,23616.708,3.0
0.006985311862081289,0.24122357368469238,2.270707604168365e-07,0.0015223469818010926,0.00013049323388258927,0.10758990049362183,catatumbo,SPEAKER_03,23616.667,23617.042,3.0
0.013482652604579926,0.12669755518436432,1.1608789236561279e-06,0.008439137833192945,0.015009354799985886,0.0031933540012687445,catatumbo,SPEAKER_03,23617.333,23617.708,3.0
0.007187421899288893,0.10564113035798073,8.107162727810646e-07,0.004155968665145338,0.008476984919980168,0.002190635073930025,catatumbo,UNICO,23617.667,23618.042,3.0
0.011142495088279247,0.13119204342365265,1.3331950015071925e-06,0.013152260333299637,0.009666083613410592,0.001083041774109006,catatumbo,UNICO,23618.0,23618.375,3.0
0.003898974508047104,0.2651657164096832,1.0282821349960614e-07,0.0001913307496579364,2.0117902010952093e-07,0.5817171931266785,catatumbo,SPEAKER_03,23618.333,23618.708,3.0
0.003170528681948781,0.3128984570503235,1.4487238431115657e-07,0.0006953112606424838,7.637498583790148e-06,0.33087000250816345,catatumbo,SPEAKER_03,23618.667,23619.042,3.0
0.005407241638749838,0.15240401774644852,2.812243735661468e-07,0.0011137509136460721,2.597323918962502e-05,0.05274983122944832,catatumbo,SPEAKER_03,23619.0,23619.375,3.0
0.0001532248134026304,0.40920601785182953,9.378586014463508e-07,0.3542725592851639,0.0017519252724014223,0.012975748628377914,catatumbo,SPEAKER_03,23619.333,23619.708,3.0
0.00042595132254064083,0.2676854580640793,1.0402401642295445e-06,0.44784775376319885,0.0017034118645824492,0.012057647109031677,catatumbo,SPEAKER_03,23619.667,23620.042,3.0
0.0008582118316553533,0.2202962562441826,1.5928203538351227e-06,0.06523087248206139,0.012001308146864176,0.004586279392242432,catatumbo,SPEAKER_03,23620.333,23620.708,3.0
0.0008964574662968516,0.1665726825594902,5.640988121058399e-07,0.12253778427839279,0.0009362064593005925,0.002286226022988558,catatumbo,SPEAKER_03,23620.667,23621.042,3.0
0.0003968596283812076,0.14927876740694046,2.957817812898611e-07,0.10267255827784538,0.0006711158493999392,0.012985718436539173,catatumbo,UNICO,23621.0,23621.375,3.0
0.0011663007317110896,0.07170387730002403,5.8056889429281e-07,0.1399979665875435,0.0053911712020635605,0.004629730712622404,catatumbo,UNICO,23621.333,23621.708,3.0
0.0001799171295715496,0.19016646593809128,4.1192360100694714e-07,0.04671832546591759,0.006164838094264269,0.0020627023186534643,catatumbo,UNICO,23621.667,23622.042,3.0
9.856073302216828e-05,0.2026367336511612,1.7480591196772366e-07,0.041138917207717896,0.0001980789893423207,0.0027863571885973215,catatumbo,UNICO,23622.0,23622.375,3.0
0.0004383586347103119,0.09075873345136642,2.018888309862632e-07,0.11183251813054085,1.9494417756504845e-05,0.006382642779499292,catatumbo,UNICO,23622.333,23622.708,3.0
0.00021934855612926185,0.16011959314346313,3.3139553323735527e-07,0.21982798725366592,0.00032837157777976245,0.0009232483571395278,catatumbo,UNICO,23622.667,23623.042,3.0
0.004274420440196991,0.10272824391722679,7.35416108454956e-07,0.00665918318554759,0.002318553626537323,0.0025268783792853355,catatumbo,UNICO,23623.333,23623.708,3.0
0.004589129704982042,0.1226177029311657,4.692098229952535e-07,0.005069643259048462,0.001399682485498488,0.006284765899181366,catatumbo,UNICO,23623.667,23624.042,3.0
0.007171737030148506,0.18211039155721664,5.430398317685103e-07,0.008022751193493605,0.0025817054556682706,0.00587178161367774,catatumbo,UNICO,23624.0,23624.375,3.0
0.0047363778576254845,0.1193806529045105,4.278038403526807e-07,0.000985545280855149,0.0009942655451595783,0.014315624721348286,catatumbo,UNICO,23624.333,23624.708,3.0
0.00453208340331912,0.05395262688398361,4.3528937965220393e-07,0.028461303561925888,0.0010683105501811951,0.03119179606437683,catatumbo,SPEAKER_03,23624.667,23625.042,3.0
0.011633136309683323,0.03100826032459736,2.0086383756279247e-06,0.38377469778060913,0.009550055488944054,0.002004256471991539,catatumbo,SPEAKER_03,23625.0,23625.375,3.0
0.004062733147293329,0.03443190921097994,3.2697639085199626e-07,0.051409121602773666,0.0009576356678735465,0.005598901771008968,catatumbo,SPEAKER_03,23625.333,23625.708,3.0
0.002090631052851677,0.08975092135369778,3.1750590778756305e-07,0.044158995151519775,0.0066123283468186855,0.0044390494003891945,catatumbo,UNICO,23625.667,23626.042,3.0
0.0016463561914861202,0.25262685120105743,2.462317638673994e-07,0.01270226202905178,0.005339018069207668,0.002889838069677353,catatumbo,UNICO,23626.333,23626.708,3.0
0.002798553090542555,0.1603226661682129,4.5781820290358155e-07,0.0063246062491089106,0.005996613414026797,0.0033118592109531164,catatumbo,UNICO,23626.667,23627.042,3.0
0.0007219256367534399,0.229121632874012,6.731778228186158e-07,0.009495643898844719,0.011138405883684754,0.002136644208803773,catatumbo,UNICO,23627.0,23627.375,3.0
0.001934414030984044,0.271974615752697,1.1449497350213278e-06,0.004414414637722075,0.014534933492541313,0.001878527458757162,catatumbo,UNICO,23627.333,23627.708,3.0
0.0017951312474906445,0.16973969340324402,6.421444993520709e-07,0.029535828158259392,0.02802595403045416,0.0021569167729467154,catatumbo,UNICO,23627.667,23628.042,3.0
0.0009971139952540398,0.2607223391532898,9.283542112825671e-07,0.003207101020962,0.004881617845967412,0.007413206622004509,catatumbo,UNICO,23628.0,23628.375,3.0
0.004999143071472645,0.041521329432725906,9.439101660291271e-07,0.019195742905139923,0.012146778404712677,0.011225968599319458,catatumbo,SPEAKER_03,23628.333,23628.708,3.0
0.0009687214042060077,0.09935290366411209,5.88546441804283e-07,0.08528590947389603,0.0019175796769559383,0.007633351720869541,catatumbo,SPEAKER_03,23628.667,23629.042,3.0
3.377050961717032e-05,0.42355482280254364,4.2263870625447453e-07,0.2145785465836525,0.0016547634731978178,0.01978599652647972,catatumbo,SPEAKER_03,23629.333,23629.708,3.0
0.00021492053929250687,0.3800622969865799,1.1603246719005256e-07,0.007271215319633484,0.000759987800847739,0.01196796353906393,catatumbo,SPEAKER_03,23629.667,23630.042,3.0
6.307003786787391e-06,0.5481660515069962,4.552536978508215e-07,0.05218183249235153,0.0011844689724966884,0.01778041385114193,catatumbo,SPEAKER_03,23630.0,23630.375,3.0
4.3490650568855926e-05,0.29788757860660553,2.3813582572529413e-07,3.590609776438214e-05,3.752337761397939e-06,0.5089422464370728,catatumbo,SPEAKER_03,23630.333,23630.708,3.0
0.0003592924331314862,0.37852155417203903,2.524049520502558e-07,0.01208594162017107,0.0009368129540234804,0.018788373097777367,catatumbo,SPEAKER_03,23630.667,23631.042,3.0
0.002410318236798048,0.15912369638681412,3.0944759288331625e-07,0.01028234837576747,0.0027896640822291374,0.005041205789893866,catatumbo,UNICO,23631.0,23631.375,3.0
0.0010211557382717729,0.14883394911885262,3.7645534689545457e-07,0.005548466462641954,0.005404040915891528,0.0013336188858374953,catatumbo,UNICO,23631.333,23631.708,3.0
0.0006264655967243016,0.1508287936449051,3.1410426970523986e-07,0.0030530422227457166,0.002303046057932079,0.0024581917095929384,catatumbo,UNICO,23631.667,23632.042,3.0
0.00508918846026063,0.10302339866757393,6.274134705108736e-07,0.026727094314992428,0.0006099577585700899,0.007173339370638132,catatumbo,SPEAKER_03,23632.333,23632.708,3.0
0.001126216142438352,0.3471321016550064,3.1701106451009764e-07,0.059237513691186905,4.817737499251962e-05,0.04943183436989784,catatumbo,SPEAKER_03,23632.667,23633.042,3.0
0.0015836888924241066,0.2978965491056442,6.123692060100439e-07,0.18042442202568054,0.0016027430538088083,0.0027214305009692907,catatumbo,SPEAKER_03,23633.0,23633.375,3.0
0.0017603288870304823,0.3606249541044235,3.142659181776253e-07,0.06486809998750687,0.003717637970112264,0.001314045861363411,catatumbo,UNICO,23633.333,23633.708,3.0
0.0013542532688006759,0.388122096657753,5.09108900814681e-07,0.0878484956920147,0.0038602681597694755,0.0010601731482893229,catatumbo,UNICO,23633.667,23634.042,3.0
0.00010404621571069583,0.44128040969371796,6.42459497157688e-07,0.6234237849712372,0.0020862894598394632,0.006529183126986027,catatumbo,SPEAKER_03,23634.0,23634.375,3.0
0.0006545284995809197,0.16875936836004257,3.109108206444944e-07,1.7175370885524899e-06,3.9897828401080915e-06,0.9263195395469666,catatumbo,SPEAKER_03,23634.333,23634.708,3.0
0.00016864262579474598,0.4061632305383682,1.2836661333892607e-07,0.002575841499492526,9.92236782622058e-05,0.03664936125278473,catatumbo,SPEAKER_03,23634.667,23635.042,3.0
0.0015554509591311216,0.30203138291835785,4.6888335702988115e-07,0.02060698764398694,0.0027475853567011654,0.015067986212670803,catatumbo,SPEAKER_03,23635.333,23635.708,3.0
0.0004088284622412175,0.33028534054756165,5.428679301644479e-07,0.0031875676941126585,0.0012444176827557385,0.0005409654695540667,catatumbo,UNICO,23635.667,23636.042,3.0
0.00047638575779274106,0.23444434255361557,3.741910887811173e-07,0.017928002402186394,0.0008236783323809505,0.0012395060621201992,catatumbo,UNICO,23636.0,23636.375,3.0
2.798290915961843e-05,0.2706455588340759,2.7515277167822205e-07,0.4786289781332016,0.0002420162782073021,0.005925929173827171,catatumbo,UNICO,23636.333,23636.708,3.0
0.0002845079288817942,0.2530018016695976,5.976714305688802e-07,0.3047528713941574,0.0032978930976241827,0.001236256561242044,catatumbo,SPEAKER_03,23636.667,23637.042,3.0
0.0006960385944694281,0.18360261619091034,1.8636055187926104e-07,0.004072355339303613,2.7861131457029842e-05,0.04557574540376663,catatumbo,SPEAKER_03,23637.0,23637.375,3.0
0.002359506906941533,0.20189504325389862,3.278999756162193e-07,0.028527433052659035,0.0012709384027402848,0.008521569892764091,catatumbo,SPEAKER_03,23637.333,23637.708,3.0
0.0047256662510335445,0.14851199463009834,6.292322893841629e-07,0.0948958732187748,0.022565600462257862,0.002599637256935239,catatumbo,SPEAKER_03,23637.667,23638.042,3.0
0.010763300582766533,0.08018256723880768,9.677709158495418e-07,0.011799013242125511,0.003950293292291462,0.0025334057863801718,catatumbo,UNICO,23638.333,23638.708,3.0
0.0016208845190703869,0.24739445745944977,6.176038169769527e-07,0.0011156854452565312,0.0001274630121770315,0.12446719408035278,catatumbo,SPEAKER_03,23638.667,23639.042,3.0
0.0014540289994329214,0.18052859604358673,5.04268044210221e-07,0.008177329320460558,0.00051640767196659,0.004036230966448784,catatumbo,SPEAKER_03,23639.0,23639.375,3.0
0.0044431015849113464,0.23570332676172256,8.067864314398321e-07,0.2013382613658905,0.009307794040068984,0.005466999486088753,catatumbo,SPEAKER_03,23639.333,23639.708,3.0
0.007117488421499729,0.14726565033197403,8.93496959974982e-07,0.021710887551307678,0.001953845960088074,0.002782190451398492,catatumbo,SPEAKER_03,23639.667,23640.042,3.0
0.0008794088498689234,0.14950407296419144,6.879822436189897e-07,0.06127961538732052,0.007225559209473431,0.0005124618182890117,catatumbo,UNICO,23640.0,23640.375,3.0
0.000609358714427799,0.20041630417108536,4.5675710680370685e-07,0.04044925235211849,0.000592918717302382,0.000971902918536216,catatumbo,UNICO,23640.333,23640.708,3.0
0.0015260077780112624,0.17388978600502014,4.137489213462686e-07,0.02591417357325554,0.002634797536302358,0.006087865214794874,catatumbo,UNICO,23640.667,23641.042,3.0
0.00043344550067558885,0.24987926334142685,5.244723340069868e-07,0.0013434307766146958,0.0006235124164959416,0.023404065519571304,catatumbo,UNICO,23641.333,23641.708,3.0
0.0022529971320182085,0.14958922564983368,4.6375171081081135e-07,0.002707790583372116,0.0023369552800431848,0.00875376258045435,catatumbo,UNICO,23641.667,23642.042,3.0
0.003647783538326621,0.14075405150651932,7.19512414093515e-07,0.0007540151418652385,0.0005546388929360546,0.023011263459920883,catatumbo,UNICO,23642.0,23642.375,3.0
0.004797706846147776,0.13922975212335587,4.937371258506573e-07,0.0004907728143734857,0.000216011318116216,0.037815481424331665,catatumbo,UNICO,23642.333,23642.708,3.0
0.000861491949763149,0.34003946185112,7.617510675572703e-07,0.01370408060029149,0.0014323907089419663,0.02268204092979431,catatumbo,SPEAKER_03,23642.667,23643.042,3.0
0.0018977951258420944,0.18642130494117737,3.828994152854648e-07,0.0007296973490156233,8.713548777450342e-05,0.14074327051639557,catatumbo,SPEAKER_03,23643.0,23643.375,3.0
0.0026707532815635204,0.1369323953986168,3.388614153720937e-07,0.001721888198517263,0.0001714240170258563,0.15736204385757446,catatumbo,SPEAKER_03,23643.333,23643.708,3.0
0.0021218513138592243,0.14064805954694748,5.372024958205657e-07,0.263538159430027,0.00020105561998207122,0.010772782377898693,catatumbo,SPEAKER_03,23643.667,23644.042,3.0
0.0012442683801054955,0.21288102120161057,2.2482692685343864e-07,0.03634205088019371,1.8481535789760528e-05,0.11397010833024979,catatumbo,SPEAKER_03,23644.333,23644.708,3.0
0.000869069539476186,0.29904915392398834,3.5667240183556714e-07,0.01654539629817009,0.00032937010837486014,0.05276227742433548,catatumbo,SPEAKER_03,23644.667,23645.042,3.0
0.0009632017463445663,0.3748805671930313,3.1634947461611773e-07,0.005259042605757713,0.00021491031657205895,0.07236478477716446,catatumbo,UNICO,23645.0,23645.375,3.0
0.0014644083566963673,0.3264279216527939,2.6725026458507273e-07,0.008672267431393266,0.0002302354623680003,0.04228057339787483,catatumbo,UNICO,23645.333,23645.708,3.0
0.001256930991075933,0.3367265909910202,2.2514129938144833e-07,0.0063359541818499565,0.00013765625044470653,0.06844589114189148,catatumbo,UNICO,23645.667,23646.042,3.0
0.0016129929572343826,0.3145342916250229,3.0061158184935266e-07,0.003173476434312761,0.00036086063482798636,0.04753710702061653,catatumbo,UNICO,23646.0,23646.375,3.0
0.0030047972686588764,0.13178632780909538,1.921309724650655e-07,0.004863043432123959,0.0005389208236010745,0.03005760908126831,catatumbo,UNICO,23646.333,23646.708,3.0
0.001884512952528894,0.4367331266403198,5.871436599136359e-07,0.03832931537181139,0.0012127129302825779,0.012494942173361778,catatumbo,UNICO,23646.667,23647.042,3.0
0.008684906177222729,0.20405416935682297,1.2492236862726713e-06,0.04061234276741743,0.006019249092787504,0.002222770359367132,catatumbo,SPEAKER_03,23647.333,23647.708,3.0
0.0016095765167847276,0.1849164441227913,1.849686782406934e-06,0.06870759837329388,0.008114972617477179,0.00031198226497508585,catatumbo,UNICO,23647.667,23648.042,3.0
0.0076178498566150665,0.11840678751468658,1.2689366712947958e-06,0.05432957224547863,0.03017980046570301,0.0004703117592725903,catatumbo,UNICO,23648.0,23648.375,3.0
0.0018705762922763824,0.20215853303670883,1.118344279404937e-07,0.00035010045394301414,5.783000602832544e-07,0.6984847784042358,catatumbo,UNICO,23648.333,23648.708,3.0
0.006986129097640514,0.17077264934778214,2.2574274538555983e-07,0.004366699373349547,4.978435572411399e-05,0.032023556530475616,catatumbo,SPEAKER_03,23648.667,23649.042,3.0
0.0003993607824668288,0.3833093196153641,9.74412628806931e-07,0.11772967502474785,0.009032181929796934,0.0017557247774675488,catatumbo,SPEAKER_03,23649.0,23649.375,3.0
0.0013212438207119703,0.20931333303451538,2.438241608615499e-07,0.039492350071668625,0.000764071533922106,0.013379781506955624,catatumbo,SPEAKER_03,23649.333,23649.708,3.0
0.0008971782517619431,0.28784286975860596,2.895846797912327e-07,0.05413753725588322,0.0015035884862300009,0.004164316225796938,catatumbo,SPEAKER_03,23649.667,23650.042,3.0
0.003424915252253413,0.23216941952705383,2.3877958454932013e-07,0.00157277996186167,0.0001609841565368697,0.03965264558792114,catatumbo,UNICO,23650.333,23650.708,3.0
0.000474281347123906,0.1918516308069229,2.0867582151140596e-07,0.0020431624725461006,0.000759467322495766,0.021070215851068497,catatumbo,UNICO,23650.667,23651.042,3.0
0.005526907742023468,0.13681931048631668,3.1914518672238046e-07,0.01610752660781145,9.985560973291285e-05,0.014571763575077057,catatumbo,SPEAKER_03,23651.0,23651.375,3.0
0.0033742578234523535,0.23907137662172318,7.464947202606709e-07,0.029681243002414703,0.00828120275400579,0.017599565908312798,catatumbo,SPEAKER_03,23651.333,23651.708,3.0
0.0021316756028681993,0.21896883845329285,8.441203078746184e-07,0.00576002080924809,0.0014554517983924598,0.009678690694272518,catatumbo,SPEAKER_03,23651.667,23652.042,3.0
0.0015750554157420993,0.23904291540384293,1.704388608914087e-06,0.033693498000502586,0.0016932840808294713,0.0053817215375602245,catatumbo,SPEAKER_03,23652.0,23652.375,3.0
0.0011846973793581128,0.2026018351316452,4.857523521195617e-07,0.0021227703255135566,0.0002695169605431147,0.023361431434750557,catatumbo,SPEAKER_03,23652.333,23652.708,3.0
0.0019548083655536175,0.19042083621025085,5.067390844715192e-07,0.012096868362277746,0.002806025033351034,0.0051763770170509815,catatumbo,SPEAKER_03,23652.667,23653.042,3.0
0.001397967105731368,0.29937927424907684,6.642684837743218e-07,0.1833001747727394,0.009999647503718734,0.0033803675323724747,catatumbo,SPEAKER_03,23653.333,23653.708,3.0
0.001020503230392933,0.24466118961572647,5.363691997217757e-07,0.40558867156505585,0.0028620564844459295,0.003910040482878685,catatumbo,SPEAKER_03,23653.667,23654.042,3.0
0.0004978802753612399,0.302045077085495,1.9515149674020904e-07,0.05290796048939228,0.00036545368493534625,0.02107563428580761,catatumbo,SPEAKER_03,23654.0,23654.375,3.0
0.00018017980619333684,0.4258388429880142,2.1752492074256224e-07,0.01072084391489625,5.482143933477346e-05,0.0020480151288211346,catatumbo,UNICO,23654.333,23654.708,3.0
0.00058333994820714,0.24841871857643127,3.5917330265533565e-07,0.0006900067382957786,1.6570906154811382e-05,0.006389716174453497,catatumbo,UNICO,23654.667,23655.042,3.0
0.0005137174157425761,0.37877610325813293,8.425383697385769e-07,0.059689028188586235,0.0014641814632341266,8.280335168819875e-05,catatumbo,UNICO,23655.0,23655.375,3.0
0.0002910282928496599,0.4126655012369156,6.903479174980021e-07,0.007586598629131913,0.0008536646055290475,0.0004095385957043618,catatumbo,UNICO,23655.333,23655.708,3.0
0.00038052667514421046,0.41423535346984863,3.927526748270793e-07,0.0022330358624458313,0.002830181852914393,0.0018073099199682474,catatumbo,UNICO,23655.667,23656.042,3.0
0.0007924182573333383,0.3401808440685272,3.2162321161877117e-07,0.004025863134302199,0.0007753834070172161,0.004323616158217192,catatumbo,UNICO,23656.333,23656.708,3.0
0.0005087380413897336,0.290727362036705,2.8151088571348737e-07,0.0111038270406425,0.0014415504992939532,0.0016566552221775055,catatumbo,UNICO,23656.667,23657.042,3.0
0.0035319689195603132,0.16788160800933838,2.6372948980224464e-07,0.008926187176257372,0.001023638847982511,0.0020779850892722607,catatumbo,UNICO,23657.0,23657.375,3.0
0.004011394456028938,0.22178087383508682,1.120041588364984e-06,0.22911019623279572,0.008904417045414448,0.0007206553127616644,catatumbo,SPEAKER_03,23657.333,23657.708,3.0
0.0012278739595785737,0.20411881804466248,3.050333177156972e-07,0.002565620234236121,0.00020064585623913445,0.03864090144634247,catatumbo,UNICO,23657.667,23658.042,3.0
0.0013763672905042768,0.20286934822797775,2.886977199523244e-07,0.009298790711909533,0.0016221630503423512,0.007080895826220512,catatumbo,UNICO,23658.0,23658.375,3.0
0.00012821781274396926,0.3399753123521805,2.7515164902069955e-07,0.012501731980592012,0.001885051082354039,0.008584422059357166,catatumbo,UNICO,23658.333,23658.708,3.0
0.00027570987003855407,0.15964017808437347,3.0872637424295135e-07,0.011021274141967297,0.001046308723744005,0.00870352704077959,catatumbo,UNICO,23658.667,23659.042,3.0
0.0001703905436443165,0.3462194800376892,2.0581284942977618e-07,0.04274245724081993,0.0010606970463413745,0.019733944907784462,catatumbo,SPEAKER_03,23659.333,23659.708,3.0
0.00016217457596212626,0.3834076076745987,2.7915650946397363e-07,0.2198820412158966,0.0013409839593805373,0.020655972883105278,catatumbo,SPEAKER_03,23659.667,23660.042,3.0
9.175584273179993e-05,0.3927137404680252,1.1936730359707326e-07,0.008142900420352817,0.00021543081675190479,0.04841130971908569,catatumbo,SPEAKER_03,23660.0,23660.375,3.0
0.00016173723270185292,0.4206524044275284,1.5010140685944862e-07,0.0028193462640047073,0.00031703572312835604,0.05885165184736252,catatumbo,SPEAKER_03,23660.333,23660.708,3.0
0.00015148025704547763,0.3787548243999481,7.735123830343582e-08,0.0016448909300379455,1.3069638498564018e-05,0.05714651569724083,catatumbo,SPEAKER_03,23660.667,23661.042,3.0
0.00013857281010132283,0.34665240347385406,2.019463636315777e-07,0.1984260380268097,0.0005080679984530434,0.016102192923426628,catatumbo,SPEAKER_03,23661.0,23661.375,3.0
0.00040068250382319093,0.35901084542274475,4.316159945005893e-07,0.054315235465765,0.0007221040723379701,0.03276679292321205,catatumbo,SPEAKER_03,23661.333,23661.708,3.0
0.00040722807170823216,0.3566538393497467,6.945865322904865e-07,0.10084132850170135,0.01667612185701728,0.0073606395162642,catatumbo,SPEAKER_03,23661.667,23662.042,3.0
0.0009978176094591618,0.28248395025730133,6.247408208537308e-07,0.06915909424424171,0.005167858209460974,0.0021904204040765762,catatumbo,SPEAKER_03,23662.333,23662.708,3.0
0.00027999281883239746,0.38728635013103485,9.631414243926884e-08,0.003102803137153387,6.325040772026114e-06,0.43582385778427124,catatumbo,SPEAKER_03,23662.667,23663.042,3.0
0.0001653873041504994,0.42900970578193665,5.039594839217898e-07,0.026960916817188263,0.0028610039153136313,0.006864964496344328,catatumbo,SPEAKER_03,23663.0,23663.375,3.0
0.002002335386350751,0.2100563943386078,6.045199683057945e-07,0.12430866807699203,0.01397390989586711,0.0013012170093134046,catatumbo,SPEAKER_03,23663.333,23663.708,3.0
0.0005604783073067665,0.3643815219402313,8.804037179288571e-07,0.07090712897479534,0.019743986427783966,0.00090954196639359,catatumbo,UNICO,23663.667,23664.042,3.0
0.0010423925705254078,0.20618722587823868,7.766251428620308e-07,0.05502822995185852,0.023405155166983604,0.0010193478083238006,catatumbo,UNICO,23664.0,23664.375,3.0
0.0005690403049811721,0.2611135244369507,1.1481105559596472e-06,0.16445928812026978,0.013790567871183157,0.0007935918401926756,catatumbo,SPEAKER_03,23664.333,23664.708,3.0
0.0009233117452822626,0.2627156376838684,4.6872565917510656e-07,0.06779809296131134,0.0010209903412032872,0.05819382518529892,catatumbo,SPEAKER_03,23664.667,23665.042,3.0
0.0005546265747398138,0.2263234481215477,6.315616900565146e-07,0.03574524912983179,0.0007923034718260169,0.005660015624016523,catatumbo,SPEAKER_03,23665.333,23665.708,3.0
0.00020249307272024453,0.3452340066432953,6.642451069183153e-07,0.0003317168011562899,0.00012144488755438942,0.2371540516614914,catatumbo,SPEAKER_03,23665.667,23666.042,3.0
0.00012576529115904123,0.3884270042181015,1.0670187862160674e-06,0.35713542997837067,0.001805281441193074,0.00543992780148983,catatumbo,SPEAKER_03,23666.0,23666.375,3.0
0.00016611527826171368,0.4228600859642029,2.629570943213366e-07,0.0005554192466661334,0.00011374998211977072,0.3823082745075226,catatumbo,SPEAKER_03,23666.333,23666.708,3.0
0.0003296721260994673,0.34257738292217255,1.1873940479745215e-06,0.5913196057081223,0.0035969987511634827,0.003332824446260929,catatumbo,SPEAKER_03,23666.667,23667.042,3.0
0.000215378197026439,0.34677574038505554,1.6633351265227247e-06,0.16355451196432114,0.014895467087626457,0.0010211120825260878,catatumbo,SPEAKER_03,23667.0,23667.375,3.0
0.00010962016676785424,0.444497749209404,3.4413449512271654e-07,0.055189087986946106,2.0627773210435407e-05,0.24749968945980072,catatumbo,SPEAKER_03,23667.333,23667.708,3.0
0.00035968434531241655,0.2275109440088272,1.3651868471242778e-06,0.5040688961744308,0.0023941362742334604,0.003643936710432172,catatumbo,SPEAKER_03,23667.667,23668.042,3.0
0.00013573444448411465,0.4136616438627243,3.14854254668262e-07,0.12817442789673805,0.004799733171239495,0.004985045175999403,catatumbo,UNICO,23668.333,23668.708,3.0
0.00010640227264957502,0.41985324025154114,2.7127796187187414e-07,0.250520683825016,0.0065933833830058575,0.005605114623904228,catatumbo,UNICO,23668.667,23669.042,3.0
0.00026619245181791484,0.38567882776260376,5.215436260641582e-07,0.209281824529171,0.009571828180924058,0.0037381609436124563,catatumbo,UNICO,23669.0,23669.375,3.0
0.0006668271962553263,0.20394211262464523,5.723925369238714e-07,0.02926610503345728,0.007365877274423838,0.006264497991651297,catatumbo,UNICO,23669.333,23669.708,3.0
0.0010428668465465307,0.22740750759840012,5.789493968677561e-07,0.0187864163890481,0.006385753629729152,0.00972366239875555,catatumbo,UNICO,23669.667,23670.042,3.0
0.00046159265912137926,0.27487602084875107,5.069714887895316e-07,0.007329822750762105,0.00407099723815918,0.011940889991819859,catatumbo,UNICO,23670.0,23670.375,3.0
0.0009291958413086832,0.2787478566169739,6.974456852049116e-07,0.004676321754232049,0.003979540662840009,0.006958069745451212,catatumbo,UNICO,23670.333,23670.708,3.0
0.0033369800075888634,0.15061859786510468,5.501661490825427e-07,0.0008234904089476913,0.00024245194072136655,0.016119835898280144,catatumbo,UNICO,23670.667,23671.042,3.0
0.0025501481723040342,0.09644907712936401,4.5306614993023686e-07,0.0011493494384922087,0.0001710311116767116,0.006756608374416828,catatumbo,UNICO,23671.333,23671.708,3.0
0.0006641383515670896,0.2654759809374809,4.0158449010618824e-07,0.004662073217332363,0.0007248456386150792,0.013364890590310097,catatumbo,UNICO,23671.667,23672.042,3.0
4.109665678697638e-05,0.47395774722099304,2.3317650033050086e-07,0.0029724009800702333,3.9170133277366403e-05,0.20126457512378693,catatumbo,SPEAKER_03,23672.0,23672.375,3.0
0.00015881785657256842,0.3554083853960037,2.9812795787620416e-07,0.4284827560186386,0.0016651808400638402,0.02811584807932377,catatumbo,SPEAKER_03,23672.333,23672.708,3.0
0.00014429066504817456,0.35195715725421906,2.531817742124076e-07,0.11896292865276337,0.0014641075977124274,0.01593124307692051,catatumbo,SPEAKER_03,23672.667,23673.042,3.0
0.0013447417877614498,0.1565619707107544,1.398083355752533e-07,0.005521989427506924,0.0002184603945352137,0.07661370933055878,catatumbo,SPEAKER_03,23673.0,23673.375,3.0
0.0002854109916370362,0.3646611422300339,1.2425175199837213e-07,0.015217387117445469,4.801872455573175e-05,0.09417953342199326,catatumbo,SPEAKER_03,23673.333,23673.708,3.0
0.0006565126241184771,0.1799820065498352,6.133645342742966e-07,0.03726552054286003,0.0025168724241666496,0.014785714447498322,catatumbo,SPEAKER_03,23673.667,23674.042,3.0
0.0004078434139955789,0.2913074195384979,2.511353329737176e-07,0.11695335805416107,0.005788788665086031,0.004762544296681881,catatumbo,UNICO,23674.333,23674.708,3.0
0.0008482174016535282,0.20976762473583221,2.953653961412783e-07,0.03627618029713631,0.006017454667016864,0.004117616452276707,catatumbo,UNICO,23674.667,23675.042,3.0
0.0009590623085387051,0.38250866532325745,4.007551837048595e-07,0.07100740820169449,0.013318225741386414,0.0024993347469717264,catatumbo,UNICO,23675.0,23675.375,3.0
0.0012807016028091311,0.358848974108696,4.3630849688724993e-07,0.06000202149152756,0.012166785541921854,0.003624425968155265,catatumbo,UNICO,23675.333,23675.708,3.0
0.0012731223832815886,0.30153903365135193,4.839706662096432e-07,0.03530656173825264,0.02198766591027379,0.0028096947353333235,catatumbo,UNICO,23675.667,23676.042,3.0
0.0012023492017760873,0.35217759013175964,4.849954109431565e-07,0.07293130084872246,0.010555107844993472,0.003271892201155424,catatumbo,UNICO,23676.0,23676.375,3.0
0.0028353650122880936,0.2618465721607208,4.3999433785302244e-07,0.05411522649228573,0.009101062547415495,0.0062444680370390415,catatumbo,UNICO,23676.333,23676.708,3.0
0.0018816243391484022,0.23673837631940842,3.748837116290815e-07,0.007074870401993394,0.002916497061960399,0.004508893471211195,catatumbo,UNICO,23676.667,23677.042,3.0
0.0007124205585569143,0.14857268333435059,1.6158885074446516e-07,0.18615136295557022,0.00012023147064610384,0.02942190133035183,catatumbo,SPEAKER_03,23677.333,23677.708,3.0
0.0026479833759367466,0.11522352695465088,1.3757576766693091e-07,0.011791861150413752,0.0027381994295865297,0.0261759664863348,catatumbo,SPEAKER_03,23677.667,23678.042,3.0
0.0011713753920048475,0.3483642190694809,3.414236999788045e-07,0.03049446828663349,0.009534173645079136,0.00640171067789197,catatumbo,SPEAKER_03,23678.0,23678.375,3.0
0.0010717803379520774,0.2926446422934532,5.882065181594953e-07,0.23050223290920258,0.00016357428103219718,0.01256550569087267,catatumbo,SPEAKER_03,23678.333,23678.708,3.0
0.0018364648567512631,0.23562490940093994,6.326908987830393e-07,0.002312476746737957,0.00040363019797950983,0.018615245819091797,catatumbo,SPEAKER_03,23678.667,23679.042,3.0
0.0013748338678851724,0.18147943913936615,8.284525634394413e-07,0.04209172539412975,0.0028884088969789445,0.0034821450244635344,catatumbo,SPEAKER_03,23679.0,23679.375,3.0
0.002290047938004136,0.18781978636980057,7.761017073448784e-07,0.009165681898593903,0.0014795585302636027,0.0043386234901845455,catatumbo,SPEAKER_03,23679.333,23679.708,3.0
0.0015531368553638458,0.3345053642988205,1.6234572797202418e-06,0.37533867359161377,0.0010685176530387253,0.005441186483949423,catatumbo,SPEAKER_03,23679.667,23680.042,3.0
0.00032477910281158984,0.2465137243270874,1.435772617242037e-06,0.07474520057439804,0.002827091724611819,0.03170106187462807,catatumbo,SPEAKER_03,23680.333,23680.708,3.0
0.0002783189993351698,0.23656447231769562,9.624830568100151e-07,0.25821685791015625,0.005658487789332867,0.0063324556685984135,catatumbo,SPEAKER_03,23680.667,23681.042,3.0
0.0003612148866523057,0.3301026225090027,1.945677574610727e-07,0.001740288338623941,0.00013126993871992454,0.06386815011501312,catatumbo,SPEAKER_03,23681.0,23681.375,3.0
0.0001782984909368679,0.41474899649620056,8.383671996625708e-07,0.2837209776043892,0.004571786033920944,0.0076996563002467155,catatumbo,SPEAKER_03,23681.333,23681.708,3.0
0.000429889012593776,0.20062699913978577,4.3101279345592047e-07,0.30960439145565033,0.000501803879160434,0.023362459614872932,catatumbo,SPEAKER_03,23681.667,23682.042,3.0
0.00015607431123498827,0.43685704469680786,5.26356345176282e-07,0.03211792465299368,0.0004002169953309931,0.0005051080952398479,catatumbo,SPEAKER_03,23682.0,23682.375,3.0
0.0002605401969049126,0.3594955503940582,3.282642069279973e-07,0.004665194428525865,5.1677397095772903e-05,0.002614274388179183,catatumbo,UNICO,23682.333,23682.708,3.0
0.0001823626080295071,0.38224779069423676,4.33135902255799e-07,0.06756382621824741,0.0002698691241675988,0.0002986723557114601,catatumbo,UNICO,23682.667,23683.042,3.0
0.0005388103309087455,0.2871289700269699,2.680479269656644e-07,0.020876348949968815,0.00046557326277252287,0.0036746489349752665,catatumbo,UNICO,23683.333,23683.708,3.0
0.0013810021337121725,0.28057362139225006,2.2337338378974891e-07,0.004286142066121101,0.00040760341653367504,0.00999306607991457,catatumbo,UNICO,23683.667,23684.042,3.0
0.013236884027719498,0.1394410952925682,3.7144018705248527e-07,0.003988628159277141,0.0008308466349262744,0.00940166786313057,catatumbo,UNICO,23684.0,23684.375,3.0
0.00047261069994419813,0.40092237293720245,3.2757572299146887e-07,0.011768398340791464,0.00030874523508828133,0.007227838039398193,catatumbo,SPEAKER_03,23684.333,23684.708,3.0
0.010927210561931133,0.1483524814248085,2.4939290597103536e-06,0.16305512934923172,0.0045731705613434315,0.0014662881148979068,catatumbo,SPEAKER_03,23684.667,23685.042,3.0
0.008039241656661034,0.10211503133177757,2.58284251231089e-06,0.2893373593688011,0.008492218796163797,0.00037801815778948367,catatumbo,SPEAKER_03,23685.0,23685.375,3.0
0.0014907390577718616,0.28298912942409515,2.0770399942193762e-06,0.47310970723629,0.0077918535098433495,0.002457346534356475,catatumbo,SPEAKER_03,23685.333,23685.708,3.0
0.0011167097836732864,0.04796247370541096,2.2888337980475626e-06,0.07378146052360535,0.009248882299289107,0.02465524710714817,catatumbo,SPEAKER_03,23685.667,23686.042,3.0
0.0001962438109330833,0.2549075409770012,5.845897987910575e-07,0.26092037558555603,0.0021718134521506727,0.01031822431832552,catatumbo,SPEAKER_03,23686.333,23686.708,3.0
0.0005930117331445217,0.33450089395046234,1.236049229191849e-06,0.05025827698409557,0.012060228269547224,0.003131154226139188,catatumbo,SPEAKER_03,23686.667,23687.042,3.0
0.00024037550610955805,0.34010010957717896,7.858991466491716e-07,0.104507215321064,0.015991350170224905,0.0019066808745265007,catatumbo,SPEAKER_03,23687.0,23687.375,3.0
0.0006356554222293198,0.19674097746610641,1.0118037323536555e-06,0.10547054186463356,0.014017395675182343,0.005484699737280607,catatumbo,UNICO,23687.333,23687.708,3.0
0.0009814865188673139,0.12338384427130222,1.1582567367440788e-06,0.005502990912646055,0.004001803114078939,0.010067494586110115,catatumbo,UNICO,23687.667,23688.042,3.0
0.00047677854308858514,0.15320245176553726,1.0733780868577014e-06,0.01010207924991846,0.005877395160496235,0.00598572101444006,catatumbo,UNICO,23688.0,23688.375,3.0
0.00020184364984743297,0.07383393310010433,6.930960836371014e-07,0.09427218697965145,0.005855599883943796,0.0031141377985477448,catatumbo,UNICO,23688.333,23688.708,3.0
0.0002764289383776486,0.30536843091249466,4.969084557160386e-07,0.05873500555753708,0.007093293126672506,0.0026608682237565517,catatumbo,UNICO,23688.667,23689.042,3.0
0.002411845838651061,0.17142746597528458,3.205048457743942e-07,0.037312207743525505,0.0028789585921913385,0.0012123396154493093,catatumbo,UNICO,23689.333,23689.708,3.0
0.0037886325735598803,0.1972390115261078,2.6210005898974487e-07,0.021103600971400738,0.0037256921641528606,0.0013631178298965096,catatumbo,UNICO,23689.667,23690.042,3.0
0.005282085854560137,0.15677018463611603,2.641208425302466e-07,0.030772780999541283,0.00876430980861187,0.0006042515742592514,catatumbo,UNICO,23690.0,23690.375,3.0
0.003289308398962021,0.33066612482070923,3.070330762966478e-07,0.021643839310854673,0.006438568467274308,0.0009304644772782922,catatumbo,UNICO,23690.333,23690.708,3.0
0.0011592236114665866,0.44171813130378723,5.691738635960064e-07,0.012518561445176601,0.0011149232159368694,0.00030892802169546485,catatumbo,UNICO,23690.667,23691.042,3.0
0.0016715084202587605,0.32831835746765137,3.29742825044832e-07,0.0025405039777979255,0.00027289118588669226,0.0018699968932196498,catatumbo,UNICO,23691.0,23691.375,3.0
0.0035831548739224672,0.18404052406549454,8.819755663580509e-07,0.0006776030350010842,0.0003580756747396663,0.01470643188804388,catatumbo,SPEAKER_03,23691.333,23691.708,3.0
0.0028712130151689053,0.15201359242200851,1.1898920462272145e-06,0.00198200746672228,0.0037685761926695704,0.004192735068500042,catatumbo,SPEAKER_03,23691.667,23692.042,3.0
0.005804240237921476,0.10412080958485603,1.2047643878076997e-06,0.009817656595259905,0.01280137524008751,0.0013799485750496387,catatumbo,UNICO,23692.333,23692.708,3.0
0.0032196843530982733,0.14563071727752686,1.1664605494843272e-06,0.00448230211623013,0.005338249378837645,0.004986765794456005,catatumbo,UNICO,23692.667,23693.042,3.0
0.004848563112318516,0.1484348513185978,1.0311047446975863e-06,0.005775843048468232,0.006608896306715906,0.0031676017679274082,catatumbo,UNICO,23693.0,23693.375,3.0
0.004837398882955313,0.16727585345506668,7.871686236171627e-07,0.003171664196997881,0.0022277001990005374,0.0047079408541321754,catatumbo,UNICO,23693.333,23693.708,3.0
0.004884828347712755,0.17625613510608673,7.862965816229917e-07,0.004378573037683964,0.0017326725937891752,0.00687669450417161,catatumbo,UNICO,23693.667,23694.042,3.0
0.0020919961389154196,0.1906050741672516,7.744436345547001e-07,0.0025871517136693,0.0021767063881270587,0.006082720588892698,catatumbo,UNICO,23694.0,23694.375,3.0
0.0015726014971733093,0.21242991834878922,6.978111386501951e-07,0.0026893136091530323,0.0016142516396939754,0.005803000181913376,catatumbo,UNICO,23694.333,23694.708,3.0
0.0015979900490492582,0.26977285742759705,6.855343670508773e-07,0.003150031086988747,0.001245466701220721,0.0070455181412398815,catatumbo,UNICO,23694.667,23695.042,3.0
0.0018985241185873747,0.2870076894760132,1.0250704036707248e-06,0.000995514914393425,0.003460611100308597,0.006252152379602194,catatumbo,UNICO,23695.333,23695.708,3.0
0.0032076749484986067,0.14968349784612656,1.0481738144108022e-06,0.0027289564022794366,0.00489601434674114,0.002887287875637412,catatumbo,UNICO,23695.667,23696.042,3.0
0.012846231460571289,0.118186816573143,8.778948838994438e-07,0.004616443067789078,0.004650110378861427,0.002597787883132696,catatumbo,UNICO,23696.0,23696.375,3.0
0.004049063194543123,0.14149941876530647,7.674311817140733e-07,0.001606481906492263,0.0026412755250930786,0.0045051067136228085,catatumbo,UNICO,23696.333,23696.708,3.0
0.007870377972722054,0.1773241125047207,6.834555463797187e-07,0.017630728892982006,0.0047457629116252065,0.00095085718203336,catatumbo,UNICO,23696.667,23697.042,3.0
0.0001168525850516744,0.43585170805454254,1.5280196379308109e-06,0.17793119698762894,0.011874556075781584,0.008143529295921326,catatumbo,SPEAKER_03,23697.0,23697.375,3.0
0.00399447325617075,0.11913950741291046,6.313671754298866e-07,0.0012961648753844202,0.00036282593646319583,0.06024167686700821,catatumbo,SPEAKER_03,23697.333,23697.708,3.0
0.006351218093186617,0.1663682982325554,5.316129723098584e-07,0.026486734859645367,0.00026795729354489595,0.0250242929905653,catatumbo,SPEAKER_03,23697.667,23698.042,3.0
0.0103303212672472,0.13138167932629585,1.9635864489941923e-07,0.0057178279384970665,0.0010190051107201725,0.016815990209579468,catatumbo,UNICO,23698.333,23698.708,3.0
0.002743855118751526,0.34381064772605896,2.605139144407076e-07,0.0044604078866541386,0.003150004369672388,0.006301007699221373,catatumbo,UNICO,23698.667,23699.042,3.0
0.00879521481692791,0.15759451687335968,1.9707837140003903e-07,0.0012485049664974213,0.0024168890668079257,0.006987806875258684,catatumbo,UNICO,23699.0,23699.375,3.0
0.0038705782499164343,0.3353453725576401,2.0454885074627782e-07,0.0021923088934272528,0.0026358916074968874,0.0062052165158092976,catatumbo,UNICO,23699.333,23699.708,3.0
0.02090478129684925,0.08902956172823906,2.868881736617368e-07,0.0020295301219448447,0.0006448959466069937,0.0035024883691221476,catatumbo,UNICO,23699.667,23700.042,3.0
0.04018566757440567,0.050230108201503754,3.861847446273714e-07,0.0019226825679652393,0.013366323197260499,0.0028542354702949524,catatumbo,UNICO,23700.0,23700.375,3.0
0.009184098802506924,0.24911006540060043,3.85807510383529e-07,0.01444290392100811,0.00936544151045382,0.003409283934161067,catatumbo,UNICO,23700.333,23700.708,3.0
0.0018082940950989723,0.2635766267776489,4.457158411241835e-07,0.003010490443557501,0.0005644473567372188,0.0015741176903247833,catatumbo,UNICO,23700.667,23701.042,3.0
0.00021794882195536047,0.11748267337679863,1.6561013183036266e-07,0.3422498404979706,4.039072337036487e-05,0.0026827252004295588,catatumbo,UNICO,23701.333,23701.708,3.0
0.00010366344213252887,0.2245262786746025,1.1805230215600204e-07,0.29164131730794907,3.491453026072122e-05,0.002032315358519554,catatumbo,UNICO,23701.667,23702.042,3.0
0.00011411705781938508,0.3043757677078247,6.428593302132413e-08,0.40601910650730133,0.00013134400796843693,0.0018881839932873845,catatumbo,UNICO,23702.0,23702.375,3.0
0.00020264566410332918,0.23016882687807083,9.29259016402284e-08,0.3580337315797806,0.0002128890555468388,0.001689533586613834,catatumbo,UNICO,23702.333,23702.708,3.0
0.0001418107858626172,0.3042477071285248,1.142132610709723e-07,0.4647512137889862,0.00013057874457444996,0.008072003722190857,catatumbo,UNICO,23702.667,23703.042,3.0
0.0001862224016804248,0.2535291016101837,1.2550305328318245e-07,0.3555499464273453,0.00031638894870411605,0.0040402584709227085,catatumbo,UNICO,23703.0,23703.375,3.0
0.0007404432399198413,0.09070167690515518,1.682200903019293e-07,0.08566709980368614,0.0013243617722764611,0.0003054543340113014,catatumbo,UNICO,23703.333,23703.708,3.0
0.0010708225890994072,0.06583961099386215,1.3339390392275163e-07,0.01071482989937067,0.0009630255808588117,0.0010866139782592654,catatumbo,UNICO,23703.667,23704.042,3.0
0.00022772866941522807,0.15249290689826012,1.2673709193222749e-07,0.01699442556127906,0.01006098696961999,0.0020808835979551077,catatumbo,UNICO,23704.333,23704.708,3.0
0.0003083254268858582,0.1510319709777832,1.4800025383010507e-07,0.026645900681614876,0.007326629711315036,0.0029876299668103456,catatumbo,UNICO,23704.667,23705.042,3.0
0.000492235878482461,0.13972980715334415,1.3667130360772717e-07,0.02854288648813963,0.00857077119871974,0.0038134397473186255,catatumbo,UNICO,23705.0,23705.375,3.0
0.0002763823140412569,0.10309716686606407,1.2834739138156692e-07,0.016651311423629522,0.0024326566490344703,0.0030401195399463177,catatumbo,UNICO,23705.333,23705.708,3.0
0.0003975887375418097,0.1020436380058527,1.743622561889424e-07,0.33478792011737823,0.0007571402529720217,0.004231880884617567,catatumbo,UNICO,23705.667,23706.042,3.0
0.00013336875417735428,0.11172950826585293,1.8202069185235814e-07,0.07644465193152428,0.0019874214776791632,0.001964063383638859,catatumbo,UNICO,23706.0,23706.375,3.0
0.0002138292184099555,0.10542941279709339,1.748372611132254e-07,0.11619868874549866,0.002345200628042221,0.002437044633552432,catatumbo,UNICO,23706.333,23706.708,3.0
0.0007473706500604749,0.07607816532254219,3.232069190062248e-07,0.1605958491563797,0.00069316232111305,0.004712289199233055,catatumbo,UNICO,23706.667,23707.042,3.0
5.7259356253780425e-05,0.1587521657347679,2.6361405502939306e-07,0.07984470948576927,0.0009748251177370548,0.014536912553012371,catatumbo,UNICO,23707.333,23707.708,3.0
0.0001227444299729541,0.15170929580926895,1.8616205821331278e-07,0.0783340334892273,0.0007403499621432275,0.004749767016619444,catatumbo,UNICO,23707.667,23708.042,3.0
0.0001395532744936645,0.2818487361073494,2.2638155527943127e-07,0.047768961638212204,0.001051564235240221,0.007269636262208223,catatumbo,UNICO,23708.0,23708.375,3.0
0.00027735845651477575,0.17132176458835602,1.9776064519305692e-07,0.04189031943678856,0.00119106107740663,0.004045888315886259,catatumbo,UNICO,23708.333,23708.708,3.0
0.0002465537399984896,0.23372621089220047,1.9196820844058493e-07,0.012118739075958729,0.0020071635372005403,0.004487083293497562,catatumbo,UNICO,23708.667,23709.042,3.0
0.0003492813848424703,0.20135805755853653,1.240760951759512e-07,0.006177716189995408,0.0005044072604505345,0.010289511643350124,catatumbo,UNICO,23709.0,23709.375,3.0
0.0004182931443210691,0.17340553924441338,1.6637123678719945e-07,0.014143039006739855,0.0018535712733864784,0.013715429231524467,catatumbo,UNICO,23709.333,23709.708,3.0
0.00029560463735833764,0.15859020128846169,2.7145684100560175e-07,0.2091747298836708,0.0007321590092033148,0.007660990580916405,catatumbo,UNICO,23709.667,23710.042,3.0
0.010941574349999428,0.1018574945628643,3.9666308992991617e-07,0.01175766158849001,0.006245395401492715,0.001934192841872573,catatumbo,UNICO,23710.333,23710.708,3.0
0.05415778607130051,0.0436826404184103,1.3451281120069325e-06,0.37757499516010284,0.0032392118591815233,0.0009672259329818189,catatumbo,UNICO,23710.667,23711.042,3.0
0.022685080766677856,0.05699870176613331,1.098069546401348e-06,0.06949420645833015,0.02055510738864541,0.00012577643792610615,catatumbo,UNICO,23711.0,23711.375,3.0
0.0725162997841835,0.03695626184344292,1.0917415664835062e-06,0.04245747625827789,0.01857583597302437,0.000201440867385827,catatumbo,UNICO,23711.333,23711.708,3.0
0.017783772200345993,0.04423532262444496,9.338768194311342e-07,0.09871429949998856,0.02926434390246868,0.0014632904203608632,catatumbo,UNICO,23711.667,23712.042,3.0
0.02247445657849312,0.0156140411272645,4.288754666958994e-07,0.03695552609860897,0.017911312635987997,0.0014168876223266125,catatumbo,UNICO,23712.0,23712.375,3.0
0.010996163822710514,0.005895320326089859,1.7876528346505438e-07,0.014077712781727314,0.00037846044870093465,0.01188224833458662,catatumbo,UNICO,23712.333,23712.708,3.0
0.004051410127431154,0.044903067871928215,1.3909910734355435e-07,0.031128202565014362,0.00031659046362619847,0.00834251381456852,catatumbo,UNICO,23712.667,23713.042,3.0
0.11249623447656631,0.0114836310967803,5.437665890895005e-07,0.0005162414454389364,0.00033050119964173064,0.026374327018857002,catatumbo,UNICO,23713.333,23713.708,3.0
0.0549328476190567,0.030506721697747707,5.732885313136649e-07,0.0006055856065358967,0.0007467879186151549,0.06770900636911392,catatumbo,UNICO,23713.667,23714.042,3.0
0.007062667980790138,0.02099150698632002,1.0062394437682087e-06,0.00895934528671205,0.015068772714585066,0.004112524446099997,catatumbo,UNICO,23714.0,23714.375,3.0
0.017428815364837646,0.02003138978034258,8.279115206732968e-07,0.0169901791960001,0.0007339143194258213,0.02784365601837635,catatumbo,UNICO,23714.333,23714.708,3.0
0.0020310033578425646,0.022385927848517895,1.6218453993133153e-06,0.058732952922582626,0.003334755660034716,0.00279331230558455,catatumbo,SPEAKER_03,23714.667,23715.042,3.0
0.05317765101790428,0.0174360116943717,5.439104597826372e-07,0.0027210420230403543,0.006663886597380042,0.030194111168384552,catatumbo,SPEAKER_03,23715.0,23715.375,3.0
0.07821182906627655,0.00618167663924396,1.0425273444525374e-06,0.0020027765131089836,0.006392515962943435,0.01126773003488779,catatumbo,SPEAKER_03,23715.333,23715.708,3.0
0.0029554220382124186,0.10038135573267937,1.8902701981460268e-06,0.4013260751962662,0.01809891313314438,0.0012839992996305227,catatumbo,SPEAKER_03,23715.667,23716.042,3.0
0.03479933738708496,0.033460063859820366,1.0513696224734304e-06,0.07688185572624207,0.014396859798580408,0.0008255812572315335,catatumbo,SPEAKER_03,23716.333,23716.708,3.0
0.034629937261343,0.07544809579849243,5.239537017587281e-07,0.010761352721601725,0.007814898621290922,0.004149079788476229,catatumbo,UNICO,23716.667,23717.042,3.0
0.027540989220142365,0.04351949132978916,8.841229544032103e-07,0.009132737293839455,0.005779746454209089,0.001878323731943965,catatumbo,UNICO,23717.0,23717.375,3.0
0.0012178081087768078,0.1584329605102539,4.362279923952883e-07,0.055469971150159836,0.00019590191368479282,0.0063603725284338,catatumbo,UNICO,23717.333,23717.708,3.0
0.004515169188380241,0.044524514116346836,5.807405472069149e-07,0.00993644935078919,0.004074534634128213,0.0018841971177607775,catatumbo,SPEAKER_03,23717.667,23718.042,3.0
0.009118271991610527,0.08193298801779747,1.4942665984563064e-06,0.5963445901870728,0.0038886311231181026,0.014270062558352947,catatumbo,SPEAKER_03,23718.0,23718.375,3.0
0.007164335809648037,0.10171376168727875,1.0152545826258574e-06,0.1903359666466713,0.017242789268493652,0.01595270447432995,catatumbo,SPEAKER_03,23718.333,23718.708,3.0
0.007458320818841457,0.05796435289084911,8.420949484388984e-07,0.19125273078680038,0.01309076277539134,0.0008578230044804513,catatumbo,SPEAKER_03,23718.667,23719.042,3.0
0.005426088813692331,0.11147618293762207,2.452509946238024e-07,0.006566653959453106,0.0009838156693149358,0.010616193525493145,catatumbo,SPEAKER_03,23719.333,23719.708,3.0
0.04760054871439934,0.03481235168874264,9.83865760417757e-07,0.006748281652107835,0.004777905531227589,0.0009794249199330807,catatumbo,SPEAKER_03,23719.667,23720.042,3.0
0.015550554729998112,0.06043103337287903,4.791237913082114e-07,0.305117130279541,0.001382321584969759,0.0005614543915726244,catatumbo,UNICO,23720.0,23720.375,3.0
0.015029854141175747,0.09018101915717125,5.186405900303726e-07,0.12361233681440353,0.00139165177824907,0.00044931095908395946,catatumbo,UNICO,23720.333,23720.708,3.0
0.042798180133104324,0.026141573674976826,7.464479878649399e-07,0.031780365854501724,0.00217101612361148,0.0002317372418474406,catatumbo,UNICO,23720.667,23721.042,3.0
0.021158315241336823,0.05924900807440281,7.253828187003819e-07,0.009147828444838524,0.00615331600420177,0.000688183878082782,catatumbo,UNICO,23721.0,23721.375,3.0
0.009475508704781532,0.07487991265952587,5.64563208627078e-07,0.004774461034685373,0.0022344053140841424,0.002940439386293292,catatumbo,UNICO,23721.333,23721.708,3.0
0.07544776052236557,0.027945486828684807,4.091829737262742e-07,0.0022511588176712394,0.0017825550748966634,0.002268776763230562,catatumbo,UNICO,23721.667,23722.042,3.0
0.04784046486020088,0.03341648355126381,4.03413203287073e-07,0.04051744006574154,0.0006634258606936783,0.004030679818242788,catatumbo,UNICO,23722.333,23722.708,3.0
0.032187096774578094,0.10129495710134506,3.871516724984758e-07,0.023750947788357735,0.00020439940271899104,0.010183226317167282,catatumbo,SPEAKER_03,23722.667,23723.042,3.0
0.006546329241245985,0.16761739552021027,2.812531647577998e-07,0.009994876570999622,0.0061502838507294655,0.00893355067819357,catatumbo,SPEAKER_03,23723.0,23723.375,3.0
0.0025385564658790827,0.24218924343585968,8.704354854671692e-07,0.29515568912029266,0.005505748325958848,0.02043907716870308,catatumbo,SPEAKER_03,23723.333,23723.708,3.0
0.0006065834313631058,0.28356921672821045,8.253101384525507e-07,0.32468947768211365,0.008553098887205124,0.0030978175345808268,catatumbo,UNICO,23723.667,23724.042,3.0
0.0012484666658565402,0.23403269052505493,8.057273248596175e-07,0.445847287774086,0.007871173089370131,0.0038375607691705227,catatumbo,UNICO,23724.0,23724.375,3.0
0.010850612074136734,0.09829770401120186,6.297472765481871e-07,0.3532220721244812,0.00890830042771995,0.001546727493405342,catatumbo,UNICO,23724.333,23724.708,3.0
0.008454864844679832,0.11145371198654175,5.51103170209899e-07,0.329696923494339,0.014040926937013865,0.0023346582893282175,catatumbo,UNICO,23724.667,23725.042,3.0
0.008359884843230247,0.07842288166284561,5.509510927481642e-07,0.10033268854022026,0.021446693688631058,0.0009434996754862368,catatumbo,UNICO,23725.333,23725.708,3.0
0.012312076054513454,0.07294003665447235,8.053852269540585e-07,0.14085928350687027,0.02276470698416233,0.0008009974844753742,catatumbo,UNICO,23725.667,23726.042,3.0
0.015842484310269356,0.07728096842765808,7.677876396883221e-07,0.10782084241509438,0.0219094674102962,0.0005510271294042468,catatumbo,UNICO,23726.0,23726.375,3.0
0.013832977041602135,0.10564098879694939,6.593093360152125e-07,0.08451899141073227,0.01880712667480111,0.000437875249190256,catatumbo,UNICO,23726.333,23726.708,3.0
0.026098497211933136,0.07238272577524185,8.703759704076219e-07,0.0634174607694149,0.021795807871967554,0.0005655979621224105,catatumbo,UNICO,23726.667,23727.042,3.0
0.03692423179745674,0.07974404841661453,1.0068938536278438e-06,0.05322368070483208,0.018757185898721218,0.0002931941708084196,catatumbo,UNICO,23727.0,23727.375,3.0
0.02844604104757309,0.08846834674477577,6.449968026345232e-07,0.026239223778247833,0.008606370072811842,0.000503860239405185,catatumbo,UNICO,23727.333,23727.708,3.0
0.03629446029663086,0.06259210780262947,5.35902962894852e-07,0.027360234409570694,0.007292689057067037,0.0007705972529947758,catatumbo,UNICO,23727.667,23728.042,3.0
0.008078282698988914,0.12064702808856964,3.1592395544066676e-07,0.00033408214221708477,0.003950311802327633,0.25359275937080383,catatumbo,SPEAKER_03,23728.333,23728.708,3.0
0.0038817301392555237,0.06999928876757622,1.132434505279889e-06,0.36879342794418335,0.00583001459017396,0.013976987451314926,catatumbo,SPEAKER_03,23728.667,23729.042,3.0
0.003424830734729767,0.0729562807828188,1.9323226041478847e-07,0.0009478672000113875,0.0004236478853272274,0.1505102813243866,catatumbo,SPEAKER_03,23729.0,23729.375,3.0
0.0006528610247187316,0.18811681866645813,2.1831434082741907e-07,0.008647292852401733,7.56163371988805e-05,0.13383163511753082,catatumbo,SPEAKER_03,23729.333,23729.708,3.0
0.0005341445212252438,0.22671499848365784,8.16527375491205e-07,0.7203367948532104,0.0014115013764239848,0.01244410965591669,catatumbo,SPEAKER_03,23729.667,23730.042,3.0
0.00024909881176427007,0.30087098479270935,3.3236472773978676e-07,0.05508035235106945,0.0004319284635130316,0.029291730374097824,catatumbo,SPEAKER_03,23730.0,23730.375,3.0
0.012160498648881912,0.044021761044859886,5.103884177515283e-07,0.013647865038365126,0.0015015837852843106,0.006101195700466633,catatumbo,SPEAKER_03,23730.333,23730.708,3.0
0.0052235615439713,0.07196402549743652,5.987054692013771e-07,0.29532241076231003,0.003467224887572229,0.0033333736937493086,catatumbo,SPEAKER_03,23730.667,23731.042,3.0
0.015293370932340622,0.0501713752746582,5.548559158796706e-07,0.014664781745523214,0.020176249090582132,0.002321133390069008,catatumbo,SPEAKER_03,23731.333,23731.708,3.0
0.018611647188663483,0.05463817156851292,4.110314506533541e-07,0.005111560691148043,0.0006689082365483046,0.006886992137879133,catatumbo,UNICO,23731.667,23732.042,3.0
0.005740413907915354,0.08980609104037285,1.0008479875978082e-06,0.020163542591035366,0.005537474062293768,0.0038531720638275146,catatumbo,UNICO,23732.0,23732.375,3.0
0.018486913293600082,0.05242072232067585,1.3775910474578268e-06,0.033983138389885426,0.008434967836365104,0.002973372582346201,catatumbo,UNICO,23732.333,23732.708,3.0
0.015183729119598866,0.06535432115197182,4.420208341571197e-07,0.0041257599368691444,0.0005962341965641826,0.004771159030497074,catatumbo,UNICO,23732.667,23733.042,3.0
0.017446808516979218,0.12913580983877182,7.221601379114873e-07,0.01858034823089838,0.0038425493985414505,0.0015358711825683713,catatumbo,SPEAKER_03,23733.0,23733.375,3.0
0.004400561563670635,0.19457441568374634,1.425069001470547e-06,0.493582159280777,0.029111227951943874,0.0005775348981842399,catatumbo,SPEAKER_03,23733.333,23733.708,3.0
0.010868312790989876,0.10856679454445839,1.733209344934039e-07,0.11164787039160728,0.00015047353372210637,0.016956552863121033,catatumbo,SPEAKER_03,23733.667,23734.042,3.0
0.007463289424777031,0.13696355000138283,2.6402880948239726e-07,0.15943993628025055,0.0017223211470991373,0.0005927521269768476,catatumbo,UNICO,23734.333,23734.708,3.0
0.011509825475513935,0.12130428850650787,3.735598781418048e-07,0.1861005201935768,0.005950656021013856,0.0007189280586317182,catatumbo,UNICO,23734.667,23735.042,3.0
0.006301449611783028,0.15083955228328705,2.139438066706134e-07,0.018877745606005192,0.00182417401811108,0.004421762656420469,catatumbo,UNICO,23735.0,23735.375,3.0
0.011813865974545479,0.12773337960243225,1.9871762901857437e-07,0.005211627343669534,0.0006208598788361996,0.017121359705924988,catatumbo,UNICO,23735.333,23735.708,3.0
0.01506759598851204,0.10404448583722115,3.631394349667971e-07,0.023943142034113407,0.0017734921420924366,0.0014110658084973693,catatumbo,UNICO,23735.667,23736.042,3.0
0.0060582831501960754,0.05902006849646568,6.551633617846164e-07,0.19749180227518082,0.004969754489138722,0.0036694782320410013,catatumbo,UNICO,23736.0,23736.375,3.0
0.010287088342010975,0.010741683188825846,2.1284178330915893e-07,0.00027013231738237664,9.987255543819629e-05,0.15209908783435822,catatumbo,SPEAKER_03,23736.333,23736.708,3.0
0.033718451857566833,0.0024493662640452385,1.136495257014758e-06,0.6194242835044861,0.001315655477810651,0.02581886760890484,catatumbo,SPEAKER_03,23736.667,23737.042,3.0
0.0062869880348443985,0.046673716977238655,1.1908037720331777e-06,0.06211596354842186,0.01447032205760479,0.000766966724768281,catatumbo,SPEAKER_03,23737.333,23737.708,3.0
0.01145755872130394,0.05982746556401253,8.510333913136492e-07,0.01497634220868349,0.018662063404917717,0.0018718837527558208,catatumbo,SPEAKER_03,23737.667,23738.042,3.0
0.02103310450911522,0.03429986350238323,6.358486643875949e-07,0.010316675528883934,0.02005084604024887,0.001611592248082161,catatumbo,UNICO,23738.0,23738.375,3.0
0.03220825642347336,0.03636777400970459,5.568851122461638e-07,0.003699155990034342,0.02183700306341052,0.0023362538777291775,catatumbo,UNICO,23738.333,23738.708,3.0
0.05276447534561157,0.03213357366621494,5.018596880290715e-07,0.0010355337290093303,0.027275326661765575,0.010771623812615871,catatumbo,UNICO,23738.667,23739.042,3.0
0.0537995807826519,0.043199487030506134,3.6442408202219667e-07,0.0005256050353636965,0.0011632537352852523,0.028711607679724693,catatumbo,UNICO,23739.0,23739.375,3.0
0.026300085708498955,0.04572157561779022,3.7470717018095456e-07,0.0010834846762008965,0.005392101826146245,0.017823345959186554,catatumbo,UNICO,23739.333,23739.708,3.0
0.05271153151988983,0.045673172920942307,4.486457214625261e-07,0.0054431394673883915,0.021988421212881804,0.004269298631697893,catatumbo,UNICO,23739.667,23740.042,3.0
0.002041744301095605,0.20453885942697525,3.627687092944143e-07,0.0021927012130618095,0.0003754926729016006,0.015873553231358528,catatumbo,SPEAKER_03,23740.333,23740.708,3.0
0.00027702731313183904,0.36532020568847656,3.503299126350612e-07,0.6772953569889069,0.002353579388000071,0.008340328931808472,catatumbo,SPEAKER_03,23740.667,23741.042,3.0
0.004843719769269228,0.11820467561483383,3.04157019570539e-07,0.40051960945129395,0.0008792441221885383,0.011882035993039608,catatumbo,SPEAKER_03,23741.0,23741.375,3.0
0.032680660486221313,0.09550925344228745,1.5291306567633e-06,0.2579939663410187,0.004176993505097926,0.0021594688296318054,catatumbo,SPEAKER_03,23741.333,23741.708,3.0
0.09123760461807251,0.04191242717206478,8.008171619167115e-07,0.02227836474776268,0.003071596089284867,0.0019066318636760116,catatumbo,SPEAKER_03,23741.667,23742.042,3.0
0.015415684320032597,0.10453130304813385,1.1178921681676002e-06,0.14793413877487183,0.017384729348123074,4.2002331611001864e-05,catatumbo,UNICO,23742.0,23742.375,3.0
0.01787562482059002,0.07851390913128853,1.0143663615735932e-06,0.002261262619867921,0.0006490816158475354,0.0006860121502541006,catatumbo,UNICO,23742.333,23742.708,3.0
0.008284837938845158,0.15783163160085678,1.3951789270549853e-06,0.0029100716346874833,0.003099761379417032,0.00027492581284604967,catatumbo,UNICO,23742.667,23743.042,3.0
0.011143124662339687,0.15394029766321182,2.157267175562083e-06,0.057569922879338264,0.0072848990093916655,3.28690730384551e-05,catatumbo,UNICO,23743.333,23743.708,3.0
0.007811778225004673,0.21995080262422562,1.8541227291279938e-06,0.06519667990505695,0.03682062216103077,3.7928584788460284e-05,catatumbo,UNICO,23743.667,23744.042,3.0
0.004138835705816746,0.19802390784025192,1.1729912898772454e-06,0.04758116416633129,0.03907037153840065,5.28961572854314e-05,catatumbo,UNICO,23744.0,23744.375,3.0
0.0058833020739257336,0.20190315693616867,9.781724088497867e-07,0.030645744875073433,0.05687405355274677,0.00012252926535438746,catatumbo,UNICO,23744.333,23744.708,3.0
0.0034271995536983013,0.2228730022907257,9.765986419552064e-07,0.0418579988181591,0.037771460600197315,0.00029257091227918863,catatumbo,UNICO,23744.667,23745.042,3.0
0.004199469927698374,0.09395468607544899,4.891195004574911e-07,0.04761810041964054,0.017707696184515953,0.00041951911407522857,catatumbo,UNICO,23745.0,23745.375,3.0
0.0065100775100290775,0.07125268690288067,6.037642066303306e-07,0.03960535675287247,0.02604914177209139,0.0003926250501535833,catatumbo,UNICO,23745.333,23745.708,3.0
0.005631682462990284,0.1822996437549591,8.242644895517515e-07,0.06513172388076782,0.012507370207458735,0.0010526427067816257,catatumbo,UNICO,23745.667,23746.042,3.0
0.01095189992338419,0.1805359423160553,8.766935408743848e-07,0.08539899438619614,0.006764869671314955,0.0007225540466606617,catatumbo,UNICO,23746.333,23746.708,3.0
0.013080642558634281,0.1450762301683426,8.901162047436628e-07,0.09687749296426773,0.004344184882938862,0.0013950672000646591,catatumbo,UNICO,23746.667,23747.042,3.0
0.01817426271736622,0.16324564814567566,8.132845437103242e-07,0.14255476742982864,0.005882091820240021,0.0009161849156953394,catatumbo,UNICO,23747.0,23747.375,3.0
0.01765892282128334,0.09026539698243141,6.956132807545146e-07,0.08500901982188225,0.011965706944465637,0.0005657230503857136,catatumbo,UNICO,23747.333,23747.708,3.0
0.011697529815137386,0.13393045216798782,4.606610488622209e-07,0.04685000702738762,0.019071430899202824,0.0008117167162708938,catatumbo,UNICO,23747.667,23748.042,3.0
0.007879945449531078,0.13642241805791855,5.189772238622936e-07,0.06909534335136414,0.015051671769469976,0.0010732935043051839,catatumbo,UNICO,23748.0,23748.375,3.0
0.009262463077902794,0.09628774970769882,4.019850408099046e-07,0.043155331164598465,0.015397011302411556,0.0006268018041737378,catatumbo,UNICO,23748.333,23748.708,3.0
0.07149441540241241,0.025754584930837154,7.807610415966337e-07,0.024412788450717926,0.005504741799086332,0.00228788610547781,catatumbo,UNICO,23748.667,23749.042,3.0
0.0788077786564827,0.05782863963395357,1.773167781493612e-07,0.0033266213722527027,1.4447529963490524e-06,0.3470759689807892,catatumbo,SPEAKER_03,23749.333,23749.708,3.0
0.014757074415683746,0.15981799364089966,4.853528992043721e-07,0.006527333054691553,0.0007512829906772822,0.0028066798113286495,catatumbo,SPEAKER_03,23749.667,23750.042,3.0
0.002860291628167033,0.16305113583803177,2.0501637010283957e-07,0.009614920942112803,0.0005554926174227148,0.018323032185435295,catatumbo,SPEAKER_03,23750.0,23750.375,3.0
0.007389839738607407,0.1117924265563488,1.1935448469557741e-06,0.4554007351398468,0.0031895736465230584,0.0025416638236492872,catatumbo,SPEAKER_03,23750.333,23750.708,3.0
0.01114172674715519,0.05623548850417137,4.4168214685669227e-07,0.25791577249765396,0.004968901630491018,0.0015079359291121364,catatumbo,SPEAKER_03,23750.667,23751.042,3.0
0.021163219586014748,0.08764154464006424,4.5358306977050233e-07,0.12205947935581207,0.008259826339781284,0.00039046589517965913,catatumbo,UNICO,23751.0,23751.375,3.0
0.008931275457143784,0.08125440776348114,3.043005847302993e-07,0.009483176283538342,0.0017460538656450808,0.0019381237216293812,catatumbo,UNICO,23751.333,23751.708,3.0
0.011162029579281807,0.08936803042888641,4.019465791316179e-07,0.049049921333789825,0.005265280022285879,0.0008441528771072626,catatumbo,UNICO,23751.667,23752.042,3.0
0.00808417983353138,0.149497888982296,3.870832188113127e-07,0.0410169567912817,0.015044987667351961,0.0011897605145350099,catatumbo,UNICO,23752.333,23752.708,3.0
0.00043334905058145523,0.22312810271978378,5.119909758377617e-07,0.39763762056827545,0.0010642183478921652,0.0065071722492575645,catatumbo,SPEAKER_03,23752.667,23753.042,3.0
0.0014416209887713194,0.24065911769866943,4.520045422395924e-07,0.20234742015600204,0.0017177118570543826,0.0017162796575576067,catatumbo,SPEAKER_03,23753.0,23753.375,3.0
0.00015920645091682673,0.36622287333011627,2.3349193156718684e-07,0.0704391673207283,0.0014400286017917097,0.010850546881556511,catatumbo,UNICO,23753.333,23753.708,3.0
0.0015916995471343398,0.12208624556660652,6.319275769328669e-07,0.19442717730998993,0.0005338053306331858,0.0038517960347235203,catatumbo,UNICO,23753.667,23754.042,3.0
0.0014155794633552432,0.2816992998123169,3.384292313057813e-07,0.015206802170723677,0.00963686453178525,0.0012212155852466822,catatumbo,SPEAKER_03,23754.0,23754.375,3.0
0.0034977549221366644,0.20000537484884262,7.361345950585019e-07,0.004262805916368961,0.003809975809417665,0.003743202658370137,catatumbo,SPEAKER_03,23754.333,23754.708,3.0
0.008445359766483307,0.17316357046365738,3.437633893099701e-07,0.02645141165703535,0.039394160732626915,0.002114496659487486,catatumbo,SPEAKER_03,23754.667,23755.042,3.0
0.008123994804918766,0.21520346403121948,2.0727068772430357e-07,0.016531841829419136,0.02226135041564703,0.0015675050672143698,catatumbo,UNICO,23755.333,23755.708,3.0
0.004462158773094416,0.28012512624263763,2.310172462216542e-07,0.02773661818355322,0.015574342105537653,0.0021362619008868933,catatumbo,UNICO,23755.667,23756.042,3.0
0.013941053301095963,0.08361383900046349,4.1692914010127424e-07,0.026010693050920963,0.018933812621980906,0.0022307380568236113,catatumbo,UNICO,23756.0,23756.375,3.0
0.016380714252591133,0.07915182784199715,3.475621639381643e-07,0.02298340667039156,0.014718408230692148,0.0018457595724612474,catatumbo,UNICO,23756.333,23756.708,3.0
0.02002808451652527,0.10309558734297752,3.4440907370481e-07,0.033983103930950165,0.013773711398243904,0.0008722091442905366,catatumbo,UNICO,23756.667,23757.042,3.0
0.03242693841457367,0.052257866598665714,2.4727908254362774e-07,0.00415219715796411,0.00018249394634040073,0.012140385806560516,catatumbo,UNICO,23757.0,23757.375,3.0
0.012167087756097317,0.07353279739618301,7.500345091671079e-07,0.000997382536297664,0.0002054772703559138,0.06972986459732056,catatumbo,SPEAKER_03,23757.333,23757.708,3.0
0.0017813582671806216,0.24494782090187073,1.0504829219826206e-06,0.10012263432145119,0.0075700615998357534,0.007110654376447201,catatumbo,SPEAKER_03,23757.667,23758.042,3.0
0.006706811022013426,0.17210828512907028,3.310931333544431e-07,0.030060630291700363,0.0014425876142922789,0.004647006280720234,catatumbo,SPEAKER_03,23758.333,23758.708,3.0
0.03574551269412041,0.06914914771914482,6.668778240737083e-07,0.22560685873031616,0.010027312906458974,0.00413474952802062,catatumbo,SPEAKER_03,23758.667,23759.042,3.0
0.01086887251585722,0.12233800068497658,8.193830609570796e-07,0.07812054827809334,0.021063842810690403,0.0035381647758185863,catatumbo,UNICO,23759.0,23759.375,3.0
0.03276173025369644,0.04489509202539921,6.248667858699264e-07,0.05452157184481621,0.007312274072319269,0.0014642954338341951,catatumbo,UNICO,23759.333,23759.708,3.0
0.019592825323343277,0.11858712136745453,6.890267911785486e-07,0.023783537559211254,0.008895282167941332,0.005184885114431381,catatumbo,UNICO,23759.667,23760.042,3.0
0.0743744820356369,0.040022242814302444,4.5077608490373677e-07,0.023556441999971867,0.0021664132946170866,0.002858089515939355,catatumbo,UNICO,23760.0,23760.375,3.0
0.04111938178539276,0.07326499000191689,6.211960936752803e-07,0.008586529176682234,0.003761010244488716,0.0028830149676650763,catatumbo,UNICO,23760.333,23760.708,3.0
0.052954744547605515,0.03868802264332771,6.775165672934236e-07,0.013007200788706541,0.007616365095600486,0.0027450427878648043,catatumbo,UNICO,23760.667,23761.042,3.0
0.008152052760124207,0.1042892299592495,1.0124051073034934e-06,0.42805998027324677,0.006174760404974222,0.001246594707481563,catatumbo,SPEAKER_03,23761.333,23761.708,3.0
0.03389390558004379,0.06007785350084305,4.524049188603385e-07,0.0014979485422372818,5.56493760086596e-05,0.01900113746523857,catatumbo,SPEAKER_03,23761.667,23762.042,3.0
0.009315213188529015,0.08723707497119904,2.015059568094557e-07,0.0006201988435350358,6.883981313876575e-06,0.4545919895172119,catatumbo,SPEAKER_03,23762.0,23762.375,3.0
0.021453140303492546,0.048420531675219536,5.525473625311861e-07,0.01588244643062353,0.0008770072599872947,0.001492879120633006,catatumbo,SPEAKER_03,23762.333,23762.708,3.0
0.01837392896413803,0.07090709544718266,6.244328289994883e-07,0.00992529233917594,0.004844465875066817,0.0035795546136796474,catatumbo,UNICO,23762.667,23763.042,3.0
0.054676856845617294,0.04705246351659298,4.78148379556842e-07,0.003905027755536139,0.001281962002394721,0.005665366537868977,catatumbo,UNICO,23763.0,23763.375,3.0
0.03223636746406555,0.059454867616295815,8.329315619448607e-07,0.013442145194858313,0.0010245072189718485,0.00306646223179996,catatumbo,UNICO,23763.333,23763.708,3.0
0.0024769797455519438,0.3017299771308899,3.8113941513984173e-07,0.0845334418118,0.0016100348439067602,0.009754836559295654,catatumbo,SPEAKER_03,23763.667,23764.042,3.0
0.026647621765732765,0.07371853105723858,2.5498230797893484e-06,0.21230090409517288,0.011259226594120264,0.00042345179826952517,catatumbo,SPEAKER_03,23764.333,23764.708,3.0
0.00041695666732266545,0.28026723861694336,2.835546979440551e-07,0.650534063577652,0.003550840192474425,0.008726319298148155,catatumbo,SPEAKER_03,23764.667,23765.042,3.0
0.005413047969341278,0.13548455759882927,9.714256918869069e-07,0.2745407819747925,0.005160836037248373,0.0006189396372064948,catatumbo,SPEAKER_03,23765.0,23765.375,3.0
0.002321396954357624,0.21738485991954803,2.0321992977301306e-07,0.07332444563508034,6.22121078777127e-05,0.027409248054027557,catatumbo,SPEAKER_03,23765.333,23765.708,3.0
0.00515112467110157,0.14152676239609718,5.736910395626182e-07,0.03199618589133024,0.019739478826522827,0.004863210953772068,catatumbo,UNICO,23765.667,23766.042,3.0
0.009486505761742592,0.1491246484220028,5.539216516581291e-07,0.04469878599047661,0.01850611623376608,0.002984332386404276,catatumbo,UNICO,23766.0,23766.375,3.0
0.02885916456580162,0.058114442974328995,4.4594146686449676e-07,0.15217890590429306,0.006027592811733484,0.0034700571559369564,catatumbo,UNICO,23766.333,23766.708,3.0
0.027727609500288963,0.05679026246070862,5.897521617725943e-07,0.061239223927259445,0.008343275636434555,0.0027274833992123604,catatumbo,UNICO,23766.667,23767.042,3.0
0.019616367295384407,0.023808946833014488,4.4139700605683174e-07,0.009893682785332203,0.00658836867660284,0.0013738195411860943,catatumbo,UNICO,23767.333,23767.708,3.0
0.0154557591304183,0.05722033604979515,4.975550922381444e-07,0.0017937691882252693,0.0003002519588335417,0.00915258564054966,catatumbo,UNICO,23767.667,23768.042,3.0
0.003289230167865753,0.1717459112405777,2.9407207335907515e-07,0.00539338169619441,7.388393169094343e-05,0.01697753183543682,catatumbo,SPEAKER_03,23768.0,23768.375,3.0
0.002848569769412279,0.15393324568867683,2.133069131105003e-06,0.0432141562923789,0.00658927159383893,0.002605247776955366,catatumbo,SPEAKER_03,23768.333,23768.708,3.0
0.004729433450847864,0.0676315575838089,1.3249284336325218e-06,0.05381453596055508,0.016955471131950617,0.001282632234506309,catatumbo,SPEAKER_03,23768.667,23769.042,3.0
0.006101195700466633,0.1422213912010193,2.5301856680925994e-06,0.05659369006752968,0.0027333255857229233,0.0018680114299058914,catatumbo,SPEAKER_03,23769.0,23769.375,3.0
0.0055661071091890335,0.16655368357896805,4.880022999032008e-07,0.00017912354815052822,1.989510201383382e-05,0.008536234498023987,catatumbo,UNICO,23769.333,23769.708,3.0
0.022140078246593475,0.1259290650486946,9.953146502539312e-07,0.006578217959031463,0.0007404396310448647,0.00017596992256585509,catatumbo,UNICO,23769.667,23770.042,3.0
0.09623250365257263,0.04536435566842556,1.0686006817195448e-06,0.18406470865011215,0.016737013589590788,0.0005082947900518775,catatumbo,SPEAKER_03,23770.333,23770.708,3.0
0.13037924468517303,0.025602027773857117,3.4352737543486e-08,0.0031097530154511333,2.0815510026750417e-07,0.6381824612617493,catatumbo,SPEAKER_03,23770.667,23771.042,3.0
0.09833197295665741,0.03236957360059023,2.6932967784887296e-06,0.06791857816278934,0.12363166362047195,0.0003399850393179804,catatumbo,SPEAKER_03,23771.0,23771.375,3.0
0.13237382471561432,0.017093732487410307,1.4143197404337116e-06,0.0771242044866085,0.00396186753641814,0.00027858628891408443,catatumbo,SPEAKER_03,23771.333,23771.708,3.0
0.06518419086933136,0.026394267566502094,1.4781373991468172e-07,0.0008631966775283217,4.3812233343487605e-05,0.12260787189006805,catatumbo,SPEAKER_03,23771.667,23772.042,3.0
0.0035067929420620203,0.19552628695964813,4.959403270277107e-07,0.4459102153778076,0.0022036435548216105,0.03591690957546234,catatumbo,SPEAKER_03,23772.0,23772.375,3.0
0.001165319001302123,0.1217847540974617,9.05232525383326e-07,0.04480590298771858,0.024053269065916538,0.0004551179881673306,catatumbo,SPEAKER_03,23772.333,23772.708,3.0
0.017466861754655838,0.14552657306194305,4.907672632725735e-07,0.0765586644411087,0.0038116330979391932,0.0017411294393241405,catatumbo,SPEAKER_03,23772.667,23773.042,3.0
0.004264699760824442,0.34329070150852203,1.8776376009554951e-07,0.03372153639793396,0.009249386377632618,0.0027725761756300926,catatumbo,UNICO,23773.333,23773.708,3.0
0.007699182722717524,0.2273492068052292,2.3682699890059666e-07,0.03221100755035877,0.015769613441079855,0.00449214456602931,catatumbo,UNICO,23773.667,23774.042,3.0
0.008241680450737476,0.20562826842069626,2.0656230503846018e-07,0.03381277061998844,0.008133720839396119,0.005579824093729258,catatumbo,UNICO,23774.0,23774.375,3.0
0.00867077149450779,0.17289873957633972,2.8021788978094264e-07,0.0027442387072369456,0.0013794342521578074,0.007234033662825823,catatumbo,UNICO,23774.333,23774.708,3.0
0.0006291796453297138,0.2728707194328308,5.921541514908313e-07,0.5204740464687347,0.002350554394070059,0.015324482694268227,catatumbo,UNICO,23774.667,23775.042,3.0
0.0043745688162744045,0.12565062195062637,5.685231769803067e-07,0.10729075968265533,0.0016682467539794743,0.002634501550346613,catatumbo,SPEAKER_03,23775.0,23775.375,3.0
0.017427364364266396,0.1094096302986145,1.3990659510909609e-06,0.3012145757675171,0.00407209328841418,0.002747033955529332,catatumbo,SPEAKER_03,23775.333,23775.708,3.0
0.003760826773941517,0.08701026998460293,1.3300390122594763e-07,0.015564057510346174,0.00043502639164216816,0.013120179064571857,catatumbo,SPEAKER_03,23775.667,23776.042,3.0
0.0007696119719184935,0.23210908472537994,2.2182990022656668e-07,0.014963461551815271,0.0005097872781334445,0.02908392995595932,catatumbo,SPEAKER_03,23776.333,23776.708,3.0
0.0022614533081650734,0.343741700053215,4.2476949602132663e-07,0.5432008802890778,0.002115936018526554,0.011886436492204666,catatumbo,SPEAKER_03,23776.667,23777.042,3.0
0.0007903340156190097,0.2758968621492386,4.115957636940948e-07,0.6389404237270355,0.0016168360598385334,0.034433476626873016,catatumbo,SPEAKER_03,23777.0,23777.375,3.0
0.00014577346155419946,0.3515378087759018,4.1273705164712737e-07,0.4373537451028824,0.0008241544419433922,0.045375946909189224,catatumbo,SPEAKER_03,23777.333,23777.708,3.0
0.001090171979740262,0.3933984041213989,1.5144628662255855e-07,0.057263169437646866,0.00796738313511014,0.0067556616850197315,catatumbo,SPEAKER_03,23777.667,23778.042,3.0
0.002336924197152257,0.24037854373455048,1.483270395397085e-07,0.16630975902080536,0.0003682659735204652,0.01415576133877039,catatumbo,SPEAKER_03,23778.0,23778.375,3.0
0.0024886466562747955,0.21674257516860962,1.2485453737554053e-07,0.017827309668064117,0.002052469935733825,0.007608285639435053,catatumbo,UNICO,23778.333,23778.708,3.0
0.22209550440311432,0.018633529543876648,1.5393376884276222e-07,0.02425013016909361,2.9843228730896953e-05,0.008567904122173786,catatumbo,UNICO,23778.667,23779.042,3.0
0.0072145783342421055,0.22092673182487488,1.030104499477602e-06,0.28526976704597473,0.0029409999260678887,0.0011542385909706354,catatumbo,SPEAKER_03,23779.333,23779.708,3.0
0.002560636028647423,0.1961284801363945,6.73756233027234e-07,0.3966436982154846,0.0020750765106640756,0.005992579273879528,catatumbo,SPEAKER_03,23779.667,23780.042,3.0
0.00383172114379704,0.26908154785633087,3.272831605727333e-07,0.08889753371477127,0.038773853331804276,0.0019550081342458725,catatumbo,SPEAKER_03,23780.0,23780.375,3.0
0.0019430629909038544,0.24862612783908844,5.933089965992622e-07,0.01003906736150384,0.0014981887070462108,0.0023453249596059322,catatumbo,SPEAKER_03,23780.333,23780.708,3.0
0.0027331598103046417,0.2214561551809311,7.525636362970545e-07,0.06457032822072506,0.004341276595368981,0.0020677633583545685,catatumbo,SPEAKER_03,23780.667,23781.042,3.0
0.0012561214389279485,0.3666314631700516,3.2806299543608475e-07,0.025741472840309143,0.015622538980096579,0.0026024787221103907,catatumbo,UNICO,23781.0,23781.375,3.0
0.0019507682882249355,0.2759678065776825,2.706904140836741e-07,0.032455023378133774,0.018864382058382034,0.001153295743279159,catatumbo,UNICO,23781.333,23781.708,3.0
0.004388363566249609,0.1800776794552803,3.5239000339970517e-07,0.03389487601816654,0.019974345806986094,0.0015693128807470202,catatumbo,UNICO,23781.667,23782.042,3.0
0.01359116192907095,0.16652899235486984,3.302890334566655e-07,0.03224974870681763,0.006370726972818375,0.002381263067945838,catatumbo,UNICO,23782.333,23782.708,3.0
0.029351940378546715,0.07181815430521965,4.7499820965413164e-07,0.15042626857757568,0.011103047523647547,0.000404089194489643,catatumbo,UNICO,23782.667,23783.042,3.0
0.013125822879374027,0.1170310489833355,4.097895356380832e-07,0.18131624907255173,0.007313709938898683,0.0006046350463293493,catatumbo,UNICO,23783.0,23783.375,3.0
0.01565590128302574,0.09727826714515686,4.815453280571091e-07,0.12903106212615967,0.011565983295440674,0.00039390346501022577,catatumbo,UNICO,23783.333,23783.708,3.0
0.0035419645719230175,0.2885664999485016,6.285546092499317e-07,0.03878475911915302,0.005002176389098167,0.0014747017994523048,catatumbo,UNICO,23857.667,23858.042,3.0
0.007430753670632839,0.2561423033475876,5.630211106222305e-07,0.03159883711487055,0.009309218730777502,0.001935528009198606,catatumbo,UNICO,23858.0,23858.375,3.0
0.006945360451936722,0.2274453118443489,6.343078311488171e-07,0.02267303690314293,0.00500970974098891,0.00252303434535861,catatumbo,UNICO,23858.333,23858.708,3.0
0.00498212082311511,0.24115610867738724,7.415989529135913e-07,0.02822729665786028,0.0035124793648719788,0.0018518285360187292,catatumbo,UNICO,23858.667,23859.042,3.0
0.0064814090728759766,0.2856174409389496,7.637080798872375e-07,0.10574248805642128,0.005881025572307408,0.0013225034344941378,catatumbo,UNICO,23859.0,23859.375,3.0
0.007016072981059551,0.277168333530426,8.810947136339564e-07,0.05419270694255829,0.005843480466865003,0.001843701465986669,catatumbo,UNICO,23859.333,23859.708,3.0
0.008426576852798462,0.2561265230178833,7.814238855985423e-07,0.061855051666498184,0.0058317952789366245,0.0022048125974833965,catatumbo,UNICO,23859.667,23860.042,3.0
0.00958802830427885,0.19488412141799927,5.485725225184979e-07,0.03493461757898331,0.0065245910082012415,0.002946800086647272,catatumbo,UNICO,23860.333,23860.708,3.0
0.0053238035179674625,0.07476476579904556,2.2481534500684575e-07,0.333497017621994,0.00037709466414526105,0.04251231253147125,catatumbo,SPEAKER_03,23860.667,23861.042,3.0
0.00039944075979292393,0.19258899986743927,5.298246179563648e-07,0.18484710156917572,0.00043605020618997514,0.01925179548561573,catatumbo,SPEAKER_03,23861.0,23861.375,3.0
0.0009645232348702848,0.19423402845859528,3.196297342356047e-07,0.12413462996482849,0.011942003853619099,0.003531039459630847,catatumbo,UNICO,23861.333,23861.708,3.0
0.0051508997566998005,0.056644825264811516,2.2562925039437687e-07,0.002578734653070569,2.1620755433104932e-05,0.10768693685531616,catatumbo,SPEAKER_03,23861.667,23862.042,3.0
0.0004903110093437135,0.22498944401741028,1.3689823674667423e-07,0.21415070444345474,0.00030738330679014325,0.0013355471892282367,catatumbo,SPEAKER_03,23862.0,23862.375,3.0
0.0006752425688318908,0.2602774649858475,1.1598905302889762e-07,0.18101979047060013,0.0006380075064953417,0.0014878121437504888,catatumbo,SPEAKER_03,23862.333,23862.708,3.0
0.00153552764095366,0.24816864728927612,3.268294932468052e-07,0.08875402063131332,0.011618549935519695,0.0006311838515102863,catatumbo,UNICO,23862.667,23863.042,3.0
0.0035926280543208122,0.10938403382897377,3.457338948464894e-07,0.0872429795563221,0.041587645187973976,0.001349007012322545,catatumbo,UNICO,23863.333,23863.708,3.0
0.002872443525120616,0.26637499034404755,3.2565833407716127e-07,0.02974824793636799,0.044556450098752975,0.00265066628344357,catatumbo,UNICO,23863.667,23864.042,3.0
0.002091377042233944,0.33870382606983185,2.4231437834032477e-07,0.04816949553787708,0.019834112375974655,0.0022678659297525883,catatumbo,UNICO,23864.0,23864.375,3.0
0.007363242097198963,0.2141193151473999,4.483520541498365e-07,0.05811927653849125,0.011250941548496485,0.0014886956196278334,catatumbo,UNICO,23864.333,23864.708,3.0
0.002845628187060356,0.2681092172861099,5.060713732518707e-07,0.02876405045390129,0.024663995020091534,0.0017019726801663637,catatumbo,UNICO,23864.667,23865.042,3.0
0.0041735549457371235,0.1756165772676468,1.9543384155440435e-07,0.023303339257836342,0.07217547670006752,0.001113417441956699,catatumbo,UNICO,23865.0,23865.375,3.0
0.00400185352191329,0.20179670304059982,2.3262197856865896e-07,0.024339990690350533,0.021719807758927345,0.0015628968831151724,catatumbo,UNICO,23865.333,23865.708,3.0
0.0028175644110888243,0.27965401113033295,1.8476698926406243e-07,0.031040522269904613,0.014556461945176125,0.0016049317782744765,catatumbo,UNICO,23865.667,23866.042,3.0
0.005493112374097109,0.18451066315174103,3.2029105057063134e-07,0.05485480651259422,0.02747586090117693,0.0014331028796732426,catatumbo,UNICO,23866.333,23866.708,3.0
0.0041694073006510735,0.22031354159116745,2.0946814771605204e-07,0.026868922635912895,0.010090878466144204,0.0016044520307332277,catatumbo,UNICO,23866.667,23867.042,3.0
0.0032386931125074625,0.2800791412591934,1.7966034704386402e-07,0.015445365570485592,0.010962893720716238,0.001303825993090868,catatumbo,UNICO,23867.0,23867.375,3.0
0.0026948575396090746,0.1601228266954422,5.145265546957489e-08,0.0014919965178705752,3.3665550347450335e-07,0.12200349569320679,catatumbo,UNICO,23867.333,23867.708,3.0
0.0003588635299820453,0.43865248560905457,2.990343688225039e-07,0.4706934094429016,0.0015210883575491607,0.019448235630989075,catatumbo,SPEAKER_03,23867.667,23868.042,3.0
0.0006007333286106586,0.2873964309692383,3.949259479441025e-07,0.3065679669380188,0.00039712683064863086,0.05264751985669136,catatumbo,SPEAKER_03,23868.0,23868.375,3.0
0.005732686258852482,0.08913471177220345,1.3712053714698413e-06,0.2728894427418709,0.003395852749235928,0.010818561539053917,catatumbo,SPEAKER_03,23868.333,23868.708,3.0
0.002937456127256155,0.12977483123540878,1.4126577241313498e-06,0.10922938212752342,0.006651464616879821,0.005578713025897741,catatumbo,UNICO,23868.667,23869.042,3.0
0.000768733792938292,0.218097984790802,1.2407617333565213e-07,0.09808853641152382,0.0009440413559786975,0.004105682019144297,catatumbo,UNICO,23869.333,23869.708,3.0
0.0005218549049459398,0.23697245866060257,5.374238014610455e-07,0.4196653217077255,0.0003823763836408034,0.01608952321112156,catatumbo,UNICO,23869.667,23870.042,3.0
0.0012579603353515267,0.2635452300310135,1.2931573394325824e-06,0.08225160650908947,0.0042227813974022865,0.004864212591201067,catatumbo,UNICO,23870.0,23870.375,3.0
0.00040570777491666377,0.25079961866140366,1.1987220318587788e-06,0.11842678114771843,0.009256666526198387,0.0008923536515794694,catatumbo,UNICO,23870.333,23870.708,3.0
0.001442818553186953,0.26215381920337677,1.8414910982755828e-06,0.5130801647901535,0.009226985508576035,0.003533197334036231,catatumbo,SPEAKER_03,23870.667,23871.042,3.0
0.0011220299638807774,0.42883341014385223,7.237649271019109e-07,0.01412529032677412,7.932059997983743e-05,0.030574757605791092,catatumbo,SPEAKER_03,23871.0,23871.375,3.0
0.0057345000095665455,0.19654455035924911,8.110369620339952e-07,0.16387805342674255,0.00041883251105900854,0.029882293194532394,catatumbo,SPEAKER_03,23871.333,23871.708,3.0
0.000844131107442081,0.35287125408649445,1.0068826341580461e-06,0.10211008414626122,0.0011886001739185303,0.012571037746965885,catatumbo,UNICO,23871.667,23872.042,3.0
0.0004483840020839125,0.259310781955719,2.1967724705973524e-07,0.007150185294449329,9.198350562655833e-05,0.05807820335030556,catatumbo,SPEAKER_03,23872.333,23872.708,3.0
0.003052032319828868,0.10992788523435593,3.510124031436135e-07,0.03868291340768337,0.00015913030074443668,0.004513808526098728,catatumbo,SPEAKER_03,23872.667,23873.042,3.0
0.0010945092653855681,0.32225972414016724,4.720276791658762e-07,0.15159789472818375,0.003024656791239977,0.00047375925350934267,catatumbo,SPEAKER_03,23873.0,23873.375,3.0
0.005067027639597654,0.18293721973896027,1.5809749243089755e-06,0.026279614306986332,0.0065105867106467485,0.0003882968449033797,catatumbo,SPEAKER_03,23873.333,23873.708,3.0
0.003129270626232028,0.16000138223171234,1.9820874967990676e-06,0.3611118942499161,0.00560963130556047,0.001872610067948699,catatumbo,SPEAKER_03,23873.667,23874.042,3.0
0.00017339941405225545,0.5142031311988831,4.96340248901106e-07,0.6628903746604919,0.007236644858494401,0.008347798138856888,catatumbo,SPEAKER_03,23874.0,23874.375,3.0
0.0003603436634875834,0.30823875963687897,1.452493094689089e-07,0.28627756237983704,0.0008755161252338439,0.010011249221861362,catatumbo,SPEAKER_03,23874.333,23874.708,3.0
0.003505403408780694,0.3286895453929901,1.6598950196566875e-06,0.4026505649089813,0.007806852459907532,0.010282267816364765,catatumbo,SPEAKER_03,23874.667,23875.042,3.0
0.003035410074517131,0.264498695731163,1.1018768759640807e-06,0.4853978157043457,0.0003361115523148328,0.01148367952555418,catatumbo,SPEAKER_03,23875.333,23875.708,3.0
0.013734877109527588,0.18761593103408813,5.260957820496515e-07,0.2033315673470497,0.00014415389159694314,0.047347597777843475,catatumbo,SPEAKER_03,23875.667,23876.042,3.0
0.0027973568066954613,0.07934214174747467,1.2907725590594055e-06,0.05226843245327473,0.004413902293890715,0.0024284347891807556,catatumbo,SPEAKER_03,23876.0,23876.375,3.0
0.0013018326135352254,0.283944234251976,1.1418430005960545e-06,0.4215634763240814,0.0026237735874019563,0.022473225370049477,catatumbo,SPEAKER_03,23876.333,23876.708,3.0
0.0017812032019719481,0.26979658007621765,1.1854390322696418e-06,0.2069338783621788,0.005640968331135809,0.006870480719953775,catatumbo,SPEAKER_03,23876.667,23877.042,3.0
0.0016558029456064105,0.14545927196741104,1.6640227471498292e-06,0.09282597154378891,0.01396248722448945,0.0019935115706175566,catatumbo,UNICO,23877.0,23877.375,3.0
0.0017940175021067262,0.2530028969049454,1.2643308195947611e-06,0.4922105371952057,0.009192591067403555,0.003536677686497569,catatumbo,SPEAKER_03,23877.333,23877.708,3.0
0.0008411795133724809,0.31129029393196106,1.6787308823040803e-06,0.24827832728624344,0.00792706455104053,0.005637496244162321,catatumbo,SPEAKER_03,23877.667,23878.042,3.0
0.0021678516641259193,0.22804802656173706,3.651471587318156e-07,0.1353091113269329,0.001339432899840176,0.000822393863927573,catatumbo,UNICO,23878.333,23878.708,3.0
0.0009633803274482489,0.27913491427898407,2.6422871002296233e-07,0.06005069985985756,0.00046817232214380056,0.0017380798235535622,catatumbo,UNICO,23878.667,23879.042,3.0
0.0009147069649770856,0.3486161530017853,3.2711056263678984e-07,0.002174794499296695,3.815729905909393e-05,0.003946894779801369,catatumbo,UNICO,23879.0,23879.375,3.0
0.0058195567689836025,0.1821596324443817,3.299484987451251e-07,0.0030978552531450987,1.69187474057253e-05,0.0026734040584415197,catatumbo,UNICO,23879.333,23879.708,3.0
0.001850212924182415,0.3282588720321655,5.534788414252034e-07,0.03546443860977888,0.00031177746859611943,0.0003331841144245118,catatumbo,UNICO,23879.667,23880.042,3.0
0.0019349359208717942,0.3260967284440994,5.068206974101486e-07,0.025929336436092854,0.00014009316510055214,0.0003965152718592435,catatumbo,UNICO,23880.0,23880.375,3.0
0.006418681237846613,0.20604510605335236,1.0909467107467208e-06,0.009473150130361319,0.0003628904523793608,0.0002464418939780444,catatumbo,UNICO,23880.333,23880.708,3.0
0.010072389617562294,0.1874997690320015,1.5672912070385792e-06,0.022567220963537693,0.002589102485217154,0.0001255990646313876,catatumbo,UNICO,23880.667,23881.042,3.0
0.003848231863230467,0.2384134978055954,1.1032532825083763e-06,0.010059296619147062,0.002009709132835269,0.00036156439455226064,catatumbo,UNICO,23881.333,23881.708,3.0
0.01358000934123993,0.15302834659814835,1.2941441980274249e-06,0.012321775313466787,0.008811008417978883,0.00015376473311334848,catatumbo,UNICO,23881.667,23882.042,3.0
0.003645399585366249,0.2658226415514946,8.407753853134636e-07,0.0052777735982090235,0.0016442438936792314,0.0005698269815184176,catatumbo,UNICO,23882.0,23882.375,3.0
0.009146144613623619,0.10755791515111923,8.031643545791667e-07,0.03391512669622898,0.006516287103295326,0.0005464686546474695,catatumbo,UNICO,23882.333,23882.708,3.0
0.0004239162371959537,0.38138826191425323,8.555415149658074e-07,0.6443950235843658,0.0019084016093984246,0.00684543140232563,catatumbo,SPEAKER_03,23882.667,23883.042,3.0
0.008165356703102589,0.08006719872355461,1.1902977803401882e-06,0.030354293063282967,0.016447504982352257,0.001123015652410686,catatumbo,SPEAKER_03,23883.0,23883.375,3.0
0.027459388598799706,0.06300304271280766,6.322910905964818e-07,0.015765303745865822,0.007275088457390666,0.0020679926965385675,catatumbo,SPEAKER_03,23883.333,23883.708,3.0
0.0011586659820750356,0.1499602124094963,6.023831815582525e-07,0.3920111507177353,0.002571415388956666,0.003199131926521659,catatumbo,SPEAKER_03,23883.667,23884.042,3.0
0.0007172097684815526,0.22934215888381004,2.6801396302289504e-07,0.01145643787458539,0.00047638601972721517,0.01738782972097397,catatumbo,SPEAKER_03,23884.333,23884.708,3.0
0.005933712236583233,0.18759309500455856,8.317840070048987e-07,0.07809466496109962,0.005379806971177459,0.001653405255638063,catatumbo,SPEAKER_03,23884.667,23885.042,3.0
0.001420300337485969,0.23485485464334488,1.6278971770589123e-07,0.16812412440776825,0.0001768770016497001,0.016647418960928917,catatumbo,SPEAKER_03,23885.0,23885.375,3.0
0.0036052456125617027,0.20585515350103378,5.86238257938021e-07,0.21518225967884064,0.013435343746095896,0.000630311609711498,catatumbo,SPEAKER_03,23885.333,23885.708,3.0
0.04956677556037903,0.023838108405470848,5.693736966350116e-07,0.00905593205243349,0.006319574429653585,0.00665248092263937,catatumbo,SPEAKER_03,23885.667,23886.042,3.0
0.002739840419963002,0.1571366935968399,4.33454751203044e-07,0.006489903200417757,0.0006604121153941378,0.0021123976912349463,catatumbo,SPEAKER_03,23886.0,23886.375,3.0
0.0018791230395436287,0.19391993433237076,5.254747321714603e-07,0.5099038481712341,0.005108763696625829,0.005788451060652733,catatumbo,SPEAKER_03,23886.333,23886.708,3.0
0.01547969225794077,0.04988563805818558,1.700740710930404e-06,0.057221220806241035,0.004724656813777983,0.0002767514670267701,catatumbo,SPEAKER_03,23886.667,23887.042,3.0
0.0028411448001861572,0.24405337125062943,2.1050771437103322e-07,0.0001927250123117119,6.382646097335964e-05,0.08330576121807098,catatumbo,SPEAKER_03,23887.333,23887.708,3.0
0.0007451621349900961,0.21466362476348877,1.2228676382619597e-06,0.5259940177202225,0.015795951709151268,0.007269756868481636,catatumbo,SPEAKER_03,23887.667,23888.042,3.0
0.0016147808637470007,0.2578672617673874,1.1750369424134988e-06,0.20168207585811615,0.013965004123747349,0.003104439238086343,catatumbo,SPEAKER_03,23888.0,23888.375,3.0
0.0004949963768012822,0.2307691127061844,4.306499334916225e-07,0.5287062674760818,0.0006080501334508881,0.010915755294263363,catatumbo,SPEAKER_03,23888.333,23888.708,3.0
0.001572430832311511,0.15373139083385468,1.1214047646035397e-07,0.05763471871614456,3.277651376265567e-05,0.15062785148620605,catatumbo,SPEAKER_03,23888.667,23889.042,3.0
0.0016657273517921567,0.1253066398203373,1.789210386959894e-06,0.512388065457344,0.006635724101215601,0.0007466633687727153,catatumbo,SPEAKER_03,23889.0,23889.375,3.0
0.002555177314206958,0.19620193541049957,1.3933909031038638e-06,0.19323866069316864,0.02118367003276944,0.0020271562971174717,catatumbo,SPEAKER_03,23889.333,23889.708,3.0
0.00493710907176137,0.20299383997917175,3.4733340470438634e-07,0.052196456119418144,0.0005154868122190237,0.013705454766750336,catatumbo,SPEAKER_03,23889.667,23890.042,3.0
0.002374547068029642,0.23033025860786438,3.0417793794867976e-07,0.0035327542573213577,0.00042809460137505084,0.02068331465125084,catatumbo,UNICO,23890.333,23890.708,3.0
0.015331600792706013,0.035549222491681576,6.706813735490869e-07,0.009326678235083818,0.0031382176093757153,0.004451565444469452,catatumbo,UNICO,23890.667,23891.042,3.0
0.01720234379172325,0.06553157605230808,7.07903041075042e-07,0.02210158947855234,0.0006558241439051926,0.0020242605824023485,catatumbo,SPEAKER_03,23891.0,23891.375,3.0
0.002000640146434307,0.15692126005887985,2.084991194806207e-06,0.6027951538562775,0.0026139029068872333,0.0058000897988677025,catatumbo,SPEAKER_03,23891.333,23891.708,3.0
0.0030901783611625433,0.24886377155780792,1.2001025879726512e-06,0.5236662030220032,0.002233089879155159,0.007849317044019699,catatumbo,SPEAKER_03,23891.667,23892.042,3.0
0.0002829201112035662,0.46758274734020233,4.979946339744856e-07,0.058667389675974846,0.0023038043291307986,0.005751544144004583,catatumbo,SPEAKER_03,23949.667,23950.042,3.0
0.002963510574772954,0.38718821108341217,1.5659203178586267e-07,0.0012946982169523835,1.8451249417239524e-07,0.3772134780883789,catatumbo,UNICO,23950.333,23950.708,3.0
0.008458462543785572,0.21438586711883545,7.132276635957169e-07,0.005664240452460945,8.740129123907536e-05,0.00334096304140985,catatumbo,SPEAKER_03,23950.667,23951.042,3.0
0.1046147271990776,0.11193763464689255,2.044659197508736e-06,0.07058484479784966,0.0019102556398138404,0.00045648557716049254,catatumbo,SPEAKER_03,23951.0,23951.375,3.0
0.013686143793165684,0.15542568266391754,1.2140477849698073e-06,0.005616714945062995,0.000455691508250311,0.0007320208242163062,catatumbo,SPEAKER_03,23951.333,23951.708,3.0
0.008151732385158539,0.13739006966352463,6.199300770504124e-07,0.001919244707096368,1.5764169347676216e-05,0.0151220066472888,catatumbo,UNICO,23951.667,23952.042,3.0
0.026033872738480568,0.2578933984041214,6.372513041696948e-07,0.01736886752769351,0.0006531404796987772,0.010611210949718952,catatumbo,SPEAKER_03,23952.0,23952.375,3.0
0.00048792106099426746,0.3131057769060135,8.472716217511334e-07,0.6681929230690002,0.0008617269922979176,0.008984694257378578,catatumbo,SPEAKER_03,23952.333,23952.708,3.0
0.00027553774998523295,0.3227962851524353,4.594545117697635e-07,0.5831223726272583,0.0011934179638046771,0.07102559506893158,catatumbo,SPEAKER_03,23952.667,23953.042,3.0
0.000198654510313645,0.4248461425304413,3.509542665369736e-07,0.3600813150405884,0.00019616320787463337,0.020547885447740555,catatumbo,SPEAKER_03,23953.333,23953.708,3.0
0.0002523375442251563,0.3679356276988983,1.923038510653896e-07,0.1500711403787136,0.0005449260352179408,0.01171890553086996,catatumbo,SPEAKER_03,23953.667,23954.042,3.0
0.0013880532933399081,0.3086690604686737,7.827156593975815e-07,0.17170973867177963,0.0078089244198054075,0.00035686822957359254,catatumbo,SPEAKER_03,23954.0,23954.375,3.0
0.0017644126201048493,0.4012732207775116,4.123709231862449e-07,0.12841912731528282,0.014548277948051691,0.0012643550289794803,catatumbo,UNICO,23954.333,23954.708,3.0
0.004426084458827972,0.22015254199504852,3.3333937210500153e-07,0.1367492526769638,0.014489080291241407,0.0014550000196322799,catatumbo,UNICO,23954.667,23955.042,3.0
0.0023448430001735687,0.33735573291778564,3.361204008456298e-07,0.10618425905704498,0.00985912955366075,0.0010123264510184526,catatumbo,UNICO,23955.0,23955.375,3.0
0.0030873168725520372,0.3289853036403656,3.6132770731001074e-07,0.12761828303337097,0.013371298555284739,0.001231468515470624,catatumbo,UNICO,23955.333,23955.708,3.0
0.0020888610742986202,0.39350734651088715,2.8163378118506444e-07,0.05028747208416462,0.00935221347026527,0.0009045402985066175,catatumbo,UNICO,23955.667,23956.042,3.0
0.0013473404105752707,0.44459840655326843,3.21413423876038e-07,0.06582656130194664,0.007127225631847978,0.0011211058590561152,catatumbo,UNICO,23956.333,23956.708,3.0
0.0007627466693520546,0.48101818561553955,2.4749638782850525e-07,0.06491057947278023,0.004651489434763789,0.0017054358031600714,catatumbo,UNICO,23956.667,23957.042,3.0
0.0010804864577949047,0.46668998897075653,2.8030763132846914e-07,0.07663826271891594,0.0060280595207586884,0.0018558173906058073,catatumbo,UNICO,23957.0,23957.375,3.0
0.001266357721760869,0.3866329491138458,3.522517602050357e-07,0.04651658982038498,0.00924224453046918,0.0018112099496647716,catatumbo,UNICO,23957.333,23957.708,3.0
0.0028764039743691683,0.34878528118133545,4.201984040719253e-07,0.08280134573578835,0.014639275148510933,0.0010986169800162315,catatumbo,UNICO,23957.667,23958.042,3.0
0.0035267500206828117,0.32688406109809875,4.5976138096648356e-07,0.07393355667591095,0.02131582936272025,0.0009264016407541931,catatumbo,UNICO,23958.0,23958.375,3.0
0.0032224555034190416,0.3121381998062134,4.517577281148988e-07,0.07410439476370811,0.023907825350761414,0.001208268804475665,catatumbo,UNICO,23958.333,23958.708,3.0
0.002673974959179759,0.31841859221458435,4.042846768470554e-07,0.09672227874398232,0.010658672545105219,0.001246200525201857,catatumbo,UNICO,23958.667,23959.042,3.0
0.0054677571170032024,0.11270411312580109,2.319266130257347e-07,0.10308868065476418,0.0037474274868145585,0.0028037382289767265,catatumbo,UNICO,23959.333,23959.708,3.0
0.005100890528410673,0.096076101064682,3.032836133343153e-07,0.0022982688387855887,0.00021312752505764365,0.07117924094200134,catatumbo,SPEAKER_03,23959.667,23960.042,3.0
0.00488622672855854,0.17215172946453094,6.33891460211089e-07,0.2418218031525612,0.0017619783757254481,0.011027660220861435,catatumbo,SPEAKER_03,23960.0,23960.375,3.0
0.0013560634106397629,0.17641857266426086,1.222981637738485e-06,0.13642287626862526,0.005585310282185674,0.004756082780659199,catatumbo,SPEAKER_03,23960.333,23960.708,3.0
0.0016484744846820831,0.2907165437936783,9.814493964199755e-07,0.058335283771157265,0.004443654208444059,0.012632916681468487,catatumbo,UNICO,23960.667,23961.042,3.0
0.0021596886217594147,0.3012910634279251,3.922734990169374e-07,0.14717541635036469,0.006320638582110405,0.001558054587803781,catatumbo,UNICO,23961.0,23961.375,3.0
0.0026954831555485725,0.30418336391448975,5.290221807285889e-07,0.050481077283620834,0.0046612139558419585,0.0041466630063951015,catatumbo,UNICO,23961.333,23961.708,3.0
0.0026783463545143604,0.11790917068719864,4.4016029221438657e-07,0.09747103229165077,0.019691529218107462,0.0009224982932209969,catatumbo,UNICO,23961.667,23962.042,3.0
0.00044520862866193056,0.30855414271354675,8.425691646607447e-07,0.5361770242452621,0.0005985456518828869,0.009531380608677864,catatumbo,SPEAKER_03,23962.333,23962.708,3.0
0.0005239919410087168,0.34842170774936676,6.913678021192027e-07,0.41038231551647186,0.00017682433099253103,0.006252582184970379,catatumbo,SPEAKER_03,23962.667,23963.042,3.0
0.0002910388575401157,0.5248025059700012,4.3966602447653713e-07,0.058853091672062874,0.00011569296475499868,0.018875667825341225,catatumbo,SPEAKER_03,23963.0,23963.375,3.0
0.005038908217102289,0.19190749526023865,1.793521477111426e-06,0.03745029307901859,0.009668365120887756,0.002012653974816203,catatumbo,SPEAKER_03,23963.333,23963.708,3.0
0.0017734395805746317,0.2672012522816658,8.876445178884751e-07,0.017352668568491936,0.01852107048034668,0.0010484873782843351,catatumbo,UNICO,23963.667,23964.042,3.0
0.002230799989774823,0.31328700482845306,5.706553309892115e-07,0.02961740456521511,0.0037951460108160973,0.0022919843904674053,catatumbo,UNICO,23964.0,23964.375,3.0
0.004975674208253622,0.25656578689813614,5.09534231696307e-07,0.009044126607477665,0.00931707420386374,0.0017151182983070612,catatumbo,UNICO,23964.333,23964.708,3.0
0.0026210059877485037,0.31796862185001373,4.130493707066307e-07,0.017013424076139927,0.0041767224902287126,0.0016319862334057689,catatumbo,UNICO,23964.667,23965.042,3.0
0.0029513470362871885,0.30408675968647003,3.4496941481165777e-07,0.019285679794847965,0.0028515818412415683,0.0018752554897218943,catatumbo,UNICO,23965.333,23965.708,3.0
0.002273270394653082,0.35607917606830597,4.6842831125104567e-07,0.009230644907802343,0.003516517928801477,0.002620216691866517,catatumbo,UNICO,23965.667,23966.042,3.0
0.004620017949491739,0.276493638753891,3.17495068458129e-07,0.0057452034670859575,0.0022471112897619605,0.0033408806193619967,catatumbo,UNICO,23966.0,23966.375,3.0
0.013853143900632858,0.1520920842885971,3.5414973353908863e-07,0.004385604406706989,0.0022459087194874883,0.003885057754814625,catatumbo,UNICO,23966.333,23966.708,3.0
0.019469128921628,0.1074775941669941,1.4236418337532086e-06,0.01286005973815918,0.0012610575067810714,0.0013068938860669732,catatumbo,SPEAKER_03,23966.667,23967.042,3.0
0.0024952366948127747,0.30126340687274933,6.19735544660216e-07,0.05687501281499863,0.00047611304034944624,0.002508128061890602,catatumbo,SPEAKER_03,23967.0,23967.375,3.0
0.0006268754950724542,0.3202483206987381,6.34956535350284e-07,0.30916596949100494,0.002189712366089225,0.01213616132736206,catatumbo,SPEAKER_03,23967.333,23967.708,3.0
0.0005134822567924857,0.38203324377536774,1.0199937605648302e-06,0.2550353407859802,0.002239878580439836,0.00426871282979846,catatumbo,SPEAKER_03,23967.667,23968.042,3.0
0.001794495852664113,0.25400613993406296,8.458506357555962e-07,0.07733537256717682,0.01318847294896841,0.0015344943385571241,catatumbo,UNICO,23968.333,23968.708,3.0
0.0011425449047237635,0.39614009857177734,8.555942869747923e-07,0.03169518709182739,0.0083928348030895,0.001401346642524004,catatumbo,UNICO,23968.667,23969.042,3.0
0.0011333373840898275,0.3547378480434418,7.662760737048302e-07,0.01614195480942726,0.004932658048346639,0.0020808905828744173,catatumbo,UNICO,23969.0,23969.375,3.0
0.00118977518286556,0.3881521672010422,7.953966729701278e-07,0.02563132904469967,0.0072554354555904865,0.001188189024105668,catatumbo,UNICO,23969.333,23969.708,3.0
0.0010301930597051978,0.4637296795845032,8.167771312628247e-07,0.023998177610337734,0.00809479528106749,0.002941469894722104,catatumbo,UNICO,23969.667,23970.042,3.0
0.0012577561428770423,0.426245778799057,8.899528580741389e-07,0.03492998890578747,0.014173116534948349,0.002230399753898382,catatumbo,UNICO,23970.0,23970.375,3.0
0.002748896135017276,0.3320714980363846,6.350901671225984e-07,0.02815266139805317,0.007946411147713661,0.001708675641566515,catatumbo,UNICO,23970.333,23970.708,3.0
0.0014223400503396988,0.3823576718568802,6.829997190038739e-07,0.028202285058796406,0.005510448012501001,0.0013518919004127383,catatumbo,UNICO,23970.667,23971.042,3.0
0.0011111297644674778,0.4140335023403168,7.418771303946414e-07,0.022372272796928883,0.012303877156227827,0.001338489237241447,catatumbo,UNICO,23971.333,23971.708,3.0
0.03479229286313057,0.03365572448819876,1.6951445225288353e-07,0.010134261101484299,1.6100863149404177e-06,0.19570156931877136,catatumbo,SPEAKER_03,23971.667,23972.042,3.0
0.003309541381895542,0.09905815869569778,1.3687106275028782e-06,0.5478980541229248,0.0017040910315699875,0.0038153475616127253,catatumbo,SPEAKER_03,23972.0,23972.375,3.0
0.00037999553023837507,0.3204699456691742,1.0343134135837317e-06,0.7107865810394287,0.001645244425162673,0.009978773072361946,catatumbo,SPEAKER_03,23972.333,23972.708,3.0
0.0001398260792484507,0.5854493081569672,2.700583188186556e-07,0.1323358342051506,0.001646511082071811,0.0035063663963228464,catatumbo,SPEAKER_03,23972.667,23973.042,3.0
0.0006815045489929616,0.37845876812934875,3.8242705358015883e-07,0.07333920523524284,0.005915013840422034,0.003922534640878439,catatumbo,UNICO,23973.0,23973.375,3.0
0.0004905767855234444,0.38397765159606934,3.1408898948370734e-07,0.036346797831356525,0.003249477013014257,0.002923975232988596,catatumbo,UNICO,23973.333,23973.708,3.0
0.00040277218795381486,0.45785360038280487,3.5958611732667123e-07,0.03608357161283493,0.004013738362118602,0.004604100715368986,catatumbo,UNICO,23973.667,23974.042,3.0
0.001970578683540225,0.30171234905719757,6.000108783155156e-07,0.46632301807403564,0.0035092286998406053,0.008114463649690151,catatumbo,UNICO,23974.333,23974.708,3.0
0.015618806704878807,0.1402777135372162,4.8863476820315555e-08,0.00454660807736218,5.318719195201993e-05,0.024271517992019653,catatumbo,SPEAKER_03,23974.667,23975.042,3.0
0.00813731923699379,0.1998804658651352,1.060241203276746e-06,0.5068398118019104,0.001403412432409823,0.007854079827666283,catatumbo,SPEAKER_03,23975.0,23975.375,3.0
0.0030463864095509052,0.21698184311389923,7.825313446119253e-07,0.08699924498796463,0.007415450178086758,0.000996618065983057,catatumbo,SPEAKER_03,23975.333,23975.708,3.0
0.011581663973629475,0.10094674304127693,8.008418888039159e-07,0.05008887127041817,0.009385556913912296,0.0013848480302840471,catatumbo,UNICO,23975.667,23976.042,3.0
3.972706508648116e-06,0.758036196231842,4.456240674244327e-07,0.6578075885772705,0.00144677929347381,0.00808736216276884,catatumbo,SPEAKER_03,23976.0,23976.375,3.0
1.3698850125365425e-05,0.6645131707191467,6.971732062766023e-07,0.44849027693271637,0.001013125613098964,0.0011665340280160308,catatumbo,SPEAKER_03,23976.333,23976.708,3.0
0.002102112164720893,0.4391452670097351,5.518508032764657e-07,0.4142517000436783,0.006767918821424246,0.0020627896301448345,catatumbo,SPEAKER_03,23976.667,23977.042,3.0
0.007099224720150232,0.222788006067276,7.501350864913547e-07,0.05146288871765137,0.0003918038128176704,0.0022072528954595327,catatumbo,SPEAKER_03,23977.333,23977.708,3.0
6.529119855258614e-05,0.5813853740692139,4.812511633645045e-07,0.45372602343559265,0.0020875473273918033,0.008271884173154831,catatumbo,SPEAKER_03,23977.667,23978.042,3.0
0.0002710969711188227,0.5213391482830048,6.846075990551981e-07,0.25359001010656357,0.005064432159997523,0.0025567742995917797,catatumbo,SPEAKER_03,23978.0,23978.375,3.0
0.002094479277729988,0.34480369091033936,7.626261151472136e-07,0.24549251049757004,0.012482629157602787,0.003254331648349762,catatumbo,UNICO,23978.333,23978.708,3.0
0.0011289077810943127,0.4441780298948288,8.97980498848483e-07,0.17935726046562195,0.010406296933069825,0.0032366663217544556,catatumbo,UNICO,23978.667,23979.042,3.0
0.0008215032867155969,0.42894667387008667,6.550757944978614e-07,0.07860682532191277,0.005523319006897509,0.00172043580096215,catatumbo,UNICO,23979.0,23979.375,3.0
0.0013659090036526322,0.37683773040771484,5.386495445236505e-07,0.05057001858949661,0.005601561046205461,0.0022121607325971127,catatumbo,UNICO,23979.333,23979.708,3.0
0.004925176501274109,0.29460255801677704,6.036371615891767e-07,0.3223186433315277,0.005036919028498232,0.0035344131756573915,catatumbo,UNICO,23979.667,23980.042,3.0
0.011880667880177498,0.23587460070848465,1.8177807419306191e-06,0.4803045243024826,0.003543312312103808,0.004381094593554735,catatumbo,SPEAKER_03,23980.333,23980.708,3.0
0.0003926477220375091,0.2774418741464615,1.661184313661579e-06,0.014075839892029762,0.0046291997423395514,0.0006932677351869643,catatumbo,SPEAKER_03,23995.333,23995.708,3.0
0.0008720745099708438,0.2525382339954376,6.586430032484714e-07,0.027664555236697197,0.00031879476591711864,0.007842002436518669,catatumbo,SPEAKER_03,23995.667,23996.042,3.0
0.0013683997094631195,0.13225742429494858,3.0633121639311867e-07,0.10051125660538673,4.401108526508324e-05,0.10441743582487106,catatumbo,SPEAKER_03,23996.0,23996.375,3.0
0.0015788121381774545,0.17349059134721756,1.561371618663543e-06,0.33713360130786896,0.002114820061251521,0.0023077046498656273,catatumbo,SPEAKER_03,23996.333,23996.708,3.0
0.0005270293913781643,0.20731868594884872,7.917812894220333e-07,0.48964786529541016,0.005936014000326395,0.008453218266367912,catatumbo,SPEAKER_03,23996.667,23997.042,3.0
0.0004587211296893656,0.3247397392988205,9.964688274521905e-07,0.05939425341784954,0.023571711964905262,0.002387146931141615,catatumbo,UNICO,23997.0,23997.375,3.0
0.0005619328585453331,0.37675559520721436,1.1441781140320018e-06,0.03662465140223503,0.020996490959078074,0.004319816827774048,catatumbo,UNICO,23997.333,23997.708,3.0
0.0005350354476831853,0.2798022925853729,8.650076210869884e-07,0.016622634138911963,0.013522841036319733,0.0024801227264106274,catatumbo,UNICO,23997.667,23998.042,3.0
0.0007672097999602556,0.2714780569076538,1.1097235415036266e-06,0.10924765840172768,0.003886412479914725,0.002732174703851342,catatumbo,SPEAKER_03,23998.333,23998.708,3.0
0.0008771151187829673,0.3069641888141632,7.23796304669122e-07,0.05047320947051048,0.005063849268481135,0.00287118973210454,catatumbo,UNICO,23998.667,23999.042,3.0
0.0010513269808143377,0.22893019765615463,8.568627549720986e-07,0.0421628225594759,0.00898986030369997,0.0009185874368995428,catatumbo,UNICO,23999.0,23999.375,3.0
0.0014488057931885123,0.2628139331936836,6.60352725390112e-07,0.05445503629744053,0.004184498451650143,0.002112286165356636,catatumbo,UNICO,23999.333,23999.708,3.0
0.001451196032576263,0.21402351558208466,7.477271992684109e-07,0.043043892830610275,0.03439301997423172,0.0015092856483533978,catatumbo,UNICO,23999.667,24000.042,3.0
0.0019589692819863558,0.24113848060369492,7.755281075105813e-07,0.01931230165064335,0.01642729202285409,0.002071791561320424,catatumbo,UNICO,24000.0,24000.375,3.0
0.0006677813944406807,0.31507375836372375,4.559685748972697e-07,0.010048549622297287,0.005689907120540738,0.003023117547854781,catatumbo,UNICO,24000.333,24000.708,3.0
0.0018203025683760643,0.2654382511973381,6.149621043505249e-07,0.0179752167314291,0.018759052734822035,0.0018434164812788367,catatumbo,UNICO,24000.667,24001.042,3.0
0.00223528197966516,0.28303518891334534,6.845174809200216e-07,0.00973476842045784,0.00920991343446076,0.0032815730664879084,catatumbo,UNICO,24001.333,24001.708,3.0
0.0008961922721937299,0.446092426776886,5.804709672929675e-07,0.020985236391425133,0.00427998835220933,0.0021912481170147657,catatumbo,UNICO,24001.667,24002.042,3.0
0.002120411954820156,0.3240244537591934,6.312198905789046e-07,0.02293330803513527,0.006136239389888942,0.0029469176661223173,catatumbo,UNICO,24002.0,24002.375,3.0
0.0013934471644461155,0.2578990012407303,5.93324372744064e-07,0.008947656024247408,0.003909996827133,0.001254560425877571,catatumbo,UNICO,24002.333,24002.708,3.0
0.0018994350684806705,0.2612292692065239,6.876847464809543e-07,0.003115201252512634,0.002962441009003669,0.003419077256694436,catatumbo,UNICO,24002.667,24003.042,3.0
0.0036635505966842175,0.06142471730709076,3.453636203687438e-07,0.008977489778771996,0.00046187234693206847,0.03792364150285721,catatumbo,SPEAKER_03,24003.0,24003.375,3.0
0.0002758562914095819,0.27712608873844147,3.1166113245717497e-07,0.0006197676993906498,7.74586369516328e-05,0.40076789259910583,catatumbo,SPEAKER_03,24003.333,24003.708,3.0
0.0001311279193032533,0.24468781799077988,4.818524814709235e-07,0.22510450333356857,0.0030098407296463847,0.0030567047651857138,catatumbo,SPEAKER_03,24003.667,24004.042,3.0
0.00019441862241365016,0.22175398468971252,3.7805112640398875e-07,0.08478140085935593,0.0006069791270419955,0.006639433093369007,catatumbo,SPEAKER_03,24004.333,24004.708,3.0
0.00015118300507310778,0.32248443365097046,3.346907107015795e-07,0.45940911769866943,0.0003759268583962694,0.017436500638723373,catatumbo,SPEAKER_03,24004.667,24005.042,3.0
7.023490616120398e-05,0.3564152866601944,3.3688968414935516e-07,0.533333420753479,0.00011524112778715789,0.018540281802415848,catatumbo,SPEAKER_03,24005.0,24005.375,3.0
9.274603507947177e-05,0.34992022812366486,3.1307841652505886e-07,0.46111877262592316,0.0008963266154751182,0.015455839224159718,catatumbo,SPEAKER_03,24005.333,24005.708,3.0
0.0001433511497452855,0.40298333764076233,3.18860266190768e-07,0.23431705683469772,0.0006254193431232125,0.016616832464933395,catatumbo,SPEAKER_03,24005.667,24006.042,3.0
0.0001323484320892021,0.3241080865263939,4.2340994355072326e-07,0.30931703746318817,0.0042786417761817575,0.010915533639490604,catatumbo,UNICO,24006.0,24006.375,3.0
0.004225419368594885,0.2410818710923195,7.055853927795397e-07,0.03361394256353378,0.011149828787893057,0.004066972527652979,catatumbo,UNICO,24006.333,24006.708,3.0
0.0011859794612973928,0.22846141457557678,8.766834369566823e-07,0.04614784009754658,0.023575836792588234,0.002159160329028964,catatumbo,UNICO,24006.667,24007.042,3.0
0.0017037715297192335,0.19891852140426636,8.672995335246014e-07,0.001375218911562115,0.004449971835128963,0.008368280716240406,catatumbo,UNICO,24007.333,24007.708,3.0
0.0037420557346194983,0.02323074359446764,9.62843174079353e-07,0.05001446790993214,0.003602159325964749,0.005301284603774548,catatumbo,UNICO,24007.667,24008.042,3.0
0.0002737827890086919,0.2306632325053215,8.610606130332599e-07,0.5715591311454773,0.0005336640169844031,0.02055160142481327,catatumbo,UNICO,24008.0,24008.375,3.0
1.917647932714317e-05,0.23316561430692673,8.331116134741023e-07,0.49354472756385803,0.0007750105287414044,0.029580386355519295,catatumbo,SPEAKER_03,24008.333,24008.708,3.0
0.00042595641571097076,0.2803441435098648,9.066188368933581e-07,0.006869371049106121,6.475488862633938e-05,0.07854533940553665,catatumbo,SPEAKER_03,24008.667,24009.042,3.0
0.0017922830302268267,0.2872786372900009,5.77681745994596e-07,0.0028417605208233,0.0008361931832041591,0.030847735702991486,catatumbo,SPEAKER_03,24009.0,24009.375,3.0
0.0021339384838938713,0.28605111688375473,3.9795647666096556e-07,0.0032443362288177013,0.0013420884788502008,0.04192507639527321,catatumbo,UNICO,24009.333,24009.708,3.0
0.001338296220637858,0.15152375400066376,3.489133675316225e-07,0.1286984086036682,0.0008656743157189339,0.006394080352038145,catatumbo,UNICO,24009.667,24010.042,3.0
0.0015331256436184049,0.13675687834620476,3.400897625738253e-07,0.2178211659193039,0.004720203229226172,0.0005831478629261255,catatumbo,UNICO,24010.333,24010.708,3.0
0.0014508250169456005,0.05810589715838432,3.051118824259902e-07,0.19887125492095947,0.0017391153378412127,0.0014597706031054258,catatumbo,UNICO,24010.667,24011.042,3.0
0.0015752129256725311,0.2877816706895828,1.2009121093115027e-06,0.010164948180317879,0.000814736500615254,0.0012736213393509388,catatumbo,UNICO,24011.0,24011.375,3.0
0.002800449961796403,0.30437296628952026,1.100119106922648e-06,0.16752483695745468,0.005220939172431827,0.0023676652926951647,catatumbo,UNICO,24011.333,24011.708,3.0
0.00041039075586013496,0.361336424946785,1.41702079758943e-06,0.543066680431366,0.010491649154573679,0.0013755409745499492,catatumbo,SPEAKER_03,24011.667,24012.042,3.0
0.0003581595956347883,0.43838533759117126,1.2254544969891867e-06,0.5858789533376694,0.0081877033226192,0.002729610074311495,catatumbo,SPEAKER_03,24012.0,24012.375,3.0
0.0001422623172402382,0.509701281785965,2.225588644932941e-06,0.18241900950670242,0.022300018928945065,0.002523544244468212,catatumbo,SPEAKER_03,24012.333,24012.708,3.0
0.0033122713211923838,0.2823399156332016,9.859275849066762e-07,0.4479539841413498,0.004828083561733365,0.00258050044067204,catatumbo,SPEAKER_03,24012.667,24013.042,3.0
0.0014822912635281682,0.3045034408569336,6.714642708516294e-07,0.13765472173690796,0.01085704704746604,0.002715976210311055,catatumbo,UNICO,24013.333,24013.708,3.0
0.007588548120111227,0.14748602733016014,5.578879580525609e-07,0.07157688960433006,0.006905161077156663,0.0016725263558328152,catatumbo,UNICO,24013.667,24014.042,3.0
0.0004909537965431809,0.2924398332834244,8.258902255420253e-07,0.10647477768361568,0.012117987498641014,0.0031608890276402235,catatumbo,SPEAKER_03,24014.0,24014.375,3.0
0.0019151609158143401,0.17767444998025894,4.0312822591204167e-07,0.0247037410736084,0.000897857389645651,0.02014920301735401,catatumbo,SPEAKER_03,24014.333,24014.708,3.0
0.0011083789868280292,0.30904632806777954,6.211022451907411e-07,0.1607135310769081,0.0013133418979123235,0.01311469729989767,catatumbo,SPEAKER_03,24014.667,24015.042,3.0
0.00223692343570292,0.2711217850446701,7.725836184135915e-07,0.15252015739679337,0.0005773651791969314,0.02493441477417946,catatumbo,SPEAKER_03,24015.0,24015.375,3.0
0.0015639098128303885,0.35175035893917084,7.015472363036679e-07,0.14271685481071472,0.004605234251357615,0.007809860166162252,catatumbo,SPEAKER_03,24015.333,24015.708,3.0
0.0012576334411278367,0.3200136423110962,4.985473509577787e-07,0.03713441174477339,0.005297016352415085,0.0016927544493228197,catatumbo,UNICO,24015.667,24016.042,3.0
0.006899727042764425,0.20752526074647903,1.8962539343192475e-06,0.49773095548152924,0.0038173336070030928,0.004206318408250809,catatumbo,UNICO,24016.333,24016.708,3.0
0.0015388730680570006,0.34317733347415924,9.270731595734105e-07,0.47412680089473724,0.020010110456496477,0.001059653121046722,catatumbo,SPEAKER_03,24016.667,24017.042,3.0
0.005913565866649151,0.09275028109550476,7.658981360236794e-07,0.3898797482252121,0.004158741212449968,0.0005545155727304518,catatumbo,SPEAKER_03,24017.0,24017.375,3.0
0.005283950362354517,0.24808501452207565,3.1282306878210875e-07,0.22269658744335175,0.000239705215790309,0.006345292087644339,catatumbo,SPEAKER_03,24017.333,24017.708,3.0
0.002425261540338397,0.35359548032283783,2.883779544049503e-07,0.1966501995921135,0.00011668685328913853,0.007292602211236954,catatumbo,SPEAKER_03,24017.667,24018.042,3.0
0.002863885834813118,0.22742700576782227,1.1724509079158452e-06,0.06741311214864254,0.0030847368761897087,0.0010599413653835654,catatumbo,SPEAKER_03,24018.0,24018.375,3.0
0.0036298318300396204,0.2747911363840103,2.7214484816795448e-06,0.2514394447207451,0.0077585463877767324,0.003968076314777136,catatumbo,SPEAKER_03,24018.333,24018.708,3.0
0.0008713303250260651,0.40693536400794983,1.5607273695650292e-07,0.002429255051538348,6.42889499431476e-05,0.08659646660089493,catatumbo,SPEAKER_03,24018.667,24019.042,3.0
0.0018922502640634775,0.49714797735214233,1.024677146688191e-06,0.22928298264741898,0.008406334090977907,0.004697330761700869,catatumbo,SPEAKER_03,24019.333,24019.708,3.0
0.0019813887774944305,0.5142251551151276,1.1400690951290926e-06,0.14915208518505096,0.009390865918248892,0.0053354487754404545,catatumbo,UNICO,24019.667,24020.042,3.0
0.002947671804577112,0.43751631677150726,9.43412565845847e-07,0.13012048602104187,0.006098495796322823,0.003545945743098855,catatumbo,UNICO,24020.0,24020.375,3.0
0.0022686049342155457,0.35267752408981323,7.520301181784816e-07,0.1494547203183174,0.007261172169819474,0.0017101216362789273,catatumbo,UNICO,24020.333,24020.708,3.0
0.0016900267219170928,0.38818635046482086,1.644572762415919e-06,0.3790682703256607,0.0061148228123784065,0.00487087806686759,catatumbo,UNICO,24020.667,24021.042,3.0
0.00035358688910491765,0.5363785922527313,1.2889931042536773e-06,0.14263194054365158,0.010809647385030985,0.0008231538813561201,catatumbo,SPEAKER_03,24021.0,24021.375,3.0
0.0023203492164611816,0.4228377640247345,1.0128340548476444e-06,0.2713162451982498,0.00029727807122981176,0.0627981647849083,catatumbo,SPEAKER_03,24021.333,24021.708,3.0
0.00032919758814387023,0.4256792962551117,1.3268335976590606e-06,0.4128175526857376,0.005134155508130789,0.0018562731565907598,catatumbo,SPEAKER_03,24021.667,24022.042,3.0
0.0015813856152817607,0.30823229253292084,8.170589183009724e-07,0.07229914888739586,0.0006069664377719164,0.007781283929944038,catatumbo,SPEAKER_03,24022.333,24022.708,3.0
0.0008424139232374728,0.3090191036462784,1.5979697707280138e-06,0.3367062658071518,0.0070857887621968985,0.012975466437637806,catatumbo,SPEAKER_03,24022.667,24023.042,3.0
0.0009281527018174529,0.2568974196910858,5.17419366019567e-07,0.17991485446691513,0.0019293227815069258,0.002997764153406024,catatumbo,SPEAKER_03,24023.0,24023.375,3.0
0.0008609257638454437,0.3495704084634781,1.0876429428208212e-06,0.2255583107471466,0.00019737850379897282,0.02546304278075695,catatumbo,SPEAKER_03,24023.333,24023.708,3.0
0.0023038883227854967,0.3015071451663971,2.1764541315860697e-06,0.04944930598139763,0.0038616665406152606,0.002062042010948062,catatumbo,SPEAKER_03,24023.667,24024.042,3.0
0.0018785104621201754,0.17417999356985092,1.6219503891079512e-06,0.19014476984739304,0.0007955542823765427,0.004497133195400238,catatumbo,SPEAKER_03,24024.0,24024.375,3.0
0.0018044449388980865,0.35920681059360504,1.0875801734755441e-06,0.0859902948141098,0.0026721017784439027,0.009409548714756966,catatumbo,SPEAKER_03,24024.333,24024.708,3.0
0.0007745119510218501,0.44185979664325714,1.5314570447344522e-06,0.05664608255028725,0.012382709188386798,0.008233745582401752,catatumbo,UNICO,24024.667,24025.042,3.0
0.0011398706119507551,0.30125145614147186,1.4298745014684755e-06,0.06321505457162857,0.0065685882000252604,0.003981332294642925,catatumbo,UNICO,24025.333,24025.708,3.0
0.0035117221996188164,0.23683494329452515,2.097708119208619e-06,0.35204313695430756,0.0030153029365465045,0.0025539204943925142,catatumbo,UNICO,24025.667,24026.042,3.0
0.001744735287502408,0.42192207276821136,1.5970654771990667e-06,0.41399845480918884,0.010519672650843859,0.008347086608409882,catatumbo,SPEAKER_03,24026.0,24026.375,3.0
0.0015906721819192171,0.26321233808994293,4.747034836327657e-07,0.08880521729588509,0.0014570398489013314,0.004339470062404871,catatumbo,SPEAKER_03,24026.333,24026.708,3.0
0.002041348023340106,0.3450302183628082,6.516270758538667e-07,0.14425890892744064,0.000543411893886514,0.05033114552497864,catatumbo,SPEAKER_03,24026.667,24027.042,3.0
0.0022120007779449224,0.1929619014263153,1.3458868579618866e-06,0.15230657160282135,0.005911851301789284,0.0016350260702893138,catatumbo,SPEAKER_03,24027.0,24027.375,3.0
0.009713943116366863,0.13538288325071335,5.047857030149316e-07,0.013401247560977936,0.00017120421034633182,0.04666952043771744,catatumbo,SPEAKER_03,24027.333,24027.708,3.0
0.0003722226247191429,0.3580104410648346,7.852055858847962e-07,0.022899171337485313,0.0017619915306568146,0.004840838722884655,catatumbo,UNICO,24027.667,24028.042,3.0
0.000638236990198493,0.3979632705450058,1.0514040127418411e-06,0.07854675501585007,0.001424479007255286,0.008602171204984188,catatumbo,SPEAKER_03,24028.333,24028.708,3.0
0.004175293724983931,0.27102814614772797,4.126644839175242e-07,0.006766148377209902,0.00011082799392170273,0.03026418946683407,catatumbo,SPEAKER_03,24028.667,24029.042,3.0
0.0012135786237195134,0.33733557164669037,1.4759223461169313e-06,0.18630161881446838,0.006748095387592912,0.005624451208859682,catatumbo,SPEAKER_03,24029.0,24029.375,3.0
0.0017907395958900452,0.2671132832765579,1.305624579117648e-06,0.11486732587218285,0.010265280492603779,0.0023461005184799433,catatumbo,SPEAKER_03,24029.333,24029.708,3.0
0.0012231498258188367,0.3881258964538574,1.5725793929277643e-06,0.21807216107845306,0.012024697382003069,0.011024248786270618,catatumbo,SPEAKER_03,24029.667,24030.042,3.0
0.005358640104532242,0.17749229818582535,8.593313083338217e-07,0.1954924613237381,0.009077291702851653,0.0022499230690300465,catatumbo,UNICO,24030.0,24030.375,3.0
0.002003797795623541,0.29376131296157837,3.5676868037626264e-07,0.2507704272866249,0.004145208513364196,0.0021610064432024956,catatumbo,UNICO,24030.333,24030.708,3.0
0.0024069552309811115,0.28192705661058426,4.23923133041626e-07,0.16548921912908554,0.007487220223993063,0.0017999551491811872,catatumbo,UNICO,24030.667,24031.042,3.0
0.00286709307692945,0.3061370253562927,4.564496620673708e-07,0.15061341598629951,0.005317776813171804,0.0028718234971165657,catatumbo,UNICO,24031.333,24031.708,3.0
0.0031372581142932177,0.20149029046297073,5.321317644302326e-07,0.10367604345083237,0.009096151450648904,0.0011519648833200336,catatumbo,UNICO,24031.667,24032.042,3.0
0.004332392476499081,0.195403590798378,4.437271954316202e-07,0.16478056460618973,0.009414051892235875,0.0012469610664993525,catatumbo,UNICO,24032.0,24032.375,3.0
0.004574678372591734,0.2267245501279831,5.002763145967037e-07,0.11965654045343399,0.014095379505306482,0.0009606215171515942,catatumbo,UNICO,24032.333,24032.708,3.0
0.011599673889577389,0.17454171180725098,2.135786985490995e-06,0.5273227989673615,0.0034848644863814116,0.005945289041846991,catatumbo,SPEAKER_03,24032.667,24033.042,3.0
0.0015385462902486324,0.43680278956890106,4.0052825056591246e-07,0.3974372297525406,0.000907281442778185,0.008221943862736225,catatumbo,SPEAKER_03,24033.0,24033.375,3.0
0.0017849861178547144,0.22257138043642044,4.998327369776234e-07,0.003619176335632801,0.0013735631364397705,0.0037230809684842825,catatumbo,SPEAKER_03,24033.333,24033.708,3.0
0.0009538992308080196,0.38621923327445984,8.022377357974619e-07,0.09567674249410629,0.0003796686069108546,0.12458650022745132,catatumbo,SPEAKER_03,24033.667,24034.042,3.0
0.0008359775529243052,0.24142737686634064,1.0300426538378815e-06,0.03460988029837608,0.004172699060291052,0.0010706032626330853,catatumbo,SPEAKER_03,24034.333,24034.708,3.0
0.0023490609601140022,0.30667178332805634,1.290691898248042e-06,0.4990103244781494,0.0026266387430951,0.014178004115819931,catatumbo,SPEAKER_03,24034.667,24035.042,3.0
0.0027490975335240364,0.3223246932029724,5.29783868330469e-07,0.05374482460319996,0.0006480546726379544,0.023548925295472145,catatumbo,SPEAKER_03,24035.0,24035.375,3.0
0.0007578582735732198,0.3244358152151108,9.915039242969215e-07,0.02987580932676792,0.01618018699809909,0.0005575887626037002,catatumbo,SPEAKER_03,24035.333,24035.708,3.0
0.0016060324851423502,0.2568017691373825,1.4481941690291933e-07,0.014646791853010654,8.54081667966966e-06,0.023754708468914032,catatumbo,SPEAKER_03,24035.667,24036.042,3.0
0.0002872018958441913,0.3988310694694519,7.510122941312147e-07,0.6216721832752228,0.001653932617045939,0.009388930164277554,catatumbo,SPEAKER_03,24036.0,24036.375,3.0
0.0026127693708986044,0.40791383385658264,3.656418954278706e-07,0.0041317937429994345,0.001878742128610611,0.002230091020464897,catatumbo,SPEAKER_03,24036.333,24036.708,3.0
0.004572546575218439,0.21326497942209244,1.7534769654048432e-06,0.35194873809814453,0.00647621089592576,0.0015798278618603945,catatumbo,SPEAKER_03,24036.667,24037.042,3.0
0.001606325968168676,0.4083738327026367,1.1192926478997833e-06,0.17356107383966446,0.005391190527006984,0.008119269274175167,catatumbo,SPEAKER_03,24037.333,24037.708,3.0
0.0010690562194213271,0.368534654378891,6.655724007487152e-07,0.21818289905786514,0.03801338002085686,0.003226430853828788,catatumbo,UNICO,24037.667,24038.042,3.0
0.0011278442107141018,0.3810107409954071,6.421177261017874e-07,0.1880284920334816,0.058062607422471046,0.0011788904666900635,catatumbo,UNICO,24038.0,24038.375,3.0
0.0007245537708513439,0.35142919421195984,8.547589231966413e-07,0.172697551548481,0.015822572633624077,0.0014198255958035588,catatumbo,UNICO,24038.333,24038.708,3.0
0.0019317035330459476,0.25662049651145935,1.1396269741226206e-06,0.12526962161064148,0.024928647093474865,0.0009761201799847186,catatumbo,UNICO,24038.667,24039.042,3.0
0.0026069553568959236,0.22282454371452332,1.309249313408145e-06,0.14956948161125183,0.0140716633759439,0.0022552309092134237,catatumbo,UNICO,24039.0,24039.375,3.0
0.0014539362164214253,0.23478839546442032,1.1789775697934601e-06,0.11282961443066597,0.01246784464456141,0.0012065269984304905,catatumbo,UNICO,24039.333,24039.708,3.0
0.0016811538953334093,0.22235220670700073,1.1515047901866637e-06,0.09768832102417946,0.015287072397768497,0.0010451603448018432,catatumbo,UNICO,24039.667,24040.042,3.0
0.003530035726726055,0.22066570818424225,6.747873442236596e-07,0.21303697675466537,0.021877341903746128,0.0006056723650544882,catatumbo,UNICO,24040.333,24040.708,3.0
0.002884638262912631,0.19061601161956787,1.0283896330065545e-06,0.08860760927200317,0.01891332073137164,0.0006635208847001195,catatumbo,UNICO,24040.667,24041.042,3.0
0.00380747695453465,0.17327292263507843,1.130030867102505e-06,0.07907834649085999,0.02141284989193082,0.0007942761294543743,catatumbo,UNICO,24041.0,24041.375,3.0
0.003070664592087269,0.19407370686531067,1.0338053186842444e-06,0.2091243490576744,0.012422611005604267,0.0010927231051027775,catatumbo,UNICO,24041.333,24041.708,3.0
0.005928525235503912,0.06566280871629715,2.2501632557236917e-07,0.00227307720342651,3.937583642255049e-05,0.22723820805549622,catatumbo,SPEAKER_03,24041.667,24042.042,3.0
0.0010755520779639482,0.29129308462142944,1.9144445104757324e-06,0.570263534784317,0.0036285766400396824,0.0020854950416833162,catatumbo,SPEAKER_03,24042.0,24042.375,3.0
0.0035676327534019947,0.2429017648100853,1.136475390239866e-06,0.16301031410694122,0.004600955289788544,0.010294168256223202,catatumbo,SPEAKER_03,24042.333,24042.708,3.0
0.002850927412509918,0.2574136480689049,8.722415572037789e-07,0.09363638609647751,0.010066874558106065,0.004694244358688593,catatumbo,UNICO,24042.667,24043.042,3.0
0.003697979263961315,0.023270035162568092,3.6643555745285994e-07,4.8541616706643254e-05,2.818971694296124e-06,0.9421854615211487,catatumbo,SPEAKER_03,24043.333,24043.708,3.0
0.0008235171553678811,0.42696769535541534,1.7588164951121144e-06,0.690026730298996,0.005572367925196886,0.0015204085502773523,catatumbo,SPEAKER_03,24043.667,24044.042,3.0
0.001243398990482092,0.39175865054130554,1.1776548376474238e-06,0.34483715891838074,0.003138478728942573,0.015615674667060375,catatumbo,SPEAKER_03,24044.0,24044.375,3.0
0.00045336264884099364,0.40675103664398193,1.173065058424072e-06,0.10935093834996223,0.009930649539455771,0.00394020089879632,catatumbo,UNICO,24044.333,24044.708,3.0
0.0004731387016363442,0.4419699013233185,8.721351463236715e-08,1.2660786751439446e-05,2.1489485302339517e-08,0.9310977458953857,catatumbo,UNICO,24044.667,24045.042,3.0
0.003197575220838189,0.1400364637374878,9.72777570495964e-07,0.23131995648145676,0.000570606323890388,0.00877853948622942,catatumbo,SPEAKER_03,24045.0,24045.375,3.0
0.00023646160843782127,0.38609394431114197,2.3844417640361826e-07,0.010256186593323946,0.00032362199999624863,0.004554577171802521,catatumbo,SPEAKER_03,24045.333,24045.708,3.0
0.0006584489019587636,0.40329374372959137,6.467380728736316e-07,0.4316248148679733,0.00808202545158565,0.0017775696469470859,catatumbo,SPEAKER_03,24045.667,24046.042,3.0
0.005447006318718195,0.22209089249372482,7.832859409973025e-07,0.21876578778028488,0.0021888341871090233,0.0013829994713887572,catatumbo,UNICO,24046.333,24046.708,3.0
0.00017344241496175528,0.34804585576057434,3.070287348805323e-07,0.0001350021848338656,7.731624691587058e-06,0.15174390375614166,catatumbo,SPEAKER_03,24046.667,24047.042,3.0
0.01705523580312729,0.08778873085975647,6.052229934994102e-07,0.03845462203025818,0.0019541290239430964,0.00033599318703636527,catatumbo,SPEAKER_03,24047.0,24047.375,3.0
0.0009216426988132298,0.3305214047431946,4.832868114590383e-07,0.4609059542417526,0.0041699493303895,0.004880278371274471,catatumbo,SPEAKER_03,24047.333,24047.708,3.0
0.0034723286516964436,0.19375132024288177,2.9727002726076535e-07,0.009283040650188923,0.0001563458026794251,0.006381483748555183,catatumbo,SPEAKER_03,24047.667,24048.042,3.0
0.07166042178869247,0.026756133884191513,2.937768499577942e-07,0.0026688186917454004,0.0002596781268948689,0.044419217854738235,catatumbo,UNICO,24048.0,24048.375,3.0
0.02350538596510887,0.23689908534288406,4.549633558781352e-07,0.01020000595599413,0.0003285712664364837,0.00845295749604702,catatumbo,SPEAKER_03,24048.333,24048.708,3.0
0.003279265481978655,0.18635893613100052,7.232051757455338e-07,0.02255995199084282,0.0031323154689744115,0.0006438460550270975,catatumbo,SPEAKER_03,24048.667,24049.042,3.0
0.0004665791057050228,0.30734874308109283,7.669812589483627e-07,0.16000167280435562,0.0008805956749711186,0.004585456568747759,catatumbo,SPEAKER_03,24049.333,24049.708,3.0
0.0031255765352398157,0.1010049432516098,4.880360009451579e-07,0.4814867824316025,0.0007156509818742052,0.012375854887068272,catatumbo,SPEAKER_03,24049.667,24050.042,3.0
0.0017008153954520822,0.3255889564752579,2.964524909998545e-07,0.09628893435001373,0.00042595452396199107,0.004250508267432451,catatumbo,UNICO,24050.0,24050.375,3.0
0.0014457338256761432,0.18358199298381805,5.399661233695952e-07,0.20048323273658752,0.00156211422290653,0.0036932160146534443,catatumbo,UNICO,24050.333,24050.708,3.0
0.0010798661969602108,0.21690239757299423,5.443056139142755e-07,0.3248680979013443,0.0029443304520100355,0.0019657521042972803,catatumbo,UNICO,24050.667,24051.042,3.0
0.0008657486760057509,0.20458899438381195,5.935005020774042e-07,0.302635595202446,0.0037639158545061946,0.0011951011838391423,catatumbo,UNICO,24051.0,24051.375,3.0
0.004890206269919872,0.16295763850212097,3.592847903632901e-07,0.08763126283884048,0.002357269113417715,0.0016307715559378266,catatumbo,UNICO,24051.333,24051.708,3.0
0.0022183095570653677,0.27064618468284607,5.194115075823902e-07,0.08561733737587929,0.002957975142635405,0.002654156181961298,catatumbo,UNICO,24051.667,24052.042,3.0
0.002791775856167078,0.15265754610300064,5.076667761727549e-07,0.1167646162211895,0.0026364134973846376,0.0012024776078760624,catatumbo,UNICO,24052.333,24052.708,3.0
0.0022287501487880945,0.17650989443063736,6.953027025247138e-07,0.06820804253220558,0.011727435979992151,0.0015484102768823504,catatumbo,UNICO,24052.667,24053.042,3.0
0.0027497473638504744,0.12291420623660088,5.348188309994839e-07,0.0760706290602684,0.007442957255989313,0.0013989865547046065,catatumbo,UNICO,24053.0,24053.375,3.0
0.003085016505792737,0.1161559671163559,6.812618238427604e-07,0.1253044456243515,0.005694604013115168,0.0013181756949052215,catatumbo,UNICO,24053.333,24053.708,3.0
0.006234277505427599,0.08402055501937866,4.110413271973812e-07,0.15673857182264328,0.007949512219056487,0.005111689679324627,catatumbo,UNICO,24053.667,24054.042,3.0
0.0011901191901415586,0.09012197516858578,4.766139056755492e-07,0.06535619497299194,0.002099712553899735,0.003357170382514596,catatumbo,UNICO,24054.0,24054.375,3.0
0.008921679109334946,0.041331793181598186,5.602227446388497e-07,0.028060455806553364,0.0007551956514362246,0.016583269461989403,catatumbo,UNICO,24054.333,24054.708,3.0
0.00047534654731862247,0.39018839597702026,9.385580312937236e-07,0.043702373281121254,0.00038742617471143603,0.09813056886196136,catatumbo,SPEAKER_03,24054.667,24055.042,3.0
0.0014395667240023613,0.11202405393123627,1.9985566979130454e-07,0.004443997866474092,4.668368819693569e-05,0.05592816695570946,catatumbo,SPEAKER_03,24055.333,24055.708,3.0
0.004813910461962223,0.2832968980073929,2.977275741500307e-07,0.011747719254344702,9.573268471285701e-05,0.08106844872236252,catatumbo,SPEAKER_03,24055.667,24056.042,3.0
0.00455008028075099,0.17698828876018524,6.871711164535554e-07,0.03619934059679508,0.00027707000117516145,0.012916471809148788,catatumbo,SPEAKER_03,24056.0,24056.375,3.0
0.0013669149484485388,0.2522285655140877,2.7467669738712175e-07,0.0035944002447649837,4.1815824260993395e-05,0.15974293649196625,catatumbo,SPEAKER_03,24056.333,24056.708,3.0
0.00014707287482451648,0.35393285751342773,1.8309280562789354e-06,0.19835177063941956,0.009996771812438965,0.0011867977445945144,catatumbo,SPEAKER_03,24056.667,24057.042,3.0
0.0007728693308308721,0.37665776908397675,1.0792052904662341e-06,0.04576150327920914,0.005119383451528847,0.008304642513394356,catatumbo,SPEAKER_03,24057.0,24057.375,3.0
0.0018412075005471706,0.19541557133197784,6.944850383661105e-07,0.003586855949833989,0.0004991744935978204,0.032098352909088135,catatumbo,SPEAKER_03,24057.333,24057.708,3.0
0.0005975657259114087,0.27621138095855713,9.011230588384933e-07,0.2851569876074791,0.006036963313817978,0.00727567495778203,catatumbo,SPEAKER_03,24057.667,24058.042,3.0
0.0007216601516120136,0.18432916700839996,2.7495822507717094e-07,0.010426288936287165,0.00010802436372614466,0.010814893059432507,catatumbo,SPEAKER_03,24058.333,24058.708,3.0
0.001888067228719592,0.21581503748893738,2.127224036030384e-06,0.08652473241090775,0.007695230655372143,0.0008075006189756095,catatumbo,SPEAKER_03,24058.667,24059.042,3.0
2.0828525521210395e-05,0.6286039650440216,2.4927052777456993e-07,0.3059433251619339,0.00022105605603428558,0.06328188627958298,catatumbo,SPEAKER_03,24059.0,24059.375,3.0
0.00037642320967279375,0.3733920603990555,7.930590584237507e-07,0.13491103053092957,0.0012078098661731929,0.004162769764661789,catatumbo,SPEAKER_03,24059.333,24059.708,3.0
0.0003246880369260907,0.4408085346221924,6.989578054117374e-07,0.4744770675897598,0.002559295273385942,0.015540801919996738,catatumbo,SPEAKER_03,24059.667,24060.042,3.0
0.0010665563168004155,0.40319524705410004,1.1082795907668697e-06,0.2671263664960861,0.0038407488027587533,0.006694509647786617,catatumbo,SPEAKER_03,24060.0,24060.375,3.0
0.0009018476121127605,0.3518908768892288,1.0125940832494962e-06,0.08762563019990921,0.003020311938598752,0.0009707706631161273,catatumbo,SPEAKER_03,24060.333,24060.708,3.0
0.00170973502099514,0.3201577365398407,1.357485132302827e-06,0.007794293109327555,0.002526754280552268,0.0015536538558080792,catatumbo,UNICO,24060.667,24061.042,3.0
0.0009520125458948314,0.3963388502597809,9.920574228772239e-07,0.0060212567914277315,0.0006638803315581754,0.0042015062645077705,catatumbo,UNICO,24061.333,24061.708,3.0
0.000967714935541153,0.39057478308677673,7.620942596986424e-07,0.0057515541557222605,0.0014080543187446892,0.002278026659041643,catatumbo,UNICO,24061.667,24062.042,3.0
0.0019486942328512669,0.2654229998588562,1.0538615100585957e-06,0.025620369240641594,0.019896173384040594,0.001328126760199666,catatumbo,UNICO,24062.0,24062.375,3.0
0.000877262675203383,0.4184562414884567,3.355753435130282e-07,0.07330269739031792,0.007047481834888458,0.0020159839186817408,catatumbo,UNICO,24096.667,24097.042,3.0
0.0035658483393490314,0.2493092268705368,4.260348376305956e-07,0.08566147834062576,0.015618899371474981,0.0020639942958950996,catatumbo,UNICO,24097.333,24097.708,3.0
0.0031960660126060247,0.18797043710947037,2.9732646922298045e-07,0.014146191999316216,0.0013771432568319142,0.01165758166462183,catatumbo,UNICO,24097.667,24098.042,3.0
0.0042565250769257545,0.14932800456881523,1.216913467771974e-07,9.152598795481026e-05,4.071416270789996e-07,0.8656021356582642,catatumbo,SPEAKER_03,24098.0,24098.375,3.0
0.0008334172889590263,0.24315178394317627,8.624093652542797e-07,0.038508388213813305,0.006555729312822223,0.002145136706531048,catatumbo,SPEAKER_03,24098.333,24098.708,3.0
0.0004180193063803017,0.3308124244213104,5.33279447267887e-07,0.01393487537279725,0.004017843282781541,0.0032132193446159363,catatumbo,UNICO,24098.667,24099.042,3.0
0.004843538161367178,0.0863514319062233,4.5491769640193525e-07,0.013484008144587278,0.0008004054543562233,0.007177503313869238,catatumbo,UNICO,24099.0,24099.375,3.0
0.0014245753409340978,0.1715991273522377,5.329605841097873e-07,0.00038925216358620673,3.47343584508053e-05,0.05231902375817299,catatumbo,UNICO,24099.333,24099.708,3.0
0.00013094923633616418,0.32566867768764496,3.7497123628327245e-07,0.008819055277854204,0.00026356086891610175,0.017678996548056602,catatumbo,SPEAKER_03,24099.667,24100.042,3.0
0.00020175360259599984,0.607425183057785,1.3682761164091062e-06,0.34670332074165344,0.0009782719716895372,0.010334501042962074,catatumbo,SPEAKER_03,24100.333,24100.708,3.0
0.0002181074523832649,0.5406213700771332,1.0668464938135003e-06,0.38368605077266693,0.0012448140478227288,0.01292277779430151,catatumbo,SPEAKER_03,24100.667,24101.042,3.0
0.00022379137226380408,0.28440284729003906,2.2951355731493095e-06,0.34216541051864624,0.0028268647147342563,0.002404809230938554,catatumbo,SPEAKER_03,24101.0,24101.375,3.0
0.0011034291237592697,0.04876493476331234,7.644530910511094e-07,0.15896379947662354,0.006708843866363168,0.0013726019533351064,catatumbo,UNICO,24101.333,24101.708,3.0
0.000953172508161515,0.07869813591241837,5.865253740466869e-07,0.19722210615873337,0.0013143460382707417,0.004575940314680338,catatumbo,UNICO,24101.667,24102.042,3.0
0.0014815074391663074,0.0910530611872673,4.0762236608316016e-07,0.14393571019172668,0.0006698894430883229,0.009249791502952576,catatumbo,UNICO,24102.0,24102.375,3.0
0.0016354775289073586,0.0835461113601923,3.976521725235216e-07,0.12625549361109734,0.0014507063897326589,0.005666312295943499,catatumbo,UNICO,24102.333,24102.708,3.0
0.0014589548809453845,0.16074465215206146,9.503426952051086e-07,0.028084885329008102,0.0023333437275141478,0.0005288716638460755,catatumbo,UNICO,24102.667,24103.042,3.0
0.0006663323729299009,0.17947132140398026,1.4982524589868262e-06,0.1867506504058838,0.0020690116798505187,0.0020458963699638844,catatumbo,UNICO,24103.333,24103.708,3.0
0.0007826637593097985,0.1810542568564415,6.171233621898864e-07,0.019205926917493343,0.0005541386635741219,0.013009716756641865,catatumbo,SPEAKER_03,24103.667,24104.042,3.0
0.00024182347988244146,0.2605440765619278,2.80423627430082e-07,0.04143669083714485,0.00039509552880190313,0.012149454094469547,catatumbo,SPEAKER_03,24104.0,24104.375,3.0
0.0005778262275271118,0.3269023448228836,8.276511351823501e-07,0.037267040461301804,0.0004331160889705643,0.003941396716982126,catatumbo,SPEAKER_03,24104.333,24104.708,3.0
0.00024139133165590465,0.3944912850856781,1.6522236592209083e-06,0.011418302543461323,0.0023694774718023837,0.0015988658415153623,catatumbo,SPEAKER_03,24104.667,24105.042,3.0
0.0010749675566330552,0.30475960671901703,1.8791516254168528e-06,0.06455485336482525,0.006121485959738493,0.005065114237368107,catatumbo,SPEAKER_03,24105.0,24105.375,3.0
0.0037770478520542383,0.2611113041639328,2.567250696472456e-07,0.0075785918161273,9.315171155321877e-06,0.021419908851385117,catatumbo,SPEAKER_03,24105.333,24105.708,3.0
0.012981805950403214,0.11246883496642113,7.713392768948779e-08,0.0020712035475298762,6.97239585178977e-07,0.27679622173309326,catatumbo,SPEAKER_03,24105.667,24106.042,3.0
0.0060164970345795155,0.5337320864200592,9.060941579264181e-07,0.02752313856035471,0.0007240395352710038,0.00443645752966404,catatumbo,SPEAKER_03,24106.333,24106.708,3.0
0.0012453336967155337,0.24561680853366852,1.7511901262423635e-07,0.0013982774980831891,1.2461885262382566e-05,0.15188077092170715,catatumbo,SPEAKER_03,24106.667,24107.042,3.0
0.00544392503798008,0.084776371717453,2.5226323430160846e-07,0.0008572246588300914,5.083359724267211e-06,0.10616709291934967,catatumbo,SPEAKER_03,24107.0,24107.375,3.0
0.0003825741296168417,0.3540073037147522,4.6133213515986427e-07,0.08457908034324646,0.0017051584727596492,0.017892686650156975,catatumbo,SPEAKER_03,24107.333,24107.708,3.0
0.00017047164146788418,0.4757329523563385,3.7164174671033834e-07,0.11227264255285263,0.004960310412570834,0.005498961545526981,catatumbo,UNICO,24107.667,24108.042,3.0
3.6690104025183246e-05,0.5055678188800812,3.3888932193804067e-07,0.11690544709563255,0.0055022877641022205,0.0050855977460742,catatumbo,UNICO,24108.0,24108.375,3.0
7.037517207209021e-05,0.5805647671222687,4.823611661208815e-07,0.05322546139359474,0.006103029358200729,0.0034981470089405775,catatumbo,UNICO,24108.333,24108.708,3.0
0.0008922753622755408,0.31891196966171265,2.5953696791702896e-07,0.03385891579091549,0.005806938745081425,0.0020479029044508934,catatumbo,UNICO,24108.667,24109.042,3.0
0.00012217657058499753,0.48025739192962646,6.065132751587043e-08,0.0023331932607106864,2.8604031285794917e-05,0.10654148459434509,catatumbo,SPEAKER_03,24109.333,24109.708,3.0
0.0007426158408634365,0.3035556674003601,5.986676399061253e-07,0.21382176131010056,0.0032439249334856868,0.005060464609414339,catatumbo,SPEAKER_03,24109.667,24110.042,3.0
0.00036046942113898695,0.42216886579990387,1.7056912327007012e-07,0.04545293748378754,0.00028018493321724236,0.043921612203121185,catatumbo,SPEAKER_03,24110.0,24110.375,3.0
0.0008813592721708119,0.18272893130779266,5.575653858613805e-07,0.018832802772521973,0.0008040506800170988,0.008436456322669983,catatumbo,SPEAKER_03,24110.333,24110.708,3.0
0.000722860568203032,0.2651357650756836,2.4819918564844556e-07,0.02641188632696867,0.00025824454496614635,0.03679569810628891,catatumbo,SPEAKER_03,24110.667,24111.042,3.0
0.0027878680266439915,0.2630656063556671,1.6996483509501559e-06,0.08244292810559273,0.0028985883109271526,0.00245477631688118,catatumbo,SPEAKER_03,24111.0,24111.375,3.0
0.00865881983190775,0.15916062146425247,4.83456531696902e-07,0.0025264339055866003,0.00010052835023088846,0.005854071583598852,catatumbo,SPEAKER_03,24111.333,24111.708,3.0
0.009064962156116962,0.12108823284506798,2.5221358157523355e-07,3.243603509872628e-05,3.9378747260343516e-05,0.8400553464889526,catatumbo,SPEAKER_03,24111.667,24112.042,3.0
0.0013329243520274758,0.1982877105474472,1.095077010404566e-06,0.03076651506125927,0.002757648762781173,0.0010274030501022935,catatumbo,SPEAKER_03,24112.333,24112.708,3.0
0.00546607980504632,0.21693246066570282,1.472832423132786e-06,0.014689354691654444,0.006693302653729916,0.0018413591897115111,catatumbo,SPEAKER_03,24112.667,24113.042,3.0
0.00027957375277765095,0.3101881146430969,2.0900095520914874e-07,0.29271112382411957,0.00017030859089572914,0.175637885928154,catatumbo,SPEAKER_03,24113.0,24113.375,3.0
0.003205198561772704,0.25595976412296295,1.6872456853889162e-07,0.04120456799864769,0.0001625714539841283,0.031430065631866455,catatumbo,SPEAKER_03,24113.333,24113.708,3.0
0.00483006751164794,0.10321169719099998,9.139007204339578e-07,0.07772108539938927,0.0009710376034490764,0.0036644956562668085,catatumbo,SPEAKER_03,24113.667,24114.042,3.0
0.02592470496892929,0.0721121784299612,9.459508873987943e-07,0.09059243649244308,7.509430542995688e-05,0.003046175232157111,catatumbo,SPEAKER_03,24114.0,24114.375,3.0
0.0004131337336730212,0.3048182874917984,2.4104963358695386e-07,0.0017034182092174888,1.371637154079508e-05,0.05336863175034523,catatumbo,SPEAKER_03,24114.333,24114.708,3.0
0.0011504834983497858,0.2742844223976135,6.832068493167753e-07,0.012635831255465746,0.006070787087082863,0.00686213094741106,catatumbo,UNICO,24114.667,24115.042,3.0
0.0010728341294452548,0.2715718224644661,1.1478863370939507e-06,0.012769263703376055,0.0012214764719828963,0.001175341079942882,catatumbo,SPEAKER_03,24115.333,24115.708,3.0
7.412917329929769e-05,0.46673551201820374,2.7178485595413804e-07,0.0027611462865024805,0.0004837691521970555,0.02765899896621704,catatumbo,SPEAKER_03,24115.667,24116.042,3.0
0.0005029336898587644,0.371146097779274,7.633817773466944e-07,0.12892406433820724,0.0007350239320658147,0.002528613433241844,catatumbo,SPEAKER_03,24116.0,24116.375,3.0
0.0006928783841431141,0.2832300215959549,1.1663934884609262e-07,0.3173277825117111,0.0001878475450212136,0.05369459092617035,catatumbo,SPEAKER_03,24116.333,24116.708,3.0
0.0011986512690782547,0.34187695384025574,1.2929027093377954e-06,0.01685913885012269,0.0038947093999013305,0.0008418337674811482,catatumbo,SPEAKER_03,24116.667,24117.042,3.0
0.0014362281654030085,0.417751207947731,6.282999009954437e-07,0.17454532533884048,0.01965460041537881,0.001228093751706183,catatumbo,UNICO,24117.0,24117.375,3.0
0.007710108999162912,0.1453966498374939,4.845604593128883e-07,0.023220626637339592,0.00534948636777699,0.00169390719383955,catatumbo,UNICO,24117.333,24117.708,3.0
0.003908872604370117,0.17018380016088486,2.863895431914898e-07,0.0065304734744131565,0.0003388856566743925,0.005958437919616699,catatumbo,UNICO,24117.667,24118.042,3.0
0.005363028962165117,0.14372160285711288,5.222132273274838e-07,0.002405293402262032,0.0008265195938292891,0.0069437227211892605,catatumbo,UNICO,24118.333,24118.708,3.0
0.009199537336826324,0.10727201774716377,5.639550977321051e-07,0.005803442792966962,0.0005341636424418539,0.007065263576805592,catatumbo,UNICO,24118.667,24119.042,3.0
0.008251747116446495,0.09317263960838318,6.02653557280064e-07,0.0023830365389585495,0.0002405929917586036,0.014192339964210987,catatumbo,UNICO,24119.0,24119.375,3.0
0.0007402068586088717,0.2702783793210983,2.3418147065967787e-07,0.028312248177826405,3.137720250379061e-05,0.07528892159461975,catatumbo,SPEAKER_03,24119.333,24119.708,3.0
0.00048490866902284324,0.2663744017481804,5.324556440200467e-07,0.06769745424389839,0.0002140039869118482,0.00972915068268776,catatumbo,SPEAKER_03,24119.667,24120.042,3.0
0.0003753277997020632,0.2780206799507141,8.51227753173589e-07,0.06257704831659794,0.005137925152666867,0.00704297935590148,catatumbo,UNICO,24120.0,24120.375,3.0
0.00038002454675734043,0.3454149216413498,8.841675196435972e-07,0.07390789315104485,0.004343998385593295,0.004295217804610729,catatumbo,UNICO,24120.333,24120.708,3.0
0.0002803523384500295,0.31470611691474915,1.1212688946216076e-06,0.11142875626683235,0.00469506939407438,0.0041128662414848804,catatumbo,UNICO,24120.667,24121.042,3.0
0.0005743576330132782,0.32888470590114594,9.326280689947453e-07,0.033401768654584885,0.003883240045979619,0.003600276308134198,catatumbo,UNICO,24121.333,24121.708,3.0
0.004229654558002949,0.24426081031560898,2.071786253665664e-08,3.862156518152915e-05,1.4475337595243332e-09,0.9932923316955566,catatumbo,SPEAKER_03,24121.667,24122.042,3.0
0.0002482123381923884,0.31544138491153717,2.2278552336274515e-07,0.020557659678161144,0.003035917703527957,0.014114083722233772,catatumbo,SPEAKER_03,24122.0,24122.375,3.0
0.0024223134387284517,0.27113451063632965,6.526524032324232e-07,0.5809146910905838,0.003438461571931839,0.01176423765718937,catatumbo,SPEAKER_03,24122.333,24122.708,3.0
0.017875323072075844,0.11316976323723793,1.3663160984833667e-06,0.2574240490794182,0.016737772151827812,0.0002817102358676493,catatumbo,SPEAKER_03,24122.667,24123.042,3.0
0.0008799688657745719,0.34317752718925476,6.548572457631963e-07,0.7239490151405334,0.007382542593404651,0.004215089604258537,catatumbo,SPEAKER_03,24123.0,24123.375,3.0
0.0007310053915716708,0.2360292226076126,7.428590151903336e-07,0.5912709832191467,0.005026889033615589,0.0060948897153139114,catatumbo,SPEAKER_03,24123.333,24123.708,3.0
0.001530674402602017,0.3748864233493805,6.234519389636262e-07,0.012464425060898066,0.004336558282375336,0.007633756846189499,catatumbo,SPEAKER_03,24123.667,24124.042,3.0
0.0011174046667292714,0.42288728058338165,3.4267769422058336e-07,0.08174094557762146,0.0038873873418197036,0.004396502394229174,catatumbo,UNICO,24124.333,24124.708,3.0
0.00011908079613931477,0.5304568409919739,2.0657884647334868e-07,0.018405760638415813,0.0031724098371341825,0.00476208608597517,catatumbo,UNICO,24124.667,24125.042,3.0
2.5840730813797563e-05,0.632248193025589,4.1025633379376814e-07,0.5878685563802719,0.0009578801691532135,0.042753495275974274,catatumbo,SPEAKER_03,24125.0,24125.375,3.0
1.590286956343334e-05,0.5639614164829254,3.492054361231567e-07,0.16281811147928238,0.0025476233568042517,0.003617293667048216,catatumbo,SPEAKER_03,24125.333,24125.708,3.0
4.919209823128767e-05,0.4789416640996933,3.960054328899787e-07,0.09375668689608574,0.0014328904799185693,0.009171671234071255,catatumbo,SPEAKER_03,24125.667,24126.042,3.0
1.0635601938702166e-05,0.5858776867389679,1.4898105860083888e-07,0.12221971526741982,0.0005329615232767537,0.004639522172510624,catatumbo,SPEAKER_03,24126.0,24126.375,3.0
0.00030572034302167594,0.49600619077682495,1.3670983989300112e-07,0.2308048978447914,0.0006074758857721463,0.011610699817538261,catatumbo,SPEAKER_03,24126.333,24126.708,3.0
0.00030962034361436963,0.46888257563114166,2.051003775704885e-07,0.19158253818750381,0.0011030009191017598,0.008721799589693546,catatumbo,UNICO,24126.667,24127.042,3.0
0.0009747358853928745,0.4603560268878937,2.903640705653743e-07,0.2617341876029968,0.0024303796235471964,0.00597046222537756,catatumbo,UNICO,24127.333,24127.708,3.0
0.0009114397107623518,0.3302730321884155,2.6066923908274475e-07,0.2525392025709152,0.003164804307743907,0.005878532771021128,catatumbo,UNICO,24127.667,24128.042,3.0
0.001173672964796424,0.3514941781759262,6.115939896744749e-07,0.26509126275777817,0.0049368401523679495,0.0066502951085567474,catatumbo,UNICO,24128.0,24128.375,3.0
0.017747551202774048,0.10122568905353546,1.7857995082692923e-07,0.0002465730576659553,2.5339780407307444e-07,0.9268030524253845,catatumbo,SPEAKER_03,24128.333,24128.708,3.0
0.0026198045816272497,0.23638280481100082,3.0518635618648204e-07,0.0023221129085868597,2.980883778036514e-06,0.5916889905929565,catatumbo,SPEAKER_03,24128.667,24129.042,3.0
0.004236995708197355,0.1764557585120201,8.123767543111171e-07,0.03520442545413971,0.00013384906924329698,0.015163985081017017,catatumbo,SPEAKER_03,24129.0,24129.375,3.0
0.0016203699633479118,0.2765391319990158,1.1498162564294034e-06,0.12328226119279861,0.00030320171208586544,0.061434268951416016,catatumbo,SPEAKER_03,24129.333,24129.708,3.0
0.0009781925473362207,0.40466153621673584,4.3854961973011086e-07,0.31431493908166885,0.0017084392602555454,0.005700794048607349,catatumbo,SPEAKER_03,24129.667,24130.042,3.0
0.00935888197273016,0.14260801672935486,1.3282783584145363e-06,0.3501216620206833,0.005070371553301811,0.0027159983292222023,catatumbo,SPEAKER_03,24130.333,24130.708,3.0
0.0009858512785285711,0.18109777942299843,3.8353031328597353e-07,0.08225607126951218,0.00015909493959043175,0.021755067631602287,catatumbo,SPEAKER_03,24130.667,24131.042,3.0
0.0026180220302194357,0.20447268337011337,1.0020397382959345e-06,0.3129485696554184,0.00425364647526294,0.016956942155957222,catatumbo,SPEAKER_03,24131.0,24131.375,3.0
0.003185244044288993,0.34492991864681244,4.869072114388473e-07,0.057776179164648056,5.7368160923942924e-05,0.051090579479932785,catatumbo,SPEAKER_03,24131.333,24131.708,3.0
0.005025845021009445,0.20611855387687683,1.4712343272549333e-06,0.2538699135184288,0.009145535761490464,0.0007648585014976561,catatumbo,SPEAKER_03,24131.667,24132.042,3.0
0.017329975962638855,0.08253158442676067,1.3300489865031295e-07,0.0003165743182762526,9.79873220785521e-07,0.9346091747283936,catatumbo,SPEAKER_03,24132.0,24132.375,3.0
0.011223512701690197,0.06218150071799755,1.3847152615653613e-06,0.17761557549238205,0.014735158067196608,0.0006033398094587028,catatumbo,SPEAKER_03,24132.333,24132.708,3.0
0.022237010300159454,0.04790434706956148,1.021408522206002e-06,0.06020721606910229,0.008196393959224224,0.0021065007895231247,catatumbo,UNICO,24132.667,24133.042,3.0
0.03540807589888573,0.04082323797047138,4.5206674315068085e-07,0.11346897855401039,0.005404094234108925,0.001893664593808353,catatumbo,UNICO,24133.333,24133.708,3.0
0.07364572584629059,0.04643045365810394,6.016541220787985e-08,0.02421766147017479,4.720334203511811e-07,0.49002861976623535,catatumbo,SPEAKER_03,24133.667,24134.042,3.0
0.0683835819363594,0.043932851403951645,1.7088571624412907e-07,0.33473052084445953,0.001133082085289061,0.007803470827639103,catatumbo,SPEAKER_03,24134.0,24134.375,3.0
0.014645119197666645,0.09913413412868977,1.5970019973110539e-07,0.01391340559348464,1.5997309787962877e-06,0.17813748121261597,catatumbo,SPEAKER_03,24134.333,24134.708,3.0
0.039452411234378815,0.02638430241495371,1.6754842135924264e-07,0.2608454078435898,9.685414624982513e-05,0.026129961013793945,catatumbo,SPEAKER_03,24134.667,24135.042,3.0
0.012536369264125824,0.09343188628554344,1.461177646433498e-06,0.19316833466291428,0.004143508966080844,0.004811957478523254,catatumbo,SPEAKER_03,24135.0,24135.375,3.0
0.0010673042852431536,0.44660912454128265,1.951993340298941e-07,0.024618379771709442,0.005287612788379192,0.007733752019703388,catatumbo,UNICO,24135.333,24135.708,3.0
0.003936757333576679,0.3826560229063034,1.6983424444561024e-07,0.01108343293890357,0.004763110890053213,0.005557205993682146,catatumbo,UNICO,24135.667,24136.042,3.0
0.002491958672180772,0.30119746923446655,1.9661914762991728e-07,0.00935157248750329,0.0035594484070315957,0.0038708869833499193,catatumbo,UNICO,24136.333,24136.708,3.0
0.004377705976366997,0.20541837811470032,1.864883572011422e-07,0.015563997905701399,0.0008994905219879001,0.004521721508353949,catatumbo,UNICO,24136.667,24137.042,3.0
0.003237083088606596,0.39495888352394104,5.275655894365627e-07,0.3058209866285324,0.003488429239951074,0.004364822991192341,catatumbo,SPEAKER_03,24137.0,24137.375,3.0
0.002531917067244649,0.39793048799037933,5.138541325777624e-07,0.39644868671894073,0.007208953378722072,0.021236231550574303,catatumbo,SPEAKER_03,24137.333,24137.708,3.0
0.0025835519190877676,0.1887824684381485,1.0724257393235348e-07,0.07830830290913582,5.6969203797052614e-05,0.020526982843875885,catatumbo,SPEAKER_03,24137.667,24138.042,3.0
0.001067213830538094,0.27535349130630493,1.9582438426368753e-07,0.17849554866552353,8.412134411628358e-05,0.03020903840661049,catatumbo,SPEAKER_03,24138.0,24138.375,3.0
0.0018053235253319144,0.40996429324150085,1.772117528275885e-07,0.032583555206656456,0.00043991312850266695,0.011055266484618187,catatumbo,SPEAKER_03,24138.333,24138.708,3.0
0.00010874799772864208,0.44513729214668274,8.414567957970576e-07,0.4184376746416092,0.0002583634777693078,0.006452059838920832,catatumbo,SPEAKER_03,24138.667,24139.042,3.0
5.943799260421656e-05,0.5531719326972961,2.1750223311300942e-07,0.32506217062473297,0.00030575491837225854,0.031634461134672165,catatumbo,SPEAKER_03,24139.333,24139.708,3.0
0.0011178837157785892,0.41830697655677795,2.023196401523819e-07,0.014185514766722918,8.29200826046872e-06,0.061794642359018326,catatumbo,SPEAKER_03,24139.667,24140.042,3.0
0.004857080988585949,0.19060958921909332,1.1345449379973616e-07,3.3502013138786424e-05,6.551343005867238e-07,0.7457425594329834,catatumbo,SPEAKER_03,24140.0,24140.375,3.0
0.002022617030888796,0.35924723744392395,3.6667327663053584e-07,0.18413198739290237,0.004509481601417065,0.011172977276146412,catatumbo,SPEAKER_03,24140.333,24140.708,3.0
0.0018589230021461844,0.1925724670290947,1.5745185777404913e-07,0.3328076899051666,0.016097114887088537,0.0004956575576215982,catatumbo,SPEAKER_03,24140.667,24141.042,3.0
0.00017551227938383818,0.4720049053430557,8.587777600155277e-08,0.004957929719239473,7.220480028991005e-06,0.033417120575904846,catatumbo,SPEAKER_03,24141.0,24141.375,3.0
0.003485195804387331,0.07034075818955898,1.2873573496108293e-06,0.0021635531447827816,0.0017550101620145142,0.0019528823904693127,catatumbo,SPEAKER_03,24141.333,24141.708,3.0
0.0007745433249510825,0.1846422553062439,2.9949419655395104e-07,0.009728346485644579,0.0005132195656187832,0.04194827377796173,catatumbo,SPEAKER_03,24141.667,24142.042,3.0
0.0016287859762087464,0.23752716556191444,6.706295465619405e-07,0.07079918310046196,0.0006264042458496988,0.004421115852892399,catatumbo,SPEAKER_03,24142.333,24142.708,3.0
0.002002865308895707,0.37398718297481537,2.84810859341178e-07,0.2912909537553787,0.009923859033733606,0.005195289384573698,catatumbo,SPEAKER_03,24142.667,24143.042,3.0
0.0028185865376144648,0.36900925636291504,3.4334252063672466e-07,0.042798882350325584,0.015822304878383875,0.0032877610065042973,catatumbo,UNICO,24143.0,24143.375,3.0
0.002996571594849229,0.32402893900871277,2.999507842105231e-07,0.031215296126902103,0.015406215097755194,0.004221292212605476,catatumbo,UNICO,24143.333,24143.708,3.0
0.003877541283145547,0.31033955514431,2.176759039684839e-07,0.03901619836688042,0.011264653876423836,0.003419761545956135,catatumbo,UNICO,24143.667,24144.042,3.0
0.0018049620557576418,0.43576662242412567,1.9133627660039565e-07,0.03100517764687538,0.009131109109148383,0.0034295781515538692,catatumbo,UNICO,24144.0,24144.375,3.0
0.0036191344261169434,0.2587272524833679,2.0840808900857155e-07,0.023296856321394444,0.012261046329513192,0.003907782956957817,catatumbo,UNICO,24144.333,24144.708,3.0
0.003352516330778599,0.2398482784628868,1.546083829850886e-07,0.0031633679755032063,3.8040901699787355e-06,0.03212834522128105,catatumbo,SPEAKER_03,24144.667,24145.042,3.0
0.0008146910695359111,0.35721921920776367,1.0756452581972553e-06,0.03281262144446373,0.006234569009393454,0.0007451131823472679,catatumbo,SPEAKER_03,24145.333,24145.708,3.0
7.839519093977287e-05,0.5166821926832199,3.9012547858874314e-07,0.0065676989033818245,6.019415377522819e-05,0.012718978337943554,catatumbo,SPEAKER_03,24145.667,24146.042,3.0
0.0003863856545649469,0.30491994321346283,1.914519032197859e-07,0.06123245880007744,0.0001394226201227866,0.00793727021664381,catatumbo,SPEAKER_03,24146.0,24146.375,3.0
0.0014069335302338004,0.42839258909225464,1.3884628913274355e-07,0.24655792117118835,1.9356165466888342e-05,0.07100383937358856,catatumbo,SPEAKER_03,24146.333,24146.708,3.0
0.002828442258760333,0.22660858184099197,1.1614075035026872e-07,0.027883279137313366,2.1232147901173448e-05,0.1210193857550621,catatumbo,SPEAKER_03,24146.667,24147.042,3.0
0.001798512996174395,0.3078116923570633,3.732440276849047e-07,0.12986799329519272,0.0028549220296554267,0.026588039472699165,catatumbo,SPEAKER_03,24147.0,24147.375,3.0
0.0009564657229930162,0.43823985755443573,3.4680673621778624e-07,0.08860111609101295,0.007282695267349482,0.002716615330427885,catatumbo,UNICO,24147.333,24147.708,3.0
0.0007515522884204984,0.47870221734046936,3.2517559134248586e-07,0.10841075330972672,0.007742471294477582,0.0028883640188723803,catatumbo,UNICO,24147.667,24148.042,3.0
0.008905446156859398,0.20182918012142181,3.4611456101174554e-07,0.004666881635785103,0.0008669972885400057,0.007568314205855131,catatumbo,UNICO,24148.333,24148.708,3.0
0.0005515613011084497,0.19297870248556137,4.7292900262618787e-07,0.0036470916820690036,0.00013306854452821426,0.06628219783306122,catatumbo,SPEAKER_03,24148.667,24149.042,3.0
0.0011268667876720428,0.2952369824051857,1.2454245847948187e-06,0.01839160220697522,0.003991713048890233,0.001340713701210916,catatumbo,SPEAKER_03,24149.0,24149.375,3.0
0.0005221564788371325,0.4591190665960312,3.591450763451576e-07,0.004421503748744726,0.00010429472968098707,0.010613124817609787,catatumbo,SPEAKER_03,24149.333,24149.708,3.0
0.0011312346905469894,0.3295559883117676,5.52840418777123e-07,0.07895569503307343,0.007858657278120518,0.003442524466663599,catatumbo,SPEAKER_03,24149.667,24150.042,3.0
0.0013000076869502664,0.28983616828918457,8.923028644858277e-07,0.010148921282961965,0.0024355726782232523,0.0026855692267417908,catatumbo,SPEAKER_03,24150.0,24150.375,3.0
0.0012851811479777098,0.10589046776294708,3.9269696117116837e-07,0.04492090828716755,0.0031501250341534615,0.0047034588642418385,catatumbo,UNICO,24150.333,24150.708,3.0
0.00041874300222843885,0.20463906228542328,3.5123878205922665e-07,0.18909509479999542,0.0001169433853647206,0.0071998052299022675,catatumbo,SPEAKER_03,24150.667,24151.042,3.0
0.00024520346778444946,0.4509793221950531,9.525001019028423e-07,0.04758313484489918,0.004490019287914038,0.00812247209250927,catatumbo,SPEAKER_03,24151.333,24151.708,3.0
0.0003124111390206963,0.3211759179830551,1.1879853900609305e-06,0.03548432234674692,0.0023145326413214207,0.00043095395085401833,catatumbo,SPEAKER_03,24151.667,24152.042,3.0
9.615375165594742e-05,0.6430570185184479,4.792696728372903e-07,0.004510262864641845,0.00014902420662110671,0.03429139405488968,catatumbo,SPEAKER_03,24152.0,24152.375,3.0
0.0004991457681171596,0.26830439269542694,3.805271120427278e-07,0.030923261307179928,0.0059858018066734076,0.0022999930661171675,catatumbo,UNICO,24152.333,24152.708,3.0
0.001100311055779457,0.19036933779716492,8.043577111038758e-07,0.014354715123772621,0.015253007411956787,0.002938929945230484,catatumbo,UNICO,24152.667,24153.042,3.0
0.0014026057906448841,0.3348803296685219,5.123206179291628e-07,0.005002890946343541,0.00012422562394931447,0.1430332511663437,catatumbo,UNICO,24153.0,24153.375,3.0
0.00029550906037911773,0.4238511919975281,5.942803511516104e-07,0.016633670777082443,0.0003056332279811613,0.013372840359807014,catatumbo,SPEAKER_03,24153.333,24153.708,3.0
0.00010893076250795275,0.49855729937553406,4.744143637935849e-07,0.57731032371521,0.003252779017202556,0.018962599337100983,catatumbo,SPEAKER_03,24153.667,24154.042,3.0
0.0003856233670376241,0.40390412509441376,7.520251301684766e-07,0.37365953624248505,0.009527933550998569,0.003996104933321476,catatumbo,SPEAKER_03,24154.333,24154.708,3.0
0.0006451743538491428,0.40521006286144257,2.3731861631404172e-07,0.06660126708447933,0.0005143598245922476,0.025982506573200226,catatumbo,SPEAKER_03,24154.667,24155.042,3.0
0.0004589752643369138,0.3649652451276779,6.520481292682234e-07,0.010024233255535364,0.004172593588009477,0.0073312618769705296,catatumbo,UNICO,24155.0,24155.375,3.0
0.00019121842342428863,0.38712288439273834,1.0508020125143958e-06,0.03087780624628067,0.0022717418614774942,0.0015323383267968893,catatumbo,SPEAKER_03,24155.333,24155.708,3.0
0.0008467593579553068,0.2693180590867996,2.3306724017402303e-07,0.014717612881213427,0.00017557732280693017,0.00948437862098217,catatumbo,SPEAKER_03,24155.667,24156.042,3.0
0.0004765088378917426,0.25512173771858215,5.291291671483123e-07,0.016901765018701553,0.004212531843222678,0.002887474372982979,catatumbo,SPEAKER_03,24156.0,24156.375,3.0
0.00034426056663505733,0.3913271129131317,4.095599592801591e-07,0.011006445158272982,0.0018058134010061622,0.0047791218385100365,catatumbo,UNICO,24156.333,24156.708,3.0
0.00027871463680639863,0.4124913811683655,3.884576287305208e-07,0.011121408082544804,0.0018442819127812982,0.006112164817750454,catatumbo,UNICO,24156.667,24157.042,3.0
0.00021933956304565072,0.3827122449874878,9.612234919131879e-08,0.0005647951329592615,1.1949425697821425e-06,0.4920569658279419,catatumbo,SPEAKER_03,24157.333,24157.708,3.0
0.009589703753590584,0.10355663485825062,6.050085588071852e-08,1.9233427337894682e-05,2.770395965967509e-07,0.955295205116272,catatumbo,SPEAKER_03,24157.667,24158.042,3.0
0.012410902418196201,0.13350796326994896,4.826205781682802e-07,0.004128183936700225,0.0017142058932222426,0.011620357632637024,catatumbo,SPEAKER_03,24158.0,24158.375,3.0
0.01315367128700018,0.1806281879544258,8.332051066872737e-07,0.6127511560916901,0.0004902062646578997,0.012666720896959305,catatumbo,SPEAKER_03,24158.333,24158.708,3.0
0.0006781220436096191,0.2897021174430847,4.027338142975623e-07,0.016157066449522972,9.949471132131293e-05,0.0318022295832634,catatumbo,SPEAKER_03,24158.667,24159.042,3.0
0.02876182086765766,0.10090158134698868,1.1177826397812396e-07,0.0001317935220868094,3.224461835316106e-07,0.9075601696968079,catatumbo,SPEAKER_03,24159.0,24159.375,3.0
0.0002752990403678268,0.5421664118766785,7.652127891333294e-07,0.3617286682128906,0.0009841203573159873,0.010542618110775948,catatumbo,SPEAKER_03,24159.333,24159.708,3.0
0.00042319815838709474,0.4582291543483734,5.936653195703911e-07,0.07459340244531631,0.0015152843843679875,0.0011887109139934182,catatumbo,SPEAKER_03,24159.667,24160.042,3.0
0.0009632752626203001,0.4057544767856598,8.759169958238999e-07,0.05560155212879181,0.0008374301833100617,0.00020685986964963377,catatumbo,UNICO,24160.333,24160.708,3.0
0.0009510375675745308,0.4067239761352539,4.400739683774191e-07,0.02481366042047739,0.0004901766806142405,0.0005593632231466472,catatumbo,UNICO,24160.667,24161.042,3.0
0.002575457328930497,0.33874574303627014,5.197556163238914e-07,0.09602184221148491,0.0026961162220686674,0.00016071567370090634,catatumbo,UNICO,24161.0,24161.375,3.0
0.0007436979212798178,0.4952043443918228,4.430606566074857e-07,0.10176193341612816,0.0013766096963081509,0.00017952847701963037,catatumbo,UNICO,24161.333,24161.708,3.0
0.0011150812497362494,0.5015984773635864,5.845767816481384e-07,0.04996222443878651,0.002412491594441235,0.00015748011355753988,catatumbo,UNICO,24161.667,24162.042,3.0
0.01580466516315937,0.10016585513949394,2.4545302323986107e-07,0.0025510332779958844,0.0001751111303747166,0.0034274423960596323,catatumbo,UNICO,24162.0,24162.375,3.0
0.0014496262883767486,0.33725035190582275,7.837642925778709e-07,0.02024661283940077,8.741935198486317e-05,0.12681713700294495,catatumbo,SPEAKER_03,24162.333,24162.708,3.0
6.424451566999778e-05,0.6741342544555664,7.234200722905371e-07,0.30783455073833466,0.00800113845616579,0.0027838777750730515,catatumbo,SPEAKER_03,24162.667,24163.042,3.0
0.0048528071492910385,0.2643975615501404,3.525323251096779e-07,0.0008387818525079638,2.4809675096548744e-06,0.07653658837080002,catatumbo,SPEAKER_03,24163.333,24163.708,3.0
0.006498768460005522,0.19463630765676498,1.471484381454502e-06,0.211854949593544,0.009792987024411559,0.0017311266856268048,catatumbo,SPEAKER_03,24163.667,24164.042,3.0
0.0033132904209196568,0.32735882699489594,6.888675585514648e-07,0.5779172480106354,0.0029151320923119783,0.003293931018561125,catatumbo,SPEAKER_03,24164.0,24164.375,3.0
0.00016617611981928349,0.46621695160865784,3.374157273583478e-07,0.08761737868189812,0.0008354779274668545,0.00381207256577909,catatumbo,SPEAKER_03,24164.333,24164.708,3.0
0.003437155159190297,0.058218829333782196,6.063610129558583e-07,0.24633657187223434,0.012745138723403215,0.0034150597639381886,catatumbo,UNICO,24164.667,24165.042,3.0
0.0010348220821470022,0.07713424041867256,7.498958041196602e-07,0.11758795753121376,0.010773363523185253,0.00376739795319736,catatumbo,UNICO,24165.0,24165.375,3.0
0.00135388586204499,0.1792679950594902,5.640082463287399e-07,0.09415757283568382,0.001411711156833917,0.0013387245126068592,catatumbo,UNICO,24165.333,24165.708,3.0
0.0008302673231810331,0.2910287380218506,5.851228266351427e-07,0.11921751126646996,0.014909029006958008,0.0030309557914733887,catatumbo,UNICO,24165.667,24166.042,3.0
0.0009778050007298589,0.2450915277004242,5.845200519161153e-07,0.11127735301852226,0.018147547263652086,0.0016406882787123322,catatumbo,UNICO,24166.333,24166.708,3.0
0.002022363943979144,0.24986900389194489,9.780879537402143e-07,0.05690113455057144,0.016766981687396765,0.001496609183959663,catatumbo,UNICO,24166.667,24167.042,3.0
0.0062806191854178905,0.15269194543361664,6.054796273247121e-07,0.03196864202618599,0.007395138498395681,0.0005622405442409217,catatumbo,UNICO,24167.0,24167.375,3.0
0.0033053806982934475,0.191153384745121,1.1530184451657988e-07,7.163182453950867e-05,1.7246437167273143e-07,0.7131134271621704,catatumbo,SPEAKER_03,24167.333,24167.708,3.0
0.0003933038387913257,0.31802549958229065,1.0643876464655477e-06,0.17020078003406525,0.0020251298556104302,0.0022813724353909492,catatumbo,SPEAKER_03,24167.667,24168.042,3.0
0.001493904390372336,0.1919821947813034,1.0019245166859037e-06,0.3706965148448944,0.0005666614160872996,0.0071879499591887,catatumbo,SPEAKER_03,24168.0,24168.375,3.0
0.0017903477419167757,0.17303049564361572,2.3233722146187574e-07,0.04456081800162792,9.397882968187332e-05,0.01787497289478779,catatumbo,SPEAKER_03,24168.333,24168.708,3.0
0.0032930360175669193,0.1335339918732643,2.7144157144221026e-07,0.07435763627290726,0.0009209513664245605,0.0032074255868792534,catatumbo,SPEAKER_03,24168.667,24169.042,3.0
9.395925735589117e-05,0.14687906205654144,4.25347195687209e-07,0.20696785300970078,0.00021471201034728438,0.024215400218963623,catatumbo,SPEAKER_03,24169.333,24169.708,3.0
0.0043987673707306385,0.04233996570110321,6.167480108842938e-07,0.03228069096803665,1.4537356946675573e-05,0.2917761504650116,catatumbo,SPEAKER_03,24169.667,24170.042,3.0
0.032226864248514175,0.01727583073079586,8.326415468218329e-07,0.2326779067516327,0.0037113367579877377,0.0010816586436703801,catatumbo,SPEAKER_03,24170.0,24170.375,3.0
0.00024744938127696514,0.2030627578496933,5.3602430938326506e-08,0.0001725092006381601,2.2571114044467322e-07,0.6948733329772949,catatumbo,SPEAKER_03,24170.333,24170.708,3.0
0.0002974112576339394,0.13411131873726845,1.192702470120821e-07,0.00015046895714476705,1.3541483099288598e-06,0.058068107813596725,catatumbo,SPEAKER_03,24170.667,24171.042,3.0
0.0007227593450807035,0.11599307879805565,9.577366313351376e-07,0.18554330617189407,0.0025473751593381166,0.0012430507922545075,catatumbo,SPEAKER_03,24171.0,24171.375,3.0
0.02437194064259529,0.023394406773149967,3.3195820492437633e-07,0.014893871732056141,1.3031296475674026e-05,0.005902750417590141,catatumbo,SPEAKER_03,24171.333,24171.708,3.0
0.019045837223529816,0.048635728657245636,3.8358420795248094e-07,0.003920314367860556,1.3628619853989221e-05,0.0029537025839090347,catatumbo,SPEAKER_03,24171.667,24172.042,3.0
0.008205668069422245,0.12074113637208939,4.476389108276635e-07,0.044668106362223625,0.005370971746742725,0.0013939633499830961,catatumbo,SPEAKER_03,24172.333,24172.708,3.0
0.007141484413295984,0.10584864392876625,2.742346367767823e-07,0.11703453212976456,0.0014742688508704305,0.003640205832198262,catatumbo,UNICO,24172.667,24173.042,3.0
0.006329287774860859,0.12277934700250626,2.3182142427913277e-07,0.0990867130458355,0.0015227507101371884,0.0033268264960497618,catatumbo,UNICO,24173.0,24173.375,3.0
0.010618242435157299,0.10675691440701485,2.29558288822318e-07,0.12442418187856674,0.0005389846046455204,0.0021112230606377125,catatumbo,UNICO,24173.333,24173.708,3.0
0.003909673076122999,0.21293870359659195,2.0191946248360182e-07,0.0047853796277195215,4.4367566260916647e-05,0.010828530415892601,catatumbo,UNICO,24173.667,24174.042,3.0
0.004087685141712427,0.14911684021353722,7.171951743600857e-08,0.0005676653818227351,3.1252226762035207e-07,0.41747358441352844,catatumbo,SPEAKER_03,24174.0,24174.375,3.0
0.00012101558968424797,0.4028168022632599,5.452405815731254e-07,0.430200532078743,0.00177995691774413,0.0029167369939386845,catatumbo,SPEAKER_03,24174.333,24174.708,3.0
0.0001737961865728721,0.30203135311603546,3.09164782663629e-07,0.09961751848459244,0.002774896565824747,0.002418841701000929,catatumbo,SPEAKER_03,24174.667,24175.042,3.0
0.0013899070909246802,0.31783410906791687,3.5006867449283163e-07,0.04598527401685715,0.0008307206444442272,0.024824270978569984,catatumbo,SPEAKER_03,24175.333,24175.708,3.0
0.002846322488039732,0.2196517065167427,1.3924676789400792e-07,0.0003954925559810363,1.4591685442155722e-06,0.46369004249572754,catatumbo,UNICO,24175.667,24176.042,3.0
0.0017722488846629858,0.4106568247079849,2.5588345664573353e-07,0.08883779495954514,8.60592790559167e-05,0.0221889466047287,catatumbo,SPEAKER_03,24194.333,24194.708,3.0
0.0010859336471185088,0.38196441531181335,4.4950007804800407e-07,0.0948786661028862,0.003241492318920791,0.0012314532650634646,catatumbo,UNICO,24194.667,24195.042,3.0
0.0012578802416101098,0.399225652217865,2.9548310465088434e-07,0.050307368859648705,0.00223969342187047,0.0018565614009276032,catatumbo,UNICO,24195.0,24195.375,3.0
0.0009237357880920172,0.36859527230262756,3.141278597240671e-07,0.030228951014578342,0.002661833423189819,0.002663767896592617,catatumbo,UNICO,24195.333,24195.708,3.0
0.002739009214565158,0.18921857327222824,3.0970061004609306e-07,0.06291691586375237,0.0018687259871512651,0.002042509149760008,catatumbo,UNICO,24195.667,24196.042,3.0
0.003069104626774788,0.23814648389816284,4.237923292293999e-07,0.0813639722764492,0.007342661265283823,0.0010363621404394507,catatumbo,UNICO,24196.333,24196.708,3.0
0.010470063425600529,0.1659730225801468,3.689479797230888e-07,0.07944953441619873,0.0011604487954173237,0.001133022247813642,catatumbo,UNICO,24196.667,24197.042,3.0
0.006401018239557743,0.21303386241197586,4.2546292888800963e-07,0.054112887009978294,0.0016940541681833565,0.0007379340240731835,catatumbo,UNICO,24197.0,24197.375,3.0
0.021566221490502357,0.1100919358432293,4.4350855432639946e-07,0.03521676920354366,0.0036371785681694746,0.0007656423840671778,catatumbo,UNICO,24197.333,24197.708,3.0
0.008301172405481339,0.09526041895151138,1.3195896997331147e-07,0.007094854721799493,2.320892053830903e-05,0.011006873100996017,catatumbo,UNICO,24197.667,24198.042,3.0
0.004640837199985981,0.1806381344795227,4.575637149173417e-07,0.04992055706679821,0.0014629462384618819,0.00934989470988512,catatumbo,SPEAKER_03,24198.0,24198.375,3.0
0.001373758539557457,0.2262129858136177,6.825767684404127e-07,0.4914291799068451,0.003521323553286493,0.008054805919528008,catatumbo,SPEAKER_03,24198.333,24198.708,3.0
0.000431952765211463,0.2118486538529396,2.3494736751672463e-06,0.5596313625574112,0.007081051357090473,0.0051012360490858555,catatumbo,SPEAKER_03,24198.667,24199.042,3.0
0.001309240935370326,0.10344292968511581,6.290683813858777e-07,0.527046263217926,0.006201679818332195,0.0032744978088885546,catatumbo,UNICO,24199.333,24199.708,3.0
0.0013632812770083547,0.1757204383611679,6.931001905741141e-07,0.5973496437072754,0.0004144208796788007,0.015706075355410576,catatumbo,SPEAKER_03,24199.667,24200.042,3.0
0.0005499916733242571,0.09948671609163284,1.240248650447029e-06,0.4760969877243042,0.011964551638811827,0.0018897850532084703,catatumbo,SPEAKER_03,24200.0,24200.375,3.0
0.0013212381163612008,0.05363365449011326,7.82306670998878e-07,0.596674233675003,0.003367209923453629,0.006028311792761087,catatumbo,SPEAKER_03,24200.333,24200.708,3.0
0.0003126748197246343,0.3136672079563141,4.5175274010489375e-07,0.32457730174064636,0.007803585845977068,0.007273185066878796,catatumbo,UNICO,24200.667,24201.042,3.0
0.001038343645632267,0.3042161464691162,5.492625660963313e-07,0.32100313901901245,0.0071540765929967165,0.0021526385098695755,catatumbo,UNICO,24201.0,24201.375,3.0
0.0010308671044185758,0.2851964682340622,5.739824757711176e-07,0.253196619451046,0.010339743923395872,0.000986958621069789,catatumbo,UNICO,24201.333,24201.708,3.0
0.0007804652559570968,0.09201819822192192,4.0737097606324824e-07,0.510537713766098,0.0015019562561064959,0.024654481559991837,catatumbo,UNICO,24201.667,24202.042,3.0
0.0006030620425008237,0.36953023076057434,5.623015510991536e-07,0.06044997088611126,0.0012618286127690226,0.002229186939075589,catatumbo,SPEAKER_03,24202.333,24202.708,3.0
0.0007669097394682467,0.39203546941280365,6.92168498517276e-07,0.019940544851124287,0.0004750866937683895,0.0032757169101387262,catatumbo,SPEAKER_03,24202.667,24203.042,3.0
0.0011145136086270213,0.4503558427095413,4.179160910666724e-07,0.03994227387011051,0.0002764932141872123,0.009395426139235497,catatumbo,SPEAKER_03,24203.0,24203.375,3.0
0.0013875854201614857,0.41124022006988525,4.679842433574777e-07,0.052933137863874435,0.0011432412138674408,0.004945409018546343,catatumbo,SPEAKER_03,24203.333,24203.708,3.0
0.0007887126412242651,0.3686310052871704,4.334407748274316e-07,0.018306198995560408,0.0008957937534432858,0.004939721897244453,catatumbo,UNICO,24203.667,24204.042,3.0
0.00044258515117689967,0.4752514809370041,3.8229730492389535e-07,0.016150953248143196,5.7867290706781205e-05,0.05195771902799606,catatumbo,UNICO,24204.0,24204.375,3.0
0.0026744671631604433,0.2885584458708763,2.2876560734630402e-07,0.00415311916731298,8.218947004934307e-05,0.029074672609567642,catatumbo,SPEAKER_03,24204.333,24204.708,3.0
0.0036046644672751427,0.1819063127040863,5.674112699693978e-07,0.6908383369445801,0.0034446277422830462,0.003449101932346821,catatumbo,SPEAKER_03,24204.667,24205.042,3.0
0.00021500374714378268,0.4837396889925003,3.5825146937895624e-07,0.24807338416576385,0.0015297511708922684,0.008987687528133392,catatumbo,SPEAKER_03,24205.333,24205.708,3.0
0.0033052139915525913,0.26889944076538086,7.05640616160963e-07,0.042867306619882584,0.0004861582419835031,0.007310871966183186,catatumbo,SPEAKER_03,24205.667,24206.042,3.0
3.835055758827366e-05,0.45922668278217316,1.9688881636170663e-07,0.01503390772268176,0.00012882853843620978,0.011505736038088799,catatumbo,SPEAKER_03,24206.0,24206.375,3.0
0.004972691182047129,0.17194146290421486,6.167655186573029e-08,0.00023315677390201017,2.5042387363782836e-07,0.7151694297790527,catatumbo,SPEAKER_03,24206.333,24206.708,3.0
0.001868136809207499,0.26979170739650726,1.6568897649449355e-06,0.38153643906116486,0.0030933815287426114,0.00403221882879734,catatumbo,SPEAKER_03,24206.667,24207.042,3.0
0.0015505237970501184,0.4396957457065582,1.0205431237864104e-06,0.12110188603401184,0.0015090701635926962,0.006825428921729326,catatumbo,SPEAKER_03,24207.0,24207.375,3.0
0.0027627991512417793,0.2706884667277336,5.25062866074677e-07,0.011355162132531404,0.0010115922486875206,0.004493034444749355,catatumbo,SPEAKER_03,24207.333,24207.708,3.0
0.005064184311777353,0.1775379553437233,5.403485801025454e-07,0.020275226794183254,0.00026636355323717,0.00916636548936367,catatumbo,SPEAKER_03,24207.667,24208.042,3.0
0.007255211006850004,0.23429908603429794,3.24160907894111e-07,0.017886338755488396,0.0017668489017523825,0.004778974689543247,catatumbo,UNICO,24208.333,24208.708,3.0
0.002678687684237957,0.4068944752216339,2.9716257188283635e-07,0.03685087151825428,0.0011446808639448136,0.006872165482491255,catatumbo,UNICO,24208.667,24209.042,3.0
0.0033706354442983866,0.35378144681453705,3.2706673636084815e-07,0.017439321614801884,0.0006002332956995815,0.006240268237888813,catatumbo,UNICO,24209.0,24209.375,3.0
0.0015575486468151212,0.418561726808548,1.5306623168953593e-07,0.03395724017173052,0.00040602295484859496,0.003388629760593176,catatumbo,UNICO,24209.333,24209.708,3.0
0.0020342899952083826,0.35184986889362335,7.720416306256084e-08,0.03312912955880165,4.997106043447275e-05,0.023296518251299858,catatumbo,UNICO,24209.667,24210.042,3.0
0.005503767170011997,0.2284085676074028,1.4126138694336987e-06,0.08484986796975136,0.0066967078018933535,0.0005115815438330173,catatumbo,SPEAKER_03,24210.0,24210.375,3.0
0.0031918762251734734,0.2984897270798683,8.14964433715204e-08,0.022494121454656124,1.1552744126674952e-05,0.018924320116639137,catatumbo,SPEAKER_03,24210.333,24210.708,3.0
0.001216346281580627,0.23424886912107468,1.3778807215203415e-06,0.6399886906147003,0.0039385175332427025,0.015565173700451851,catatumbo,SPEAKER_03,24210.667,24211.042,3.0
3.633019150584005e-05,0.4448419362306595,3.9688137576376903e-07,0.35732340812683105,0.0010640645341482013,0.013017097488045692,catatumbo,UNICO,24211.333,24211.708,3.0
0.003166863927617669,0.03720179758965969,1.341437325663719e-06,0.7323690056800842,0.0016047575045377016,0.010560409165918827,catatumbo,SPEAKER_03,24211.667,24212.042,3.0
0.0009605337399989367,0.2150874137878418,8.824795258988161e-07,0.7324404418468475,0.0013144888798706234,0.01753425784409046,catatumbo,SPEAKER_03,24212.0,24212.375,3.0
0.000878907972946763,0.15489619970321655,5.630624286823149e-07,0.36271893978118896,0.004538746317848563,0.01090793777257204,catatumbo,SPEAKER_03,24212.333,24212.708,3.0
0.002214031759649515,0.1221802718937397,4.6148578292104503e-07,0.3402984142303467,0.005362820345908403,0.012975423596799374,catatumbo,UNICO,24212.667,24213.042,3.0
0.0004770676314365119,0.20373179763555527,2.3679228178252743e-07,0.028858629055321217,0.0011698387388605624,0.0321672298014164,catatumbo,UNICO,24213.0,24213.375,3.0
0.0006289317389018834,0.15617435798048973,1.701853236113493e-07,0.002909870585426688,5.621415039058775e-05,0.11416801065206528,catatumbo,SPEAKER_03,24213.333,24213.708,3.0
0.018184050917625427,0.07170571386814117,1.2994080975659017e-06,0.03136393986642361,0.025298187509179115,0.0033152985852211714,catatumbo,SPEAKER_03,24213.667,24214.042,3.0
0.0011777898762375116,0.21463560312986374,4.5387669445062784e-07,0.3820178508758545,0.0005740384804084897,0.00977000780403614,catatumbo,SPEAKER_03,24214.333,24214.708,3.0
0.00043613248271867633,0.20411229878664017,7.781965010167369e-07,0.0007960846996866167,3.984010709245922e-05,0.005962613970041275,catatumbo,UNICO,24214.667,24215.042,3.0
0.00921541452407837,0.12396202608942986,8.16586606333658e-07,0.11022882908582687,0.004775749403052032,0.00038195314118638635,catatumbo,UNICO,24215.0,24215.375,3.0
0.006547851953655481,0.19207099080085754,8.651403788917378e-07,0.13350741565227509,0.006894456222653389,0.0013670757180079818,catatumbo,UNICO,24215.333,24215.708,3.0
0.009563859552145004,0.14431539550423622,7.464823710279234e-07,0.10158746689558029,0.0021892297081649303,0.0008462067926302552,catatumbo,UNICO,24215.667,24216.042,3.0
0.014351612888276577,0.0756952241063118,6.410109847365675e-07,0.045157935470342636,0.0016722679138183594,0.001079654204659164,catatumbo,UNICO,24216.0,24216.375,3.0
0.019508615136146545,0.06571938283741474,1.4144492865852953e-07,7.182177978393156e-05,8.653762684218691e-08,0.7546060681343079,catatumbo,SPEAKER_03,24216.333,24216.708,3.0
0.005586543120443821,0.17045678198337555,7.155547052661859e-07,0.5815554559230804,0.008394042495638132,0.01003066822886467,catatumbo,SPEAKER_03,24216.667,24217.042,3.0
0.014268185012042522,0.09003278426826,1.3512800478565623e-07,0.008004720322787762,1.8019679828285007e-06,0.023160865530371666,catatumbo,SPEAKER_03,24217.333,24217.708,3.0
0.0006061054300516844,0.33232375979423523,1.065545461642614e-06,0.5681423842906952,0.00045923914876766503,0.01099625788629055,catatumbo,SPEAKER_03,24217.667,24218.042,3.0
0.0005764701636508107,0.4952797442674637,2.9819507574302406e-07,0.18424978107213974,0.0003906720376107842,0.017836321145296097,catatumbo,SPEAKER_03,24218.0,24218.375,3.0
0.002336142584681511,0.23053959757089615,7.176972189881781e-07,0.34780681878328323,0.004058030201122165,0.012403820641338825,catatumbo,SPEAKER_03,24218.333,24218.708,3.0
0.0009429272613488138,0.32122136652469635,3.6649726098403335e-07,0.26840370148420334,0.0041101411916315556,0.011981024406850338,catatumbo,UNICO,24218.667,24219.042,3.0
0.0006134839495643973,0.3585616648197174,1.5263135821896867e-06,0.2740479111671448,0.00933981011621654,0.00440461840480566,catatumbo,UNICO,24219.0,24219.375,3.0
0.002237018197774887,0.28296124935150146,1.051333413215616e-06,0.2547524645924568,0.012667420320212841,0.0041816821321845055,catatumbo,UNICO,24219.333,24219.708,3.0
0.004087590612471104,0.1755460947751999,7.50442495700554e-07,0.0716564767062664,0.011407820973545313,0.0005230707465671003,catatumbo,UNICO,24219.667,24220.042,3.0
0.003801092505455017,0.15741702169179916,5.966974043758455e-07,0.07106178253889084,0.0027826810255646706,0.0016860715113580227,catatumbo,UNICO,24220.333,24220.708,3.0
0.007962948642671108,0.13596398383378983,4.174047347760279e-07,0.06861284747719765,0.0010644691938068718,0.0037829570937901735,catatumbo,UNICO,24220.667,24221.042,3.0
0.011793970130383968,0.12221596390008926,6.267833470019468e-07,0.013086318504065275,0.003819234436377883,0.0017026178538799286,catatumbo,UNICO,24221.0,24221.375,3.0
0.013117851689457893,0.1257876306772232,2.715467189773335e-06,0.1550840213894844,0.022584572434425354,0.0012081778841093183,catatumbo,UNICO,24221.333,24221.708,3.0
0.08649574965238571,0.013048185035586357,3.699438799742438e-08,0.007577424054034054,9.140631220816431e-07,0.6939626932144165,catatumbo,SPEAKER_03,24221.667,24222.042,3.0
0.0027490349020808935,0.30228854715824127,9.748641502937971e-07,0.17110228538513184,0.006183191202580929,0.00017876697529572994,catatumbo,SPEAKER_03,24222.0,24222.375,3.0
0.01075123343616724,0.17345558106899261,5.150633839434704e-07,0.021041938103735447,0.00021370196191128343,0.004014198202639818,catatumbo,SPEAKER_03,24222.333,24222.708,3.0
0.022808939218521118,0.09831946715712547,4.299075655467277e-07,0.1267126463353634,0.008334249490872025,0.0009251402225345373,catatumbo,SPEAKER_03,24222.667,24223.042,3.0
0.011460713110864162,0.1158813126385212,5.3208811578997484e-08,0.001790315320249647,6.432381383092434e-07,0.5737693309783936,catatumbo,SPEAKER_03,24223.333,24223.708,3.0
0.0005535472882911563,0.44705574214458466,2.4904056061814117e-07,0.024564245715737343,0.00014775622184970416,0.014907793141901493,catatumbo,SPEAKER_03,24223.667,24224.042,3.0
0.0009192086290568113,0.17482458800077438,1.1118198131043755e-06,0.015824136324226856,0.0004927661502733827,0.0008623670437373221,catatumbo,SPEAKER_03,24224.0,24224.375,3.0
0.0008864448755048215,0.204671211540699,1.1306459271054337e-06,0.043837646022439,0.0097097500693053,0.001168917748145759,catatumbo,UNICO,24224.333,24224.708,3.0
0.0016430184477940202,0.19615158438682556,6.918067469996458e-07,0.009763062000274658,0.007610315689817071,0.001402873545885086,catatumbo,UNICO,24224.667,24225.042,3.0
0.002876507816836238,0.13800722360610962,5.175138824142778e-07,0.007289626868441701,0.008435743395239115,0.0016347659984603524,catatumbo,UNICO,24225.0,24225.375,3.0
0.00318691274151206,0.15207191556692123,6.661612843572584e-07,0.006785524543374777,0.015953753609210253,0.0016899616457521915,catatumbo,UNICO,24225.333,24225.708,3.0
0.0026466213166713715,0.12147362157702446,5.924137695956233e-07,0.010338190011680126,0.020653283689171076,0.0014066081494092941,catatumbo,UNICO,24225.667,24226.042,3.0
0.004393743816763163,0.1354992389678955,7.080492281374973e-07,0.004397678654640913,0.011937852017581463,0.001869702129624784,catatumbo,UNICO,24226.333,24226.708,3.0
0.0013746818294748664,0.17362738400697708,6.183820744354307e-07,0.016003486700356007,0.027288650162518024,0.000803773058578372,catatumbo,UNICO,24226.667,24227.042,3.0
0.0018536477582529187,0.13652796298265457,5.584428848237621e-07,0.010720252990722656,0.010395659133791924,0.0014116705860942602,catatumbo,UNICO,24227.0,24227.375,3.0
0.003586459206417203,0.11146584525704384,6.02781895508997e-07,0.00678185885772109,0.02077685110270977,0.0012362082488834858,catatumbo,UNICO,24227.333,24227.708,3.0
0.0036535505205392838,0.21061690151691437,8.267102771242207e-07,0.006637474754825234,0.024605296552181244,0.0015052295057103038,catatumbo,UNICO,24227.667,24228.042,3.0
0.00466536171734333,0.16167296096682549,7.955198384479445e-07,0.007040394935756922,0.03168082237243652,0.001158578903414309,catatumbo,UNICO,24228.0,24228.375,3.0
0.003044337732717395,0.19757896289229393,6.35276776961291e-07,0.004873732104897499,0.012309931917116046,0.001298283226788044,catatumbo,UNICO,24228.333,24228.708,3.0
0.0032886145636439323,0.1650536023080349,5.306731907239737e-07,0.00940076052211225,0.022933881729841232,0.000954488932620734,catatumbo,UNICO,24228.667,24229.042,3.0
0.0037357148248702288,0.16753707081079483,2.851825975369593e-07,0.001757507852744311,4.295720486879873e-06,0.30098479986190796,catatumbo,SPEAKER_03,24229.333,24229.708,3.0
0.0008845060365274549,0.29665136337280273,1.0915451156279232e-06,0.1322425752878189,0.0009226079564541578,0.0008983612642623484,catatumbo,SPEAKER_03,24229.667,24230.042,3.0
0.000331596820615232,0.3545074164867401,1.124776900951474e-06,0.29355427622795105,0.00205552380066365,0.009025661274790764,catatumbo,SPEAKER_03,24230.0,24230.375,3.0
0.00012736227654386312,0.5312315821647644,5.309298529709849e-07,0.08453613333404064,0.0005554667877731845,0.015259931795299053,catatumbo,SPEAKER_03,24230.333,24230.708,3.0
0.0002151401131413877,0.45988717675209045,7.919236253428608e-07,0.06218233332037926,0.0014133185322862118,0.006057818420231342,catatumbo,UNICO,24230.667,24231.042,3.0
0.00035262780147604644,0.36100246012210846,1.029406831776214e-06,0.06618591025471687,0.0036783383693546057,0.004047525580972433,catatumbo,UNICO,24231.0,24231.375,3.0
0.0003427349147386849,0.43613937497138977,9.664949942589374e-07,0.02581723127514124,0.005216459510847926,0.007090338971465826,catatumbo,UNICO,24231.333,24231.708,3.0
0.00019728264305740595,0.5274823009967804,7.883175499046047e-07,0.020362320356070995,0.00535394879989326,0.00798670295625925,catatumbo,UNICO,24231.667,24232.042,3.0
0.0009073612745851278,0.12302836775779724,1.0165335311285162e-06,0.6166543364524841,0.0005054528010077775,0.016271965578198433,catatumbo,SPEAKER_03,24232.333,24232.708,3.0
0.001657065935432911,0.05499717779457569,8.304485845656018e-07,0.5550620853900909,0.0010001811024267226,0.03297620639204979,catatumbo,UNICO,24232.667,24233.042,3.0
0.000307621929096058,0.4350486099720001,1.0144882480744855e-06,0.5235028713941574,0.002116620249580592,0.012347393669188023,catatumbo,UNICO,24233.0,24233.375,3.0
0.004437486175447702,0.17538990825414658,3.113674011956391e-07,0.0004999172379029915,2.0480830244196113e-05,0.10558211803436279,catatumbo,SPEAKER_03,24233.333,24233.708,3.0
0.0012456036638468504,0.3398149162530899,1.2130888933370443e-06,0.5088431388139725,0.003601574688218534,0.01755673997104168,catatumbo,SPEAKER_03,24233.667,24234.042,3.0
0.0003023388562723994,0.28977207839488983,5.958087427870851e-07,0.05647541955113411,0.0008602846937719733,0.017102831974625587,catatumbo,SPEAKER_03,24234.0,24234.375,3.0
0.0006672932067885995,0.42887455224990845,7.975358045086978e-07,0.013400864787399769,0.02235684683546424,0.01288521196693182,catatumbo,UNICO,24234.333,24234.708,3.0
0.0012881517177447677,0.4797009825706482,2.757219817794976e-06,0.6571024656295776,0.013107451144605875,0.0012770608300343156,catatumbo,UNICO,24234.667,24235.042,3.0
0.00017356517491862178,0.4828573614358902,4.034309654343815e-06,0.6900694072246552,0.007566506275907159,0.0006263726972974837,catatumbo,SPEAKER_03,24235.333,24235.708,3.0
0.0003361054987180978,0.2714843600988388,2.923711264202211e-07,0.018812107853591442,0.00016251205670414492,0.09128826856613159,catatumbo,SPEAKER_03,24235.667,24236.042,3.0
0.0010995178017765284,0.355705201625824,5.868477472859013e-07,0.0035412085708230734,0.0022056829766370356,0.005634669214487076,catatumbo,SPEAKER_03,24236.0,24236.375,3.0
0.0043275984935462475,0.27680689096450806,2.6298138777747226e-07,0.02578913513571024,0.00807556975632906,0.001891941181384027,catatumbo,UNICO,24236.333,24236.708,3.0
0.0012642376823350787,0.3761297017335892,2.7654067480398226e-07,0.011298500467091799,0.00289984856499359,0.005145803559571505,catatumbo,UNICO,24236.667,24237.042,3.0
0.0054985228925943375,0.31178663671016693,2.353997388127027e-07,0.009929381776601076,0.003086785553023219,0.003263398539274931,catatumbo,UNICO,24237.0,24237.375,3.0
0.0018756738863885403,0.435441255569458,2.182706637654519e-07,0.016831079497933388,0.004773778608068824,0.003138984087854624,catatumbo,UNICO,24237.333,24237.708,3.0
0.0015698166098445654,0.3818729370832443,2.437831838619786e-07,0.028774037025868893,0.007575827417895198,0.004109236877411604,catatumbo,UNICO,24237.667,24238.042,3.0
0.0026306388899683952,0.36544299125671387,2.455624468211681e-07,0.019608193077147007,0.0049055739073082805,0.00449375668540597,catatumbo,UNICO,24238.333,24238.708,3.0
0.00261315843090415,0.23704658448696136,3.0456143917945155e-07,0.0033334685722365975,1.6091329598566517e-05,0.13863429427146912,catatumbo,SPEAKER_03,24238.667,24239.042,3.0
0.0028890250250697136,0.16781079024076462,1.056638723184733e-06,0.04178428836166859,0.01886694598942995,0.0017198462737724185,catatumbo,SPEAKER_03,24239.0,24239.375,3.0
0.0015776415821164846,0.2910900413990021,4.7037868000643357e-07,0.04610791429877281,0.02454749448224902,0.0011602129088714719,catatumbo,UNICO,24239.333,24239.708,3.0
0.0018880312563851476,0.2520182505249977,4.75086437745631e-07,0.03491988778114319,0.016643856652081013,0.0009875261457636952,catatumbo,UNICO,24239.667,24240.042,3.0
0.03002079762518406,0.07809480465948582,5.494380559412093e-07,0.018961699679493904,0.006871098419651389,0.0011418670183047652,catatumbo,UNICO,24240.0,24240.375,3.0
0.012481304816901684,0.14624777808785439,7.27383223875222e-07,0.02824313286691904,0.009782888926565647,0.0012850764906033874,catatumbo,UNICO,24240.333,24240.708,3.0
0.026394343003630638,0.11576336994767189,6.458081145410688e-07,0.034334116615355015,0.015648553147912025,0.0007969584548845887,catatumbo,UNICO,24240.667,24241.042,3.0
0.020145421847701073,0.08735513687133789,6.493497721749009e-07,0.022728274576365948,0.015883941669017076,0.001122667221352458,catatumbo,UNICO,24241.333,24241.708,3.0
0.019447172060608864,0.1455976963043213,6.003770351981075e-07,0.03130336478352547,0.022142278030514717,0.0006340006948448718,catatumbo,UNICO,24241.667,24242.042,3.0
0.017627131193876266,0.13079998642206192,6.214279011373947e-07,0.030588354915380478,0.028518940322101116,0.0006459508440457284,catatumbo,UNICO,24242.0,24242.375,3.0
0.03306002542376518,0.07576148211956024,6.6636728490721e-07,0.028906039893627167,0.018093924969434738,0.0008451705216430128,catatumbo,UNICO,24242.333,24242.708,3.0
0.008353546261787415,0.18819264322519302,4.4387385855770845e-07,0.031023588962852955,0.01919208373874426,0.0010526858968660235,catatumbo,UNICO,24242.667,24243.042,3.0
0.010005018673837185,0.15451637655496597,4.642220972073119e-07,0.022852029651403427,0.014129556249827147,0.0010731550864875317,catatumbo,UNICO,24243.0,24243.375,3.0
0.009873117320239544,0.186790332198143,5.059284831077093e-07,0.0236487640067935,0.01730220252647996,0.0008250523242168128,catatumbo,UNICO,24243.333,24243.708,3.0
0.0208742693066597,0.057313100434839725,4.914332976113656e-07,0.12155266478657722,0.022985653020441532,0.0015498993452638388,catatumbo,UNICO,24243.667,24244.042,3.0
0.0003855727845802903,0.05971878953278065,3.803064601015649e-07,0.22594450414180756,0.0023491433821618557,0.012446481734514236,catatumbo,UNICO,24244.333,24244.708,3.0
0.00011056487710447982,0.12470828462392092,2.455277794410904e-07,0.12417630851268768,0.00045695270819123834,0.004232011269778013,catatumbo,UNICO,24244.667,24245.042,3.0
3.5205186577513814e-05,0.25957900658249855,2.2073841421388352e-07,0.033175213262438774,0.000416767448768951,0.003932275343686342,catatumbo,UNICO,24245.0,24245.375,3.0
4.8870500904740766e-05,0.3946914076805115,2.382053594374156e-07,0.0048796318005770445,0.0002274574144394137,0.00928418803960085,catatumbo,UNICO,24245.333,24245.708,3.0
6.859548011561856e-05,0.3220132291316986,1.8391946099427514e-07,0.005512228701263666,0.00030384140700334683,0.010788831859827042,catatumbo,UNICO,24245.667,24246.042,3.0
0.0002762220974545926,0.19681720435619354,2.3764332723885673e-07,0.005821522092446685,0.00026589157641865313,0.007825661450624466,catatumbo,UNICO,24246.0,24246.375,3.0
0.0009297736687585711,0.06495934724807739,2.0771533115748753e-07,0.010349967051297426,0.0008478548552375287,0.004644997883588076,catatumbo,UNICO,24246.333,24246.708,3.0
0.0003330195904709399,0.051262982189655304,4.5014595428938264e-07,0.037650601007044315,0.006758811650797725,0.002504174131900072,catatumbo,UNICO,24246.667,24247.042,3.0
0.0012866717297583818,0.07474423572421074,4.816511633976006e-07,0.20142978429794312,0.0005383245879784226,0.0012282658135518432,catatumbo,UNICO,24247.333,24247.708,3.0
0.00036909355549141765,0.19635894149541855,3.192413373653835e-07,0.007366422563791275,1.2327166814429802e-05,0.0026694072876125574,catatumbo,UNICO,24247.667,24248.042,3.0
0.0005796432378701866,0.09685462340712547,4.2148149859144723e-07,0.004143454134464264,4.064883455612289e-06,0.0059169139713048935,catatumbo,UNICO,24248.0,24248.375,3.0
0.000740999064873904,0.38547202944755554,1.1259880068337225e-06,0.036565110087394714,0.00113525110646151,0.0003448470961302519,catatumbo,UNICO,24248.333,24248.708,3.0
0.0005504668224602938,0.4622952491044998,1.3520505603992206e-06,0.01826626341789961,0.0036910518538206816,0.00030593667179346085,catatumbo,UNICO,24248.667,24249.042,3.0
0.0009480656590312719,0.27472537010908127,8.113144716048737e-07,0.01507671782746911,0.0021289135329425335,0.00045227142982184887,catatumbo,UNICO,24249.0,24249.375,3.0
0.0006716403295286,0.24657342582941055,8.740958747921468e-07,0.13758178800344467,0.003418871434405446,0.003593945875763893,catatumbo,SPEAKER_03,24249.333,24249.708,3.0
0.0008506705635227263,0.3305869549512863,1.0039409659157172e-06,0.13952066004276276,0.01741119008511305,0.007020011078566313,catatumbo,SPEAKER_03,24249.667,24250.042,3.0
0.004435131326317787,0.2012866511940956,2.3107527908905467e-06,0.13086266815662384,0.03460334800183773,0.0004102988459635526,catatumbo,UNICO,24250.333,24250.708,3.0
0.00290125235915184,0.13294479623436928,1.6506962197126995e-06,0.09375171549618244,0.05754565820097923,0.00030621388577856123,catatumbo,UNICO,24250.667,24251.042,3.0
0.0027835748624056578,0.23630455881357193,1.8742914562608348e-06,0.11370498314499855,0.0215206453576684,0.0010040452471002936,catatumbo,UNICO,24251.0,24251.375,3.0
0.0002817102358676493,0.38522711396217346,3.042216221160743e-07,0.17828159779310226,0.0012287701829336584,0.012116937898099422,catatumbo,SPEAKER_03,24251.333,24251.708,3.0
0.003139782464131713,0.27066244184970856,7.323002932935196e-07,0.16277243942022324,0.007135513937100768,0.0017365969251841307,catatumbo,SPEAKER_03,24251.667,24252.042,3.0
0.0026322081685066223,0.18296576291322708,7.943589253045502e-07,0.08796278387308121,0.03985971584916115,0.00071296701207757,catatumbo,SPEAKER_03,24252.0,24252.375,3.0
0.01583247445523739,0.08839380368590355,1.0452386902670696e-06,0.014017175417393446,0.01044621504843235,0.0008112878422252834,catatumbo,UNICO,24252.333,24252.708,3.0
0.0014323933282867074,0.24633999913930893,1.2682690453402756e-06,0.35540860891342163,0.0021172419073991477,0.00331151788122952,catatumbo,SPEAKER_03,24252.667,24253.042,3.0
0.0008029906312003732,0.29102276265621185,8.952679593221546e-07,0.4927036464214325,0.0016223490820266306,0.011079566553235054,catatumbo,SPEAKER_03,24253.333,24253.708,3.0
0.00017842759552877396,0.5041742622852325,9.023496545523813e-07,0.3834011107683182,0.0006483690231107175,0.1420455127954483,catatumbo,SPEAKER_03,24253.667,24254.042,3.0
0.0031029994133859873,0.19927392899990082,1.5778730784177242e-06,0.14471205323934555,0.004791034385561943,0.005637963768094778,catatumbo,UNICO,24254.0,24254.375,3.0
0.0010468739783391356,0.3059467077255249,1.176348604303712e-06,0.0790235586464405,0.005782614462077618,0.003006584942340851,catatumbo,UNICO,24254.333,24254.708,3.0
0.0006147577660158277,0.44439661502838135,1.2552823847045147e-06,0.19119468331336975,0.00799363641999662,0.002276540966704488,catatumbo,UNICO,24254.667,24255.042,3.0
0.001722837914712727,0.3381023406982422,1.4567825701305992e-06,0.12133743241429329,0.0075737356673926115,0.00404920382425189,catatumbo,UNICO,24255.0,24255.375,3.0
0.0016359036089852452,0.2539367154240608,1.2657590389153484e-06,0.12190401181578636,0.008124457905068994,0.004353225696831942,catatumbo,UNICO,24255.333,24255.708,3.0
0.0009418444242328405,0.37418656051158905,1.3349326479783485e-06,0.5481930077075958,0.0011998186819255352,0.008275768719613552,catatumbo,UNICO,24255.667,24256.042,3.0
0.0006798659451305866,0.5133331418037415,1.8405599604420786e-06,0.18719325214624405,0.0035077236825600266,0.0030219536274671555,catatumbo,SPEAKER_03,24256.333,24256.708,3.0
0.002701141871511936,0.3814607411623001,1.2020067217122232e-06,0.1504347175359726,0.005355810280889273,0.010170292109251022,catatumbo,SPEAKER_03,24256.667,24257.042,3.0
0.0011828538263216615,0.3671600818634033,1.079724086139322e-06,0.09369559213519096,0.008370412280783057,0.0027346222195774317,catatumbo,UNICO,24257.0,24257.375,3.0
0.0019107115222141147,0.23310977965593338,7.967719994894651e-07,0.014272430911660194,0.01875737775117159,0.003127441508695483,catatumbo,UNICO,24257.333,24257.708,3.0
0.0027010480407625437,0.31561024487018585,8.999169907042415e-07,0.05958315543830395,0.010355217382311821,0.003075280925258994,catatumbo,UNICO,24257.667,24258.042,3.0
0.0025379867292940617,0.2902204990386963,6.950295485808056e-07,0.022768570110201836,0.006324225105345249,0.003766139969229698,catatumbo,UNICO,24258.0,24258.375,3.0
0.002591328462585807,0.3406745344400406,6.444442277597773e-07,0.03473404794931412,0.010563447838649154,0.0018881849246099591,catatumbo,UNICO,24258.333,24258.708,3.0
0.004211448132991791,0.2543943002820015,6.548490389945982e-07,0.0322072384878993,0.011401540832594037,0.0022442780900746584,catatumbo,UNICO,24258.667,24259.042,3.0
0.0042504421435296535,0.2136133834719658,4.323043114595748e-07,0.026673322543501854,0.005982461851090193,0.0021468314807862043,catatumbo,UNICO,24259.333,24259.708,3.0
0.0027844111900776625,0.0718860924243927,4.5751157529139164e-07,0.16621552407741547,0.004499852890148759,0.006811591796576977,catatumbo,UNICO,24259.667,24260.042,3.0
0.0010861890623345971,0.11231454834342003,4.4316065128668924e-07,0.1211119145154953,0.007425394374877214,0.007330120075494051,catatumbo,UNICO,24260.0,24260.375,3.0
0.000169746286701411,0.16292233020067215,2.914299876977111e-07,0.11962922662496567,0.0005798690544907004,0.006504096556454897,catatumbo,UNICO,24260.333,24260.708,3.0
0.0004007369570899755,0.09341909363865852,3.1555480006772996e-07,0.22839076817035675,0.0008190747466869652,0.00609520124271512,catatumbo,UNICO,24260.667,24261.042,3.0
0.0007529896683990955,0.1328628771007061,4.0530679967787364e-07,0.3315875977277756,0.002105660561937839,0.0035680397413671017,catatumbo,UNICO,24261.0,24261.375,3.0
0.00018174239085055888,0.5115210711956024,5.619730885086938e-07,0.15056828036904335,0.01253524562343955,0.0008836968336254358,catatumbo,UNICO,24261.333,24261.708,3.0
0.00011971269123023376,0.5162903070449829,4.4985886660242613e-07,0.05180859938263893,0.00536657206248492,0.0007487126276828349,catatumbo,UNICO,24261.667,24262.042,3.0
0.001772434450685978,0.03716434817761183,1.782531242611185e-07,0.04490010254085064,0.00014321203707368113,0.002614646451547742,catatumbo,UNICO,24262.333,24262.708,3.0
0.0002148080529877916,0.1042279526591301,1.709364205737529e-07,0.04149901121854782,0.0006230394064914435,0.0016736398683860898,catatumbo,UNICO,24262.667,24263.042,3.0
0.00036557987914420664,0.15550750494003296,1.9170959930647768e-07,0.07601709105074406,0.00037448585499078035,0.0023498076479882,catatumbo,UNICO,24263.0,24263.375,3.0
0.0002854049962479621,0.18595440685749054,1.6994038887219176e-07,0.01596225704997778,0.0005011856119381264,0.0024593404959887266,catatumbo,UNICO,24263.333,24263.708,3.0
5.057020462118089e-05,0.32357650250196457,2.5489805466349935e-07,0.23623640090227127,0.000975120667135343,0.001110442099161446,catatumbo,UNICO,24263.667,24264.042,3.0
0.00014716012810822576,0.2378021776676178,4.7522531687604896e-08,0.12563830614089966,3.0877981771482155e-06,0.4269903898239136,catatumbo,UNICO,24264.0,24264.375,3.0
0.0002501195122022182,0.2906167060136795,1.901908248669315e-07,0.5113321393728256,8.695749966136646e-05,0.0077781518921256065,catatumbo,UNICO,24264.333,24264.708,3.0
0.0004047920519951731,0.08945603296160698,1.9285334218466232e-07,0.20859666913747787,0.0001493195813964121,0.0020915833301842213,catatumbo,UNICO,24264.667,24265.042,3.0
9.18350815481972e-06,0.3124628812074661,2.427883885047777e-07,0.07017194107174873,0.0005191345844650641,0.0023086017463356256,catatumbo,UNICO,24265.333,24265.708,3.0
0.00010624999413266778,0.17097298055887222,3.266541312996196e-07,0.15568920224905014,0.00041663974116090685,0.007712429855018854,catatumbo,UNICO,24265.667,24266.042,3.0
2.7435458832769655e-05,0.227158322930336,5.692427862413751e-07,0.052155936136841774,0.007022412959486246,0.02647946961224079,catatumbo,UNICO,24266.0,24266.375,3.0
9.772070916369557e-05,0.15351519733667374,8.595591509674705e-07,0.04582592658698559,0.022358817979693413,0.03218734264373779,catatumbo,UNICO,24266.333,24266.708,3.0
4.4900705688633025e-05,0.37972691655158997,4.4597922510547505e-07,0.16226866096258163,0.01800484210252762,0.011673316359519958,catatumbo,UNICO,24266.667,24267.042,3.0
0.0005401063244789839,0.16719627380371094,3.730172863924963e-07,0.16192325949668884,0.0001675232379056979,0.00014653996913693845,catatumbo,UNICO,24267.0,24267.375,3.0
7.029172138572903e-06,0.6036574244499207,1.1528970134122574e-07,0.11961174756288528,0.0006353371136356145,0.0002524422015994787,catatumbo,UNICO,24267.333,24267.708,3.0
0.000593117147218436,0.1512838788330555,1.7325531587175647e-07,0.07246674969792366,0.009952162858098745,0.0004470596613828093,catatumbo,UNICO,24267.667,24268.042,3.0
0.00016360395238734782,0.15855464339256287,1.8021365377762777e-07,0.05563555657863617,0.00033703515509841964,0.0014372473815456033,catatumbo,UNICO,24268.333,24268.708,3.0
0.00025899228057824075,0.13243884593248367,3.4229498169224826e-07,0.12750647962093353,0.0023918471997603774,0.001567898434586823,catatumbo,UNICO,24268.667,24269.042,3.0
0.0003363832365721464,0.17827297933399677,2.3387405434505126e-07,0.06466085091233253,0.002509707526769489,0.0009480122826062143,catatumbo,UNICO,24269.0,24269.375,3.0
0.0002645690692588687,0.09668907895684242,2.550512547827566e-07,0.37536224722862244,0.0014354816521517932,0.002805237425491214,catatumbo,UNICO,24269.333,24269.708,3.0
0.00011671472020680085,0.21478276699781418,1.4340220033659534e-07,0.16004883497953415,4.0862898458726704e-05,0.011396693997085094,catatumbo,UNICO,24269.667,24270.042,3.0
0.00011250573879806325,0.2110310047864914,3.555875451866086e-07,0.2534574568271637,0.0002710993940127082,0.00564230140298605,catatumbo,UNICO,24270.0,24270.375,3.0
0.0021411352790892124,0.0639498196542263,9.227628083863237e-07,0.0041429424891248345,0.0019192316103726625,0.01974215917289257,catatumbo,UNICO,24270.333,24270.708,3.0
0.0007978547364473343,0.11811521276831627,1.413044572018407e-06,0.048437025398015976,0.011638712603598833,0.0038207904435694218,catatumbo,UNICO,24270.667,24271.042,3.0
0.0007277403492480516,0.2789991945028305,1.1254618783596015e-06,0.0018903483869507909,0.002867968112695962,0.00928560458123684,catatumbo,UNICO,24271.333,24271.708,3.0
0.004915543366223574,0.04690873436629772,8.896853955775441e-07,0.00025801589799812064,0.00010194814058195334,0.13495995104312897,catatumbo,UNICO,24271.667,24272.042,3.0
0.0007608465384691954,0.08805133402347565,1.304281369129967e-06,0.007289294619113207,0.0038504000985994935,0.002668199362233281,catatumbo,SPEAKER_03,24272.0,24272.375,3.0
0.011629979126155376,0.059330299496650696,4.5154551742143667e-07,0.0537286140024662,0.0002282833811477758,0.032732170075178146,catatumbo,SPEAKER_03,24272.333,24272.708,3.0
0.003371489467099309,0.19501017779111862,2.845603574996858e-07,0.3817388713359833,0.0014335184823721647,0.010980477556586266,catatumbo,SPEAKER_03,24272.667,24273.042,3.0
0.0013945027021691203,0.11429421976208687,9.950379080692073e-07,0.5559968054294586,0.01557567110285163,0.013990785926580429,catatumbo,SPEAKER_03,24273.0,24273.375,3.0
0.0011587191838771105,0.2125517725944519,1.470479787712975e-06,0.3973480463027954,0.007573341717943549,0.001244381652213633,catatumbo,SPEAKER_03,24273.333,24273.708,3.0
0.0016965637914836407,0.1886332407593727,3.9468100254680394e-07,0.01880869921296835,0.0007978737994562835,0.005796187091618776,catatumbo,SPEAKER_03,24273.667,24274.042,3.0
0.0012058101128786802,0.3225897550582886,2.6264244468166e-07,0.0024880655109882355,4.0026602619036566e-05,0.034437790513038635,catatumbo,SPEAKER_03,24287.0,24287.375,3.0
0.0011688927188515663,0.24705425649881363,5.63599030556361e-07,0.6337113082408905,0.007548416033387184,0.023913776502013206,catatumbo,SPEAKER_03,24287.333,24287.708,3.0
0.01238973531872034,0.09987462684512138,6.826124092640384e-07,0.2682049423456192,0.007792750373482704,0.0014237534487619996,catatumbo,SPEAKER_03,24287.667,24288.042,3.0
0.018173841759562492,0.07743101567029953,5.009219705698342e-07,0.0442089531570673,0.012414849363267422,0.0013464591465890408,catatumbo,SPEAKER_03,24288.0,24288.375,3.0
0.001098579727113247,0.3595709055662155,4.934664445954695e-07,0.1863970309495926,0.0011378155904822052,0.008761689066886902,catatumbo,SPEAKER_03,24288.333,24288.708,3.0
0.003234339412301779,0.16169501841068268,9.68422767755328e-07,0.15766732022166252,0.0008821558731142431,0.010729128494858742,catatumbo,SPEAKER_03,24288.667,24289.042,3.0
0.0009919749572873116,0.2608484998345375,1.1386305516225548e-06,0.4991234242916107,0.007995659252628684,0.00218041124753654,catatumbo,SPEAKER_03,24289.333,24289.708,3.0
0.02629234455525875,0.10232548043131828,6.708825281975805e-07,0.16848620027303696,0.0008392355812247843,0.008526555262506008,catatumbo,SPEAKER_03,24289.667,24290.042,3.0
0.0036670160479843616,0.21392492204904556,9.840032646479813e-07,0.22091315686702728,0.0038314576959237456,0.005603320896625519,catatumbo,UNICO,24290.0,24290.375,3.0
0.004324398934841156,0.1706477552652359,9.835608381081329e-07,0.03811814170330763,0.0018203966319561005,0.0025042586494237185,catatumbo,UNICO,24290.333,24290.708,3.0
0.02141898311674595,0.13866658508777618,7.056168556118791e-07,0.1754227951169014,0.005011293105781078,0.0029502471443265676,catatumbo,SPEAKER_03,24290.667,24291.042,3.0
0.001137607148848474,0.17114503681659698,2.1519884967347025e-06,0.3803953677415848,0.005038938485085964,0.0011767884716391563,catatumbo,SPEAKER_03,24291.0,24291.375,3.0
0.002920089289546013,0.14302535355091095,7.744848886659383e-07,0.26581597328186035,0.0028770724311470985,0.011827300302684307,catatumbo,SPEAKER_03,24291.333,24291.708,3.0
0.005545342341065407,0.21090887486934662,8.045966239933477e-07,0.3414210230112076,0.0023336836602538824,0.005851738154888153,catatumbo,UNICO,24291.667,24292.042,3.0
0.01206230092793703,0.14105529338121414,8.096107819710596e-07,0.17196836322546005,0.019526858814060688,0.0013377673458307981,catatumbo,UNICO,24292.333,24292.708,3.0
0.00461720721796155,0.24399277567863464,1.122033665978961e-06,0.05552657134830952,0.015325613785535097,0.0016820183955132961,catatumbo,UNICO,24292.667,24293.042,3.0
0.003485424444079399,0.2409730777144432,9.922320103328275e-07,0.12306377291679382,0.008672458352521062,0.0013513866579160094,catatumbo,UNICO,24293.0,24293.375,3.0
0.005332695785909891,0.13629233464598656,1.1727690747420638e-06,0.08273608237504959,0.015248471405357122,0.0017770020058378577,catatumbo,UNICO,24293.333,24293.708,3.0
0.006110029760748148,0.2056189551949501,1.2515181069261416e-06,0.09372175857424736,0.00965972151607275,0.0015850262716412544,catatumbo,UNICO,24293.667,24294.042,3.0
0.017822233960032463,0.06845168396830559,1.915958080189739e-06,0.4122798442840576,0.0015294398763217032,0.007724583614617586,catatumbo,UNICO,24294.0,24294.375,3.0
0.002173292450606823,0.3564489334821701,7.567466013824742e-07,0.00035672613012138754,0.0011390588188078254,0.03412894159555435,catatumbo,SPEAKER_03,24294.333,24294.708,3.0
0.003931447863578796,0.25469477474689484,9.062800074843835e-07,0.0002944529114756733,0.00018400965564069338,0.03338715434074402,catatumbo,SPEAKER_03,24294.667,24295.042,3.0
0.002709037624299526,0.24422993510961533,6.637828633415666e-07,0.00837228330783546,3.854575061268406e-05,0.10925880819559097,catatumbo,SPEAKER_03,24295.333,24295.708,3.0
0.00037827028427273035,0.30628763139247894,1.0401578052210425e-06,0.10357929021120071,0.00038157569360919297,0.021778328344225883,catatumbo,SPEAKER_03,24295.667,24296.042,3.0
0.0012383023276925087,0.3537708669900894,6.89144528109864e-07,0.18536336719989777,0.0013648265739902854,0.009528949856758118,catatumbo,UNICO,24296.0,24296.375,3.0
0.0012840653071179986,0.2896777093410492,8.253373380284756e-07,0.11629855260252953,0.003882272751070559,0.006218286231160164,catatumbo,UNICO,24296.333,24296.708,3.0
0.005810338072478771,0.1803094819188118,6.162996584180291e-07,0.1760493665933609,0.002349529881030321,0.0023772891145199537,catatumbo,UNICO,24296.667,24297.042,3.0
0.004535382613539696,0.16595260798931122,9.390258242092386e-07,0.14507963508367538,0.0031968059483915567,0.0019960543140769005,catatumbo,UNICO,24297.0,24297.375,3.0
0.001837451127357781,0.18661172688007355,1.3435838752684504e-06,0.14133895188570023,0.006048699375241995,0.0021372593473643064,catatumbo,UNICO,24297.333,24297.708,3.0
0.0028768812771886587,0.27290917932987213,1.0309169482525249e-06,0.1248692013323307,0.00921607669442892,0.003081889823079109,catatumbo,UNICO,24297.667,24298.042,3.0
0.0004369522794149816,0.33980976045131683,1.1127268635391374e-06,0.14298729598522186,0.0070152622647583485,0.003970255143940449,catatumbo,UNICO,24298.333,24298.708,3.0
0.0017982595600187778,0.17423894256353378,1.2439494128102524e-06,0.06821362487971783,0.00384212052449584,0.004134090151637793,catatumbo,UNICO,24298.667,24299.042,3.0
0.0012388776522129774,0.21402858942747116,1.485312267845984e-06,0.09548524394631386,0.007401367416605353,0.004924823064357042,catatumbo,UNICO,24299.0,24299.375,3.0
0.003500903956592083,0.13736619800329208,1.6055328160291538e-06,0.6516193747520447,0.003556489711627364,0.007613878697156906,catatumbo,SPEAKER_03,24299.333,24299.708,3.0
0.003527946537360549,0.20054088532924652,3.215077555296375e-07,0.06913490407168865,0.0002504610311007127,0.025073746219277382,catatumbo,SPEAKER_03,24299.667,24300.042,3.0
0.010236063972115517,0.13893736898899078,2.405576466912862e-07,0.04222343862056732,0.0006394476513378322,0.07435749471187592,catatumbo,SPEAKER_03,24300.0,24300.375,3.0
0.00432233139872551,0.25938673317432404,6.412327735461076e-07,0.003421541186980903,0.00036620578612200916,0.0030726459808647633,catatumbo,UNICO,24300.333,24300.708,3.0
0.004825034644454718,0.20391012728214264,3.608770242635728e-07,0.0007456776220351458,0.0002026612201007083,0.026755763217806816,catatumbo,UNICO,24300.667,24301.042,3.0
0.007690696511417627,0.1238289587199688,2.3320140485338925e-07,0.008311089593917131,0.0010226749582216144,0.0028433692641556263,catatumbo,UNICO,24301.333,24301.708,3.0
0.00370788318105042,0.22325027734041214,3.0199580436374163e-07,0.05942024104297161,0.003779894672334194,0.0007784687331877649,catatumbo,UNICO,24301.667,24302.042,3.0
0.0037761360872536898,0.21909622848033905,2.7637496913257564e-07,0.03092393185943365,0.0011350760178174824,0.001307792728766799,catatumbo,UNICO,24302.0,24302.375,3.0
0.007643877994269133,0.12502288073301315,2.9550943025924425e-07,0.009531986666843295,0.0013987060519866645,0.001429965952411294,catatumbo,UNICO,24302.333,24302.708,3.0
0.01943661831319332,0.11098887771368027,4.5427400152675546e-07,0.06248212978243828,0.0039067515172064304,0.002409195527434349,catatumbo,UNICO,24302.667,24303.042,3.0
0.012827963568270206,0.08787426725029945,1.6175970358744962e-06,0.10307576507329941,0.007858104072511196,0.00033163762418553233,catatumbo,UNICO,24303.0,24303.375,3.0
0.001121153007261455,0.26077499985694885,2.3466500209678998e-07,0.021099628880620003,5.4970214478089474e-05,0.05249498784542084,catatumbo,SPEAKER_03,24303.333,24303.708,3.0
0.005683036986738443,0.06601572595536709,1.1252920728566096e-06,0.4454821050167084,0.011732923332601786,0.005675850436091423,catatumbo,SPEAKER_03,24303.667,24304.042,3.0
0.01123616099357605,0.10050066187977791,5.948591024207417e-07,0.007311431225389242,0.0011297416931483895,0.00111858150921762,catatumbo,SPEAKER_03,24304.333,24304.708,3.0
0.00935558881610632,0.11897698789834976,1.7288037952312152e-06,0.17764762789011002,0.006198914255946875,0.0015867807669565082,catatumbo,SPEAKER_03,24304.667,24305.042,3.0
0.0008899166714400053,0.16885147988796234,2.597763170797407e-06,0.32436686754226685,0.0266439076513052,0.0003506952489260584,catatumbo,SPEAKER_03,24305.0,24305.375,3.0
0.001093816477805376,0.25927506387233734,1.518271659506354e-06,0.514475554227829,0.003134265192784369,0.004094692878425121,catatumbo,SPEAKER_03,24305.333,24305.708,3.0
0.0019087872933596373,0.2932779788970947,1.800689176434389e-06,0.47009170055389404,0.0030159236630424857,0.0053676120005548,catatumbo,SPEAKER_03,24305.667,24306.042,3.0
0.0003308001905679703,0.31930214166641235,9.21446286383798e-07,0.3789955973625183,0.002576836384832859,0.003266312647610903,catatumbo,SPEAKER_03,24306.0,24306.375,3.0
0.00034010157105512917,0.1930282786488533,1.717985114169096e-07,0.0014763528597541153,8.996772521641105e-05,0.03406722843647003,catatumbo,SPEAKER_03,24306.333,24306.708,3.0
0.00360632105730474,0.10725622624158859,3.763957963087705e-07,0.4255179762840271,0.0001205162625410594,0.047119785100221634,catatumbo,SPEAKER_03,24306.667,24307.042,3.0
0.005597552750259638,0.09596310928463936,5.530264957087638e-07,0.027655573561787605,0.00018359843670623377,0.00281737232580781,catatumbo,SPEAKER_03,24307.333,24307.708,3.0
0.0017570658819749951,0.21290742605924606,7.662316363621358e-07,0.11694246903061867,0.0011953558423556387,0.009707951918244362,catatumbo,SPEAKER_03,24307.667,24308.042,3.0
0.002650102600455284,0.29610057175159454,1.0860605854645655e-06,0.08614851534366608,0.0012199511693324894,0.022252831608057022,catatumbo,SPEAKER_03,24308.0,24308.375,3.0
0.0024074844550341368,0.31231173872947693,7.441215004178048e-07,0.07592755556106567,0.0009132551786024123,0.01268751546740532,catatumbo,UNICO,24308.333,24308.708,3.0
0.00320898974314332,0.25144587457180023,5.811199486061014e-07,0.047804657369852066,0.0014802725636400282,0.006772078573703766,catatumbo,UNICO,24308.667,24309.042,3.0
0.000744274293538183,0.31946180760860443,6.778826104891778e-07,0.04877712205052376,0.002661418868228793,0.0019361914601176977,catatumbo,UNICO,24309.0,24309.375,3.0
0.0006078145815990865,0.3738502562046051,1.1297598945247955e-06,0.10325442999601364,0.006317405961453915,0.00234652915969491,catatumbo,UNICO,24309.333,24309.708,3.0
0.002261628396809101,0.19785884767770767,1.2882933617675008e-06,0.13738638162612915,0.0035644873278215528,0.0029197062831372023,catatumbo,UNICO,24309.667,24310.042,3.0
0.0008241389296017587,0.21138010919094086,1.8793780327541754e-06,0.24039794504642487,0.010230564512312412,0.0005525986780412495,catatumbo,SPEAKER_03,24310.333,24310.708,3.0
0.0006406569737009704,0.340360090136528,8.235717814386589e-07,0.4523923546075821,0.005337868467904627,0.0033335466869175434,catatumbo,SPEAKER_03,24310.667,24311.042,3.0
0.001811257447116077,0.23146001994609833,6.042810412054678e-07,0.07424960285425186,0.004541839356534183,0.0008388131391257048,catatumbo,UNICO,24311.0,24311.375,3.0
0.004896331112831831,0.11365983262658119,1.0403794874491723e-06,0.05996030010282993,0.004069062531925738,0.0028749722987413406,catatumbo,UNICO,24311.333,24311.708,3.0
0.0007648749160580337,0.23759987205266953,5.57524145960997e-07,0.035719072446227074,0.0015842656139284372,0.001711846562102437,catatumbo,UNICO,24311.667,24312.042,3.0
0.0017954569775611162,0.22537385672330856,7.351718807058205e-07,0.10606998950242996,0.002971297304611653,0.0009010208887048066,catatumbo,UNICO,24312.0,24312.375,3.0
0.003344416618347168,0.18038055300712585,7.675162407849712e-07,0.15697721764445305,0.010484362486749887,0.0014188942732289433,catatumbo,UNICO,24312.333,24312.708,3.0
0.002611702075228095,0.24183189123868942,4.0414822422008e-07,0.07678451761603355,0.00018521096717449836,0.016670964658260345,catatumbo,SPEAKER_03,24312.667,24313.042,3.0
0.0005982207949273288,0.37408630549907684,7.616882271577197e-07,0.4003775268793106,0.011317271739244461,0.0013409664388746023,catatumbo,SPEAKER_03,24313.333,24313.708,3.0
0.0018802689155563712,0.27171121537685394,1.0198455129284412e-06,0.29970190674066544,0.00978836789727211,0.0006733403424732387,catatumbo,SPEAKER_03,24313.667,24314.042,3.0
0.0005111180362291634,0.39343084394931793,4.72977447429912e-07,0.5950217396020889,0.003121565212495625,0.0033179810270667076,catatumbo,SPEAKER_03,24314.0,24314.375,3.0
0.007109197322279215,0.19009803235530853,8.235923303345771e-07,0.38168205320835114,0.003930301405489445,0.0005394351319409907,catatumbo,UNICO,24395.0,24395.375,3.0
0.043578434735536575,0.04613603092730045,7.436497497792516e-07,0.22062642872333527,0.0010354341065976769,0.0029517021030187607,catatumbo,UNICO,24395.333,24395.708,3.0
0.07258685678243637,0.01789679378271103,9.758393275660637e-07,0.17043156176805496,0.003092972212471068,0.007432860322296619,catatumbo,UNICO,24395.667,24396.042,3.0
0.021806173026561737,0.10204183869063854,8.762814616147807e-07,0.028598524630069733,0.0017785648815333843,0.010827693156898022,catatumbo,UNICO,24396.0,24396.375,3.0
0.008443446829915047,0.009562567807734013,2.7423075721344503e-07,0.026867846958339214,0.0002403402468189597,0.07641154527664185,catatumbo,UNICO,24396.333,24396.708,3.0
0.0035702851600944996,0.005963705014437437,2.8769939319772675e-07,0.0872243233025074,8.017080472200178e-05,0.02029826119542122,catatumbo,UNICO,24396.667,24397.042,3.0
0.0006846243049949408,0.017838854808360338,2.930514924059935e-07,0.5029187053442001,0.0004645198932848871,0.008903106674551964,catatumbo,UNICO,24397.333,24397.708,3.0
0.0021559996530413628,0.017905233427882195,3.909282497716049e-07,0.5737153589725494,0.0010075453610625118,0.004713581409305334,catatumbo,UNICO,24397.667,24398.042,3.0
0.0007151758181862533,0.028712070547044277,4.942838245369785e-07,0.6666533350944519,0.002157710143364966,0.004689441528171301,catatumbo,UNICO,24398.0,24398.375,3.0
0.0027338461950421333,0.007435233099386096,5.228444877047878e-07,0.3855827748775482,0.0018112033721990883,0.0027823043055832386,catatumbo,UNICO,24398.333,24398.708,3.0
0.0012676380574703217,0.00766220479272306,3.7608326408644643e-07,0.4515722244977951,0.0016798776341602206,0.004349537659436464,catatumbo,UNICO,24398.667,24399.042,3.0
0.004411926493048668,0.007368871942162514,3.6327210750641825e-07,0.25500573962926865,0.0012657659535761923,0.0023006286937743425,catatumbo,UNICO,24399.0,24399.375,3.0
0.001940517919138074,0.006667622365057468,4.689906205612715e-07,0.23913878947496414,0.0009774490026757121,0.0018688598647713661,catatumbo,UNICO,24399.333,24399.708,3.0
0.000588150869589299,0.014001920353621244,2.5965942285210986e-07,0.21682892739772797,0.00024081662559183314,0.006064795423299074,catatumbo,UNICO,24399.667,24400.042,3.0
0.005511173978447914,0.006348930299282074,2.2993918378233502e-06,0.1908850595355034,0.0020956977969035506,0.00718202767893672,catatumbo,UNICO,24400.333,24400.708,3.0
0.0035253276582807302,0.025109695736318827,1.1420340229051362e-06,0.11123871430754662,0.001146808877820149,0.002076764591038227,catatumbo,UNICO,24400.667,24401.042,3.0
0.0009500417509116232,0.02397766523063183,5.402456793035526e-07,0.3925634026527405,0.0009225850517395884,0.010611732490360737,catatumbo,UNICO,24401.0,24401.375,3.0
0.0007814833079464734,0.03507554158568382,4.203208590070062e-07,0.3095706105232239,0.0003451079537626356,0.00914455484598875,catatumbo,UNICO,24401.333,24401.708,3.0
0.00046423825551755726,0.05527246743440628,3.4041171659282554e-07,0.22566941380500793,0.00039300514617934823,0.0037045187782496214,catatumbo,UNICO,24401.667,24402.042,3.0
0.0016850928077474236,0.016478432808071375,2.2325937010236885e-07,0.12554952129721642,0.00021474457025760785,0.004415547009557486,catatumbo,UNICO,24402.0,24402.375,3.0
0.0018936727428808808,0.01712669711560011,4.1176204490511736e-07,0.20959926396608353,0.0005914466310059652,0.004220677074044943,catatumbo,UNICO,24402.333,24402.708,3.0
0.0020660157315433025,0.01825604634359479,3.8216560227510854e-07,0.1453079655766487,6.101955477788579e-05,0.01635831780731678,catatumbo,UNICO,24402.667,24403.042,3.0
0.029925862327218056,0.024435208179056644,4.057994544837129e-07,0.005991287296637893,0.0013573919422924519,0.0047997357323765755,catatumbo,UNICO,24403.333,24403.708,3.0
0.07494945824146271,0.018222476355731487,6.073310601095727e-07,0.010410919319838285,0.000625004482571967,0.003255750285461545,catatumbo,UNICO,24403.667,24404.042,3.0
0.06003136187791824,0.013926509069278836,3.38521083165233e-07,0.014486045110970736,0.0006344457506202161,0.0032258450519293547,catatumbo,UNICO,24404.0,24404.375,3.0
0.085269995033741,0.02040383592247963,2.344837390921839e-07,0.0017104928847402334,3.645167726062937e-05,0.13468195497989655,catatumbo,SPEAKER_03,24404.333,24404.708,3.0
0.07615570724010468,0.062241118401288986,2.712965176954185e-07,0.0024809694150462747,1.286153917590127e-06,0.5495953559875488,catatumbo,SPEAKER_03,24404.667,24405.042,3.0
0.03842206671833992,0.05794526822865009,2.2845674862992382e-07,2.624151238705963e-05,2.478041949416365e-07,0.9244726896286011,catatumbo,SPEAKER_03,24405.0,24405.375,3.0
0.04244440048933029,0.07882349006831646,2.908792602340782e-07,0.012953964527696371,2.1933871266810456e-05,0.08735902607440948,catatumbo,SPEAKER_03,24405.333,24405.708,3.0
0.07904033362865448,0.08433116972446442,2.766913631546686e-07,0.0036905898014083505,7.756435843475629e-05,0.11921677738428116,catatumbo,SPEAKER_03,24405.667,24406.042,3.0
0.14478440582752228,0.0103136682882905,9.664960884947504e-07,0.0039426900912076235,0.000187595265742857,0.004210818558931351,catatumbo,SPEAKER_03,24406.333,24406.708,3.0
0.0838961973786354,0.022720354609191418,1.0711094091675477e-06,0.03841380774974823,0.0010569499572739005,0.0005043686833232641,catatumbo,SPEAKER_03,24406.667,24407.042,3.0
0.02983645163476467,0.04835939407348633,4.465262009034632e-07,0.0182035518810153,0.0005033125198679045,0.0058782147243618965,catatumbo,SPEAKER_03,24407.0,24407.375,3.0
0.17000596225261688,0.02227252721786499,3.500192633509869e-07,0.004603887675330043,6.19426900811959e-05,0.012303845956921577,catatumbo,UNICO,24407.333,24407.708,3.0
0.10000111162662506,0.018226347863674164,3.0296396857920627e-07,0.00622946722432971,0.0003234781906940043,0.01681683398783207,catatumbo,UNICO,24407.667,24408.042,3.0
0.15387685596942902,0.018365176394581795,5.461457845967743e-07,0.004449601285159588,0.001197126810438931,0.024456854909658432,catatumbo,UNICO,24408.0,24408.375,3.0
0.1278543472290039,0.01815861277282238,4.346726036885684e-07,0.0034959028707817197,0.0001405882867402397,0.020030438899993896,catatumbo,UNICO,24408.333,24408.708,3.0
0.19361218810081482,0.008532847743481398,6.676499708646588e-07,0.01453553419560194,0.0028788764611817896,0.0034832237288355827,catatumbo,UNICO,24408.667,24409.042,3.0
0.03963981941342354,0.05700737237930298,3.540385762335063e-07,0.005474804667755961,0.00016185954518732615,0.01766306720674038,catatumbo,UNICO,24409.333,24409.708,3.0
0.07924263924360275,0.037810614332556725,4.2723511484155097e-07,0.005769569892436266,0.00023742723715258762,0.012651314027607441,catatumbo,UNICO,24409.667,24410.042,3.0
0.12391634285449982,0.01617996208369732,4.618491971086769e-07,0.0014699907624162734,4.997961514163762e-05,0.028778076171875,catatumbo,UNICO,24410.0,24410.375,3.0
0.05553658679127693,0.03921176679432392,4.664385571118146e-07,0.4030678868293762,0.00024237653269665316,0.016962865367531776,catatumbo,SPEAKER_03,24410.333,24410.708,3.0
0.02406064234673977,0.06564724445343018,1.0096750457933013e-07,0.000700577424140647,2.7706639684765832e-06,0.2560771703720093,catatumbo,SPEAKER_03,24410.667,24411.042,3.0
0.14471007883548737,0.028484763577580452,9.370676252729027e-07,0.25816182792186737,0.0005571096990024671,0.004021733067929745,catatumbo,SPEAKER_03,24411.0,24411.375,3.0
0.07330992072820663,0.045896563678979874,8.215868660954584e-07,0.250545009970665,0.006237826542928815,0.00120013568084687,catatumbo,SPEAKER_03,24411.333,24411.708,3.0
0.06935964524745941,0.03929852321743965,5.285517232778147e-07,0.01651118043810129,9.353931091027334e-05,0.0006594452424906194,catatumbo,SPEAKER_03,24411.667,24412.042,3.0
0.03047991916537285,0.058423192240297794,4.662350363560108e-07,0.2894481122493744,0.002835580613464117,0.00578146381303668,catatumbo,UNICO,24412.333,24412.708,3.0
0.02308410406112671,0.10861172899603844,4.78266287018414e-07,0.11389544606208801,0.004737534211017191,0.005740015767514706,catatumbo,UNICO,24412.667,24413.042,3.0
0.06407345831394196,0.037864767014980316,4.582963981647481e-07,0.049207089468836784,0.0009144699142780155,0.0015786406584084034,catatumbo,UNICO,24413.0,24413.375,3.0
0.23915037512779236,0.009459347929805517,1.0317338592358283e-06,0.00048225380305666476,0.0004937995981890708,0.0088011110201478,catatumbo,SPEAKER_03,24413.333,24413.708,3.0
0.07742998003959656,0.06654362380504608,8.589754258991888e-07,0.03913063555955887,0.001025288482196629,0.0011206131894141436,catatumbo,SPEAKER_03,24413.667,24414.042,3.0
0.1219441294670105,0.03040679171681404,3.1486455043250317e-07,0.011204907204955816,0.00013434679203783162,0.009901807643473148,catatumbo,SPEAKER_03,24414.0,24414.375,3.0
0.09841449558734894,0.061920786276459694,4.702389091448822e-07,0.01409096410498023,0.0006017616688041016,0.009795140475034714,catatumbo,SPEAKER_03,24414.333,24414.708,3.0
0.0910973772406578,0.020285673905164003,2.641659904156768e-07,0.016898015048354864,0.0029471658635884523,0.011562317609786987,catatumbo,SPEAKER_03,24414.667,24415.042,3.0
0.10148905217647552,0.06075908802449703,8.663947141940298e-07,0.07879230752587318,0.004568073316477239,0.0014587206533178687,catatumbo,SPEAKER_03,24415.333,24415.708,3.0
0.18195943534374237,0.024448107928037643,6.741561691114839e-07,0.017260697670280933,0.021679924800992012,0.001481833984144032,catatumbo,UNICO,24415.667,24416.042,3.0
0.1093604788184166,0.04664398916065693,6.47071274784139e-07,0.026200816966593266,0.00832512485794723,0.001037204172462225,catatumbo,UNICO,24416.0,24416.375,3.0
0.12656010687351227,0.04104032181203365,4.280368699483006e-07,0.05287795700132847,0.007037407252937555,0.0015008162008598447,catatumbo,UNICO,24416.333,24416.708,3.0
0.18018317222595215,0.0159171293489635,3.6754956056483934e-07,0.04271211475133896,0.003169348230585456,0.0015288811409845948,catatumbo,UNICO,24416.667,24417.042,3.0
0.31269270181655884,0.008822054835036397,7.133603219244833e-07,0.005674276500940323,0.006926406407728791,0.0012524264166131616,catatumbo,UNICO,24417.0,24417.375,3.0
0.13292403519153595,0.015133300796151161,4.458175624222349e-07,0.0040059894090518355,0.004566861782222986,0.0034520665649324656,catatumbo,UNICO,24417.333,24417.708,3.0
0.11266697198152542,0.055693911388516426,6.16280203757924e-07,0.0033173300325870514,0.006247957935556769,0.0051926556043326855,catatumbo,UNICO,24417.667,24418.042,3.0
0.02131718583405018,0.009399130009114742,5.949959245299397e-07,0.18483490496873856,0.0005940970149822533,0.018871814012527466,catatumbo,UNICO,24418.333,24418.708,3.0
0.020152773708105087,0.010310903191566467,4.553500900783547e-07,0.23121803998947144,0.00023245438205776736,0.013455616310238838,catatumbo,UNICO,24418.667,24419.042,3.0
0.012801597826182842,0.007992396829649806,4.888400155778072e-07,0.1343480870127678,0.0002707750754780136,0.04609214887022972,catatumbo,UNICO,24419.0,24419.375,3.0
0.002641381463035941,0.041728745214641094,2.6389794527403865e-07,0.07376210391521454,8.935322330216877e-05,0.011957542970776558,catatumbo,UNICO,24419.333,24419.708,3.0
0.021014850586652756,0.005840309662744403,5.786029220189448e-07,0.30129415541887283,0.00025321965222246945,0.025666002184152603,catatumbo,UNICO,24419.667,24420.042,3.0
0.014311891049146652,0.00829761615023017,5.21414648346763e-07,0.6783673465251923,0.0005896267248317599,0.05287640541791916,catatumbo,UNICO,24420.0,24420.375,3.0
0.006526425015181303,0.03205297328531742,9.57672739332338e-07,0.6147507727146149,0.0006024434114806354,0.007485879119485617,catatumbo,SPEAKER_03,24420.333,24420.708,3.0
0.01715155690908432,0.028413379564881325,8.407373854879552e-07,0.6166078448295593,0.0004410513793118298,0.02318199723958969,catatumbo,SPEAKER_03,24420.667,24421.042,3.0
0.009259602054953575,0.012580189853906631,1.1313104835153354e-06,0.6355355083942413,0.0046094064600765705,0.0013729843776673079,catatumbo,UNICO,24421.333,24421.708,3.0
0.0020437370985746384,0.023667913861572742,3.36355384433773e-07,0.40677519142627716,6.522766125272028e-05,0.008648285642266273,catatumbo,UNICO,24421.667,24422.042,3.0
0.0031080772168934345,0.013745613163337111,4.99724080782471e-07,0.5536857545375824,0.00035979115637019277,0.0027990988455712795,catatumbo,UNICO,24422.0,24422.375,3.0
0.0035793164279311895,0.01638675481081009,7.238762975703139e-07,0.5887968987226486,0.000533956874278374,0.0016083134105429053,catatumbo,UNICO,24422.333,24422.708,3.0
0.07823963463306427,0.003339475253596902,9.075058642338263e-07,0.5991630256175995,0.0007735207327641547,0.0009344612481072545,catatumbo,UNICO,24422.667,24423.042,3.0
0.06702270358800888,0.005536858458071947,9.508129465984894e-07,0.3396698087453842,0.0020085807191208005,0.00034098251489922404,catatumbo,UNICO,24423.0,24423.375,3.0
0.016287732869386673,0.01257717190310359,8.327365179638946e-07,0.20599999278783798,0.00035427768307272345,0.00048280373448506,catatumbo,UNICO,24423.333,24423.708,3.0
0.012836498208343983,0.011931398883461952,7.169366540438205e-07,0.3325922340154648,0.0008370036375708878,0.0005256883450783789,catatumbo,UNICO,24423.667,24424.042,3.0
0.008202723227441311,0.011723731644451618,6.869939426223937e-07,0.22332509607076645,0.001603511394932866,0.0004185963189229369,catatumbo,UNICO,24424.333,24424.708,3.0
0.022778503596782684,0.009611592628061771,7.731807158961601e-07,0.16654489189386368,0.0023445584811270237,0.000900267856195569,catatumbo,UNICO,24424.667,24425.042,3.0
0.01661364547908306,0.012688745744526386,5.132308871225177e-07,0.14808222651481628,0.0002946763197542168,0.0028261155821383,catatumbo,UNICO,24425.0,24425.375,3.0
0.035320352762937546,0.007333368295803666,6.972965422846755e-07,0.09812802076339722,0.002035980171058327,0.0014626092743128538,catatumbo,UNICO,24425.333,24425.708,3.0
0.004747774917632341,0.02433772385120392,7.920390174831482e-07,0.01728569809347391,0.0026373800355941057,0.0021743248216807842,catatumbo,UNICO,24425.667,24426.042,3.0
0.0030094492249190807,0.047585297375917435,5.477293569811081e-07,0.03102995455265045,0.0003743260240298696,0.0017167797777801752,catatumbo,UNICO,24426.0,24426.375,3.0
0.03196762502193451,0.07298330217599869,1.035767326129644e-06,0.02384591195732355,0.011526643065735698,0.00043497784645296633,catatumbo,UNICO,24426.333,24426.708,3.0
0.015947705134749413,0.008687749039381742,1.5585121673211688e-06,0.2804749757051468,0.014912972692400217,0.0005638445727527142,catatumbo,UNICO,24426.667,24427.042,3.0
0.023896729573607445,0.005635624285787344,3.17051089382403e-07,0.017612652853131294,0.00011573194933589548,0.008227767422795296,catatumbo,UNICO,24427.333,24427.708,3.0
0.00376337138004601,0.0108764567412436,6.066366040613502e-07,0.0071390189696103334,0.0005888169398531318,0.008350812830030918,catatumbo,UNICO,24427.667,24428.042,3.0
0.0072258710861206055,0.010314709041267633,5.72017071931441e-07,0.0021144019556231797,6.819861664553173e-05,0.01807762309908867,catatumbo,UNICO,24428.0,24428.375,3.0
0.007362949661910534,0.012020113412290812,4.4894906636727683e-07,0.007786154979839921,9.84347534540575e-05,0.00898807030171156,catatumbo,UNICO,24428.333,24428.708,3.0
0.018587689846754074,0.00638204556889832,4.335153960255411e-07,0.0006229121354408562,2.615264247651794e-05,0.05258538946509361,catatumbo,UNICO,24428.667,24429.042,3.0
0.025701478123664856,0.008810601197183132,4.521630643239405e-07,0.0021226212265901268,8.513892680639401e-05,0.03448273986577988,catatumbo,UNICO,24429.0,24429.375,3.0
0.048428259789943695,0.00630515324883163,4.93777633892023e-07,0.0039421801920980215,0.00012776349467458203,0.012369970791041851,catatumbo,UNICO,24429.333,24429.708,3.0
0.013346537947654724,0.014799930155277252,4.1146962814764265e-07,0.0033013783395290375,7.207539601949975e-05,0.014883400872349739,catatumbo,UNICO,24429.667,24430.042,3.0
0.010477972216904163,0.009738213615491986,5.055244685081561e-07,0.004527251468971372,0.00022285083105089143,0.009448702447116375,catatumbo,UNICO,24430.333,24430.708,3.0
0.012013291008770466,0.011792403180152178,5.254746469063321e-07,0.010967325884848833,0.0003760896943276748,0.009192429482936859,catatumbo,UNICO,24430.667,24431.042,3.0
0.017911599949002266,0.01654920307919383,4.188777893432416e-07,0.00829420005902648,8.29563014121959e-05,0.02455446869134903,catatumbo,UNICO,24431.0,24431.375,3.0
0.013127009384334087,0.011868540430441499,4.4684831834729266e-07,0.008736454416066408,0.00010248358739772812,0.01727713644504547,catatumbo,UNICO,24431.333,24431.708,3.0
0.016747137531638145,0.010382558219134808,5.134254905669877e-07,0.011143260635435581,0.0001601193107489962,0.01359438244253397,catatumbo,UNICO,24431.667,24432.042,3.0
0.014371335506439209,0.011343628168106079,4.1278907758623973e-07,0.033814966678619385,9.324851998826489e-05,0.004949274938553572,catatumbo,UNICO,24432.0,24432.375,3.0
0.059944115579128265,0.004147208179347217,4.221771519041795e-07,0.032880173064768314,0.00046244463010225445,0.012573056854307652,catatumbo,UNICO,24432.333,24432.708,3.0
0.011289330199360847,0.006180932046845555,3.118583720151946e-07,0.012911949306726456,0.0001391212390444707,0.008606335148215294,catatumbo,UNICO,24432.667,24433.042,3.0
0.023653589189052582,0.006639669416472316,3.663341416881849e-07,0.025729271583259106,0.00020399356435518712,0.004961645230650902,catatumbo,UNICO,24433.333,24433.708,3.0
0.012463433668017387,0.005553324474021792,4.920524361295975e-07,0.005989062832668424,7.613921297888737e-05,0.017448367550969124,catatumbo,UNICO,24433.667,24434.042,3.0
0.008277440443634987,0.005290342262014747,5.241300158331796e-07,0.014381632674485445,0.0002033276468864642,0.005280004348605871,catatumbo,UNICO,24434.0,24434.375,3.0
0.004780843388289213,0.009483217727392912,4.896990759561959e-07,0.012599844951182604,0.0001975365448743105,0.006079190410673618,catatumbo,UNICO,24434.333,24434.708,3.0
0.011828888207674026,0.009950433857738972,6.989120890921185e-07,0.017453251872211695,0.0007326652557821944,0.0038354704156517982,catatumbo,UNICO,24434.667,24435.042,3.0
0.016494812443852425,0.011212424375116825,6.244708714575609e-07,0.01783476211130619,0.0006977701123105362,0.003936334978789091,catatumbo,UNICO,24435.0,24435.375,3.0
0.0007499883067794144,0.0338637325912714,6.063312838477941e-07,0.004184499732218683,0.0007803388289175928,0.0036707771942019463,catatumbo,UNICO,24435.333,24435.708,3.0
0.11869268119335175,0.01600705785676837,8.557879169757143e-07,0.003429928794503212,0.004806436016224325,0.004559781402349472,catatumbo,UNICO,24435.667,24436.042,3.0
0.07286620885133743,0.03532892186194658,1.2902249153512457e-06,0.03755395207554102,0.025440041907131672,0.0008695367141626775,catatumbo,UNICO,24436.333,24436.708,3.0
0.06882734596729279,0.05368003435432911,1.3026423317796798e-06,0.03662922978401184,0.021184062119573355,0.0009419076377525926,catatumbo,UNICO,24436.667,24437.042,3.0
0.06696757674217224,0.041061947122216225,7.550042511184074e-07,0.015501891262829304,0.003883252269588411,0.003052016254514456,catatumbo,UNICO,24437.0,24437.375,3.0
0.03929399698972702,0.05468403548002243,6.446877591770317e-07,0.011937739327549934,0.003933971398510039,0.002539482433348894,catatumbo,UNICO,24437.333,24437.708,3.0
0.043968282639980316,0.0726602803915739,8.151866381922446e-07,0.0942048504948616,0.005594892776571214,0.001853284309618175,catatumbo,UNICO,24437.667,24438.042,3.0
0.032188545912504196,0.09892796725034714,8.302369067791915e-07,0.06494960747659206,0.01076286705210805,0.0016935958992689848,catatumbo,UNICO,24438.0,24438.375,3.0
0.027708128094673157,0.09940661117434502,1.4709353308717255e-06,0.05167393945157528,0.014524117577821016,0.0012443792074918747,catatumbo,UNICO,24438.333,24438.708,3.0
0.009163801558315754,0.03741882182657719,1.177843842015136e-06,0.03749648202210665,0.0017117761890403926,0.0013845466310158372,catatumbo,SPEAKER_03,24438.667,24439.042,3.0
0.002570341108366847,0.06031693331897259,1.0047457976725127e-06,0.42537549138069153,0.009416211862117052,0.022382203489542007,catatumbo,SPEAKER_03,24439.333,24439.708,3.0
0.023405633866786957,0.045997750014066696,1.4083346684401477e-06,0.029721268452703953,0.006293842452578247,0.0005066469893790781,catatumbo,SPEAKER_03,24439.667,24440.042,3.0
0.01770033873617649,0.03552532382309437,1.0519320312596392e-06,0.012164791347458959,0.0017541947891004384,0.0049387868493795395,catatumbo,SPEAKER_03,24440.0,24440.375,3.0
0.01761547662317753,0.0448618121445179,7.791295786319097e-07,0.021546498872339725,0.0032357401214540005,0.0022501745261251926,catatumbo,SPEAKER_03,24440.333,24440.708,3.0
0.02673877775669098,0.06990699097514153,9.877801971924782e-07,0.11207425221800804,0.022738083265721798,0.001702050562016666,catatumbo,SPEAKER_03,24440.667,24441.042,3.0
0.04706694185733795,0.020192687399685383,1.6919166228035465e-06,0.07388994842767715,0.02118831407278776,0.0012456172844395041,catatumbo,SPEAKER_03,24441.0,24441.375,3.0
0.009594021365046501,0.05320132337510586,1.0714965412716992e-06,0.043799327686429024,0.0027666048263199627,0.003189878771081567,catatumbo,SPEAKER_03,24441.333,24441.708,3.0
0.029334310442209244,0.05714298598468304,8.763600760630652e-07,0.27913039177656174,0.003043959033675492,0.015888778492808342,catatumbo,SPEAKER_03,24441.667,24442.042,3.0
0.010624244809150696,0.08741359040141106,2.2579162362035277e-07,0.003282338147982955,7.678227348151268e-06,0.04060450941324234,catatumbo,SPEAKER_03,24442.333,24442.708,3.0
0.15737992525100708,0.005162724992260337,4.984636916560703e-07,0.004431977518834174,0.00045707885874435306,0.007462911307811737,catatumbo,SPEAKER_03,24442.667,24443.042,3.0
0.0740080252289772,0.04377049580216408,1.4617011174777872e-06,0.00046308294986374676,0.00391789770219475,0.0031597414053976536,catatumbo,SPEAKER_03,24443.0,24443.375,3.0
0.0188928060233593,0.11655058711767197,3.9772100279833467e-07,0.004484520526602864,4.336937217885861e-05,0.05102574825286865,catatumbo,SPEAKER_03,24443.333,24443.708,3.0
0.028792019933462143,0.05024074483662844,1.590961090869314e-06,0.4865663945674896,0.015344219282269478,0.0032974148634821177,catatumbo,SPEAKER_03,24443.667,24444.042,3.0
0.02009703777730465,0.09741175174713135,2.252705826322199e-06,0.06575342454016209,0.0071084690280258656,0.0010205168509855866,catatumbo,SPEAKER_03,24444.0,24444.375,3.0
0.023890217766165733,0.05585082992911339,4.341029864463053e-07,0.017337162513285875,0.0025288694887422025,0.014138404279947281,catatumbo,SPEAKER_03,24444.333,24444.708,3.0
0.0018917775014415383,0.1961469128727913,4.2982351544651465e-07,0.5283223986625671,0.0012577716843225062,0.016152190044522285,catatumbo,SPEAKER_03,24444.667,24445.042,3.0
0.008015889674425125,0.18605048954486847,5.400403608746274e-07,0.17392561212182045,0.007754840422421694,0.000869863317348063,catatumbo,SPEAKER_03,24445.333,24445.708,3.0
0.005676455795764923,0.1998673677444458,8.053642375216441e-07,0.1572527252137661,0.01028277794830501,0.0007817995501682162,catatumbo,UNICO,24445.667,24446.042,3.0
0.009682398289442062,0.12185656651854515,9.091357213719675e-07,0.008841834729537368,0.0013923763181082904,0.0011077482486143708,catatumbo,UNICO,24446.0,24446.375,3.0
0.0038148947060108185,0.20528264343738556,1.518596491223434e-06,0.12221718952059746,0.013477125205099583,0.0009022918529808521,catatumbo,SPEAKER_03,24446.333,24446.708,3.0
0.005530618131160736,0.14103951305150986,1.0153502358889455e-06,0.27350910007953644,0.0038973336340859532,0.011222819797694683,catatumbo,SPEAKER_03,24446.667,24447.042,3.0
0.014905537478625774,0.16342929005622864,7.083756088377413e-07,0.14348054677248,0.007700403919443488,0.0013535680482164025,catatumbo,SPEAKER_03,24447.0,24447.375,3.0
0.005947064142674208,0.11384192854166031,1.1518563667323178e-06,0.35398469120264053,0.015882255509495735,0.003618036163970828,catatumbo,SPEAKER_03,24447.333,24447.708,3.0
0.002875952748581767,0.24559564888477325,6.159413885598042e-07,0.1405676119029522,0.0013108071580063552,0.006883418187499046,catatumbo,SPEAKER_03,24447.667,24448.042,3.0
0.016100548207759857,0.09045818075537682,5.511532776836248e-07,0.010962341446429491,0.0057521810522302985,0.005879006814211607,catatumbo,UNICO,24448.333,24448.708,3.0
0.012809445150196552,0.09893880411982536,7.298899902252742e-07,0.028151746839284897,0.008427334483712912,0.002996014663949609,catatumbo,UNICO,24448.667,24449.042,3.0
0.0019714648369699717,0.027608031406998634,9.896594121983071e-07,0.4795225113630295,0.0004325563495513052,0.01080677006393671,catatumbo,UNICO,24449.0,24449.375,3.0
0.0006727229920215905,0.09792466834187508,6.628184792134562e-07,0.2805393412709236,0.00046477915020659566,0.032690733671188354,catatumbo,SPEAKER_03,24449.333,24449.708,3.0
0.0006541618495248258,0.15465197712183,1.0580473599475226e-06,0.3129388839006424,0.0006489091174444184,0.013589595444500446,catatumbo,SPEAKER_03,24449.667,24450.042,3.0
0.0008540646522305906,0.12171243131160736,6.761973168067925e-07,0.4753914475440979,0.00025505539815640077,0.017995506525039673,catatumbo,SPEAKER_03,24450.0,24450.375,3.0
0.010981171391904354,0.012934060767292976,9.485000589393167e-07,0.5423208177089691,0.00040589101263321936,0.02460053376853466,catatumbo,SPEAKER_03,24450.333,24450.708,3.0
0.010101314634084702,0.0350786205381155,7.587368031636288e-07,0.39021068811416626,0.0005597130657406524,0.04085030406713486,catatumbo,SPEAKER_03,24450.667,24451.042,3.0
0.020083831623196602,0.037447428330779076,8.778325337743809e-07,0.3233770355582237,0.0003872201486956328,0.04100887104868889,catatumbo,SPEAKER_03,24451.333,24451.708,3.0
0.014704088680446148,0.01263726782053709,9.031663523728639e-07,0.36292383074760437,0.0004526831762632355,0.06351159512996674,catatumbo,SPEAKER_03,24451.667,24452.042,3.0
0.012778261676430702,0.02084378246217966,8.067800933986291e-07,0.24249564856290817,0.0004939350619679317,0.004510841798037291,catatumbo,SPEAKER_03,24452.0,24452.375,3.0
0.00803751964122057,0.054151469841599464,1.462349302983057e-06,0.6941370666027069,0.008873249171301723,0.0028326846659183502,catatumbo,SPEAKER_03,24452.333,24452.708,3.0
0.006138235330581665,0.08027950674295425,6.085032424607562e-07,0.3029671013355255,0.002260366571135819,0.011955932714045048,catatumbo,SPEAKER_03,24452.667,24453.042,3.0
0.00370995351113379,0.13399683684110641,1.6227675416757847e-06,0.047331467270851135,0.011533116456121206,0.0034156814217567444,catatumbo,SPEAKER_03,24453.0,24453.375,3.0
0.01620473340153694,0.02579494472593069,5.803707807672254e-07,0.029124274849891663,0.0012081157474312931,0.0013462635688483715,catatumbo,SPEAKER_03,24453.333,24453.708,3.0
0.024683378636837006,0.04903209023177624,7.092277130027469e-07,0.23666442185640335,0.0011823577515315264,0.013015804812312126,catatumbo,SPEAKER_03,24453.667,24454.042,3.0
0.003726842813193798,0.16356083750724792,1.7132012146703346e-06,0.04091085214167833,0.041137928143143654,0.0010410898830741644,catatumbo,SPEAKER_03,24454.333,24454.708,3.0
0.01512226089835167,0.13281366229057312,1.2491295677818925e-06,0.01242339238524437,0.012438413221389055,0.0015563886845484376,catatumbo,UNICO,24454.667,24455.042,3.0
0.008938660845160484,0.013457315042614937,4.6503092221428233e-07,0.35484926402568817,0.0005863346450496465,0.0008568292250856757,catatumbo,UNICO,24487.667,24488.042,3.0
0.009622558951377869,0.009422968607395887,4.818712540100023e-07,0.40166518092155457,0.0006927036738488823,0.0010620609391480684,catatumbo,UNICO,24488.0,24488.375,3.0
0.01069867704063654,0.021725863218307495,5.243830401013838e-07,0.08517695590853691,0.0011676278081722558,0.0007643538992851973,catatumbo,UNICO,24488.333,24488.708,3.0
0.0008013101178221405,0.09298554435372353,4.3199764121482076e-07,0.041716527193784714,0.0005484665016410872,0.0009375075460411608,catatumbo,UNICO,24488.667,24489.042,3.0
0.0010065544629469514,0.0515880286693573,3.8689881876052823e-07,0.03492986410856247,0.00040827842167345807,0.0015299778897315264,catatumbo,UNICO,24489.0,24489.375,3.0
0.0013590287417173386,0.02287797164171934,4.1421363050631044e-07,0.028313884511590004,0.00037050459650345147,0.0014866358833387494,catatumbo,UNICO,24489.333,24489.708,3.0
0.005573464557528496,0.014085251837968826,2.742882756479048e-07,0.007797305705025792,6.932889664312825e-05,0.007818233221769333,catatumbo,UNICO,24489.667,24490.042,3.0
0.007999039255082607,0.022193041630089283,3.493653295549848e-07,0.05489050783216953,0.0017276241560466588,0.0017484247218817472,catatumbo,UNICO,24490.333,24490.708,3.0
0.009512129239737988,0.022290839813649654,3.231671499293043e-07,0.04561840370297432,0.0026991296908818185,0.002275755861774087,catatumbo,UNICO,24490.667,24491.042,3.0
0.023449881002306938,0.011207027826458216,4.0119497413115823e-07,0.03467946778982878,0.0016903161304071546,0.003597147297114134,catatumbo,UNICO,24491.0,24491.375,3.0
0.028852807357907295,0.012253019027411938,4.3395790072509044e-07,0.03895660676062107,0.0013932788569945842,0.003992483485490084,catatumbo,UNICO,24491.333,24491.708,3.0
0.015598561614751816,0.012347389478236437,3.8870437180094086e-07,0.03733272943645716,0.001960981753654778,0.004377695266157389,catatumbo,UNICO,24491.667,24492.042,3.0
0.01378041785210371,0.014827219769358635,5.482260689859686e-07,0.042355867102742195,0.0052926610223948956,0.005765601992607117,catatumbo,UNICO,24492.0,24492.375,3.0
0.013554011471569538,0.0233711339533329,4.964333584212e-07,0.030998128466308117,0.006494562607258558,0.004895272199064493,catatumbo,UNICO,24492.333,24492.708,3.0
0.014553260058164597,0.020752907264977694,5.089313077633051e-07,0.2405223771929741,0.0003816357784671709,0.004189893137663603,catatumbo,UNICO,24492.667,24493.042,3.0
0.009953775443136692,0.020635122898966074,6.818514748374582e-07,0.30820491909980774,0.000775363587308675,0.007367314770817757,catatumbo,UNICO,24493.333,24493.708,3.0
0.011699425987899303,0.019285947550088167,6.751090637635571e-07,0.22109390050172806,0.0007199501997092739,0.004861487541347742,catatumbo,UNICO,24493.667,24494.042,3.0
0.017173893749713898,0.01485132658854127,9.225861816730685e-07,0.2320658341050148,0.0017323810025118291,0.004708372056484222,catatumbo,UNICO,24494.0,24494.375,3.0
0.013620817102491856,0.007161418441683054,8.91545198555832e-07,0.3940720707178116,0.0015073674730956554,0.005555770359933376,catatumbo,UNICO,24494.333,24494.708,3.0
0.01889158971607685,0.011852395255118608,1.2469009220694716e-06,0.21628611534833908,0.0009790874901227653,0.013936694711446762,catatumbo,UNICO,24494.667,24495.042,3.0
0.0406961515545845,0.0042968145571649075,8.884669995268268e-07,0.01729619177058339,8.116378012346104e-05,0.09917008131742477,catatumbo,SPEAKER_03,24495.0,24495.375,3.0
0.0020593346562236547,0.06864405423402786,1.9936399269226968e-06,0.08101974427700043,0.0027224221266806126,0.06526240706443787,catatumbo,SPEAKER_03,24495.333,24495.708,3.0
0.0037094689905643463,0.02971506118774414,9.391693822635716e-07,0.5168657451868057,0.0005332759174052626,0.0050711301155388355,catatumbo,SPEAKER_03,24495.667,24496.042,3.0
0.008171510882675648,0.08050592802464962,1.0257317342166061e-06,0.21058471500873566,0.005565619096159935,0.0017391348956152797,catatumbo,SPEAKER_03,24496.333,24496.708,3.0
0.014907854609191418,0.03428684361279011,1.3917933756601997e-06,0.10123232565820217,0.049062637612223625,0.0014111384516581893,catatumbo,SPEAKER_03,24496.667,24497.042,3.0
0.005975560750812292,0.09135611355304718,6.423212184358817e-07,0.016684924717992544,0.0004822336632059887,0.013221614994108677,catatumbo,SPEAKER_03,24497.0,24497.375,3.0
0.014049398712813854,0.008352387696504593,1.0045715725937043e-06,0.08434640616178513,0.0005203097243793309,0.044997259974479675,catatumbo,SPEAKER_03,24497.333,24497.708,3.0
0.008363981731235981,0.00582412863150239,1.178500497189816e-06,0.002079281082842499,0.0006741443939972669,0.05155394598841667,catatumbo,SPEAKER_03,24497.667,24498.042,3.0
0.0031366797629743814,0.005063380813226104,2.3918996134852932e-06,0.02552529750391841,0.003597178729251027,0.008768744766712189,catatumbo,SPEAKER_03,24498.0,24498.375,3.0
0.006077093072235584,0.09387128055095673,1.4303298740969694e-06,0.22364942729473114,0.005134324776008725,0.014685958623886108,catatumbo,SPEAKER_03,24498.333,24498.708,3.0
0.01868370547890663,0.008885724237188697,1.5425347044129012e-06,0.29181284457445145,0.0029307445511221886,0.010264876298606396,catatumbo,SPEAKER_03,24498.667,24499.042,3.0
0.042529474943876266,0.006034266669303179,7.042934271339618e-07,0.20281700044870377,0.004861285910010338,0.011952991597354412,catatumbo,UNICO,24499.333,24499.708,3.0
0.01598772034049034,0.006983179831877351,5.931382389690043e-07,0.3769317865371704,0.001145838527008891,0.020320195704698563,catatumbo,UNICO,24499.667,24500.042,3.0
0.0141795314848423,0.004967169603332877,7.738997283013305e-07,0.2900974303483963,0.0022155841579660773,0.008056028746068478,catatumbo,UNICO,24500.0,24500.375,3.0
0.04744824767112732,0.004345137858763337,7.978972291766695e-07,0.220306858420372,0.002394553506746888,0.010290175676345825,catatumbo,UNICO,24500.333,24500.708,3.0
0.07168404757976532,0.010224604047834873,1.1699640083406848e-06,0.013191457837820053,0.024394757114350796,0.0033762820530682802,catatumbo,UNICO,24500.667,24501.042,3.0
0.011730916798114777,0.11118431761860847,1.4916263069153501e-06,0.02906689140945673,0.003642985364422202,0.0001783447660272941,catatumbo,UNICO,24501.0,24501.375,3.0
0.015973640605807304,0.143828384578228,1.0568063686378082e-06,0.029614022001624107,0.0011370675638318062,0.0006140114855952561,catatumbo,UNICO,24501.333,24501.708,3.0
0.03541693836450577,0.08235015347599983,9.151246445071592e-07,0.005417076405137777,0.003420631750486791,0.005175471305847168,catatumbo,UNICO,24501.667,24502.042,3.0
0.03466731682419777,0.10715462639927864,8.955804489119146e-07,0.038090573623776436,0.0007139095978345722,0.051389239728450775,catatumbo,SPEAKER_03,24502.333,24502.708,3.0
0.09100689738988876,0.06758549064397812,6.839378556833253e-07,0.04755829833447933,0.0010996185592375696,0.019841445609927177,catatumbo,SPEAKER_03,24502.667,24503.042,3.0
0.010796294547617435,0.1469963677227497,6.593464263460191e-07,0.5149035304784775,0.0069275470450520515,0.005394871812313795,catatumbo,SPEAKER_03,24503.0,24503.375,3.0
0.023890644311904907,0.0946720577776432,5.759697287999188e-07,0.015351037494838238,0.00026245162734994665,0.005809672176837921,catatumbo,SPEAKER_03,24503.333,24503.708,3.0
0.005587923806160688,0.08458029106259346,8.648144529388446e-07,0.09445761889219284,0.00042565005423966795,0.00858501810580492,catatumbo,SPEAKER_03,24503.667,24504.042,3.0
0.019287068396806717,0.08970047533512115,4.226440424304201e-07,0.04846085421741009,0.0006215332105057314,0.013596897013485432,catatumbo,SPEAKER_03,24504.0,24504.375,3.0
0.010613859631121159,0.17163550853729248,4.6131135889027064e-07,0.044261873699724674,0.0019308188930153847,0.004107980523258448,catatumbo,SPEAKER_03,24504.333,24504.708,3.0
0.019845224916934967,0.09389115869998932,6.534274774594451e-07,0.11636876687407494,0.0004770045052282512,0.008650919422507286,catatumbo,SPEAKER_03,24504.667,24505.042,3.0
0.007298742420971394,0.09260052815079689,7.258068706050835e-07,0.10519270971417427,0.001025494624627754,0.0009515663841739297,catatumbo,SPEAKER_03,24505.333,24505.708,3.0
0.017512084916234016,0.10967332124710083,8.0929390833262e-07,0.6051608920097351,0.013477688189595938,0.0026622863952070475,catatumbo,SPEAKER_03,24505.667,24506.042,3.0
0.03531055897474289,0.07320089638233185,1.736657850415213e-06,0.1600063294172287,0.015643060207366943,0.00037194773904047906,catatumbo,SPEAKER_03,24506.0,24506.375,3.0
0.019886206835508347,0.07197035104036331,4.1799725636337826e-07,0.036622827872633934,0.008507088292390108,0.001261604018509388,catatumbo,SPEAKER_03,24506.333,24506.708,3.0
0.04500029236078262,0.052916478365659714,4.495961505313062e-07,0.01491936156526208,0.004667468369007111,0.0027727950364351273,catatumbo,UNICO,24506.667,24507.042,3.0
0.0350620336830616,0.06433542259037495,2.3068949062121646e-07,0.0037322670686990023,6.5901396055778605e-06,0.07190925627946854,catatumbo,SPEAKER_03,24507.0,24507.375,3.0
0.029909631237387657,0.052984314039349556,5.627838675081875e-07,0.015052199363708496,0.0016081909998320043,0.02647220902144909,catatumbo,SPEAKER_03,24507.333,24507.708,3.0
0.0016044268850237131,0.1794469878077507,1.8171601823269157e-06,0.12016583606600761,0.013192779384553432,0.0015689692227169871,catatumbo,SPEAKER_03,24507.667,24508.042,3.0
0.00838721264153719,0.1967180296778679,8.82786750366904e-07,0.05320416111499071,0.010541045339778066,0.0034619721118360758,catatumbo,UNICO,24508.333,24508.708,3.0
0.01249303575605154,0.13204407691955566,7.995444093467086e-07,0.017501257825642824,0.016192107927054167,0.004036451689898968,catatumbo,UNICO,24508.667,24509.042,3.0
0.02000858448445797,0.20342880487442017,6.997320269874763e-07,0.010477979201823473,0.003238165401853621,0.007603983860462904,catatumbo,UNICO,24509.0,24509.375,3.0
0.009807038120925426,0.06709320098161697,5.695080318446344e-07,0.08550914749503136,0.015243510250002146,0.0021278660278767347,catatumbo,UNICO,24509.333,24509.708,3.0
0.008470861241221428,0.1837943270802498,5.344042648403047e-07,0.013131551444530487,0.004040447762235999,0.004187725018709898,catatumbo,UNICO,24509.667,24510.042,3.0
0.009832087904214859,0.17610549926757812,5.434540639726038e-07,0.02221445646136999,0.005142989568412304,0.008763676509261131,catatumbo,UNICO,24510.0,24510.375,3.0
0.007279791869223118,0.18115565925836563,8.124876629267419e-07,0.012137308716773987,0.0024624536745250225,0.010193564929068089,catatumbo,UNICO,24510.333,24510.708,3.0
0.03142165020108223,0.12702205032110214,6.337493800856464e-07,0.041878534480929375,0.0004554387996904552,0.01660439372062683,catatumbo,SPEAKER_03,24510.667,24511.042,3.0
0.018710877746343613,0.0805898942053318,5.136094429758487e-07,0.17856168746948242,0.0007044957164907828,0.014533763751387596,catatumbo,SPEAKER_03,24511.333,24511.708,3.0
0.011310996487736702,0.20999524742364883,8.059364944301706e-07,0.02278493531048298,0.000227000804443378,0.007633536588400602,catatumbo,SPEAKER_03,24511.667,24512.042,3.0
0.002185496501624584,0.3020848482847214,1.1952192977560117e-06,0.0498450119048357,0.022920794785022736,0.006328445393592119,catatumbo,SPEAKER_03,24512.0,24512.375,3.0
0.010031715966761112,0.1322808414697647,1.5079988315847004e-06,0.011213365942239761,0.0036555511178448796,0.0019187470898032188,catatumbo,SPEAKER_03,24512.333,24512.708,3.0
0.0073301163502037525,0.301231786608696,7.188759809650946e-07,0.06419816240668297,0.0012951506942044944,0.007841994985938072,catatumbo,SPEAKER_03,24512.667,24513.042,3.0
0.02347390167415142,0.18913328647613525,6.061912500854305e-07,0.012561453972011805,0.0003879872674588114,0.03963024541735649,catatumbo,SPEAKER_03,24513.0,24513.375,3.0
0.015368190594017506,0.2452819049358368,9.638172357995245e-07,0.09632304683327675,0.0009861529688350856,0.06438793241977692,catatumbo,SPEAKER_03,24513.333,24513.708,3.0
0.013850962743163109,0.21573103964328766,8.911487157092779e-07,0.09479997307062149,0.016670369543135166,0.0021026385948061943,catatumbo,SPEAKER_03,24513.667,24514.042,3.0
0.006566143594682217,0.22681684792041779,9.02412637060479e-07,0.17876597866415977,0.025404988788068295,0.0029868800193071365,catatumbo,UNICO,24514.333,24514.708,3.0
0.004121632780879736,0.19372161477804184,6.125100213694168e-07,0.260869063436985,0.00883074919693172,0.0039245085790753365,catatumbo,UNICO,24514.667,24515.042,3.0
0.022467738017439842,0.038629076443612576,6.724452958906113e-07,0.2724143862724304,0.026002957485616207,0.0016319667920470238,catatumbo,UNICO,24515.0,24515.375,3.0
0.009225098416209221,0.23545432090759277,6.958443634630385e-07,0.14891467615962029,0.010983875952661037,0.003811862086877227,catatumbo,UNICO,24515.333,24515.708,3.0
0.0058223409578204155,0.04465695843100548,2.004785883968907e-07,0.02527304459363222,0.00023368053371086717,0.01000208593904972,catatumbo,SPEAKER_03,24515.667,24516.042,3.0
0.012209076434373856,0.019505579490214586,1.1072795018662873e-06,0.14846597984433174,0.000559175678063184,0.010122086852788925,catatumbo,SPEAKER_03,24516.0,24516.375,3.0
0.005873917136341333,0.03645421750843525,7.555901504474605e-07,0.13837477564811707,0.00028904227656312287,0.014480255544185638,catatumbo,SPEAKER_03,24516.333,24516.708,3.0
0.010108144953846931,0.025399265810847282,9.106421998694714e-07,0.2766345962882042,0.0012763619306497276,0.005603891797363758,catatumbo,SPEAKER_03,24516.667,24517.042,3.0
0.0017177443951368332,0.09466653689742088,8.798538146947976e-07,0.11480916291475296,0.0007723770686425269,0.0011556738754734397,catatumbo,SPEAKER_03,24517.333,24517.708,3.0
0.025332694873213768,0.02423246018588543,9.60473471423029e-07,0.03719630278646946,0.03724920470267534,0.0012574499705806375,catatumbo,UNICO,24517.667,24518.042,3.0
0.016519080847501755,0.12412693351507187,1.3703939032438939e-06,0.036474451422691345,0.012692346703261137,0.002893035765737295,catatumbo,UNICO,24518.0,24518.375,3.0
0.012561318464577198,0.189799927175045,1.4480481098644304e-06,0.06263596750795841,0.010219940450042486,0.003825261490419507,catatumbo,UNICO,24518.333,24518.708,3.0
0.00743871321901679,0.17968226969242096,7.433677637891378e-07,0.21996315568685532,0.008503081742674112,0.002931904513388872,catatumbo,UNICO,24518.667,24519.042,3.0
0.008516415022313595,0.20569489896297455,1.0466533950648227e-06,0.14102721214294434,0.018679034430533648,0.0037795871030539274,catatumbo,UNICO,24519.0,24519.375,3.0
0.029531491920351982,0.03606405295431614,2.582596323463804e-06,0.07129277288913727,0.009935930604115129,0.0005831084563396871,catatumbo,UNICO,24519.333,24519.708,3.0
0.00172020576428622,0.2758965492248535,1.8200449289906828e-06,0.4814220517873764,0.0005573651578743011,0.002882489701732993,catatumbo,SPEAKER_03,24519.667,24520.042,3.0
0.021614182740449905,0.12214326485991478,1.4769606870856933e-07,0.003508643596433103,1.231885136121491e-06,0.5231910943984985,catatumbo,SPEAKER_03,24520.333,24520.708,3.0
0.004675587639212608,0.286504790186882,1.0287541272191447e-06,0.3056255578994751,0.0015758058871142566,0.016852807253599167,catatumbo,SPEAKER_03,24520.667,24521.042,3.0
0.006485728081315756,0.33908404409885406,1.3130849936260347e-06,0.2005840390920639,0.006646022899076343,0.00390994967892766,catatumbo,SPEAKER_03,24521.0,24521.375,3.0
0.005302345380187035,0.28435440361499786,1.460859095914202e-06,0.11518745496869087,0.00472994230221957,0.007176002021878958,catatumbo,UNICO,24521.333,24521.708,3.0
0.005526745691895485,0.3101713955402374,1.371246455050823e-06,0.15088924020528793,0.007741244044154882,0.0052461144514381886,catatumbo,UNICO,24521.667,24522.042,3.0
0.010199403390288353,0.19529849290847778,8.204580126403016e-07,0.15787798911333084,0.006320143351331353,0.003264079336076975,catatumbo,UNICO,24522.0,24522.375,3.0
0.010596543550491333,0.2099771425127983,1.0037909987659077e-06,0.14404788985848427,0.006204487523064017,0.0024989352095872164,catatumbo,UNICO,24522.333,24522.708,3.0
0.0074792043305933475,0.14297958463430405,1.6198089838326268e-06,0.2764282301068306,0.005545742576941848,0.004193782340735197,catatumbo,SPEAKER_03,24522.667,24523.042,3.0
0.0014254318084567785,0.1650514006614685,1.6963549569481984e-06,0.48742151260375977,0.0036994455149397254,0.002198114525526762,catatumbo,SPEAKER_03,24523.333,24523.708,3.0
0.0015443919692188501,0.37079858779907227,1.0069309439586505e-06,0.6619279980659485,0.008995719021186233,0.006507250014692545,catatumbo,SPEAKER_03,24523.667,24524.042,3.0
0.0025327627081424,0.41610702872276306,8.696226032611776e-07,0.29053591191768646,0.00205560919130221,0.007229864131659269,catatumbo,SPEAKER_03,24524.0,24524.375,3.0
0.0067846211604774,0.2516820952296257,9.686248318985236e-07,0.14497188851237297,0.009037083014845848,0.003530246904119849,catatumbo,UNICO,24524.333,24524.708,3.0
0.004346059635281563,0.27947479486465454,1.1203433487594339e-06,0.13417134806513786,0.005040373187512159,0.004249243531376123,catatumbo,UNICO,24524.667,24525.042,3.0
0.014166158623993397,0.12335487455129623,6.656503188651186e-07,0.20583249628543854,0.006601428845897317,0.0011414842447265983,catatumbo,UNICO,24525.0,24525.375,3.0
0.009872381575405598,0.16476169228553772,9.782285133042024e-07,0.19541960954666138,0.017016162630170584,0.001151088043116033,catatumbo,UNICO,24525.333,24525.708,3.0
0.0025314027443528175,0.3196166008710861,7.520569980101754e-07,0.14408725500106812,0.0065322930458933115,0.0023479259107261896,catatumbo,UNICO,24525.667,24526.042,3.0
0.0032905936241149902,0.3308016508817673,1.2538606881662417e-06,0.7923905253410339,0.002659848949406296,0.006199094466865063,catatumbo,SPEAKER_03,24526.333,24526.708,3.0
0.000858423241879791,0.40111084282398224,9.554357944807634e-07,0.7210283577442169,0.012477533426135778,0.0056469617411494255,catatumbo,SPEAKER_03,24526.667,24527.042,3.0
0.0031230889726430178,0.24373136460781097,5.716391200394355e-07,0.23462750390172005,0.0016800134326331317,0.008681626990437508,catatumbo,SPEAKER_03,24527.0,24527.375,3.0
0.0018615544540807605,0.28486357629299164,5.303380419263704e-07,0.4280111566185951,0.0017897492507472634,0.03360512852668762,catatumbo,SPEAKER_03,24527.333,24527.708,3.0
0.0031529811676591635,0.25976981222629547,1.3799814269077615e-06,0.24741221964359283,0.0077337680850178,0.002727106213569641,catatumbo,SPEAKER_03,24527.667,24528.042,3.0
0.001455977326259017,0.36556537449359894,5.038738066787118e-07,0.36633525788784027,0.0010392276162747294,0.01780211180448532,catatumbo,SPEAKER_03,24528.0,24528.375,3.0
0.0010674451477825642,0.4104435592889786,6.472891769249145e-07,0.2499859258532524,0.003347625199239701,0.0037648575380444527,catatumbo,UNICO,24528.333,24528.708,3.0
0.0036976472474634647,0.3073388487100601,4.794030701305019e-07,0.24633999168872833,0.004419942619279027,0.001491511589847505,catatumbo,UNICO,24528.667,24529.042,3.0
0.002914717188104987,0.289762407541275,6.931806666443663e-07,0.08024899661540985,0.005943742813542485,0.0014128098264336586,catatumbo,UNICO,24529.333,24529.708,3.0
0.0014645402552559972,0.47914114594459534,4.5453662522731975e-07,0.11827266588807106,0.005288014188408852,0.0016098347259685397,catatumbo,UNICO,24529.667,24530.042,3.0
0.0019972810987383127,0.3970729559659958,2.8219252357075675e-07,0.11532003059983253,0.0015469504287466407,0.0012267230777069926,catatumbo,UNICO,24530.0,24530.375,3.0
0.0015091196401044726,0.3801600784063339,3.533159400603836e-07,0.09954207018017769,0.002525370044168085,0.0007299486896954477,catatumbo,UNICO,24530.333,24530.708,3.0
0.0064839706756174564,0.15946879237890244,4.328765541572466e-07,0.12492498755455017,0.007196907186880708,0.000789640296716243,catatumbo,UNICO,24530.667,24531.042,3.0
0.003928568214178085,0.22520116716623306,4.305825669348451e-07,0.0889587365090847,0.0044576594373211265,0.0005558829288929701,catatumbo,UNICO,24531.0,24531.375,3.0
0.015911325812339783,0.09139686077833176,1.0230392319954262e-06,0.753566712141037,0.013209986966103315,0.0018997208680957556,catatumbo,SPEAKER_03,24531.333,24531.708,3.0
0.004314663354307413,0.1744791641831398,1.3609789561996877e-06,0.6170887351036072,0.002214455045759678,0.006396095268428326,catatumbo,SPEAKER_03,24531.667,24532.042,3.0
0.00020026174024678767,0.27840961515903473,7.202334586509096e-07,0.005410328391008079,0.00022042818454792723,0.01680414192378521,catatumbo,SPEAKER_03,24532.333,24532.708,3.0
5.0991453463211656e-05,0.3856942802667618,7.552929162102373e-07,0.13924233615398407,0.0018760011880658567,0.024793628603219986,catatumbo,SPEAKER_03,24532.667,24533.042,3.0
0.008380857296288013,0.16208212450146675,2.9088373594277073e-06,0.22369249910116196,0.017267591785639524,0.0015594800934195518,catatumbo,SPEAKER_03,24533.0,24533.375,3.0
0.054359354078769684,0.05989295523613691,3.57803322970085e-07,0.005723751382902265,6.40676480543334e-05,0.04863553121685982,catatumbo,SPEAKER_03,24533.333,24533.708,3.0
0.005344644654542208,0.052415745332837105,8.649980145492009e-07,0.032082295045256615,0.002692081849090755,0.0022389241494238377,catatumbo,SPEAKER_03,24533.667,24534.042,3.0
0.0005057115340605378,0.14756130427122116,4.0247289234685013e-07,0.41799576580524445,0.00023864259128458798,0.032324500381946564,catatumbo,UNICO,24534.0,24534.375,3.0
0.002257424173876643,0.08082656189799309,4.571716374357493e-07,0.46523916721343994,0.0009296986099798232,0.019846854731440544,catatumbo,UNICO,24534.333,24534.708,3.0
0.0009582325001247227,0.1043187715113163,4.2009187950498017e-07,0.3884487599134445,0.0005045393045293167,0.024782860651612282,catatumbo,UNICO,24534.667,24535.042,3.0
0.0018608944956213236,0.10376008972525597,6.299998318581856e-07,0.4081756919622421,0.001502138067735359,0.02986040525138378,catatumbo,UNICO,24535.333,24535.708,3.0
0.004024839960038662,0.03391191549599171,6.68101691303491e-07,0.47504952549934387,0.0021651521092280746,0.018296299502253532,catatumbo,UNICO,24535.667,24536.042,3.0
0.004609333351254463,0.026890688575804234,6.812152122392945e-07,0.5241840779781342,0.0036730306455865502,0.020318254828453064,catatumbo,UNICO,24536.0,24536.375,3.0
0.0009419274283573031,0.18862327933311462,1.2786594538738427e-06,0.09394798800349236,0.012429731665179133,0.0030940088909119368,catatumbo,UNICO,24536.333,24536.708,3.0
0.005374183878302574,0.1756354495882988,2.131647690362115e-06,0.08855977654457092,0.019151486456394196,0.0024978024885058403,catatumbo,UNICO,24536.667,24537.042,3.0
0.0022915909066796303,0.3859670162200928,1.651297466764845e-06,0.24241986870765686,0.025841466151177883,0.003576477523893118,catatumbo,UNICO,24537.0,24537.375,3.0
0.0015596344601362944,0.3093232214450836,1.639884743553921e-06,0.15410219505429268,0.03281928692013025,0.002208044985309243,catatumbo,UNICO,24537.333,24537.708,3.0
0.0020487771835178137,0.21251729875802994,1.8611136169965903e-06,0.08882617577910423,0.029544126242399216,0.00291589112021029,catatumbo,UNICO,24537.667,24538.042,3.0
0.0006824011215940118,0.3203209638595581,6.922046509316715e-07,0.2637021541595459,0.0003122893613181077,0.03121471405029297,catatumbo,SPEAKER_03,24538.333,24538.708,3.0
0.0019015850266441703,0.24353263527154922,6.722940497638774e-07,0.06887135282158852,2.287434381287312e-05,0.27271848917007446,catatumbo,SPEAKER_03,24538.667,24539.042,3.0
0.0018912372179329395,0.32425330579280853,1.8387756597348925e-06,0.15546509250998497,0.01179642602801323,0.0019552602898329496,catatumbo,SPEAKER_03,24539.0,24539.375,3.0
0.0015932527603581548,0.3845576196908951,1.8018256895402374e-06,0.03248574770987034,0.010160935344174504,0.005166954360902309,catatumbo,SPEAKER_03,24539.333,24539.708,3.0
0.004089192487299442,0.27028705179691315,1.3350883989460272e-06,0.017739692702889442,0.008664867142215371,0.004011251963675022,catatumbo,UNICO,24539.667,24540.042,3.0
0.012589175254106522,0.18520651012659073,1.0470172213672413e-06,0.021162711083889008,0.008973328862339258,0.003599973628297448,catatumbo,UNICO,24540.0,24540.375,3.0
0.006966354791074991,0.2585769444704056,1.3977661694752896e-06,0.06776465475559235,0.01049972209148109,0.004670738708227873,catatumbo,UNICO,24540.333,24540.708,3.0
0.0018242046935483813,0.08871490135788918,5.651079533208758e-07,0.08903415873646736,0.0003223942403565161,0.04473361745476723,catatumbo,UNICO,24540.667,24541.042,3.0
0.007124092895537615,0.07683779299259186,1.286938314137842e-06,0.11277645453810692,0.0008576505933888257,0.06581592559814453,catatumbo,SPEAKER_03,24541.333,24541.708,3.0
0.002434634603559971,0.10558360069990158,1.5291337831513374e-06,0.1804737113416195,0.003989672288298607,0.07608906924724579,catatumbo,SPEAKER_03,24541.667,24542.042,3.0
0.005009918007999659,0.07401047088205814,1.5755483531165737e-06,0.35223086178302765,0.006004485650919378,0.009752023033797741,catatumbo,SPEAKER_03,24542.0,24542.375,3.0
0.01993032544851303,0.010185003746300936,1.397236587763473e-06,0.11269763857126236,0.008801365038380027,0.0018432611832395196,catatumbo,SPEAKER_03,24542.333,24542.708,3.0
0.018909867852926254,0.09828348830342293,7.551220733148511e-07,0.01262070145457983,0.0019470022525638342,0.003930822946131229,catatumbo,SPEAKER_03,24542.667,24543.042,3.0
0.011529774405062199,0.1236398033797741,3.9678043606272695e-07,0.027927106246352196,0.0034820358268916607,0.003999148029834032,catatumbo,SPEAKER_03,24543.0,24543.375,3.0
0.006441379431635141,0.16000983864068985,9.009968664486223e-07,0.23447510600090027,0.001739590778015554,0.0035758435260504484,catatumbo,SPEAKER_03,24543.333,24543.708,3.0
0.003024421166628599,0.13214438781142235,6.295100050124347e-07,0.1376725398004055,0.00040923858614405617,0.005637886933982372,catatumbo,SPEAKER_03,24543.667,24544.042,3.0
0.012034716084599495,0.16401760280132294,5.490986509926188e-07,0.13187336549162865,0.0015642638318240643,0.00804190058261156,catatumbo,SPEAKER_03,24544.333,24544.708,3.0
0.012854867614805698,0.17733289301395416,6.016444018541733e-07,0.23372507840394974,0.0016169618465937674,0.0004085090185981244,catatumbo,UNICO,24544.667,24545.042,3.0
0.009847084991633892,0.13836099207401276,5.656937425158048e-07,0.0067193759605288506,2.0683503862528596e-05,0.0030433121137320995,catatumbo,UNICO,24545.0,24545.375,3.0
0.009165593422949314,0.15904100239276886,1.0359419491123845e-06,0.02902475092560053,0.010358517989516258,0.0005292933201417327,catatumbo,UNICO,24545.333,24545.708,3.0
0.012505872175097466,0.017904987558722496,5.741876520914957e-07,0.02936799731105566,0.0013827962393406779,0.003700023051351309,catatumbo,UNICO,24545.667,24546.042,3.0
0.007914233952760696,0.03693253267556429,8.012280261482374e-07,0.16383292526006699,4.834667379327584e-05,0.0720595121383667,catatumbo,SPEAKER_03,24546.0,24546.375,3.0
0.010390960611402988,0.023296534549444914,6.0232642340452e-07,0.16483354568481445,9.608291657059453e-05,0.07003085315227509,catatumbo,SPEAKER_03,24546.333,24546.708,3.0
0.0050316788256168365,0.02552920812740922,7.810395743490517e-07,0.2571746036410332,0.0003038140057469718,0.06620488315820694,catatumbo,SPEAKER_03,24546.667,24547.042,3.0
0.006022791378200054,0.026746415067464113,8.622398866009462e-07,0.048721496015787125,0.00012967230213689618,0.01098618283867836,catatumbo,SPEAKER_03,24547.333,24547.708,3.0
0.019337989389896393,0.010958248283714056,1.053138078077609e-06,0.6264715492725372,0.0003161385975545272,0.013647781684994698,catatumbo,SPEAKER_03,24547.667,24548.042,3.0
0.029510023072361946,0.011630849912762642,6.60926701812059e-07,0.14546439051628113,0.0002273984791827388,0.06037917360663414,catatumbo,SPEAKER_03,24548.0,24548.375,3.0
0.023980678990483284,0.021430604159832,8.414345984419924e-07,0.1935388445854187,0.0012980482133571059,0.019154714420437813,catatumbo,SPEAKER_03,24548.333,24548.708,3.0
0.011333788745105267,0.017791567835956812,5.881450988454162e-07,0.14637970924377441,0.0006558078166563064,0.03205234929919243,catatumbo,SPEAKER_03,24548.667,24549.042,3.0
0.015194762498140335,0.017000099644064903,5.717807596283819e-07,0.04494386166334152,0.000507400167407468,0.018159393221139908,catatumbo,SPEAKER_03,24549.0,24549.375,3.0
0.008351307362318039,0.034892247058451176,6.750663459342832e-07,0.45469073951244354,0.00023726387735223398,0.22242574393749237,catatumbo,SPEAKER_03,24549.333,24549.708,3.0
0.005181418731808662,0.05792734958231449,1.1121845204797864e-06,0.15613481774926186,0.0032425611279904842,0.004467951133847237,catatumbo,SPEAKER_03,24549.667,24550.042,3.0
0.0034045646898448467,0.03595378529280424,1.0474444707142538e-06,0.4788035601377487,0.0011338468757458031,0.009362636134028435,catatumbo,SPEAKER_03,24550.333,24550.708,3.0
0.0033460285048931837,0.03295476082712412,9.993820526688069e-07,0.5300986766815186,0.002221417031250894,0.007327862549573183,catatumbo,SPEAKER_03,24550.667,24551.042,3.0
0.019396502524614334,0.037935362197458744,1.8294964831966354e-06,0.05988737940788269,0.026547906920313835,0.002295043785125017,catatumbo,SPEAKER_03,24551.0,24551.375,3.0
0.005382032599300146,0.030955901369452477,7.475186123429012e-07,0.5831330716609955,0.0008083734137471765,0.057842932641506195,catatumbo,SPEAKER_03,24551.333,24551.708,3.0
0.008754399605095387,0.02286632265895605,8.571414866764826e-07,0.2374649941921234,0.0025398096768185496,0.007858539000153542,catatumbo,SPEAKER_03,24551.667,24552.042,3.0
0.0034064906649291515,0.052209220826625824,7.950237090881274e-07,0.3404316157102585,0.0023084438871592283,0.013073757290840149,catatumbo,SPEAKER_03,24552.0,24552.375,3.0
0.003439203603193164,0.05345426872372627,7.51512956753686e-07,0.1493057683110237,0.005364951910451055,0.007650977000594139,catatumbo,UNICO,24552.333,24552.708,3.0
0.008650788106024265,0.022819376550614834,6.825500520335481e-07,0.15621287003159523,0.0016074110171757638,0.002858033636584878,catatumbo,UNICO,24552.667,24553.042,3.0
0.009214705787599087,0.012086201924830675,8.976983565389673e-07,0.30615709722042084,0.0008717296295799315,0.004192326683551073,catatumbo,UNICO,24553.333,24553.708,3.0
0.01716732792556286,0.0259266160428524,1.0828447898347804e-06,0.6587853133678436,0.002266258466988802,0.029699085280299187,catatumbo,SPEAKER_03,24553.667,24554.042,3.0
0.01855674386024475,0.020253903232514858,7.853955423797743e-07,0.290611132979393,0.0025000381283462048,0.004278623033314943,catatumbo,SPEAKER_03,24554.0,24554.375,3.0
0.009262125939130783,0.020778754726052284,6.949513817744446e-07,0.04174545593559742,0.0009222095250152051,0.004808515310287476,catatumbo,UNICO,24554.333,24554.708,3.0
0.036029621958732605,0.01147136278450489,1.004034089646666e-06,0.04327024519443512,0.014412842225283384,0.003797871293500066,catatumbo,UNICO,24554.667,24555.042,3.0
0.01076282374560833,0.13937614113092422,1.4658512270671054e-06,0.003461544867604971,0.010210212785750628,0.006685000844299793,catatumbo,UNICO,24555.0,24555.375,3.0
0.005929669830948114,0.06948557868599892,6.817029785111117e-07,0.020040282979607582,0.0321025475859642,0.0033258809708058834,catatumbo,UNICO,24555.333,24555.708,3.0
0.015655305236577988,0.14548082649707794,8.011882357550348e-07,0.017776417080312967,0.026215924881398678,0.004107195883989334,catatumbo,UNICO,24555.667,24556.042,3.0
0.022137004882097244,0.0966881811618805,1.6165998601991305e-06,0.06273398362100124,0.005564553779549897,0.005042267497628927,catatumbo,SPEAKER_03,24556.333,24556.708,3.0
0.04818994551897049,0.025429364293813705,1.0186924441768497e-06,0.017014991957694292,0.004834592225961387,0.0029711369425058365,catatumbo,SPEAKER_03,24556.667,24557.042,3.0
0.00885362084954977,0.021492565982043743,1.115111757599152e-06,0.006072541465982795,0.009995274245738983,0.00521291047334671,catatumbo,SPEAKER_03,24557.0,24557.375,3.0
0.002443494740873575,0.050356047227978706,1.1600569109759817e-06,0.7994480729103088,0.00513511011376977,0.02324085868895054,catatumbo,SPEAKER_03,24557.333,24557.708,3.0
0.0039052744396030903,0.03881258796900511,1.164673108178249e-06,0.601050853729248,0.002100488170981407,0.006989550311118364,catatumbo,SPEAKER_03,24557.667,24558.042,3.0
0.0021464384626597166,0.14104533940553665,2.3908213506729226e-06,0.21632757037878036,0.011660693679004908,0.0007343859761022031,catatumbo,SPEAKER_03,24558.0,24558.375,3.0
0.027138086035847664,0.05903586558997631,2.750197666046006e-06,0.101182721555233,0.01657745521515608,0.0004721900331787765,catatumbo,SPEAKER_03,24558.333,24558.708,3.0
0.019669586792588234,0.06419133767485619,1.1389534222416842e-06,0.0392151540145278,0.018945160787552595,0.0005482821725308895,catatumbo,UNICO,24558.667,24559.042,3.0
0.007232489064335823,0.29002727568149567,1.4918293373966662e-06,0.03698443062603474,0.012539068702608347,0.0015296457568183541,catatumbo,UNICO,24559.333,24559.708,3.0
0.006166765000671148,0.20180325955152512,1.20923174051768e-06,0.04552847519516945,0.019805296324193478,0.0010061057982966304,catatumbo,UNICO,24559.667,24560.042,3.0
0.008220961317420006,0.2451319321990013,1.1243988637943403e-06,0.038350244984030724,0.015877175610512495,0.0011806783732026815,catatumbo,UNICO,24560.0,24560.375,3.0
0.0071644168347120285,0.23694609850645065,8.710073586826184e-07,0.018701973371207714,0.014299231115728617,0.0015055829426273704,catatumbo,UNICO,24560.333,24560.708,3.0
0.013508973643183708,0.14133846759796143,7.585449708358283e-07,0.1946273371577263,0.010824041441082954,0.0020017551723867655,catatumbo,UNICO,24560.667,24561.042,3.0
0.004595697391778231,0.26077695935964584,3.942032904546977e-07,0.01662362366914749,0.00024300088261952624,0.014115240424871445,catatumbo,SPEAKER_03,24561.0,24561.375,3.0
0.02084997482597828,0.16268431395292282,2.999968380379414e-07,0.014447374269366264,9.801540363696404e-05,0.014797115698456764,catatumbo,SPEAKER_03,24561.333,24561.708,3.0
0.002712977584451437,0.26282408833503723,3.396228365204479e-07,0.029548898339271545,0.0004924528911942616,0.010646597482264042,catatumbo,SPEAKER_03,24561.667,24562.042,3.0
0.011151845566928387,0.1728234961628914,5.477694386968324e-07,0.14255043864250183,0.000927295332076028,0.01992328278720379,catatumbo,SPEAKER_03,24562.333,24562.708,3.0
0.0032920953817665577,0.3438846468925476,1.0771118041930094e-06,0.058704523369669914,0.012907559052109718,0.0057053519412875175,catatumbo,SPEAKER_03,24562.667,24563.042,3.0
0.009215893223881721,0.14986810833215714,9.755252818877125e-07,0.15315096825361252,0.014458786696195602,0.004602003376930952,catatumbo,UNICO,24563.0,24563.375,3.0
0.003628471167758107,0.3312109112739563,1.0604323819052297e-06,0.14995887130498886,0.01927530998364091,0.003334574867039919,catatumbo,UNICO,24563.333,24563.708,3.0
0.0047131190076470375,0.31896112859249115,1.1197970906096089e-06,0.052415844053030014,0.019178525544703007,0.0036657406017184258,catatumbo,UNICO,24563.667,24564.042,3.0
0.0053930096328258514,0.19408844411373138,1.2184839732753971e-06,0.09269121289253235,0.022376011591404676,0.0020683943293988705,catatumbo,UNICO,24564.0,24564.375,3.0
0.007663799915462732,0.17086002230644226,5.871256547607118e-07,0.14929885417222977,0.021968801971524954,0.0011404831893742085,catatumbo,UNICO,24564.333,24564.708,3.0
0.014431972987949848,0.1122247762978077,6.086499837465453e-07,0.10559628903865814,0.022099167108535767,0.0020850019063800573,catatumbo,UNICO,24564.667,24565.042,3.0
0.003472990123555064,0.0813886383548379,5.414103938505832e-07,0.029742452315986156,0.00041090142622124404,0.004541882313787937,catatumbo,SPEAKER_03,24565.333,24565.708,3.0
0.0010258695110678673,0.24489445239305496,4.550104080180972e-07,0.06469607539474964,0.0005107434408273548,0.004090922884643078,catatumbo,SPEAKER_03,24565.667,24566.042,3.0
0.0005431817262433469,0.2979021966457367,9.447574313981022e-07,0.19217252731323242,0.008862658403813839,0.001701153814792633,catatumbo,SPEAKER_03,24566.0,24566.375,3.0
0.013066394254565239,0.14105620235204697,5.322670943996854e-07,0.09849083051085472,0.0011642220779322088,0.012656014412641525,catatumbo,SPEAKER_03,24566.333,24566.708,3.0
0.0036166079808026552,0.2362995147705078,7.930283345558564e-07,0.2245156392455101,0.034285757690668106,0.0010278455447405577,catatumbo,SPEAKER_03,24566.667,24567.042,3.0
0.004580297507345676,0.21648138761520386,9.507971157063366e-07,0.16103380545973778,0.03512965142726898,0.0014216405106708407,catatumbo,SPEAKER_03,24567.0,24567.375,3.0
0.00366837321780622,0.21213048696517944,7.896314144772987e-07,0.15997356921434402,0.01584515767171979,0.001488223671913147,catatumbo,UNICO,24567.333,24567.708,3.0
0.006972843315452337,0.031045771203935146,5.816894130816763e-07,0.01783651579171419,0.0005340284842532128,0.02059762366116047,catatumbo,UNICO,24567.667,24568.042,3.0
0.01586051471531391,0.019766243640333414,7.040293468207892e-07,0.059900037944316864,0.0004079144127899781,0.0333176851272583,catatumbo,SPEAKER_03,24568.333,24568.708,3.0
0.004332554992288351,0.05558623559772968,8.05422175176318e-07,0.3502013087272644,0.0010051413555629551,0.06768893450498581,catatumbo,SPEAKER_03,24568.667,24569.042,3.0
0.0016350096557289362,0.23584863543510437,6.205049345453517e-07,0.08922792971134186,0.0005860934325028211,0.016035044565796852,catatumbo,SPEAKER_03,24569.0,24569.375,3.0
0.002923195483162999,0.3387211412191391,5.77975043825063e-07,0.4528723657131195,0.005449391552247107,0.005441979505121708,catatumbo,SPEAKER_03,24569.333,24569.708,3.0
0.004394807852804661,0.23443298041820526,9.860204954748042e-07,0.05609854683279991,0.006712454603984952,0.004777382593601942,catatumbo,SPEAKER_03,24569.667,24570.042,3.0
0.005755467340350151,0.16341357678174973,6.528868965460788e-07,0.3687606453895569,0.00881846691481769,0.0012824800796806812,catatumbo,SPEAKER_03,24570.0,24570.375,3.0
0.0034302659332752228,0.2540723904967308,1.0040648135145602e-06,0.18706608563661575,0.00828213500790298,0.0017588315531611443,catatumbo,SPEAKER_03,24570.333,24570.708,3.0
0.006543501280248165,0.1948251947760582,1.2169056731181627e-06,0.02184614446014166,0.020956065971404314,0.00111803924664855,catatumbo,SPEAKER_03,24570.667,24571.042,3.0
0.004548629280179739,0.21541064977645874,9.275900367811118e-07,0.05068077892065048,0.012108215130865574,0.0012030572397634387,catatumbo,SPEAKER_03,24571.333,24571.708,3.0
0.008568338118493557,0.02964116632938385,9.70429425706243e-07,0.13398285955190659,0.0068283481523394585,0.004600175656378269,catatumbo,UNICO,24571.667,24572.042,3.0
0.0008913946221582592,0.12785784155130386,5.286230475576303e-07,0.024733031168580055,1.7678426047496032e-05,0.001033564331009984,catatumbo,SPEAKER_02,24936.667,24937.042,3.0
0.006456227507442236,0.07490325160324574,7.137149822256106e-07,0.038301778957247734,5.566883373830933e-05,0.0032663983292877674,catatumbo,SPEAKER_02,24937.0,24937.375,3.0
5.2777751989196986e-05,0.17362399399280548,3.5666184317051375e-07,0.005081996554508805,5.749840784119442e-05,0.003509740112349391,catatumbo,SPEAKER_02,24937.333,24937.708,3.0
0.00041917571797966957,0.15269339084625244,1.0017925831107277e-06,0.007012392394244671,0.00013566299094236456,0.0009577848250046372,catatumbo,UNICO,24937.667,24938.042,3.0
0.004953367635607719,0.0396692487411201,6.217909174210945e-07,0.042927829548716545,3.311298496555537e-05,0.0022781749721616507,catatumbo,SPEAKER_02,24938.333,24938.708,3.0
0.009034826420247555,0.008070321287959814,1.023468314542697e-06,0.01611451245844364,0.0005847366992384195,0.0007275292300619185,catatumbo,SPEAKER_02,24938.667,24939.042,3.0
3.37296660291031e-05,0.3928697556257248,3.004891198088444e-07,0.050656815990805626,2.716124708967982e-05,0.001740809646435082,catatumbo,SPEAKER_02,24939.0,24939.375,3.0
0.00016943224181886762,0.32016244530677795,4.87494574485936e-07,0.0019743540906347334,0.0001087579585146159,0.002045612083747983,catatumbo,SPEAKER_02,24939.333,24939.708,3.0
0.010112706571817398,0.029886255506426096,1.3510000940186728e-06,0.001016511581838131,0.0005508696631295606,0.004042148590087891,catatumbo,SPEAKER_02,24939.667,24940.042,3.0
0.00014551749336533248,0.3093207776546478,5.283798998334532e-07,0.0008107795438263565,0.000199512840481475,0.0019477116875350475,catatumbo,UNICO,24940.0,24940.375,3.0
0.00010899914195761085,0.3554167002439499,5.067602160124807e-07,0.0006583720678463578,3.522387760312995e-05,0.007908182218670845,catatumbo,UNICO,24940.333,24940.708,3.0
7.950248254928738e-05,0.34930433332920074,7.440749953957493e-07,0.00868132640607655,9.86841660051141e-05,0.0007190092583186924,catatumbo,SPEAKER_02,24940.667,24941.042,3.0
0.0006525364005938172,0.1451137214899063,4.680833143311247e-07,0.0267181396484375,0.0002672820337465964,0.0003419612185098231,catatumbo,SPEAKER_02,24941.333,24941.708,3.0
0.0011765452800318599,0.13664698600769043,4.68223063876394e-07,0.01071738125756383,9.428077464690432e-05,0.0006962910410948098,catatumbo,SPEAKER_02,24941.667,24942.042,3.0
6.000993016641587e-05,0.38385771214962006,4.415122276668626e-07,0.004111764021217823,0.00014072510384721681,0.00118635396938771,catatumbo,UNICO,24942.0,24942.375,3.0
0.00020262690668459982,0.23204471915960312,9.57731174366927e-07,0.006010265089571476,0.0004576808132696897,0.0004085508408024907,catatumbo,UNICO,24942.333,24942.708,3.0
0.0005073724314570427,0.14794445410370827,8.546510201767887e-07,0.008515955414623022,6.406070133380126e-05,0.0009152482962235808,catatumbo,SPEAKER_02,24942.667,24943.042,3.0
8.351865108124912e-05,0.34231019020080566,7.380477811125274e-07,0.013847301248461008,0.00011553597141755745,0.0011634273687377572,catatumbo,SPEAKER_02,24943.0,24943.375,3.0
0.0003096229920629412,0.27543140202760696,6.978696376336302e-07,0.003356556175276637,5.163007335795555e-05,0.0023381884675472975,catatumbo,SPEAKER_02,24943.333,24943.708,3.0
4.615608850144781e-05,0.5012039393186569,8.410334828568011e-07,0.002691008150577545,6.0444937844295055e-05,0.002679871628060937,catatumbo,UNICO,24943.667,24944.042,3.0
0.0001918192283483222,0.26826968789100647,9.159742546671623e-07,0.011637998977676034,0.00016024432989070192,0.0006448922213166952,catatumbo,UNICO,24944.333,24944.708,3.0
0.0031285120639950037,0.04611844877945259,2.4790404040686553e-06,0.03894754219800234,0.0010032840655185282,0.0006546744843944907,catatumbo,UNICO,24944.667,24945.042,3.0
0.007200234569609165,0.019628482405096292,4.6397949517995585e-06,0.14494681358337402,0.006190176121890545,9.182334179058671e-05,catatumbo,UNICO,24945.0,24945.375,3.0
0.00015857619291637093,0.1752544716000557,3.0453109047812177e-06,0.03788262978196144,0.001516769698355347,0.0008179402211681008,catatumbo,UNICO,24945.333,24945.708,3.0
0.00026524014538154006,0.09707753546535969,1.271194150831434e-06,0.015849663875997066,0.00014924822971806861,0.0014604699099436402,catatumbo,SPEAKER_02,24945.667,24946.042,3.0
0.00013116595800966024,0.18782726675271988,4.392364445493513e-07,2.078305078612175e-05,8.165855206243577e-06,0.2624659836292267,catatumbo,SPEAKER_02,24946.0,24946.375,3.0
0.00015390937915071845,0.22390104830265045,2.941004879630782e-07,0.0002838977234205231,1.1596472688779613e-06,0.09844271093606949,catatumbo,SPEAKER_02,24946.333,24946.708,3.0
0.00010754496179288253,0.31575077772140503,5.927378055048393e-07,0.007599160075187683,0.00038431561551988125,0.0005621470627374947,catatumbo,SPEAKER_02,24946.667,24947.042,3.0
0.00045369594590738416,0.12029750645160675,1.1783133686549263e-06,0.08594687841832638,0.00013642358317156322,0.0003217133635189384,catatumbo,SPEAKER_02,24947.333,24947.708,3.0
0.0010225236183032393,0.23395824432373047,6.058063277691872e-07,0.003946292330510914,2.9197230105637573e-05,0.0020484651904553175,catatumbo,SPEAKER_02,24947.667,24948.042,3.0
0.00020016210328321904,0.3362525850534439,4.1466041267312903e-07,0.00035150554322171956,6.105932698119432e-05,0.011583290994167328,catatumbo,SPEAKER_02,24948.0,24948.375,3.0
0.0001259253767784685,0.26938919723033905,8.612131665586276e-07,0.0017068564775399864,0.00021559191372944042,0.0015264337416738272,catatumbo,SPEAKER_02,24948.333,24948.708,3.0
0.0003130831755697727,0.11167784407734871,8.145567846895574e-07,0.025318320374935865,2.983667127409717e-05,0.0011037144577130675,catatumbo,SPEAKER_02,24948.667,24949.042,3.0
0.0006562426569871604,0.07671102322638035,7.862203119657352e-07,0.051552191376686096,1.491630155214807e-05,0.0016237159725278616,catatumbo,SPEAKER_02,24949.0,24949.375,3.0
0.0026102878618985415,0.08897680416703224,8.675860385665146e-07,0.03304317034780979,1.688047359493794e-05,0.004594731144607067,catatumbo,SPEAKER_02,24949.333,24949.708,3.0
0.000915485608857125,0.0777923222631216,7.985840397850552e-07,0.005860300501808524,0.00015865398017922416,0.0031457804143428802,catatumbo,SPEAKER_02,24949.667,24950.042,3.0
0.000613178126513958,0.2972887009382248,5.120310930806227e-07,0.0007468467520084232,0.0031850162195041776,0.001428500865586102,catatumbo,UNICO,24950.333,24950.708,3.0
0.00019472677377052605,0.4161260277032852,1.029827814136297e-06,0.0010475102171767503,0.007406618213281035,0.0010164898121729493,catatumbo,SPEAKER_02,24950.667,24951.042,3.0
0.00017063619452528656,0.46423591673374176,4.3528750381938153e-07,0.005262567312456667,0.0012859619164373726,0.0007774212281219661,catatumbo,SPEAKER_02,24951.0,24951.375,3.0
0.0001480209903093055,0.2029375061392784,6.081594676743407e-07,0.0015278389328159392,0.00034013880940619856,0.001531102112494409,catatumbo,SPEAKER_02,24951.333,24951.708,3.0
2.7342188332113437e-05,0.47579263150691986,2.7289897275295516e-07,4.9100428441306576e-05,0.0001411259981978219,0.044870711863040924,catatumbo,SPEAKER_02,24951.667,24952.042,3.0
0.0003232114831916988,0.2965875491499901,7.284011331876172e-07,0.0004371271061245352,0.0005017168732592836,0.004648003727197647,catatumbo,SPEAKER_02,24952.0,24952.375,3.0
0.0003336774534545839,0.25104548037052155,6.968759151959603e-07,0.00880543002858758,0.00010703691441449337,0.0011193744139745831,catatumbo,SPEAKER_02,24952.333,24952.708,3.0
6.978520832490176e-05,0.5048893690109253,5.666871203402479e-07,0.01886842865496874,0.0005309423722792417,0.000535610830411315,catatumbo,SPEAKER_02,24952.667,24953.042,3.0
0.00013434902939479798,0.38781844079494476,5.613684521676987e-07,0.0015682277735322714,0.00016908330508158542,0.007800632156431675,catatumbo,SPEAKER_02,24953.333,24953.708,3.0
0.00022989964054431766,0.1864335723221302,9.920902925841801e-07,0.07179777137935162,9.945069905370474e-05,0.0008915700018405914,catatumbo,SPEAKER_02,24953.667,24954.042,3.0
0.00037881266325712204,0.11244291812181473,1.7396119460499904e-06,0.19478540867567062,0.0013746916665695608,0.0007767180795781314,catatumbo,SPEAKER_02,24954.0,24954.375,3.0
0.00015328401059377939,0.18067701905965805,9.184051066313259e-07,0.042014424689114094,0.0002303895089426078,0.0015990773681551218,catatumbo,UNICO,24954.333,24954.708,3.0
0.002032061107456684,0.03444700641557574,1.4905852481206239e-06,0.14792611077427864,0.0004718872514786199,0.0018547296058386564,catatumbo,SPEAKER_02,24954.667,24955.042,3.0
0.0023551536723971367,0.028783717192709446,7.516545110775041e-07,0.0009095344285015017,2.15743699527593e-06,0.38059401512145996,catatumbo,SPEAKER_02,24955.0,24955.375,3.0
0.0031370804645121098,0.039533271454274654,6.265675551730965e-07,0.0011866061831824481,1.0065282083360216e-06,0.03073958493769169,catatumbo,SPEAKER_02,24955.333,24955.708,3.0
0.004204553086310625,0.02924417518079281,1.8575602211967635e-06,0.09074942022562027,0.003801667131483555,0.007190299220383167,catatumbo,SPEAKER_02,24955.667,24956.042,3.0
0.0003816021198872477,0.10383887961506844,1.509505125341093e-06,0.09774603694677353,0.0001473206684750039,0.009505468420684338,catatumbo,UNICO,24956.333,24956.708,3.0
0.0003565215156413615,0.11529968306422234,1.622599825168436e-06,0.0710344985127449,0.0001622249183128588,0.0032127443701028824,catatumbo,UNICO,24956.667,24957.042,3.0
0.0017492756014689803,0.10428338684141636,9.374769831538288e-07,0.03694945713505149,6.39080803921388e-06,0.038344334810972214,catatumbo,UNICO,24957.0,24957.375,3.0
0.0050733680836856365,0.052464141510427,2.898327011280344e-06,0.03569440171122551,0.0020443304674699903,0.001560049713589251,catatumbo,SPEAKER_02,24957.333,24957.708,3.0
0.0005255467840470374,0.1355885975062847,8.572322940381127e-07,0.23002180457115173,5.916538975725416e-05,0.002294455422088504,catatumbo,SPEAKER_02,24957.667,24958.042,3.0
0.00011973630171269178,0.18791528791189194,7.173072873456476e-07,0.04747365415096283,0.00012847221660194919,0.004543064162135124,catatumbo,SPEAKER_02,24958.0,24958.375,3.0
0.11576107889413834,0.02819539839401841,4.950950085458317e-06,0.06018421612679958,0.010239353403449059,0.0017397681949660182,catatumbo,SPEAKER_02,24958.333,24958.708,3.0
0.025630271062254906,0.049596944358199835,6.583774222690408e-06,0.00174413196509704,0.005503463442437351,0.017134282737970352,catatumbo,UNICO,24958.667,24959.042,3.0
0.005772187374532223,0.030938346404582262,1.2953804855442286e-06,0.0018042943556793034,0.00012115819299651776,0.06098721921443939,catatumbo,UNICO,24959.333,24959.708,3.0
0.0016712528886273503,0.10088508110493422,2.1787557784591627e-06,0.012778203468769789,0.0002281371780554764,0.026489876210689545,catatumbo,UNICO,24959.667,24960.042,3.0
0.002476706635206938,0.08006089553236961,1.1503698829073983e-06,0.002109354012645781,0.00010026410745922476,0.15786519646644592,catatumbo,SPEAKER_02,24960.0,24960.375,3.0
0.003173530800268054,0.05148863233625889,6.58663381614133e-07,0.0013587242574431002,0.00011511465709190816,0.15783269703388214,catatumbo,SPEAKER_02,24960.333,24960.708,3.0
0.007132901810109615,0.01735588815063238,7.69990293747469e-07,0.006079274462535977,0.000380534547730349,0.002021653810516,catatumbo,SPEAKER_02,24960.667,24961.042,3.0
4.417612944962457e-05,0.5317813158035278,1.194464651632643e-07,0.0193500816822052,6.989928260736633e-05,0.0037173829041421413,catatumbo,SPEAKER_02,24961.0,24961.375,3.0
0.0007320950389839709,0.1693451851606369,2.9241209631436504e-07,0.007303678197786212,6.63108003209345e-05,0.0013709994964301586,catatumbo,SPEAKER_02,24961.333,24961.708,3.0
0.00018820470722857863,0.34222353994846344,7.375541031251487e-07,0.0013295935350470245,0.00024093943648040295,0.0017641447484493256,catatumbo,SPEAKER_02,24961.667,24962.042,3.0
0.00020528212189674377,0.33447952568531036,3.819762071088917e-07,0.002136693801730871,0.00023764838988427073,0.0010827049845829606,catatumbo,UNICO,24962.333,24962.708,3.0
0.004194999113678932,0.12660715728998184,8.33430178204253e-07,0.00039311610453296453,0.00030298179626697674,0.012538855895400047,catatumbo,SPEAKER_02,24962.667,24963.042,3.0
0.00019307213369756937,0.2662678360939026,5.05535155070902e-07,0.03269865643233061,0.002787646371871233,0.00013738869165536016,catatumbo,SPEAKER_02,24963.0,24963.375,3.0
0.00044110845192335546,0.16666537523269653,3.743522398735877e-07,0.00035807905078399926,1.0517144119148725e-05,0.07623331993818283,catatumbo,SPEAKER_02,24963.333,24963.708,3.0
0.0007014627335593104,0.15584276616573334,5.382036363243969e-07,0.0002051097762887366,6.298492962741875e-06,0.05946847051382065,catatumbo,SPEAKER_02,24963.667,24964.042,3.0
0.0022844925988465548,0.14579547196626663,7.542861055753747e-07,0.008068704511970282,0.0008311213459819555,0.0006726818974129856,catatumbo,SPEAKER_02,24964.0,24964.375,3.0
0.00014721009938511997,0.4924652874469757,2.789207727005305e-07,0.015332458540797234,8.459783566650003e-05,0.0017880609957501292,catatumbo,SPEAKER_02,24964.333,24964.708,3.0
0.000411889108363539,0.3095981180667877,6.697785153164659e-07,0.02798578143119812,0.0002105499224853702,0.00044890493154525757,catatumbo,SPEAKER_02,24964.667,24965.042,3.0
0.00018389553588349372,0.38294702768325806,8.592662936734996e-07,0.00472353002987802,0.00043591145367827266,0.00164857879281044,catatumbo,SPEAKER_02,24965.333,24965.708,3.0
0.00013251964992377907,0.39877648651599884,5.165690595276828e-07,0.0012892140657640994,4.6402356019825675e-05,0.006625201553106308,catatumbo,SPEAKER_02,24965.667,24966.042,3.0
0.0001529006549390033,0.3516521751880646,6.106941299321988e-07,0.03213262837380171,0.00033925470779649913,0.0007333621033467352,catatumbo,SPEAKER_02,24966.0,24966.375,3.0
8.181713201338425e-05,0.47127172350883484,3.3874393068344943e-07,0.0003392557118786499,6.376985993483686e-06,0.10382882505655289,catatumbo,SPEAKER_02,24966.333,24966.708,3.0
0.001062668627128005,0.14685867354273796,6.175613265213542e-07,0.030313889496028423,0.00028206667047925293,0.0012076272396370769,catatumbo,SPEAKER_02,24966.667,24967.042,3.0
0.0030194649007171392,0.04584500938653946,1.5424554931087187e-06,0.0161955077201128,1.9600913219619542e-05,0.018508922308683395,catatumbo,SPEAKER_02,24967.0,24967.375,3.0
0.0012756846845149994,0.17261964082717896,7.460798485681153e-07,0.0002622763640829362,7.516923005823628e-06,0.3418039083480835,catatumbo,UNICO,24967.333,24967.708,3.0
0.08010955154895782,0.009842565981671214,6.134049272077391e-06,0.13049427792429924,0.008523918455466628,0.0016253083012998104,catatumbo,SPEAKER_02,24967.667,24968.042,3.0
0.0011976103996858,0.07486252300441265,2.2115413855772204e-07,0.008935690391808748,2.9407649890345056e-05,0.007387759629637003,catatumbo,SPEAKER_02,24968.333,24968.708,3.0
0.0005531986826099455,0.11901888996362686,1.697136582379244e-07,0.0004075827164342627,4.636545327230124e-06,0.084266297519207,catatumbo,SPEAKER_02,24968.667,24969.042,3.0
0.0003280753153376281,0.05191746912896633,7.019373242656002e-07,0.03241315297782421,2.6742862246464938e-05,0.001342646311968565,catatumbo,SPEAKER_02,24969.0,24969.375,3.0
0.0029341340996325016,0.11919103935360909,8.039381356184094e-07,0.04271644912660122,5.263417506284895e-06,0.01748330146074295,catatumbo,UNICO,24969.333,24969.708,3.0
0.12898018956184387,0.003488031914457679,4.554501515485754e-06,0.34384991228580475,0.0013234844664111733,0.0005742985522374511,catatumbo,UNICO,24969.667,24970.042,3.0
0.005138872191309929,0.049944411031901836,1.832952534641663e-06,0.14025045186281204,0.00013039196346653625,0.0019460845505818725,catatumbo,UNICO,24970.0,24970.375,3.0
0.0020982290152460337,0.07111785374581814,5.880770572730398e-07,0.004800445633009076,1.1824543435068335e-05,0.022922329604625702,catatumbo,SPEAKER_02,24970.333,24970.708,3.0
0.014067388139665127,0.01939080352894962,1.1126424510621291e-06,0.03806077130138874,0.00015266190166585147,0.0009912796085700393,catatumbo,SPEAKER_02,24970.667,24971.042,3.0
0.000266524642938748,0.24660574644804,4.96548821615761e-07,0.1492633856832981,1.7648257198743522e-05,0.002909345319494605,catatumbo,UNICO,24971.333,24971.708,3.0
0.0003740691754501313,0.1586299054324627,7.015171092916717e-07,0.3586065024137497,1.2341497949819313e-05,0.0024292138405144215,catatumbo,UNICO,24971.667,24972.042,3.0
0.0002238929591840133,0.213330440223217,2.0642093545575335e-07,1.557339055580087e-05,1.0329789148499913e-06,0.7183871269226074,catatumbo,SPEAKER_02,24972.0,24972.375,3.0
0.005249697249382734,0.04533152002841234,1.4772171823551616e-06,0.008900303859263659,4.607501432474237e-05,0.015575953759253025,catatumbo,SPEAKER_02,24972.333,24972.708,3.0
0.007974796928465366,0.021668448112905025,7.611660350903549e-07,0.4043698012828827,4.311251723265741e-05,0.00828483421355486,catatumbo,SPEAKER_02,24972.667,24973.042,3.0
0.032565902918577194,0.005226711509749293,1.6951835277723148e-06,0.144940085709095,0.00022778975835535675,0.009406349621713161,catatumbo,SPEAKER_02,24973.0,24973.375,3.0
0.32881245017051697,0.0014802277146372944,4.532769253273727e-06,0.12264741957187653,0.002379485056735575,0.0008272033301182091,catatumbo,SPEAKER_02,24973.333,24973.708,3.0
0.0686170756816864,0.011864586267620325,5.604703687822621e-06,0.3830804005265236,0.004004106158390641,0.004148887004703283,catatumbo,UNICO,24973.667,24974.042,3.0
5.9589132433757186e-05,0.23022182285785675,2.2553738432407044e-07,0.0014230702654458582,3.509265388856875e-05,0.015526525676250458,catatumbo,UNICO,24974.333,24974.708,3.0
5.9140322264283895e-05,0.3301714360713959,3.382104267757313e-07,0.01897886861115694,0.0006490447121905163,0.0003952612169086933,catatumbo,SPEAKER_02,24974.667,24975.042,3.0
0.0010512047447264194,0.2333430051803589,1.1058357074489322e-07,0.001351372542558238,5.85246584705601e-06,0.05513276532292366,catatumbo,SPEAKER_02,24975.0,24975.375,3.0
0.00438816798850894,0.1126105971634388,5.431996470406375e-07,0.03146937768906355,0.0016439970931969583,0.0008175388793461025,catatumbo,SPEAKER_02,24975.333,24975.708,3.0
0.00010727527114795521,0.589832991361618,2.930728868477672e-07,0.008781279204413295,0.0002432598703308031,0.0020909314043819904,catatumbo,SPEAKER_02,24975.667,24976.042,3.0
6.139879405964166e-05,0.5212644338607788,5.012741297605317e-07,0.0031563621014356613,6.457123163272627e-05,0.004323490895330906,catatumbo,SPEAKER_02,24976.0,24976.375,3.0
0.00010791952081490308,0.4773172438144684,7.095918022059777e-07,0.005978215951472521,0.0004875370068475604,0.0013479071203619242,catatumbo,UNICO,24976.333,24976.708,3.0
0.000100182973255869,0.4078088253736496,8.447465802419174e-07,0.005273838643915951,0.0016854614368639886,0.0007506111287511885,catatumbo,UNICO,24976.667,24977.042,3.0
0.0013285145396366715,0.11292589828372002,5.901030988297862e-07,0.11590353772044182,2.7873420549440198e-05,0.00040699788951314986,catatumbo,SPEAKER_02,24977.333,24977.708,3.0
0.007710499223321676,0.04856397851835936,5.039856176836111e-07,0.002938270044978708,4.975663955519849e-06,0.013815009035170078,catatumbo,SPEAKER_02,24977.667,24978.042,3.0
0.009348631836473942,0.09742725547403097,8.334579888469307e-07,0.007151083089411259,2.7301164664095268e-05,0.0075558749958872795,catatumbo,SPEAKER_02,24978.0,24978.375,3.0
0.001886294106952846,0.10115947760641575,1.4641046277574787e-06,0.0017735941801220179,0.0001996604805754032,0.014734862372279167,catatumbo,UNICO,24978.333,24978.708,3.0
0.035464297980070114,0.017952620517462492,5.870810610986155e-07,0.19405076280236244,1.2642664387385594e-05,0.02398650534451008,catatumbo,SPEAKER_02,24978.667,24979.042,3.0
0.0020536186639219522,0.07284631207585335,8.318434936427366e-07,0.12773499637842178,3.924388329323847e-05,0.0030366196297109127,catatumbo,SPEAKER_02,24979.0,24979.375,3.0
0.0025651773903518915,0.12070128880441189,4.562575952604675e-07,0.002230711455922574,3.7299778341548517e-06,0.0371074415743351,catatumbo,SPEAKER_02,24979.333,24979.708,3.0
0.0024666849058121443,0.1988625582307577,8.182821034097287e-07,0.000544568378245458,0.0003822897415375337,0.010892597027122974,catatumbo,UNICO,24979.667,24980.042,3.0
0.004574485123157501,0.0807990925386548,1.0215523502665746e-06,0.018115476705133915,8.431322203250602e-05,0.0010336530394852161,catatumbo,UNICO,24980.333,24980.708,3.0
0.003370179096236825,0.10337023064494133,1.3559989042732923e-06,0.06243030168116093,0.0003833662631222978,0.00038012905861251056,catatumbo,UNICO,24980.667,24981.042,3.0
0.006223851814866066,0.047768592659849674,6.86897521973151e-07,0.3317749723792076,5.1532704674173146e-05,0.007285669911652803,catatumbo,SPEAKER_02,24981.0,24981.375,3.0
0.011820748448371887,0.08834907342679799,1.7190904486596992e-06,0.08898821100592613,0.0020112619386054575,0.0002772593288682401,catatumbo,SPEAKER_02,24981.333,24981.708,3.0
0.0016277458053082228,0.17170289158821106,8.86883626094459e-07,0.019022216089069843,4.874821570410859e-05,0.002282467670738697,catatumbo,SPEAKER_02,24981.667,24982.042,3.0
0.0008328679832629859,0.15854330360889435,8.657815442347783e-07,0.05356607586145401,8.414435069425963e-05,0.0008670733077451587,catatumbo,SPEAKER_02,24982.0,24982.375,3.0
0.0006100597674958408,0.14357271045446396,1.0503396765670914e-06,0.2847108021378517,0.0010622827685438097,0.0021005147136747837,catatumbo,SPEAKER_02,24982.333,24982.708,3.0
0.00022471744159702212,0.4640585333108902,6.514503354537737e-07,0.09541454538702965,1.646360760787502e-05,0.005273719318211079,catatumbo,SPEAKER_02,24982.667,24983.042,3.0
0.00036847792216576636,0.15841709822416306,8.383334488826222e-07,0.1199353039264679,9.028160638990812e-05,0.0011169863864779472,catatumbo,SPEAKER_02,24983.333,24983.708,3.0
0.0036492799408733845,0.06289120018482208,2.2518211437727587e-06,0.16567261517047882,0.003242183243855834,0.0015150295803323388,catatumbo,SPEAKER_02,24983.667,24984.042,3.0
0.00024453969672322273,0.18617156893014908,1.4148895388643723e-06,0.14902793616056442,0.00016695141675882041,0.0025543083902448416,catatumbo,SPEAKER_02,24984.0,24984.375,3.0
0.002024745335802436,0.08902261406183243,1.09291522676358e-06,0.11152978986501694,8.665748100611381e-05,0.006261616479605436,catatumbo,SPEAKER_02,24984.333,24984.708,3.0
0.00044504395918920636,0.10687700286507607,5.173879742415011e-07,0.016471190378069878,2.2769629140384495e-05,0.005094097461551428,catatumbo,SPEAKER_02,24984.667,24985.042,3.0
0.0004025341768283397,0.1644761934876442,8.112691887163237e-07,0.024649042636156082,0.00012639065244002268,0.00324903498403728,catatumbo,SPEAKER_02,24985.0,24985.375,3.0
0.0011428938014432788,0.10177021473646164,7.797125647357461e-07,0.02670955751091242,8.350083589903079e-05,0.00548738706856966,catatumbo,SPEAKER_02,24985.333,24985.708,3.0
0.0005424687988124788,0.14912261068820953,8.724565816464747e-07,0.022756757214665413,0.00032315881981048733,0.0013988659484311938,catatumbo,SPEAKER_02,24985.667,24986.042,3.0
2.2770900613977574e-05,0.49052226543426514,6.106086516410869e-07,0.04203830286860466,5.850564411957748e-05,0.003054305212572217,catatumbo,UNICO,24986.333,24986.708,3.0
7.016080053290352e-05,0.42842502892017365,6.37770781963809e-07,0.035011460073292255,2.062326529994607e-05,0.004447224549949169,catatumbo,UNICO,24986.667,24987.042,3.0
4.37840681115631e-05,0.412551149725914,4.51446751981166e-07,0.04157690145075321,9.598649285180727e-06,0.0010603392729535699,catatumbo,UNICO,24987.0,24987.375,3.0
0.00032746969372965395,0.30197930708527565,9.073077080756775e-07,0.5105417966842651,1.273423640668625e-05,0.022534476593136787,catatumbo,SPEAKER_02,24987.333,24987.708,3.0
0.0013026492670178413,0.1080634593963623,2.724638292761483e-07,0.010187405161559582,3.9973779166757595e-06,0.049866389483213425,catatumbo,SPEAKER_02,24987.667,24988.042,3.0
0.031008826568722725,0.020927533507347107,5.42011349580207e-07,0.007616103393957019,1.554022537675337e-05,0.028791965916752815,catatumbo,SPEAKER_02,24988.0,24988.375,3.0
0.004627580288797617,0.043455224484205246,7.449999088748882e-07,0.08106365986168385,0.0018677616608329117,0.00042940262937918305,catatumbo,SPEAKER_02,24988.333,24988.708,3.0
0.0027479289565235376,0.07481465395539999,7.141067897009634e-07,0.11469395831227303,0.0008464747515972704,0.0007443774957209826,catatumbo,SPEAKER_02,24988.667,24989.042,3.0
0.0015830510528758168,0.16880209278315306,1.1309974183859595e-06,0.05069810524582863,0.002746590762399137,0.0006698054494336247,catatumbo,SPEAKER_02,24989.333,24989.708,3.0
8.656227873871103e-05,0.3734893575310707,4.786497669329037e-07,0.03693182393908501,0.0006103407358750701,0.0015909874346107244,catatumbo,SPEAKER_02,24989.667,24990.042,3.0
5.284015060169622e-05,0.439735472202301,1.3451925440222112e-06,0.18435794860124588,0.0007328541541937739,0.0004359876038506627,catatumbo,SPEAKER_02,24990.0,24990.375,3.0
3.663111783680506e-05,0.5069615542888641,3.8019835812974634e-07,0.003811658825725317,3.05093190036132e-05,0.006086587440222502,catatumbo,UNICO,24990.333,24990.708,3.0
0.00015993906708899885,0.21432597935199738,6.896388811128418e-07,0.005341458600014448,2.9549418286478613e-05,0.003577121300622821,catatumbo,UNICO,24990.667,24991.042,3.0
0.0003333801287226379,0.2952919006347656,5.282181234633754e-07,0.03551233746111393,2.968335866171401e-05,0.0024717645719647408,catatumbo,SPEAKER_02,24991.0,24991.375,3.0
6.232097075553611e-05,0.3828445076942444,3.3062803339589664e-07,9.260753540729638e-05,4.126000249016215e-06,0.06348983943462372,catatumbo,SPEAKER_02,24991.333,24991.708,3.0
0.00023720065655652434,0.4338754117488861,4.5160546591205275e-07,0.01255923043936491,9.427401528228074e-05,0.0005928919417783618,catatumbo,SPEAKER_02,24991.667,24992.042,3.0
0.0005056321388110518,0.24093695729970932,6.205073361797986e-07,0.007941504940390587,0.0010665981390047818,0.0007679716218262911,catatumbo,UNICO,24992.333,24992.708,3.0
0.0004719634889625013,0.19828668236732483,7.786902074258251e-07,0.02410620916634798,0.0003788196627283469,0.0006753049674443901,catatumbo,SPEAKER_02,24992.667,24993.042,3.0
0.00013205922732595354,0.35395175218582153,1.4015949147960782e-06,0.063125004991889,0.002231936203315854,0.00011220703891012818,catatumbo,SPEAKER_02,24993.0,24993.375,3.0
0.0012249302817508578,0.1311933845281601,1.057915312685509e-06,0.02452937513589859,0.0002730249034357257,0.00028622712125070393,catatumbo,SPEAKER_02,24993.333,24993.708,3.0
0.0002559349231887609,0.34392525255680084,5.858110654344273e-07,0.020008555613458157,0.0004558528453344479,0.00018145653302781284,catatumbo,UNICO,24993.667,24994.042,3.0
0.00016842229524627328,0.2709119990468025,1.6364924988465646e-06,0.06920979917049408,0.0012826159945689142,9.70814362517558e-05,catatumbo,UNICO,24994.0,24994.375,3.0
0.00019276788225397468,0.39939288794994354,8.213623488018129e-07,0.09463244304060936,0.0002977688127430156,0.00014852573804091662,catatumbo,UNICO,24994.333,24994.708,3.0
9.68419699347578e-05,0.34304220974445343,9.020211706456394e-07,0.014975094702094793,0.0004862037894781679,0.00033425758010707796,catatumbo,UNICO,24994.667,24995.042,3.0
0.00010001926420954987,0.42107367515563965,1.46891423469242e-07,0.00011861594612128101,2.1437812591784677e-07,0.5731692314147949,catatumbo,SPEAKER_02,24995.333,24995.708,3.0
6.800331175327301e-05,0.5028396546840668,3.210270520526137e-07,0.010601002722978592,0.00018157756858272478,0.0008162782760336995,catatumbo,SPEAKER_02,24995.667,24996.042,3.0
0.00016897468594834208,0.40795719623565674,2.0826228919190726e-07,0.004442654433660209,2.772598122646741e-06,0.015602157451212406,catatumbo,SPEAKER_02,24996.0,24996.375,3.0
0.00027896027313545346,0.2135004997253418,6.778818715247326e-07,0.004489489132538438,0.000353713272488676,0.00043011546949855983,catatumbo,SPEAKER_02,24996.333,24996.708,3.0
0.0004903836525045335,0.15602703019976616,8.82975115246154e-07,0.07443927600979805,0.00014908342564012855,0.001387820579111576,catatumbo,SPEAKER_02,24996.667,24997.042,3.0
9.693444735603407e-05,0.3771350085735321,1.5610856394232542e-06,0.09831611812114716,0.0001241141180798877,0.000843925285153091,catatumbo,SPEAKER_02,24997.0,24997.375,3.0
0.0007006372907198966,0.1474268138408661,4.061899474550046e-07,0.002025100286118686,7.581887530250242e-06,0.019531577825546265,catatumbo,SPEAKER_02,24997.333,24997.708,3.0
0.000803565897513181,0.11135633662343025,6.371387542003504e-07,0.012242764700204134,1.0604099315969506e-05,0.02403106912970543,catatumbo,UNICO,24997.667,24998.042,3.0
0.0031823839526623487,0.030962530989199877,1.6604997199465288e-06,0.345745250582695,0.0010622863192111254,0.00019191177852917463,catatumbo,SPEAKER_02,24998.333,24998.708,3.0
0.0008514130022376776,0.1472401600331068,6.71587514489147e-07,0.08866635896265507,0.0005645077908411622,0.0007037932518869638,catatumbo,SPEAKER_02,24998.667,24999.042,3.0
0.0015332987532019615,0.17810771241784096,4.6019681576581206e-07,0.001791090180631727,4.866023482463788e-05,0.011806908994913101,catatumbo,SPEAKER_02,24999.0,24999.375,3.0
0.0013097758637741208,0.18750900775194168,6.961569027907899e-07,0.01224921504035592,0.0002898633320000954,0.0023556421510875225,catatumbo,SPEAKER_02,24999.333,24999.708,3.0
0.0008765127277001739,0.14216280728578568,9.91657032045623e-07,0.005265280604362488,0.0005886186263523996,0.0021174196153879166,catatumbo,UNICO,24999.667,25000.042,3.0
0.000589201517868787,0.2102488875389099,8.345956672428656e-07,0.011808112263679504,6.41642909613438e-05,0.0025436494033783674,catatumbo,UNICO,25000.0,25000.375,3.0
0.0003477454010862857,0.2923109456896782,8.115281886489356e-07,0.013497172389179468,7.911760076240171e-05,0.0010298008564859629,catatumbo,SPEAKER_02,25000.333,25000.708,3.0
0.0006314531783573329,0.2597891837358475,7.19472296850654e-07,0.009597904048860073,0.0006097356235841289,0.000809814955573529,catatumbo,SPEAKER_02,25000.667,25001.042,3.0
0.0007709005149081349,0.10452692583203316,6.996755246291286e-07,0.2006683573126793,0.00015195943706203252,0.0007147960714064538,catatumbo,SPEAKER_02,25001.333,25001.708,3.0
0.0006016104598529637,0.2108731884509325,7.411556453007506e-07,0.04925149865448475,0.0006224228709470481,0.0004418013268150389,catatumbo,SPEAKER_02,25001.667,25002.042,3.0
0.0001918557973112911,0.29726649820804596,5.033659959963188e-07,0.005499684019014239,3.345945424371166e-05,0.005711590405553579,catatumbo,SPEAKER_02,25002.0,25002.375,3.0
0.0012111766263842583,0.1436703484505415,8.739897197074242e-07,0.03137747757136822,9.959168164641596e-05,0.0009530880488455296,catatumbo,SPEAKER_02,25002.333,25002.708,3.0
0.0013716460671275854,0.16468712873756886,1.1461527265055338e-06,0.12439881637692451,0.00032242221641354263,0.0006001710426062346,catatumbo,SPEAKER_02,25002.667,25003.042,3.0
0.00189981481526047,0.13997000828385353,8.91865795438207e-07,0.15925682336091995,0.00010786247003125027,0.000249009724939242,catatumbo,UNICO,25003.0,25003.375,3.0
0.0005437142681330442,0.169661283493042,1.0660644136351038e-06,0.02715783379971981,0.00011670942694763653,0.0004839224275201559,catatumbo,UNICO,25003.333,25003.708,3.0
0.0024859209079295397,0.18586074002087116,4.877124197832927e-07,0.011962886434048414,0.00012264764154679142,0.0018622127827256918,catatumbo,SPEAKER_02,25003.667,25004.042,3.0
0.0002302870707353577,0.32103726267814636,1.3607820648076085e-06,0.048141127452254295,0.0010516252368688583,0.001286886166781187,catatumbo,SPEAKER_02,25004.333,25004.708,3.0
0.0003414051898289472,0.25666236132383347,7.271732869185143e-07,0.02181418612599373,0.0002456105430610478,0.0009328607702627778,catatumbo,SPEAKER_02,25004.667,25005.042,3.0
0.0034470309037715197,0.044925480149686337,1.4531928513861203e-06,0.06926853954792023,0.0002455398134770803,0.0016330019570887089,catatumbo,SPEAKER_02,25005.0,25005.375,3.0
0.004860214423388243,0.05851535312831402,6.069461733204662e-07,0.022892875596880913,4.0638891732669435e-05,0.012132473289966583,catatumbo,SPEAKER_02,25005.333,25005.708,3.0
0.04233726114034653,0.01829850021749735,5.388524471072742e-07,0.0022499572951346636,0.0001376623877149541,0.04529588669538498,catatumbo,SPEAKER_02,25005.667,25006.042,3.0
0.007811175659298897,0.020319312810897827,7.432647066707432e-07,0.0047398461028933525,0.0011631766392383724,0.007570782210677862,catatumbo,SPEAKER_02,25006.0,25006.375,3.0
0.01393729168921709,0.020891508320346475,1.586288789212631e-06,0.09951414912939072,3.0721729672222864e-05,0.01192550826817751,catatumbo,SPEAKER_02,25006.333,25006.708,3.0
9.857210534391925e-05,0.5341982692480087,8.884684277177257e-07,0.003433417994529009,8.546791286789812e-05,0.0011710190447047353,catatumbo,SPEAKER_02,25006.667,25007.042,3.0
0.00017043441766873002,0.509815126657486,5.89049363952654e-07,0.009058347437530756,0.0005604683101410046,0.0011624160688370466,catatumbo,SPEAKER_02,25007.333,25007.708,3.0
7.788166112732142e-05,0.5218795835971832,5.113838170700546e-07,0.0007059219933580607,0.0019300098065286875,0.0015401380369439721,catatumbo,SPEAKER_02,25007.667,25008.042,3.0
0.00030348479049280286,0.3552839756011963,2.3062535348117308e-07,0.00022045309015084058,2.280975240864791e-05,0.01027538999915123,catatumbo,SPEAKER_02,25008.0,25008.375,3.0
0.0003578409960027784,0.2523839920759201,3.9705996357497497e-07,0.00022768814233131707,0.00021167531667742878,0.004867461044341326,catatumbo,SPEAKER_02,25008.333,25008.708,3.0
0.0006589630502276123,0.31237487494945526,6.351063461806916e-07,0.000662591279251501,0.001590231026057154,0.0014166509499773383,catatumbo,UNICO,25008.667,25009.042,3.0
0.0016859712777659297,0.190028365701437,7.097655725374352e-07,0.0006261574162635952,0.003042291384190321,0.0013282704167068005,catatumbo,UNICO,25009.0,25009.375,3.0
0.0021754910703748465,0.2443501427769661,5.599979857606741e-07,0.001496932643931359,0.0010099677310790867,0.0013959986390545964,catatumbo,SPEAKER_02,25009.333,25009.708,3.0
0.0002653607807587832,0.4109804034233093,5.913560841008803e-07,0.028139672242105007,0.001721357402857393,9.776926890481263e-05,catatumbo,SPEAKER_02,25009.667,25010.042,3.0
0.0004947390407323837,0.3826279789209366,7.32422677174327e-07,0.02348691876977682,0.0008706141961738467,0.000338523619575426,catatumbo,SPEAKER_02,25010.333,25010.708,3.0
0.00014217541320249438,0.4353580176830292,3.204066274520301e-07,0.002068566856905818,3.531999755068682e-05,0.005391275975853205,catatumbo,SPEAKER_02,25010.667,25011.042,3.0
0.00045835747732780874,0.37714314460754395,4.272423979045925e-07,0.0032637515105307102,0.001062148017808795,0.001003926619887352,catatumbo,UNICO,25011.0,25011.375,3.0
0.0010301347356289625,0.23841167986392975,6.868693134265413e-07,0.08665401116013527,9.986535587813705e-05,0.00047591509064659476,catatumbo,UNICO,25011.333,25011.708,3.0
0.0001038593691191636,0.36691389977931976,6.295115184684619e-07,0.019484899938106537,0.0003416194231249392,0.00046813415247015655,catatumbo,SPEAKER_02,25011.667,25012.042,3.0
0.00039565443876199424,0.2121986746788025,9.93937476323481e-07,0.029082265682518482,0.00040147427353076637,0.00015501237066928297,catatumbo,SPEAKER_02,25012.0,25012.375,3.0
6.707765714963898e-05,0.3329415023326874,4.014898138393619e-07,0.0022464779613073915,3.7851462366234045e-05,0.011034817434847355,catatumbo,SPEAKER_02,25012.333,25012.708,3.0
0.0007151083555072546,0.12050243467092514,8.850603308019345e-07,0.018891291227191687,0.0025018065935000777,0.00021805670985486358,catatumbo,SPEAKER_02,25012.667,25013.042,3.0
0.002682063262909651,0.14044623356312513,9.830298779434088e-07,0.000834344478789717,0.00012217569747008383,0.017112061381340027,catatumbo,SPEAKER_02,25013.333,25013.708,3.0
0.0009512568940408528,0.2356513813138008,2.7502542820911913e-06,0.012394300661981106,0.0006276873900787905,0.0069518196396529675,catatumbo,SPEAKER_02,25013.667,25014.042,3.0
0.0019200724782422185,0.15073448792099953,1.6339587318725535e-06,0.00828055408783257,0.001455477555282414,0.0032094307243824005,catatumbo,UNICO,25014.0,25014.375,3.0
0.0035984842106699944,0.13487306609749794,1.910007540573133e-06,0.0017083833809010684,0.0006028121570125222,0.012362550012767315,catatumbo,UNICO,25014.333,25014.708,3.0
0.015002207830548286,0.048507994040846825,2.2817051217316475e-06,0.017303681932389736,0.0005444407288450748,0.004127388820052147,catatumbo,UNICO,25014.667,25015.042,3.0
0.0025296888779848814,0.09885390475392342,1.6351943372683309e-06,0.002841413370333612,3.26549006786081e-05,0.04700006544589996,catatumbo,UNICO,25015.0,25015.375,3.0
0.0022084335796535015,0.08057060651481152,1.5908817090348748e-06,0.003133546910248697,1.611780680832453e-05,0.016792746260762215,catatumbo,UNICO,25015.333,25015.708,3.0
0.0033980326261371374,0.0823928564786911,1.6620543874523719e-06,0.006898651598021388,0.00014098150495556183,0.0033674624282866716,catatumbo,UNICO,25015.667,25016.042,3.0
0.0002225052157882601,0.3569004535675049,7.968094593024944e-07,0.005613021552562714,0.00021786672004964203,0.04179207608103752,catatumbo,SPEAKER_02,25016.333,25016.708,3.0
0.00012658436025958508,0.3454425036907196,1.9227402958676976e-06,0.045851388946175575,0.0005414417973952368,0.005506192333996296,catatumbo,SPEAKER_02,25016.667,25017.042,3.0
0.00034037389559671283,0.20627290941774845,1.0348358898681909e-06,0.005581552628427744,4.6505353566317353e-05,0.014963080175220966,catatumbo,SPEAKER_02,25017.0,25017.375,3.0
0.0003236922202631831,0.24410025775432587,2.1956759255203906e-07,0.0008021957764867693,9.549658670948702e-06,0.02565917745232582,catatumbo,SPEAKER_02,25017.333,25017.708,3.0
0.0013711999636143446,0.22709091007709503,2.734863002729071e-07,0.00010770634253276512,1.4564643606718164e-05,0.16618801653385162,catatumbo,SPEAKER_02,25017.667,25018.042,3.0
0.003387237200513482,0.07979813450947404,3.2199627497675465e-07,0.008770130574703217,6.087633846618701e-05,0.0005668216617777944,catatumbo,SPEAKER_02,25018.0,25018.375,3.0
0.0036821335088461637,0.030538241378962994,8.253058467744268e-07,0.07637352496385574,0.00010549737635301426,0.0006670690490864217,catatumbo,SPEAKER_02,25018.333,25018.708,3.0
0.00907210074365139,0.029811466112732887,8.871008958521998e-07,0.010099440813064575,0.0002403223916189745,0.0032792373094707727,catatumbo,SPEAKER_02,25018.667,25019.042,3.0
0.007172802463173866,0.03205416491255164,2.1271862351568416e-06,0.3296195939183235,0.00015842742868699133,0.0012943452456966043,catatumbo,SPEAKER_02,25019.333,25019.708,3.0
0.12035282701253891,0.003336237743496895,2.100847495967173e-06,0.1846674233675003,4.474573506740853e-05,0.0030012966599315405,catatumbo,SPEAKER_02,25019.667,25020.042,3.0
0.000931593298446387,0.05656852759420872,1.566177786571643e-06,0.4345352202653885,4.7787445510039106e-05,0.006612957920879126,catatumbo,UNICO,25020.0,25020.375,3.0
0.0022926880046725273,0.062476687133312225,1.9178647221451683e-06,0.08306318148970604,4.231354614603333e-05,0.000990497530438006,catatumbo,SPEAKER_02,25020.333,25020.708,3.0
0.0012713997857645154,0.10037053003907204,7.966955024585332e-07,0.047216362319886684,6.731016355843167e-06,0.002022392814978957,catatumbo,SPEAKER_02,25020.667,25021.042,3.0
0.2127893567085266,0.003552299807779491,1.3116489299136447e-06,0.1430700346827507,4.69755850645015e-05,0.0033437013626098633,catatumbo,SPEAKER_02,25021.0,25021.375,3.0
0.27246642112731934,0.0015769636956974864,1.6579743373767997e-06,0.013283821754157543,0.0009341071709059179,0.0009266597335226834,catatumbo,UNICO,25021.333,25021.708,3.0
0.11292780190706253,0.005245187319815159,1.5903263488326047e-06,0.0653507374227047,5.2707076974911615e-05,0.005530518479645252,catatumbo,UNICO,25021.667,25022.042,3.0
0.00035763965570367873,0.23927699029445648,6.595605270831584e-07,0.006070467876270413,0.00031569277052767575,0.0015704690013080835,catatumbo,SPEAKER_02,25022.333,25022.708,3.0
0.0018166075460612774,0.049017736688256264,1.0849467741991248e-06,0.006445776438340545,7.31532672944013e-05,0.0019091935828328133,catatumbo,SPEAKER_02,25022.667,25023.042,3.0
0.0012116970028728247,0.025186385959386826,1.0822873832694313e-06,0.39238661527633667,2.8921772354806308e-05,0.005599163938313723,catatumbo,SPEAKER_02,25023.0,25023.375,3.0
0.052726589143276215,0.0052443539025262,2.545839095091651e-06,0.45958733558654785,0.00029801866912748665,0.016792206093668938,catatumbo,SPEAKER_02,25023.333,25023.708,3.0
0.18371443450450897,0.0018340284586884081,4.321950200392166e-06,0.4501091092824936,0.0009344026329927146,0.0030233103316277266,catatumbo,UNICO,25023.667,25024.042,3.0
0.044993799179792404,0.005815071985125542,2.4909306830522837e-06,0.5383983105421066,0.0004713662638096139,0.003922177013009787,catatumbo,UNICO,25024.0,25024.375,3.0
0.02455941215157509,0.011416289256885648,1.4277929949457757e-06,0.3715630918741226,1.5090595752553781e-05,0.005281682591885328,catatumbo,UNICO,25024.333,25024.708,3.0
0.009403995238244534,0.019052479416131973,2.3738400614092825e-06,0.04706726409494877,3.0301422157208435e-05,0.005830215290188789,catatumbo,SPEAKER_02,25024.667,25025.042,3.0
0.01036160346120596,0.08066467405296862,2.878237976844389e-07,0.08514093048870564,0.000344029744155705,0.005591207649558783,catatumbo,SPEAKER_02,25025.333,25025.708,3.0
0.0020366432145237923,0.1791604459285736,2.0859779112925025e-06,0.039147322066128254,0.0005023846606491134,0.02782033570110798,catatumbo,SPEAKER_02,25025.667,25026.042,3.0
0.0013300908030942082,0.18954233080148697,1.591557918345643e-06,0.03626732528209686,0.0007420993642881513,0.017564693465828896,catatumbo,SPEAKER_02,25026.0,25026.375,3.0
0.010337118990719318,0.013387914281338453,1.4010294648869603e-06,0.30525190383195877,6.374951408361085e-05,0.007612480781972408,catatumbo,SPEAKER_02,25026.333,25026.708,3.0
0.00958943273872137,0.03529908508062363,2.47521001028872e-07,0.0002466855803504586,4.029598585475469e-06,0.12403959780931473,catatumbo,SPEAKER_02,25026.667,25027.042,3.0
0.0031284301076084375,0.03410908207297325,4.832205320326466e-07,0.06977922655642033,1.3168848909117514e-05,0.0142871318385005,catatumbo,SPEAKER_02,25027.0,25027.375,3.0
0.03567183017730713,0.00877388403750956,1.5748846635688096e-06,0.21404824405908585,0.00028266374283703044,0.003461039625108242,catatumbo,UNICO,25027.333,25027.708,3.0
0.056252993643283844,0.015127809718251228,6.571151971002109e-06,0.31217243522405624,0.0015335985226556659,0.0015666045947000384,catatumbo,UNICO,25027.667,25028.042,3.0
0.019561300054192543,0.008606784977018833,2.025995740950748e-06,0.22642014175653458,0.0002310381896677427,0.009278519079089165,catatumbo,SPEAKER_02,25028.333,25028.708,3.0
0.0010060985805466771,0.2009737640619278,1.041580944161069e-06,0.002613928634673357,2.305387943124515e-05,0.07817618548870087,catatumbo,SPEAKER_02,25028.667,25029.042,3.0
0.008108546957373619,0.08047783374786377,7.280235934103985e-07,0.09338223189115524,4.2130502606596565e-06,0.05397620052099228,catatumbo,SPEAKER_02,25029.0,25029.375,3.0
0.00017361680511385202,0.27109335362911224,1.4422786591694603e-06,0.1913241744041443,1.1019364819730981e-05,0.07036669552326202,catatumbo,SPEAKER_02,25029.333,25029.708,3.0
0.012636253610253334,0.06073432741686702,5.893705008475081e-07,0.12590854242444038,1.954482740984531e-05,0.004378425423055887,catatumbo,SPEAKER_02,25029.667,25030.042,3.0
0.0006995534640736878,0.2569214478135109,2.5634195424117934e-06,0.15124263614416122,0.0003485150737105869,0.003584546037018299,catatumbo,SPEAKER_02,25030.0,25030.375,3.0
0.0019051751587539911,0.14069614186882973,3.1924806620509116e-07,0.0029105537105351686,6.647386726399418e-06,0.016977956518530846,catatumbo,SPEAKER_02,25030.333,25030.708,3.0
0.002542771166190505,0.02039268845692277,1.3200674970903492e-06,0.07646442204713821,0.00048302927461918443,0.0005619992152787745,catatumbo,SPEAKER_02,25030.667,25031.042,3.0
0.002183426171541214,0.03594465088099241,8.564933011712128e-07,0.35531289875507355,2.27889195230091e-05,0.003356190863996744,catatumbo,UNICO,25031.333,25031.708,3.0
0.0017155723180621862,0.046376949176192284,9.90969994063562e-07,0.47050900757312775,8.028047159314156e-05,0.0014151738723739982,catatumbo,UNICO,25031.667,25032.042,3.0
0.00037633784813806415,0.24249430745840073,3.7915542350219766e-07,0.2442682534456253,3.2747411751188338e-06,0.008003350347280502,catatumbo,UNICO,25032.0,25032.375,3.0
0.00015073976828716695,0.27862220257520676,7.596166824441752e-07,0.3189576268196106,1.108550168282818e-05,0.013331087306141853,catatumbo,SPEAKER_02,25032.333,25032.708,3.0
0.0013591006863862276,0.08938919380307198,4.6534872666370575e-07,0.0048406776040792465,3.6126896702626254e-05,0.015749022364616394,catatumbo,SPEAKER_02,25032.667,25033.042,3.0
0.009793831966817379,0.06400005705654621,5.613382256797195e-07,0.0007004817598499358,3.967970860685455e-05,0.0276657547801733,catatumbo,SPEAKER_02,25033.0,25033.375,3.0
0.0018134111305698752,0.12126967310905457,4.849215571312016e-07,0.004125448176637292,0.0002946889217128046,0.0018966238712891936,catatumbo,SPEAKER_02,25033.333,25033.708,3.0
0.0022659795358777046,0.10991352424025536,4.307566712213884e-07,0.0035702947061508894,3.923287931684172e-05,0.0045267450623214245,catatumbo,SPEAKER_02,25033.667,25034.042,3.0
0.001300228526815772,0.13762332871556282,6.938072800721784e-07,0.013233799487352371,0.00012434597010724247,0.0021776265930384398,catatumbo,UNICO,25034.333,25034.708,3.0
0.0357058085501194,0.006242368603125215,2.117921553690394e-06,0.2766912132501602,0.0003315514331916347,0.011810403317213058,catatumbo,UNICO,25034.667,25035.042,3.0
0.06533433496952057,0.007658679038286209,1.8302158650840283e-06,0.40543563663959503,8.097010140772909e-05,0.007452439051121473,catatumbo,UNICO,25035.0,25035.375,3.0
0.24450454115867615,0.0021783546544611454,3.203407800356217e-06,0.20765407755970955,0.0006596034218091518,0.00043846669723279774,catatumbo,UNICO,25035.333,25035.708,3.0
0.1028730571269989,0.006300710840150714,3.3043261282728054e-06,0.2721204608678818,0.001722251414321363,0.0010692772921174765,catatumbo,UNICO,25035.667,25036.042,3.0
0.11048632860183716,0.006141744088381529,2.1050547616141557e-06,0.6285750865936279,0.00012711117597064003,0.0008564998861402273,catatumbo,SPEAKER_02,25036.0,25036.375,3.0
0.012364902533590794,0.014600858325138688,2.930463324446464e-06,0.38720014691352844,0.00031838961876928806,0.0011940333060920238,catatumbo,SPEAKER_02,25036.333,25036.708,3.0
0.0015743941767141223,0.1110522523522377,1.1227910476918623e-06,0.006735704839229584,1.891459214675706e-05,0.10925991833209991,catatumbo,SPEAKER_02,25036.667,25037.042,3.0
0.2383388876914978,0.003968278004322201,2.145869927971944e-06,0.5797513574361801,0.00028645931161008775,0.0010478623444214463,catatumbo,SPEAKER_02,25037.333,25037.708,3.0
0.10876115411520004,0.0054110175697132945,8.00742441242619e-07,0.24080877751111984,8.806053847365547e-05,0.0004539412329904735,catatumbo,UNICO,25037.667,25038.042,3.0
0.005196388810873032,0.06746524013578892,1.0322785044536431e-06,0.2257256731390953,7.571260994154727e-06,0.0477064847946167,catatumbo,SPEAKER_02,25038.0,25038.375,3.0
0.0009767834562808275,0.12347723543643951,1.1747319774713105e-06,0.058205993846058846,8.183468526112847e-05,0.0028545628301799297,catatumbo,SPEAKER_02,25038.333,25038.708,3.0
0.006503055337816477,0.05677864886820316,1.3123387248015206e-06,0.5351647436618805,0.00016666782903485,0.002167467027902603,catatumbo,SPEAKER_02,25038.667,25039.042,3.0
0.001427558483555913,0.0800499077886343,5.273272165595699e-07,0.48654814064502716,3.969449426222127e-05,0.006701108068227768,catatumbo,UNICO,25039.0,25039.375,3.0
0.01544869877398014,0.012270603328943253,1.2801802142803353e-06,0.5186574459075928,4.1337743823532946e-05,0.004444677382707596,catatumbo,UNICO,25039.333,25039.708,3.0
0.018925625830888748,0.006965589243918657,1.0884872665428702e-06,0.46863482892513275,5.7435163398622535e-05,0.0036126081831753254,catatumbo,UNICO,25039.667,25040.042,3.0
0.12654641270637512,0.007799161947332323,5.824337392823509e-06,0.10205207206308842,0.004304560134187341,0.00101374089717865,catatumbo,SPEAKER_02,25040.333,25040.708,3.0
0.0007857939344830811,0.15824247151613235,1.4501831628876971e-06,0.6505370140075684,0.00016020187467802316,0.0059186192229390144,catatumbo,SPEAKER_02,25040.667,25041.042,3.0
0.0005889926105737686,0.16603711992502213,3.0814646265753254e-06,0.3859843611717224,0.0007408311648759991,0.007631336338818073,catatumbo,SPEAKER_02,25041.0,25041.375,3.0
0.004473955370485783,0.05684976652264595,7.025226977930288e-07,0.22843506932258606,0.0012320071691647172,0.0019381227903068066,catatumbo,SPEAKER_02,25041.333,25041.708,3.0
0.03686429560184479,0.0056699649430811405,1.9291923649689124e-06,0.2589224576950073,0.00022222462575882673,0.002446267521008849,catatumbo,SPEAKER_02,25042.667,25043.042,3.0
0.05815635249018669,0.011568408459424973,1.1929595871151832e-06,0.3731539845466614,1.7885757188196294e-05,0.00680983392521739,catatumbo,UNICO,25043.333,25043.708,3.0
0.12004660815000534,0.007276124786585569,2.2041273268769146e-06,0.47456595301628113,0.00023867121490184218,0.0011245576897636056,catatumbo,UNICO,25043.667,25044.042,3.0
0.13763363659381866,0.0019540722423698753,7.071166692185216e-07,0.01370758330449462,2.7702632905857172e-05,0.0031263043638318777,catatumbo,UNICO,25044.0,25044.375,3.0
0.09175210446119308,0.01719885878264904,1.5493871501348622e-06,0.48935794830322266,5.432440229924396e-05,0.001444538589566946,catatumbo,UNICO,25044.333,25044.708,3.0
0.04772878438234329,0.011879963101819158,1.125110173916255e-06,0.4347466826438904,1.1638224805210484e-05,0.011658651754260063,catatumbo,UNICO,25044.667,25045.042,3.0
0.4321790337562561,0.0013505342503776774,4.885780754193547e-06,0.6715807318687439,4.875440936302766e-05,0.005131807178258896,catatumbo,UNICO,25045.0,25045.375,3.0
0.04764709994196892,0.01674380199983716,1.4230199099074525e-06,0.4350244402885437,9.068979579751613e-06,0.01327667385339737,catatumbo,UNICO,25045.333,25045.708,3.0
0.03389919176697731,0.014888458885252476,1.2098806223548308e-06,0.4219989478588104,9.774205864232499e-06,0.007256565149873495,catatumbo,UNICO,25045.667,25046.042,3.0
0.0028800484724342823,0.12488812208175659,2.556414727905576e-06,0.06696521118283272,0.0003285631610197015,0.019079675897955894,catatumbo,SPEAKER_02,25046.333,25046.708,3.0
0.006100444123148918,0.05920078419148922,1.8780192476697266e-06,0.02297121100127697,0.0004455723683349788,0.010518670082092285,catatumbo,SPEAKER_02,25046.667,25047.042,3.0
0.0011639954755082726,0.25655534863471985,1.7789344610719127e-06,0.23757702857255936,0.002314117504283786,0.0056089479476213455,catatumbo,SPEAKER_02,25047.0,25047.375,3.0
0.015810223296284676,0.16862821578979492,7.129904986413749e-07,0.021634829230606556,7.261895007104613e-05,0.3579609990119934,catatumbo,SPEAKER_02,25047.333,25047.708,3.0
0.07152905315160751,0.018736581783741713,8.32020262464539e-07,0.10425255447626114,1.966730769709102e-05,0.07403204590082169,catatumbo,SPEAKER_02,25047.667,25048.042,3.0
0.0728328675031662,0.016889579594135284,3.634446215983189e-06,0.33873502910137177,0.0008503726276103407,0.00033468520268797874,catatumbo,UNICO,25048.0,25048.375,3.0
0.00784633681178093,0.021078257355839014,9.12163358179896e-07,0.3760363459587097,6.240334187168628e-05,0.004564336966723204,catatumbo,UNICO,25048.333,25048.708,3.0
0.009171372279524803,0.011928149033337831,7.464940097179351e-07,0.47113241255283356,2.7026360839954577e-05,0.008273144252598286,catatumbo,UNICO,25048.667,25049.042,3.0
0.03880547359585762,0.007350709522143006,1.8674855368772114e-06,0.3684452176094055,0.00012582019553519785,0.0009846808388829231,catatumbo,SPEAKER_02,25049.333,25049.708,3.0
0.005601468961685896,0.06400324031710625,3.3347447470077896e-06,0.47582706809043884,0.0016373290563933551,0.0006775913061574101,catatumbo,SPEAKER_02,25049.667,25050.042,3.0
0.006589257158339024,0.006644990062341094,1.9320031583447417e-06,0.5578434318304062,8.80515763128642e-05,0.0037688426673412323,catatumbo,SPEAKER_02,25050.0,25050.375,3.0
0.027031227946281433,0.015291837975382805,1.3968411280984583e-06,0.2538378983736038,0.0003455380065133795,0.006964187603443861,catatumbo,SPEAKER_02,25050.333,25050.708,3.0
0.0009184420923702419,0.12062424421310425,5.836443222051457e-07,0.41247011721134186,2.094088358717272e-05,0.019750796258449554,catatumbo,UNICO,25050.667,25051.042,3.0
0.000292534357868135,0.20620924979448318,8.141595344568486e-07,0.2095792517066002,5.069564394943882e-05,0.004450692795217037,catatumbo,UNICO,25051.0,25051.375,3.0
0.0005825467524118721,0.08238869346678257,7.756968614103243e-07,0.02833320014178753,3.590106462070253e-05,0.004315616097301245,catatumbo,UNICO,25051.333,25051.708,3.0
0.005132126621901989,0.04736019391566515,7.510027160151367e-07,0.027704213745892048,2.8516966267488897e-05,0.008013763464987278,catatumbo,UNICO,25051.667,25052.042,3.0
0.0010139929363504052,0.11790608614683151,3.44044643441066e-07,0.001115887105697766,3.608566771617916e-06,0.18143999576568604,catatumbo,UNICO,25052.333,25052.708,3.0
0.006640228442847729,0.04339083709055558,7.486444530968583e-07,0.006489460123702884,1.4955077404010808e-05,0.016112200915813446,catatumbo,UNICO,25052.667,25053.042,3.0
0.00047978886868804693,0.19026872795075178,2.5639787537556913e-07,0.004337061778642237,8.514921319147106e-06,0.07279327511787415,catatumbo,SPEAKER_02,25053.0,25053.375,3.0
0.005079707130789757,0.03630819637328386,7.102146355464356e-07,0.012909910641610622,6.950337592570577e-06,0.006084286607801914,catatumbo,SPEAKER_02,25053.333,25053.708,3.0
0.0006274253828451037,0.2157459445297718,7.111266313586384e-07,0.03979504108428955,0.0004093963361810893,0.0017861112719401717,catatumbo,SPEAKER_02,25053.667,25054.042,3.0
0.006127167958766222,0.02966804103925824,2.328261246020702e-06,0.023451440036296844,0.0001970381308638025,0.001279626158066094,catatumbo,SPEAKER_02,25054.0,25054.375,3.0
0.0032597417011857033,0.04790089838206768,2.1606885525216057e-06,0.11149841919541359,0.00026026767591247335,0.0019640689715743065,catatumbo,UNICO,25054.333,25054.708,3.0
0.0021928094793111086,0.06389965303242207,8.350834548309649e-07,0.018707686103880405,0.00024094957916531712,0.0007092026062309742,catatumbo,UNICO,25054.667,25055.042,3.0
0.010828428901731968,0.0305020734667778,7.950359304231824e-07,0.07119147665798664,0.00018398398242425174,0.0014427972491830587,catatumbo,UNICO,25055.333,25055.708,3.0
0.0038911299780011177,0.03281521983444691,1.4208488039457734e-06,0.024840191937983036,0.00014563086006091908,0.005599647294729948,catatumbo,UNICO,25055.667,25056.042,3.0
0.0006837030523456633,0.1657610423862934,8.761359993059159e-07,0.0661938302218914,5.284081453282852e-05,0.0025480424519628286,catatumbo,SPEAKER_02,25056.0,25056.375,3.0
0.0006386470631696284,0.16744862496852875,3.1281413725992024e-07,7.123803879949264e-05,1.691978468443267e-05,0.1813356727361679,catatumbo,SPEAKER_02,25056.333,25056.708,3.0
0.004722251556813717,0.020962513983249664,7.67480770491602e-07,0.050565214827656746,9.082534234039485e-05,0.0016424756031483412,catatumbo,SPEAKER_02,25056.667,25057.042,3.0
0.017935024574398994,0.008669219678267837,1.3511751149053453e-06,0.05075788497924805,3.166125861753244e-05,0.0017277596052736044,catatumbo,SPEAKER_02,25057.0,25057.375,3.0
0.029484447091817856,0.01130072632804513,1.8873445242206799e-06,0.3794466257095337,0.00013451531413011253,0.002736341906711459,catatumbo,SPEAKER_02,25057.333,25057.708,3.0
0.013616249896585941,0.04093317221850157,2.335544763809594e-06,0.44986672699451447,0.00027512770611792803,0.0013585310662165284,catatumbo,SPEAKER_02,25057.667,25058.042,3.0
0.4205320477485657,0.0011088086757808924,4.06070796543645e-06,0.014741695020347834,0.0022863800986669958,0.0015383083373308182,catatumbo,SPEAKER_02,25058.333,25058.708,3.0
0.06356049329042435,0.006023466354236007,1.2562048254949332e-06,0.02524915523827076,8.270895341411233e-05,0.0009052455425262451,catatumbo,SPEAKER_02,25058.667,25059.042,3.0
0.02615336701273918,0.0053195280488580465,1.0447716078942904e-06,0.07438664138317108,8.321658697241219e-06,0.0015433620428666472,catatumbo,SPEAKER_02,25059.0,25059.375,3.0
0.007868106476962566,0.037575751543045044,7.764840574964182e-07,0.3778286427259445,6.064113222237211e-05,0.006057760212570429,catatumbo,SPEAKER_02,25059.333,25059.708,3.0
0.0280900951474905,0.012601251248270273,1.2920968686103151e-06,0.268493227660656,0.00021073590323794633,0.003056340152397752,catatumbo,UNICO,25059.667,25060.042,3.0
0.05994502082467079,0.018525234423577785,1.8114192243956495e-06,0.2793857529759407,0.0002521734277252108,0.0017026771092787385,catatumbo,UNICO,25060.0,25060.375,3.0
0.0016273683868348598,0.07609534915536642,2.304684585396899e-06,0.3290909677743912,0.0009029659850057214,0.0006758167874068022,catatumbo,UNICO,25060.333,25060.708,3.0
0.008139925077557564,0.025490565807558596,1.4908848697814392e-06,0.06948436051607132,0.0005225157074164599,0.004553584381937981,catatumbo,UNICO,25060.667,25061.042,3.0
0.004750641994178295,0.0534522570669651,1.6626251237994438e-06,0.010540151037275791,0.0022742690052837133,0.03437775745987892,catatumbo,SPEAKER_02,25061.333,25061.708,3.0
0.010225324891507626,0.11900303140282631,3.5159062861112034e-07,0.004806699347682297,0.00077455336577259,0.023802999407052994,catatumbo,UNICO,25061.667,25062.042,3.0
0.008189288899302483,0.04340961575508118,9.75957675564132e-07,0.002025439403951168,0.000755058164941147,0.0867571011185646,catatumbo,UNICO,25062.0,25062.375,3.0
0.02121737040579319,0.04048544727265835,1.4361987723532366e-06,0.06776622124016285,0.0001245880739588756,0.04780978336930275,catatumbo,UNICO,25062.333,25062.708,3.0
0.0021335813216865063,0.26343926042318344,5.751145906174315e-07,0.00021695571194868535,0.00012875055472250096,0.2856817841529846,catatumbo,SPEAKER_02,25063.333,25063.708,3.0
0.005394575651735067,0.16960249841213226,2.636686815549183e-07,0.04307512752711773,0.00019996999617433175,0.029847940430045128,catatumbo,UNICO,25064.333,25064.708,3.0
0.004836280830204487,0.14511004835367203,4.812453511249259e-07,0.0021889081690460443,6.135622061265167e-05,0.2801609933376312,catatumbo,SPEAKER_02,25064.667,25065.042,3.0
0.03319292888045311,0.04808276239782572,1.27738519495324e-06,0.38787248730659485,7.301438927242998e-05,0.06468122452497482,catatumbo,SPEAKER_02,25065.0,25065.375,3.0
0.026570193469524384,0.037225109059363604,1.101727661989571e-06,0.3338988423347473,8.417507706326433e-05,0.01544796023517847,catatumbo,SPEAKER_02,25065.333,25065.708,3.0
0.01453534048050642,0.04120862379204482,2.299985339959676e-06,0.2702106460928917,0.0007070041901897639,0.001297506969422102,catatumbo,SPEAKER_02,25065.667,25066.042,3.0
0.015336799435317516,0.041504028253257275,2.0399622258082672e-06,0.3484487384557724,0.002916717668995261,0.0012901844456791878,catatumbo,SPEAKER_02,25066.0,25066.375,3.0
0.006341688800603151,0.024923894088715315,1.3476622484631662e-06,0.2373926192522049,0.00045410278835333884,0.0014494435163214803,catatumbo,UNICO,25066.333,25066.708,3.0
0.027796592563390732,0.022351782768964767,2.319727741451061e-06,0.19548851996660233,0.0009846804896369576,0.0025849079247564077,catatumbo,UNICO,25066.667,25067.042,3.0
0.10818697512149811,0.0039240501646418124,1.6791502162050165e-06,0.18403524905443192,4.701061152445618e-05,0.0022436517756432295,catatumbo,UNICO,25067.333,25067.708,3.0
0.015602641738951206,0.03479335596784949,2.0899536821161746e-06,0.5090020298957825,6.402139479178004e-05,0.0015465926844626665,catatumbo,UNICO,25067.667,25068.042,3.0
0.0015285974368453026,0.038043778389692307,1.5690521877331776e-06,0.7254753708839417,0.0006778315582778305,0.0006179410847835243,catatumbo,SPEAKER_02,25068.0,25068.375,3.0
0.001936823595315218,0.07054459862411022,5.793096420347865e-07,0.1718476489186287,0.0004312201199354604,0.0004288919153623283,catatumbo,SPEAKER_02,25068.333,25068.708,3.0
0.0005063816788606346,0.2409394308924675,6.322729291241558e-07,0.15159226208925247,0.0009299865341745317,0.00013232394121587276,catatumbo,SPEAKER_02,25068.667,25069.042,3.0
0.0006129441317170858,0.2948795408010483,4.407919504956226e-07,0.049100035801529884,9.516881254967302e-05,0.00100338167976588,catatumbo,UNICO,25069.0,25069.375,3.0
5.9667654568329453e-05,0.43120457231998444,1.50953745503557e-07,0.00041080724622588605,4.9839949497254565e-05,0.011373021639883518,catatumbo,SPEAKER_02,25069.333,25069.708,3.0
0.0006021459703333676,0.19357702881097794,6.196354718213115e-07,0.04069242440164089,0.0042827019933611155,0.00043079935130663216,catatumbo,SPEAKER_02,25069.667,25070.042,3.0
8.97196150617674e-05,0.4518141895532608,2.8918807970512717e-07,0.04022168181836605,0.00113202806096524,0.00025768758496269584,catatumbo,SPEAKER_02,25070.333,25070.708,3.0
1.3391236279858276e-05,0.6473227441310883,1.0864914941066672e-06,0.2180120050907135,0.0049505510833114386,0.00030912336660549045,catatumbo,UNICO,25070.667,25071.042,3.0
4.1911778680514544e-05,0.6663007140159607,8.370711555016896e-07,0.08233707770705223,0.017496436834335327,0.00018068717326968908,catatumbo,UNICO,25071.0,25071.375,3.0
0.00015370434266515076,0.4845121055841446,7.052312867017463e-07,0.05922122858464718,0.00591311021707952,0.00026513953343965113,catatumbo,UNICO,25071.333,25071.708,3.0
0.00017154421948362142,0.5081568211317062,1.6246815448539564e-07,0.002487555844709277,0.004081384278833866,0.0017435014015063643,catatumbo,SPEAKER_02,25071.667,25072.042,3.0
0.00014089491742197424,0.330314576625824,5.829854785588395e-07,0.47723162174224854,0.0007232447387650609,0.000427393417339772,catatumbo,SPEAKER_02,25072.0,25072.375,3.0
0.00012012811930617318,0.36692067980766296,1.090899900191289e-06,0.20519380271434784,0.024901188910007477,0.00011998203990515321,catatumbo,SPEAKER_02,25072.333,25072.708,3.0
0.0004471896681934595,0.2154696136713028,4.440861829380083e-07,0.13463803753256798,0.001825234794523567,0.0005757423932664096,catatumbo,SPEAKER_02,25072.667,25073.042,3.0
0.00035605940502136946,0.2060794234275818,1.0336554723267e-07,0.025663765147328377,0.0034913261188194156,0.0004962823586538434,catatumbo,SPEAKER_02,25073.333,25073.708,3.0
0.00045973656233400106,0.24713225662708282,2.2932146492848915e-07,4.8640316890669055e-05,0.01100619463250041,0.003916836343705654,catatumbo,UNICO,25073.667,25074.042,3.0
0.009682160802185535,0.08558113500475883,1.008899289445253e-06,0.0008458813244942576,0.0008757936884649098,0.032701991498470306,catatumbo,UNICO,25090.333,25090.708,3.0
0.10575232654809952,0.012173078954219818,1.658231099099794e-06,0.0010859692411031574,0.0009970554674509913,0.023594193160533905,catatumbo,SPEAKER_02,25090.667,25091.042,3.0
0.006351548712700605,0.05294801667332649,1.3609204785325346e-06,0.02963246125727892,5.0198088501929305e-05,0.10693246871232986,catatumbo,SPEAKER_02,25091.333,25091.708,3.0
0.03951674699783325,0.016835843212902546,1.9070114944952365e-06,0.5765961706638336,0.0001361868271487765,0.0013896194286644459,catatumbo,SPEAKER_02,25091.667,25092.042,3.0
0.05355420708656311,0.02476383838802576,1.2981008126189408e-06,0.29723600298166275,0.0001896298781502992,0.003740561194717884,catatumbo,UNICO,25092.0,25092.375,3.0
0.1321621686220169,0.03420563618419692,2.468615321049583e-06,0.2601349800825119,0.00026251164672430605,0.0008193709654733539,catatumbo,UNICO,25092.333,25092.708,3.0
0.009400468319654465,0.018959712237119675,1.3595072232419625e-06,0.3816011846065521,0.0001345902419416234,0.001519477111287415,catatumbo,UNICO,25093.0,25093.375,3.0
0.02030573971569538,0.016731428913772106,1.0194203241553623e-06,0.3257751762866974,9.721028982312419e-05,0.005102729890495539,catatumbo,UNICO,25093.333,25093.708,3.0
0.0012709512375295162,0.09455479867756367,1.3731302601627249e-06,0.3720637708902359,1.5571694802929414e-05,0.002382358768954873,catatumbo,SPEAKER_02,25093.667,25094.042,3.0
0.017519287765026093,0.026354028843343258,1.356056003487538e-06,0.21510306745767593,8.192903260351159e-05,0.0015758618246763945,catatumbo,UNICO,25094.333,25094.708,3.0
0.02140352688729763,0.017573031596839428,1.065241235664871e-06,0.3689761534333229,2.611475338198943e-05,0.0026410124264657497,catatumbo,UNICO,25094.667,25095.042,3.0
0.01875961944460869,0.03611369105055928,1.079201553011444e-06,0.2510124370455742,1.650579088163795e-05,0.0032034472096711397,catatumbo,UNICO,25095.0,25095.375,3.0
0.001584098325110972,0.05549841746687889,8.186826079281673e-07,0.21593957766890526,0.00012301634706091136,0.0010593639453873038,catatumbo,SPEAKER_02,25095.333,25095.708,3.0
0.0045365216210484505,0.1488102339208126,1.8231683043268276e-06,0.19797591120004654,6.016680163156707e-05,0.005110821221023798,catatumbo,SPEAKER_02,25095.667,25096.042,3.0
0.0014367355033755302,0.14173231273889542,8.137604865510184e-07,0.007589570479467511,1.217203544001677e-05,0.032473839819431305,catatumbo,SPEAKER_02,25096.0,25096.375,3.0
0.011050324887037277,0.011519170366227627,2.5280480713263387e-06,0.4089532047510147,0.00014016064233146608,0.0027883690781891346,catatumbo,SPEAKER_02,25096.333,25096.708,3.0
0.007129089441150427,0.014307495206594467,7.657291121176968e-07,0.4596049189567566,1.3221228982729372e-05,0.0012903270544484258,catatumbo,SPEAKER_02,25096.667,25097.042,3.0
0.014121969230473042,0.02042271289974451,9.868594474937709e-07,0.5165811032056808,8.713765419088304e-05,0.0038802477065473795,catatumbo,SPEAKER_02,25097.333,25097.708,3.0
0.0033878523390740156,0.01853371923789382,7.756301840800006e-07,0.5246454775333405,2.8703668249363545e-05,0.007012566085904837,catatumbo,SPEAKER_02,25097.667,25098.042,3.0
0.0012625000672414899,0.03312241891399026,2.153640750179875e-07,0.0874408595263958,4.390111882912606e-07,0.015429217368364334,catatumbo,UNICO,25098.0,25098.375,3.0
0.0007164863054640591,0.03481919737532735,3.7116322459951334e-07,0.20875724405050278,6.856223080831114e-06,0.0056547317653894424,catatumbo,UNICO,25098.333,25098.708,3.0
0.0009778151288628578,0.05740422196686268,7.594836972657504e-07,0.2691357061266899,3.029616073035868e-05,0.003105031093582511,catatumbo,UNICO,25098.667,25099.042,3.0
0.0002593705721665174,0.09875301644206047,5.211701648022427e-07,0.24842337518930435,1.9255552615504712e-05,0.0006181846838444471,catatumbo,UNICO,25099.0,25099.375,3.0
0.002455691806972027,0.012998409802094102,5.211792597492604e-07,0.12010414525866508,7.59168210606731e-06,0.0035969389136880636,catatumbo,UNICO,25099.333,25099.708,3.0
0.07122860848903656,0.06301213295955677,4.719403534636513e-06,0.37664324045181274,0.00032800674671307206,0.0013716014800593257,catatumbo,UNICO,25099.667,25100.042,3.0
0.011470738798379898,0.053775181993842125,1.1771362551371567e-06,0.29122093319892883,5.3631812988896854e-05,0.002529248595237732,catatumbo,UNICO,25100.333,25100.708,3.0
0.003549134824424982,0.020457239937968552,1.299552735645193e-06,0.4392000287771225,2.8891658075735904e-05,0.00602614926174283,catatumbo,UNICO,25100.667,25101.042,3.0
0.016482587903738022,0.009712316561490297,1.1357057587702002e-06,0.15548130869865417,0.00010280462811351754,0.0015872075455263257,catatumbo,UNICO,25101.0,25101.375,3.0
0.000607236404903233,0.057683419436216354,3.621214830218378e-07,0.1385270580649376,6.005430577715742e-06,0.002202788135036826,catatumbo,UNICO,25101.333,25101.708,3.0
0.0035350548569113016,0.025372319389134645,1.2092525878415472e-06,0.21891684085130692,3.562120400601998e-05,0.004091791342943907,catatumbo,UNICO,25101.667,25102.042,3.0
0.028229642659425735,0.009922522120177746,1.7541092915962508e-06,0.042849743738770485,0.00030418697861023247,0.002343816915526986,catatumbo,UNICO,25102.0,25102.375,3.0
0.0021073853131383657,0.07379856333136559,1.00242567668829e-06,0.010212475899606943,0.00010115219629369676,0.0017374262679368258,catatumbo,UNICO,25102.333,25102.708,3.0
0.17137829959392548,0.0018526727799326181,1.4547389355357154e-06,0.29132525622844696,0.001385523530188948,0.005547012202441692,catatumbo,SPEAKER_02,25102.667,25103.042,3.0
0.022312123328447342,0.07583091175183654,9.090731367678018e-07,0.0005762805812992156,5.6025578487606253e-05,0.29132983088493347,catatumbo,SPEAKER_02,25103.333,25103.708,3.0
0.13522304594516754,0.011870741844177246,2.5833278982645425e-06,0.07531468942761421,0.0013473969884216785,0.013868048787117004,catatumbo,SPEAKER_02,25103.667,25104.042,3.0
0.0024982851464301348,0.20715487748384476,5.62430901851485e-07,0.01716663781553507,1.7088396361941705e-05,0.08953545987606049,catatumbo,UNICO,25104.0,25104.375,3.0
0.06606797873973846,0.024850510992109776,1.6888865843611711e-06,0.024992967024445534,0.0018109010416083038,0.011253067292273045,catatumbo,SPEAKER_02,25104.667,25105.042,3.0
0.001776508055627346,0.17205235920846462,1.4765508922209847e-06,0.05984099954366684,0.002511990023776889,0.00018253916641697288,catatumbo,SPEAKER_02,25105.0,25105.375,3.0
0.0003475743578746915,0.37564195692539215,1.0577093121355574e-06,0.31935156881809235,0.0057210291270166636,5.92822179896757e-05,catatumbo,SPEAKER_02,25105.333,25105.708,3.0
7.729353092145175e-05,0.6331432163715363,3.9777863491963217e-07,0.015226988587528467,8.760072887525894e-05,0.0022468562237918377,catatumbo,SPEAKER_02,25105.667,25106.042,3.0
8.183249883586541e-05,0.6003390848636627,1.507894289431988e-07,3.391297377675073e-05,3.1510082862951094e-06,0.29562637209892273,catatumbo,SPEAKER_02,25106.333,25106.708,3.0
0.0002829357690643519,0.35907474160194397,1.0320825438725478e-07,0.002825486706569791,6.125465006334707e-06,0.0028233672492206097,catatumbo,SPEAKER_02,25106.667,25107.042,3.0
4.110155350645073e-05,0.5925225913524628,1.4283601856845962e-07,0.0054511267226189375,3.462504537310451e-05,0.001280363299883902,catatumbo,SPEAKER_02,25107.0,25107.375,3.0
5.1817925850627944e-05,0.3735373765230179,1.958489903586269e-07,0.002691459725610912,0.002840927569195628,0.0018339082598686218,catatumbo,SPEAKER_02,25107.333,25107.708,3.0
0.009971191175282001,0.054895294830203056,8.282065664388938e-07,0.34419243037700653,0.00106051706825383,0.0002874043129850179,catatumbo,SPEAKER_02,25107.667,25108.042,3.0
0.001488619833253324,0.08815275877714157,1.1888790041325592e-07,0.0006958576559554785,9.135601794696413e-05,0.004052043426781893,catatumbo,SPEAKER_02,25108.0,25108.375,3.0
0.008507766760885715,0.02637703064829111,8.810713438833773e-07,0.07363728806376457,9.218888862960739e-06,0.005751381162554026,catatumbo,SPEAKER_02,25108.333,25108.708,3.0
0.01517778355628252,0.09087509289383888,1.3424858593680256e-06,0.2884155511856079,6.097469849919435e-06,0.016088148579001427,catatumbo,SPEAKER_02,25108.667,25109.042,3.0
0.010132256895303726,0.011117940302938223,1.2936395137330692e-06,0.2751292288303375,0.0001542864993098192,0.005168435163795948,catatumbo,SPEAKER_02,25109.333,25109.708,3.0
0.015254192985594273,0.017334696487523615,1.0095203037963074e-06,0.6394456624984741,2.214379946963163e-05,0.003687255783006549,catatumbo,SPEAKER_02,25109.667,25110.042,3.0
0.019874680787324905,0.012883969000540674,1.782171125341847e-06,0.20056726410984993,0.0003240279183955863,0.0018430198542773724,catatumbo,SPEAKER_02,25110.0,25110.375,3.0
0.01855337619781494,0.01599711272865534,1.4272969224293774e-06,0.08068901486694813,0.00044887700641993433,0.0018404059810563922,catatumbo,UNICO,25110.333,25110.708,3.0
0.17593222856521606,0.004093488911166787,2.556885021931521e-06,0.04244019649922848,0.00032962646218948066,0.002689073560759425,catatumbo,UNICO,25110.667,25111.042,3.0
0.010895689949393272,0.04438481922261417,2.6061616722472536e-06,0.1139407642185688,0.0003965101786889136,0.0006948340451344848,catatumbo,UNICO,25111.0,25111.375,3.0
0.21075934171676636,0.008349202733370475,1.0050129048977396e-05,0.08779487013816833,0.0016363495378755033,0.0003732534823939204,catatumbo,UNICO,25111.333,25111.708,3.0
0.0003287105355411768,0.15951872617006302,5.633456794384983e-07,0.004590290831401944,0.00026153488579439,0.03753703460097313,catatumbo,SPEAKER_02,25111.667,25112.042,3.0
0.015616496093571186,0.027212624438107014,7.216449233737876e-07,0.0007281697617145255,2.0976655150661827e-06,0.3519337773323059,catatumbo,SPEAKER_02,25112.333,25112.708,3.0
0.00029304827330634,0.42008592188358307,1.1303909559501335e-06,0.0008708078239578754,0.00029773083952022716,0.02484225481748581,catatumbo,UNICO,25112.667,25113.042,3.0
0.008441946469247341,0.07386831939220428,1.8117188176347554e-06,0.0065048502292484045,0.002229016914498061,0.003522693645209074,catatumbo,UNICO,25113.0,25113.375,3.0
0.001038857619278133,0.18162110447883606,1.3750562999348404e-06,0.0172546049579978,5.602288911177311e-05,0.018985655158758163,catatumbo,UNICO,25113.333,25113.708,3.0
0.0028143050149083138,0.14480213075876236,1.5310090901721196e-06,0.019674286246299744,0.00029818353505106643,0.010652908124029636,catatumbo,UNICO,25113.667,25114.042,3.0
0.015323531813919544,0.06247948948293924,1.3875626194703727e-06,0.011793763376772404,0.0002738034963840619,0.01496346015483141,catatumbo,UNICO,25114.0,25114.375,3.0
0.00012599346518982202,0.4400695264339447,8.934358675105614e-07,0.0009501832391833887,1.5016532415756956e-05,0.20232342183589935,catatumbo,SPEAKER_02,25114.333,25114.708,3.0
0.0009179757907986641,0.24982719123363495,1.704079238606937e-06,0.04479833133518696,0.00033945647737709805,0.00244592665694654,catatumbo,SPEAKER_02,25114.667,25115.042,3.0
0.00042713843868114054,0.4696025103330612,6.952392013204189e-07,0.0009410397906322032,5.232337935012765e-05,0.06267321854829788,catatumbo,SPEAKER_02,25115.333,25115.708,3.0
0.0012834459776058793,0.26009711623191833,1.4973484496749734e-06,0.01482371985912323,8.825916484056506e-05,0.015147444792091846,catatumbo,UNICO,25115.667,25116.042,3.0
0.00514941243454814,0.07704230584204197,1.5122712397896976e-06,0.00018867399921873584,9.291919741372112e-05,0.4866228699684143,catatumbo,UNICO,25116.0,25116.375,3.0
0.006790876854211092,0.20801584608852863,1.9685950292114285e-07,0.11424795910716057,0.00016419571329606697,0.013301909901201725,catatumbo,SPEAKER_02,25116.333,25116.708,3.0
0.00016526071703992784,0.23031046986579895,7.445070480116556e-07,0.00010276197099301498,4.7467461627093144e-05,0.522267758846283,catatumbo,SPEAKER_02,25116.667,25117.042,3.0
0.00140457006637007,0.18380635976791382,3.6455436713822564e-07,5.834439070895314e-05,2.425090133328922e-05,0.07404614984989166,catatumbo,SPEAKER_02,25117.0,25117.375,3.0
0.0029043161775916815,0.08952809870243073,3.9025111675528024e-07,0.00033702407381497324,6.0971880884608254e-05,0.015985727310180664,catatumbo,UNICO,25117.333,25117.708,3.0
0.0013375577982515097,0.21382658928632736,3.9957438957571867e-07,4.346908099250868e-05,0.00011410180377424695,0.022910667583346367,catatumbo,UNICO,25117.667,25118.042,3.0
0.007128233090043068,0.03849176038056612,3.163523132343471e-07,0.003068974823690951,2.106812462443486e-05,0.0023994161747395992,catatumbo,SPEAKER_02,25118.333,25118.708,3.0
0.0009260150836780667,0.1444254219532013,2.315642433359244e-07,0.001873902219813317,1.5244689166138414e-05,0.012340864166617393,catatumbo,SPEAKER_02,25118.667,25119.042,3.0
0.010943710803985596,0.0657477043569088,1.6964407123509773e-07,0.0008362130465684459,4.0028571675065905e-06,0.11286929994821548,catatumbo,SPEAKER_02,25119.0,25119.375,3.0
0.042676590383052826,0.04007118148729205,4.7621426801924827e-07,0.09539198875427246,0.00016779431462055072,0.0006992508424445987,catatumbo,SPEAKER_02,25119.333,25119.708,3.0
0.009341255761682987,0.08877765201032162,8.836395295475086e-07,0.15600287914276123,0.00025295565865235403,0.0005016056238673627,catatumbo,UNICO,25119.667,25120.042,3.0
0.009419440291821957,0.11111915297806263,1.0067417690606817e-06,0.05843726545572281,0.00013827594375470653,0.0014307477977126837,catatumbo,UNICO,25120.0,25120.375,3.0
0.002663017949089408,0.12252454087138176,2.456144159168616e-07,9.851812137640081e-06,1.580020494884593e-06,0.70361328125,catatumbo,SPEAKER_02,25120.333,25120.708,3.0
0.008952014148235321,0.08122147060930729,6.329000257210282e-07,0.002169716637581587,9.26924476516433e-05,0.01618889905512333,catatumbo,SPEAKER_02,25120.667,25121.042,3.0
0.001006313948892057,0.2020462267100811,3.438357509821799e-07,0.045413319021463394,2.0520884390862193e-05,0.0046651228331029415,catatumbo,SPEAKER_02,25121.333,25121.708,3.0
0.002044079592451453,0.18129996582865715,5.864601462235441e-07,0.024530637077987194,0.000694543996360153,0.0007748171337880194,catatumbo,SPEAKER_02,25121.667,25122.042,3.0
0.0040735178627073765,0.1366114467382431,8.366172039586672e-07,0.09384393319487572,0.0003324694116599858,0.0005287408130243421,catatumbo,SPEAKER_02,25122.0,25122.375,3.0
3.294957059551962e-05,0.6227990388870239,3.2666106619672064e-07,0.2370939627289772,6.568280332430732e-05,0.003348050406202674,catatumbo,UNICO,25122.333,25122.708,3.0
0.013726597651839256,0.10210726410150528,1.0518453450458765e-06,0.45244424045085907,0.00020107681484660134,0.00479911407455802,catatumbo,UNICO,25122.667,25123.042,3.0
0.0019899436738342047,0.1170034408569336,6.713901825605717e-07,0.4303666055202484,8.834191976347938e-05,0.006489723455160856,catatumbo,UNICO,25123.0,25123.375,3.0
6.631982250837609e-05,0.2439260631799698,3.1189244964480167e-07,0.09593211114406586,4.8625157432979904e-05,0.0015078275464475155,catatumbo,UNICO,25123.333,25123.708,3.0
0.0002413722249912098,0.3724979907274246,3.7242952544147556e-07,0.6166916489601135,2.9359024665609468e-05,0.0047556632198393345,catatumbo,SPEAKER_02,25123.667,25124.042,3.0
0.0002315503661520779,0.3351198732852936,7.552021941137355e-07,0.17594899982213974,0.011306469794362783,2.2248472305363975e-05,catatumbo,SPEAKER_02,25124.333,25124.708,3.0
5.114993473398499e-05,0.40485242009162903,7.232405323520652e-07,0.3146825134754181,0.004577543120831251,7.23423800081946e-05,catatumbo,UNICO,25124.667,25125.042,3.0
0.00013595230120699853,0.40965408086776733,3.455973711652405e-07,0.4077646732330322,0.001617445726878941,0.00013659984688274562,catatumbo,SPEAKER_02,25125.0,25125.375,3.0
0.00012362825509626418,0.20580264180898666,1.1601579785747163e-07,0.00034127506660297513,0.00016791702364571393,0.013921394944190979,catatumbo,SPEAKER_02,25125.333,25125.708,3.0
0.0001537343778181821,0.2977569252252579,6.468700952666495e-08,0.005777337355539203,9.539295206195675e-05,0.001241876045241952,catatumbo,SPEAKER_02,25125.667,25126.042,3.0
0.0007585135754197836,0.11261951923370361,3.815500519976922e-07,0.0916844978928566,0.0021614369470626116,0.00010913974256254733,catatumbo,SPEAKER_02,25126.0,25126.375,3.0
0.0002490277693141252,0.18931245803833008,1.1779748732010376e-07,0.012578906491398811,0.0008314489386975765,0.00019974341557826847,catatumbo,SPEAKER_02,25126.333,25126.708,3.0
0.0002756005269475281,0.23532148450613022,9.047207356616127e-07,0.09872867539525032,0.013117038179188967,0.00011194231046829373,catatumbo,SPEAKER_02,25126.667,25127.042,3.0
0.00032971423934213817,0.22502370178699493,4.346264574905945e-07,0.17358282208442688,0.0026602253783494234,0.00019141213851980865,catatumbo,UNICO,25127.333,25127.708,3.0
0.0005894110072404146,0.3537568151950836,5.524832431547111e-07,0.13293613865971565,0.003058668109588325,0.00013437170127872378,catatumbo,UNICO,25127.667,25128.042,3.0
0.0019525582902133465,0.15935690701007843,4.160897475458114e-07,0.00021000955166528001,0.0001835140174080152,0.016462717205286026,catatumbo,SPEAKER_02,25128.0,25128.375,3.0
0.0003724074049387127,0.4441094547510147,3.810646944657492e-07,0.1522418037056923,0.005805325461551547,0.00017460674280300736,catatumbo,SPEAKER_02,25128.333,25128.708,3.0
0.0003898239810951054,0.38615432381629944,4.097815207160238e-07,0.01882707141339779,0.002523343777284026,0.00046142091741785407,catatumbo,SPEAKER_02,25128.667,25129.042,3.0
0.0010667990427464247,0.2555838003754616,1.3564761758289023e-07,0.0026327645173296332,0.0008299631299450994,0.0006463367026299238,catatumbo,SPEAKER_02,25129.0,25129.375,3.0
0.002049422822892666,0.23287353664636612,7.671312403090269e-07,0.15812958776950836,0.003279612399637699,0.0031219383236020803,catatumbo,SPEAKER_02,25129.333,25129.708,3.0
0.004924856126308441,0.054646844044327736,1.0667374539252705e-07,0.0010464156221132725,1.6005586076062173e-05,0.021811481565237045,catatumbo,SPEAKER_02,25129.667,25130.042,3.0
0.012962537817656994,0.034853946417570114,1.3982888731334242e-06,0.3712078332901001,3.9327504055108875e-05,0.0035912387538701296,catatumbo,UNICO,25130.333,25130.708,3.0
0.00413421168923378,0.04359394032508135,6.996170043294114e-07,0.37452006340026855,1.9362772945896722e-05,0.011315945535898209,catatumbo,UNICO,25130.667,25131.042,3.0
0.009132970124483109,0.012531125452369452,6.373403778070497e-07,0.07837804779410362,0.0003689088625833392,0.0010589022422209382,catatumbo,UNICO,25131.0,25131.375,3.0
0.030851850286126137,0.01317972713150084,9.965468734662863e-07,0.3519808053970337,0.0004414665309013799,0.0018103024922311306,catatumbo,UNICO,25131.333,25131.708,3.0
0.035704001784324646,0.00989297078922391,5.049306537330267e-07,0.013711547944694757,3.384475894563366e-05,0.012706870213150978,catatumbo,SPEAKER_02,25131.667,25132.042,3.0
0.001391683821566403,0.17532428726553917,3.2820807405187225e-07,0.0012293122708797455,4.056258831042214e-06,0.14131422340869904,catatumbo,SPEAKER_02,25132.0,25132.375,3.0
0.005799872800707817,0.13617589697241783,5.561674925047555e-07,0.024118450470268726,0.00037292302295099944,0.0006005308823660016,catatumbo,SPEAKER_02,25132.333,25132.708,3.0
0.002014491707086563,0.2689301669597626,4.1732270972261176e-07,0.025369721464812756,0.0002607031201478094,0.0004338170983828604,catatumbo,SPEAKER_02,25132.667,25133.042,3.0
0.0006325027206912637,0.17467767745256424,6.532568193051702e-07,0.24341366440057755,0.0001274302849196829,0.0018391974736005068,catatumbo,UNICO,25133.333,25133.708,3.0
0.0007114966865628958,0.15037459507584572,1.8999705275746237e-07,0.047766588628292084,3.0695476198161487e-05,0.0008160694851540029,catatumbo,SPEAKER_02,25133.667,25134.042,3.0
0.0044381218031048775,0.04919501207768917,5.384264341046219e-07,0.04603908024728298,0.0003198015474481508,0.00015429097402375191,catatumbo,SPEAKER_02,25134.0,25134.375,3.0
0.0018276011105626822,0.204648956656456,9.69219144053568e-07,0.10281550139188766,0.006388584617525339,0.0006757871014997363,catatumbo,SPEAKER_02,25134.333,25134.708,3.0
0.001464071567170322,0.17789501696825027,7.926869329821784e-07,0.0757746510207653,0.004900401690974832,0.00012254212924744934,catatumbo,SPEAKER_02,25134.667,25135.042,3.0
0.011288372799754143,0.04841521009802818,6.394904232820409e-07,0.03400128148496151,0.0029148705070838332,0.00012446819164324552,catatumbo,UNICO,25135.0,25135.375,3.0
0.001644653151743114,0.20711559802293777,8.281349153094197e-07,0.021587643772363663,0.02302517183125019,0.0001879272749647498,catatumbo,UNICO,25135.333,25135.708,3.0
0.0008659697487019002,0.24527156352996826,8.619688287581084e-07,0.06395787931978703,0.006275003543123603,0.00014330346311908215,catatumbo,UNICO,25135.667,25136.042,3.0
0.010774052701890469,0.06383626163005829,1.366652497836185e-06,0.3058386817574501,0.0013912274735048413,0.0019745982717722654,catatumbo,SPEAKER_02,25136.333,25136.708,3.0
0.0033763188403099775,0.1360551454126835,7.924961380467721e-07,0.5233643651008606,0.00023085493012331426,0.0012101191096007824,catatumbo,SPEAKER_02,25136.667,25137.042,3.0
0.003969766665250063,0.20120403170585632,1.7127434404073938e-07,0.0010702112049330026,3.0830620971755707e-06,0.03856677934527397,catatumbo,SPEAKER_02,25137.0,25137.375,3.0
0.0031704746652394533,0.08965537510812283,9.114659604847475e-07,0.009741332614794374,0.0008772352884989232,0.0003129450196865946,catatumbo,SPEAKER_00,25218.333,25218.708,3.0
0.013423384167253971,0.0571501012891531,4.923586942595648e-07,9.316408250015229e-05,8.34690354167833e-06,0.12610071897506714,catatumbo,SPEAKER_00,25218.667,25219.042,3.0
0.0013320563593879342,0.1619836986064911,8.67944635274398e-07,0.49140846729278564,7.48416678106878e-05,0.0018418352119624615,catatumbo,SPEAKER_00,25219.0,25219.375,3.0
0.004034630488604307,0.13392668589949608,7.400208517083229e-07,0.3780614882707596,0.0003828328481176868,0.0011489239986985922,catatumbo,SPEAKER_00,25219.333,25219.708,3.0
0.00192487973254174,0.11862123012542725,2.335537416797706e-07,0.01646553771570325,2.450724593927589e-06,0.015055372379720211,catatumbo,SPEAKER_00,25219.667,25220.042,3.0
0.0010464575607329607,0.15195801109075546,3.7832417376648664e-07,0.009015629766508937,7.19991135156306e-06,0.002760419389232993,catatumbo,SPEAKER_00,25220.333,25220.708,3.0
0.0006784439319744706,0.2398335188627243,6.797648381962063e-07,0.5111361891031265,0.0002130922002834268,0.001218729536049068,catatumbo,SPEAKER_00,25220.667,25221.042,3.0
0.0012893613893538713,0.14718181267380714,4.848126735623737e-07,0.0328353475779295,0.0013116378977429122,6.298343214439228e-05,catatumbo,SPEAKER_00,25221.0,25221.375,3.0
0.00031186328851617873,0.23612158745527267,3.694016328381622e-07,0.049213822931051254,0.0002516649110475555,0.00010762384772533551,catatumbo,SPEAKER_00,25221.333,25221.708,3.0
0.0022213831543922424,0.13684463128447533,1.2262694326636847e-06,0.46313902735710144,0.0005968715122435242,0.00029201889992691576,catatumbo,SPEAKER_00,25221.667,25222.042,3.0
0.0017324464861303568,0.1965123936533928,1.5784427631615472e-07,0.026216660626232624,6.6365226302878e-05,0.0005596202681772411,catatumbo,SPEAKER_00,25222.0,25222.375,3.0
0.010206340812146664,0.10239563509821892,4.3425906426364236e-07,0.006903664907440543,0.003693274105899036,0.00031359793501906097,catatumbo,UNICO,25222.333,25222.708,3.0
0.004364905878901482,0.11562702804803848,3.8055844697737484e-07,0.0054547712206840515,0.0028046591905876994,0.0004180272517260164,catatumbo,UNICO,25222.667,25223.042,3.0
0.004149588756263256,0.12146127596497536,2.1941055194929504e-07,0.0002983123704325408,0.00372427876573056,0.0030228730756789446,catatumbo,UNICO,25223.333,25223.708,3.0
0.00063841458177194,0.1227366030216217,2.3658918024693776e-07,3.632025618571788e-05,0.00012120403698645532,0.028657954186201096,catatumbo,SPEAKER_00,25223.667,25224.042,3.0
0.002480429597198963,0.08026462234556675,1.2393362069929026e-07,1.214381563841016e-05,1.3604204696093802e-07,0.7424840927124023,catatumbo,SPEAKER_00,25224.0,25224.375,3.0
0.018989400938153267,0.04638826660811901,8.174002061878127e-07,0.25020530074834824,0.00023324140056502074,0.00026342563796788454,catatumbo,SPEAKER_00,25224.333,25224.708,3.0
0.0008646943024359643,0.1642320640385151,4.126777071178367e-07,0.02728524524718523,0.0006701867678202689,0.000422183598857373,catatumbo,SPEAKER_00,25224.667,25225.042,3.0
0.00046947546070441604,0.18241024762392044,1.3962451461679848e-07,0.0010221726261079311,7.127833305275999e-05,0.002143614226952195,catatumbo,SPEAKER_00,25225.0,25225.375,3.0
0.002247166121378541,0.12918389588594437,3.862453556990886e-08,0.00013583354302681983,2.860735889953503e-06,0.15134456753730774,catatumbo,SPEAKER_00,25225.333,25225.708,3.0
0.004427339881658554,0.1625063270330429,3.7264283037075074e-07,0.03193578589707613,0.0015696208574809134,0.00016639602836221457,catatumbo,SPEAKER_00,25225.667,25226.042,3.0
0.006122941616922617,0.20575429499149323,3.277676228208293e-07,0.03180261421948671,0.006485288962721825,0.00019796098058577627,catatumbo,SPEAKER_00,25226.333,25226.708,3.0
0.0008928379975259304,0.20574191212654114,1.7509853478259174e-06,0.3709215223789215,0.0022688062163069844,0.00027761829551309347,catatumbo,SPEAKER_00,25226.667,25227.042,3.0
0.0011669248342514038,0.1331034004688263,1.102296948829462e-06,0.35890550911426544,0.0037474072305485606,4.934103708365001e-05,catatumbo,SPEAKER_00,25227.0,25227.375,3.0
0.0030499352142214775,0.21501723676919937,6.647413819393932e-08,0.0012985365465283394,1.274675832974026e-05,0.013202143833041191,catatumbo,SPEAKER_00,25227.333,25227.708,3.0
0.00936622079461813,0.06567702069878578,6.512702839245321e-07,0.351484939455986,0.0007526518020313233,0.0002600413572508842,catatumbo,SPEAKER_00,25227.667,25228.042,3.0
0.0017147837206721306,0.1372082270681858,1.511676508414439e-07,0.001938285247888416,4.499984243011568e-05,0.010615536943078041,catatumbo,SPEAKER_00,25228.0,25228.375,3.0
0.0019208795856684446,0.09848810732364655,1.938147136115731e-07,0.00983467884361744,8.61100616020849e-05,0.00034770360798574984,catatumbo,SPEAKER_00,25228.333,25228.708,3.0
0.001932769431732595,0.12096325680613518,2.569020765008645e-07,0.03992575965821743,0.0007227300084196031,0.00013673718785867095,catatumbo,SPEAKER_00,25228.667,25229.042,3.0
0.0007586100255139172,0.15609252080321312,1.9112138005539236e-07,0.014947469346225262,0.00012783741112798452,0.00017978870891965926,catatumbo,SPEAKER_00,25229.333,25229.708,3.0
0.006627203896641731,0.04504822287708521,4.889017048981259e-07,0.15976795554161072,0.003497035475447774,0.0001501478982390836,catatumbo,SPEAKER_00,25229.667,25230.042,3.0
0.0010011076228693128,0.07445963472127914,1.3179912983218856e-07,0.0009478387364652008,0.00043688336154446006,0.0028757709078490734,catatumbo,SPEAKER_00,25230.0,25230.375,3.0
0.0014481553807854652,0.08199607767164707,7.002776385434117e-07,0.03866501525044441,0.019657006952911615,6.24690146651119e-05,catatumbo,SPEAKER_00,25230.333,25230.708,3.0
0.008284328505396843,0.03581414371728897,9.217870555744412e-08,0.003137812716886401,0.00010364841728005558,0.006062594708055258,catatumbo,SPEAKER_00,25230.667,25231.042,3.0
0.0005302289500832558,0.3208649158477783,8.634889638869936e-07,0.10262724757194519,0.013437355402857065,3.075022323173471e-05,catatumbo,SPEAKER_00,25231.0,25231.375,3.0
0.00429841224104166,0.09456845745444298,1.1742795038571785e-06,0.02297765202820301,0.0010864865616895258,0.0011828920105472207,catatumbo,SPEAKER_00,25231.333,25231.708,3.0
0.008924203924834728,0.03623785823583603,9.905083402372838e-07,0.033296422101557255,0.009217767044901848,0.00036693812580779195,catatumbo,SPEAKER_00,25231.667,25232.042,3.0
0.0024115084670484066,0.18181296437978745,6.989508136712175e-07,0.004158148542046547,1.550031447550282e-05,0.009950735606253147,catatumbo,SPEAKER_00,25232.333,25232.708,3.0
0.024106603115797043,0.02540327562019229,1.6261303699138807e-06,0.29829181730747223,0.0018308019498363137,0.00015249982243403792,catatumbo,SPEAKER_00,25232.667,25233.042,3.0
0.005507973022758961,0.05170726403594017,5.944956029679815e-07,0.08764505013823509,0.00012125042121624574,0.0008920726249925792,catatumbo,SPEAKER_00,25233.0,25233.375,3.0
0.00960537325590849,0.060162740759551525,1.003590938353227e-06,0.03128699120134115,0.00043555189040489495,0.00042689318070188165,catatumbo,SPEAKER_00,25233.333,25233.708,3.0
0.0018987780204042792,0.051156735979020596,5.433206524685374e-07,0.09033882431685925,0.0006399146222975105,0.0008863676339387894,catatumbo,SPEAKER_00,25233.667,25234.042,3.0
0.00213179225102067,0.03272781055420637,5.020843474312642e-07,0.036652122624218464,0.0003503784682834521,0.0006708388100378215,catatumbo,SPEAKER_00,25234.0,25234.375,3.0
0.0004385776410344988,0.16429095715284348,1.7618368985949928e-07,0.0018567769002402201,1.6076299402811856e-06,0.20522785186767578,catatumbo,SPEAKER_00,25234.333,25234.708,3.0
0.01037746760994196,0.05621408671140671,9.126551958615892e-07,0.22112198919057846,0.00015688042185502127,0.0004675856325775385,catatumbo,SPEAKER_00,25234.667,25235.042,3.0
0.01936424896121025,0.05674860253930092,1.2007094483124092e-06,0.49401114881038666,0.00020918211521347985,0.00129759032279253,catatumbo,SPEAKER_00,25235.333,25235.708,3.0
0.04325587674975395,0.026409046724438667,1.2023609201605723e-06,0.16664239019155502,0.00010310280049452558,0.0005439075757749379,catatumbo,SPEAKER_00,25235.667,25236.042,3.0
0.0022331285290420055,0.13376738131046295,2.1573645625494464e-07,0.00014936722618585918,9.106450562512691e-07,0.43681976199150085,catatumbo,SPEAKER_00,25236.0,25236.375,3.0
0.1036156490445137,0.02828944195061922,5.120428738791816e-07,0.013709898572415113,6.78647502354579e-05,0.0008777313632890582,catatumbo,SPEAKER_00,25236.333,25236.708,3.0
0.015609623864293098,0.08491943217813969,6.159474565947676e-07,0.007961464114487171,0.00010585731433820911,0.0018282823730260134,catatumbo,SPEAKER_00,25236.667,25237.042,3.0
0.03539847955107689,0.07648265548050404,4.891516596217116e-07,0.011288542300462723,0.00031482704798690975,0.0009933884721249342,catatumbo,SPEAKER_00,25237.0,25237.375,3.0
0.024293210357427597,0.00733037362806499,2.26676752390631e-06,0.1342594102025032,0.0003568858955986798,0.000981318298727274,catatumbo,UNICO,25237.333,25237.708,3.0
0.01203416008502245,0.015359322540462017,1.5740880598968943e-06,0.02561325952410698,0.00033162183535750955,0.0005707091768272221,catatumbo,UNICO,25237.667,25238.042,3.0
0.12181875854730606,0.0022544903913512826,2.326280082343146e-06,0.5292612314224243,0.00014553625078406185,0.0022744028829038143,catatumbo,SPEAKER_00,25238.333,25238.708,3.0
0.3072328567504883,0.0008087222086032853,1.382311040742934e-06,0.0005187650385778397,5.901533950236626e-05,0.02713831141591072,catatumbo,SPEAKER_00,25238.667,25239.042,3.0
0.09635337442159653,0.006899072439409792,9.562505454141501e-07,0.5960594415664673,2.3719994260318344e-05,0.0034968422260135412,catatumbo,SPEAKER_00,25239.0,25239.375,3.0
0.045889630913734436,0.033098591840825975,7.386801428310719e-07,0.016741131665185094,0.0006404296145774424,0.006641458719968796,catatumbo,SPEAKER_00,25239.333,25239.708,3.0
0.00621167104691267,0.048302946612238884,1.7471525097789709e-06,0.17276115715503693,0.0003275763738201931,0.0019306245958432555,catatumbo,SPEAKER_00,25239.667,25240.042,3.0
0.09769304096698761,0.006015091901645064,6.99986372865169e-07,0.000505752133904025,9.589916771801654e-06,0.2699853479862213,catatumbo,SPEAKER_00,25240.0,25240.375,3.0
0.23886047303676605,0.00037957790482323617,1.933753424054885e-06,0.5426600128412247,8.349883501068689e-05,0.00513275945559144,catatumbo,SPEAKER_00,25240.333,25240.708,3.0
0.025737492367625237,0.004099793150089681,2.287392021571577e-06,0.19186916947364807,4.432621244632173e-05,0.10099385678768158,catatumbo,SPEAKER_00,25240.667,25241.042,3.0
0.04383951053023338,0.006652960786595941,1.0142677524527244e-06,0.11594860255718231,9.63848924584454e-06,0.158005490899086,catatumbo,UNICO,25241.333,25241.708,3.0
0.026432553306221962,0.003368662786670029,2.1245296579763817e-06,0.21949178725481033,0.0002590817821328528,0.0028335440438240767,catatumbo,UNICO,25241.667,25242.042,3.0
0.006094456650316715,0.07494698883965611,9.990372120682878e-07,0.3608262538909912,2.200854851253098e-06,0.15540596842765808,catatumbo,SPEAKER_00,25242.0,25242.375,3.0
0.009382019750773907,0.020224989857524633,1.7650204995334207e-06,0.016685676760971546,0.00015629568952135742,0.0011094792280346155,catatumbo,SPEAKER_00,25242.333,25242.708,3.0
0.015764145180583,0.009205649374052882,7.293408543773694e-07,0.005572654539719224,0.00019296133541502059,0.003938885871320963,catatumbo,SPEAKER_00,25242.667,25243.042,3.0
0.029943346977233887,0.010087515693157911,5.573026697902606e-07,0.10827936232089996,3.588141407817602e-05,0.020304681733250618,catatumbo,SPEAKER_00,25243.0,25243.375,3.0
0.028418809175491333,0.0072027104906737804,1.7872508806249243e-06,0.06380009278655052,8.548588084522635e-05,0.005854946095496416,catatumbo,UNICO,25243.333,25243.708,3.0
0.11486693471670151,0.0025221731630153954,2.661733674358402e-06,0.0860687643289566,3.2384126825490966e-05,0.0058600883930921555,catatumbo,UNICO,25243.667,25244.042,3.0
0.2627762258052826,0.0005075202498119324,3.1570791634294437e-06,0.6131377816200256,8.745390732656233e-05,0.014496194198727608,catatumbo,SPEAKER_00,25244.333,25244.708,3.0
0.00461396062746644,0.0507957236841321,2.2970615418671514e-06,0.4047088921070099,0.0002107671243720688,0.0015355005161836743,catatumbo,SPEAKER_00,25244.667,25245.042,3.0
0.004982633516192436,0.04325613100081682,1.934337177544876e-06,0.5084024518728256,0.00021174163703108206,0.0020080655813217163,catatumbo,SPEAKER_00,25245.0,25245.375,3.0
0.03445062041282654,0.0067072242964059114,2.7580983896768885e-06,0.7202565670013428,0.0005256896838545799,0.0005201857420615852,catatumbo,SPEAKER_00,25245.333,25245.708,3.0
0.007098430767655373,0.007024742662906647,1.5734230487396417e-06,0.7274735569953918,2.639426020323299e-05,0.0039048255421221256,catatumbo,SPEAKER_00,25245.667,25246.042,3.0
0.011427730321884155,0.008171102264896035,1.1979236660408787e-06,0.537857711315155,0.00011884844207088463,0.0033495130483061075,catatumbo,SPEAKER_00,25246.0,25246.375,3.0
0.010433090850710869,0.004181610187515616,1.8065569520331337e-06,0.6906870901584625,0.0002576787883299403,0.0013621955877169967,catatumbo,SPEAKER_00,25246.333,25246.708,3.0
0.037016235291957855,0.008409923641011119,1.2124867225793423e-06,0.10796265676617622,4.525422627921216e-05,0.0035988485906273127,catatumbo,SPEAKER_00,25246.667,25247.042,3.0
0.006914932746440172,0.04142802860587835,1.5373375958915858e-06,0.0085699581541121,3.147743973386241e-05,0.0446879044175148,catatumbo,SPEAKER_00,25247.333,25247.708,3.0
0.024070490151643753,0.01819417392835021,2.188236180700187e-06,0.2402409389615059,0.00010133159230463207,0.005104962270706892,catatumbo,SPEAKER_00,25247.667,25248.042,3.0
0.157339408993721,0.0009311792382504791,2.0594574721144454e-06,0.38723208010196686,7.131417441996746e-05,0.0037038337904959917,catatumbo,SPEAKER_00,25248.0,25248.375,3.0
0.026408519595861435,0.017292971955612302,1.0550952538324054e-06,0.617929995059967,0.00016076183237601072,0.007284401450306177,catatumbo,SPEAKER_00,25248.333,25248.708,3.0
0.040374599397182465,0.013812519144266844,1.3767967743660847e-06,0.011401950614526868,0.00012288024299778044,0.4059971868991852,catatumbo,SPEAKER_00,25248.667,25249.042,3.0
0.0462605357170105,0.0077005052007734776,1.2147588677180465e-06,0.16463720798492432,4.325530426285695e-05,0.006906303111463785,catatumbo,SPEAKER_00,25249.0,25249.375,3.0
0.03096572868525982,0.03136498248204589,3.24709037613502e-06,0.025290017714723945,0.0019450660911388695,0.0023228642530739307,catatumbo,SPEAKER_00,25249.333,25249.708,3.0
0.007837595418095589,0.0026232642121613026,2.2345216166286264e-06,0.46379825472831726,7.919287600088865e-05,0.0030872919596731663,catatumbo,SPEAKER_00,25249.667,25250.042,3.0
0.038554977625608444,0.0017920899554155767,2.4172461507987464e-06,0.03451416455209255,3.4988458537554834e-05,0.008013305254280567,catatumbo,UNICO,25250.333,25250.708,3.0
0.07707322388887405,0.003778112353757024,7.682790510443738e-07,0.0006892010569572449,8.5173546722217e-06,0.0671495869755745,catatumbo,SPEAKER_00,25250.667,25251.042,3.0
0.06229052320122719,0.003588956838939339,3.151514874843997e-06,0.17843934148550034,0.00018309591541765258,0.0011048511369153857,catatumbo,SPEAKER_00,25251.0,25251.375,3.0
0.000182889198185876,0.33111800253391266,9.235359073045402e-07,0.0013524722889997065,6.042431778041646e-06,0.14274747669696808,catatumbo,SPEAKER_00,25251.333,25251.708,3.0
0.005064593628048897,0.10946433991193771,1.6583923070356832e-06,0.7658231258392334,0.00016273189248749986,0.004271054640412331,catatumbo,SPEAKER_00,25251.667,25252.042,3.0
0.0036054302472621202,0.09264447540044785,5.156152553809079e-07,0.034524284303188324,1.1543434993654955e-05,0.007091413717716932,catatumbo,SPEAKER_00,25252.0,25252.375,3.0
0.007854487746953964,0.032859178725630045,1.638404967252427e-07,0.007191979326307774,5.295010168993031e-06,0.010967875830829144,catatumbo,SPEAKER_00,25252.333,25252.708,3.0
0.0029321720357984304,0.04064878076314926,4.96087963597347e-07,0.05436617322266102,2.9714670972680324e-06,0.005734950769692659,catatumbo,SPEAKER_00,25252.667,25253.042,3.0
0.06208164617419243,0.0027163034537807107,1.301102116713082e-06,0.1750013828277588,0.0001132263605541084,0.0015187488170340657,catatumbo,UNICO,25253.333,25253.708,3.0
0.010528783313930035,0.006653998978435993,1.1609403145484976e-06,0.1171777956187725,2.7391393814468756e-05,0.0021369371097534895,catatumbo,SPEAKER_00,25253.667,25254.042,3.0
0.4652690589427948,0.001567967003211379,3.2247655212813697e-06,0.49096056818962097,0.00014911149628460407,0.0009263022802770138,catatumbo,SPEAKER_00,25254.0,25254.375,3.0
0.19428914785385132,0.005891207547392696,5.680516437678307e-06,0.5112636834383011,0.001711354881990701,0.000432757253292948,catatumbo,SPEAKER_00,25254.333,25254.708,3.0
0.00030657375464215875,0.2622043639421463,8.919257936668146e-07,0.12235118448734283,9.16810313356109e-06,0.01861858181655407,catatumbo,SPEAKER_00,25254.667,25255.042,3.0
0.03705110400915146,0.007960850605741143,1.4657202882517595e-06,0.6435423791408539,9.058413343154825e-05,0.0013382049510255456,catatumbo,SPEAKER_00,25255.0,25255.375,3.0
0.022165663540363312,0.01432089600712061,2.5006813757499913e-06,0.7493582963943481,0.0005462205153889954,0.0007076935726217926,catatumbo,SPEAKER_00,25255.333,25255.708,3.0
0.02129088155925274,0.030340674798935652,1.3025376972564118e-06,0.23780978471040726,5.020587923354469e-05,0.0041284323669970036,catatumbo,SPEAKER_00,25255.667,25256.042,3.0
0.005890787113457918,0.005932352039963007,1.3647946275341383e-06,0.2349553406238556,0.00013979636423755437,0.0048387739807367325,catatumbo,SPEAKER_00,25256.333,25256.708,3.0
0.004702657461166382,0.024570385925471783,7.373080279649002e-07,0.0652223639190197,3.470600859145634e-05,0.03238745033740997,catatumbo,SPEAKER_00,25256.667,25257.042,3.0
0.0049765524454414845,0.009323876351118088,1.3245754075796867e-06,0.12476968392729759,3.330632534925826e-05,0.014329040423035622,catatumbo,SPEAKER_00,25257.0,25257.375,3.0
0.003492876887321472,0.008504869882017374,2.248644364044594e-06,0.5773319005966187,0.00010804700650624,0.0051693394780159,catatumbo,UNICO,25257.333,25257.708,3.0
0.004190509673207998,0.011937460163608193,1.968925175788172e-06,0.5623603165149689,0.00017843465320765972,0.011616573669016361,catatumbo,SPEAKER_00,25257.667,25258.042,3.0
0.2818485498428345,0.0011098290997324511,2.060036365492124e-06,0.4633284956216812,0.00035611649218481034,0.0026843445375561714,catatumbo,SPEAKER_00,25258.0,25258.375,3.0
0.07194821536540985,0.003321592230349779,8.908480424452137e-07,0.0010880020854528993,6.762823977624066e-05,0.023236384615302086,catatumbo,SPEAKER_00,25258.333,25258.708,3.0
0.001682603033259511,0.014016245491802692,6.495143622942123e-07,0.06743770465254784,6.3564204992871964e-06,0.03509731590747833,catatumbo,SPEAKER_00,25258.667,25259.042,3.0
0.048989586532115936,0.005951142520643771,3.082960290612391e-06,0.02106404770165682,0.0024693215964362025,0.001957653323188424,catatumbo,SPEAKER_00,25259.333,25259.708,3.0
0.1494051218032837,0.002337254525627941,1.8768336076391279e-06,0.020624585915356874,0.00123680240358226,0.005033089779317379,catatumbo,SPEAKER_00,25259.667,25260.042,3.0
0.044934097677469254,0.009310406137956306,1.962654550879961e-06,0.040579114109277725,1.9090074601990636e-05,0.008100646547973156,catatumbo,SPEAKER_00,25260.0,25260.375,3.0
0.08403974771499634,0.00343305995920673,3.861402859683949e-07,0.014211544767022133,7.559041705462732e-06,0.008592997677624226,catatumbo,SPEAKER_00,25260.333,25260.708,3.0
0.04106585308909416,0.009444087045267224,1.1514527500366967e-06,0.04976807162165642,5.0640952395042405e-05,0.001953789498656988,catatumbo,SPEAKER_00,25260.667,25261.042,3.0
0.07501928508281708,0.004975322866812348,1.6306581755998195e-06,0.1394350230693817,8.560385685996152e-05,0.0020551406778395176,catatumbo,UNICO,25261.0,25261.375,3.0
0.0297011099755764,0.0073145111091434956,1.6038426338127465e-06,0.038565125316381454,9.794875950319692e-05,0.0019709181506186724,catatumbo,SPEAKER_00,25261.333,25261.708,3.0
0.006291762460023165,0.017642550636082888,6.553491402883083e-07,0.019446905236691236,1.1877754332090262e-05,0.013970625586807728,catatumbo,SPEAKER_00,25261.667,25262.042,3.0
0.007736537139862776,0.02458838652819395,9.082142895522338e-07,0.0005526376480702311,1.5725527191534638e-06,0.6999952793121338,catatumbo,SPEAKER_00,25262.333,25262.708,3.0
0.006257493048906326,0.06166422180831432,1.3968331984415272e-06,0.22349437326192856,3.250904046581127e-05,0.00739083020016551,catatumbo,SPEAKER_00,25262.667,25263.042,3.0
0.0022702214773744345,0.11341894418001175,1.8871807867526513e-06,0.4739582985639572,0.0004663099825847894,0.0019874696154147387,catatumbo,SPEAKER_00,25263.0,25263.375,3.0
0.050945911556482315,0.0019771397346630692,2.197356650412985e-06,0.18038978427648544,6.912555818416877e-06,0.031721241772174835,catatumbo,SPEAKER_00,25263.333,25263.708,3.0
0.08285755664110184,0.004166393890045583,1.4619569697060797e-06,0.32317421585321426,8.16733663668856e-05,0.009434507228434086,catatumbo,SPEAKER_00,25263.667,25264.042,3.0
0.06627189368009567,0.004180363728664815,1.4066374092180922e-06,0.617978572845459,4.351979623606894e-05,0.002762792631983757,catatumbo,SPEAKER_00,25264.0,25264.375,3.0
0.03672949597239494,0.008650184608995914,2.4044800284173107e-06,0.6753774881362915,0.00016543288074899465,0.0015267127892002463,catatumbo,SPEAKER_00,25264.333,25264.708,3.0
0.155019611120224,0.002129349217284471,4.1823722085609916e-06,0.8055680096149445,0.00023300295288208872,0.001726610236801207,catatumbo,SPEAKER_00,25264.667,25265.042,3.0
0.00026792363496497273,0.31807079911231995,2.0433523957308353e-06,0.11731555312871933,0.0005576045077759773,0.001753154443576932,catatumbo,SPEAKER_00,25265.333,25265.708,3.0
0.040393467992544174,0.010238372720777988,1.467309061808919e-06,0.003465991176199168,4.088834430149291e-05,0.013634232804179192,catatumbo,SPEAKER_00,25265.667,25266.042,3.0
0.034403786063194275,0.006963635329157114,1.2915908200739068e-06,0.39092983305454254,9.364918514620513e-05,0.010474720038473606,catatumbo,SPEAKER_00,25266.0,25266.375,3.0
0.02315458282828331,0.006626516114920378,1.1898325738002313e-06,0.018808601424098015,0.00010600622408674099,0.006935251411050558,catatumbo,SPEAKER_00,25266.333,25266.708,3.0
0.030935315415263176,0.004598275991156697,2.665395129497483e-06,0.47783471643924713,0.00021301092056091875,0.002127117943018675,catatumbo,SPEAKER_00,25266.667,25267.042,3.0
0.06554887443780899,0.004221838666126132,1.693041497219383e-06,0.2995578795671463,2.7748878892452922e-05,0.006273297127336264,catatumbo,SPEAKER_00,25267.0,25267.375,3.0
0.0013448206009343266,0.10905854031443596,3.919633400073508e-07,0.010528359329327941,7.425320063703111e-06,0.13079224526882172,catatumbo,SPEAKER_00,25267.333,25267.708,3.0
0.002641639206558466,0.05764058232307434,1.3406277616923035e-06,0.016400480177253485,0.020092171616852283,0.00707509508356452,catatumbo,SPEAKER_00,25267.667,25268.042,3.0
0.0024436726234853268,0.02341343555599451,1.8921635387414426e-06,0.6394992470741272,0.00023471423628507182,0.002869575284421444,catatumbo,SPEAKER_00,25268.333,25268.708,3.0
0.035173576325178146,0.004674994619563222,2.8988192752876785e-06,0.5460725724697113,0.000165135323186405,0.003612910397350788,catatumbo,UNICO,25268.667,25269.042,3.0
0.0012540179304778576,0.1216578260064125,1.1298485560473637e-06,0.3160969093441963,0.00018236310279462487,0.0006794281071051955,catatumbo,SPEAKER_00,25291.0,25291.375,3.0
0.00221987534314394,0.129597507417202,8.083102329692338e-07,0.3447534739971161,0.0014102952554821968,0.0003856079129036516,catatumbo,SPEAKER_00,25291.333,25291.708,3.0
0.03143256902694702,0.023495000670664012,1.2976945527043426e-06,0.004402040038257837,4.128567070438294e-05,0.01378447562456131,catatumbo,SPEAKER_00,25291.667,25292.042,3.0
0.0001929786376422271,0.3609474375844002,5.921214523141316e-07,0.00012618396431207657,6.947324209249928e-06,0.2744719088077545,catatumbo,UNICO,25292.333,25292.708,3.0
0.0007051551947370172,0.2760142795741558,7.233519454530324e-07,0.0011596997501328588,0.00010232185923086945,0.02917747013270855,catatumbo,UNICO,25292.667,25293.042,3.0
0.009104913100600243,0.10244082380086184,9.386072719053118e-07,0.0024954373366199434,0.00014609207391913515,0.013634252361953259,catatumbo,UNICO,25293.0,25293.375,3.0
0.023684602230787277,0.01837040251120925,6.293959415870631e-07,0.007817364763468504,0.0001631683626328595,0.0161117073148489,catatumbo,SPEAKER_00,25293.333,25293.708,3.0
0.0031757547985762358,0.008961612824350595,1.3405655749920697e-06,0.21193484216928482,0.0005138662963872775,0.001782523700967431,catatumbo,SPEAKER_00,25293.667,25294.042,3.0
0.026911383494734764,0.008029482210986316,7.792531278028036e-07,0.16162050142884254,9.686132671049563e-06,0.06786798685789108,catatumbo,SPEAKER_00,25294.0,25294.375,3.0
0.028092795982956886,0.003570039407350123,1.982524281629594e-06,0.025164833292365074,2.9086578251735773e-05,0.007359594572335482,catatumbo,UNICO,25294.333,25294.708,3.0
0.06396692246198654,0.0020939706009812653,1.6073653910098074e-06,0.010780776850879192,4.26594397140434e-05,0.006060626823455095,catatumbo,UNICO,25294.667,25295.042,3.0
0.0012144336942583323,0.1310707964003086,2.8488766474765725e-06,0.10296821966767311,0.0023614149540662766,0.0026129831094294786,catatumbo,SPEAKER_00,25295.333,25295.708,3.0
0.013834754005074501,0.016655184794217348,9.182416391695369e-07,0.002760312636382878,2.0665056126745185e-05,0.02045786939561367,catatumbo,SPEAKER_00,25295.667,25296.042,3.0
0.00885146576911211,0.08825345669174567,7.749506210075197e-07,0.05798538215458393,0.00016317738482030109,0.004271857440471649,catatumbo,SPEAKER_00,25296.0,25296.375,3.0
0.007838689722120762,0.04485587734961882,1.196673053982522e-06,0.17874999344348907,8.878175140125677e-05,0.005166138056665659,catatumbo,SPEAKER_00,25296.333,25296.708,3.0
0.0005478633102029562,0.18656226247549057,1.5049568560243642e-06,0.011864125728607178,0.0003618338087107986,0.009371579624712467,catatumbo,SPEAKER_00,25296.667,25297.042,3.0
0.0016731516225263476,0.16680097207427025,9.158486875548988e-07,0.0009137389861280099,5.577048887062119e-05,0.1289895623922348,catatumbo,SPEAKER_00,25297.0,25297.375,3.0
0.09249264001846313,0.0016671829507686198,3.638154339569155e-06,0.45776456594467163,0.0016692493227310479,0.0008458162774331868,catatumbo,SPEAKER_00,25297.333,25297.708,3.0
0.007393276318907738,0.01650131307542324,1.4862168882245896e-06,0.006270266603678465,0.0001513089591753669,0.0032051256857812405,catatumbo,SPEAKER_00,25297.667,25298.042,3.0
0.017277712002396584,0.013124619144946337,1.1779628721342306e-06,0.4666019380092621,7.401266702800058e-05,0.0017240060260519385,catatumbo,SPEAKER_00,25298.333,25298.708,3.0
0.016356071457266808,0.01426096772775054,8.295608324715431e-07,0.5757924318313599,2.046308918579598e-05,0.0022504664957523346,catatumbo,UNICO,25298.667,25299.042,3.0
0.02383095771074295,0.007288521388545632,1.5173524730016652e-06,0.496505469083786,0.00017332016432192177,0.0009415156091563404,catatumbo,UNICO,25299.0,25299.375,3.0
0.006754414178431034,0.014343032147735357,3.031879941772786e-06,0.04739387892186642,0.000310498580802232,0.001328391139395535,catatumbo,SPEAKER_00,25299.333,25299.708,3.0
0.009300872683525085,0.05383788421750069,1.4798501410950848e-06,0.3450549840927124,0.00021242925868136808,0.0015539054293185472,catatumbo,SPEAKER_00,25299.667,25300.042,3.0
0.00717028696089983,0.01977329421788454,1.9424982156124315e-06,0.6371242105960846,0.0005811073060613126,0.006503502372652292,catatumbo,SPEAKER_00,25300.0,25300.375,3.0
0.017921457067131996,0.02364584058523178,1.3550661606132053e-06,0.7028705775737762,4.742674900626298e-05,0.003097596811130643,catatumbo,SPEAKER_00,25300.333,25300.708,3.0
0.08541289716959,0.007677586632780731,3.534475411015592e-06,0.6242655515670776,0.00023201185831567273,0.002711321460083127,catatumbo,UNICO,25300.667,25301.042,3.0
0.1692700833082199,0.001796704949811101,2.7079973961008363e-06,0.005553034832701087,0.0006186614336911589,0.0025179844815284014,catatumbo,SPEAKER_00,25301.333,25301.708,3.0
0.05340112745761871,0.0013930592685937881,1.6744387494327384e-06,0.0010929949348792434,1.154329356722883e-05,0.03965399041771889,catatumbo,SPEAKER_00,25301.667,25302.042,3.0
0.06335218250751495,0.004898107028566301,1.7953759083866316e-06,0.37582021951675415,0.00022109825658844784,0.002148314379155636,catatumbo,SPEAKER_00,25302.0,25302.375,3.0
0.09256049990653992,0.003289462416432798,7.660847529677994e-07,0.3857313096523285,6.116974509495776e-05,0.005366695579141378,catatumbo,SPEAKER_00,25302.333,25302.708,3.0
0.0023848654236644506,0.01712347287684679,8.125439308059867e-07,0.3849976509809494,4.788488331541885e-05,0.0022820986341685057,catatumbo,SPEAKER_00,25302.667,25303.042,3.0
0.045582208782434464,0.004705099854618311,1.6367770854230912e-06,0.6308053135871887,0.000576064718188718,0.004306767601519823,catatumbo,SPEAKER_00,25303.0,25303.375,3.0
0.28824153542518616,0.0013999745715409517,2.979565522309713e-06,0.08662207424640656,0.00022213743795873597,0.0016616358188912272,catatumbo,SPEAKER_00,25303.333,25303.708,3.0
0.08902928978204727,0.009955722140148282,3.703576226143923e-06,0.4532384127378464,0.00036537858250085264,0.0069437031634151936,catatumbo,SPEAKER_00,25303.667,25304.042,3.0
0.012402232736349106,0.013012280687689781,7.727336708285293e-07,0.41552773118019104,3.53463528881548e-05,0.0019328163471072912,catatumbo,UNICO,25304.333,25304.708,3.0
0.04702327400445938,0.005500470753759146,5.647114278417575e-07,0.21471796929836273,1.3063639926258475e-05,0.008063596673309803,catatumbo,UNICO,25304.667,25305.042,3.0
0.001506465720012784,0.04547763243317604,5.869097776667331e-07,0.39485888183116913,6.4212963479803875e-06,0.012783147394657135,catatumbo,UNICO,25305.0,25305.375,3.0
0.0011154881212860346,0.06340694800019264,1.374720000058005e-06,0.19711174070835114,2.5001162612170447e-05,0.027799004688858986,catatumbo,UNICO,25305.333,25305.708,3.0
0.0014779043849557638,0.25502152740955353,2.853783797718279e-06,0.3788580894470215,0.001019289396936074,0.0017270713578909636,catatumbo,SPEAKER_00,25305.667,25306.042,3.0
0.007942809723317623,0.06687003932893276,2.5889435164572205e-06,0.14753947034478188,0.002829090692102909,0.0017913064220920205,catatumbo,SPEAKER_00,25306.0,25306.375,3.0
0.00505503686144948,0.07109115272760391,2.1056066543678753e-06,0.4444397985935211,0.0011379846837371588,0.0012374388752505183,catatumbo,UNICO,25306.333,25306.708,3.0
0.0032677894923835993,0.008597352541983128,1.78820863538931e-06,0.47707007825374603,2.0646079065045342e-05,0.005591592285782099,catatumbo,SPEAKER_00,25306.667,25307.042,3.0
0.023619381710886955,0.008364112814888358,8.677906464527041e-07,0.0003502452018437907,1.0286094948241953e-05,0.06140032038092613,catatumbo,SPEAKER_00,25307.333,25307.708,3.0
0.027499573305249214,0.009847063571214676,1.420947569386044e-06,0.05119244381785393,0.0001230066773132421,0.0030199256725609303,catatumbo,SPEAKER_00,25307.667,25308.042,3.0
0.0709981694817543,0.006708435947075486,3.0172873266565148e-06,0.06535984948277473,0.000536779931280762,0.0038793948478996754,catatumbo,SPEAKER_00,25308.0,25308.375,3.0
0.1084091067314148,0.0018672214937396348,1.936639364430448e-06,0.01961534097790718,9.353577115689404e-05,0.001088482909835875,catatumbo,UNICO,25308.333,25308.708,3.0
0.03782350569963455,0.019877613813150674,2.0615293294667936e-06,0.2919163480401039,5.7095363445114344e-05,0.0018084576586261392,catatumbo,UNICO,25308.667,25309.042,3.0
0.038101959973573685,0.007868741638958454,3.5233510686794034e-07,0.2535625398159027,3.4530164157331455e-05,0.0025049387477338314,catatumbo,UNICO,25309.0,25309.375,3.0
0.1509847640991211,0.002625376801006496,3.184171930570301e-06,0.15512222796678543,0.00034498728928156197,0.0010968612041324377,catatumbo,UNICO,25309.333,25309.708,3.0
0.1563386172056198,0.00124901975505054,1.260063243080367e-06,0.10585673898458481,9.782002052816097e-06,0.00470228074118495,catatumbo,UNICO,25309.667,25310.042,3.0
0.008834506385028362,0.01749974489212036,1.730810254230164e-06,0.6400282680988312,0.0011123607982881367,0.0016018288442865014,catatumbo,SPEAKER_00,25310.333,25310.708,3.0
0.0005311280256137252,0.20558753609657288,1.2467821761674713e-06,0.6266051828861237,0.004338673665188253,0.0008026750292629004,catatumbo,SPEAKER_00,25310.667,25311.042,3.0
0.016523165628314018,0.04597633145749569,1.0809991692894982e-06,0.6383619904518127,0.0012531467364169657,0.0007985701668076217,catatumbo,SPEAKER_00,25311.0,25311.375,3.0
0.0010197233641520143,0.2145862653851509,4.488246574396726e-08,0.00029539498791564256,7.901808274368705e-08,0.6084575653076172,catatumbo,SPEAKER_00,25311.333,25311.708,3.0
0.002132181776687503,0.07578807137906551,1.3555029454437317e-06,0.7174236178398132,0.0005091207567602396,0.0015414014924317598,catatumbo,SPEAKER_00,25311.667,25312.042,3.0
0.0012248835992068052,0.01178794912993908,6.29014579089926e-07,0.5696513056755066,8.087410606094636e-05,0.001229915302246809,catatumbo,SPEAKER_00,25312.0,25312.375,3.0
0.0008427122374996543,0.06476699560880661,5.881546769614943e-07,0.4844599664211273,9.740055702422978e-06,0.002428385429084301,catatumbo,UNICO,25312.333,25312.708,3.0
0.003086852841079235,0.026340218260884285,1.195193135572481e-06,0.40303267538547516,9.440464782528579e-05,0.0018325775163248181,catatumbo,UNICO,25312.667,25313.042,3.0
0.14295072853565216,0.005901711760088801,1.3422155973330518e-06,0.400187686085701,3.6272642319090664e-05,0.0022385152988135815,catatumbo,UNICO,25313.333,25313.708,3.0
0.0716167688369751,0.008087447145953774,6.193244104224505e-07,0.01116865104995668,6.475709051301237e-05,0.021065663546323776,catatumbo,SPEAKER_00,25313.667,25314.042,3.0
0.005781392101198435,0.019986674655228853,1.4365928677761985e-06,0.6952164173126221,2.5013488084368873e-05,0.010424932464957237,catatumbo,SPEAKER_00,25314.0,25314.375,3.0
0.07989195734262466,0.005473031895235181,2.7232749744143803e-06,0.584576427936554,0.0012995341094210744,0.0003482508473098278,catatumbo,SPEAKER_00,25314.333,25314.708,3.0
0.006779918912798166,0.049171950202435255,1.2871851851059546e-06,0.4758998602628708,0.00010532469605095685,0.0031728248577564955,catatumbo,SPEAKER_00,25314.667,25315.042,3.0
0.07196396589279175,0.0075457526836544275,2.351888610974129e-06,0.6646871864795685,0.0004376502911327407,0.0003435661783441901,catatumbo,SPEAKER_00,25315.0,25315.375,3.0
0.055658143013715744,0.00471563299652189,1.4151784739624418e-06,0.3157035708427429,0.0002975541865453124,0.005823433864861727,catatumbo,SPEAKER_00,25315.333,25315.708,3.0
0.08305864036083221,0.003115416271612048,2.084665368329297e-06,0.01251458958722651,0.00014860410010442138,0.0016043275827541947,catatumbo,SPEAKER_00,25315.667,25316.042,3.0
0.001142939436249435,0.1540820077061653,1.3107479190921367e-07,0.0001322772732237354,1.3707111747862655e-06,0.7517579197883606,catatumbo,SPEAKER_00,25316.333,25316.708,3.0
0.02117200382053852,0.015247856266796589,1.0757737243238807e-06,0.5345066487789154,2.875697464332916e-05,0.0045991213992238045,catatumbo,SPEAKER_00,25316.667,25317.042,3.0
0.010568728670477867,0.004795960267074406,8.073331798641448e-07,0.374101459980011,2.76600685538142e-05,0.004886453505605459,catatumbo,SPEAKER_00,25317.0,25317.375,3.0
0.007282025180757046,0.011270098621025681,2.905491953697492e-07,0.001512065704446286,2.3121094272937626e-05,0.01419395487755537,catatumbo,UNICO,25317.333,25317.708,3.0
0.43047595024108887,0.001728473129332997,5.331656439011567e-06,0.4343850612640381,0.0007321894227061421,0.004504125565290451,catatumbo,SPEAKER_00,25317.667,25318.042,3.0
0.004932390991598368,0.019053082913160324,6.467639792617774e-07,0.0017622773302718997,2.233332816103939e-05,0.026235757395625114,catatumbo,SPEAKER_00,25318.0,25318.375,3.0
0.008168818429112434,0.03553557209670544,5.818399841928112e-07,0.05839131586253643,4.2348328861407936e-05,0.003174625802785158,catatumbo,SPEAKER_00,25318.333,25318.708,3.0
0.0013722555013373494,0.03126917686313391,3.472617322586302e-07,0.02400138508528471,1.598553171788808e-05,0.004825945943593979,catatumbo,SPEAKER_00,25318.667,25319.042,3.0
0.002288201590999961,0.02789010852575302,3.258015652818358e-07,0.026598087511956692,1.8049987374979537e-05,0.003879401832818985,catatumbo,UNICO,25319.333,25319.708,3.0
0.06728890538215637,0.008882416412234306,1.878021123502549e-06,0.15708909556269646,0.00038529244193341583,0.0004316171398386359,catatumbo,UNICO,25319.667,25320.042,3.0
0.030608028173446655,0.009397425688803196,8.128886577196681e-07,0.04128092061728239,5.3093501264811493e-05,0.002372672548517585,catatumbo,UNICO,25320.0,25320.375,3.0
0.021668095141649246,0.01696912106126547,1.2560553841467481e-06,0.4712303429841995,0.00019217024964746088,0.0022047581151127815,catatumbo,SPEAKER_00,25320.333,25320.708,3.0
0.025713948532938957,0.00794364046305418,7.288404901828471e-07,0.003601073520258069,0.00021104375628056005,0.009855067357420921,catatumbo,SPEAKER_00,25320.667,25321.042,3.0
0.0004702317528426647,0.15651098638772964,9.67042439015131e-07,0.0041498353239148855,1.5763921965117333e-05,0.006840353365987539,catatumbo,SPEAKER_00,25321.0,25321.375,3.0
0.04772630333900452,0.010404194239526987,5.525248070625821e-06,0.45994988083839417,0.0031981111969798803,0.0004829199460800737,catatumbo,SPEAKER_00,25321.333,25321.708,3.0
0.020758112892508507,0.007253438467159867,1.3014495721108688e-06,0.5481439679861069,3.744414425455034e-05,0.0024660995695739985,catatumbo,SPEAKER_00,25321.667,25322.042,3.0
0.046693991869688034,0.005561676109209657,2.5040237687790068e-06,0.4240706115961075,0.0002993355301441625,0.002338704653084278,catatumbo,SPEAKER_00,25322.333,25322.708,3.0
0.11327027529478073,0.0037698651431128383,1.7687718241177208e-06,0.422199010848999,0.0001897455586004071,0.0027633269783109426,catatumbo,UNICO,25322.667,25323.042,3.0
0.04506147280335426,0.004917002283036709,1.7374928802382783e-06,0.32148946821689606,0.00010978279533446766,0.001213581534102559,catatumbo,UNICO,25323.0,25323.375,3.0
0.00965256430208683,0.01145475497469306,4.609123323007225e-07,0.0002186208512284793,1.2348378675142158e-06,0.2018006443977356,catatumbo,UNICO,25323.333,25323.708,3.0
0.013716098852455616,0.009454481769353151,1.2540733678179095e-06,0.43221257627010345,4.125616396777332e-05,0.0040007405914366245,catatumbo,SPEAKER_00,25323.667,25324.042,3.0
0.16475293040275574,0.001462149084545672,1.551526281673432e-06,0.0701573770493269,0.00107859680429101,0.004172560293227434,catatumbo,SPEAKER_00,25324.0,25324.375,3.0
0.057476673275232315,0.005384246236644685,7.531921539793984e-07,0.009138992987573147,0.00016333995154127479,0.005712961312383413,catatumbo,SPEAKER_00,25324.333,25324.708,3.0
0.03403466194868088,0.010302762733772397,2.2077414314480848e-06,0.620196521282196,0.001158953906269744,0.0008447382133454084,catatumbo,SPEAKER_00,25324.667,25325.042,3.0
0.012515656650066376,0.007438373519107699,6.486068286903901e-07,0.5572208166122437,1.0884542007261189e-05,0.0038525061681866646,catatumbo,SPEAKER_00,25325.333,25325.708,3.0
0.03310146555304527,0.007289788394700736,3.7471396296950843e-07,0.003292830311693251,2.4647530381116667e-06,0.016061412170529366,catatumbo,SPEAKER_00,25325.667,25326.042,3.0
0.010875971056520939,0.011456593609182164,1.3394353857165697e-06,0.1007356196641922,0.0005417801439762115,0.0002029374154517427,catatumbo,SPEAKER_00,25326.0,25326.375,3.0
0.009585285559296608,0.07086631655693054,3.678029401044114e-07,0.0734275858849287,0.0012503911857493222,0.001010598731227219,catatumbo,SPEAKER_00,25326.333,25326.708,3.0
0.005706639960408211,0.031734365271404386,6.988432232901687e-07,0.02847327198833227,0.00013508079791790806,0.0006163039361126721,catatumbo,SPEAKER_00,25326.667,25327.042,3.0
0.00231836992315948,0.02792228013277054,3.1493122065739954e-07,0.0012608715915121138,1.2773348771588644e-05,0.05271174758672714,catatumbo,SPEAKER_00,25327.0,25327.375,3.0
0.020075859501957893,0.01039407728239894,1.6098679793685733e-06,0.21419429779052734,4.244688534527086e-05,0.0022408764343708754,catatumbo,SPEAKER_00,25327.333,25327.708,3.0
0.005782014690339565,0.031634350307285786,1.0332979911709117e-06,0.2580629736185074,0.00024926674814196303,0.0014290029648691416,catatumbo,SPEAKER_00,25327.667,25328.042,3.0
0.0853276252746582,0.0062536916229873896,1.6309803640979226e-06,0.5663424134254456,0.00029404929955489933,0.0052533866837620735,catatumbo,SPEAKER_00,25328.333,25328.708,3.0
0.008053346537053585,0.05200260318815708,1.7188245919896872e-06,0.5792292952537537,0.0001496240438427776,0.0012672209413722157,catatumbo,SPEAKER_00,25328.667,25329.042,3.0
0.007279788609594107,0.02018846431747079,9.699302552235167e-07,0.0029090181924402714,8.12077232694719e-05,0.040071193128824234,catatumbo,SPEAKER_00,25329.0,25329.375,3.0
0.0006028112256899476,0.2380472719669342,1.4962893715164682e-06,0.004002264351584017,0.0029094628989696503,0.012092920951545238,catatumbo,SPEAKER_00,25329.333,25329.708,3.0
0.029521958902478218,0.021351704373955727,9.237378719717526e-07,0.0038762035546824336,0.0002098563709296286,0.03461456671357155,catatumbo,SPEAKER_00,25329.667,25330.042,3.0
0.005497264210134745,0.027113971300423145,5.614399469777709e-07,0.5352758020162582,4.0304390495293774e-05,0.0029261335730552673,catatumbo,SPEAKER_00,25331.333,25331.708,3.0
0.0073433201760053635,0.01731456909328699,4.3457696108362143e-07,0.47810691595077515,6.269957157201134e-05,0.0018127562943845987,catatumbo,SPEAKER_00,25331.667,25332.042,3.0
0.02538991905748844,0.012740547768771648,8.358931609109277e-07,0.25393569469451904,4.283809721528087e-05,0.0029976346995681524,catatumbo,UNICO,25332.0,25332.375,3.0
0.0009921015007421374,0.07940556854009628,9.322842231540562e-07,0.032934593968093395,4.755367626785301e-05,0.002166053745895624,catatumbo,UNICO,25332.333,25332.708,3.0
0.0008033649064600468,0.10408915393054485,1.012203341588247e-06,0.08646723628044128,1.2908318240079097e-05,0.07399071753025055,catatumbo,UNICO,25332.667,25333.042,3.0
0.0036513381637632847,0.054654921405017376,4.0167402914903505e-07,0.06044031120836735,0.00010297296103090048,0.003161610336974263,catatumbo,SPEAKER_00,25333.0,25333.375,3.0
0.011457369662821293,0.04151974152773619,9.524998745291668e-07,0.5148347765207291,3.703438596858177e-05,0.0009115291759371758,catatumbo,SPEAKER_00,25333.333,25333.708,3.0
0.0011339167831465602,0.16280321776866913,2.4457634140162554e-07,0.0013385884813033044,4.132449066673871e-05,0.016270561143755913,catatumbo,SPEAKER_00,25333.667,25334.042,3.0
5.5864937166916206e-05,0.4778125435113907,3.401295813887373e-07,0.0003858987765852362,1.8028077192866476e-05,0.10433442145586014,catatumbo,UNICO,25334.333,25334.708,3.0
0.0019858067389577627,0.09208831191062927,3.052085730814724e-07,3.0415286346396897e-05,1.4636372043241863e-06,0.3594648838043213,catatumbo,SPEAKER_00,25334.667,25335.042,3.0
0.005999292246997356,0.0348617983981967,7.029572088868008e-07,0.24296650290489197,0.00017002256936393678,0.0008865057025104761,catatumbo,SPEAKER_00,25335.0,25335.375,3.0
0.0002902266860473901,0.25738900154829025,5.376251834832146e-07,0.0004447247338248417,0.00018445297973812558,0.01870117150247097,catatumbo,SPEAKER_00,25335.333,25335.708,3.0
0.0002619442529976368,0.23390229791402817,3.120776597143049e-07,0.0002436838622088544,3.1962781577021815e-05,0.039559099823236465,catatumbo,SPEAKER_00,25335.667,25336.042,3.0
0.0009418614790774882,0.10969344526529312,3.1937092614953144e-07,4.741327211377211e-05,1.3793954565244348e-06,0.16104283928871155,catatumbo,SPEAKER_00,25336.0,25336.375,3.0
0.007806794717907906,0.03768517868593335,5.342807583019749e-07,0.020172061398625374,0.00010099141582031734,0.006420965772122145,catatumbo,SPEAKER_00,25336.333,25336.708,3.0
0.0002973786904476583,0.22975249588489532,3.1386980481329374e-07,0.0032092443434521556,2.859345931938151e-05,0.009204084053635597,catatumbo,SPEAKER_00,25336.667,25337.042,3.0
0.024961235001683235,0.03048072219826281,6.932757230515563e-07,0.00017790080892154947,3.660403024241532e-06,0.10985468327999115,catatumbo,SPEAKER_00,25337.333,25337.708,3.0
0.0007549001602455974,0.11964437365531921,4.746269866018338e-07,0.002123320649843663,3.5160844163328875e-05,0.004670281894505024,catatumbo,SPEAKER_00,25337.667,25338.042,3.0
0.0006174200680106878,0.13064907491207123,4.108978401973218e-07,8.430294110439718e-05,7.214180982373364e-06,0.13689595460891724,catatumbo,SPEAKER_00,25338.0,25338.375,3.0
0.0034463463816791773,0.06568045867606997,2.1272557546581083e-06,0.4148179590702057,0.000258579253568314,0.0023445819970220327,catatumbo,SPEAKER_00,25338.333,25338.708,3.0
0.00022208175505511463,0.23898544907569885,1.1613147989919526e-06,0.020242898724973202,0.001214704621816054,0.0007035491871647537,catatumbo,SPEAKER_00,25338.667,25339.042,3.0
0.001772261573933065,0.11922744289040565,1.3858168301794649e-06,0.07862166129052639,0.00044202264689374715,0.0005463127163238823,catatumbo,SPEAKER_00,25339.0,25339.375,3.0
0.010688467882573605,0.01155997533351183,1.4674808426207164e-06,0.10681893117725849,0.0005196178681217134,0.000368620763765648,catatumbo,SPEAKER_00,25339.333,25339.708,3.0
0.007333444897085428,0.026439847191795707,6.962595762161072e-07,0.006658485624939203,1.1524707588250749e-05,0.06579355150461197,catatumbo,SPEAKER_00,25339.667,25340.042,3.0
0.0016090798890218139,0.05090001970529556,4.5199360698688906e-07,0.009426436387002468,9.63155184763309e-06,0.03265536576509476,catatumbo,SPEAKER_00,25340.333,25340.708,3.0
0.0013053157599642873,0.06942118704319,7.381372029158229e-07,0.0011443596449680626,3.7446808960339695e-06,0.17112578451633453,catatumbo,SPEAKER_00,25340.667,25341.042,3.0
0.001039855764247477,0.06991371139883995,4.678074532193932e-07,0.01168768759816885,1.6311914805555716e-05,0.04915371537208557,catatumbo,SPEAKER_00,25341.0,25341.375,3.0
0.0005412472528405488,0.13685816898941994,9.82134253035838e-07,0.01664402475580573,3.4255016544193495e-05,0.027970148250460625,catatumbo,SPEAKER_00,25341.333,25341.708,3.0
0.001093788887374103,0.14672670513391495,1.494630026854793e-06,0.043695442378520966,0.00011690396058838814,0.01092088408768177,catatumbo,SPEAKER_00,25341.667,25342.042,3.0
0.00419924221932888,0.056037190835922956,1.2259437767170311e-06,0.03911829926073551,7.643056414963212e-05,0.038364604115486145,catatumbo,UNICO,25342.0,25342.375,3.0
0.00425545172765851,0.03596940357238054,1.1529453161074343e-06,0.022014259360730648,0.0015163830830715597,0.0029929925221949816,catatumbo,UNICO,25342.333,25342.708,3.0
0.018779000267386436,0.037844363367185,2.8352348380167314e-07,0.07733939960598946,1.2208537555125076e-05,0.007524149492383003,catatumbo,SPEAKER_00,25342.667,25343.042,3.0
0.003945477772504091,0.043626234866678715,7.622911084581574e-07,0.0203940998762846,6.592252066184301e-05,0.00886760838329792,catatumbo,SPEAKER_00,25343.333,25343.708,3.0
0.000714123947545886,0.09460378997027874,1.2661723047813211e-06,0.00440028659068048,9.886257248581387e-05,0.024397317320108414,catatumbo,SPEAKER_00,25343.667,25344.042,3.0
0.0018064607866108418,0.11586247384548187,8.210879798298265e-07,0.0873243696987629,1.8936147171189077e-05,0.024186275899410248,catatumbo,SPEAKER_00,25344.0,25344.375,3.0
0.0033197745215147734,0.0503463358618319,1.3194626262702513e-06,0.5408266186714172,6.519476664834656e-05,0.0037759102415293455,catatumbo,SPEAKER_00,25344.333,25344.708,3.0
0.0031443603802472353,0.07130747754126787,4.466039200679006e-07,0.11191527545452118,2.8593223078132723e-06,0.006706973072141409,catatumbo,SPEAKER_00,25344.667,25345.042,3.0
0.0003547614032868296,0.31812141835689545,1.8306797073819325e-06,0.4957089424133301,6.999546531005763e-05,0.00802413746714592,catatumbo,SPEAKER_00,25345.0,25345.375,3.0
0.0021521816961467266,0.12354636006057262,2.9094603632984217e-06,0.4609665721654892,0.00012947285358677618,0.004454454872757196,catatumbo,SPEAKER_00,25345.333,25345.708,3.0
0.0029915967024862766,0.04564484674483538,1.3885267549085256e-06,0.5725061297416687,0.0005633735854644328,0.0245722196996212,catatumbo,SPEAKER_00,25345.667,25346.042,3.0
0.23842166364192963,0.006093388590670656,3.4692338317654503e-06,0.1663171499967575,6.076292265788652e-05,0.0014251229586079717,catatumbo,SPEAKER_00,25346.333,25346.708,3.0
0.09569056332111359,0.03571411997836549,1.0683965570024156e-06,0.008816729648970068,9.177208266919479e-05,0.0011211534729227424,catatumbo,UNICO,25347.333,25347.708,3.0
0.01629715785384178,0.022086481098085642,1.1539927982084919e-06,0.008475572103634477,0.0001420071057509631,0.002602056600153446,catatumbo,UNICO,25347.667,25348.042,3.0
0.03930647671222687,0.00843301136046648,4.0735996265084395e-07,0.021037401631474495,4.742710734717548e-05,0.002450807485729456,catatumbo,UNICO,25348.0,25348.375,3.0
0.32235094904899597,0.001436744787497446,2.2966115693634492e-06,0.2932519316673279,0.0004507264820858836,0.0025901058688759804,catatumbo,SPEAKER_00,25348.333,25348.708,3.0
0.05601956322789192,0.005576392402872443,6.589216070551629e-07,0.18895059823989868,0.00012330217214184813,0.0007327078492380679,catatumbo,SPEAKER_00,25348.667,25349.042,3.0
0.05103789642453194,0.00679075694642961,1.4606849845222314e-06,0.806491494178772,5.091081220598426e-05,0.002888602903112769,catatumbo,SPEAKER_00,25349.333,25349.708,3.0
0.07983364909887314,0.00957210804335773,1.5782845252942934e-06,0.7967298626899719,0.00010268047117278911,0.0018669599667191505,catatumbo,SPEAKER_00,25349.667,25350.042,3.0
0.038352835923433304,0.0046555353328585625,4.608739232025982e-06,0.38875430822372437,0.000787243596278131,0.0007865263032726943,catatumbo,SPEAKER_00,25350.0,25350.375,3.0
0.006413525436073542,0.014718606835231185,1.2107694828955573e-06,0.0023090820759534836,2.0685386516561266e-05,0.012471664696931839,catatumbo,SPEAKER_00,25368.0,25368.375,3.0
0.10536783188581467,0.0022937562316656113,1.6933759070525412e-06,0.07036987133324146,0.0005669221864081919,0.001132804318331182,catatumbo,SPEAKER_00,25368.333,25368.708,3.0
0.018729260191321373,0.006122504128143191,7.66545383612538e-07,0.03769749961793423,0.00031956240127328783,0.0012202465441077948,catatumbo,UNICO,25368.667,25369.042,3.0
0.02695471979677677,0.006450694054365158,1.0636500178407005e-06,0.0023528074380010366,0.00011377243208698928,0.010032553225755692,catatumbo,UNICO,25369.0,25369.375,3.0
0.026733042672276497,0.01951468735933304,1.1249066460550239e-06,0.004246194730512798,0.0010211135377176106,0.004063285421580076,catatumbo,UNICO,25369.333,25369.708,3.0
0.0042971232905983925,0.01585843414068222,5.342005806596717e-07,0.002270422875881195,1.730996518745087e-05,0.022946437820792198,catatumbo,UNICO,25369.667,25370.042,3.0
0.062100451439619064,0.0025825115153566003,1.102444997513885e-06,0.0073895202949643135,0.00010930369535344653,0.01205465942621231,catatumbo,SPEAKER_00,25370.333,25370.708,3.0
0.07599089294672012,0.00422923534642905,2.079626312934124e-06,0.46259160339832306,0.0001802625338314101,0.0037771498318761587,catatumbo,SPEAKER_00,25370.667,25371.042,3.0
0.018035972490906715,0.00898852339014411,1.3830983220941562e-06,0.6158004403114319,7.824480417184532e-05,0.005810834001749754,catatumbo,SPEAKER_00,25371.0,25371.375,3.0
0.021782534196972847,0.007883937796577811,1.2203617529848998e-06,0.022221457213163376,2.721041710174177e-05,0.005409283097833395,catatumbo,UNICO,25371.333,25371.708,3.0
0.02304714173078537,0.006123078288510442,8.186705713342235e-07,0.0006920380401425064,6.345610017888248e-06,0.07536908984184265,catatumbo,UNICO,25371.667,25372.042,3.0
0.008652104996144772,0.06368211843073368,6.349916645831399e-07,0.1676231548190117,8.26117284304928e-05,0.010452402755618095,catatumbo,SPEAKER_00,25372.0,25372.375,3.0
0.0452386848628521,0.01145978644490242,4.961329977959394e-07,0.004312857985496521,1.6438731336165802e-06,0.20886924862861633,catatumbo,SPEAKER_00,25372.333,25372.708,3.0
0.05658458545804024,0.006587569369003177,5.808812488794501e-07,0.0005515293596545234,4.178048811809276e-06,0.16440023481845856,catatumbo,SPEAKER_00,25372.667,25373.042,3.0
0.0328369103372097,0.004111948423087597,1.4317109560124663e-06,0.6889476180076599,4.940897815686185e-05,0.009120382368564606,catatumbo,SPEAKER_00,25373.333,25373.708,3.0
0.020232347771525383,0.015343435108661652,1.3104238405503565e-06,0.22258292883634567,4.429420005180873e-05,0.0038942641112953424,catatumbo,SPEAKER_00,25373.667,25374.042,3.0
0.022199474275112152,0.00485308060888201,7.079425188294408e-07,0.009923111647367477,5.967935248918366e-05,0.006531123071908951,catatumbo,SPEAKER_00,25374.0,25374.375,3.0
0.05474143102765083,0.002460506628267467,1.3245548018403497e-06,0.04187925346195698,0.0005810188595205545,0.0007873422000557184,catatumbo,SPEAKER_00,25374.333,25374.708,3.0
0.1494242548942566,0.0011808543058577925,1.8713985809881706e-06,0.017103813588619232,0.0004014559817733243,0.0009654349414631724,catatumbo,SPEAKER_00,25374.667,25375.042,3.0
0.1578080803155899,0.0006713656184729189,2.1626386796924635e-06,0.001480809471104294,6.490104169643018e-05,0.017464758828282356,catatumbo,SPEAKER_00,25375.0,25375.375,3.0
0.03511486575007439,0.00511615036521107,1.3244129490885825e-06,0.4357256591320038,6.761835174984299e-05,0.005174143239855766,catatumbo,SPEAKER_00,25375.333,25375.708,3.0
0.061335839331150055,0.008748031686991453,2.1215705032773258e-06,0.5399276465177536,0.0002468540405970998,0.0029734347481280565,catatumbo,SPEAKER_00,25375.667,25376.042,3.0
0.1476835310459137,0.0012430252972990274,2.2313291765385657e-06,0.5958985090255737,8.965832967078313e-05,0.006305834278464317,catatumbo,SPEAKER_00,25376.333,25376.708,3.0
0.024430975317955017,0.0020756893791258335,2.2525450731336605e-06,0.1216263584792614,0.00015774083294672891,0.003436851082369685,catatumbo,SPEAKER_00,25376.667,25377.042,3.0
0.13102847337722778,0.0032333647832274437,2.273581799272506e-06,0.3293857276439667,0.0005112284561619163,0.0007216581143438816,catatumbo,SPEAKER_00,25377.0,25377.375,3.0
0.05089285969734192,0.0060066767036914825,1.1397155788017699e-06,0.6972061991691589,7.260820348164998e-05,0.01981128565967083,catatumbo,SPEAKER_00,25377.333,25377.708,3.0
0.10255945473909378,0.0035284444456920028,1.890806288429303e-06,0.6826105117797852,5.6189921451732516e-05,0.0019418362062424421,catatumbo,SPEAKER_00,25377.667,25378.042,3.0
0.09531517326831818,0.0015386324957944453,1.042306962517614e-06,0.04437658376991749,0.00014116453530732542,0.00382401910610497,catatumbo,SPEAKER_00,25378.0,25378.375,3.0
0.09552419930696487,0.002499071415513754,1.6659438983879227e-06,0.13480252772569656,8.701166734681465e-06,0.00915523711591959,catatumbo,SPEAKER_00,25378.333,25378.708,3.0
0.1172579824924469,0.0009743903501657769,2.123329295500298e-06,0.5743738412857056,9.457464693696238e-05,0.002406042767688632,catatumbo,SPEAKER_00,25378.667,25379.042,3.0
0.00710606062784791,0.014934380538761616,3.514623330147515e-07,0.007065288024023175,2.7088122806162573e-05,0.017238279804587364,catatumbo,SPEAKER_00,25379.333,25379.708,3.0
0.009246012195944786,0.041153404861688614,7.084928483891417e-07,0.33340366184711456,8.94736331247259e-06,0.012908879667520523,catatumbo,SPEAKER_00,25379.667,25380.042,3.0
0.029300041496753693,0.004267498501576483,1.0534816681229131e-06,0.4293617606163025,2.4840898731781635e-05,0.029102174565196037,catatumbo,SPEAKER_00,25380.0,25380.375,3.0
0.18682356178760529,0.003110151388682425,1.6947304857239942e-06,0.022943606600165367,0.00033024077129084617,0.001262734062038362,catatumbo,SPEAKER_00,25380.333,25380.708,3.0
0.13371233642101288,0.0028158225468359888,7.633244933913375e-07,0.007207838352769613,5.948398029431701e-05,0.03786756843328476,catatumbo,SPEAKER_00,25380.667,25381.042,3.0
0.2678719460964203,0.0004457729810383171,1.7840894201981428e-06,0.0023605780443176627,6.415227289835457e-06,0.03331253305077553,catatumbo,SPEAKER_00,25381.0,25381.375,3.0
0.2849206328392029,0.0010815745408763178,2.170936738821183e-06,0.21226921677589417,1.9584192159527447e-05,0.010035846382379532,catatumbo,SPEAKER_00,25381.333,25381.708,3.0
0.033532802015542984,0.014150863862596452,5.605427872978908e-07,0.19202449172735214,1.998125298996456e-05,0.016137048602104187,catatumbo,SPEAKER_00,25381.667,25382.042,3.0
0.18592631816864014,0.0002812383172567934,1.2916171954202582e-06,0.39000120759010315,2.9572945095424075e-05,0.02431386150419712,catatumbo,SPEAKER_00,25382.333,25382.708,3.0
0.08455678820610046,0.0020836583571508527,7.92212574651785e-07,0.005193058867007494,4.330432784627192e-05,0.0068678585812449455,catatumbo,SPEAKER_00,25382.667,25383.042,3.0
0.04919103905558586,0.002030324947554618,1.7089423067773168e-06,0.5232831984758377,0.00021678165649063885,0.0034973258152604103,catatumbo,SPEAKER_00,25383.0,25383.375,3.0
0.07627309113740921,0.002346470078919083,1.1751996851216973e-06,0.35567469894886017,0.0001235591116710566,0.00810703169554472,catatumbo,SPEAKER_00,25383.333,25383.708,3.0
0.00042323730303905904,0.1529669314622879,3.7541946085184463e-07,0.15176129341125488,0.0009511224925518036,0.0003376174718141556,catatumbo,SPEAKER_00,25383.667,25384.042,3.0
0.0007501305663026869,0.09343704581260681,7.812696196651814e-07,0.11989320442080498,0.011770537588745356,0.00019554654136300087,catatumbo,SPEAKER_00,25384.0,25384.375,3.0
0.010309877805411816,0.01643967069685459,3.9289774633743946e-07,0.024143225513398647,0.023639137856662273,0.00047858458128757775,catatumbo,SPEAKER_00,25384.333,25384.708,3.0
0.004012566525489092,0.01995424274355173,2.1046347953301847e-07,0.0037778380792587996,1.3643125384987798e-05,0.01222341600805521,catatumbo,SPEAKER_00,25384.667,25385.042,3.0
0.0063214777037501335,0.01776810735464096,1.6165021179403993e-06,0.21305230259895325,0.0003314964415039867,0.0017832908779382706,catatumbo,SPEAKER_00,25385.333,25385.708,3.0
0.007007132284343243,0.01921112323179841,1.1888401445503405e-06,0.08411234430968761,0.0028200679225847125,0.00031874654814600945,catatumbo,SPEAKER_00,25385.667,25386.042,3.0
0.016458330675959587,0.009998041146900505,2.5650529096310493e-06,0.12637821957468987,0.004332232056185603,0.0001443437795387581,catatumbo,UNICO,25386.0,25386.375,3.0
0.03697185963392258,0.006213115178979933,5.294636821417953e-06,0.16550448164343834,0.005927553633227944,0.0001511006848886609,catatumbo,SPEAKER_00,25386.333,25386.708,3.0
0.013171186670660973,0.011673475848510861,7.488327753435442e-07,0.017024299595505,0.0001497705015935935,0.0075012631714344025,catatumbo,SPEAKER_00,25386.667,25387.042,3.0
0.008630548603832722,0.005894800182431936,9.657313455591066e-07,0.00674021546728909,2.0766755369550083e-05,0.017562348395586014,catatumbo,SPEAKER_00,25387.0,25387.375,3.0
0.008776336908340454,0.009641337965149432,1.0817906854754256e-06,0.1194116473197937,0.0006910323281772435,0.0008263643248938024,catatumbo,SPEAKER_00,25387.333,25387.708,3.0
0.007841171696782112,0.009759254986420274,3.2948277350897115e-07,0.005340470001101494,6.825977470725775e-05,0.003193988697603345,catatumbo,SPEAKER_00,25387.667,25388.042,3.0
0.0012654532911255956,0.15680281072854996,3.8408158076208565e-07,0.05517420545220375,0.0024597415467724204,0.0007341631571762264,catatumbo,SPEAKER_00,25388.333,25388.708,3.0
5.072374187875539e-05,0.3292289227247238,7.058651476654632e-07,0.261379137635231,0.0005361112125683576,0.0008806369150988758,catatumbo,SPEAKER_00,25388.667,25389.042,3.0
0.00041813505231402814,0.2820538133382797,1.1466656815173337e-06,0.02961874008178711,0.021101118065416813,6.35582982795313e-05,catatumbo,SPEAKER_00,25389.0,25389.375,3.0
0.00020314032735768706,0.37513841688632965,1.4053167518568443e-07,0.0017007963615469635,0.003987074363976717,0.0007226091693155468,catatumbo,SPEAKER_00,25389.333,25389.708,3.0
0.0003351906198076904,0.27316996455192566,6.459694361637958e-07,0.005120323039591312,0.08513740822672844,0.00012509692169260234,catatumbo,UNICO,25389.667,25390.042,3.0
0.0008897213265299797,0.15617423504590988,3.5083026261872874e-07,0.0007725048926658928,0.019195700529962778,0.0007993283797986805,catatumbo,UNICO,25390.0,25390.375,3.0
0.0008994486415758729,0.11750423535704613,6.385015538512562e-08,9.791816410142928e-05,1.8604234242047823e-06,0.43394598364830017,catatumbo,SPEAKER_00,25390.333,25390.708,3.0
0.0005919373943470418,0.12109141796827316,7.176359702043555e-07,0.16347240656614304,0.00344501668587327,0.0001052241786965169,catatumbo,SPEAKER_00,25390.667,25391.042,3.0
0.0009077754220925272,0.14080192148685455,7.254511444898526e-07,0.025978815741837025,0.03689051326364279,4.874339356319979e-05,catatumbo,SPEAKER_00,25391.333,25391.708,3.0
0.000456033245427534,0.18874165043234825,4.930296597649431e-07,0.08957774192094803,0.00012637185864150524,0.00039192650001496077,catatumbo,SPEAKER_00,25391.667,25392.042,3.0
0.002818306675180793,0.018537727184593678,4.1179033871685533e-07,0.0013069089618511498,0.0012659466592594981,0.0014035010244697332,catatumbo,SPEAKER_00,25392.0,25392.375,3.0
0.0002198085276177153,0.18428047746419907,2.222140835783648e-07,0.000294565616059117,0.00011833485768875107,0.022592660039663315,catatumbo,SPEAKER_00,25392.333,25392.708,3.0
0.0007810798124410212,0.08332118019461632,6.901970550643455e-07,0.011735486332327127,0.003576115588657558,0.0001528540306026116,catatumbo,SPEAKER_00,25392.667,25393.042,3.0
0.0013571048621088266,0.1624639928340912,5.764069754832235e-07,0.0018524563638493419,0.027291961014270782,0.0003095814026892185,catatumbo,SPEAKER_00,25393.0,25393.375,3.0
0.00588703528046608,0.08155505731701851,4.833094493505996e-07,0.0032183866715058684,0.014111738186329603,0.0007387970690615475,catatumbo,UNICO,25393.333,25393.708,3.0
0.0008818767382763326,0.1668655425310135,3.8108267119696393e-07,0.004683571634814143,0.007393624633550644,0.00044405722292140126,catatumbo,UNICO,25393.667,25394.042,3.0
0.0007081041112542152,0.19225329905748367,4.1837137132461066e-07,0.00442049908451736,0.0001108171563828364,0.0074976361356675625,catatumbo,SPEAKER_00,25394.333,25394.708,3.0
0.00028358929557725787,0.21595512330532074,6.058946979692337e-07,0.14372209459543228,6.615358142880723e-05,0.0003754210483748466,catatumbo,SPEAKER_00,25394.667,25395.042,3.0
0.0013252017088234425,0.11992635577917099,6.391611009348708e-07,0.1829717755317688,0.0001331564963038545,0.0006763419951312244,catatumbo,SPEAKER_00,25395.0,25395.375,3.0
0.002673449693247676,0.10833198204636574,2.5133378045438803e-07,0.004101403173990548,5.67539723306254e-06,0.00913690123707056,catatumbo,SPEAKER_00,25395.333,25395.708,3.0
0.0006942525506019592,0.15148919820785522,4.092652972076394e-07,0.02032688818871975,5.611393498838879e-05,0.003533754963427782,catatumbo,UNICO,25395.667,25396.042,3.0
0.004126346670091152,0.14089686423540115,9.150385977818587e-07,0.008921193657442927,2.445991867716657e-05,0.0056055448949337006,catatumbo,UNICO,25396.0,25396.375,3.0
0.008799110539257526,0.02101648412644863,1.4783231847559364e-06,0.14116890728473663,0.0012589088873937726,0.0004866702074650675,catatumbo,UNICO,25396.333,25396.708,3.0
0.005600526463240385,0.049398429691791534,3.62512921014968e-07,0.0008060153049882501,2.006841327784059e-06,0.134007528424263,catatumbo,SPEAKER_00,25396.667,25397.042,3.0
0.008697384037077427,0.04706509970128536,2.0829935820643186e-07,0.00911506055854261,7.158496600823128e-06,0.009808195754885674,catatumbo,SPEAKER_00,25397.333,25397.708,3.0
0.031349532306194305,0.014076925814151764,3.8622860643044987e-07,0.021999462507665157,0.0001121365166909527,0.0012171430280432105,catatumbo,UNICO,25397.667,25398.042,3.0
0.010971377603709698,0.03229253878816962,2.535726721930587e-07,0.0026713733095675707,9.481599772698246e-05,0.006289416924118996,catatumbo,SPEAKER_00,25398.0,25398.375,3.0
0.00740000419318676,0.03903583809733391,2.4832784362160965e-07,0.01584377372637391,3.797468434640905e-05,0.03362681344151497,catatumbo,SPEAKER_00,25398.333,25398.708,3.0
0.0007525166147388518,0.06486153416335583,8.346324023023044e-07,0.014009179081767797,0.00043292794725857675,0.023435689508914948,catatumbo,SPEAKER_00,25398.667,25399.042,3.0
0.0019140957156196237,0.043548284098505974,9.227831299085665e-07,0.12782659381628036,0.0002631800452945754,0.0031395673286169767,catatumbo,SPEAKER_00,25399.0,25399.375,3.0
0.0225782822817564,0.008891992038115859,3.878744792018551e-06,0.14511951804161072,0.009061662247404456,0.002717243507504463,catatumbo,SPEAKER_00,25399.333,25399.708,3.0
0.13193392753601074,0.003911785664968193,1.8827886378858238e-06,0.021429250948131084,0.0017462179530411959,0.021477999165654182,catatumbo,SPEAKER_00,25399.667,25400.042,3.0
0.015479684807360172,0.04051227867603302,6.555629425974985e-07,0.0004466605751076713,1.6341236914740875e-06,0.5439879894256592,catatumbo,SPEAKER_00,25401.0,25401.375,3.0
0.005417791660875082,0.1100049763917923,4.554076724616607e-07,0.002602775697596371,0.001654234656598419,0.03051002323627472,catatumbo,UNICO,25401.333,25401.708,3.0
0.0036095117684453726,0.14836082980036736,5.537401861488433e-07,0.1460186466574669,0.003783797030337155,0.017669597640633583,catatumbo,UNICO,25401.667,25402.042,3.0
0.018451109528541565,0.036614175885915756,8.478764073061029e-07,0.0010182700934819877,0.0002197434805566445,0.3142739236354828,catatumbo,SPEAKER_00,25402.0,25402.375,3.0
0.06167549639940262,0.005693324783351272,9.850733135863265e-07,0.0001842000892793294,0.00012438413250492886,0.2282223254442215,catatumbo,SPEAKER_00,25402.333,25402.708,3.0
0.016607243567705154,0.03470115456730127,1.0431135422095394e-06,0.014513729605823755,0.003728105337359011,0.004313905723392963,catatumbo,SPEAKER_00,25402.667,25403.042,3.0
0.001730265561491251,0.1534339226782322,1.08743667226463e-06,0.025865962728857994,0.0004430646658875048,0.05482443422079086,catatumbo,SPEAKER_00,25403.333,25403.708,3.0
0.09835440665483475,0.007354248547926545,4.794159167431644e-07,0.007996910950168967,5.55022998014465e-05,0.30375781655311584,catatumbo,SPEAKER_00,25403.667,25404.042,3.0
0.008140560239553452,0.04624882526695728,5.122522708234101e-07,0.0038239560090005398,0.0003260263038100675,0.10489439219236374,catatumbo,SPEAKER_00,25404.0,25404.375,3.0
0.0018348634475842118,0.191852904856205,8.023511242072345e-07,0.002025988884270191,1.9739174604183063e-05,0.16090111434459686,catatumbo,SPEAKER_00,25404.333,25404.708,3.0
0.012721451930701733,0.07840224914252758,1.2996924283470435e-06,0.004530667909421027,0.004718629410490394,0.015731757506728172,catatumbo,UNICO,25404.667,25405.042,3.0
0.04678415507078171,0.01839199149981141,2.8145130954726483e-06,0.03076105657964945,0.008166057290509343,0.0006915138219483197,catatumbo,UNICO,25405.0,25405.375,3.0
0.08384429663419724,0.02038585301488638,3.783609713536862e-06,0.010458225850015879,0.0016297557158395648,0.0132145369425416,catatumbo,UNICO,25405.333,25405.708,3.0
0.017471428960561752,0.06669714488089085,2.3913033828648622e-06,0.030758588574826717,0.01732266414910555,0.0006573917344212532,catatumbo,SPEAKER_00,25405.667,25406.042,3.0
0.11483411490917206,0.026423937641084194,8.828569946217613e-07,0.02701223734766245,0.00032792025012895465,0.02028762921690941,catatumbo,SPEAKER_00,25406.333,25406.708,3.0
0.01641654036939144,0.09620409831404686,5.584673488101544e-07,0.004177949856966734,3.40674178005429e-05,0.05782057344913483,catatumbo,SPEAKER_00,25406.667,25407.042,3.0
0.17741355299949646,0.019253258826211095,1.1877014571837208e-06,0.00236788101028651,0.0003375377200427465,0.07228410989046097,catatumbo,UNICO,25407.333,25407.708,3.0
0.004034040495753288,0.13409541547298431,8.876381940581268e-07,0.0002632196410559118,0.0002581001026555896,0.35095855593681335,catatumbo,UNICO,25407.667,25408.042,3.0
0.010503235273063183,0.12063446268439293,7.082382182943547e-07,0.00036897188692819327,0.0002479012036928907,0.1393328309059143,catatumbo,UNICO,25408.0,25408.375,3.0
0.1970953494310379,0.004444904043339193,1.3020114693063078e-06,0.2427925541996956,0.00012232067456352524,0.015209069475531578,catatumbo,SPEAKER_00,25408.667,25409.042,3.0
0.0036114410031586885,0.25235220044851303,6.428799608215741e-07,0.0029406805988401175,4.812907354789786e-05,0.18334288895130157,catatumbo,SPEAKER_00,25410.0,25410.375,3.0
0.1485450565814972,0.00318329781293869,4.287194883545453e-07,0.0018613360007293522,5.7247772929258645e-05,0.03741602227091789,catatumbo,SPEAKER_00,25410.333,25410.708,3.0
0.0014357049949467182,0.15263259410858154,7.286003409490149e-07,0.009701442439109087,0.0002338704071007669,0.21775487065315247,catatumbo,SPEAKER_00,25410.667,25411.042,3.0
0.20920021831989288,0.002713001915253699,8.825606414575304e-07,0.0006791432970203459,0.00013495054372469895,0.023164905607700348,catatumbo,SPEAKER_00,25436.333,25436.708,3.0
0.007535905577242374,0.038372839568182826,1.59642037544927e-06,0.3998885005712509,2.6311473448004108e-05,0.002559505868703127,catatumbo,SPEAKER_00,25436.667,25437.042,3.0
0.049893271178007126,0.017871685093268752,3.045677146928938e-06,0.4733066260814667,0.0011981661664322019,0.00025922153145074844,catatumbo,SPEAKER_00,25437.333,25437.708,3.0
0.12870542705059052,0.005310914712026715,1.5980530179149355e-06,0.3633050173521042,0.0001883967634057626,0.0028412581887096167,catatumbo,SPEAKER_00,25437.667,25438.042,3.0
0.01372579112648964,0.017753312131389976,9.951592119250563e-07,0.19620399922132492,0.00013607399159809574,0.011085251346230507,catatumbo,UNICO,25438.0,25438.375,3.0
0.12888619303703308,0.005601218901574612,1.518653220955457e-06,0.0746589619666338,4.442383396963123e-05,0.011066105216741562,catatumbo,UNICO,25438.333,25438.708,3.0
0.10962532460689545,0.0075989062897861,1.4602998703594494e-06,0.14600613340735435,0.0001529351793578826,0.004891872871667147,catatumbo,UNICO,25438.667,25439.042,3.0
0.17656546831130981,0.002815802814438939,1.7106514746956236e-06,0.2275722622871399,0.00025752835063030943,0.004153552930802107,catatumbo,UNICO,25439.333,25439.708,3.0
0.013131524436175823,0.014751423615962267,1.0767548701551277e-06,0.05977108143270016,0.0004679796111304313,0.002608216367661953,catatumbo,UNICO,25439.667,25440.042,3.0
0.09116552770137787,0.0037855339469388127,8.065398105827626e-06,0.07272817194461823,0.001092493359465152,0.0004322188615333289,catatumbo,SPEAKER_00,25440.0,25440.375,3.0
0.016222765669226646,0.07458936190232635,1.584261880793747e-06,0.4723495841026306,9.228267663274892e-05,0.0010128604480996728,catatumbo,SPEAKER_00,25440.333,25440.708,3.0
0.16440609097480774,0.003658227389678359,2.0486508560679795e-06,0.023885016329586506,0.0010142267565242946,0.020052582025527954,catatumbo,SPEAKER_00,25440.667,25441.042,3.0
0.12886613607406616,0.00667177839204669,1.8555938936515304e-06,0.5322325229644775,8.283230272354558e-05,0.004509621299803257,catatumbo,SPEAKER_00,25441.0,25441.375,3.0
0.1845339983701706,0.004085411783307791,2.323675062143593e-06,0.5069469660520554,0.00012235960821271874,0.0013502584770321846,catatumbo,SPEAKER_00,25441.333,25441.708,3.0
0.13715636730194092,0.00588864297606051,2.0632957102861837e-06,0.8299033641815186,0.0001321597010246478,0.005056734662503004,catatumbo,SPEAKER_00,25441.667,25442.042,3.0
0.003961020614951849,0.02356407418847084,2.2789257627664483e-06,0.49372728168964386,0.0003651322185760364,0.001120831468142569,catatumbo,SPEAKER_00,25442.333,25442.708,3.0
0.10539143532514572,0.005283999489620328,1.1551293255251949e-06,0.0004928200069116428,1.8243783415528014e-05,0.056219689548015594,catatumbo,SPEAKER_00,25442.667,25443.042,3.0
0.012176238000392914,0.020947123412042856,1.596853792307229e-06,0.7280137538909912,0.0004096008779015392,0.0014063756680116057,catatumbo,SPEAKER_00,25443.0,25443.375,3.0
0.04497307538986206,0.009444091934710741,1.5798854064996704e-06,0.6781280636787415,0.0003903806355083361,0.00451195053756237,catatumbo,SPEAKER_00,25443.333,25443.708,3.0
0.04989544302225113,0.008331613498739898,1.2969795761819114e-06,0.7176337242126465,2.349131136725191e-05,0.003013904904946685,catatumbo,SPEAKER_00,25443.667,25444.042,3.0
0.03891565278172493,0.007740684784948826,1.3334424977529125e-06,0.7689600586891174,0.0004276932158973068,0.0009026840562000871,catatumbo,SPEAKER_00,25444.0,25444.375,3.0
0.018281809985637665,0.022850079461932182,4.712495496050906e-07,3.2955022106762044e-05,3.699057515405002e-06,0.5958504676818848,catatumbo,SPEAKER_00,25444.333,25444.708,3.0
0.015036949887871742,0.007329207728616893,1.4181317169459362e-06,0.7041171193122864,3.5266868508188054e-05,0.004396410193294287,catatumbo,SPEAKER_00,25444.667,25445.042,3.0
0.02727186679840088,0.007570374291390181,2.248233101909136e-06,0.5816361457109451,0.00021661572100128978,0.0015619134064763784,catatumbo,SPEAKER_00,25445.333,25445.708,3.0
0.11796090751886368,0.001370662939734757,4.3517186441022204e-06,0.40362705290317535,0.0009987263474613428,0.0013747625052928925,catatumbo,SPEAKER_00,25445.667,25446.042,3.0
0.01499040238559246,0.006134838098660111,7.764699603285408e-07,0.23248663544654846,1.9263481590314768e-05,0.0018796060467138886,catatumbo,SPEAKER_00,25446.0,25446.375,3.0
0.02037883922457695,0.007167218718677759,7.512961133215867e-07,0.4149090051651001,9.470378790865652e-05,0.005943637806922197,catatumbo,SPEAKER_00,25446.333,25446.708,3.0
0.059624575078487396,0.0053544011898338795,1.4586365182367445e-06,0.028388848528265953,7.993332474143244e-05,0.0033432452473789454,catatumbo,SPEAKER_00,25446.667,25447.042,3.0
0.017834223806858063,0.04040029854513705,1.7463372898873786e-06,0.035356080159544945,0.0004331975505920127,0.000529422250110656,catatumbo,UNICO,25447.0,25447.375,3.0
0.1308780014514923,0.002405691775493324,2.3233685624290956e-06,0.015341784805059433,0.001562692632433027,0.0041395449079573154,catatumbo,UNICO,25447.333,25447.708,3.0
0.5416263341903687,0.0007721179008512991,8.740547400520882e-06,0.031456999480724335,0.0006320393877103925,0.002013042801991105,catatumbo,UNICO,25447.667,25448.042,3.0
0.30239033699035645,0.000961663608904928,1.4687892644360545e-06,0.002167242346331477,6.72185342409648e-05,0.027321793138980865,catatumbo,UNICO,25448.333,25448.708,3.0
0.08687222003936768,0.004411491798236966,1.698628125268442e-06,0.03732963092625141,0.00025423157785553485,0.0026967842131853104,catatumbo,UNICO,25448.667,25449.042,3.0
0.1795491725206375,0.001662666501943022,2.457991399751336e-06,0.005329409730620682,0.00013835286154062487,0.006203943397849798,catatumbo,UNICO,25449.0,25449.375,3.0
0.18147914111614227,0.0022419256856665015,1.6524343209312065e-06,0.001747781818266958,3.9182788896141574e-05,0.021135015413165092,catatumbo,UNICO,25449.333,25449.708,3.0
0.03348102420568466,0.007373112486675382,1.0198388622484345e-06,0.0035138048697263002,3.300030675745802e-05,0.011874893680214882,catatumbo,UNICO,25449.667,25450.042,3.0
0.07841529697179794,0.006123436614871025,1.8424562995278393e-06,0.006286615040153265,6.10399802098982e-05,0.00621416512876749,catatumbo,UNICO,25450.0,25450.375,3.0
0.027065735310316086,0.013009287416934967,1.661447470269195e-06,0.004858665517531335,4.2091325667570345e-05,0.008197442628443241,catatumbo,UNICO,25450.333,25450.708,3.0
0.003341743955388665,0.01923542469739914,5.155515907517838e-07,0.0052076890133321285,6.591174678760581e-05,0.013683833181858063,catatumbo,UNICO,25450.667,25451.042,3.0
0.014239456504583359,0.02776384260505438,1.0292165768532868e-06,0.045009114779531956,0.0005616342823486775,0.007886244915425777,catatumbo,SPEAKER_00,25451.333,25451.708,3.0
0.00020460305677261204,0.14478057622909546,4.5513259294693853e-07,0.5928124487400055,3.146545714116655e-05,0.01197710819542408,catatumbo,UNICO,25451.667,25452.042,3.0
0.08714554458856583,0.0059827209915965796,1.466290996177122e-06,0.34482890367507935,0.0025877220323309302,0.003517254488542676,catatumbo,SPEAKER_00,25452.0,25452.375,3.0
0.04489360749721527,0.010125172091647983,7.932510612818078e-07,0.02573545277118683,2.5703482606331818e-05,0.011582007631659508,catatumbo,SPEAKER_00,25452.333,25452.708,3.0
0.10053998231887817,0.004271867510396987,2.3076177058101166e-06,0.509165495634079,6.6062702899216674e-06,0.03290646895766258,catatumbo,UNICO,25452.667,25453.042,3.0
0.005810517817735672,0.004574250429868698,3.5777742368736654e-06,0.14287540316581726,0.00010657647908374202,0.1060463935136795,catatumbo,UNICO,25453.0,25453.375,3.0
0.050715476274490356,0.0016429180977866054,1.989916825095861e-06,0.09465140849351883,0.0004009150870842859,0.052952539175748825,catatumbo,SPEAKER_00,25453.333,25453.708,3.0
0.20161548256874084,0.004963267594575882,4.849594432698723e-07,0.001475596392992884,0.0001054962704074569,0.03189951553940773,catatumbo,SPEAKER_00,25453.667,25454.042,3.0
0.09619735926389694,0.010046462761238217,2.2561089281225577e-06,0.5786681026220322,0.00045368369319476187,0.002251165919005871,catatumbo,SPEAKER_00,25454.333,25454.708,3.0
0.0035435352474451065,0.057345421984791756,6.898389273146677e-07,0.1101725585758686,4.881088170805015e-05,0.003929469268769026,catatumbo,SPEAKER_00,25454.667,25455.042,3.0
0.023357238620519638,0.015327946282923222,1.2411007332957524e-06,0.0021660299971699715,0.00023132061323849484,0.006786317564547062,catatumbo,SPEAKER_00,25455.0,25455.375,3.0
0.06702818721532822,0.014896723441779613,6.484543035867318e-07,0.1298363395035267,0.0001501252772868611,0.003069485304877162,catatumbo,SPEAKER_00,25455.333,25455.708,3.0
0.02176094613969326,0.021967203356325626,9.893977335195814e-07,0.18722745031118393,0.00029893747705500573,0.0020496919751167297,catatumbo,SPEAKER_00,25455.667,25456.042,3.0
0.06544981151819229,0.011849094182252884,1.4135835613160452e-06,0.09577212855219841,0.0024177312152460217,0.005329533014446497,catatumbo,SPEAKER_00,25456.0,25456.375,3.0
0.018037492409348488,0.05504654149990529,1.889353711703734e-06,0.1135723888874054,0.0008118326950352639,0.0009009265340864658,catatumbo,UNICO,25456.333,25456.708,3.0
0.016176417469978333,0.04635425307787955,1.8986463601322612e-06,0.0621375385671854,0.006974783493205905,0.0006662231171503663,catatumbo,UNICO,25456.667,25457.042,3.0
0.010820387862622738,0.01042920770123601,1.3348751508601708e-06,0.035036684945225716,0.0001968319556908682,0.00550885871052742,catatumbo,SPEAKER_00,25457.333,25457.708,3.0
0.0035245686303824186,0.06697288947179914,7.052664017237475e-07,3.5453756936476566e-05,1.2547325695777545e-05,0.11921430379152298,catatumbo,SPEAKER_00,25457.667,25458.042,3.0
0.0157674141228199,0.03194588981568813,7.300708659840893e-07,0.22749341279268265,5.9918307670159265e-05,0.0008970423368737102,catatumbo,SPEAKER_00,25458.0,25458.375,3.0
0.002727657090872526,0.04626962961629033,4.0710536808319375e-07,0.0038210501661524177,8.586051808379125e-05,0.009421717375516891,catatumbo,SPEAKER_00,25458.333,25458.708,3.0
0.0009519345476292074,0.16574037820100784,4.3985504305510403e-07,0.007031953427940607,0.00021147487859707326,0.001328453072346747,catatumbo,SPEAKER_00,25458.667,25459.042,3.0
0.003475895617157221,0.04660553764551878,6.167932156131428e-07,0.030830382369458675,0.0004053801530972123,0.0004917992046102881,catatumbo,UNICO,25459.0,25459.375,3.0
0.0002606815833132714,0.20765091478824615,9.46647276123258e-07,0.010576327797025442,0.0007655121153220534,0.0003743171109817922,catatumbo,UNICO,25459.333,25459.708,3.0
0.00026668451027944684,0.3767867386341095,2.3525737447016581e-07,0.0006858579145045951,1.1233844361413503e-05,0.02333848737180233,catatumbo,SPEAKER_00,25459.667,25460.042,3.0
0.0023320054169744253,0.11700215563178062,1.2267657893971773e-06,0.008911131415516138,0.0021683648228645325,0.0004152461187914014,catatumbo,SPEAKER_00,25460.333,25460.708,3.0
0.001962905516847968,0.14769190922379494,7.243550328439596e-07,0.021967588923871517,0.0019002003828063607,0.0003425242321100086,catatumbo,UNICO,25460.667,25461.042,3.0
0.0015226927353069186,0.20511795207858086,1.479490265410277e-06,0.1356920339167118,0.0018075560801662505,0.00038895668694749475,catatumbo,UNICO,25461.0,25461.375,3.0
0.0022037040907889605,0.13046894036233425,1.111174555035177e-06,0.06743834912776947,0.0007493916491512209,0.0003722783294506371,catatumbo,UNICO,25461.333,25461.708,3.0
0.0022455649450421333,0.13836034666746855,1.8078602295190649e-06,0.02047787420451641,0.0007401951879728585,0.0009917335119098425,catatumbo,UNICO,25461.667,25462.042,3.0
0.0006391378119587898,0.20683136582374573,1.8083284487602214e-06,0.04326149448752403,0.0028432656545192003,0.0002443816338200122,catatumbo,UNICO,25462.0,25462.375,3.0
0.0008249233942478895,0.29564741998910904,1.8392834277847214e-07,4.0518205423722975e-05,1.070412753989558e-07,0.5893204212188721,catatumbo,SPEAKER_00,25462.333,25462.708,3.0
0.0027671444695442915,0.08941163867712021,2.7797431556564334e-07,0.011536446865648031,6.274912811932154e-05,0.0022732422221451998,catatumbo,SPEAKER_00,25462.667,25463.042,3.0
0.013684959150850773,0.031228626612573862,1.0686021454375805e-06,0.008356193080544472,0.0003293941990705207,0.0004588424926623702,catatumbo,SPEAKER_00,25463.333,25463.708,3.0
0.013498752377927303,0.04880701983347535,1.4132502883512643e-06,0.5283184051513672,0.0018134077545255423,0.00017728474631439894,catatumbo,SPEAKER_00,25463.667,25464.042,3.0
0.0018548885127529502,0.09581071138381958,1.1227280083403457e-06,0.0667791124433279,0.0024913116358220577,9.851188224274665e-05,catatumbo,SPEAKER_00,25464.0,25464.375,3.0
0.0018338123336434364,0.1982043907046318,1.8957366592076141e-06,0.002443276229314506,0.004147749277763069,0.0007272397633641958,catatumbo,UNICO,25464.333,25464.708,3.0
0.011576025746762753,0.021567048388533294,6.355274706493219e-07,0.0013294947566464543,1.40589304464811e-05,0.011148922145366669,catatumbo,UNICO,25464.667,25465.042,3.0
0.00534076290205121,0.05111746862530708,6.325365973225416e-07,0.010934905614703894,0.0009004108724184334,0.0006206914549693465,catatumbo,SPEAKER_00,25465.0,25465.375,3.0
0.03176959231495857,0.01382500771433115,1.096502245445663e-06,0.014727613888680935,7.402809933410026e-05,0.0044925925321877,catatumbo,SPEAKER_00,25465.333,25465.708,3.0
0.012224600650370121,0.04500196222215891,1.964908591389758e-07,0.0034626424312591553,4.747090315504465e-06,0.02842741832137108,catatumbo,SPEAKER_00,25465.667,25466.042,3.0
0.003558979369699955,0.1662183441221714,1.3848791695636464e-06,0.04087516851723194,0.10030486062169075,8.829854050418362e-05,catatumbo,UNICO,25466.333,25466.708,3.0
0.004664416424930096,0.0993237434886396,1.264184277260938e-06,0.008223497774451971,0.010612754616886377,0.0006807129830121994,catatumbo,SPEAKER_00,25466.667,25467.042,3.0
0.0004663488070946187,0.1798546314239502,5.190473899574499e-07,0.0024703339440748096,8.766582595853833e-06,0.009597714059054852,catatumbo,SPEAKER_00,25467.0,25467.375,3.0
0.0018894020467996597,0.15023790299892426,2.0523105774827854e-06,0.5107749402523041,0.0012383268913254142,0.00027102645253762603,catatumbo,SPEAKER_00,25467.333,25467.708,3.0
0.003694741055369377,0.10060605593025684,1.689056347231599e-06,0.4092715382575989,0.00017446740093873814,0.001213372335769236,catatumbo,SPEAKER_00,25467.667,25468.042,3.0
0.04684985801577568,0.044677901081740856,2.038891722122571e-06,0.1153479740023613,0.0014762524515390396,0.0006513458793051541,catatumbo,SPEAKER_00,25468.0,25468.375,3.0
0.02020728960633278,0.02071015816181898,1.935976172262599e-06,0.40130776166915894,0.000495971878990531,0.0007510611903853714,catatumbo,SPEAKER_00,25468.333,25468.708,3.0
0.09886569529771805,0.02018470410257578,1.2921990730774269e-06,0.0008706568332854658,0.0013636020594276488,0.16357992589473724,catatumbo,SPEAKER_00,25468.667,25469.042,3.0
0.12427559494972229,0.010592236649245024,7.299207993582968e-07,2.58558829955291e-05,0.0001928691635839641,0.5076088905334473,catatumbo,SPEAKER_00,25469.333,25469.708,3.0
0.11403454095125198,0.010391755029559135,1.2370186368571012e-06,0.001418559200828895,0.0011380332289263606,0.023599261417984962,catatumbo,SPEAKER_00,25469.667,25470.042,3.0
0.049136582762002945,0.01939145801588893,1.1312268952679005e-06,0.06834458000957966,0.0028247878653928638,0.0023520844988524914,catatumbo,SPEAKER_00,25470.0,25470.375,3.0
0.007698579225689173,0.09142278134822845,1.55806452539764e-06,0.0042874852661043406,0.00019871495896950364,0.0916222333908081,catatumbo,SPEAKER_00,25471.0,25471.375,3.0
0.00174142443574965,0.08999937027692795,6.459607106990006e-07,0.01881388481706381,2.1423690554911445e-06,0.01790758967399597,catatumbo,SPEAKER_00,25471.333,25471.708,3.0
0.033206772059202194,0.018334778025746346,5.91174568853603e-07,0.00906055374071002,6.301610255832202e-06,0.0655549019575119,catatumbo,SPEAKER_00,25471.667,25472.042,3.0
0.007300252560526133,0.08922898396849632,1.3387818142973629e-06,0.021901126950979233,5.246682667348068e-05,0.021591708064079285,catatumbo,SPEAKER_00,25472.333,25472.708,3.0
0.050016723573207855,0.009173524333164096,3.5430255138635403e-06,0.015281605999916792,0.0014323556097224355,0.006672085262835026,catatumbo,SPEAKER_00,25472.667,25473.042,3.0
0.012566671706736088,0.020420819986611605,1.009105119464948e-06,0.3821280747652054,2.0169564777461346e-05,0.017183547839522362,catatumbo,SPEAKER_00,25473.0,25473.375,3.0
0.08675031363964081,0.00695016304962337,1.9763390923799307e-06,0.20791307091712952,0.00016284298908431083,0.0035611430648714304,catatumbo,SPEAKER_00,25473.333,25473.708,3.0
0.025312058627605438,0.0183648313395679,1.263430760900519e-06,0.1370493434369564,3.54082194462535e-05,0.023299941793084145,catatumbo,SPEAKER_00,25473.667,25474.042,3.0
0.006932516116648912,0.07322533056139946,1.1120523311092256e-06,0.0009796302183531225,0.00017458797083236277,0.18008877336978912,catatumbo,UNICO,25474.333,25474.708,3.0
0.005039507057517767,0.1300370879471302,7.628691776062624e-07,0.3378633111715317,0.009075871668756008,0.010825828649103642,catatumbo,UNICO,25474.667,25475.042,3.0
0.00483179185539484,0.2139277681708336,1.0303717772330856e-06,0.0798351839184761,0.03961230255663395,0.0011255398858338594,catatumbo,UNICO,25475.333,25475.708,3.0
0.0019979835487902164,0.2444298416376114,7.053361770203992e-07,0.1267162673175335,0.06724001467227936,0.0005043465062044561,catatumbo,UNICO,25475.667,25476.042,3.0
0.0019823461771011353,0.27856171131134033,5.051634701658259e-07,0.006789208622649312,0.0001323936703556683,0.06109165400266647,catatumbo,SPEAKER_00,25476.0,25476.375,3.0
0.002092714188620448,0.13642286509275436,1.0770026364070873e-06,0.10400423035025597,9.16657954803668e-05,0.03721397742629051,catatumbo,SPEAKER_00,25476.333,25476.708,3.0
0.0019160560332238674,0.16901870444417,2.1256171862660267e-06,0.07063085213303566,9.549387323204428e-05,0.028211595490574837,catatumbo,SPEAKER_00,25476.667,25477.042,3.0
0.003674643812701106,0.1664532572031021,2.056824172314009e-06,0.02882126998156309,0.0005140006833244115,0.00578742241486907,catatumbo,SPEAKER_00,25477.0,25477.375,3.0
0.0007363853510469198,0.1937310080975294,6.330009370003609e-07,0.12834741920232773,7.45192555768881e-05,0.0013661854900419712,catatumbo,SPEAKER_00,25477.333,25477.708,3.0
0.0022756638936698437,0.09793377807363868,8.335019856531289e-07,0.18015749752521515,0.0013990890001878142,0.0009493270190432668,catatumbo,SPEAKER_00,25477.667,25478.042,3.0
0.004384658765047789,0.10502076335251331,1.3421337641261744e-07,0.00018864685989683494,7.53363025296494e-08,0.5362799763679504,catatumbo,SPEAKER_00,25478.333,25478.708,3.0
0.0009298853110522032,0.15289822593331337,2.6144252984749983e-07,0.00022761974287277553,1.0535140688716638e-06,0.4564800560474396,catatumbo,SPEAKER_00,25478.667,25479.042,3.0
0.0038321800529956818,0.10973579995334148,2.3049729236390704e-07,0.0001329192837147275,1.2735314101064432e-06,0.47253867983818054,catatumbo,SPEAKER_00,25479.0,25479.375,3.0
0.005505661945790052,0.05672280676662922,5.103744058487791e-07,0.18030662834644318,0.00038443144876509905,0.00014149511116556823,catatumbo,SPEAKER_00,25479.333,25479.708,3.0
0.0007025378290563822,0.21331771463155746,2.2455691350842244e-07,0.0018362218397669494,1.16804008030158e-05,0.023682305589318275,catatumbo,SPEAKER_00,25479.667,25480.042,3.0
0.0012890526559203863,0.1474624201655388,2.513595802611235e-07,0.00022418147273128852,8.272778813989135e-06,0.07927392423152924,catatumbo,SPEAKER_00,25480.0,25480.375,3.0
0.001997330691665411,0.1541388686746359,1.0920142585746362e-06,0.022761501371860504,0.00109013426117599,0.00045882590347900987,catatumbo,SPEAKER_00,25480.333,25480.708,3.0
0.0010884875664487481,0.19032593816518784,5.10055315317004e-07,0.0013925290550105274,2.60329161392292e-05,0.005473688244819641,catatumbo,SPEAKER_00,25480.667,25481.042,3.0
0.013850760646164417,0.09027693420648575,8.554247301617579e-07,0.038717279210686684,0.0005638871516566724,0.0002860871609300375,catatumbo,SPEAKER_00,25481.333,25481.708,3.0
0.0007301056175492704,0.2409248761832714,7.538014870078769e-07,0.0581437423825264,0.001270294887945056,0.00018125333008356392,catatumbo,SPEAKER_00,25481.667,25482.042,3.0
0.0012560496106743813,0.23408657498657703,6.888331824939087e-07,0.01881843013688922,0.009280647616833448,8.099142723949626e-05,catatumbo,UNICO,25482.0,25482.375,3.0
0.017047539353370667,0.05095805414021015,8.76322815202002e-07,0.013452354352921247,0.004083277890458703,0.0001617147063370794,catatumbo,UNICO,25482.333,25482.708,3.0
0.003837728640064597,0.08030223101377487,8.821133832270789e-07,0.0013796407147310674,0.00021918930724496022,0.004117865115404129,catatumbo,UNICO,25482.667,25483.042,3.0
0.0034835515543818474,0.06034638360142708,2.6551190757118093e-07,2.023109482252039e-05,2.6350790705009786e-07,0.5387952327728271,catatumbo,SPEAKER_00,25483.0,25483.375,3.0
0.0018126440700143576,0.15688198432326317,2.7215915565648174e-07,0.0002950394991785288,2.942735591204837e-06,0.09538204967975616,catatumbo,SPEAKER_00,25483.333,25483.708,3.0
0.01586565189063549,0.06202529929578304,6.767004379071295e-07,0.0031113666482269764,2.3005465209280374e-05,0.0029427402187138796,catatumbo,SPEAKER_00,25483.667,25484.042,3.0
0.008940632455050945,0.04368410911411047,1.4251315008095844e-06,0.07628810405731201,0.00018677002663025633,0.00030457176035270095,catatumbo,UNICO,25484.333,25484.708,3.0
0.0008880675886757672,0.12929818034172058,7.510056576620627e-07,0.10045484825968742,0.00016764650354161859,0.000611174269579351,catatumbo,UNICO,25484.667,25485.042,3.0
0.0012024001916870475,0.13222654536366463,6.869679651799743e-07,0.1051177866756916,0.00012793105634045787,0.00038743813638575375,catatumbo,UNICO,25485.0,25485.375,3.0
0.0024027053732424974,0.12779671233147383,6.661391864781763e-07,0.10928792878985405,0.0001306948579440359,0.0007448316900990903,catatumbo,UNICO,25485.333,25485.708,3.0
0.009188227355480194,0.10288479411974549,1.0096910614265653e-06,0.4627517908811569,0.00044473558955360204,0.0005855871131643653,catatumbo,SPEAKER_00,25485.667,25486.042,3.0
0.005221398547291756,0.14149119053035975,1.6417238555277436e-06,0.5423236191272736,0.0011603475431911647,0.0007053356384858489,catatumbo,SPEAKER_00,25486.0,25486.375,3.0
0.004707201384007931,0.14187997952103615,7.255321889942934e-07,0.003712996607646346,1.4989104101914563e-05,0.06267040222883224,catatumbo,SPEAKER_00,25486.333,25486.708,3.0
0.0056653982028365135,0.17035242382553406,9.924065409450122e-07,0.04143925476819277,0.00027911984943784773,0.010390432551503181,catatumbo,SPEAKER_00,25486.667,25487.042,3.0
0.0009971411200240254,0.13321379013359547,1.571778142306357e-06,0.18934491276741028,0.00026250857627019286,0.00865546427667141,catatumbo,SPEAKER_00,25487.333,25487.708,3.0
0.003812244161963463,0.1617297511547804,1.4408013839783962e-06,0.23989035934209824,0.00023374050942948088,0.004493910353630781,catatumbo,SPEAKER_00,25487.667,25488.042,3.0
0.06252709031105042,0.030594286756240763,8.693547499660781e-07,0.2176547646522522,6.679568105028011e-05,0.0013527071569114923,catatumbo,SPEAKER_00,25488.0,25488.375,3.0
0.021007519215345383,0.04498629842419177,1.0724192236466479e-06,0.17126235738396645,0.0003455631813267246,0.003260784549638629,catatumbo,UNICO,25488.333,25488.708,3.0
0.011065587401390076,0.06907864566892385,2.5659242623987666e-06,0.0442358423024416,0.0008289387042168528,0.0007595120696350932,catatumbo,UNICO,25488.667,25489.042,3.0
0.005750094074755907,0.058176809310680255,1.2371436355351761e-06,0.028315681032836437,3.297350394859677e-05,0.03199442848563194,catatumbo,SPEAKER_00,25489.0,25489.375,3.0
0.05467550456523895,0.004604258923791349,1.6922348891057482e-06,0.0003664820978883654,8.57592312968336e-05,0.14089109003543854,catatumbo,UNICO,25489.333,25489.708,3.0
0.26383328437805176,0.0004976715717930347,2.5522272153466474e-06,0.009560456965118647,0.00022615552006755024,0.07728973031044006,catatumbo,SPEAKER_00,25489.667,25490.042,3.0
0.031045684590935707,0.01647256873548031,2.2774162857785996e-06,0.06147698126733303,0.00030401717231143266,0.005058630369603634,catatumbo,SPEAKER_00,25490.333,25490.708,3.0
0.21094071865081787,0.00247538932308089,6.047633007710829e-07,5.759445411968045e-05,8.905746653908864e-06,0.8163636326789856,catatumbo,SPEAKER_00,25490.667,25491.042,3.0
0.1469956636428833,0.0007702766451984644,1.7464789152654703e-06,0.010047769639641047,6.562239286722615e-05,0.018332205712795258,catatumbo,SPEAKER_00,25491.0,25491.375,3.0
0.5119794011116028,0.00014301757255452685,1.9238626123296854e-06,0.398968830704689,0.0001953895844053477,0.001453539589419961,catatumbo,SPEAKER_00,25491.333,25491.708,3.0
0.3626854121685028,0.00023155449162004516,1.5817489043001842e-06,0.004030076204799116,8.519846960552968e-05,0.004296182654798031,catatumbo,SPEAKER_00,25491.667,25492.042,3.0
0.18958638608455658,0.0003286709397798404,5.202006491344946e-06,0.03405662812292576,0.0005189553630771115,0.0013574105687439442,catatumbo,SPEAKER_00,25492.0,25492.375,3.0
0.07606294006109238,0.0025944068329408765,6.104843919274572e-06,0.008977476973086596,0.0008269850513897836,0.0017446039710193872,catatumbo,UNICO,25492.333,25492.708,3.0
0.0405552051961422,0.007383550866506994,1.03862967648638e-06,0.0007865158841013908,5.833676186739467e-05,0.045428935438394547,catatumbo,UNICO,25492.667,25493.042,3.0
0.007200278807431459,0.03622465766966343,1.1349942496963195e-06,0.0010334090038668364,2.276377881571534e-05,0.07299753278493881,catatumbo,UNICO,25493.333,25493.708,3.0
0.010162422433495522,0.14438365027308464,8.693671702530992e-07,0.004931739065796137,0.00019946348038502038,0.1667526513338089,catatumbo,SPEAKER_00,25493.667,25494.042,3.0
0.11701571941375732,0.024120201356709003,3.842744931148445e-07,0.003626118879765272,0.00015231864745146595,0.1312723010778427,catatumbo,SPEAKER_00,25494.333,25494.708,3.0
0.07109861820936203,0.024504680186510086,1.1108149010397028e-05,0.0671195238828659,0.051497659645974636,0.045599035918712616,catatumbo,UNICO,25495.0,25495.375,3.0
0.13740095496177673,0.020068763755261898,3.229618528166611e-07,0.0007383770716842264,0.0007726085896138102,0.25267887115478516,catatumbo,UNICO,25495.333,25495.708,3.0
0.34186768531799316,0.01555872755125165,3.006521467341372e-07,0.001893611450213939,0.00032748630474088714,0.1681383103132248,catatumbo,UNICO,25495.667,25496.042,3.0
0.009182758629322052,0.007687381003051996,7.568636860355582e-06,0.0009167299722321332,0.001960577501449734,0.034121979027986526,catatumbo,UNICO,25496.333,25496.708,3.0
0.012229513376951218,0.07178376987576485,1.4368105780704354e-06,0.008918150560930371,9.127732300839853e-05,0.006762489210814238,catatumbo,SPEAKER_00,25496.667,25497.042,3.0
0.003745808731764555,0.1386184385046363,1.0169511313051771e-06,0.5059085637331009,7.591590110678226e-05,0.0011260085739195347,catatumbo,SPEAKER_00,25497.0,25497.375,3.0
0.0045463927090168,0.15750587172806263,1.0482407617473655e-06,0.2909816652536392,0.0005148795899003744,0.00035223804297856987,catatumbo,SPEAKER_00,25497.333,25497.708,3.0
0.0032248562201857567,0.19990740716457367,9.822799427183782e-07,0.05956893041729927,0.0013757519191130996,0.0009200273780152202,catatumbo,SPEAKER_00,25497.667,25498.042,3.0
0.0002701382036320865,0.42814217507839203,6.437018384986004e-07,0.05667441710829735,0.0029850557912141085,0.0002683229395188391,catatumbo,SPEAKER_00,25498.0,25498.375,3.0
0.00041124277049675584,0.268550306558609,4.4568133006350763e-07,0.0038703938480466604,0.0001084340583474841,0.0018746992573142052,catatumbo,SPEAKER_00,25498.333,25498.708,3.0
0.0066473535262048244,0.029271619394421577,7.320101076402352e-07,0.0031824434408918023,2.307919476152165e-05,0.031429678201675415,catatumbo,SPEAKER_00,25498.667,25499.042,3.0
0.003331433515995741,0.06190073490142822,1.2962631217305898e-06,0.020662985742092133,0.00018856801034417003,0.0013059884076938033,catatumbo,UNICO,25499.333,25499.708,3.0
0.00044088883441872895,0.4241037219762802,1.7683866460060926e-07,0.0013633244088850915,5.327039275471179e-06,0.08880186080932617,catatumbo,SPEAKER_00,25499.667,25500.042,3.0
0.00010028543329099193,0.4383504390716553,1.551780073327791e-07,0.06953984312713146,0.003704324015416205,0.00018213913426734507,catatumbo,SPEAKER_00,25500.0,25500.375,3.0
0.0008436784264631569,0.19493046402931213,3.870916174264494e-07,0.001496105338446796,0.002739201474469155,0.0008278798777610064,catatumbo,SPEAKER_00,25500.333,25500.708,3.0
0.00013879631296731532,0.56565260887146,4.483563600388152e-07,0.014618290588259697,0.0006775201763957739,0.0018792671617120504,catatumbo,SPEAKER_00,25500.667,25501.042,3.0
0.0004001973429694772,0.357282891869545,3.4978337737356924e-07,0.04996916279196739,0.003097649198025465,0.00011573169467737898,catatumbo,SPEAKER_00,25501.0,25501.375,3.0
8.982362487586215e-05,0.5656394958496094,2.0050034521545967e-07,0.00703495042398572,0.003543536877259612,0.00022607238497585058,catatumbo,SPEAKER_00,25501.333,25501.708,3.0
0.0004975937190465629,0.38830025494098663,3.2925510851100626e-07,0.00047188425378408283,0.004419937264174223,0.0032967643346637487,catatumbo,UNICO,25501.667,25502.042,3.0
0.00039784485124982893,0.3414091020822525,1.6549753922845412e-07,0.0027224364457651973,0.0004104351974092424,0.0023896796628832817,catatumbo,SPEAKER_00,25502.333,25502.708,3.0
0.0002457316732034087,0.24981748312711716,7.67438109505747e-07,0.008557182271033525,0.0034090455155819654,0.00018739674123935401,catatumbo,SPEAKER_00,25502.667,25503.042,3.0
0.0006590072880499065,0.2883134260773659,5.060144872004457e-07,0.011638902593404055,0.0099352290853858,0.0007830014219507575,catatumbo,SPEAKER_00,25503.0,25503.375,3.0
0.004411097150295973,0.1417289450764656,1.2073887489805202e-06,0.4163140654563904,0.0003044268087251112,0.00029888941207900643,catatumbo,SPEAKER_00,25503.333,25503.708,3.0
0.0027982364408671856,0.10006341338157654,8.18593804297052e-07,0.06417175009846687,0.001580284268129617,0.0003482780302874744,catatumbo,SPEAKER_00,25503.667,25504.042,3.0
0.005911802873015404,0.06303458474576473,4.7441587014418474e-07,0.008569569094106555,0.0001618032001715619,0.0034566086251288652,catatumbo,UNICO,25504.0,25504.375,3.0
0.03220076486468315,0.006118132499977946,5.258317941070345e-07,0.0012653814628720284,0.00011940015610889532,0.022331304848194122,catatumbo,SPEAKER_00,25504.333,25504.708,3.0
0.00800013355910778,0.03291251789778471,3.946680919852952e-07,0.0010445218649692833,6.040536209184211e-05,0.22205448150634766,catatumbo,SPEAKER_00,25504.667,25505.042,3.0
0.0027891818899661303,0.1009885985404253,8.469521048937168e-07,0.015539383050054312,0.002639043494127691,0.00039810340967960656,catatumbo,SPEAKER_00,25505.333,25505.708,3.0
0.0329652838408947,0.021153052162844688,8.088836125352827e-07,0.3410693109035492,0.00016348669305443764,0.0024716518819332123,catatumbo,SPEAKER_00,25505.667,25506.042,3.0
0.0020942571572959423,0.09018332790583372,1.195442024481963e-06,0.09216978773474693,0.00048370751028414816,0.0018773700576275587,catatumbo,SPEAKER_00,25506.0,25506.375,3.0
0.042063239961862564,0.007679564761929214,1.6075933331194392e-06,0.5243857204914093,0.00038046583358664066,0.0010298066772520542,catatumbo,SPEAKER_00,25506.333,25506.708,3.0
0.0008266253862529993,0.17267072200775146,4.538262743380983e-07,0.021313126664608717,0.00015903785242699087,0.026618624106049538,catatumbo,SPEAKER_00,25506.667,25507.042,3.0
0.0007113306783139706,0.14449983462691307,3.9146521402244616e-07,0.03404213208705187,0.0002315963283763267,0.0017754760337993503,catatumbo,SPEAKER_00,25507.0,25507.375,3.0
0.014909914694726467,0.039540208177641034,7.843389937534084e-07,0.1059611365199089,0.00023425208200933412,0.0029693334363400936,catatumbo,SPEAKER_00,25507.333,25507.708,3.0
0.005233928561210632,0.016764624044299126,6.393402998128295e-07,0.01663405541330576,0.00018527417705627158,0.004339591600000858,catatumbo,SPEAKER_00,25507.667,25508.042,3.0
0.004420903977006674,0.015434794593602419,1.125528171996848e-06,0.013293195515871048,0.0006441787991207093,0.0013475457672029734,catatumbo,UNICO,25508.333,25508.708,3.0
0.047805629670619965,0.00936106382869184,2.5685117179818917e-06,0.14314308762550354,0.000237961758102756,0.0007567040156573057,catatumbo,UNICO,25508.667,25509.042,3.0
0.005279916804283857,0.025623895227909088,1.0919472970272182e-06,0.047339046373963356,0.0002706703235162422,0.0012699795188382268,catatumbo,UNICO,25509.0,25509.375,3.0
0.001427628449164331,0.019692467525601387,4.951856169554958e-07,0.003087249002419412,2.9191422981966753e-05,0.021481748670339584,catatumbo,UNICO,25509.333,25509.708,3.0
0.00905043538659811,0.021598266437649727,6.738502236203203e-07,0.006301839370280504,2.7157858312421013e-05,0.005059273913502693,catatumbo,UNICO,25509.667,25510.042,3.0
0.00343530485406518,0.022955008782446384,5.532528888352317e-07,0.005137536907568574,1.0209928859694628e-05,0.011227058246731758,catatumbo,UNICO,25510.0,25510.375,3.0
0.0036498848348855972,0.02627547550946474,4.6214567817060015e-07,0.0019262874266132712,2.1051121620985214e-05,0.02155773900449276,catatumbo,UNICO,25510.333,25510.708,3.0
0.01253234501928091,0.007982743438333273,1.3235323876870098e-06,0.14317314699292183,8.202666776924161e-06,0.0022449318785220385,catatumbo,UNICO,25510.667,25511.042,3.0
0.23563428223133087,0.0019056976307183504,1.1483861612759938e-06,0.007762372028082609,1.7904157175507862e-05,0.0053307488560676575,catatumbo,SPEAKER_00,25511.333,25511.708,3.0
0.07954445481300354,0.0037192997988313437,1.2100205140086473e-06,0.00188498041825369,3.569148248061538e-05,0.008293281309306622,catatumbo,SPEAKER_00,25511.667,25512.042,3.0
0.07902172207832336,0.011092088418081403,1.3451514178086654e-06,0.48639705777168274,8.65057809278369e-05,0.002358801895752549,catatumbo,SPEAKER_00,25512.0,25512.375,3.0
0.012819175608456135,0.027844793628901243,1.2669818829635915e-06,0.42026224732398987,1.3904395927966107e-05,0.005386708304286003,catatumbo,SPEAKER_00,25512.333,25512.708,3.0
0.08491099625825882,0.003395361709408462,2.118703093856311e-06,0.009912674315273762,0.00018683123926166445,0.0005931518971920013,catatumbo,SPEAKER_00,25512.667,25513.042,3.0
0.21174420416355133,0.00046100051258690655,9.811522829750174e-07,0.0004181248659733683,1.299391715292586e-05,0.05454076826572418,catatumbo,SPEAKER_00,25513.0,25513.375,3.0
0.1763281524181366,0.00159687121049501,3.216018285456812e-06,0.35117676854133606,0.0026986345183104277,0.0012470048386603594,catatumbo,SPEAKER_00,25513.333,25513.708,3.0
0.1198742687702179,0.0016418825252912939,2.57736769526673e-06,0.1831144168972969,0.000712249951902777,0.0006119748577475548,catatumbo,SPEAKER_00,25513.667,25514.042,3.0
0.020144512876868248,0.018353767751250416,1.2706694292319298e-06,0.4965936988592148,6.727305299136788e-05,0.0022832441609352827,catatumbo,SPEAKER_00,25514.333,25514.708,3.0
0.02607124112546444,0.01396853057667613,1.7071854472305859e-06,0.04064429737627506,0.0005728849209845066,0.0007285814499482512,catatumbo,SPEAKER_00,25514.667,25515.042,3.0
0.014464293606579304,0.0511701928335242,1.283180552036356e-06,0.0822438895702362,8.127970795612782e-05,0.002059174934402108,catatumbo,SPEAKER_00,25515.0,25515.375,3.0
0.04727675020694733,0.0024607451632618904,2.9007386501689325e-06,0.10335423052310944,0.0006320104585029185,0.000793802086263895,catatumbo,SPEAKER_00,25515.333,25515.708,3.0
0.021662108600139618,0.01584134786389768,5.46143056112669e-07,0.0031271419720724225,8.992610673885792e-05,0.019101964309811592,catatumbo,SPEAKER_00,25515.667,25516.042,3.0
0.012497366406023502,0.008605968207120895,3.1224772101268172e-06,0.15814688056707382,0.0007248591864481568,0.0007138324435800314,catatumbo,UNICO,25603.667,25604.042,3.0
0.004150827880948782,0.053869673516601324,9.747652995883982e-07,0.13794685527682304,0.0006644817476626486,0.00044941739179193974,catatumbo,UNICO,25604.333,25604.708,3.0
0.0022025764919817448,0.19811052829027176,2.4368790718654054e-06,0.07250124961137772,0.022273968905210495,0.0002043020649580285,catatumbo,SPEAKER_00,25604.667,25605.042,3.0
0.01343801710754633,0.08376263082027435,1.1216142326020417e-07,0.02842634916305542,3.224964257242391e-05,0.0036618972662836313,catatumbo,SPEAKER_00,25605.0,25605.375,3.0
0.044458601623773575,0.003361123730428517,1.0620989883136644e-06,0.002746854326687753,3.451030352152884e-05,0.007607597857713699,catatumbo,SPEAKER_00,25605.333,25605.708,3.0
0.1705295592546463,0.0021835603401996195,3.1133396305449423e-06,0.01706033479422331,0.0017916912329383194,0.010987828485667706,catatumbo,SPEAKER_00,25605.667,25606.042,3.0
0.4319845736026764,0.00041670243081171066,6.038946594344452e-06,0.2579956650733948,0.0038550742901861668,0.0009100777097046375,catatumbo,SPEAKER_00,25606.0,25606.375,3.0
0.018726874142885208,0.012068630661815405,1.1102350185865362e-06,0.47024743258953094,7.3706871717149625e-06,0.005959113594144583,catatumbo,SPEAKER_00,25606.333,25606.708,3.0
0.0791969895362854,0.0064112504478544,1.301241582041257e-06,0.0895986258983612,2.245934501843294e-05,0.017430342733860016,catatumbo,SPEAKER_00,25606.667,25607.042,3.0
0.08741220831871033,0.0034302525455132127,7.711882119565416e-07,1.4604081570723793e-05,4.53040719605724e-07,0.7748912572860718,catatumbo,SPEAKER_00,25607.333,25607.708,3.0
0.017216980457305908,0.004112978698685765,5.497694814948773e-07,0.0002105110470438376,1.6434008216492657e-06,0.27726686000823975,catatumbo,SPEAKER_00,25607.667,25608.042,3.0
0.008586203679442406,0.007843152503482997,1.4485597148450324e-06,0.480972021818161,0.00033620980684645474,0.0027212544810026884,catatumbo,SPEAKER_00,25608.0,25608.375,3.0
0.15153253078460693,0.0011352651636116207,2.311066282345564e-06,0.1598316803574562,0.0003632204752648249,0.001180635648779571,catatumbo,SPEAKER_00,25608.333,25608.708,3.0
0.1313789337873459,0.0014635598636232316,1.4905627949701739e-06,0.18486136198043823,0.0002467753947712481,0.0027488856576383114,catatumbo,SPEAKER_00,25608.667,25609.042,3.0
0.06380735337734222,0.002805227180942893,1.4911862535882392e-06,0.4701158404350281,3.9374848711304367e-05,0.0026082401163876057,catatumbo,SPEAKER_00,25609.0,25609.375,3.0
0.4086432158946991,0.0002650067544891499,2.892355610129016e-06,0.0018378915847279131,0.0001647762328502722,0.00809532217681408,catatumbo,SPEAKER_00,25609.333,25609.708,3.0
0.13152769207954407,0.0005859616067027673,1.710916762931447e-06,0.3868684768676758,0.00017175287939608097,0.01846393384039402,catatumbo,SPEAKER_00,25609.667,25610.042,3.0
0.16293291747570038,0.0016007652739062905,3.639447299974563e-06,0.5525245666503906,0.0006661577499471605,0.0024445573799312115,catatumbo,SPEAKER_00,25610.333,25610.708,3.0
0.007640796713531017,0.010839748661965132,1.6356305536646687e-06,0.444574773311615,0.00012406616588123143,0.0028628103900700808,catatumbo,SPEAKER_00,25610.667,25611.042,3.0
0.02629508636891842,0.008703086525201797,1.9494505067996215e-06,0.2392929270863533,0.004271784680895507,0.00015423168952111155,catatumbo,SPEAKER_00,25611.0,25611.375,3.0
0.13657912611961365,0.021696767769753933,2.3024549022920837e-07,0.006134303053840995,0.0011944950965698808,0.0018078344874083996,catatumbo,SPEAKER_00,25611.333,25611.708,3.0
0.15295162796974182,0.004011159879155457,5.333216535063912e-07,0.02243689727038145,0.008855462772771716,0.0005606284248642623,catatumbo,SPEAKER_00,25611.667,25612.042,3.0
0.16823868453502655,0.0016949237906374037,2.6742465593088127e-06,0.2711874097585678,0.0001895637033157982,0.0015602880157530308,catatumbo,SPEAKER_00,25612.0,25612.375,3.0
0.15979672968387604,0.0031122928485274315,1.9999473579446203e-06,0.07792722806334496,0.0004223139403620735,0.001559442956931889,catatumbo,SPEAKER_00,25612.333,25612.708,3.0
0.18197359144687653,0.0017743641510605812,1.1833405153538479e-06,0.03353927098214626,2.2193156837602146e-05,0.010079585947096348,catatumbo,UNICO,25612.667,25613.042,3.0
0.03465732932090759,0.030247071641497314,4.99371253681602e-07,1.31536955905176e-05,1.1418745998525992e-05,0.8563318848609924,catatumbo,SPEAKER_00,25613.333,25613.708,3.0
0.2738342881202698,0.000680162338539958,2.3766358481225325e-06,0.0009358507231809199,4.483277734834701e-05,0.045866429805755615,catatumbo,SPEAKER_00,25613.667,25614.042,3.0
0.1325259506702423,0.002313392120413482,1.6519778682777542e-06,0.26893889904022217,2.3449253603757825e-05,0.007278413977473974,catatumbo,SPEAKER_00,25614.0,25614.375,3.0
0.03626668080687523,0.018107711104676127,1.8671501038625138e-06,0.34244823455810547,0.00013443841089610942,0.008686935529112816,catatumbo,SPEAKER_00,25614.333,25614.708,3.0
0.05223619565367699,0.00867386069148779,9.399324767400685e-07,0.41081370413303375,1.7132160792243667e-05,0.022251997143030167,catatumbo,SPEAKER_00,25614.667,25615.042,3.0
0.2843051254749298,0.0014409382711164653,8.249597556186927e-07,0.0038738985313102603,3.1257567343345727e-06,0.06617298722267151,catatumbo,SPEAKER_00,25615.0,25615.375,3.0
0.15144166350364685,0.0009375374938827008,2.890837663471757e-06,0.7298033535480499,0.00017990713968174532,0.005814799573272467,catatumbo,SPEAKER_00,25615.333,25615.708,3.0
0.003310030559077859,0.0418266337364912,3.2338389388542055e-07,0.0022774740937165916,3.709633710968774e-05,0.027958041056990623,catatumbo,SPEAKER_00,25615.667,25616.042,3.0
0.02434704080224037,0.021927894791588187,6.144970825516793e-07,0.006536243483424187,7.080262730596587e-05,0.006041225977241993,catatumbo,SPEAKER_00,25616.333,25616.708,3.0
0.036160022020339966,0.012600386515259743,1.7604962181394512e-06,0.29158514738082886,0.0003913025720976293,0.001584911486133933,catatumbo,SPEAKER_00,25616.667,25617.042,3.0
0.015690771862864494,0.01355076942127198,1.351078225297897e-06,0.4739501178264618,0.00028645183192566037,0.009520744904875755,catatumbo,SPEAKER_00,25617.0,25617.375,3.0
0.03434034064412117,0.008870918536558747,1.6439578303106828e-06,0.33195310831069946,0.00012301881724852137,0.0031564044766128063,catatumbo,SPEAKER_00,25617.333,25617.708,3.0
0.0426291897892952,0.009846553904935718,9.650736956245964e-07,0.5787248313426971,4.2218240196234547e-05,0.00849473662674427,catatumbo,SPEAKER_00,25617.667,25618.042,3.0
0.08713800460100174,0.004222219460643828,2.268633863877767e-06,0.39439310133457184,0.00021561362518696114,0.004464741330593824,catatumbo,SPEAKER_00,25618.0,25618.375,3.0
0.1464167982339859,0.0016260298434644938,9.125030260292988e-07,0.0008335247403010726,8.243056436185725e-05,0.04527122899889946,catatumbo,SPEAKER_00,25618.333,25618.708,3.0
0.04183230176568031,0.01404788310173899,2.824321256866824e-07,0.002426927676424384,4.610620999301318e-05,0.05636119842529297,catatumbo,SPEAKER_00,25618.667,25619.042,3.0
0.06994718313217163,0.0030488474294543266,2.5462579742452363e-06,0.3322964906692505,0.0005222715117270127,0.004925290588289499,catatumbo,SPEAKER_00,25619.333,25619.708,3.0
0.0565369538962841,0.0027058119885623455,6.380409445227997e-07,0.003252606140449643,5.585822873399593e-05,0.018449723720550537,catatumbo,SPEAKER_00,25619.667,25620.042,3.0
0.30307474732398987,0.001002741337288171,1.7633498714531015e-06,0.00570323970168829,5.78290710109286e-05,0.006367467809468508,catatumbo,SPEAKER_00,25620.0,25620.375,3.0
0.13103152811527252,0.006270754849538207,5.528746811478413e-07,0.005738095846027136,3.8882992157596163e-05,0.02296796441078186,catatumbo,SPEAKER_00,25620.333,25620.708,3.0
0.28072866797447205,0.0027252646978013217,2.086592985506286e-06,0.6235590577125549,0.00023817976034479216,0.009613361209630966,catatumbo,SPEAKER_00,25620.667,25621.042,3.0
0.0202968567609787,0.02148070721887052,2.9911419687778107e-06,0.29762740433216095,0.0011149952479172498,0.0017685923958197236,catatumbo,SPEAKER_00,25621.0,25621.375,3.0
0.0026682205498218536,0.1253470666706562,1.4832895089966769e-06,0.002960893325507641,0.0003670290534500964,0.03844304382801056,catatumbo,SPEAKER_00,25621.333,25621.708,3.0
0.014159728772938251,0.0645974837243557,1.73094218780534e-06,0.5652937144041061,0.001831738743931055,0.0022471598349511623,catatumbo,SPEAKER_00,25621.667,25622.042,3.0
0.10203421860933304,0.0033821927499957383,1.188447924960201e-06,0.026640841737389565,2.2070680188335245e-05,0.025870418176054955,catatumbo,SPEAKER_00,25622.333,25622.708,3.0
0.006502408999949694,0.03560155164450407,6.422301339625847e-07,0.17433731257915497,0.0003635517496149987,0.0005345912068150938,catatumbo,SPEAKER_00,25622.667,25623.042,3.0
0.003422429086640477,0.09339584037661552,1.6353860132767295e-06,0.3217497020959854,0.0010947028640657663,8.409629663219675e-05,catatumbo,SPEAKER_00,25623.0,25623.375,3.0
0.003235625335946679,0.12123655900359154,6.532398799663497e-07,0.011930187232792377,0.0008091028721537441,0.0005513662472367287,catatumbo,SPEAKER_00,25623.333,25623.708,3.0
0.0033667327370494604,0.11085021123290062,1.4881260881338676e-06,0.03423900809139013,0.02993018552660942,6.144167127786204e-05,catatumbo,SPEAKER_00,25623.667,25624.042,3.0
0.0007209755131043494,0.20442090928554535,7.387665164060309e-07,0.0023853006423451006,0.00021981923782732338,0.001684949966147542,catatumbo,SPEAKER_00,25624.0,25624.375,3.0
0.0021678495686501265,0.1320318803191185,1.2706942413842626e-06,0.010979387909173965,0.003495982848107815,0.00043375242967158556,catatumbo,SPEAKER_00,25624.333,25624.708,3.0
0.027272958308458328,0.015508358832448721,1.1199468872291618e-06,0.004729860462248325,0.002993839676491916,0.0013578236103057861,catatumbo,SPEAKER_00,25624.667,25625.042,3.0
0.04426804184913635,0.009609368396922946,1.4512279165046493e-06,0.02968576829880476,0.00018827106396201998,0.0014328249963000417,catatumbo,SPEAKER_00,25625.333,25625.708,3.0
0.021561354398727417,0.025392240844666958,7.493131590763369e-07,0.1539294421672821,3.433372694416903e-05,0.004460398573428392,catatumbo,SPEAKER_00,25625.667,25626.042,3.0
0.004699397832155228,0.03269686549901962,8.860413629463437e-07,0.1482563391327858,3.5323168958711904e-05,0.00200804159976542,catatumbo,UNICO,25626.0,25626.375,3.0
0.0388626828789711,0.00768449530005455,2.602479185043194e-06,0.1841980665922165,0.00013100929936626926,0.0009524612687528133,catatumbo,UNICO,25626.333,25626.708,3.0
0.028374135494232178,0.008658609120175242,2.2311066913971445e-06,0.13969901949167252,8.20906279841438e-05,0.0010494510643184185,catatumbo,UNICO,25626.667,25627.042,3.0
0.09453215450048447,0.0022446951479651034,2.5317758627352305e-06,0.20099849253892899,0.00020834236784139648,0.003330979496240616,catatumbo,SPEAKER_00,25627.0,25627.375,3.0
0.13226638734340668,0.0042177108116447926,1.5348240367529797e-06,0.21389242634177208,0.00014920757530489936,0.004195366986095905,catatumbo,SPEAKER_00,25627.333,25627.708,3.0
0.05635928362607956,0.009698855224996805,1.7099311548918195e-06,0.504409521818161,0.0005829976871609688,0.0017399098724126816,catatumbo,SPEAKER_00,25627.667,25628.042,3.0
0.1500539779663086,0.004158248542807996,1.5107600859209924e-06,0.5691985487937927,2.4701565052964725e-05,0.0078056203201413155,catatumbo,SPEAKER_00,25628.333,25628.708,3.0
0.01413773838430643,0.01737021468579769,9.260698163870984e-07,0.43471257388591766,0.0001342238720098976,0.0025345352478325367,catatumbo,SPEAKER_00,25628.667,25629.042,3.0
0.07185450941324234,0.002870031166821718,2.224393483629683e-06,0.11428618058562279,0.00013200419562053867,0.0008590324432589114,catatumbo,SPEAKER_00,25629.0,25629.375,3.0
0.06346407532691956,0.007001100108027458,1.691208296961122e-06,0.5086697190999985,7.648961400263943e-05,0.0028380462899804115,catatumbo,SPEAKER_00,25629.333,25629.708,3.0
0.003963017370551825,0.018410552758723497,9.559886962051678e-07,0.5456761121749878,7.567854481749237e-05,0.005263770464807749,catatumbo,SPEAKER_00,25629.667,25630.042,3.0
0.04186968877911568,0.005235051270574331,1.2674513811816723e-06,0.39861156046390533,4.8369596697739325e-05,0.00909776147454977,catatumbo,SPEAKER_00,25630.0,25630.375,3.0
0.1976601630449295,0.0012207030958961695,2.051256956292491e-06,0.0012276149936951697,0.00010062553701573052,0.013730659149587154,catatumbo,SPEAKER_00,25630.333,25630.708,3.0
0.1395038664340973,0.0018035181783488952,1.7695115275273565e-06,0.13989857956767082,0.0001322359748883173,0.0013408808736130595,catatumbo,SPEAKER_00,25630.667,25631.042,3.0
0.024266241118311882,0.006377059733495116,1.1658438552331063e-06,0.023586998693645,6.085176573833451e-05,0.0009828691836446524,catatumbo,SPEAKER_00,25631.333,25631.708,3.0
0.04744276776909828,0.007664475589990616,1.2197553473924927e-06,0.6288423538208008,0.00010386072608525865,0.005361706018447876,catatumbo,SPEAKER_00,25631.667,25632.042,3.0
0.06967471539974213,0.006338566076010466,1.3330358683560917e-06,0.5870656073093414,5.6104272516677156e-05,0.003530592657625675,catatumbo,SPEAKER_00,25632.0,25632.375,3.0
0.19141633808612823,0.0017552172357682139,2.8746255793521414e-06,0.6194993853569031,4.861382694798522e-05,0.00901839230209589,catatumbo,SPEAKER_00,25632.333,25632.708,3.0
0.028908248990774155,0.003542365157045424,1.1648569966382638e-06,0.014674988575279713,0.00014162879597279243,0.007027486804872751,catatumbo,SPEAKER_00,25632.667,25633.042,3.0
0.0007804295746609569,0.21209446340799332,1.4753747734630451e-06,0.03107080329209566,7.72254315961618e-05,0.003136696293950081,catatumbo,SPEAKER_00,25633.0,25633.375,3.0
0.0266888327896595,0.0035593705251812935,1.780776983650867e-06,0.2707746624946594,3.0444880394497886e-05,0.025522664189338684,catatumbo,SPEAKER_00,25633.333,25633.708,3.0
0.1507689356803894,0.0007602219557156786,1.7013521187436709e-06,0.003008466330356896,0.00038606271846219897,0.024277513846755028,catatumbo,SPEAKER_00,25633.667,25634.042,3.0
0.015090910717844963,0.005643213517032564,9.649710932535527e-07,0.3496156930923462,4.907381253360654e-06,0.02727521024644375,catatumbo,SPEAKER_00,25634.333,25634.708,3.0
0.02187489904463291,0.019748040474951267,4.991493227635146e-07,0.00477261224295944,6.936985300853848e-05,0.15819275379180908,catatumbo,SPEAKER_00,25634.667,25635.042,3.0
0.07519743591547012,0.03005977813154459,5.746490074898247e-07,0.0003044512268388644,0.00012040767978760414,0.03444299474358559,catatumbo,SPEAKER_00,25635.0,25635.375,3.0
0.04926615208387375,0.004122313228435814,3.265436475885508e-06,0.0007246415480040014,0.04158608801662922,0.013746153563261032,catatumbo,SPEAKER_00,25635.333,25635.708,3.0
0.11762074381113052,0.002767120546195656,1.7492816368758213e-06,0.03531714715063572,0.00032160390401259065,0.0028498866595327854,catatumbo,SPEAKER_00,25635.667,25636.042,3.0
0.02393689937889576,0.011052668560296297,1.0634926752572937e-06,0.04721219651401043,8.293005521409214e-05,0.001444570836611092,catatumbo,SPEAKER_00,25636.0,25636.375,3.0
0.04221789166331291,0.010196053655818105,2.866224008357676e-06,0.12153204157948494,6.260854206630029e-05,0.00191603135317564,catatumbo,SPEAKER_00,25636.333,25636.708,3.0
0.08571263402700424,0.002630560309626162,2.8408242087607505e-06,0.22670290619134903,0.0008838423527777195,0.0013523419620469213,catatumbo,SPEAKER_00,25636.667,25637.042,3.0
0.01183146983385086,0.014765656320378184,1.8605744571686955e-06,0.6953564882278442,0.00011921106488443911,0.007480677217245102,catatumbo,SPEAKER_00,25637.333,25637.708,3.0
0.13246987760066986,0.004704486345872283,1.6939280271799362e-06,0.03382978308945894,0.0007127022254280746,0.010015641339123249,catatumbo,SPEAKER_00,25637.667,25638.042,3.0
0.02532091923058033,0.008767152205109596,6.165299737403984e-07,0.003089362755417824,5.335696414476843e-06,0.15369801223278046,catatumbo,SPEAKER_00,25638.0,25638.375,3.0
0.06260138750076294,0.0025471343542449176,1.5841951039874402e-06,0.010489589534699917,0.0002447743172524497,0.006804533302783966,catatumbo,SPEAKER_00,25638.333,25638.708,3.0
0.053968604654073715,0.0021802789415232837,2.1071809896966442e-06,0.479982390999794,0.0016626366414129734,0.010079886764287949,catatumbo,SPEAKER_00,25638.667,25639.042,3.0
0.0770922601222992,0.005422663642093539,1.916073358643189e-06,0.06230504624545574,0.00011625342813204043,0.0010230385232716799,catatumbo,SPEAKER_00,25639.0,25639.375,3.0
0.5164599418640137,0.000527234049513936,5.9894902051382815e-06,0.21810700371861458,0.0024572015972808003,0.004428733140230179,catatumbo,SPEAKER_00,25639.333,25639.708,3.0
0.11055406928062439,0.007608155952766538,2.110884736339358e-06,0.36342260241508484,0.00013483224392984994,0.004832209087908268,catatumbo,SPEAKER_00,25639.667,25640.042,3.0
0.12482289969921112,0.002258453576359898,1.274212479529524e-06,0.0008733888680581003,3.7679609704355244e-05,0.0298280268907547,catatumbo,SPEAKER_00,25640.333,25640.708,3.0
0.052512504160404205,0.017170636914670467,1.0398442213954695e-06,0.08742713741958141,0.0003057350550079718,0.0010730031644925475,catatumbo,SPEAKER_00,25640.667,25641.042,3.0
0.14136266708374023,0.004849416669458151,2.572972789494088e-06,0.06748767383396626,0.0017397465417161584,0.0015714660985395312,catatumbo,SPEAKER_00,25641.0,25641.375,3.0
0.020788749679923058,0.009404112817719579,5.228027220027798e-07,0.00445168896112591,1.121756531574647e-05,0.025811247527599335,catatumbo,UNICO,25641.333,25641.708,3.0
0.0075832027941942215,0.009831044124439359,2.9278582758252014e-07,0.0035171182826161385,6.1519026530731935e-06,0.021800002083182335,catatumbo,UNICO,25641.667,25642.042,3.0
0.04815121367573738,0.0032093701884150505,8.818556125333998e-07,0.0019757362897507846,1.2515116850408958e-05,0.043692298233509064,catatumbo,SPEAKER_00,25642.0,25642.375,3.0
0.04222176969051361,0.004922512453049421,1.207736943342752e-06,0.005537686171010137,7.919768177089281e-05,0.008459242060780525,catatumbo,SPEAKER_00,25642.333,25642.708,3.0
0.04299202933907509,0.006106984685175121,1.3169542398827616e-06,0.002889808965846896,1.9015435100300238e-05,0.011229779571294785,catatumbo,SPEAKER_00,25642.667,25643.042,3.0
0.023755528032779694,0.005544120213016868,1.3898969655201654e-06,0.023927509784698486,0.00011853432806674391,0.0011192044476047158,catatumbo,SPEAKER_00,25643.333,25643.708,3.0
0.1442042887210846,0.004589605494402349,8.12783326864519e-07,0.3199823200702667,0.0001074384490493685,0.005475817248225212,catatumbo,SPEAKER_00,25643.667,25644.042,3.0
0.04794789478182793,0.011004531872458756,5.959638258445921e-07,0.031672156415879726,9.020053767017089e-05,0.02524496056139469,catatumbo,SPEAKER_00,25644.0,25644.375,3.0
0.11762356758117676,0.0032784356735646725,2.6734771836345317e-06,0.10375428572297096,0.0012828668113797903,0.001172425807453692,catatumbo,SPEAKER_00,25644.333,25644.708,3.0
0.12538482248783112,0.00460097286850214,9.959206295206968e-07,0.007521659601479769,0.00039981110603548586,0.014576379209756851,catatumbo,SPEAKER_00,25644.667,25645.042,3.0
0.08571217209100723,0.004408669541589916,1.0275874160470266e-06,0.32669131457805634,1.1188642474735389e-05,0.02310577966272831,catatumbo,SPEAKER_00,25645.0,25645.375,3.0
0.24028567969799042,0.0022760295832995325,1.5633568182238378e-06,0.34537747502326965,1.4302572708402295e-05,0.010404964908957481,catatumbo,SPEAKER_00,25645.333,25645.708,3.0
0.04686495289206505,0.005605350044788793,4.345459103660687e-07,0.0021295156911946833,1.6179412341443822e-05,0.11911728233098984,catatumbo,SPEAKER_00,25645.667,25646.042,3.0
0.24183428287506104,0.0012399801198625937,3.1376626168366784e-06,0.01031384663656354,0.00490721850655973,0.0009265450062230229,catatumbo,SPEAKER_00,25646.333,25646.708,3.0
0.07603041082620621,0.0029334338614717126,6.214020515926677e-07,0.003779880586080253,6.74200855428353e-05,0.016268767416477203,catatumbo,SPEAKER_00,25646.667,25647.042,3.0
0.0685889720916748,0.0040115416049957275,1.560100713504653e-06,0.2654590904712677,5.513215910468716e-05,0.0019956594333052635,catatumbo,SPEAKER_00,25647.0,25647.375,3.0
0.11672746390104294,0.0014823658275417984,1.1893929467987618e-06,0.013878144789487123,0.00011758767141145654,0.004559075925499201,catatumbo,SPEAKER_00,25647.333,25647.708,3.0
0.010968166403472424,0.012990789953619242,1.6298049558827188e-06,0.005365180550143123,8.749466360313818e-05,0.002996813738718629,catatumbo,SPEAKER_00,25647.667,25648.042,3.0
0.0003948727098759264,0.3769661635160446,6.22277795514492e-07,0.01649364223703742,7.889271364547312e-05,0.10955088585615158,catatumbo,SPEAKER_00,25648.0,25648.375,3.0
0.004101872444152832,0.013191251084208488,2.41480495333235e-06,0.07079697586596012,0.0004809230740647763,0.001013191998936236,catatumbo,SPEAKER_00,25648.333,25648.708,3.0
0.01870136521756649,0.005305364495143294,1.2106934832445404e-06,0.5430651307106018,2.744279663602356e-05,0.00598966283723712,catatumbo,SPEAKER_00,25648.667,25649.042,3.0
0.05567906051874161,0.002523831557482481,2.3910436084406683e-06,0.5502057671546936,3.84646682505263e-05,0.008020540699362755,catatumbo,SPEAKER_00,25649.333,25649.708,3.0
0.0024374607019126415,0.009649768704548478,1.265133789729589e-06,0.6134538054466248,4.3768295654444955e-05,0.013522246852517128,catatumbo,SPEAKER_00,25649.667,25650.042,3.0
0.003494040574878454,0.10211104527115822,6.691170426620374e-07,0.3260761648416519,0.0013013809802941978,0.032210398465394974,catatumbo,SPEAKER_00,25650.0,25650.375,3.0
0.0045632170513272285,0.005810535745695233,3.229757112421794e-06,0.3933221697807312,0.0019197501242160797,0.00048685018555261195,catatumbo,SPEAKER_00,25650.333,25650.708,3.0
0.0629543587565422,0.01369826402515173,1.559493057357031e-06,0.024816909804940224,2.1760714844276663e-05,0.00359450769610703,catatumbo,SPEAKER_00,25650.667,25651.042,3.0
0.05470577999949455,0.006332252640277147,1.2988177786610322e-06,0.6203005909919739,6.997477385084494e-06,0.005412652622908354,catatumbo,SPEAKER_00,25651.0,25651.375,3.0
0.05588548630475998,0.008284191018901765,3.083064029851812e-06,0.26689934730529785,0.0001699773783911951,0.002180170500651002,catatumbo,SPEAKER_00,25651.333,25651.708,3.0
0.015145551413297653,0.009956980589777231,9.121109201259969e-07,0.0020296196453273296,2.7052641598857008e-05,0.01647883839905262,catatumbo,UNICO,25651.667,25652.042,3.0
0.11407916247844696,0.0024168442469090223,1.5203179941636336e-06,0.0029692647513002157,0.00010806143836816773,0.0037854646798223257,catatumbo,SPEAKER_00,25652.333,25652.708,3.0
0.047512758523225784,0.009197319392114878,1.2147543202445377e-06,0.01570704486221075,0.0005382665840443224,0.002304927445948124,catatumbo,SPEAKER_00,25652.667,25653.042,3.0
0.041075967252254486,0.01269205054268241,2.2900378553458722e-06,0.3003617897629738,0.000235779196373187,0.0008615707047283649,catatumbo,SPEAKER_00,25653.0,25653.375,3.0
0.04909098520874977,0.006192909320816398,2.1814682895637816e-06,0.5134266763925552,0.00013900822887080722,0.0025921789929270744,catatumbo,SPEAKER_00,25653.333,25653.708,3.0
0.0067413742654025555,0.022290756925940514,4.164997449151997e-07,0.5374742150306702,6.777411363145802e-05,0.01314930897206068,catatumbo,SPEAKER_00,25653.667,25654.042,3.0
0.2348088026046753,0.0169087830290664,2.039974759782126e-06,0.6685817241668701,0.00032292008108925074,0.0046738386154174805,catatumbo,SPEAKER_00,25654.0,25654.375,3.0
0.020912138745188713,0.002936126897111535,9.653693950895104e-07,0.4136001616716385,0.00020394202147144824,0.004054340999573469,catatumbo,SPEAKER_00,25654.333,25654.708,3.0
0.022901568561792374,0.007961719064041972,1.4790142586207367e-06,0.03295368608087301,0.0019346485496498644,0.0002848360745701939,catatumbo,SPEAKER_00,25654.667,25655.042,3.0
0.02642093040049076,0.004753893823362887,1.3636438325193012e-06,0.012922562193125486,0.0014606065233238041,0.0019404534250497818,catatumbo,SPEAKER_00,25655.333,25655.708,3.0
0.008676248602569103,0.009350182954221964,8.606120616150292e-07,0.00023290067474590614,6.361159285006579e-05,0.023114869371056557,catatumbo,SPEAKER_00,25655.667,25656.042,3.0
0.0069423094391822815,0.02289674850180745,6.769040084009248e-07,0.0034109221305698156,0.00014869661390548572,0.3768311142921448,catatumbo,SPEAKER_00,25656.0,25656.375,3.0
0.31475386023521423,0.002179742499720305,1.357908513455186e-05,0.012948120944201946,0.006388560519553721,0.0018828256288543344,catatumbo,SPEAKER_00,25656.333,25656.708,3.0
0.003096850123256445,0.0428684214130044,1.093366051918565e-06,0.2326698899269104,0.00013293625670485198,0.0016578094800934196,catatumbo,SPEAKER_00,25656.667,25657.042,3.0
0.0005740798660553992,0.037459383718669415,3.294001302833749e-07,0.023928746581077576,3.743016577573144e-06,0.0036590993404388428,catatumbo,SPEAKER_00,25657.0,25657.375,3.0
0.003961632028222084,0.05159250274300575,1.536391124545844e-06,0.04898950457572937,0.0007811935502104461,0.0002740611380431801,catatumbo,UNICO,25657.333,25657.708,3.0
0.010054931975901127,0.04566538892686367,1.1862515520988381e-06,0.03990193549543619,0.0004902621731162071,0.0007911409484222531,catatumbo,UNICO,25657.667,25658.042,3.0
0.03637973219156265,0.00756341777741909,1.5972684082043997e-06,0.12394102290272713,0.00036789280420634896,0.000877176527865231,catatumbo,UNICO,25658.333,25658.708,3.0
0.08791770786046982,0.007810754235833883,1.1071973631260335e-06,0.20380768924951553,0.00012946447532158345,0.0016456282464787364,catatumbo,UNICO,25658.667,25659.042,3.0
0.314572811126709,0.006839458583272062,2.582071942924813e-06,0.025924223940819502,7.298170021385886e-05,0.001760236918926239,catatumbo,UNICO,25659.0,25659.375,3.0
0.13875308632850647,0.0064676456386223435,6.283861182510009e-07,0.186946552246809,8.765849997871555e-06,0.009499733336269855,catatumbo,UNICO,25659.333,25659.708,3.0
0.02308831363916397,0.00861730589531362,8.696842712652142e-07,0.13611790910363197,2.0327396669017617e-05,0.002228799043223262,catatumbo,UNICO,25659.667,25660.042,3.0
0.03582131117582321,0.012804573401808739,1.8979421838594135e-06,0.151222363114357,0.0001661977294133976,0.0012666641268879175,catatumbo,UNICO,25660.0,25660.375,3.0
0.043444618582725525,0.012535736430436373,1.4509825518871367e-06,0.1452646739780903,8.206271013477817e-05,0.0026978834066540003,catatumbo,UNICO,25660.333,25660.708,3.0
0.02302314154803753,0.038239651592448354,1.9367802508440946e-06,0.2219693809747696,0.00013451706763589755,0.0034598999191075563,catatumbo,UNICO,25660.667,25661.042,3.0
0.009478449821472168,0.020543775986880064,8.39154182585844e-07,0.11560974270105362,6.827675497333985e-05,0.0009651893633417785,catatumbo,SPEAKER_00,25661.333,25661.708,3.0
0.06873825937509537,0.017464140662923455,1.4608943956773146e-06,0.5534334629774094,0.00019421105389483273,0.0016089696437120438,catatumbo,SPEAKER_00,25661.667,25662.042,3.0
0.03695671632885933,0.007176186889410019,4.834025162381295e-07,3.835104416793911e-05,5.058901115262415e-05,0.17348270118236542,catatumbo,SPEAKER_00,25662.0,25662.375,3.0
0.04632522538304329,0.015251427423208952,1.532657250891134e-06,0.1322784163057804,9.582061829860322e-05,0.002365279011428356,catatumbo,SPEAKER_00,25662.333,25662.708,3.0
0.007911956869065762,0.08187197521328926,9.798062166055388e-07,0.5397824496030807,0.00018667733093025163,0.0016463123029097915,catatumbo,SPEAKER_00,25662.667,25663.042,3.0
0.1226717159152031,0.003182792104780674,1.2470621442162155e-06,0.5358322858810425,6.098503217799589e-05,0.002190998988226056,catatumbo,SPEAKER_00,25663.0,25663.375,3.0
0.0177055224776268,0.022487832698971033,1.110310819285587e-06,0.6153625845909119,8.522772986907512e-05,0.0010991680901497602,catatumbo,SPEAKER_00,25663.333,25663.708,3.0
0.001650591497309506,0.06901472061872482,6.713713958106382e-07,0.7094860672950745,1.2428198260749923e-05,0.005977502092719078,catatumbo,UNICO,25663.667,25664.042,3.0
0.0036959017161279917,0.11026013642549515,3.3382461879227776e-06,0.6958125233650208,0.0006251925369724631,0.0025844282936304808,catatumbo,SPEAKER_00,25664.333,25664.708,3.0
0.07872183620929718,0.002277672349009663,3.3368626191077055e-06,0.4309025704860687,0.0007254889351315796,0.002338893711566925,catatumbo,SPEAKER_00,25664.667,25665.042,3.0
0.1289510726928711,0.002774544176645577,2.4319331828337454e-06,0.5574521273374557,0.0016695175436325371,0.006145252380520105,catatumbo,SPEAKER_00,25665.0,25665.375,3.0
0.11642016470432281,0.005476395599544048,1.4168010125104047e-06,0.44926372170448303,0.0006750321772415191,0.0019356395350769162,catatumbo,SPEAKER_00,25665.333,25665.708,3.0
0.23157694935798645,0.0034139793133363128,1.607894375865726e-06,0.2742037773132324,0.002996189403347671,0.00046617546468041837,catatumbo,SPEAKER_00,25665.667,25666.042,3.0
0.03570186719298363,0.03717718191910535,7.176583380896773e-07,0.0648746658116579,9.192755442199996e-06,0.002433016197755933,catatumbo,SPEAKER_00,25666.0,25666.375,3.0
0.032862890511751175,0.005152965663000941,1.681835101408069e-06,0.005339824128895998,0.0002238292945548892,0.0014250483363866806,catatumbo,SPEAKER_00,25666.333,25666.708,3.0
0.5107320547103882,0.007014956116108806,7.214907100205892e-06,0.25457266718149185,0.00046323520655278116,0.00030906088068149984,catatumbo,UNICO,25666.667,25667.042,3.0
0.07204271107912064,0.04464599443599582,1.2787218963694613e-06,0.4591938853263855,0.00023020574008114636,0.0017678786534816027,catatumbo,SPEAKER_00,25813.333,25813.708,3.0
0.020251795649528503,0.1086366530507803,1.4550688547387836e-06,0.8266476988792419,3.234546875319211e-05,0.0037095181178301573,catatumbo,SPEAKER_00,25813.667,25814.042,3.0
0.005979745648801327,0.06572925951331854,5.295465825838619e-07,0.005067764315754175,0.0013139429793227464,0.00040762010030448437,catatumbo,SPEAKER_00,25814.333,25814.708,3.0
0.0028739157132804394,0.197749562561512,4.978799950094981e-07,0.34568779170513153,0.0016707077156752348,0.0006535735446959734,catatumbo,SPEAKER_00,25814.667,25815.042,3.0
0.004954580217599869,0.10721462592482567,1.2430798506102292e-06,0.36961086094379425,0.0019111784058623016,5.500906627275981e-05,catatumbo,SPEAKER_00,25815.0,25815.375,3.0
0.0011322610080242157,0.17781183868646622,3.9311068178449204e-07,0.012214515823870897,0.006432842928916216,0.00010354648111388087,catatumbo,SPEAKER_00,25815.333,25815.708,3.0
0.000813063292298466,0.14447888731956482,2.0317467885888618e-07,0.0007178937376011163,3.6120880395174026e-05,0.008475656621158123,catatumbo,SPEAKER_00,25815.667,25816.042,3.0
0.0036463006399571896,0.10853901505470276,3.9461386336370197e-07,0.0006939443992450833,0.0036544379545375705,0.0021449970081448555,catatumbo,SPEAKER_00,25816.0,25816.375,3.0
0.01579216495156288,0.04942094907164574,3.511149913038025e-07,0.012681085150688887,0.00020817884796997532,0.0010509449057281017,catatumbo,SPEAKER_00,25816.333,25816.708,3.0
0.008495146408677101,0.10634810477495193,8.809054747871414e-07,0.06459488533437252,0.010531433392316103,0.00021276334882713854,catatumbo,SPEAKER_00,25816.667,25817.042,3.0
0.057471174746751785,0.022721373476088047,6.507463012894732e-07,0.020538577809929848,0.004337687743827701,8.278323366539553e-05,catatumbo,SPEAKER_00,25817.333,25817.708,3.0
0.08553721755743027,0.0281596994609572,3.329694635567648e-07,0.00016954723469098099,0.0005704959039576352,0.0135040869936347,catatumbo,SPEAKER_00,25817.667,25818.042,3.0
0.0007250403868965805,0.14327247813344002,1.8658284517414359e-07,0.00023953696654643863,7.01528897479875e-05,0.030943766236305237,catatumbo,SPEAKER_00,25818.0,25818.375,3.0
0.008095134980976582,0.0702739180997014,4.937343902611246e-07,0.02619469352066517,0.0005286827217787504,0.00042568283970467746,catatumbo,SPEAKER_00,25818.333,25818.708,3.0
0.023329351097345352,0.04467046121135354,4.7421602289432485e-07,0.011007110588252544,0.004599231178872287,0.0002758318732958287,catatumbo,SPEAKER_00,25818.667,25819.042,3.0
0.053552158176898956,0.028394296998158097,2.0312297976943228e-07,0.0009050184453371912,3.44253821822349e-05,0.022792484611272812,catatumbo,SPEAKER_00,25819.0,25819.375,3.0
0.017533328384160995,0.05287611298263073,6.378895562875186e-07,0.0006188749830471352,0.0022373489337041974,0.007790864910930395,catatumbo,UNICO,25819.333,25819.708,3.0
0.027514055371284485,0.03985433676280081,6.732196027314785e-07,0.0010528810089454055,0.004396928823553026,0.004418526776134968,catatumbo,UNICO,25819.667,25820.042,3.0
0.030078180134296417,0.039752475917339325,4.041889525296938e-07,0.006821849383413792,0.0001882548094727099,0.002123609883710742,catatumbo,SPEAKER_00,25820.333,25820.708,3.0
0.024875614792108536,0.03860577568411827,1.0196799138384449e-07,0.00018732677563093603,4.094265023013577e-06,0.10640720278024673,catatumbo,SPEAKER_00,25820.667,25821.042,3.0
0.024439772590994835,0.06106937676668167,1.9848572918590435e-07,0.0002637180659803562,6.135184230515733e-05,0.038836684077978134,catatumbo,SPEAKER_00,25821.0,25821.375,3.0
0.15803948044776917,0.019446975085884333,3.826382766192182e-08,0.009277154691517353,3.5157336242264137e-07,0.5013474225997925,catatumbo,SPEAKER_00,25821.333,25821.708,3.0
0.09775519371032715,0.029911641031503677,4.557421675599471e-07,0.01698002964258194,0.001211263530422002,0.0008525942103005946,catatumbo,SPEAKER_00,25821.667,25822.042,3.0
0.15990914404392242,0.011651539243757725,2.9968805392854847e-07,0.00181347387842834,4.620206709660124e-05,0.009723505936563015,catatumbo,SPEAKER_00,25822.0,25822.375,3.0
0.04545086994767189,0.07750478945672512,4.7442681250231544e-07,0.0004018208710476756,0.0014950362383387983,0.004226798191666603,catatumbo,UNICO,25822.333,25822.708,3.0
0.016455963253974915,0.09867926314473152,4.6162080025169416e-07,0.0009313039481639862,0.002296962949912995,0.0033572360407561064,catatumbo,UNICO,25822.667,25823.042,3.0
0.10996013134717941,0.008894742000848055,8.952124019856456e-08,0.0012540133320726454,3.6443872886593454e-05,0.022940751165151596,catatumbo,SPEAKER_00,25823.333,25823.708,3.0
0.05789065733551979,0.03992567025125027,4.884116577841269e-07,0.0006736683426424861,0.0006007433112245053,0.0064743938855826855,catatumbo,SPEAKER_00,25823.667,25824.042,3.0
0.08527544885873795,0.041255899239331484,6.232468194866669e-07,0.3355385959148407,9.035117909661494e-05,0.0019081796053797007,catatumbo,SPEAKER_00,25824.0,25824.375,3.0
0.06728693842887878,0.0381312679965049,9.976413650747418e-07,0.18518079072237015,0.0006592340942006558,0.0004154163470957428,catatumbo,SPEAKER_00,25824.333,25824.708,3.0
0.00016299018170684576,0.07008745148777962,4.978049901183113e-07,0.30114537477493286,8.121966175167472e-06,0.009541617706418037,catatumbo,SPEAKER_00,25958.333,25958.708,3.0
0.008368178270757198,0.015234112390317023,9.963595175577211e-07,0.2494814097881317,5.376958870328963e-05,0.0020933684427291155,catatumbo,SPEAKER_00,25958.667,25959.042,3.0
0.010541927069425583,0.04310160130262375,3.748344923337754e-07,0.11243501678109169,7.885781087679788e-06,0.024149544537067413,catatumbo,SPEAKER_00,25959.0,25959.375,3.0
0.049940209835767746,0.012754006776958704,1.8945555666505243e-06,0.42466819286346436,0.0002350560243939981,0.0010678489925339818,catatumbo,SPEAKER_00,25959.333,25959.708,3.0
0.0012895732652395964,0.020569488871842623,1.4210795740154936e-07,0.0005358197377063334,1.4340173947857693e-05,0.09603513032197952,catatumbo,SPEAKER_00,25959.667,25960.042,3.0
0.005741981323808432,0.013124559773132205,1.989874817809323e-06,0.21315529197454453,0.0006501874304376543,0.0017598732374608517,catatumbo,SPEAKER_00,25960.0,25960.375,3.0
0.000414074253058061,0.05674336198717356,1.9686652663608584e-07,0.010153179755434394,1.3731346371059772e-05,0.025403201580047607,catatumbo,SPEAKER_00,25960.333,25960.708,3.0
0.021588101983070374,0.005807381821796298,1.018536352148658e-06,0.5688436776399612,0.00016612999752396718,0.01730945333838463,catatumbo,SPEAKER_00,25960.667,25961.042,3.0
0.039362285286188126,0.006622280227020383,6.764199156350514e-07,0.00588999642059207,2.4263990781037137e-06,0.012507426552474499,catatumbo,SPEAKER_00,25961.333,25961.708,3.0
0.03663216903805733,0.005448821699246764,1.4842877362752915e-06,0.09390173107385635,6.779615068808198e-05,0.0029957725200802088,catatumbo,SPEAKER_00,25961.667,25962.042,3.0
0.0413176454603672,0.007866739528253675,2.5686641151878575e-06,0.3962293565273285,0.0003267371794208884,0.0020478570368140936,catatumbo,UNICO,25962.0,25962.375,3.0
0.029540708288550377,0.009070365922525525,1.5702180178323033e-06,0.5069088935852051,5.94438624830218e-05,0.006249572150409222,catatumbo,UNICO,25962.333,25962.708,3.0
0.00539771793410182,0.01775468233972788,1.0543781172600575e-06,0.5524487793445587,3.0303036510304082e-05,0.007840926758944988,catatumbo,UNICO,25962.667,25963.042,3.0
0.007866399362683296,0.020659403409808874,1.5789804592714063e-06,0.7024377584457397,0.00010170756286242977,0.0028336436953395605,catatumbo,SPEAKER_00,25963.0,25963.375,3.0
0.01664646714925766,0.005862032994627953,1.458198937598354e-06,0.002112989663146436,2.0879571820842102e-05,0.009884932078421116,catatumbo,SPEAKER_00,25963.333,25963.708,3.0
0.10688026994466782,0.005132704973220825,1.8122107121598674e-06,0.012509631225839257,0.00029038557840976864,0.00714060477912426,catatumbo,SPEAKER_00,25963.667,25964.042,3.0
0.04318947345018387,0.0033749497961252928,9.059002650246839e-07,0.0759507268667221,0.0003558858879841864,0.0013745706528425217,catatumbo,SPEAKER_00,25964.333,25964.708,3.0
0.0001925894757732749,0.16035987436771393,9.673090772821524e-07,0.0005409735022112727,1.4094356629357208e-05,0.15937753021717072,catatumbo,SPEAKER_00,25964.667,25965.042,3.0
0.0015491129597648978,0.14357978850603104,1.6393137229897548e-06,0.0919046513736248,0.0001226879030582495,0.031150316819548607,catatumbo,SPEAKER_00,25965.0,25965.375,3.0
0.0007409316604025662,0.40608377754688263,1.0525614300149755e-06,0.46155525743961334,0.00012789691390935332,0.0007571764872409403,catatumbo,SPEAKER_00,25965.333,25965.708,3.0
0.005008850712329149,0.050080932676792145,9.92834230828521e-07,0.3714880645275116,0.00017405695689376444,0.0016139195067808032,catatumbo,SPEAKER_00,25965.667,25966.042,3.0
0.0012989758979529142,0.1303622294217348,1.1216882569442532e-06,0.1371832676231861,0.003692786442115903,0.0009003909071907401,catatumbo,UNICO,25966.0,25966.375,3.0
0.0006386772147379816,0.09807093627750874,1.0843323821063677e-06,0.02545982040464878,2.9883482966397423e-05,0.017269868403673172,catatumbo,UNICO,25966.333,25966.708,3.0
0.0007817812729626894,0.07891389355063438,2.925495437011705e-07,0.000420304830186069,1.6113139281515032e-05,0.14205926656723022,catatumbo,SPEAKER_00,25966.667,25967.042,3.0
0.10967900604009628,0.00702242273837328,5.243445428959603e-07,0.09473611041903496,0.0007062861113809049,0.0002797046327032149,catatumbo,SPEAKER_00,25967.333,25967.708,3.0
0.06870753318071365,0.010076518869027495,8.312485135775205e-07,0.04752958007156849,0.00016220133693423122,0.0003415008832234889,catatumbo,SPEAKER_00,25967.667,25968.042,3.0
0.02394481748342514,0.02632644312689081,8.867453971106443e-07,0.0162090128287673,0.0046297647058963776,0.0002186740457545966,catatumbo,SPEAKER_00,25968.0,25968.375,3.0
0.04165714234113693,0.021215684479102492,7.361627751834021e-07,0.000511020960402675,0.00035117620427627116,0.0055085583589971066,catatumbo,SPEAKER_00,25968.333,25968.708,3.0
0.03982946649193764,0.021181405521929264,3.4343956656357477e-07,0.0004863860667683184,1.167301843452151e-05,0.05164691433310509,catatumbo,SPEAKER_00,25968.667,25969.042,3.0
0.040200501680374146,0.020564414095133543,2.963253393772902e-07,0.000568074407055974,7.813677939338959e-06,0.03177304193377495,catatumbo,SPEAKER_00,25969.0,25969.375,3.0
0.029224883764982224,0.022534628165885806,4.6582010782003636e-07,0.0012176342424936593,2.8500394364527892e-05,0.01050457451492548,catatumbo,UNICO,25969.333,25969.708,3.0
0.1467987298965454,0.008207862847484648,2.7251438439179765e-07,0.0030983377946540713,6.4045502767839935e-06,0.052018918097019196,catatumbo,SPEAKER_00,25969.667,25970.042,3.0
0.3695151209831238,0.0006714911141898483,4.5549174387815583e-07,0.0015539320302195847,0.00010658598330337554,0.07299385964870453,catatumbo,SPEAKER_00,25970.333,25970.708,3.0
0.0013372781686484814,0.10834990441799164,8.511908617947483e-07,0.004898412385955453,7.819446409484954e-06,0.05618318170309067,catatumbo,SPEAKER_00,25970.667,25971.042,3.0
0.01967611163854599,0.023697298718616366,1.546562486964831e-06,0.1514049395918846,0.00015305187844205648,0.005781987216323614,catatumbo,UNICO,25971.0,25971.375,3.0
0.062389492988586426,0.006333608762361109,2.2351640609485912e-06,0.12330647557973862,0.0008339030900970101,0.0004368479421827942,catatumbo,UNICO,25971.333,25971.708,3.0
0.0028366229962557554,0.1052592433989048,2.4065710704235244e-06,0.38732096552848816,0.0005622504249913618,0.0032942770048975945,catatumbo,SPEAKER_00,25971.667,25972.042,3.0
0.02398081123828888,0.0115453926846385,2.1350761016947217e-06,0.23386337608098984,0.0005981587746646255,0.00042456333176232874,catatumbo,SPEAKER_00,25972.0,25972.375,3.0
0.671359658241272,0.009592851675847669,4.336651213066034e-05,0.27514687925577164,0.0037742203567177057,0.0022632323671132326,catatumbo,SPEAKER_00,25972.333,25972.708,3.0
0.021872490644454956,0.02707393653690815,8.328261458245834e-07,0.20395372807979584,0.00045383440738078207,0.0006400284473784268,catatumbo,UNICO,25972.667,25973.042,3.0
0.004511758219450712,0.03118176758289337,9.527575457468629e-07,0.0019660877878777683,4.726549013867043e-05,0.008738136850297451,catatumbo,UNICO,25973.333,25973.708,3.0
0.008778298273682594,0.025086361914873123,9.699206771074387e-07,0.00031067101372173056,4.69536798846093e-05,0.03225811570882797,catatumbo,UNICO,25973.667,25974.042,3.0
0.008394325152039528,0.017677990719676018,7.430704158650769e-07,0.24880541861057281,0.00019009446987183765,0.0021692581940442324,catatumbo,UNICO,25974.0,25974.375,3.0
0.03718841075897217,0.008161216042935848,1.0773496796900872e-06,0.012412887066602707,5.281984340399504e-05,0.0019315812969580293,catatumbo,UNICO,25974.333,25974.708,3.0
0.022594023495912552,0.023060061037540436,1.8988447436640854e-06,0.015203940216451883,0.0001591821710462682,0.000843606423586607,catatumbo,SPEAKER_00,25974.667,25975.042,3.0
0.05224663019180298,0.03127746842801571,2.1563794234680245e-06,0.025474345311522484,0.0012614941806532443,0.000409019849030301,catatumbo,SPEAKER_00,25975.0,25975.375,3.0
0.039276544004678726,0.006366199115291238,1.1242125310673146e-06,0.01322577940300107,0.000829726253869012,0.0019363104365766048,catatumbo,SPEAKER_00,25975.333,25975.708,3.0
0.1162661463022232,0.008983515668660402,7.623412159318832e-07,0.002662466955371201,0.0003236139309592545,0.017379863187670708,catatumbo,SPEAKER_00,25975.667,25976.042,3.0
0.028191430494189262,0.005302078789100051,1.1752147486276954e-06,0.6377576291561127,5.269545363262296e-05,0.0020949258469045162,catatumbo,SPEAKER_00,25976.333,25976.708,3.0
0.18957285583019257,0.0016618489753454924,1.3820770448091935e-06,0.03954273369163275,8.468989472021349e-05,0.0013325384352356195,catatumbo,SPEAKER_00,25976.667,25977.042,3.0
0.02943539433181286,0.0042059700936079025,1.3085718819638714e-06,0.021334140561521053,0.00012622782014659606,0.001509378314949572,catatumbo,SPEAKER_00,25977.0,25977.375,3.0
0.0026024105027318,0.04380555730313063,2.504534620584309e-06,0.18358903005719185,8.301697380375117e-05,0.005781430751085281,catatumbo,SPEAKER_00,25977.333,25977.708,3.0
0.0070654540322721004,0.021258790511637926,5.163046097322876e-07,0.2318001538515091,3.063902340727509e-06,0.005718318745493889,catatumbo,SPEAKER_00,25977.667,25978.042,3.0
0.06563746929168701,0.006448838394135237,6.154921550205472e-07,0.009144715266302228,5.077115565654822e-05,0.013514871709048748,catatumbo,SPEAKER_00,25978.0,25978.375,3.0
0.0027883597649633884,0.030127878300845623,6.661090310444706e-07,0.08385434001684189,6.434256647480652e-05,0.010370912030339241,catatumbo,SPEAKER_00,25978.333,25978.708,3.0
0.17163659632205963,0.002983730169944465,5.501923396877828e-06,0.4104021042585373,0.002025006106123328,0.0009672798914834857,catatumbo,SPEAKER_00,25978.667,25979.042,3.0
0.0014549846528097987,0.10693060234189034,2.304963004462479e-06,0.23539169132709503,0.0001264707971131429,0.001085889060050249,catatumbo,SPEAKER_00,25979.333,25979.708,3.0
0.03181087598204613,0.016018078196793795,7.990556696313433e-07,0.005192252574488521,0.00014636030391557142,0.006636583711951971,catatumbo,SPEAKER_00,25979.667,25980.042,3.0
0.022185247391462326,0.025930828414857388,1.9452314177215158e-06,0.6336246430873871,0.0009575620351824909,0.0004861117049586028,catatumbo,SPEAKER_00,25980.0,25980.375,3.0
0.06753390282392502,0.008586375275626779,2.2989185026744963e-06,0.6696805059909821,0.0009083711775019765,0.0011690591927617788,catatumbo,SPEAKER_00,25980.333,25980.708,3.0
0.060094136744737625,0.00616724940482527,6.544332507019135e-07,0.0016235857037827373,0.00017378184566041455,0.010242224670946598,catatumbo,SPEAKER_00,25980.667,25981.042,3.0
0.08796604722738266,0.011457705171778798,2.7267881819170725e-06,0.06271833553910255,0.0009676268673501909,0.0020632962696254253,catatumbo,SPEAKER_00,25981.0,25981.375,3.0
0.06476636230945587,0.01289933081716299,1.067422630285364e-06,0.014934990555047989,0.0001133336809289176,0.002883550710976124,catatumbo,UNICO,25981.333,25981.708,3.0
0.009839031845331192,0.011210900032892823,4.2918020426441217e-07,0.0013686565216630697,1.9876961232512258e-05,0.02335851639509201,catatumbo,UNICO,25981.667,25982.042,3.0
0.013201921246945858,0.011497917352244258,6.034706814261881e-07,0.01344848470762372,0.00010373114855610766,0.005739085841923952,catatumbo,UNICO,25982.333,25982.708,3.0
0.15090467035770416,0.0016144834735314362,1.899796416182653e-06,0.07311474904417992,0.00015869587514316663,0.0008414340554736555,catatumbo,SPEAKER_00,25982.667,25983.042,3.0
0.21657145023345947,0.005867996755114291,1.8840718496448972e-06,0.6849455237388611,7.557754724984989e-05,0.03048204444348812,catatumbo,SPEAKER_00,25983.0,25983.375,3.0
0.2407553642988205,0.002648163805133663,1.3642403473568265e-06,0.4804799109697342,0.00013398924056673422,0.005337913986295462,catatumbo,SPEAKER_00,25983.333,25983.708,3.0
0.14216524362564087,0.001690823322860524,1.4727316397511458e-06,0.06252774596214294,0.0005510533519554883,0.0007465459639206529,catatumbo,SPEAKER_00,25983.667,25984.042,3.0
0.1665930449962616,0.0007328506908379495,2.922666908489191e-06,0.22277267277240753,0.0002449657622491941,0.0011377122718840837,catatumbo,SPEAKER_00,25984.0,25984.375,3.0
0.0902402400970459,0.0022518947371281683,1.2090321206414956e-06,0.33520665764808655,4.145151251577772e-05,0.007722208276391029,catatumbo,SPEAKER_00,25984.333,25984.708,3.0
0.10697390139102936,0.0030695925233885646,1.263353823333091e-06,0.548464298248291,5.3368121371022426e-05,0.003830692730844021,catatumbo,SPEAKER_00,25984.667,25985.042,3.0
0.11303503811359406,0.0014906188589520752,3.36484072249732e-06,0.15600333362817764,0.0016811761306598783,0.0005522803985513747,catatumbo,SPEAKER_00,25985.333,25985.708,3.0
0.09308703243732452,0.02512099500745535,5.567590335431305e-07,0.001279421616345644,1.6978729036054574e-05,0.1327139437198639,catatumbo,SPEAKER_00,25985.667,25986.042,3.0
0.04275522381067276,0.006941311294212937,7.678847708803005e-07,0.003926457720808685,2.1811607098243257e-06,0.32972434163093567,catatumbo,SPEAKER_00,25986.0,25986.375,3.0
0.12656629085540771,0.003217628225684166,1.243745003876029e-06,0.43063434958457947,2.890179712267127e-05,0.012965241447091103,catatumbo,SPEAKER_00,25986.333,25986.708,3.0
0.004596858285367489,0.028004623018205166,3.5628747241389647e-07,0.03103826940059662,8.393910320592113e-06,0.002218863693997264,catatumbo,SPEAKER_00,25986.667,25987.042,3.0
0.01743832416832447,0.01163670513778925,1.4919077102604206e-06,0.08104284107685089,7.883169382694177e-05,0.0010125503176823258,catatumbo,UNICO,25987.0,25987.375,3.0
0.020379675552248955,0.02026236057281494,7.719425809682434e-07,0.1543223187327385,2.92958402496879e-05,0.0022788101341575384,catatumbo,SPEAKER_00,25987.333,25987.708,3.0
0.022876014932990074,0.005829313071444631,1.0491972091131174e-06,0.5971289575099945,0.00019341592269483954,0.0037717600353062153,catatumbo,SPEAKER_00,25987.667,25988.042,3.0
0.0021489495411515236,0.20489595085382462,6.289209437682075e-07,0.19307644665241241,0.00021051651128800586,0.00048015647917054594,catatumbo,UNICO,26026.0,26026.375,3.0
0.001097515458241105,0.21565277129411697,4.911411082275663e-07,0.08751242980360985,0.00022591082961298525,0.0008371752919629216,catatumbo,UNICO,26026.333,26026.708,3.0
0.007406080607324839,0.08621194213628769,7.610254613155121e-07,0.6861706674098969,0.0003241036320105195,0.002354286378249526,catatumbo,SPEAKER_00,26026.667,26027.042,3.0
0.0025938055478036404,0.22973735630512238,2.3636855530639878e-06,0.3679557889699936,0.004401238635182381,0.0002286180533701554,catatumbo,SPEAKER_00,26027.333,26027.708,3.0
0.001549541368149221,0.35943056643009186,1.551765649310255e-06,0.5579874217510223,0.0005212189571466297,0.0005247364169918001,catatumbo,SPEAKER_00,26027.667,26028.042,3.0
0.0008415046031586826,0.2953151911497116,2.044525103883643e-06,0.15551771223545074,0.009922158904373646,0.00010746785847004503,catatumbo,UNICO,26028.0,26028.375,3.0
0.00046500551979988813,0.24087083339691162,1.0400015639788762e-06,0.2094494178891182,8.466959116049111e-05,0.0011551622301340103,catatumbo,UNICO,26028.333,26028.708,3.0
0.0026206118054687977,0.12976818904280663,1.5749714066259912e-06,0.18364428356289864,0.0002099165358231403,0.0009189761476591229,catatumbo,UNICO,26028.667,26029.042,3.0
0.004467605613172054,0.11691170930862427,1.4115410635895387e-06,0.066669886931777,0.0007543687825091183,0.00040296014049090445,catatumbo,SPEAKER_00,26029.0,26029.375,3.0
0.021874696016311646,0.06846825778484344,4.498370032024468e-07,0.00040013613761402667,6.464068064815365e-05,0.004744572099298239,catatumbo,SPEAKER_00,26029.333,26029.708,3.0
0.002729458035901189,0.2735902890563011,1.1578587191252154e-06,0.7528582811355591,0.00015077947318786755,0.0028491413686424494,catatumbo,SPEAKER_00,26029.667,26030.042,3.0
0.0022138296626508236,0.16411308571696281,1.4353049095916504e-06,0.3745711147785187,0.000270971329882741,0.0011802443768829107,catatumbo,UNICO,26030.333,26030.708,3.0
0.004196698311716318,0.11496366374194622,1.0697451102714695e-06,0.4060860872268677,0.0008023341360967606,0.0007032314315438271,catatumbo,UNICO,26030.667,26031.042,3.0
0.0015520687447860837,0.12316122092306614,8.973239005172218e-07,0.11476406455039978,0.0016096754698082805,0.0002923980064224452,catatumbo,UNICO,26031.0,26031.375,3.0
0.0007191209588199854,0.1993621177971363,3.282394374082287e-07,0.045950908213853836,5.450116623251233e-05,0.0008948300965130329,catatumbo,SPEAKER_00,26031.333,26031.708,3.0
0.024079205468297005,0.0316733792424202,1.600726875494729e-06,0.3315601497888565,0.0005326422106008977,0.0008267408120445907,catatumbo,SPEAKER_00,26031.667,26032.042,3.0
0.01037420704960823,0.10011883452534676,1.5755196614009037e-06,0.14669374749064445,0.0025676098885014653,0.000285631773294881,catatumbo,SPEAKER_00,26032.0,26032.375,3.0
0.0016809424851089716,0.20747071504592896,1.1677203133331204e-06,0.006046154303476214,0.05260314233601093,0.00025975864264182746,catatumbo,SPEAKER_00,26032.333,26032.708,3.0
0.0029797786846756935,0.14089887216687202,7.322488499994506e-07,0.01172991469502449,0.004882809706032276,0.0006423575687222183,catatumbo,SPEAKER_00,26032.667,26033.042,3.0
0.006905845832079649,0.12569187209010124,5.324437779563596e-07,0.005251483293250203,0.0010916658502537757,0.0017057444201782346,catatumbo,UNICO,26033.333,26033.708,3.0
0.001783785060979426,0.1931009441614151,1.8946592916790905e-07,0.00012608893302967772,2.4263958380288386e-06,0.1294429749250412,catatumbo,SPEAKER_00,26033.667,26034.042,3.0
0.0024135548155754805,0.17566046863794327,1.3992277558827482e-06,0.02634644042700529,0.005059404065832496,0.00018285396799910814,catatumbo,SPEAKER_00,26034.0,26034.375,3.0
0.004679605830460787,0.1613403744995594,6.073595955058408e-07,0.0064260647632181644,0.0008248189406003803,0.0005418941145762801,catatumbo,SPEAKER_00,26034.333,26034.708,3.0
0.0025612947065383196,0.18113867193460464,1.5380089024574772e-07,0.0001222857208631467,3.8319740269798785e-07,0.6335614919662476,catatumbo,SPEAKER_00,26034.667,26035.042,3.0
0.003889216110110283,0.16460463404655457,1.513106013817378e-07,0.000820451823528856,5.58628835278796e-06,0.03614171966910362,catatumbo,SPEAKER_00,26035.0,26035.375,3.0
0.002529681660234928,0.24909084290266037,6.386676716374495e-07,0.010328784584999084,0.003267384832724929,0.000809946155641228,catatumbo,SPEAKER_00,26035.333,26035.708,3.0
0.0018045539036393166,0.25347428023815155,2.3371848811848395e-07,0.0026591898931656033,1.9519106899679173e-05,0.015080686658620834,catatumbo,SPEAKER_00,26035.667,26036.042,3.0
0.014791139401495457,0.08055332209914923,1.2328967500252475e-06,0.023200085386633873,0.001909569080453366,0.0003845557803288102,catatumbo,SPEAKER_00,26036.333,26036.708,3.0
0.007884908467531204,0.03396311914548278,2.0006193324206833e-07,0.0018739753868430853,6.988712448219303e-05,0.03671981394290924,catatumbo,SPEAKER_00,26036.667,26037.042,3.0
0.013491710647940636,0.07208344899117947,8.810242775325605e-07,0.49311351776123047,8.117612014757469e-05,0.003936424385756254,catatumbo,SPEAKER_00,26037.0,26037.375,3.0
0.11491718888282776,0.01079664018470794,8.53781784826424e-07,0.26521746814250946,4.6176861360436305e-05,0.0017493331106379628,catatumbo,SPEAKER_00,26037.333,26037.708,3.0
0.015527858398854733,0.08364875998813659,4.565950462165347e-07,0.02174890786409378,0.00037345587043091655,0.0018086152849718928,catatumbo,UNICO,26037.667,26038.042,3.0
0.006411298643797636,0.07049699872732162,5.664865909693617e-07,0.011861426290124655,0.000313963828375563,0.002493965905159712,catatumbo,UNICO,26038.0,26038.375,3.0
0.11466901004314423,0.017912669805809855,8.159037463428831e-07,0.04477923549711704,6.936571844562422e-05,0.004282063338905573,catatumbo,UNICO,26038.333,26038.708,3.0
0.06246333569288254,0.014627858297899365,7.321137331928185e-07,0.3867919147014618,0.00032909186847973615,0.0009720997768454254,catatumbo,SPEAKER_00,26038.667,26039.042,3.0
0.054358866065740585,0.026973693165928125,1.274604926493339e-06,0.45938099920749664,0.00012309149678912945,0.0004477202892303467,catatumbo,SPEAKER_00,26039.333,26039.708,3.0
0.012976664118468761,0.057184940204024315,8.612880151304125e-07,0.4473249763250351,0.0007927163096610457,0.00031233104527927935,catatumbo,SPEAKER_00,26039.667,26040.042,3.0
0.002892964519560337,0.1154787465929985,7.184787875758047e-07,0.3984870910644531,0.00036290998104959726,0.0016824468038976192,catatumbo,SPEAKER_00,26040.0,26040.375,3.0
0.022480864077806473,0.011823595501482487,5.306610830757563e-07,0.0013963350211270154,0.00031171970476862043,0.0016784853069111705,catatumbo,SPEAKER_00,26040.333,26040.708,3.0
0.03631678223609924,0.07052494585514069,6.153349261239782e-07,0.001276582886930555,1.1232947144890204e-05,0.004831986501812935,catatumbo,SPEAKER_00,26040.667,26041.042,3.0
0.09462820738554001,0.02190623013302684,5.942139011949621e-07,0.00026305337087251246,2.6914554837276228e-05,0.02805941365659237,catatumbo,SPEAKER_00,26041.0,26041.375,3.0
0.35129815340042114,0.001474864751799032,9.743138207340962e-07,0.11421937867999077,0.00015638452168786898,0.0007829730748198926,catatumbo,SPEAKER_00,26041.333,26041.708,3.0
0.04268971458077431,0.026125441771000624,6.28423038051551e-07,0.016060885041952133,0.0007188072777353227,0.00036350017762742937,catatumbo,SPEAKER_00,26041.667,26042.042,3.0
0.052139606326818466,0.029319814406335354,5.659110797751055e-07,0.0023234245600178838,0.00016318564303219318,0.006258248817175627,catatumbo,SPEAKER_00,26042.333,26042.708,3.0
0.0706520676612854,0.02542936522513628,2.173429649587888e-07,0.00014160684077069163,2.386583582847379e-05,0.031638555228710175,catatumbo,SPEAKER_00,26042.667,26043.042,3.0
0.044652994722127914,0.0352776488289237,3.677398723311853e-07,0.0006919914449099451,6.479544026660733e-06,0.012419871054589748,catatumbo,SPEAKER_00,26043.0,26043.375,3.0
0.014209610410034657,0.04660084191709757,1.0301630766207381e-06,0.054007748141884804,0.0012236757320351899,0.0011265352368354797,catatumbo,SPEAKER_00,26043.333,26043.708,3.0
0.14295540750026703,0.00925581669434905,3.42688913690381e-07,0.014987125992774963,0.00013068627231405117,0.0023333081044256687,catatumbo,SPEAKER_00,26043.667,26044.042,3.0
0.0403292216360569,0.05369565822184086,3.5329927072780265e-07,2.4620867975500005e-06,5.619144900492756e-07,0.7651890516281128,catatumbo,SPEAKER_00,26044.0,26044.375,3.0
0.03292585909366608,0.0387162659317255,9.472738611293607e-07,0.026906213723123074,4.420823279360775e-05,0.0009878992568701506,catatumbo,SPEAKER_00,26044.333,26044.708,3.0
0.03379691764712334,0.03581597609445453,5.070130981721377e-07,0.002915301942266524,5.866779429197777e-05,0.002089593792334199,catatumbo,SPEAKER_00,26044.667,26045.042,3.0
0.05777501314878464,0.04856049129739404,2.210801213209379e-07,0.00015286581037798896,1.1163559975102544e-05,0.048599403351545334,catatumbo,SPEAKER_00,26045.333,26045.708,3.0
0.057336609810590744,0.03945353254675865,6.214507664026314e-07,0.04038265533745289,0.0018431100179441273,0.0010128875728696585,catatumbo,SPEAKER_00,26045.667,26046.042,3.0
0.05762098357081413,0.039565459825098515,1.0630001270328648e-06,0.13320601359009743,0.0023159749107435346,0.0005546205211430788,catatumbo,SPEAKER_00,26046.0,26046.375,3.0
0.018507402390241623,0.05547113670036197,3.280171370079188e-07,0.004507469711825252,0.002823405899107456,0.0066664451733231544,catatumbo,SPEAKER_00,26046.333,26046.708,3.0
0.029712507501244545,0.01637861877679825,2.0337453179308795e-06,0.029526223428547382,0.0032204645685851574,0.000867630704306066,catatumbo,SPEAKER_00,26046.667,26047.042,3.0
0.028329025954008102,0.02772092167288065,7.385979472473991e-07,0.022496727295219898,0.0009702901588752866,0.001181697123683989,catatumbo,SPEAKER_00,26047.0,26047.375,3.0
0.004534838255494833,0.10050318017601967,5.404829579447323e-07,0.002092805632855743,4.337014070188161e-05,0.14760759472846985,catatumbo,SPEAKER_00,26047.333,26047.708,3.0
0.12173088639974594,0.012123678345233202,8.185640751889878e-07,0.03359745629131794,0.0003331996704218909,0.0014346915995702147,catatumbo,SPEAKER_00,26047.667,26048.042,3.0
0.024261396378278732,0.02162264660000801,3.128559029619282e-07,7.261447899509221e-05,9.73122814684757e-06,0.050632309168577194,catatumbo,SPEAKER_00,26048.333,26048.708,3.0
0.2712574005126953,0.001427174749551341,7.749586501404337e-07,0.42908845841884613,9.601797501090914e-06,0.0039195772260427475,catatumbo,SPEAKER_00,26048.667,26049.042,3.0
0.2292393445968628,0.002733861852902919,7.771378420784458e-07,0.10054736584424973,6.113673225627281e-05,0.0015812389319762588,catatumbo,SPEAKER_00,26049.0,26049.375,3.0
0.08858482539653778,0.007546241628006101,3.5608368875728047e-07,0.05381667800247669,6.672910240013152e-05,0.001185719738714397,catatumbo,SPEAKER_00,26049.333,26049.708,3.0
0.13212011754512787,0.0136946109123528,4.772424375687478e-07,0.0002593339449958876,3.8316374229907524e-05,0.04989560693502426,catatumbo,SPEAKER_00,26049.667,26050.042,3.0
0.07807285338640213,0.009508031886070967,2.0092806352067782e-07,6.89953276378219e-06,5.127896201884141e-06,0.4017333984375,catatumbo,SPEAKER_00,26050.0,26050.375,3.0
0.018575254827737808,0.02876893524080515,2.495251294476475e-07,9.448082528251689e-05,0.00023837487970013171,0.021039821207523346,catatumbo,SPEAKER_00,26050.333,26050.708,3.0
0.015371430665254593,0.03041324857622385,1.3764883277644913e-07,0.02113986201584339,0.000924789987038821,0.0025323601439595222,catatumbo,SPEAKER_00,26050.667,26051.042,3.0
0.008860879577696323,0.011592364870011806,7.96997341012684e-07,0.000694026006385684,0.027003836818039417,0.0009383148862980306,catatumbo,SPEAKER_00,26051.333,26051.708,3.0
0.09508800506591797,0.011671767570078373,2.2678449340673978e-07,0.0007303557067643851,0.0001059123533195816,0.010506913997232914,catatumbo,SPEAKER_00,26051.667,26052.042,3.0
0.0161314494907856,0.03748447261750698,1.5509192508034175e-07,0.0021926345070824027,1.07462201413e-05,0.03311721235513687,catatumbo,SPEAKER_00,26052.0,26052.375,3.0
0.013934802263975143,0.04522577300667763,1.0356904454056348e-06,0.0478044617921114,0.05811666510999203,0.00013788833166472614,catatumbo,SPEAKER_00,26052.333,26052.708,3.0
0.05265316739678383,0.006976664066314697,1.0917485724348808e-06,0.01936486829072237,0.04235354997217655,3.6326830013422295e-05,catatumbo,SPEAKER_00,26052.667,26053.042,3.0
0.05343593284487724,0.01628018356859684,7.447746952493617e-07,0.054728373885154724,0.00861593009904027,0.0002673219714779407,catatumbo,SPEAKER_00,26053.0,26053.375,3.0
0.02542722411453724,0.04081704281270504,1.328280916368385e-06,0.0281520439311862,0.01665978552773595,9.890154615277424e-05,catatumbo,SPEAKER_00,26053.333,26053.708,3.0
0.004310779273509979,0.037066832184791565,9.434365040306147e-07,0.026686332188546658,0.004494269494898617,0.0001761902094585821,catatumbo,SPEAKER_00,26053.667,26054.042,3.0
0.013522852212190628,0.0407466534525156,5.83351706495705e-07,0.012405989691615105,3.469457988103386e-05,0.0027974063996225595,catatumbo,SPEAKER_00,26054.333,26054.708,3.0
5.2145045629004017e-05,0.4353306442499161,2.17159055182492e-07,0.003975309897214174,1.1943885510845575e-05,0.01393170841038227,catatumbo,SPEAKER_00,26054.667,26055.042,3.0
0.029490003362298012,0.04984326660633087,1.5795103820437362e-06,0.2908911183476448,4.5213630073703825e-05,0.0020094660576432943,catatumbo,SPEAKER_00,26055.0,26055.375,3.0
0.045128799974918365,0.027405443601310253,1.931920508013718e-06,0.4756110608577728,0.0011802158260252327,0.0038280135486274958,catatumbo,UNICO,26055.333,26055.708,3.0
0.017241576686501503,0.01738910563290119,1.7674915397947188e-06,0.20808536559343338,0.0007308444182854146,0.0010193897178396583,catatumbo,UNICO,26055.667,26056.042,3.0
0.04017934203147888,0.018395420163869858,2.8835049192821316e-06,0.13484444096684456,0.0010652767086867243,0.0006030919612385333,catatumbo,UNICO,26056.0,26056.375,3.0
0.007302546873688698,0.030485468916594982,1.203501057034373e-06,0.11351819708943367,4.551347956294194e-05,0.0011494187638163567,catatumbo,UNICO,26056.333,26056.708,3.0
0.002451406791806221,0.028842490166425705,4.421547288302463e-07,0.017236848827451468,1.7100554941862356e-05,0.009992835111916065,catatumbo,UNICO,26056.667,26057.042,3.0
0.00425819493830204,0.01627259561792016,7.613273567130818e-07,0.01779528334736824,2.3477976355934516e-05,0.0022453663405030966,catatumbo,UNICO,26057.333,26057.708,3.0
0.001570194843225181,0.07849708944559097,5.318282063626611e-07,0.02353697083890438,7.43576638342347e-05,0.0014848157297819853,catatumbo,UNICO,26057.667,26058.042,3.0
0.00034954355214722455,0.17543550580739975,2.3998456555318626e-07,0.007262422703206539,3.391168502275832e-05,0.003841967321932316,catatumbo,UNICO,26058.0,26058.375,3.0
0.0013543185777962208,0.06526905484497547,4.1640117842689506e-07,0.011380422161892056,3.708464282681234e-05,0.003906777128577232,catatumbo,UNICO,26058.333,26058.708,3.0
0.0004034850571770221,0.09445483610033989,2.626355168899863e-07,0.01747916266322136,2.7498294002725743e-05,0.007574588060379028,catatumbo,UNICO,26058.667,26059.042,3.0
0.0029552378691732883,0.03787224180996418,5.781579801578118e-07,0.006155933253467083,5.73432698729448e-05,0.0017706056823953986,catatumbo,UNICO,26059.0,26059.375,3.0
0.0053790779784321785,0.07786793261766434,4.526018813066912e-07,0.13579631596803665,4.0831893784343265e-05,0.0020693442784249783,catatumbo,UNICO,26059.333,26059.708,3.0
0.0026131991762667894,0.0932127796113491,1.539428666319509e-06,0.352930948138237,0.0005125722236698493,0.001728539471514523,catatumbo,UNICO,26059.667,26060.042,3.0
0.18996085226535797,0.00419694313313812,3.529296691340278e-06,0.07679973915219307,0.0013482878275681287,0.001419788459315896,catatumbo,UNICO,26060.333,26060.708,3.0
0.013726966455578804,0.03168501611799002,2.200282267494913e-06,0.010464226361364126,0.00016389630400226451,0.0024793716147542,catatumbo,UNICO,26060.667,26061.042,3.0
0.002724863588809967,0.03887292928993702,7.50157624906933e-07,0.005291790002956986,5.3615325668943115e-05,0.009482081048190594,catatumbo,UNICO,26061.0,26061.375,3.0
0.011433166451752186,0.01266948040574789,1.3158536376067786e-06,0.06674566492438316,3.9979104258236475e-05,0.003927178680896759,catatumbo,UNICO,26061.333,26061.708,3.0
0.05124794691801071,0.004298659740015864,1.8818004150489287e-06,0.16002864390611649,0.0002955735835712403,0.0020353475119918585,catatumbo,SPEAKER_00,26061.667,26062.042,3.0
0.08780229091644287,0.0010592289618216455,1.98423248320978e-06,0.22175883501768112,0.0004780150920851156,0.0013828816590830684,catatumbo,SPEAKER_00,26062.0,26062.375,3.0
0.012469702400267124,0.009532306343317032,1.3728417513902968e-06,0.0010245139710605145,0.00037660285306628793,0.08543156832456589,catatumbo,SPEAKER_00,26062.333,26062.708,3.0
0.21780836582183838,0.003530380010488443,9.595742369583604e-07,0.05774342641234398,0.0005489182658493519,0.08627422153949738,catatumbo,SPEAKER_00,26062.667,26063.042,3.0
0.07256395369768143,0.010504275094717741,2.7035785166162896e-07,0.5294287353754044,0.00011295218791929074,0.0075268992222845554,catatumbo,SPEAKER_00,26063.333,26063.708,3.0
0.015686368569731712,0.050871193408966064,1.0931796055047016e-06,0.3672124147415161,0.00013158249203115702,0.0022154764737933874,catatumbo,SPEAKER_00,26063.667,26064.042,3.0
0.1880721002817154,0.0019640889950096607,1.4008311950419738e-06,0.001404592185281217,6.890620534250047e-05,0.021133845672011375,catatumbo,SPEAKER_00,26064.0,26064.375,3.0
0.2481178343296051,0.0029412732692435384,2.0775315192622656e-06,0.004196330322884023,0.0001203877545776777,0.05759970471262932,catatumbo,SPEAKER_00,26064.333,26064.708,3.0
0.053873613476753235,0.026537780184298754,3.032211509435001e-06,0.5885111689567566,0.0004588842857629061,0.0004987131687812507,catatumbo,SPEAKER_00,26064.667,26065.042,3.0
0.07312095165252686,0.010269529651850462,1.8949092464026762e-06,0.28194766491651535,0.0003960510221077129,0.003866194048896432,catatumbo,SPEAKER_00,26065.0,26065.375,3.0
0.052968159317970276,0.007616539020091295,1.6581799400228192e-06,0.5841721594333649,4.138330587011296e-05,0.005284752231091261,catatumbo,UNICO,26065.333,26065.708,3.0
0.04482724517583847,0.020760171464644372,1.0019746810030483e-06,0.4408699870109558,7.963075040606782e-05,0.007919271476566792,catatumbo,SPEAKER_00,26079.333,26079.708,3.0
0.25858357548713684,0.0008867874275892973,1.7088646018237341e-06,0.0011537476093508303,0.000791267171734944,0.010718217119574547,catatumbo,SPEAKER_00,26084.333,26084.708,3.0
0.5632860064506531,0.00025544674463162664,1.3821552329318365e-06,0.025585666298866272,2.372994367760839e-05,0.004195257555693388,catatumbo,SPEAKER_00,26084.667,26085.042,3.0
0.32842400670051575,0.0014033860061317682,9.999403687288577e-07,0.0003563958016457036,1.9914391032216372e-05,0.11348047852516174,catatumbo,SPEAKER_00,26085.0,26085.375,3.0
0.41912928223609924,0.0007073764718370512,1.054923529864027e-06,0.0030681760981678963,0.0005870682653039694,0.015486068092286587,catatumbo,SPEAKER_00,26085.333,26085.708,3.0
0.075672946870327,0.003900439478456974,1.8994759898305347e-06,0.024720335844904184,0.021986380219459534,0.0028885318897664547,catatumbo,SPEAKER_00,26085.667,26086.042,3.0
0.18567171692848206,0.001521397934993729,1.810412811664719e-06,0.04645947553217411,0.003770932205952704,0.003946821670979261,catatumbo,SPEAKER_00,26086.0,26086.375,3.0
0.0436968058347702,0.009713156206998974,1.263445938093355e-06,0.013345301151275635,0.0013003823696635664,0.00228491541929543,catatumbo,SPEAKER_00,26086.333,26086.708,3.0
0.08071638643741608,0.010101722262334079,4.6236489481543686e-07,0.29533177614212036,3.9570903027197346e-05,0.05682530254125595,catatumbo,SPEAKER_00,26086.667,26087.042,3.0
0.002176701556891203,0.07757631689310074,1.8836358890439442e-06,0.012519957963377237,0.0006547217781189829,0.004205076023936272,catatumbo,UNICO,26087.333,26087.708,3.0
0.021043721586465836,0.039418055675923824,6.488550354788458e-07,0.018258586525917053,0.00014262634795159101,0.016461310908198357,catatumbo,UNICO,26087.667,26088.042,3.0
0.006531295832246542,0.04225015267729759,1.0922477144958975e-06,0.004732241155579686,0.0003690472221933305,0.004246189258992672,catatumbo,UNICO,26088.0,26088.375,3.0
0.040215861052274704,0.015775266103446484,8.936834490214096e-07,0.006052929908037186,0.00017662959726294503,0.001972735859453678,catatumbo,UNICO,26088.333,26088.708,3.0
0.0544440783560276,0.009968093130737543,8.110430940178048e-07,0.0020421729423105717,0.00045212112308945507,0.004119290970265865,catatumbo,UNICO,26088.667,26089.042,3.0
0.003769983071833849,0.06410904973745346,5.579577901926314e-07,0.0017739241593517363,0.0005411154706962407,0.0031723903957754374,catatumbo,UNICO,26089.0,26089.375,3.0
0.009610822424292564,0.037083666771650314,9.872731254745304e-07,0.001444749883376062,0.0002767722762655467,0.003610209794715047,catatumbo,UNICO,26089.333,26089.708,3.0
9.622080688131973e-05,0.5291701704263687,5.284648665337954e-07,0.0011043315171264112,0.00013737448534811847,0.012380962260067463,catatumbo,UNICO,26089.667,26090.042,3.0
0.004341512452811003,0.038461675867438316,1.5367793082532444e-06,8.661166066303849e-05,2.4658438178448705e-05,0.022533271461725235,catatumbo,UNICO,31491.333,31491.708,3.0
9.037851123139262e-05,0.1715034395456314,5.286568516282841e-07,0.0037950327969156206,0.00039252560236491263,0.0033521312288939953,catatumbo,UNICO,31491.667,31492.042,3.0
5.2325965953059494e-05,0.43092575669288635,4.0531487854877923e-07,0.01177636138163507,0.00041786590008996427,0.000949883833527565,catatumbo,UNICO,31492.0,31492.375,3.0
0.000330405862769112,0.05847345292568207,9.438922745630407e-07,0.00640743866097182,4.106577398488298e-05,0.0011161784641444683,catatumbo,SPEAKER_00,31492.333,31492.708,3.0
0.0002929694892372936,0.2301402911543846,5.612006432897942e-07,0.005035701091401279,1.4161008493829286e-05,0.0009747837902978063,catatumbo,SPEAKER_00,31492.667,31493.042,3.0
0.00031395061523653567,0.19709212332963943,5.286051596442576e-07,0.006111272377893329,1.04624591585889e-05,0.0012602029601112008,catatumbo,SPEAKER_00,31493.0,31493.375,3.0
9.031121589941904e-05,0.24955876171588898,1.159747185397464e-06,0.05605342425405979,9.197905455948785e-05,0.00033863369026221335,catatumbo,SPEAKER_00,31493.333,31493.708,3.0
0.00026289900415576994,0.23770619183778763,3.211003765102305e-07,0.0008563429582864046,2.0054900460309e-06,0.007848787121474743,catatumbo,SPEAKER_00,31493.667,31494.042,3.0
2.7502861485118046e-05,0.5219979286193848,2.499668276811917e-07,0.003909966326318681,5.795659490104299e-05,0.0019131212029606104,catatumbo,SPEAKER_00,31494.333,31494.708,3.0
0.0001770266389939934,0.24364710599184036,3.4315567454257234e-07,0.0025750831700861454,6.459441010520095e-06,0.0023561082780361176,catatumbo,SPEAKER_00,31494.667,31495.042,3.0
0.007202951703220606,0.17265787720680237,3.308876443952613e-07,0.00020010571461170912,2.8803541681554634e-05,0.00545099563896656,catatumbo,SPEAKER_00,31495.0,31495.375,3.0
0.009924844838678837,0.16688796877861023,2.815424409163825e-07,2.1534401639655698e-05,7.255013088069973e-06,0.050398536026477814,catatumbo,SPEAKER_00,31495.333,31495.708,3.0
0.001005489262752235,0.1268133446574211,3.236041408172241e-07,0.0002108481276081875,5.898300605622353e-05,0.004780475981533527,catatumbo,SPEAKER_00,31495.667,31496.042,3.0
0.0030654636211693287,0.11436394602060318,2.809175256857088e-07,0.00012985618741367944,2.3116218926588772e-05,0.008180402219295502,catatumbo,SPEAKER_00,31496.0,31496.375,3.0
0.028280936181545258,0.04485172964632511,6.095768867453444e-07,0.0007925570826046169,5.615380723611452e-05,0.0010691294446587563,catatumbo,SPEAKER_00,31496.333,31496.708,3.0
0.01719004660844803,0.042476799339056015,8.21597289757392e-07,0.0005478026432683691,2.0834018869209103e-05,0.002213879954069853,catatumbo,SPEAKER_00,31496.667,31497.042,3.0
0.02305409498512745,0.03242383152246475,2.9263893708275646e-07,0.0007760063163004816,6.269998721109005e-06,0.01609756425023079,catatumbo,SPEAKER_00,31497.333,31497.708,3.0
0.009843283332884312,0.06558254361152649,3.5909173945469774e-07,0.0003046004712814465,4.339841211731255e-06,0.024617185816168785,catatumbo,SPEAKER_00,31497.667,31498.042,3.0
0.07462295889854431,0.02215683925896883,3.946564390844287e-07,8.726686246518511e-06,7.058150828243015e-07,0.37266695499420166,catatumbo,SPEAKER_00,31498.0,31498.375,3.0
0.042830560356378555,0.033592136576771736,8.838909195674205e-07,9.498473446001299e-06,3.482446544467166e-07,0.3048385679721832,catatumbo,SPEAKER_00,31498.333,31498.708,3.0
0.0260901041328907,0.034775358624756336,6.241392611627816e-07,0.0004010364064015448,1.2962121218151879e-05,0.012412738054990768,catatumbo,SPEAKER_00,31498.667,31499.042,3.0
0.018332041800022125,0.02938134828582406,7.633874190560164e-07,0.0009555339347571135,7.835429187252885e-06,0.018923137336969376,catatumbo,SPEAKER_00,31499.0,31499.375,3.0
0.0036153076216578484,0.08560383319854736,6.759136894629592e-07,0.02781612565740943,2.184221193601843e-05,0.0023987428285181522,catatumbo,SPEAKER_00,31499.333,31499.708,3.0
0.0014788242988288403,0.0898510292172432,7.118919427284709e-07,0.0018409484764561057,6.621200554945972e-05,0.004353297408670187,catatumbo,SPEAKER_00,31499.667,31500.042,3.0
0.0005859410157427192,0.143040232360363,1.1981432450625107e-06,0.0004956124612363055,4.470655039767735e-05,0.027083678171038628,catatumbo,SPEAKER_00,31500.333,31500.708,3.0
0.0030420466791838408,0.10953506082296371,7.223033833270165e-07,0.00024178854073397815,1.5495543266297318e-05,0.06440258026123047,catatumbo,SPEAKER_00,31500.667,31501.042,3.0
0.0019871974363923073,0.08433591574430466,1.4383342943347088e-06,0.0043256760109215975,0.00028181094967294484,0.0017182849114760756,catatumbo,SPEAKER_00,31501.0,31501.375,3.0
0.0016081855865195394,0.04076971299946308,1.0190684562871866e-06,0.010908531490713358,8.80147963471245e-05,0.003961395006626844,catatumbo,SPEAKER_00,31501.333,31501.708,3.0
0.0006544021889567375,0.1919659972190857,8.11579162984799e-07,0.023541883565485477,9.20867059903685e-05,0.00043338851537555456,catatumbo,UNICO,31501.667,31502.042,3.0
0.0002840864472091198,0.28998617827892303,8.628942680388718e-07,0.017307869158685207,0.00027795879577752203,0.0002932279894594103,catatumbo,UNICO,31502.0,31502.375,3.0
5.9341942687751725e-05,0.4291906952857971,5.978674195716849e-07,0.002230730722658336,5.838760807819199e-05,0.0017678348813205957,catatumbo,UNICO,31502.333,31502.708,3.0
0.00018028737395070493,0.33669528365135193,5.158470202104581e-07,0.02640751376748085,0.0008517964161001146,7.078451744746417e-05,catatumbo,UNICO,31502.667,31503.042,3.0
0.0001425129739800468,0.3243137449026108,4.893196958732915e-07,0.01832893444225192,0.00021789193124277517,0.00030957075068727136,catatumbo,UNICO,31503.333,31503.708,3.0
7.039053161861375e-05,0.4101196676492691,7.170846956228161e-07,0.0062608548905700445,0.0005282935744617134,0.00026989466277882457,catatumbo,UNICO,31503.667,31504.042,3.0
0.00016861881886143237,0.3810900151729584,7.672099471278671e-07,0.008813625201582909,0.00023082650295691565,0.00047917343908920884,catatumbo,UNICO,31504.0,31504.375,3.0
9.653162123868242e-05,0.4134409725666046,3.729375475103325e-07,0.019900137558579445,5.539404082810506e-05,0.0003923711774405092,catatumbo,UNICO,31504.333,31504.708,3.0
6.645175744779408e-05,0.44890454411506653,3.198126883319219e-07,0.00438454351387918,0.00012641690045711584,0.000575733371078968,catatumbo,UNICO,31504.667,31505.042,3.0
0.0001004872246994637,0.32970742881298065,5.171529693370758e-07,0.11576855555176735,0.00022995363542577252,0.0004038587212562561,catatumbo,SPEAKER_00,31505.0,31505.375,3.0
0.00010801752796396613,0.4350203275680542,6.620919918987056e-07,0.00272871064953506,0.0003995726874563843,0.0007396378787234426,catatumbo,SPEAKER_00,31505.333,31505.708,3.0
0.0003069395897909999,0.11001883447170258,1.8892927187152964e-06,0.22145920246839523,0.0005664522177539766,0.00029182099387981,catatumbo,SPEAKER_00,31505.667,31506.042,3.0
0.003933535423129797,0.08032328449189663,1.018039235134438e-06,0.006125512067228556,2.2602513581659878e-05,0.0033788145519793034,catatumbo,SPEAKER_00,31506.333,31506.708,3.0
0.002739514922723174,0.08847207203507423,7.118113103388168e-07,0.01585628790780902,1.387203337799292e-05,0.0022994319442659616,catatumbo,SPEAKER_00,31506.667,31507.042,3.0
0.00423849280923605,0.05160833429545164,1.185368816436494e-06,0.24833358824253082,0.00010348713840357959,0.0007611230830661952,catatumbo,SPEAKER_00,31507.0,31507.375,3.0
7.551474845968187e-05,0.35541947185993195,4.1793841631942996e-07,0.010898623149842024,5.9836074797203764e-05,0.0008679168531671166,catatumbo,SPEAKER_00,31507.333,31507.708,3.0
6.585189839825034e-05,0.5841922760009766,2.2921845399537233e-07,0.054973119869828224,5.48436746612424e-05,0.002943294122815132,catatumbo,SPEAKER_00,31507.667,31508.042,3.0
9.041652083396912e-05,0.44493985176086426,3.7583739498359137e-07,0.0025043756468221545,0.000570622825762257,0.0009013325325213373,catatumbo,SPEAKER_00,31508.0,31508.375,3.0
0.00043340009870007634,0.21263138204813004,4.7589475116183166e-07,0.0006748325249645859,9.763825073605403e-05,0.004251162521541119,catatumbo,UNICO,31508.333,31508.708,3.0
0.0001130158343585208,0.46065472066402435,3.489676103640704e-07,0.004188083577901125,0.00036274488957133144,0.0012311143800616264,catatumbo,UNICO,31508.667,31509.042,3.0
5.94436060055159e-05,0.3465288132429123,3.796530272381915e-07,0.0017074606730602682,3.7159761632210575e-05,0.004375343676656485,catatumbo,SPEAKER_00,31509.333,31509.708,3.0
0.00023812493600416929,0.2731427252292633,4.200998375836207e-07,0.042383250780403614,8.265312135335989e-05,0.0032276413403451443,catatumbo,SPEAKER_00,31510.667,31511.042,3.0
0.0009192704455927014,0.12735935673117638,8.97763264617879e-07,0.0016258808900602162,0.00014143355656415224,0.00238403188996017,catatumbo,UNICO,31511.0,31511.375,3.0
0.01621195673942566,0.026858149096369743,9.280967745439739e-07,0.022208033595234156,5.246792898105923e-05,0.002605979796499014,catatumbo,SPEAKER_00,31511.333,31511.708,3.0
0.0061330911703407764,0.06657670065760612,9.139468915009274e-07,0.00060834082250949,6.0706064687110484e-05,0.01224473025649786,catatumbo,SPEAKER_00,31511.667,31512.042,3.0
0.0006553027196787298,0.1565839722752571,9.483023859502282e-07,0.03373546339571476,0.00010844488861039281,0.00027690190472640097,catatumbo,SPEAKER_00,31512.333,31512.708,3.0
0.0006350823095999658,0.23313333094120026,4.626715188749131e-07,0.028771523386240005,1.227160396410909e-06,0.0024555984418839216,catatumbo,SPEAKER_00,31512.667,31513.042,3.0
0.00031409040093421936,0.33390337228775024,5.277648540413793e-07,0.004556786152534187,3.075625045312336e-05,0.0016840549651533365,catatumbo,SPEAKER_00,31513.0,31513.375,3.0
0.002536527579650283,0.15596426278352737,3.767069216564778e-07,0.0006848103657830507,9.889864259093883e-06,0.01580847054719925,catatumbo,SPEAKER_00,31513.333,31513.708,3.0
0.09559192508459091,0.0407396974042058,3.959751957438584e-07,1.7098353964684065e-05,3.524060900872428e-07,0.16708168387413025,catatumbo,SPEAKER_00,31513.667,31514.042,3.0
0.12283283472061157,0.028486840426921844,7.828427044387354e-07,0.0006572379497811198,5.3598607337335125e-05,0.0015381493140012026,catatumbo,SPEAKER_00,31514.0,31514.375,3.0
0.02045426145195961,0.07036458142101765,3.8672248336979465e-07,0.12312955036759377,8.555961812817259e-06,0.0016175460768863559,catatumbo,SPEAKER_00,31514.333,31514.708,3.0
0.0006622598739340901,0.13871116563677788,1.2270165257177723e-06,0.06926202774047852,2.4290192413900513e-05,0.0016481347847729921,catatumbo,SPEAKER_00,31514.667,31515.042,3.0
0.0043393648229539394,0.09693806245923042,3.0723532162824085e-07,0.00253604119643569,2.7530741135706194e-06,0.0015738874208182096,catatumbo,SPEAKER_00,31515.333,31515.708,3.0
0.004342751111835241,0.176160030066967,3.313441467867051e-07,0.0001797036311472766,1.4863789601804456e-05,0.00986159685999155,catatumbo,SPEAKER_00,31515.667,31516.042,3.0
0.008533080108463764,0.158424012362957,5.796375717181945e-07,0.00035563115670811385,7.031705899862573e-05,0.0040237694047391415,catatumbo,SPEAKER_00,31516.0,31516.375,3.0
0.00014730473048985004,0.34726954996585846,3.2485367640333607e-07,0.023657319135963917,6.73730232847447e-06,0.0013249506009742618,catatumbo,SPEAKER_00,31516.333,31516.708,3.0
0.0007826932705938816,0.1225009374320507,4.4252977460246257e-07,0.0008004983537830412,3.871160697599407e-05,0.002646898152306676,catatumbo,UNICO,31516.667,31517.042,3.0
0.0018551640678197145,0.06650135293602943,4.749748576671209e-07,0.0003809544286923483,6.315977952908725e-05,0.003867018735036254,catatumbo,UNICO,31517.0,31517.375,3.0
0.0020492190960794687,0.09913510456681252,2.706329844670563e-07,2.9664692192454822e-05,3.7667967944798875e-06,0.10798832029104233,catatumbo,UNICO,31517.333,31517.708,3.0
0.008732203394174576,0.09633172303438187,7.850757697269728e-07,0.0012020745198242366,9.621144272387028e-06,0.004256909247487783,catatumbo,UNICO,31517.667,31518.042,3.0
0.023224132135510445,0.1038956306874752,2.790353974546633e-07,0.00019104684906778857,4.6168676135494024e-06,0.010723907500505447,catatumbo,UNICO,31518.333,31518.708,3.0
0.0058828056789934635,0.1975529044866562,2.2708052327402584e-07,5.2044231779291295e-05,4.789797458215617e-06,0.03601470962166786,catatumbo,UNICO,31518.667,31519.042,3.0
0.0035476237535476685,0.27416379004716873,2.9312593596841907e-07,0.00023044802946969867,8.855591431711218e-06,0.007845571264624596,catatumbo,SPEAKER_00,31519.0,31519.375,3.0
0.009987345896661282,0.1350308135151863,5.690179918360627e-07,0.0009232376178260893,6.287765609158669e-05,0.003515328047797084,catatumbo,SPEAKER_00,31519.333,31519.708,3.0
0.0006921640015207231,0.1893998309969902,5.574128358887265e-07,0.00012016190521535464,2.4947829842858482e-05,0.022117525339126587,catatumbo,SPEAKER_00,31519.667,31520.042,3.0
0.00023340541520155966,0.29837021976709366,2.8108501659573903e-07,0.003794177435338497,4.466983114070899e-06,0.00621039979159832,catatumbo,SPEAKER_00,31520.0,31520.375,3.0
0.003811516333371401,0.15972093492746353,4.29742215146689e-07,0.028959532268345356,1.0922713045147248e-05,0.00024402656708844006,catatumbo,SPEAKER_00,31520.333,31520.708,3.0
0.005164080299437046,0.22015488892793655,3.863662918490718e-07,0.00094285246450454,1.3370148280955618e-05,0.0028495315928012133,catatumbo,SPEAKER_00,31520.667,31521.042,3.0
0.0034342471044510603,0.17775316536426544,5.047188871287744e-07,3.599832416512072e-05,3.67049449323531e-06,0.09121841937303543,catatumbo,SPEAKER_00,31521.333,31521.708,3.0
0.009407131932675838,0.1474301852285862,3.666728503048944e-07,0.0031359627610072494,1.688907650532201e-05,0.0021324767731130123,catatumbo,SPEAKER_00,31521.667,31522.042,3.0
0.04313734173774719,0.04276312422007322,4.4599791237942554e-07,0.0004912735021207482,1.2737418273900403e-05,0.0031546286772936583,catatumbo,SPEAKER_00,31522.0,31522.375,3.0
0.054503824561834335,0.025557667948305607,4.614067563579738e-07,0.0005328371917130426,7.737209216429619e-06,0.01353559922426939,catatumbo,SPEAKER_00,31522.333,31522.708,3.0
0.00419322494417429,0.10924703627824783,5.863922041271508e-07,3.1085142836673185e-05,2.5330859898531344e-06,0.3796530067920685,catatumbo,SPEAKER_00,31522.667,31523.042,3.0
0.004509026184678078,0.07346892356872559,1.1607830288085097e-06,0.0065580313093960285,6.140894220152404e-05,0.0015166830271482468,catatumbo,SPEAKER_00,31523.0,31523.375,3.0
0.010591595433652401,0.02688766736537218,1.525432566040763e-06,0.028683561831712723,5.0265500249224715e-05,0.0007762319874018431,catatumbo,SPEAKER_00,31523.333,31523.708,3.0
0.004532532766461372,0.1481487639248371,4.164947711160494e-07,2.8616309464268852e-05,6.921046860952629e-06,0.26605525612831116,catatumbo,SPEAKER_00,31523.667,31524.042,3.0
0.0022942284122109413,0.09268559701740742,7.757187177048763e-07,0.0059095865581184626,0.00018162972992286086,0.002113579073920846,catatumbo,SPEAKER_00,31524.333,31524.708,3.0
0.0019229779718443751,0.08367513865232468,6.784369261936263e-07,0.00010578859291854315,1.0746226450919494e-06,0.3013625144958496,catatumbo,SPEAKER_00,31524.667,31525.042,3.0
0.01875394955277443,0.03905302844941616,1.3747644018735627e-06,0.0034088066895492375,4.230594367982121e-05,0.005466984584927559,catatumbo,SPEAKER_00,31525.0,31525.375,3.0
0.01154304202646017,0.04986300319433212,6.887289387691453e-07,0.0036524065071716905,3.596287024265621e-05,0.0011138890404254198,catatumbo,SPEAKER_00,31525.333,31525.708,3.0
0.03360695019364357,0.041875870898365974,6.494138773405211e-07,0.001253791619092226,1.3613995179184712e-05,0.005704064853489399,catatumbo,SPEAKER_00,31525.667,31526.042,3.0
0.1713845431804657,0.007098478032276034,1.0190167500923053e-06,0.004891358083114028,4.735824040835723e-05,0.0006880026194266975,catatumbo,SPEAKER_00,31526.0,31526.375,3.0
0.037284787744283676,0.02247103676199913,1.0441857938303656e-06,0.05202033370733261,8.016690844669938e-05,0.0003858417912852019,catatumbo,SPEAKER_00,31526.333,31526.708,3.0
0.013696755282580853,0.042150963097810745,7.340721381865478e-07,0.009894827846437693,2.4487550945195835e-05,0.0007801778265275061,catatumbo,SPEAKER_00,31526.667,31527.042,3.0
0.0007344948244281113,0.07186426594853401,6.095274542872176e-07,0.08510547503829002,3.257888420193922e-05,0.0016282900469377637,catatumbo,SPEAKER_00,31527.333,31527.708,3.0
0.0009431280195713043,0.1987638771533966,4.5937255066519356e-07,0.008201275952160358,2.468558886903338e-05,0.0011794177116826177,catatumbo,SPEAKER_00,31527.667,31528.042,3.0
0.001258203643374145,0.07080600596964359,5.620055958388548e-07,0.02493356727063656,2.1570897843048442e-05,0.0015737953362986445,catatumbo,SPEAKER_00,31528.0,31528.375,3.0
0.00041696522384881973,0.16797204688191414,1.8942604107508032e-07,5.4154807003214955e-05,1.2282590660106507e-06,0.2839672267436981,catatumbo,SPEAKER_00,31528.333,31528.708,3.0
0.00039179815212264657,0.2835173159837723,3.5955626387362827e-07,0.011755268089473248,1.3931010926171439e-05,0.0031140134669840336,catatumbo,SPEAKER_00,31528.667,31529.042,3.0
0.00029492363682948053,0.2807188704609871,3.4806598137038236e-07,0.2331819012761116,2.465596753609134e-05,0.0029019408393651247,catatumbo,SPEAKER_00,31529.0,31529.375,3.0
0.0014908198500052094,0.08557173237204552,7.352391406811876e-07,0.10334287956357002,0.0001521445083199069,0.0002279748150613159,catatumbo,UNICO,31529.333,31529.708,3.0
0.0020080446265637875,0.14180894941091537,8.685806562880316e-07,0.0016722317668609321,0.00018432970318826847,0.001393369399011135,catatumbo,UNICO,31529.667,31530.042,3.0
0.02025066502392292,0.058036889880895615,1.4763027422759478e-06,0.00538182130549103,0.00035632708750199527,0.000515008345246315,catatumbo,UNICO,31530.333,31530.708,3.0
0.003734409110620618,0.046780940145254135,3.220520028435203e-07,6.389473492163233e-05,4.8081836894198204e-06,0.07641128450632095,catatumbo,UNICO,31530.667,31531.042,3.0
0.0011868514120578766,0.13500865921378136,1.9389113958823145e-07,2.3335702280746773e-05,4.855143288295949e-06,0.2842312753200531,catatumbo,SPEAKER_00,31531.0,31531.375,3.0
0.0022023834753781557,0.1014525443315506,2.0346297624485032e-07,0.02855272777378559,2.743293771345634e-05,0.0004815496795345098,catatumbo,SPEAKER_00,31531.333,31531.708,3.0
0.0008381092338822782,0.20474471151828766,1.936190905382773e-07,9.742343536345288e-06,5.086298642709153e-06,0.16541273891925812,catatumbo,UNICO,31531.667,31532.042,3.0
0.002812944585457444,0.13973359391093254,3.609444334529144e-07,1.7912532825903327e-06,4.343904038250912e-06,0.455250084400177,catatumbo,SPEAKER_00,31532.0,31532.375,3.0
0.003354667918756604,0.09641673043370247,6.888020962492192e-07,0.018307946622371674,1.560529381094966e-05,0.0005003723781555891,catatumbo,SPEAKER_00,31532.333,31532.708,3.0
0.004972662776708603,0.042028944939374924,7.225837137525559e-07,0.00022624895063927397,3.1832291824684944e-05,0.020740371197462082,catatumbo,SPEAKER_00,31532.667,31533.042,3.0
0.006506845820695162,0.041470243129879236,6.343375105188898e-07,0.0011803006345871836,0.0006119069876149297,0.0014996370300650597,catatumbo,SPEAKER_00,31533.333,31533.708,3.0
0.0006144792423583567,0.036118319258093834,7.802055250749618e-07,0.012757641728967428,0.000391733949072659,0.004935434553772211,catatumbo,SPEAKER_00,31533.667,31534.042,3.0
0.0012752952752634883,0.06749649718403816,5.210134048638793e-07,3.7402569432742894e-05,0.000187922858458478,0.036299314349889755,catatumbo,SPEAKER_00,31534.0,31534.375,3.0
0.00024308562569785863,0.10196511074900627,4.6318993085492366e-07,0.00022772958618588746,0.00013822496839566156,0.006697246804833412,catatumbo,SPEAKER_00,31534.333,31534.708,3.0
0.0009576196316629648,0.08862387202680111,1.9469345602374233e-07,0.0013481986243277788,2.853176283679204e-05,0.008083346299827099,catatumbo,SPEAKER_00,31534.667,31535.042,3.0
0.0016003036871552467,0.07412393763661385,2.2738561256119283e-07,1.3484741430147551e-05,1.1355972674209625e-05,0.5152621865272522,catatumbo,SPEAKER_00,31535.0,31535.375,3.0
0.0007250341586768627,0.11040590703487396,3.9317252031878525e-07,0.0010402252082712948,1.4393958736036438e-05,0.005441576242446899,catatumbo,SPEAKER_00,31535.333,31535.708,3.0
0.0007967121200636029,0.09265584126114845,4.2326203342213375e-07,0.0060327257961034775,5.323480081642629e-06,0.0033307671546936035,catatumbo,SPEAKER_00,31535.667,31536.042,3.0
0.005406644195318222,0.024477182887494564,6.882100080929376e-07,0.06098003312945366,1.2896087810077006e-05,0.0010760475415736437,catatumbo,SPEAKER_00,31536.333,31536.708,3.0
0.0011613380629569292,0.06062227860093117,4.681563474662198e-07,0.004574646591208875,1.9499752852425445e-05,0.005239611491560936,catatumbo,UNICO,31536.667,31537.042,3.0
0.005598325282335281,0.024066279642283916,6.145976101379347e-07,0.0006312237528618425,2.4405188923992682e-05,0.003242282895371318,catatumbo,UNICO,31537.0,31537.375,3.0
0.004138422664254904,0.04941440187394619,7.536988491096963e-07,6.715395466017071e-05,1.722435763440444e-05,0.03597389534115791,catatumbo,SPEAKER_00,31537.333,31537.708,3.0
0.0028504151850938797,0.1077076718211174,5.310686503889883e-07,0.006523593328893185,1.1822322449006606e-05,0.001148264855146408,catatumbo,SPEAKER_00,31537.667,31538.042,3.0
0.0022899191826581955,0.2430131882429123,3.648928981192512e-07,0.0006644896930083632,3.704288133121736e-06,0.008115449920296669,catatumbo,SPEAKER_00,31538.0,31538.375,3.0
0.00585401663556695,0.09122694656252861,3.1351028439985384e-07,0.0009306703286711127,5.2952280384488404e-05,0.0017244343180209398,catatumbo,SPEAKER_00,31538.333,31538.708,3.0
0.011049242690205574,0.09331055730581284,4.842010952188502e-07,5.529769623535685e-06,7.930836090963567e-06,0.29961341619491577,catatumbo,SPEAKER_00,31538.667,31539.042,3.0
0.0003789082111325115,0.15703638643026352,2.4344445748170074e-07,0.0013914445298723876,0.00010200477845501155,0.0017718786839395761,catatumbo,UNICO,31539.333,31539.708,3.0
0.0006798854446969926,0.2501751258969307,5.3149194911839e-07,0.039196381345391273,7.2229188390338095e-06,0.0005364951794035733,catatumbo,SPEAKER_00,31539.667,31540.042,3.0
0.0003123343049082905,0.1913405805826187,4.828024877667758e-07,1.4881692095514154e-05,5.3088261893208255e-06,0.2342134565114975,catatumbo,SPEAKER_00,31540.0,31540.375,3.0
0.010272751562297344,0.056826476007699966,6.45752066930072e-07,0.022743115667253733,2.1955941633677867e-06,0.0017492930637672544,catatumbo,SPEAKER_00,31540.333,31540.708,3.0
0.033234745264053345,0.05615992844104767,6.928616755885741e-07,0.0005514876684173942,6.672058361800737e-06,0.028646064922213554,catatumbo,SPEAKER_00,31540.667,31541.042,3.0
0.003444397822022438,0.19882728904485703,8.16371297673868e-07,0.0016312082298099995,4.7706675104564056e-05,0.006939571350812912,catatumbo,SPEAKER_00,31541.0,31541.375,3.0
0.0005040224059484899,0.10228192061185837,1.0099002594188278e-06,0.13528496026992798,7.114679647202138e-05,0.005761200562119484,catatumbo,SPEAKER_00,31541.333,31541.708,3.0
0.0002014648780459538,0.1364082172513008,4.881161501657516e-07,0.009914029389619827,6.400517850124743e-05,0.002550257369875908,catatumbo,UNICO,31541.667,31542.042,3.0
0.0004939321661368012,0.27540507912635803,4.93716058258542e-07,0.0011633567337412387,2.0825125830015168e-05,0.002640971913933754,catatumbo,SPEAKER_00,31542.333,31542.708,3.0
0.0008475608774460852,0.17969812080264091,1.381575422954029e-07,2.349051010241965e-05,1.2572890568662842e-06,0.5155717134475708,catatumbo,SPEAKER_00,31542.667,31543.042,3.0
0.0002581437292974442,0.29250721633434296,4.419188570636834e-07,0.0014030041638761759,2.215305767094833e-05,0.005421742331236601,catatumbo,SPEAKER_00,31543.0,31543.375,3.0
0.00022726341558154672,0.24959738552570343,1.8669063805987207e-07,0.19583161920309067,3.578190558073402e-06,0.010169647634029388,catatumbo,SPEAKER_00,31543.333,31543.708,3.0
0.000672888767439872,0.11419275775551796,6.119215143485235e-07,0.38864777982234955,4.3098129935970064e-06,0.002140415133908391,catatumbo,SPEAKER_00,31543.667,31544.042,3.0
0.011936155147850513,0.18985377252101898,2.9947656798867683e-07,0.09257743507623672,4.146124638282345e-06,0.0007484554080292583,catatumbo,SPEAKER_00,31544.0,31544.375,3.0
0.011425452306866646,0.09187160804867744,2.7402742119875256e-07,0.06675579771399498,3.9141991692304146e-06,0.000512105820234865,catatumbo,SPEAKER_00,31544.333,31544.708,3.0
0.000375433883164078,0.17185742408037186,4.167640454966204e-07,0.1185239925980568,1.1287889719824307e-05,0.001045674318447709,catatumbo,SPEAKER_00,31544.667,31545.042,3.0
0.0017593465745449066,0.06780117750167847,1.1720777024493145e-06,0.14541224017739296,9.624806352803716e-06,0.0006551668629981577,catatumbo,SPEAKER_00,31545.333,31545.708,3.0
0.0005147109623067081,0.1849268153309822,4.6280482024485536e-07,1.9888895621988922e-05,5.992898195472662e-06,0.18495877087116241,catatumbo,SPEAKER_00,31545.667,31546.042,3.0
0.004988308530300856,0.08841802924871445,5.271599299305763e-07,4.775901061293553e-06,1.5130795283369025e-07,0.8673784732818604,catatumbo,SPEAKER_00,31546.0,31546.375,3.0
0.005454308353364468,0.0725725470110774,8.937939668385297e-07,0.0022548631532117724,1.1262377483944874e-05,0.0019580121152102947,catatumbo,SPEAKER_00,31546.333,31546.708,3.0
0.01871899515390396,0.08973504602909088,4.730430021027132e-07,2.9240713047329336e-05,8.099440265141311e-07,0.394635409116745,catatumbo,SPEAKER_00,31546.667,31547.042,3.0
0.004681015852838755,0.1240142360329628,5.787372145960035e-07,0.06160171516239643,3.056432706216583e-05,0.002790793776512146,catatumbo,SPEAKER_00,31547.0,31547.375,3.0
0.002838445594534278,0.13692399114370346,6.843137754231066e-07,0.04125189362093806,4.2057832615682855e-05,0.002097787568345666,catatumbo,SPEAKER_00,31547.333,31547.708,3.0
0.0017456847708672285,0.14992763847112656,6.026463168495866e-07,0.08898013085126877,2.4647294594615232e-05,0.0007949462742544711,catatumbo,SPEAKER_00,31547.667,31548.042,3.0
3.57240169250872e-05,0.42673756182193756,3.299230115771934e-07,4.7656165406806394e-05,1.0918901807599468e-05,0.04437951743602753,catatumbo,SPEAKER_00,31548.333,31548.708,3.0
0.00021240378555376083,0.19071917980909348,4.781580678070441e-07,0.0004726797342300415,4.339878614700865e-05,0.003782766405493021,catatumbo,SPEAKER_00,31548.667,31549.042,3.0
0.0003653389576356858,0.14556163921952248,4.0973403869770664e-07,0.0013716471148654819,8.193555231628125e-06,0.012063687667250633,catatumbo,SPEAKER_00,31549.0,31549.375,3.0
0.0006998538156040013,0.0631101243197918,9.611242077767201e-07,0.04944990389049053,3.9516135075245984e-05,0.001026203273795545,catatumbo,SPEAKER_00,31549.333,31549.708,3.0
0.026184797286987305,0.03430472873151302,5.454527354231686e-07,6.877959822304547e-05,5.8889213505608495e-06,0.061499159783124924,catatumbo,UNICO,31549.667,31550.042,3.0
0.03533494472503662,0.03403271734714508,4.2225774876669675e-07,1.3740051372224116e-06,4.245986701789661e-06,0.9050247073173523,catatumbo,SPEAKER_00,31550.0,31550.375,3.0
0.0068671200424432755,0.06630623526871204,1.1774690733545867e-06,0.014881753362715244,6.999828838161193e-05,0.0009578304016031325,catatumbo,SPEAKER_00,31550.333,31550.708,3.0
0.0097194854170084,0.06339433044195175,5.930999549264016e-07,0.00010184115308220498,1.2767032728788763e-06,0.35534772276878357,catatumbo,SPEAKER_00,31550.667,31551.042,3.0
0.0017385967075824738,0.029743573628365993,1.0492893665059455e-06,0.31470315158367157,2.8655350433837157e-05,0.0017691516550257802,catatumbo,SPEAKER_00,31551.333,31551.708,3.0
0.0068611325696110725,0.08842330798506737,9.811338230747424e-07,0.16510383784770966,1.4642561382061103e-05,0.0006350920302793384,catatumbo,SPEAKER_00,31551.667,31552.042,3.0
0.015052495524287224,0.0342694278806448,9.43853613932788e-07,0.07671249844133854,1.716206406854326e-05,0.00041380690527148545,catatumbo,SPEAKER_00,31552.0,31552.375,3.0
0.025824157521128654,0.04405341576784849,1.3934564861983745e-06,0.013231046497821808,0.00045393397158477455,0.000516542058903724,catatumbo,SPEAKER_00,31552.333,31552.708,3.0
0.0019507589749991894,0.10984150692820549,1.150746705036454e-06,0.0004119864461245015,2.7328732812748058e-05,0.05085190758109093,catatumbo,SPEAKER_00,31552.667,31553.042,3.0
0.0006293838378041983,0.1436193808913231,6.623289436902269e-07,0.002548352349549532,0.00022280836128629744,0.009710145182907581,catatumbo,UNICO,31553.0,31553.375,3.0
0.0003937913861591369,0.1456996239721775,6.886618670876032e-07,0.00043362654105294496,5.975665044388734e-05,0.006748252082616091,catatumbo,UNICO,31553.333,31553.708,3.0
0.0003173339064233005,0.20339909940958023,3.8484112252490377e-07,0.0024187254020944238,1.60199633683078e-05,0.003878456773236394,catatumbo,UNICO,31553.667,31554.042,3.0
0.004903305787593126,0.07303650490939617,5.081595979561371e-07,0.0021371020120568573,4.702086243923986e-06,0.022420918568968773,catatumbo,SPEAKER_00,31554.333,31554.708,3.0
0.007292750757187605,0.0665994230657816,7.161975759117922e-07,0.0010298213746864349,0.0003188241535099223,0.004034979268908501,catatumbo,SPEAKER_00,31554.667,31555.042,3.0
0.000827405892778188,0.08930708467960358,9.763931458905972e-07,8.371074363822117e-05,3.130333061562851e-05,0.04038458690047264,catatumbo,SPEAKER_00,31555.0,31555.375,3.0
0.0018876565154641867,0.11684929952025414,9.074053224367162e-07,0.00013634301285492256,0.00012631059871637262,0.007367024663835764,catatumbo,SPEAKER_00,31555.333,31555.708,3.0
0.0008472500485368073,0.12656261399388313,5.72190096193026e-07,0.004388331086374819,7.795597184667713e-06,0.0038021220825612545,catatumbo,SPEAKER_00,31555.667,31556.042,3.0
0.003963524010032415,0.07811720762401819,2.04217406007956e-06,0.050378523766994476,0.0011083342833444476,9.206077083945274e-05,catatumbo,SPEAKER_00,31556.0,31556.375,3.0
0.008556300774216652,0.060063812881708145,1.5003030000571016e-06,0.018059055786579847,0.0006387390312738717,0.00015195693413261324,catatumbo,SPEAKER_00,31556.333,31556.708,3.0
0.010819805786013603,0.0750758359208703,1.2990868327733551e-06,0.16457534581422806,0.00014869052392896265,0.0004814502608496696,catatumbo,SPEAKER_00,31556.667,31557.042,3.0
0.001732492703013122,0.1681155189871788,6.712963411814599e-07,0.004494815017096698,9.321560355601832e-05,0.0007845377549529076,catatumbo,UNICO,31557.333,31557.708,3.0
0.00045606261119246483,0.35491088032722473,2.8443591837401527e-07,0.0018177451565861702,4.533060018729884e-05,0.0017235720297321677,catatumbo,UNICO,31557.667,31558.042,3.0
0.00024116516578942537,0.41511353850364685,3.557056658110014e-07,0.0025120112113654613,9.574987052474171e-05,0.0009424265008419752,catatumbo,UNICO,31558.0,31558.375,3.0
0.001587991719134152,0.2045285701751709,4.2668683164492904e-07,0.00015271240408765152,5.260814941721037e-05,0.007013050839304924,catatumbo,UNICO,31558.333,31558.708,3.0
0.001490361406467855,0.23646365851163864,6.333870921082507e-07,0.00272045424208045,5.576116109295981e-06,0.0037265524733811617,catatumbo,UNICO,31558.667,31559.042,3.0
0.007864992134273052,0.07422145269811153,1.860794384356268e-06,0.025376790203154087,0.0002033954151556827,0.0004373388073872775,catatumbo,SPEAKER_00,31559.0,31559.375,3.0
0.003351657884195447,0.060040805488824844,1.8421832095327773e-06,0.09070932865142822,0.0002820229055942036,0.00019265543960500509,catatumbo,SPEAKER_00,31559.333,31559.708,3.0
0.016325626522302628,0.04625470843166113,1.644226472308219e-06,0.004651207709684968,0.0008312482386827469,0.0004968266584910452,catatumbo,SPEAKER_00,31559.667,31560.042,3.0
0.008091555908322334,0.06746293790638447,1.546010608421966e-06,0.02019942319020629,0.0032775942236185074,0.0003707618161570281,catatumbo,SPEAKER_00,31560.333,31560.708,3.0
0.0019800937734544277,0.12486512959003448,7.635611396494824e-07,0.13757232949137688,9.023834536492359e-06,0.0012053099926561117,catatumbo,SPEAKER_00,31560.667,31561.042,3.0
0.0019553701858967543,0.12998252362012863,4.233092205652156e-07,0.0956127978861332,3.340082548675127e-05,0.0009970056125894189,catatumbo,UNICO,31561.0,31561.375,3.0
0.004188199993222952,0.1446237564086914,3.4663355563679943e-07,0.01136394776403904,1.8152646589442156e-05,0.0013371603563427925,catatumbo,UNICO,31561.333,31561.708,3.0
0.0010853564599528909,0.25100571662187576,2.47753000337525e-07,0.000248793228820432,1.960752524610143e-05,0.007576501928269863,catatumbo,UNICO,31561.667,31562.042,3.0
0.0005156461847946048,0.33390238881111145,2.514407917431072e-07,0.00015319115846068598,1.2872313618572662e-05,0.01116183027625084,catatumbo,SPEAKER_00,31562.0,31562.375,3.0
0.0027421945706009865,0.0698060467839241,4.829169455433657e-07,6.654586286458652e-05,8.145842912199441e-06,0.026541216298937798,catatumbo,SPEAKER_00,31562.333,31562.708,3.0
0.0005849645822308958,0.2196926549077034,4.476804846831328e-07,4.300403088564053e-05,2.364764839057898e-06,0.15837988257408142,catatumbo,SPEAKER_00,31562.667,31563.042,3.0
0.014811458997428417,0.07796802371740341,8.291924160630515e-07,3.714669946930371e-05,3.5609925362223294e-05,0.654072642326355,catatumbo,SPEAKER_00,31563.333,31563.708,3.0
0.01600586250424385,0.052797624841332436,5.356206074225156e-07,0.00027844511350849643,0.0002404662809567526,0.11694207787513733,catatumbo,SPEAKER_00,31563.667,31564.042,3.0
0.0007550051668658853,0.10792037472128868,1.3341332874006184e-06,0.11356435343623161,0.00021240884234430268,0.00039213706622831523,catatumbo,SPEAKER_00,31564.0,31564.375,3.0
0.0004265526949893683,0.08829407580196857,1.760766856762075e-07,8.197078614102793e-06,2.5402167693755473e-06,0.23920786380767822,catatumbo,SPEAKER_00,31564.333,31564.708,3.0
0.0002670409739948809,0.34787653386592865,2.76121950193442e-07,0.0032379626063629985,1.9639243873825762e-05,0.002984830178320408,catatumbo,SPEAKER_00,31564.667,31565.042,3.0
0.006864141672849655,0.04688926786184311,4.807307831811158e-07,0.016280128620564938,3.09122715407284e-05,0.0005743908113799989,catatumbo,SPEAKER_00,31565.0,31565.375,3.0
0.00023186521138995886,0.4057530015707016,6.02400309190898e-07,0.06725330837070942,6.046072667231783e-05,0.00035677995765581727,catatumbo,SPEAKER_00,31565.333,31565.708,3.0
0.0027090711519122124,0.0485243983566761,9.300716925508823e-07,0.32227271795272827,1.0767962521640584e-05,0.002114545786753297,catatumbo,SPEAKER_00,31565.667,31566.042,3.0
0.004427222069352865,0.0841960497200489,1.40248650382091e-06,0.012640479253605008,0.0006077559373807162,0.00022395381529349834,catatumbo,SPEAKER_00,31566.333,31566.708,3.0
0.0009375428780913353,0.26231731474399567,6.065529234433598e-07,0.00018581201584311202,7.118848589016125e-05,0.05359054356813431,catatumbo,SPEAKER_00,31566.667,31567.042,3.0
0.00026133880601264536,0.20959874987602234,5.056117871049537e-07,0.00011894800627487712,3.5119071071676444e-05,0.014088647440075874,catatumbo,UNICO,31567.0,31567.375,3.0
0.0010557661298662424,0.16942840814590454,6.525564302251041e-07,8.07131509645842e-05,8.182347664842382e-05,0.009951506741344929,catatumbo,UNICO,31567.333,31567.708,3.0
0.0008018704247660935,0.2503369525074959,4.662370045593889e-07,0.010187387932091951,9.540398878016276e-06,0.0019719023257493973,catatumbo,UNICO,31567.667,31568.042,3.0
0.03500623255968094,0.049186596646904945,4.958915553743282e-07,0.1745505928993225,5.434645572677255e-06,0.0005388077697716653,catatumbo,SPEAKER_00,31568.0,31568.375,3.0
0.02191987633705139,0.12908154726028442,4.6961572053305645e-07,0.0193202905356884,3.6557280509441625e-06,0.0008315384620800614,catatumbo,SPEAKER_00,31568.333,31568.708,3.0
0.08689670264720917,0.04561334103345871,2.749873075913456e-07,0.00018096196436090395,7.495842737625935e-06,0.00858945120126009,catatumbo,SPEAKER_00,31568.667,31569.042,3.0
0.03025020845234394,0.1007876880466938,3.93054747860333e-07,0.0006182036595419049,1.9468712707748637e-05,0.0031613176688551903,catatumbo,SPEAKER_00,31569.333,31569.708,3.0
0.02379656210541725,0.0825776718556881,3.690139251943947e-07,0.00017971600755117834,1.5644340692233527e-05,0.008356490172445774,catatumbo,SPEAKER_00,31569.667,31570.042,3.0
0.010481690056622028,0.18959471583366394,4.3832534402099554e-07,3.324998033349402e-05,1.9531599264155375e-05,0.049458060413599014,catatumbo,SPEAKER_00,31570.0,31570.375,3.0
0.0003670572768896818,0.17729871720075607,6.885500667408451e-07,0.001586650381796062,0.0005770474817836657,0.0026601534336805344,catatumbo,SPEAKER_00,31570.333,31570.708,3.0
0.00026987100136466324,0.32364873588085175,7.24054729062118e-07,0.05399342440068722,2.7757697353081312e-05,0.0004426102095749229,catatumbo,SPEAKER_00,31570.667,31571.042,3.0
0.00018564745550975204,0.3275125324726105,5.902195496787499e-07,0.0693802759051323,0.0003260340017732233,0.00016814982518553734,catatumbo,SPEAKER_00,31571.0,31571.375,3.0
0.000314061384415254,0.20774848014116287,8.256910604131917e-07,0.009343134239315987,0.00017313889838987961,0.00036147411447018385,catatumbo,UNICO,31571.333,31571.708,3.0
0.000690191111061722,0.15831564366817474,3.7427810184453847e-07,0.0031629358418285847,3.452217424637638e-05,0.0034358634147793055,catatumbo,UNICO,31571.667,31572.042,3.0
0.012872075662016869,0.125488493591547,3.639190424564731e-07,0.0019640398677438498,3.520359314279631e-05,0.0006654803291894495,catatumbo,SPEAKER_00,31572.333,31572.708,3.0
0.008369804359972477,0.18667827546596527,3.4082107447375165e-07,0.03065096866339445,2.22989638132276e-05,0.0002746913523878902,catatumbo,SPEAKER_00,31572.667,31573.042,3.0
0.023217473179101944,0.12431017681956291,1.754549785459858e-07,8.259864671344985e-06,8.323010831645661e-07,0.20081594586372375,catatumbo,SPEAKER_00,31573.0,31573.375,3.0
0.007507979869842529,0.26393938064575195,5.235524866975538e-07,0.000711439031874761,5.0428179747541435e-05,0.001178847043775022,catatumbo,SPEAKER_00,31573.333,31573.708,3.0
0.00010891060810536146,0.3045603781938553,3.7575660627453544e-07,3.6622620427806396e-05,7.809722092133597e-06,0.08618420362472534,catatumbo,SPEAKER_00,31573.667,31574.042,3.0
0.0002314610028406605,0.28909799456596375,4.598779277387166e-07,0.0007506342954002321,8.066944792517461e-05,0.0025013969279825687,catatumbo,SPEAKER_00,31574.0,31574.375,3.0
1.7568063412909396e-05,0.5244187116622925,3.2173191044648775e-07,0.05692549794912338,0.0002832453901646659,0.0002541686990298331,catatumbo,UNICO,31574.333,31574.708,3.0
0.00014194064715411514,0.36008018255233765,3.193995219419321e-07,0.0023820026544854045,1.8665029529074673e-05,0.002831054152920842,catatumbo,UNICO,31574.667,31575.042,3.0
0.0006454680697061121,0.15997319668531418,4.042606249754499e-07,0.0018259651842527092,1.24855641843169e-05,0.0021942455787211657,catatumbo,SPEAKER_00,31575.333,31575.708,3.0
0.0005601632292382419,0.1308588869869709,2.304003992037451e-07,3.2817053579492494e-05,1.956177038664464e-05,0.03873763605952263,catatumbo,SPEAKER_00,31575.667,31576.042,3.0
0.0002925340668298304,0.27072638273239136,6.529671878752197e-07,0.05768583528697491,1.4083260793995578e-05,0.0006873796228319407,catatumbo,SPEAKER_00,31576.0,31576.375,3.0
0.0012037483975291252,0.18225569278001785,2.573344453082882e-07,2.6998529392585624e-05,2.0981213992854464e-06,0.08155447244644165,catatumbo,SPEAKER_00,31576.333,31576.708,3.0
0.0002110051573254168,0.2752169221639633,6.935153287201956e-07,0.09510921314358711,1.3887938166590175e-05,0.0006275217165239155,catatumbo,SPEAKER_00,31576.667,31577.042,3.0
0.00035708938958123326,0.27304060757160187,3.065201816809804e-07,3.1112424039747566e-05,1.302418377235881e-05,0.06477298587560654,catatumbo,SPEAKER_00,31577.0,31577.375,3.0
0.00011480829562060535,0.398675799369812,4.658197809703779e-07,0.08845021575689316,4.8782712838146836e-06,0.0010894857114180923,catatumbo,SPEAKER_00,31577.333,31577.708,3.0
0.00042672944255173206,0.22198436409235,4.89113418211673e-07,0.01497639762237668,3.134562030027155e-05,0.0006343633285723627,catatumbo,SPEAKER_00,31577.667,31578.042,3.0
0.019311493262648582,0.08920606598258018,2.4256212327600224e-07,0.0013131557498127222,3.5012304806514294e-06,0.0019705842714756727,catatumbo,SPEAKER_00,31578.333,31578.708,3.0
0.010952017270028591,0.1619912087917328,3.9530467432769e-07,0.12516827136278152,6.195739672421041e-07,0.0031522498466074467,catatumbo,SPEAKER_00,31578.667,31579.042,3.0
0.00011180448200320825,0.31948141753673553,3.0273642082079277e-07,3.558363823685795e-05,1.3086753824609332e-05,0.0438045933842659,catatumbo,SPEAKER_00,31579.0,31579.375,3.0
0.0001457324397051707,0.28490738570690155,2.760147204128316e-07,0.22938589751720428,1.2643104128073901e-05,0.0012710801092907786,catatumbo,SPEAKER_00,31579.333,31579.708,3.0
7.497380283894017e-05,0.34246090054512024,2.441696196342491e-07,0.33451005816459656,5.988173370496952e-06,0.00396869657561183,catatumbo,SPEAKER_00,31579.667,31580.042,3.0
0.0002550183271523565,0.2918919771909714,4.952610446196104e-07,0.07796381786465645,1.04310392998741e-05,0.00101669377181679,catatumbo,UNICO,31580.0,31580.375,3.0
0.0002600914449431002,0.20551671087741852,5.231266051453076e-07,0.013961271848529577,8.813103249849519e-06,0.0011271240655332804,catatumbo,UNICO,31580.333,31580.708,3.0
0.00017360785568598658,0.3771343529224396,2.4166549827953077e-07,0.010503364726901054,1.1557284551599878e-06,0.0049965656362473965,catatumbo,UNICO,31580.667,31581.042,3.0
0.0002117730473401025,0.167153999209404,2.078371625913178e-07,0.02352815493941307,7.026525963738095e-06,0.002117991680279374,catatumbo,SPEAKER_00,31581.333,31581.708,3.0
0.00036398146767169237,0.08992045186460018,1.841840493455038e-07,8.248256199294701e-05,3.786849629250355e-05,0.020948883146047592,catatumbo,SPEAKER_00,31581.667,31582.042,3.0
0.0002847689902409911,0.23065374046564102,3.4262357928582787e-07,0.14022641628980637,2.2778395759814885e-05,0.0012754951603710651,catatumbo,SPEAKER_00,31582.0,31582.375,3.0
0.0005241318140178919,0.17187627404928207,2.464774535582137e-07,0.001030906685627997,7.78874455136247e-05,0.001656396547332406,catatumbo,UNICO,31582.333,31582.708,3.0
8.982911094790325e-05,0.24431659281253815,1.993016649493029e-07,0.01253543421626091,3.1098762519832235e-05,0.0014342599315568805,catatumbo,UNICO,31582.667,31583.042,3.0
0.0002231866237707436,0.18995016813278198,2.423891523051225e-07,0.004240116802975535,1.1605192412389442e-05,0.0017688393127173185,catatumbo,UNICO,31583.0,31583.375,3.0
0.004350442439317703,0.11894470080733299,2.170640787113598e-07,0.04036366008222103,8.127344131025893e-07,0.0011252514086663723,catatumbo,UNICO,31583.333,31583.708,3.0
0.1313692033290863,0.009357728995382786,7.217351480903744e-07,0.0933222621679306,4.3874479160876945e-05,0.00033339601941406727,catatumbo,SPEAKER_00,31583.667,31584.042,3.0
0.10288216918706894,0.023834913969039917,5.059630083792399e-07,0.06647361814975739,4.160492267146765e-06,0.0005583349266089499,catatumbo,SPEAKER_00,31584.333,31584.708,3.0
0.1349572241306305,0.024559873156249523,4.165532914157666e-07,0.1636526957154274,5.1650065415742574e-06,0.00046827385085634887,catatumbo,SPEAKER_00,31584.667,31585.042,3.0
0.1396922916173935,0.013834395911544561,1.0821929663507035e-06,0.06703422591090202,7.838716919650324e-05,0.0002144037134712562,catatumbo,SPEAKER_00,31585.0,31585.375,3.0
0.023685883730649948,0.05866904370486736,4.1611652079609485e-07,0.0055452745873481035,4.277027619536966e-05,0.0004933693562634289,catatumbo,SPEAKER_00,31585.333,31585.708,3.0
0.035414665937423706,0.06945100240409374,5.670850313777009e-07,0.2511570379137993,3.963616450164409e-06,0.0004309915821067989,catatumbo,SPEAKER_00,31585.667,31586.042,3.0
0.043898824602365494,0.03774726390838623,8.922765886154593e-07,0.24862340092658997,5.117929276821087e-06,0.0016098225023597479,catatumbo,SPEAKER_00,31586.0,31586.375,3.0
0.01688452623784542,0.08581949956715107,9.676134098413058e-07,0.34848999977111816,2.219604630226968e-05,0.0006103639607317746,catatumbo,SPEAKER_00,31586.333,31586.708,3.0
0.003672989085316658,0.05813705362379551,1.449141350917671e-06,0.32873986661434174,2.7394040444050916e-05,0.0003960732719860971,catatumbo,SPEAKER_00,31586.667,31587.042,3.0
0.006849507335573435,0.09352636709809303,1.2481888802540198e-06,0.30367760360240936,9.151431731879711e-05,0.0009949005907401443,catatumbo,SPEAKER_00,31587.333,31587.708,3.0
0.010871979407966137,0.05198484659194946,9.990632605649807e-07,0.3459910675883293,1.3296793440531474e-05,0.0030287893023341894,catatumbo,SPEAKER_00,31587.667,31588.042,3.0
0.02247818559408188,0.055591427721083164,5.177930013644527e-07,0.007608342915773392,5.17216676598764e-06,0.0038793599233031273,catatumbo,SPEAKER_00,31588.0,31588.375,3.0
0.010375449433922768,0.0582240354269743,5.617465141938283e-07,0.00022672326304018497,9.070733710814238e-07,0.09719095379114151,catatumbo,SPEAKER_00,31588.333,31588.708,3.0
0.012753903865814209,0.0613135676831007,9.460529355465042e-07,0.004968651686795056,1.8723256289376877e-05,0.002238315064460039,catatumbo,SPEAKER_00,31588.667,31589.042,3.0
0.015606295317411423,0.02387456176802516,1.148666427752687e-06,0.017868710216134787,0.0013260955747682601,0.0007594541530124843,catatumbo,SPEAKER_00,31589.0,31589.375,3.0
0.011455808766186237,0.0328811383806169,2.232831747051023e-06,0.13274352252483368,0.000363175175152719,0.00010893803846556693,catatumbo,SPEAKER_00,31589.333,31589.708,3.0
0.026296375319361687,0.01648760261014104,1.2987696038635477e-06,0.003277279785834253,0.0011174455867148936,0.00042800826486200094,catatumbo,SPEAKER_00,31589.667,31590.042,3.0
0.00844326801598072,0.04446883499622345,1.5540559985538493e-06,0.01040787948295474,0.0003280514501966536,0.0001894430461106822,catatumbo,SPEAKER_00,31590.333,31590.708,3.0
0.010371904820203781,0.03018859401345253,1.2925155630227891e-06,0.005498072598129511,0.0002015951249632053,0.0002882882545236498,catatumbo,SPEAKER_00,31590.667,31591.042,3.0
0.01064275112003088,0.0537294615060091,1.0534486492019823e-06,0.008951749419793487,5.6308133935090154e-05,0.0019032148411497474,catatumbo,SPEAKER_00,31591.0,31591.375,3.0
0.015815988183021545,0.029141548089683056,1.1145647675903092e-06,0.009228707291185856,0.00010125571498065256,0.0023514011409133673,catatumbo,SPEAKER_00,31591.333,31591.708,3.0
0.02196965366601944,0.037745594047009945,9.478746179070185e-07,0.013623290229588747,4.6814133384032175e-05,0.0014708352973684669,catatumbo,SPEAKER_00,31591.667,31592.042,3.0
0.0337427519261837,0.03924675099551678,1.1460360980208861e-06,0.033266399055719376,8.816547415335663e-05,0.0005063925054855645,catatumbo,SPEAKER_00,31592.0,31592.375,3.0
0.02005188725888729,0.028674126602709293,1.1671499891008352e-06,0.0016284571029245853,0.00044773746049031615,0.001604742370545864,catatumbo,SPEAKER_00,31592.333,31592.708,3.0
0.015598108991980553,0.039690420031547546,1.106054966726333e-06,0.004013108555227518,0.00023870808945503086,0.00048222808982245624,catatumbo,SPEAKER_00,31592.667,31593.042,3.0
0.0006660618237219751,0.28490981459617615,3.436302371540023e-07,3.780528800234606e-06,7.572578397230245e-06,0.4953955411911011,catatumbo,SPEAKER_00,31593.333,31593.708,3.0
0.0007534483447670937,0.12875889614224434,4.174462766570741e-07,1.80961110345379e-05,1.2217954008519882e-05,0.1365630030632019,catatumbo,SPEAKER_00,31593.667,31594.042,3.0
0.0027588882949203253,0.09451446309685707,4.2083756568445096e-07,0.0029585484880954027,4.084377724211663e-05,0.0014820895157754421,catatumbo,SPEAKER_00,31594.0,31594.375,3.0
0.0008546854369342327,0.10678211972117424,6.003743884264168e-07,0.01913887821137905,7.264706709975144e-06,0.0014488892629742622,catatumbo,UNICO,31594.333,31594.708,3.0
0.0021234822925180197,0.09750117361545563,4.5900024048251e-07,0.06417723745107651,1.2498116575443419e-05,0.0007997768116183579,catatumbo,UNICO,31594.667,31595.042,3.0
0.00014460954116657376,0.17413648962974548,3.0052483879217107e-07,0.1580941304564476,2.8927680432389025e-05,0.0006468225619755685,catatumbo,SPEAKER_00,31595.0,31595.375,3.0
0.00813814252614975,0.08858498185873032,1.868596086751495e-07,2.11533542824327e-05,1.3046714002484805e-06,0.09111137688159943,catatumbo,SPEAKER_00,31595.333,31595.708,3.0
0.12495904415845871,0.018715555779635906,3.3006787703016016e-07,5.149065691512078e-05,1.947862472206907e-06,0.04395739734172821,catatumbo,SPEAKER_00,31595.667,31596.042,3.0
0.06026952713727951,0.06659071147441864,4.7305032069289155e-07,0.003148890333250165,9.294112896895967e-05,0.0006609934498555958,catatumbo,SPEAKER_00,31596.333,31596.708,3.0
0.03092331998050213,0.044157457537949085,8.008802723225017e-07,0.0036951369838789105,0.00011438802175689489,0.0011210296070203185,catatumbo,SPEAKER_00,31596.667,31597.042,3.0
0.00017377844778820872,0.23890496790409088,3.8776278188379365e-07,1.4103705780144082e-05,1.0773698704724666e-05,0.18379171192646027,catatumbo,SPEAKER_00,31597.0,31597.375,3.0
0.0007522764499299228,0.17336184531450272,5.44739410912598e-07,0.009786222130060196,4.837233518628636e-06,0.0014231441309675574,catatumbo,UNICO,31597.333,31597.708,3.0
0.003121298970654607,0.1271737739443779,5.322091070070201e-07,0.2615916430950165,2.6650861400412396e-05,0.0015346191357821226,catatumbo,UNICO,31597.667,31598.042,3.0
0.0013991217128932476,0.08976653590798378,3.638091925495246e-07,0.21553176641464233,9.560531907482073e-06,0.002247340278699994,catatumbo,SPEAKER_00,31598.0,31598.375,3.0
0.00028596771880984306,0.26688216626644135,4.783840417132978e-07,0.0036198527086526155,2.7413789212005213e-05,0.0060239615850150585,catatumbo,SPEAKER_00,31598.333,31598.708,3.0
0.01809859834611416,0.07601498439908028,6.123614326725146e-07,0.0010115825571119785,8.092394864434027e-06,0.004817514214664698,catatumbo,SPEAKER_00,31598.667,31599.042,3.0
0.020188771188259125,0.019765065051615238,1.0179131493259774e-06,0.00010176748037338257,6.47882313842274e-06,0.0708279088139534,catatumbo,SPEAKER_00,31599.333,31599.708,3.0
0.03502830117940903,0.018804133869707584,1.5159853461454986e-06,0.004137411480769515,0.00047651158820372075,0.0004596593789756298,catatumbo,SPEAKER_00,31599.667,31600.042,3.0
0.014320429414510727,0.048000186681747437,4.827133892604252e-07,3.360168921062723e-05,3.6933942055838997e-06,0.12242409586906433,catatumbo,SPEAKER_00,31600.0,31600.375,3.0
0.013375388458371162,0.060100236907601357,6.113272590368979e-07,0.016618637833744287,1.784224832590553e-05,0.0007531672599725425,catatumbo,SPEAKER_00,31600.333,31600.708,3.0
0.09936179965734482,0.03893181122839451,1.4339300662413734e-06,0.020088222343474627,0.00011948633982683532,0.00037167855771258473,catatumbo,SPEAKER_00,31600.667,31601.042,3.0
0.007729376200586557,0.08893752843141556,1.244881673301279e-06,0.0001216315504279919,0.00015229616474243812,0.012302466668188572,catatumbo,SPEAKER_00,31601.0,31601.375,3.0
0.0022893918212503195,0.2437196895480156,5.295951979178426e-07,3.914459011866711e-05,5.026854069001274e-06,0.06788888573646545,catatumbo,SPEAKER_00,31601.333,31601.708,3.0
0.0004538865468930453,0.30521412193775177,5.453606490846141e-07,0.004304834408685565,1.879824594652746e-05,0.0038990445900708437,catatumbo,SPEAKER_00,31601.667,31602.042,3.0
0.0037196530029177666,0.16037052869796753,1.0324157386776278e-06,0.43612121045589447,0.00020435789338080212,0.0007653696229681373,catatumbo,SPEAKER_00,31602.333,31602.708,3.0
0.00019259755208622664,0.34796756505966187,4.6446255197452047e-07,0.22640831768512726,4.767341124534141e-05,0.0011222631437703967,catatumbo,SPEAKER_00,31602.667,31603.042,3.0
4.978280412615277e-05,0.4066110998392105,1.0204542206793121e-06,0.014220070093870163,0.003296415088698268,0.0002734856097958982,catatumbo,SPEAKER_00,31603.0,31603.375,3.0
0.0018942909082397819,0.16003329306840897,8.447631003605238e-07,0.00040657087811268866,0.0009987151715904474,0.002872951328754425,catatumbo,UNICO,31603.333,31603.708,3.0
0.0026417896151542664,0.09393855929374695,7.61176806918229e-07,0.00024066777405096218,0.0005329900013748556,0.0035779576282948256,catatumbo,UNICO,31603.667,31604.042,3.0
0.0011949018808081746,0.27286291867494583,3.3932521148472006e-07,5.906310070713516e-05,7.752761666779406e-05,0.016085650771856308,catatumbo,UNICO,31604.0,31604.375,3.0
0.012956634163856506,0.17204710841178894,2.546817796655887e-07,5.561000398301985e-05,2.5435030011067283e-06,0.14630043506622314,catatumbo,UNICO,31604.333,31604.708,3.0
0.004135542549192905,0.10642194375395775,4.3727399656745547e-07,0.006237145513296127,6.429841960198246e-05,0.0019108351552858949,catatumbo,UNICO,31604.667,31605.042,3.0
0.00015436705143656582,0.4432201385498047,5.55676422209217e-07,0.011700158007442951,0.00010854624269995838,0.0010786621132865548,catatumbo,SPEAKER_00,31605.333,31605.708,3.0
0.07975408434867859,0.03424144256860018,6.719460685644663e-07,0.019509552977979183,1.033062108035665e-05,0.0004894769517704844,catatumbo,SPEAKER_00,31605.667,31606.042,3.0
0.02862533926963806,0.02963840402662754,7.570618265617668e-07,0.04974038526415825,9.298003305957536e-06,0.0011418990325182676,catatumbo,SPEAKER_00,31606.0,31606.375,3.0
0.007475357502698898,0.041209218092262745,7.622374198490434e-07,0.021045319736003876,0.0001096810374292545,0.0005327766411937773,catatumbo,SPEAKER_00,31606.333,31606.708,3.0
0.0024220275226980448,0.154978945851326,4.816176364386138e-07,0.0044122436083853245,3.6960598663426936e-05,0.0011620760196819901,catatumbo,UNICO,31606.667,31607.042,3.0
0.00015263844397850335,0.23883622884750366,4.347202207100054e-07,6.606450369872618e-05,9.459808325118502e-06,0.09591599553823471,catatumbo,SPEAKER_00,31607.0,31607.375,3.0
0.0015005083987489343,0.15778077393770218,2.805439294206735e-07,3.216969525965396e-05,1.6530877473996952e-05,0.12002988904714584,catatumbo,SPEAKER_00,31607.333,31607.708,3.0
0.00034564625821076334,0.2652651369571686,5.494905295222452e-07,0.0011642014724202454,3.459585968812462e-05,0.004473892040550709,catatumbo,SPEAKER_00,31607.667,31608.042,3.0
0.007095105014741421,0.0423822607845068,6.461318804440452e-07,0.08054054901003838,3.525636566337198e-05,0.00042830847087316215,catatumbo,SPEAKER_00,31608.333,31608.708,3.0
0.0001960538065759465,0.3122676759958267,5.883992244548608e-07,0.3826504349708557,1.3595399650512263e-05,0.0022174918558448553,catatumbo,SPEAKER_00,31608.667,31609.042,3.0
0.0036253456491976976,0.06343501806259155,8.751026143727358e-07,0.1491345688700676,2.9518265364458784e-05,0.0007311642984859645,catatumbo,SPEAKER_00,31609.0,31609.375,3.0
0.012550893239676952,0.05934644117951393,6.951705699975719e-07,0.0051088593900203705,0.00020110134937567636,0.0006220120703801513,catatumbo,SPEAKER_00,31609.333,31609.708,3.0
0.016372211277484894,0.04915031045675278,2.7185085116343544e-07,8.086487014224986e-06,1.25570650766349e-06,0.36037731170654297,catatumbo,SPEAKER_00,31609.667,31610.042,3.0
0.00016196348587982357,0.3139076381921768,6.684786129085296e-07,0.016627637203782797,5.320246964402031e-05,0.0004337367136031389,catatumbo,SPEAKER_00,31610.0,31610.375,3.0
0.00018406605522613972,0.3026631027460098,6.327848112164247e-07,0.15613780170679092,4.2569443394313566e-05,0.000394964765291661,catatumbo,SPEAKER_00,31610.333,31610.708,3.0
0.022079966962337494,0.036876384168863297,6.1206514345713e-07,0.005895892390981317,1.7305026176472893e-05,0.0005892565241083503,catatumbo,UNICO,31610.667,31611.042,3.0
0.004212936852127314,0.06622214056551456,6.541213082300601e-07,0.0005787056870758533,7.892539542808663e-06,0.004222220275551081,catatumbo,UNICO,31611.333,31611.708,3.0
0.03266038000583649,0.017381945624947548,2.3303748548642034e-06,0.20612908154726028,0.0018168514943681657,5.6752051023067906e-05,catatumbo,SPEAKER_00,31647.667,31648.042,3.0
0.0003210365539416671,0.28362056612968445,8.945705332052967e-07,0.02381832618266344,0.0007819098245818168,0.00029057887149974704,catatumbo,SPEAKER_00,31648.0,31648.375,3.0
0.0010542208328843117,0.16380228847265244,6.799117358013973e-07,0.0001080584006558638,6.89151966071222e-05,0.010835601948201656,catatumbo,SPEAKER_00,31648.333,31648.708,3.0
0.002381417201831937,0.04861375130712986,8.655212440089599e-07,0.0018805484287440777,5.598862662736792e-05,0.004784213379025459,catatumbo,SPEAKER_00,31648.667,31649.042,3.0
0.001354837091639638,0.15645140781998634,8.79688485611041e-07,0.006953711388632655,8.412721399508882e-05,0.0015444153686985373,catatumbo,SPEAKER_00,31649.0,31649.375,3.0
0.0015606958186253905,0.045493464916944504,3.9351789737906984e-07,0.0034908520756289363,3.2167202334676404e-05,0.0018667599651962519,catatumbo,SPEAKER_00,31649.333,31649.708,3.0
0.0016163922846317291,0.06848900020122528,5.045683622029173e-07,0.0002466436999384314,1.265852370124776e-05,0.012235327623784542,catatumbo,SPEAKER_00,31649.667,31650.042,3.0
0.0010132701136171818,0.0836113728582859,1.2501111683604904e-06,0.037734453566372395,8.725195220904425e-05,0.0003454599645920098,catatumbo,SPEAKER_00,31650.333,31650.708,3.0
0.0006248066201806068,0.10165076330304146,8.941572815501786e-07,0.0005228898662608117,1.1492614021335612e-05,0.017378609627485275,catatumbo,SPEAKER_00,31650.667,31651.042,3.0
0.021297749131917953,0.031584037467837334,1.8214304446928509e-06,0.0050559379160404205,0.0014505083672702312,0.00027448454056866467,catatumbo,SPEAKER_00,31651.0,31651.375,3.0
0.004349449183791876,0.05180230922996998,2.3535291688858706e-06,0.0011195752886123955,0.0006396603130269796,0.0018095452105626464,catatumbo,SPEAKER_00,31651.333,31651.708,3.0
0.05818025395274162,0.015344334300607443,1.0828000327478549e-06,0.0018522698082961142,5.6914677770691924e-05,0.0022629995364695787,catatumbo,SPEAKER_00,31651.667,31652.042,3.0
0.018443701788783073,0.026357081718742847,2.1182418663556746e-06,0.06301753222942352,0.00034235215571243316,0.00013549816503655165,catatumbo,SPEAKER_00,31652.0,31652.375,3.0
0.02625146321952343,0.022560165263712406,1.428070760312039e-06,0.0010861029441002756,7.563124017906375e-05,0.004470734857022762,catatumbo,SPEAKER_00,31652.333,31652.708,3.0
0.013359994627535343,0.027586295269429684,3.0865585074479895e-06,0.02437192155048251,0.00021047206973889843,0.00014629284851253033,catatumbo,SPEAKER_00,31652.667,31653.042,3.0
0.016050580888986588,0.020351087674498558,3.0044720915611833e-06,0.00830489001236856,0.0007188316521933302,0.0004613623896148056,catatumbo,UNICO,31653.333,31653.708,3.0
0.0017311547417193651,0.11768867075443268,1.0259895475428493e-06,0.010104022920131683,0.0001447418653697241,0.0006336781079880893,catatumbo,UNICO,31653.667,31654.042,3.0
0.01045298483222723,0.04683220945298672,7.15477611379356e-07,0.00226822477998212,0.00011122516661998816,0.0025093057192862034,catatumbo,UNICO,31654.0,31654.375,3.0
0.011717204935848713,0.04792330041527748,5.085487657652266e-07,0.00017045881395461038,6.331468966891407e-06,0.03477504104375839,catatumbo,SPEAKER_00,31654.333,31654.708,3.0
0.005856761243194342,0.04590291157364845,2.3923676337744837e-06,0.20560358092188835,0.0002076467644656077,0.00015692533634137362,catatumbo,SPEAKER_00,31654.667,31655.042,3.0
0.015084808692336082,0.04790688864886761,1.2606159032202413e-06,0.16713141649961472,0.00022585703118238598,0.0003964062489103526,catatumbo,SPEAKER_00,31655.0,31655.375,3.0
0.023387949913740158,0.09373746067285538,9.000925658142478e-07,0.05432586371898651,6.715927702316549e-05,0.0005331177962943912,catatumbo,SPEAKER_00,31655.333,31655.708,3.0
0.0038249618373811245,0.10689333453774452,4.412726966052105e-07,0.07807250693440437,2.6078682822117116e-06,0.0011544657172635198,catatumbo,SPEAKER_00,31655.667,31656.042,3.0
0.004700651858001947,0.1068025752902031,1.0868815678577448e-06,0.24918802827596664,1.865100784925744e-05,0.0007382259937003255,catatumbo,SPEAKER_00,31656.333,31656.708,3.0
0.0163759533315897,0.05533718876540661,7.267537185384754e-07,0.04122140258550644,9.51936272031162e-06,0.0008513221982866526,catatumbo,SPEAKER_00,31656.667,31657.042,3.0
0.0014003528049215674,0.18332460522651672,8.514992941854871e-07,0.001503760984633118,9.82438177743461e-05,0.0009275515330955386,catatumbo,SPEAKER_00,31657.0,31657.375,3.0
0.02894647791981697,0.083157729357481,8.102289257294615e-07,0.01572317909449339,3.6228747376299e-05,0.0005598952993750572,catatumbo,SPEAKER_00,31657.333,31657.708,3.0
0.03397662937641144,0.05936245620250702,4.540129978636287e-07,0.07844545878469944,3.0449000405496918e-06,0.0005406697746366262,catatumbo,SPEAKER_00,31657.667,31658.042,3.0
0.03194277733564377,0.028665893711149693,1.1767794489969674e-06,0.001366038981359452,0.00031189054425340146,0.0008025867282412946,catatumbo,SPEAKER_00,31658.0,31658.375,3.0
0.0005461804685182869,0.30373334884643555,4.992791318159107e-07,0.0001596642869117204,2.3505056674366642e-06,0.03428646922111511,catatumbo,SPEAKER_00,31658.333,31658.708,3.0
0.0035604648292064667,0.04474020283669233,2.5033593544776522e-06,0.12496055662631989,0.0018538142321631312,6.258259963942692e-05,catatumbo,SPEAKER_00,31658.667,31659.042,3.0
0.03876782953739166,0.02567538246512413,2.7047432027416107e-07,8.192308087018318e-06,5.338039876789935e-08,0.878497302532196,catatumbo,SPEAKER_00,31659.333,31659.708,3.0
0.0012053289683535695,0.15390516072511673,1.773619402456461e-06,0.18568259477615356,0.00034760528069455177,0.00010773042595246807,catatumbo,SPEAKER_00,31659.667,31660.042,3.0
0.0016332624945789576,0.14259247481822968,5.639499036647067e-07,0.0003699992594192736,4.9996304369415157e-05,0.004628055263310671,catatumbo,SPEAKER_00,31660.0,31660.375,3.0
0.006701908074319363,0.08904227241873741,6.904975577981531e-07,0.0003416625258978456,9.759813838172704e-05,0.0025841386523097754,catatumbo,SPEAKER_00,31660.333,31660.708,3.0
0.02661050856113434,0.07791400328278542,4.817478895802196e-07,0.006323125911876559,0.0002153252571588382,0.000365421554306522,catatumbo,SPEAKER_00,31660.667,31661.042,3.0
0.21801307797431946,0.011990679427981377,2.5076298015846987e-07,2.250620127597358e-05,0.0001044268392433878,0.017740817740559578,catatumbo,SPEAKER_00,31661.0,31661.375,3.0
0.1761201173067093,0.01662591239437461,4.7044194673162565e-07,0.00034564836823847145,0.0004273434169590473,0.0019348419737070799,catatumbo,SPEAKER_00,31661.333,31661.708,3.0
0.045479364693164825,0.05863058101385832,4.5615621502292925e-07,0.001994452904909849,0.00022540790814673528,0.000740685616619885,catatumbo,SPEAKER_00,31661.667,31662.042,3.0
0.13285964727401733,0.019036438781768084,7.331634890306304e-07,0.0004799073649337515,0.0001417112616763916,0.0029365122318267822,catatumbo,SPEAKER_00,31662.333,31662.708,3.0
0.0013682687422260642,0.18781036883592606,2.908138014845463e-07,0.00017592036601854488,2.66315237240633e-05,0.015526182018220425,catatumbo,SPEAKER_00,31662.667,31663.042,3.0
0.007001378107815981,0.11210112646222115,2.482151657545728e-07,7.2570778684166726e-06,4.987456634353293e-07,0.35362541675567627,catatumbo,SPEAKER_00,31663.0,31663.375,3.0
0.0023580873385071754,0.11728350818157196,6.284563340841487e-07,0.003521395265124738,1.3791030596621567e-05,0.004091443028301001,catatumbo,SPEAKER_00,31663.333,31663.708,3.0
0.01098806131631136,0.08558082953095436,9.482403555693963e-07,0.0004371507093310356,3.204024142178241e-05,0.005773324053734541,catatumbo,SPEAKER_00,31663.667,31664.042,3.0
0.0003554286086000502,0.2912425100803375,5.894551229346234e-07,0.008928411407396197,0.00015612867719028145,0.0012386627495288849,catatumbo,SPEAKER_00,31664.0,31664.375,3.0
5.933950887992978e-05,0.4804343581199646,4.928645509494345e-07,0.05026736110448837,0.0001733954341034405,0.0004771578824147582,catatumbo,SPEAKER_00,31664.333,31664.708,3.0
0.00019759117276407778,0.3322552591562271,6.505623701968943e-07,0.0033025152515619993,0.00016289497580146417,0.0003702018002513796,catatumbo,UNICO,31664.667,31665.042,3.0
0.0022072037681937218,0.08506263419985771,2.607350069183667e-07,0.0010802351462189108,7.117663881217595e-05,0.001814303919672966,catatumbo,UNICO,31665.333,31665.708,3.0
0.00036715983878821135,0.25110331177711487,3.2726043386333004e-07,0.0010493857262190431,2.0707740532088792e-05,0.0031030422542244196,catatumbo,UNICO,31665.667,31666.042,3.0
0.0004326446505729109,0.3068478852510452,5.166450804949818e-07,0.10862022265791893,7.038119110802654e-05,0.0009759049280546606,catatumbo,SPEAKER_00,31666.0,31666.375,3.0
0.0009942500619217753,0.18202488869428635,5.619513672172616e-07,0.001511053298600018,7.568955334136263e-05,0.0009058499126695096,catatumbo,SPEAKER_00,31666.333,31666.708,3.0
0.0001253223599633202,0.4690399616956711,4.027721907107207e-07,0.06324107572436333,1.1738145985873416e-05,0.0012251939624547958,catatumbo,SPEAKER_00,31666.667,31667.042,3.0
0.0006284996634349227,0.28716759383678436,5.123582766941581e-07,0.0005190864758333191,3.445705351623474e-05,0.0043281675316393375,catatumbo,SPEAKER_00,31667.0,31667.375,3.0
0.0006969320238567889,0.17204394191503525,6.579742475310013e-07,0.0003745415306184441,0.0001849471555033233,0.002678261138498783,catatumbo,SPEAKER_00,31667.333,31667.708,3.0
0.0006542549817822874,0.20533490180969238,4.238086077634762e-07,0.23905129730701447,4.936148570777732e-06,0.0013306887121871114,catatumbo,SPEAKER_00,31667.667,31668.042,3.0
0.00013139979273546487,0.38148120045661926,4.835501741240478e-07,0.35483410954475403,4.6257739086286165e-05,0.001296119182370603,catatumbo,SPEAKER_00,31668.333,31668.708,3.0
0.0006135681178420782,0.22734232246875763,5.926565478375778e-07,0.42207273840904236,1.0689366717997473e-05,0.0014662209432572126,catatumbo,SPEAKER_00,31668.667,31669.042,3.0
0.001323218923062086,0.10513012111186981,8.063499876698188e-07,0.4546608030796051,1.3086095805192599e-05,0.0009737663203850389,catatumbo,SPEAKER_00,31669.0,31669.375,3.0
0.00025176609051413834,0.299551323056221,4.6620811389175287e-07,8.123440784402192e-05,2.588641564216232e-05,0.018617257475852966,catatumbo,SPEAKER_00,31669.333,31669.708,3.0
0.0005814035539515316,0.15166202187538147,5.361999626529723e-07,0.3464605510234833,1.8511266716814134e-05,0.002257820451632142,catatumbo,SPEAKER_00,31669.667,31670.042,3.0
0.00033114603138528764,0.23396020382642746,6.139781447700443e-07,0.29015977680683136,2.304412191733718e-06,0.0025478859897702932,catatumbo,SPEAKER_00,31670.0,31670.375,3.0
0.0021199469920247793,0.04723176173865795,1.0270095387454603e-06,0.1540055051445961,3.280380678916117e-05,0.00032479551737196743,catatumbo,SPEAKER_00,31670.333,31670.708,3.0
0.0065471939742565155,0.06629614159464836,1.4483969579259792e-06,0.28475096076726913,7.81424773776962e-06,0.0003254612965974957,catatumbo,SPEAKER_00,31670.667,31671.042,3.0
0.0009116499568335712,0.23532742261886597,5.343769373666873e-07,0.5696208477020264,3.8471780499094166e-05,0.0030717304907739162,catatumbo,SPEAKER_00,31671.333,31671.708,3.0
0.00019337760750204325,0.4002895802259445,4.167102645169507e-07,0.04407904110848904,1.8164663742936682e-05,0.0014188409550115466,catatumbo,SPEAKER_00,31671.667,31672.042,3.0
0.001953086000867188,0.10522088408470154,2.976356512363054e-07,0.44330501556396484,5.787012469227193e-06,0.005725029855966568,catatumbo,SPEAKER_00,31672.0,31672.375,3.0
0.016051137819886208,0.05510092340409756,7.059909705731116e-07,0.3218894749879837,2.5603344511182513e-05,0.000255677878158167,catatumbo,SPEAKER_00,31672.333,31672.708,3.0
0.0033244402147829533,0.10174059867858887,1.024191789156248e-06,0.4608832597732544,5.865466300747357e-05,0.0008444255217909813,catatumbo,SPEAKER_00,31672.667,31673.042,3.0
0.022019101306796074,0.0541828665882349,4.1161077035667404e-07,0.011958043556660414,7.809160342731047e-05,0.0002603775355964899,catatumbo,SPEAKER_00,31673.0,31673.375,3.0
0.0009293596958741546,0.12457816302776337,1.576533819047654e-07,6.2653130044054706e-06,2.1948088715362246e-06,0.3374449908733368,catatumbo,SPEAKER_00,31673.333,31673.708,3.0
0.0008851186721585691,0.08302352391183376,5.301568499760378e-07,0.03098358679562807,4.949514186591841e-05,0.00024543149629607797,catatumbo,SPEAKER_00,31673.667,31674.042,3.0
0.00025513945729471743,0.3208591043949127,3.1168801939429613e-07,0.006451808148995042,1.729429823171813e-05,0.0013179891975596547,catatumbo,SPEAKER_00,31674.333,31674.708,3.0
0.0002644939231686294,0.3260302096605301,2.007169257467467e-07,0.00025272005586884916,2.1043106812612677e-06,0.02298886328935623,catatumbo,UNICO,31674.667,31675.042,3.0
0.0060762520879507065,0.09194353595376015,4.37145807552497e-07,0.00034976459573954344,2.3949445676407777e-05,0.0037423009052872658,catatumbo,SPEAKER_00,31675.0,31675.375,3.0
0.006746347527951002,0.12494132295250893,3.6484812682147094e-07,3.678150460473262e-05,8.725827001399011e-06,0.023217597976326942,catatumbo,SPEAKER_00,31675.333,31675.708,3.0
0.021062618121504784,0.06365813314914703,3.9755844483124747e-07,0.0005371863371692598,9.507378536000033e-06,0.004173861816525459,catatumbo,SPEAKER_00,31675.667,31676.042,3.0
0.00715990737080574,0.1434050053358078,5.037237116312099e-07,0.00039510369970230386,1.7485625903645996e-05,0.01043965108692646,catatumbo,SPEAKER_00,31676.0,31676.375,3.0
0.0013833768898621202,0.15867073833942413,1.2796475061804813e-06,0.04778775479644537,7.329075378947891e-05,0.0014415172627195716,catatumbo,SPEAKER_00,31676.333,31676.708,3.0
0.0009998608147725463,0.11521872505545616,9.386574220116017e-07,0.14269360527396202,4.3776595703093335e-05,0.0006505958153866231,catatumbo,SPEAKER_00,31676.667,31677.042,3.0
0.0007995942723937333,0.10969438776373863,7.387998977037569e-07,0.002289788768393919,5.4409885706263594e-05,0.0031072485726326704,catatumbo,SPEAKER_00,31677.333,31677.708,3.0
6.0215148550923914e-05,0.410555362701416,5.933839872795943e-07,0.04431816842406988,2.217919518443523e-05,0.006949950009584427,catatumbo,SPEAKER_00,31677.667,31678.042,3.0
0.00010743671737145633,0.32626964151859283,3.348564696636913e-07,0.006952236872166395,3.008370185852982e-05,0.0026609457563608885,catatumbo,SPEAKER_00,31678.0,31678.375,3.0
0.0005216957069933414,0.09971533343195915,7.022274672863205e-07,0.0008959055703599006,0.00014601672592107207,0.0016065433155745268,catatumbo,UNICO,31678.333,31678.708,3.0
0.0015108537627384067,0.1191161721944809,8.133308284641316e-07,0.0031085836235433817,0.00010276950342813507,0.000857493665535003,catatumbo,UNICO,31678.667,31679.042,3.0
0.003549630055204034,0.08010057173669338,7.775700225920446e-07,0.015396798495203257,4.746574086311739e-05,0.000596206693444401,catatumbo,UNICO,31679.0,31679.375,3.0
0.0052927774377167225,0.11250991374254227,6.099657809954806e-07,0.10699126869440079,1.700747998256702e-05,0.0003301829274278134,catatumbo,SPEAKER_00,31679.333,31679.708,3.0
0.006515122018754482,0.07269535958766937,5.449987128258726e-07,0.0004876172461081296,2.0318092310844804e-06,0.0330573208630085,catatumbo,SPEAKER_00,31679.667,31680.042,3.0
0.0008630884112790227,0.09227410517632961,1.0574588884537661e-06,0.26868603378534317,8.524751319782808e-05,0.0017052466282621026,catatumbo,SPEAKER_00,31680.333,31680.708,3.0
0.0027027749456465244,0.10403912514448166,4.381801232966609e-07,0.00764268753118813,4.846009505854454e-05,0.0072273556143045425,catatumbo,SPEAKER_00,31680.667,31681.042,3.0
0.00046502702753059566,0.25298455357551575,9.271247876085909e-07,0.0039031533524394035,0.0003494871489237994,0.0009798990795388818,catatumbo,SPEAKER_00,31681.0,31681.375,3.0
0.001133076730184257,0.13314248621463776,1.0208754304130707e-06,0.006216630572453141,0.00019239255198044702,0.0007524818065576255,catatumbo,UNICO,31681.333,31681.708,3.0
0.006376811768859625,0.07734589651226997,6.807460835034362e-07,0.0007834287825971842,0.0003318939416203648,0.0012013985542580485,catatumbo,UNICO,31681.667,31682.042,3.0
0.0006237999186851084,0.2038128301501274,3.2100652092026394e-07,0.0008949213661253452,7.2025777626549825e-06,0.014423776417970657,catatumbo,UNICO,31682.0,31682.375,3.0
0.0014714753488078713,0.14337073639035225,2.4152589617187914e-07,0.0016598528600297868,1.030439170790487e-05,0.003404258517548442,catatumbo,UNICO,31682.333,31682.708,3.0
0.00666931364685297,0.0666729100048542,2.428599756854055e-07,6.911316813784651e-05,3.2662372291270003e-06,0.033262599259614944,catatumbo,SPEAKER_00,31682.667,31683.042,3.0
0.0012962903128936887,0.12735122814774513,2.6592396196178925e-07,1.2835867437388515e-05,7.068671720844577e-06,0.08919721096754074,catatumbo,SPEAKER_00,31683.333,31683.708,3.0
0.00033130013616755605,0.3775687515735626,4.0417744173737447e-07,0.20028380304574966,2.6045420781883877e-05,0.002374255796894431,catatumbo,SPEAKER_00,31683.667,31684.042,3.0
0.0032395506277680397,0.1351403445005417,1.0520914344169796e-06,0.03587636910378933,0.0009863280574791133,4.1378705645911396e-05,catatumbo,SPEAKER_00,31684.0,31684.375,3.0
0.00020789916743524373,0.4485359787940979,4.7094253829982335e-07,0.014594363048672676,1.941021901075146e-05,0.0013961116783320904,catatumbo,SPEAKER_00,31684.333,31684.708,3.0
0.025301620364189148,0.018583948258310556,3.8595317164435983e-07,0.00032467101118527353,4.0699501369090285e-05,0.0042119100689888,catatumbo,SPEAKER_00,31684.667,31685.042,3.0
0.2523849606513977,0.0054932693019509315,2.8147603359229834e-07,6.861069414298981e-05,1.539938466521562e-06,0.08610448986291885,catatumbo,SPEAKER_00,31685.0,31685.375,3.0
0.0005174633115530014,0.1758725568652153,3.297068076335563e-07,0.10194068029522896,1.5789602002769243e-05,0.0006593816797249019,catatumbo,SPEAKER_00,31685.333,31685.708,3.0
3.829884371953085e-05,0.5605613887310028,2.1619528567384805e-07,0.028525358997285366,7.499495768570341e-05,0.00028263000422157347,catatumbo,SPEAKER_00,31685.667,31686.042,3.0
0.0009511127136647701,0.15253707021474838,5.528943098909167e-07,0.03304082900285721,2.265885177621385e-05,0.0014091675402596593,catatumbo,UNICO,31686.333,31686.708,3.0
0.0019215233623981476,0.11642449349164963,6.643486329949155e-07,0.29354148358106613,6.938635806363891e-06,0.001893749344162643,catatumbo,SPEAKER_00,31686.667,31687.042,3.0
0.0019278647378087044,0.1376609168946743,8.844959538123476e-07,0.09693929180502892,0.00011536726378835738,0.00020944589050486684,catatumbo,SPEAKER_00,31687.0,31687.375,3.0
0.0025881959591060877,0.10231587663292885,8.064563701282168e-07,0.013027873821556568,0.0003485547931632027,0.00012647252879105508,catatumbo,SPEAKER_00,31687.333,31687.708,3.0
0.0006475710542872548,0.16456535458564758,3.3420616674106896e-07,0.004134182585403323,5.365252036426682e-06,0.0023230616934597492,catatumbo,SPEAKER_00,31687.667,31688.042,3.0
0.00025176152121275663,0.3959910124540329,6.060918202877019e-07,0.0006084830092731863,3.179875693604117e-05,0.0037711632903665304,catatumbo,SPEAKER_00,31688.0,31688.375,3.0
0.0005640991148538888,0.2596868872642517,4.5759102462739065e-07,0.0002521271599107422,2.4402163944614585e-05,0.01494721882045269,catatumbo,SPEAKER_00,31688.333,31688.708,3.0
0.0014570278581231833,0.14967035502195358,8.407431408841148e-07,0.002784963697195053,8.348473966179881e-05,0.0005978491390123963,catatumbo,SPEAKER_00,31688.667,31689.042,3.0
0.046914223581552505,0.04744825791567564,6.663001741458174e-07,0.015529945492744446,9.818383432502742e-06,0.0006087944493629038,catatumbo,SPEAKER_00,31689.333,31689.708,3.0
0.004261028487235308,0.06307640485465527,2.6980802658727043e-07,0.00012743728439090773,4.325495524426515e-06,0.044784728437662125,catatumbo,SPEAKER_00,31689.667,31690.042,3.0
0.00039941444993019104,0.17859679460525513,5.552549424692188e-07,0.29717007279396057,2.0208663954690564e-05,0.0005696589360013604,catatumbo,SPEAKER_00,31690.0,31690.375,3.0
0.0005809789872728288,0.28362976014614105,4.844247314395034e-07,0.0346572482958436,0.00022619745141128078,0.0001566436985740438,catatumbo,SPEAKER_00,31690.333,31690.708,3.0
0.00010086731344927102,0.5157261788845062,1.209760522868919e-07,0.004713948583230376,2.969668639707379e-05,0.0024585030041635036,catatumbo,UNICO,31690.667,31691.042,3.0
0.0015423366567119956,0.06882262416183949,3.4509717039554744e-07,0.0027898262487724423,1.467792026232928e-05,0.0020761480554938316,catatumbo,UNICO,31691.0,31691.375,3.0
0.0652816966176033,0.025463436730206013,3.746303463003642e-07,0.025516100227832794,0.0002764016971923411,0.0001284465251956135,catatumbo,SPEAKER_00,31691.333,31691.708,3.0
0.03937136009335518,0.04317225981503725,3.937832246947437e-07,0.2587426155805588,8.535521828889614e-06,0.00019005163630936295,catatumbo,SPEAKER_00,31691.667,31692.042,3.0
0.0004371826653368771,0.29795052111148834,2.7178952777262566e-07,0.07894217222929001,2.2761276341043413e-05,0.000612397852819413,catatumbo,SPEAKER_00,31692.333,31692.708,3.0
0.004703438840806484,0.15618444979190826,2.4212515725707817e-07,0.000247807583946269,1.3286486137076281e-05,0.02501140721142292,catatumbo,SPEAKER_00,31692.667,31693.042,3.0
0.00024554572883062065,0.36887672543525696,1.2584478170651892e-07,0.09552160277962685,9.267527047995827e-06,0.0026686459314078093,catatumbo,SPEAKER_00,31693.0,31693.375,3.0
8.91603049240075e-05,0.43684622645378113,5.6186010510828055e-08,0.00035787789965979755,2.3709705601504538e-05,0.0256695207208395,catatumbo,SPEAKER_00,31693.333,31693.708,3.0
0.0002295229205628857,0.260998971760273,2.7222218434985734e-07,0.1050586961209774,1.7143746845249552e-05,0.0014335300074890256,catatumbo,SPEAKER_00,31693.667,31694.042,3.0
0.000183306256076321,0.3058498352766037,1.9286873609303257e-07,9.052768655237742e-05,5.072876547274063e-06,0.031428322196006775,catatumbo,SPEAKER_00,31694.0,31694.375,3.0
0.0001904264063341543,0.24463659524917603,3.041586715823996e-07,0.06930979527533054,1.160530382549041e-05,0.0012274108594283462,catatumbo,SPEAKER_00,31694.333,31694.708,3.0
0.000669739383738488,0.26873719692230225,1.9897183634043358e-07,2.2842710677650757e-05,4.397062866701162e-06,0.07574984431266785,catatumbo,SPEAKER_00,31694.667,31695.042,3.0
3.735037535079755e-05,0.6113499402999878,2.4634439554915843e-07,0.045474011451005936,2.6742233785626013e-05,0.0004305121547076851,catatumbo,SPEAKER_00,31695.333,31695.708,3.0
0.00071985978865996,0.26364608108997345,3.838355908669655e-07,0.001970526995137334,0.00013336279516806826,0.0010824801865965128,catatumbo,SPEAKER_00,31695.667,31696.042,3.0
0.00046052952529862523,0.31740154325962067,1.8391166989317753e-07,0.0001546823732496705,4.735869879368693e-06,0.016108578070998192,catatumbo,SPEAKER_00,31696.0,31696.375,3.0
0.10881482809782028,0.027435085736215115,3.261923566810765e-07,0.002233358914963901,1.162776840146762e-06,0.0036337675992399454,catatumbo,SPEAKER_00,31696.333,31696.708,3.0
0.008109972812235355,0.07609065808355808,4.002545921366618e-07,9.633716035750695e-05,7.0533699272345984e-06,0.036455556750297546,catatumbo,SPEAKER_00,31696.667,31697.042,3.0
0.00010157529322896153,0.45896412432193756,2.1665881178023483e-07,0.3302645832300186,4.622450433089398e-06,0.00392363965511322,catatumbo,SPEAKER_00,31697.0,31697.375,3.0
6.68171196593903e-05,0.5846551358699799,8.001997287010454e-08,0.0009447213669773191,2.1898845261603128e-05,0.006368614267557859,catatumbo,SPEAKER_00,31697.333,31697.708,3.0
0.0008744355873204768,0.15719133615493774,1.748577886928615e-07,0.0001584851779625751,1.033814123729826e-05,0.023733962327241898,catatumbo,SPEAKER_00,31697.667,31698.042,3.0
0.45178964734077454,0.0017802368383854628,2.6039479905648477e-07,0.00010428328096168116,0.0001909977218019776,0.0071679214015603065,catatumbo,SPEAKER_00,31698.333,31698.708,3.0
0.4323257505893707,0.003234236384741962,5.069124711098993e-07,1.8820877812686376e-05,9.601603596820496e-05,0.04367063567042351,catatumbo,SPEAKER_00,31698.667,31699.042,3.0
0.43151915073394775,0.008789919316768646,2.338279969649193e-07,1.0070245934912236e-05,3.5381634688747e-06,0.16689708828926086,catatumbo,SPEAKER_00,31699.0,31699.375,3.0
0.23893797397613525,0.015658495482057333,3.150646250560385e-07,1.7127665159932803e-05,7.372018671958358e-06,0.06737793236970901,catatumbo,SPEAKER_00,31699.333,31699.708,3.0
0.5328793525695801,0.004135770839639008,3.176412946004348e-07,0.0005129772325744852,1.0394118362455629e-05,0.004579207859933376,catatumbo,SPEAKER_00,31699.667,31700.042,3.0
0.11750052124261856,0.027961605228483677,1.716764614911881e-07,3.4113649007849745e-06,4.655044527623886e-08,0.7722228765487671,catatumbo,SPEAKER_00,31700.0,31700.375,3.0
0.25818994641304016,0.016603863798081875,3.3980371938469034e-07,0.0001154312449216377,6.867863703519106e-05,0.008290187455713749,catatumbo,SPEAKER_00,31700.333,31700.708,3.0
0.2521166205406189,0.00954527873545885,2.743818754424865e-07,0.0003802645078394562,1.7576835034560645e-05,0.004123997874557972,catatumbo,SPEAKER_00,31700.667,31701.042,3.0
0.2229708731174469,0.008719965349882841,7.438033549078682e-07,0.005721685476601124,0.00011891879694303498,0.0002858099469449371,catatumbo,SPEAKER_00,31701.333,31701.708,3.0
0.28760281205177307,0.011296669021248817,6.203534752557971e-07,0.008515842258930206,1.742231006574002e-05,0.0005574761307798326,catatumbo,SPEAKER_00,31701.667,31702.042,3.0
0.2879263460636139,0.008175896015018225,2.7039356353952826e-07,9.645700856708572e-06,2.1577495772362454e-06,0.13540321588516235,catatumbo,SPEAKER_00,31702.0,31702.375,3.0
0.10212461650371552,0.03490580804646015,3.473696637001922e-07,0.00040939760219771415,9.055400369106792e-06,0.006676804274320602,catatumbo,SPEAKER_00,31702.333,31702.708,3.0
0.02420169860124588,0.055715322494506836,3.784367450521131e-07,0.0005605643236776814,1.929479049067595e-05,0.0034553338773548603,catatumbo,SPEAKER_00,31702.667,31703.042,3.0
0.0873345136642456,0.05559789389371872,3.612017707155246e-07,0.0004282726440578699,1.1841673540402553e-05,0.005046505946666002,catatumbo,SPEAKER_00,31703.0,31703.375,3.0
0.03663157299160957,0.11578038334846497,1.595562082457036e-07,2.2313635781756602e-05,3.286704270522023e-06,0.14893615245819092,catatumbo,SPEAKER_00,31703.333,31703.708,3.0
0.032197482883930206,0.045219285413622856,5.585717843814564e-07,0.0010659400140866637,8.150353824021295e-05,0.0018256268231198192,catatumbo,SPEAKER_00,31703.667,31704.042,3.0
0.001467596972361207,0.22537127137184143,2.2623497386575764e-07,0.03814608044922352,2.1160620235605165e-05,0.0005410373560152948,catatumbo,SPEAKER_00,31704.333,31704.708,3.0
0.0050119198858737946,0.12986481562256813,6.968431023324229e-07,0.22876765578985214,7.0431186031783e-05,0.0012165936641395092,catatumbo,SPEAKER_00,31704.667,31705.042,3.0
0.003229054156690836,0.09153801575303078,3.1526378663215837e-07,0.00027490640786709264,9.989022146328352e-06,0.007549684029072523,catatumbo,SPEAKER_00,31705.0,31705.375,3.0
0.1489434540271759,0.010678012855350971,3.110429886987731e-07,3.593531437218189e-05,7.326038939936552e-07,0.09988031536340714,catatumbo,SPEAKER_00,31705.333,31705.708,3.0
0.45918959379196167,0.00287487986497581,6.816247548613319e-07,0.002204194141086191,2.3164609501691302e-05,0.0012217684416100383,catatumbo,SPEAKER_00,31705.667,31706.042,3.0
0.08887393027544022,0.03118280228227377,2.957744733578238e-07,6.103389932832215e-05,3.5390872881180258e-06,0.0727585032582283,catatumbo,SPEAKER_00,31706.0,31706.375,3.0
0.06414975225925446,0.050436899065971375,2.6863218138828415e-07,5.58774518140126e-05,1.8519279478823591e-06,0.08443991839885712,catatumbo,SPEAKER_00,31706.333,31706.708,3.0
0.005165339447557926,0.042016008868813515,7.025971200391723e-07,0.00022778021229896694,8.701675687916577e-05,0.008019523695111275,catatumbo,SPEAKER_00,31706.667,31707.042,3.0
0.00018915983673650771,0.4521389603614807,3.9023289488682167e-07,0.02516141999512911,0.00021631480922224,0.0004163773846812546,catatumbo,UNICO,31707.333,31707.708,3.0
0.0007531769806519151,0.27314719557762146,2.193319126320148e-07,0.0017586098401807249,4.409046050568577e-05,0.002225252566859126,catatumbo,UNICO,31707.667,31708.042,3.0
0.0021652427967637777,0.15350648015737534,3.248844713255039e-07,0.0006436932308133692,9.670375220593996e-05,0.002273622900247574,catatumbo,UNICO,31708.0,31708.375,3.0
0.0013005926739424467,0.21586519479751587,2.3795453252262178e-07,0.0009315888164564967,2.2694877770845778e-05,0.004783595912158489,catatumbo,UNICO,31708.333,31708.708,3.0
0.004192905966192484,0.13526755943894386,3.395444068132747e-07,0.00020871138258371502,1.1520290172484238e-05,0.012202614918351173,catatumbo,UNICO,31708.667,31709.042,3.0
0.0014170111389830709,0.18913870304822922,6.006566195537744e-07,0.00016258625691989437,1.523529454061645e-05,0.01442799810320139,catatumbo,SPEAKER_00,31709.0,31709.375,3.0
9.740598034113646e-05,0.19375799596309662,9.504834963536268e-08,0.0005924498691456392,5.304879596224055e-05,0.007474978920072317,catatumbo,SPEAKER_00,31709.333,31709.708,3.0
0.0007075455505400896,0.10300855711102486,5.530176139245668e-07,0.4772343039512634,1.5865883142396342e-05,0.0014558343682438135,catatumbo,SPEAKER_00,31709.667,31710.042,3.0
0.001259898766875267,0.2389163374900818,1.2179441455373308e-07,0.06328154727816582,1.1438046385592315e-05,0.0023241464514285326,catatumbo,SPEAKER_00,31710.333,31710.708,3.0
0.0011952475178986788,0.19979967921972275,9.701431480380052e-08,0.003024517325684428,0.00010133912655874155,0.0021743744146078825,catatumbo,SPEAKER_00,31710.667,31711.042,3.0
0.026154883205890656,0.01643102942034602,1.1101228558629828e-07,1.8108858057530597e-05,2.714246747359539e-07,0.2724398374557495,catatumbo,SPEAKER_00,31711.0,31711.375,3.0
0.000125778722576797,0.35611532628536224,2.0828498392688743e-07,0.02009697537869215,5.8932047977577895e-05,0.0014318396570160985,catatumbo,SPEAKER_00,31711.333,31711.708,3.0
0.00015340039681177586,0.2925284877419472,1.1310382497242699e-07,0.00207083229906857,3.04273944493616e-05,0.007017049938440323,catatumbo,UNICO,31711.667,31712.042,3.0
0.00014204545004758984,0.344661608338356,1.3201877280266672e-07,0.0007059609342832118,4.7993784392019734e-05,0.009542153216898441,catatumbo,UNICO,31712.0,31712.375,3.0
7.249700865941122e-05,0.3970976024866104,3.4662299341903235e-07,0.0018273535533808172,0.000122485314932419,0.0013023641658946872,catatumbo,UNICO,31712.333,31712.708,3.0
5.5025586334522814e-05,0.4590119272470474,3.2436828689696995e-07,0.0030825427966192365,6.530257633130532e-05,0.0007353569380939007,catatumbo,SPEAKER_00,31712.667,31713.042,3.0
0.0020856657065451145,0.16323544830083847,4.1999131639158804e-07,0.1055406965315342,1.789151065167971e-05,0.0004882076464127749,catatumbo,SPEAKER_00,31713.333,31713.708,3.0
0.09877365082502365,0.013664377853274345,6.626690591815532e-07,0.09975036233663559,5.518150601346861e-06,0.000788083067163825,catatumbo,SPEAKER_00,31713.667,31714.042,3.0
0.0006372547359205782,0.16597522795200348,3.1084885421250874e-07,0.2882463112473488,3.284540798631497e-05,0.003443026915192604,catatumbo,SPEAKER_00,31714.0,31714.375,3.0
0.000278611812973395,0.3200642019510269,2.845921471816837e-07,2.736246585754998e-06,1.8910226344814873e-06,0.57758629322052,catatumbo,SPEAKER_00,31714.333,31714.708,3.0
0.0004695407988037914,0.20475276559591293,5.902896660359147e-07,0.026379012502729893,7.351404565270059e-05,0.0003034174151252955,catatumbo,SPEAKER_00,31745.333,31745.708,3.0
0.00032568571623414755,0.31297969818115234,3.8859276330072134e-07,0.1123705767095089,4.283581120034796e-06,0.0012145499931648374,catatumbo,SPEAKER_00,31745.667,31746.042,3.0
0.0006757942028343678,0.14361277595162392,1.0565042103394262e-06,0.0008470177708659321,3.457218463154277e-05,0.006123718805611134,catatumbo,SPEAKER_00,31746.333,31746.708,3.0
0.0004541827365756035,0.19455672800540924,7.811428446302671e-07,0.07888657972216606,1.812474238249706e-05,0.0010099929058924317,catatumbo,SPEAKER_00,31746.667,31747.042,3.0
0.00041486244299449027,0.25440187752246857,6.25248851804372e-07,0.034409377723932266,1.4623146853409708e-05,0.0007505756802856922,catatumbo,SPEAKER_00,31747.0,31747.375,3.0
0.0005734633305110037,0.131794273853302,3.000077022363712e-07,1.5034922398626804e-05,9.011410213588533e-07,0.4014109671115875,catatumbo,SPEAKER_00,31747.333,31747.708,3.0
0.002377052791416645,0.11260699480772018,3.3217904160665057e-07,0.002682032180018723,7.413837010972202e-06,0.004929814953356981,catatumbo,SPEAKER_00,31747.667,31748.042,3.0
0.42381551861763,0.002552935970015824,1.6725479667911713e-07,2.3156989300332498e-05,2.4222108763183314e-07,0.5152798891067505,catatumbo,SPEAKER_00,31748.0,31748.375,3.0
0.013976349495351315,0.03146521653980017,2.3339990562476487e-07,2.4110102003760403e-06,1.5486694593391803e-07,0.6302832365036011,catatumbo,SPEAKER_00,31748.333,31748.708,3.0
0.00016362314636353403,0.197133406996727,4.176797290256218e-07,0.027189687825739384,4.833770617551636e-05,0.0003296881332062185,catatumbo,SPEAKER_00,31748.667,31749.042,3.0
0.00031078586471267045,0.19188981503248215,6.596079558107704e-07,0.005692805163562298,5.5400429118890315e-05,0.0005002159741707146,catatumbo,SPEAKER_00,31749.333,31749.708,3.0
0.0014260991010814905,0.08974102512001991,5.931525492997025e-07,0.2106575146317482,1.56600749505742e-05,0.0022816676646471024,catatumbo,SPEAKER_00,31749.667,31750.042,3.0
0.0007166102295741439,0.12808501347899437,6.331602193654362e-07,0.005916413385421038,1.173589635072858e-05,0.002813030034303665,catatumbo,SPEAKER_00,31750.0,31750.375,3.0
0.0008174399845302105,0.13996228575706482,3.987147216832909e-07,0.1549874097108841,1.3796128314425005e-05,0.001430289470590651,catatumbo,SPEAKER_00,31750.333,31750.708,3.0
0.010346904397010803,0.03091603796929121,8.343768911345251e-07,0.42855028808116913,1.938318382599391e-05,0.0023892042227089405,catatumbo,SPEAKER_00,31750.667,31751.042,3.0
0.03666415438055992,0.040388789027929306,1.4207175880187606e-07,4.2319550175307086e-06,8.263043014267168e-07,0.490473210811615,catatumbo,SPEAKER_00,31751.0,31751.375,3.0
0.03564778342843056,0.05498648900538683,2.3879290722561564e-07,0.001414598838891834,2.4219555143645266e-05,0.001905652228742838,catatumbo,SPEAKER_00,31751.333,31751.708,3.0
0.051272910088300705,0.04350548796355724,4.7226527044585964e-07,5.8509907830739394e-05,0.00025177056522807106,0.007486644666641951,catatumbo,SPEAKER_00,31751.667,31752.042,3.0
0.0008050029282458127,0.1886424645781517,1.0332300561799457e-06,0.024143789894878864,0.0007990549493115395,7.624884892720729e-05,catatumbo,SPEAKER_00,31752.333,31752.708,3.0
0.00023979820252861828,0.4265357553958893,5.266491918121119e-07,0.0002750878193182871,0.00010686193127185106,0.004523368086665869,catatumbo,UNICO,31752.667,31753.042,3.0
0.0002738454204518348,0.1995837464928627,2.5931624492159244e-07,1.5739182799734408e-05,3.056386447042314e-06,0.16453950107097626,catatumbo,UNICO,31753.0,31753.375,3.0
0.00024640944320708513,0.35156986117362976,2.58210725689878e-07,5.15707114345787e-07,4.6908769490983104e-07,0.9214867949485779,catatumbo,SPEAKER_00,31753.333,31753.708,3.0
0.0005768749979324639,0.13408991321921349,7.543886439975722e-07,0.020054488442838192,6.751585533493198e-05,0.0003737204533535987,catatumbo,SPEAKER_00,31753.667,31754.042,3.0
0.0002203690237365663,0.28596392273902893,3.6695540472919674e-07,7.595008173666429e-05,3.6695885228255065e-06,0.04047524183988571,catatumbo,SPEAKER_00,31754.0,31754.375,3.0
0.0002227637596661225,0.30602462589740753,3.753103143822045e-07,0.24172086268663406,3.243325522817031e-06,0.0015869304770603776,catatumbo,SPEAKER_00,31754.333,31754.708,3.0
0.00031317249522544444,0.3252744972705841,1.8578563931725967e-07,3.5546406706998823e-06,3.625664035666887e-07,0.6876599788665771,catatumbo,SPEAKER_00,31754.667,31755.042,3.0
0.0009621718199923635,0.117176853120327,6.557822231911814e-07,0.3194968104362488,2.8701505243589054e-06,0.0014000460505485535,catatumbo,SPEAKER_00,31755.333,31755.708,3.0
0.000383866106858477,0.21224625408649445,6.153711922252114e-07,0.3785659074783325,2.5747658582986332e-05,0.0015643998049199581,catatumbo,SPEAKER_00,31755.667,31756.042,3.0
8.038840314839035e-05,0.23898997902870178,3.401545178860488e-07,0.00801922264508903,1.936992248374736e-05,0.0005984637537039816,catatumbo,SPEAKER_00,31756.0,31756.375,3.0
0.0003203807573299855,0.1766992062330246,8.416963694912738e-07,0.27086036652326584,9.391883850184968e-06,0.0007448902470059693,catatumbo,SPEAKER_00,31756.333,31756.708,3.0
0.0003915147390216589,0.183486707508564,4.902271086848486e-07,0.1838836446404457,2.7380737037674407e-06,0.001729890936985612,catatumbo,SPEAKER_00,31756.667,31757.042,3.0
0.0001393081183778122,0.3248083293437958,3.321878203621509e-07,0.08195731043815613,3.447949347901158e-05,0.001067686709575355,catatumbo,SPEAKER_00,31757.0,31757.375,3.0
0.0006094382843002677,0.2046435996890068,3.8664160939561043e-07,0.008456859504804015,3.057545382034732e-05,0.002455145353451371,catatumbo,SPEAKER_00,31757.333,31757.708,3.0
0.006771193817257881,0.09882818534970284,6.91334129498955e-07,0.002053838805295527,2.6055747184727807e-05,0.0017619444988667965,catatumbo,SPEAKER_00,31757.667,31758.042,3.0
0.0003781269770115614,0.18406306207180023,7.400205817020833e-07,0.3197540193796158,3.41100994774024e-05,0.0013406771467998624,catatumbo,SPEAKER_00,31758.333,31758.708,3.0
0.001439404091797769,0.16372179985046387,1.2501101025463868e-06,0.005159431137144566,0.00010734080933616497,0.0003598757029976696,catatumbo,SPEAKER_00,31758.667,31759.042,3.0
0.00025213672779500484,0.19916614890098572,2.1595760557602262e-07,4.3810057832160965e-05,1.5674746691729524e-06,0.16292773187160492,catatumbo,SPEAKER_00,31759.0,31759.375,3.0
0.0006060164305381477,0.15068700909614563,2.1095678803817464e-07,3.238817771489266e-05,1.0884108974096307e-06,0.1547541618347168,catatumbo,SPEAKER_00,31759.333,31759.708,3.0
0.006396295968443155,0.03312838543206453,5.310559529903003e-07,0.0048882931005209684,9.725237077873317e-06,0.0024281125515699387,catatumbo,SPEAKER_00,31759.667,31760.042,3.0
0.009567532688379288,0.026576695032417774,4.943428990600296e-07,0.0021743876859545708,7.402850678772666e-05,0.000552107987459749,catatumbo,SPEAKER_00,31760.0,31760.375,3.0
0.008554620668292046,0.04360321722924709,2.076364857828139e-07,9.736424772199825e-06,1.616518204627937e-06,0.284488707780838,catatumbo,SPEAKER_00,31760.333,31760.708,3.0
0.0016323343152180314,0.10737869143486023,1.9846801890821553e-07,0.00022772100055590272,7.136019064546417e-07,0.03712413087487221,catatumbo,SPEAKER_00,31760.667,31761.042,3.0
0.00253601954318583,0.07278376817703247,2.4760235106668915e-07,1.4189330613589846e-05,1.2284381512017717e-06,0.18760326504707336,catatumbo,SPEAKER_00,31761.333,31761.708,3.0
0.027629420161247253,0.02577527053654194,1.2212488087470774e-07,1.6458932805107906e-05,2.452423473187082e-06,0.0803958997130394,catatumbo,SPEAKER_00,31761.667,31762.042,3.0
0.03721844032406807,0.04394790926016867,6.880088960770081e-07,0.011159652378410101,0.0012749027227982879,0.00027816963847726583,catatumbo,SPEAKER_00,31762.0,31762.375,3.0
0.055383577942848206,0.049811385571956635,6.452494289987953e-07,0.0039700232446193695,0.0010058019252028316,0.00031980761559680104,catatumbo,SPEAKER_00,31762.333,31762.708,3.0
0.03832964599132538,0.045760612934827805,7.811529911805337e-07,0.07877246662974358,0.0001023253244056832,7.274292147485539e-05,catatumbo,SPEAKER_00,31762.667,31763.042,3.0
0.10210160166025162,0.04385423939675093,5.814272157067535e-07,0.03780294023454189,0.00010375787678640336,0.00014032053877599537,catatumbo,SPEAKER_00,31763.0,31763.375,3.0
0.0033958067651838064,0.0696565043181181,5.623462087100961e-07,0.463670015335083,8.904702099243877e-06,0.0008897869847714901,catatumbo,SPEAKER_00,31763.333,31763.708,3.0
0.005967185832560062,0.022230243775993586,7.39288914530789e-07,0.006152606103569269,0.0001916563996928744,0.0003988036187365651,catatumbo,SPEAKER_00,31763.667,31764.042,3.0
0.0027857343666255474,0.047720059752464294,8.624328273754145e-07,0.0896114781498909,4.5659946408704855e-05,0.0004765247576870024,catatumbo,SPEAKER_00,31764.333,31764.708,3.0
0.00099273887462914,0.14035549387335777,5.624509569202019e-07,0.0006780001567676663,0.00010833416308742017,0.008637186139822006,catatumbo,SPEAKER_00,31764.667,31765.042,3.0
0.0007110205478966236,0.1003495529294014,4.530533423974248e-07,0.13112632930278778,5.479030278365826e-06,0.0006310527678579092,catatumbo,SPEAKER_00,31765.0,31765.375,3.0
0.020178627222776413,0.02743474207818508,7.417716503255178e-07,0.23964466154575348,8.669138878758531e-06,0.00038983867852948606,catatumbo,SPEAKER_00,31765.333,31765.708,3.0
0.008224226534366608,0.08607590943574905,1.2583429054302542e-06,0.3373496010899544,2.6341297598264646e-05,0.00048013130435720086,catatumbo,SPEAKER_00,31765.667,31766.042,3.0
0.0068080248311161995,0.05513466335833073,5.098138942116748e-07,3.4735446661215974e-06,5.106408025312703e-07,0.9586058259010315,catatumbo,SPEAKER_00,31766.0,31766.375,3.0
0.006375506520271301,0.027529639191925526,3.1322438474035152e-06,0.0482858894392848,0.000450489460490644,0.00019300347776152194,catatumbo,SPEAKER_00,31766.333,31766.708,3.0
0.0032113471534103155,0.046451485715806484,1.957712498779074e-06,0.06807149667292833,0.0014643814647570252,6.571063568117097e-05,catatumbo,SPEAKER_00,31766.667,31767.042,3.0
0.0003097124572377652,0.2724412530660629,1.5540899127586272e-06,0.019873776473104954,0.0032234860118478537,8.224132761824876e-05,catatumbo,SPEAKER_00,31767.333,31767.708,3.0
0.00027180457254871726,0.3934648185968399,8.784385343574286e-07,0.0028461540350690484,0.0003322006523376331,0.000593488453887403,catatumbo,UNICO,31767.667,31768.042,3.0
0.0010503324447199702,0.2482173591852188,7.571034146280908e-07,0.0004749909712700173,0.00047236779937520623,0.0010589567245915532,catatumbo,UNICO,31768.0,31768.375,3.0
0.001252170535735786,0.2548971399664879,2.4848153401535455e-07,0.0011502188863232732,3.7544477891060524e-05,0.004222681280225515,catatumbo,UNICO,31768.333,31768.708,3.0
0.0009063066099770367,0.23212788254022598,3.173715441562308e-07,0.0016133011667989194,2.7249286176811438e-05,0.00221997476182878,catatumbo,UNICO,31768.667,31769.042,3.0
0.0010101901134476066,0.26831794530153275,2.5904396849796285e-07,8.854158068061224e-06,1.4335520859276585e-06,0.17741382122039795,catatumbo,SPEAKER_00,31769.0,31769.375,3.0
0.00027192558627575636,0.4177645593881607,4.287026484917078e-07,0.39956681430339813,1.1471231118775904e-05,0.0018267661798745394,catatumbo,SPEAKER_00,31769.333,31769.708,3.0
0.00033719089697115123,0.45714887976646423,6.572142936533965e-07,0.30041371285915375,4.541036287264433e-05,0.000758882611989975,catatumbo,SPEAKER_00,31769.667,31770.042,3.0
0.0002695693401619792,0.3656410872936249,4.488779836719914e-07,0.5518846958875656,1.430471456842497e-05,0.002172641223296523,catatumbo,SPEAKER_00,31770.333,31770.708,3.0
0.0002815894258674234,0.2848508879542351,4.610728794318675e-07,0.433127298951149,2.587581184343435e-05,0.001878976239822805,catatumbo,SPEAKER_00,31770.667,31771.042,3.0
0.0086957523599267,0.11472399905323982,3.422931520447037e-07,0.00013916983880335465,7.254117377897273e-07,0.03879262134432793,catatumbo,SPEAKER_00,31771.0,31771.375,3.0
0.021559424698352814,0.055234696716070175,9.509785456884856e-07,0.004160881391726434,0.00020810319256270304,0.0004005921946372837,catatumbo,SPEAKER_00,31771.333,31771.708,3.0
0.0008163727470673621,0.19202090054750443,5.004323355706219e-07,0.28368401527404785,5.423153197625652e-06,0.001373833860270679,catatumbo,SPEAKER_00,31771.667,31772.042,3.0
0.0005289957043714821,0.2680830955505371,5.43672079800217e-07,0.00618047290481627,9.343634928882238e-06,0.0010165025014430285,catatumbo,SPEAKER_00,31772.0,31772.375,3.0
0.0005001811659894884,0.20935609191656113,7.740695266988951e-07,0.0022757539991289377,7.839260615583044e-05,0.0014267279766499996,catatumbo,SPEAKER_00,31772.333,31772.708,3.0
0.0004398301534820348,0.19562596082687378,4.850948727153082e-07,1.4345556337502785e-05,7.794648354320088e-06,0.11197692155838013,catatumbo,SPEAKER_00,31772.667,31773.042,3.0
0.0006125157815404236,0.2432102933526039,3.8289589809892277e-07,0.09252583980560303,2.101831978507107e-05,0.0005395450280047953,catatumbo,SPEAKER_00,31773.333,31773.708,3.0
0.0004912841250188649,0.2934182286262512,4.267624689191507e-07,0.18667712807655334,7.615068170707673e-06,0.000807479431387037,catatumbo,SPEAKER_00,31773.667,31774.042,3.0
0.00017763569485396147,0.2606802135705948,6.736885751479349e-07,0.00015348699889727868,2.6464380425750278e-05,0.016996929422020912,catatumbo,SPEAKER_00,31774.0,31774.375,3.0
0.00035505861160345376,0.16684067621827126,7.344668233599805e-07,0.279371976852417,1.796450942492811e-05,0.00227059843018651,catatumbo,SPEAKER_00,31774.333,31774.708,3.0
0.0013695849338546395,0.1070261113345623,9.20387151381874e-07,8.468068699585274e-05,1.844727717070782e-05,0.024657288566231728,catatumbo,SPEAKER_00,31774.667,31775.042,3.0
0.001075600739568472,0.12460443377494812,9.297148153564194e-07,0.09082910791039467,1.327009022134007e-05,0.0007297146948985755,catatumbo,SPEAKER_00,31775.0,31775.375,3.0
0.0011213270481675863,0.22521618753671646,7.44742095548645e-07,0.15199655294418335,1.608766251592897e-05,0.0007573958719149232,catatumbo,SPEAKER_00,31775.333,31775.708,3.0
0.0007549414876848459,0.13592761382460594,3.3163131263336254e-07,0.01267570210620761,6.069378832762595e-05,0.0005179538275115192,catatumbo,SPEAKER_00,31775.667,31776.042,3.0
0.06858851760625839,0.023682652972638607,4.209502648677699e-07,0.008701161248609424,1.0145905889658025e-05,0.0006381803541444242,catatumbo,SPEAKER_00,31776.333,31776.708,3.0
0.0027866698801517487,0.07081490010023117,7.486305406700922e-07,0.007948792073875666,0.00010593871411401778,0.0005129025666974485,catatumbo,SPEAKER_00,31776.667,31777.042,3.0
0.002321856562048197,0.08895297534763813,9.236893561137549e-07,0.07958868891000748,4.664522930397652e-05,0.0006766446167603135,catatumbo,SPEAKER_00,31777.0,31777.375,3.0
0.0019061991479247808,0.1657484620809555,6.636440801344179e-07,0.0023088734596967697,4.4363490815158e-05,0.0009510258096270263,catatumbo,SPEAKER_00,31777.333,31777.708,3.0
0.0035330713726580143,0.1026775911450386,7.323357209543246e-07,9.527699876343831e-05,6.664149987045676e-05,0.005621688440442085,catatumbo,SPEAKER_00,31777.667,31778.042,3.0
0.0008320746128447354,0.15618284791707993,6.450403589042253e-07,0.00023157494433689862,3.999978525826009e-05,0.010776533745229244,catatumbo,SPEAKER_00,31778.0,31778.375,3.0
0.01742229424417019,0.02900923229753971,3.413238687244302e-07,1.538050537419622e-05,9.104180662689032e-07,0.24155904352664948,catatumbo,SPEAKER_00,31778.333,31778.708,3.0
0.12624813616275787,0.03935178741812706,5.90904420505467e-07,0.015761401038616896,5.689782710760483e-06,0.0005226230714470148,catatumbo,SPEAKER_00,31778.667,31779.042,3.0
0.0007442398928105831,0.1516929194331169,5.829455496098035e-07,9.173241051030345e-05,3.059048594877822e-05,0.020129995420575142,catatumbo,SPEAKER_00,31779.333,31779.708,3.0
0.0006547228549607098,0.16900745406746864,7.923493683392735e-07,0.005028442712500691,2.4282534468511585e-05,0.0012608550023287535,catatumbo,SPEAKER_00,31779.667,31780.042,3.0
0.000620279461145401,0.21726017445325851,1.029583991396521e-06,0.03592921793460846,0.00033865164732560515,0.00023527239682152867,catatumbo,SPEAKER_00,31780.0,31780.375,3.0
0.00023090113245416433,0.35303765535354614,2.9060155881666105e-07,0.00460478151217103,2.683227830857504e-05,0.003574593458324671,catatumbo,UNICO,31780.333,31780.708,3.0
0.002511815633624792,0.03743664734065533,4.841962670809608e-07,0.008681505918502808,2.466585374349961e-05,0.0008758894400671124,catatumbo,SPEAKER_00,31780.667,31781.042,3.0
0.001104747410863638,0.16908171772956848,3.169047424478322e-07,0.2581850290298462,1.7729505998431705e-05,0.002118351636454463,catatumbo,SPEAKER_00,31781.0,31781.375,3.0
0.05560534447431564,0.009941038209944963,7.948845706096108e-07,0.01041084574535489,0.00024291686713695526,0.00023299474560189992,catatumbo,SPEAKER_00,31781.333,31781.708,3.0
0.40418973565101624,0.0012677087797783315,1.311050141339365e-06,0.010828874539583921,0.0008381169755011797,0.00014597165863960981,catatumbo,SPEAKER_00,31781.667,31782.042,3.0
0.07044854015111923,0.01902524847537279,7.278153759671113e-07,0.05006205663084984,0.00010713806841522455,0.00014490244211629033,catatumbo,SPEAKER_00,31782.333,31782.708,3.0
0.04385100677609444,0.017781706526875496,9.681459687271854e-07,0.1433873549103737,4.280381472199224e-05,0.00019544253882486373,catatumbo,SPEAKER_00,31782.667,31783.042,3.0
0.01044060755521059,0.07760068774223328,4.405652589412057e-07,0.00027010201301891357,0.0008161510631907731,0.0013928496045991778,catatumbo,SPEAKER_00,31783.0,31783.375,3.0
0.001436254009604454,0.23704903572797775,1.736746888525431e-07,6.863807539048139e-05,6.077443322283216e-05,0.01493688765913248,catatumbo,SPEAKER_00,31783.333,31783.708,3.0
4.3010804802179337e-05,0.501530334353447,2.1241792680370963e-07,0.00013217345622251742,3.912220904567221e-06,0.11155816912651062,catatumbo,SPEAKER_00,31783.667,31784.042,3.0
0.00012300338130444288,0.3447590470314026,4.1083392687824016e-07,0.152212455868721,3.512807052175049e-05,0.0024188924580812454,catatumbo,SPEAKER_00,31784.0,31784.375,3.0
0.0021933279931545258,0.10564859211444855,6.460804300445488e-07,0.06060315482318401,9.761085493664723e-06,0.0007930445135571063,catatumbo,SPEAKER_00,31784.333,31784.708,3.0
0.142415851354599,0.02060374990105629,5.185202311963621e-07,0.09644272550940514,4.089615231350763e-06,0.0007015704177320004,catatumbo,SPEAKER_00,31784.667,31785.042,3.0
0.09726516157388687,0.00986448535695672,1.5106119803931506e-06,0.3031274750828743,1.6279625469906023e-05,0.0008712460403330624,catatumbo,SPEAKER_00,31785.333,31785.708,3.0
0.1393711268901825,0.01098981173709035,1.8167468169849599e-06,0.2115311473608017,5.835116462549195e-05,0.00018418017134536058,catatumbo,SPEAKER_00,31785.667,31786.042,3.0
0.0007526574772782624,0.21735607087612152,8.513949012467492e-07,0.005783640197478235,0.00021133369591552764,0.0006579975015483797,catatumbo,SPEAKER_00,31786.0,31786.375,3.0
3.073453626711853e-05,0.5391019880771637,3.705685536203873e-07,0.0018075858824886382,1.895654577310779e-05,0.0061578936874866486,catatumbo,SPEAKER_00,31786.333,31786.708,3.0
0.00023815492750145495,0.35534581542015076,2.555737399489999e-07,0.01682929741218686,2.4826328626659233e-05,0.0024209206458181143,catatumbo,SPEAKER_00,31786.667,31787.042,3.0
3.521794860716909e-05,0.7101090252399445,1.7060159152038068e-07,0.0005672468396369368,9.940884046955034e-05,0.003794715041294694,catatumbo,SPEAKER_00,31787.0,31787.375,3.0
0.0002989509666804224,0.5947335958480835,2.748426339849175e-07,0.00029747905500698835,0.0008510742045473307,0.005490307696163654,catatumbo,UNICO,31787.333,31787.708,3.0
0.0007690914208069444,0.24547073990106583,2.586102993973327e-07,2.0942645278410055e-05,1.2567466683321982e-05,0.03480393439531326,catatumbo,UNICO,31787.667,31788.042,3.0
0.013547243550419807,0.11133896838873625,1.050557045800815e-06,0.031853703781962395,0.007523293606936932,4.793865809915587e-05,catatumbo,SPEAKER_00,31788.333,31788.708,3.0
0.02116229385137558,0.12248188257217407,2.1977444220055986e-07,0.0025093500153161585,7.671871935599484e-05,0.0008160281577147543,catatumbo,SPEAKER_00,31788.667,31789.042,3.0
0.00042710895650088787,0.27077654004096985,2.2969940260963995e-07,0.0021292392048053443,4.387097760627512e-05,0.0040001948364079,catatumbo,SPEAKER_00,31789.0,31789.375,3.0
6.726001447532326e-05,0.35515694320201874,2.684643369832429e-07,0.00015213002552627586,2.496854267519666e-05,0.012111231684684753,catatumbo,SPEAKER_00,31789.333,31789.708,3.0
0.00018028737395070493,0.26976726949214935,2.2264894283807735e-07,0.0003190392453689128,3.9977032429305837e-05,0.01064265612512827,catatumbo,SPEAKER_00,31789.667,31790.042,3.0
0.00010818595910677686,0.459786131978035,3.0037335818633437e-07,0.010493743466213346,3.550254587025847e-05,0.0032427546102553606,catatumbo,SPEAKER_00,31790.0,31790.375,3.0
0.001967362593859434,0.13417530059814453,4.0609456064544247e-07,0.00027381307154428214,1.965369938261574e-05,0.008348583243787289,catatumbo,SPEAKER_00,31790.333,31790.708,3.0
0.0009312130277976394,0.11898805573582649,3.337430420913279e-07,5.7681603720993735e-05,8.428892897427431e-06,0.027730874717235565,catatumbo,SPEAKER_00,31790.667,31791.042,3.0
0.1737121194601059,0.006292771548032761,6.789088047298719e-07,0.0015677110641263425,0.00019500513008097187,0.0011536062229424715,catatumbo,SPEAKER_00,31791.333,31791.708,3.0
0.009454970248043537,0.09496673569083214,6.514769950172195e-07,0.014257394708693027,0.002634933916851878,0.00010135005868505687,catatumbo,SPEAKER_00,31791.667,31792.042,3.0
0.00024159187159966677,0.41176503896713257,7.134990909207772e-08,6.007965021126438e-05,6.0455797665781574e-06,0.09338372945785522,catatumbo,SPEAKER_00,31792.0,31792.375,3.0
5.953330037300475e-05,0.6265371441841125,1.7682085839965112e-07,0.0001732920718495734,3.573708454496227e-05,0.015673253685235977,catatumbo,UNICO,31792.333,31792.708,3.0
0.0004357871366664767,0.35921135544776917,2.478665415139858e-07,5.8623418226488866e-05,4.083146086486522e-05,0.05875154212117195,catatumbo,UNICO,31792.667,31793.042,3.0
0.00046283076517283916,0.27937325835227966,7.828164569900764e-07,0.0038920824881643057,0.00020527032756945118,0.0006819999543949962,catatumbo,UNICO,31793.0,31793.375,3.0
0.0003228594723623246,0.27087827026844025,3.7204493175124753e-07,0.031706273555755615,2.7614609280135483e-05,0.0009856639662757516,catatumbo,UNICO,31793.333,31793.708,3.0
0.0006403224542737007,0.24278172105550766,3.0077829116237353e-07,0.00011113302753074095,1.1978898328379728e-05,0.03713367134332657,catatumbo,SPEAKER_00,31793.667,31794.042,3.0
0.00284196506254375,0.08876663073897362,3.858945412105186e-07,2.3263124603545293e-05,2.37293343161582e-05,0.03998256102204323,catatumbo,SPEAKER_00,31794.333,31794.708,3.0
0.0009367905440740287,0.1497233882546425,1.6801410041011877e-07,1.5216365227388451e-05,1.3423445466287376e-06,0.21514281630516052,catatumbo,SPEAKER_00,31794.667,31795.042,3.0
0.0019763403106480837,0.07321547716856003,1.9617911917180209e-07,8.501606544086826e-06,1.9407034983487392e-06,0.4700982868671417,catatumbo,SPEAKER_00,31795.0,31795.375,3.0
0.010837738402187824,0.03689797408878803,2.685131512691896e-07,2.7762501986217103e-06,1.3690664673049469e-06,0.5013482570648193,catatumbo,SPEAKER_00,31795.333,31795.708,3.0
0.0025929815601557493,0.09988055378198624,2.9885653773931153e-07,3.61544300631067e-06,1.6401342008975917e-06,0.3847239911556244,catatumbo,SPEAKER_00,31795.667,31796.042,3.0
0.03420678526163101,0.01209305226802826,9.428327132354752e-07,0.06811031699180603,3.694933730002958e-05,0.0004450637206900865,catatumbo,SPEAKER_00,31796.0,31796.375,3.0
0.008776742964982986,0.025617030449211597,9.988023919049738e-07,0.1922740638256073,2.8593031856871676e-05,0.0005183284520171583,catatumbo,SPEAKER_00,31796.333,31796.708,3.0
0.0014988433104008436,0.12299611046910286,6.995943522269954e-07,0.18316123634576797,1.6774800315033644e-05,0.0009493333636783063,catatumbo,SPEAKER_00,31796.667,31797.042,3.0
0.0068396045826375484,0.09718067571520805,1.675626215558168e-07,4.435129994817544e-05,9.567586971570563e-07,0.18726761639118195,catatumbo,SPEAKER_00,31797.333,31797.708,3.0
0.0002572827215772122,0.35332903265953064,1.4840868978183153e-07,0.24901067465543747,1.0397903338343895e-06,0.010356835089623928,catatumbo,SPEAKER_00,31797.667,31798.042,3.0
0.002813151804730296,0.12889330461621284,3.33342541125603e-07,0.5061240047216415,5.429267503131996e-06,0.004008244723081589,catatumbo,SPEAKER_00,31798.0,31798.375,3.0
0.00651145912706852,0.08015556447207928,5.770797883997147e-07,0.38771170377731323,7.0512446654902305e-06,0.001567455125041306,catatumbo,SPEAKER_00,31798.333,31798.708,3.0
0.0015523908659815788,0.16308590024709702,2.4795870601224124e-07,0.12558867037296295,1.5304683074646164e-05,0.0019320630235597491,catatumbo,SPEAKER_00,31798.667,31799.042,3.0
0.011216317303478718,0.03463291097432375,6.025918537488906e-07,0.12454863637685776,3.370881131559145e-05,0.000592856842558831,catatumbo,SPEAKER_00,31799.0,31799.375,3.0
0.0745607241988182,0.01302253920584917,3.3348455019677203e-07,7.105812073859852e-06,9.466525519030711e-08,0.6359526515007019,catatumbo,SPEAKER_00,31799.333,31799.708,3.0
0.33303302526474,0.0025501310592517257,8.195143550437933e-07,0.0008038025116547942,0.0004495390021475032,0.0007065486861392856,catatumbo,SPEAKER_00,31799.667,31800.042,3.0
0.0301510002464056,0.043897248804569244,6.622611294915259e-07,0.22418899834156036,7.887988431320991e-06,0.0010118545033037663,catatumbo,SPEAKER_00,31800.333,31800.708,3.0
0.00035738281439989805,0.29779012501239777,9.240471428029196e-07,0.5137935727834702,3.169990122842137e-05,0.0017601035069674253,catatumbo,SPEAKER_00,31800.667,31801.042,3.0
0.0007940767682157457,0.14669928699731827,5.894738066558602e-07,0.08569186925888062,6.806828969274648e-05,0.00028772454243153334,catatumbo,SPEAKER_00,31801.0,31801.375,3.0
0.007015554700046778,0.020195621997117996,4.961722055440987e-07,9.070143619283044e-06,1.0000233601203945e-06,0.49458006024360657,catatumbo,SPEAKER_00,31801.333,31801.708,3.0
0.00032475957414135337,0.20994499325752258,6.935961920362388e-07,0.0006676769844489172,1.0445744010212366e-05,0.008369539864361286,catatumbo,SPEAKER_00,31801.667,31802.042,3.0
0.004045937675982714,0.09883809462189674,1.1341320771407482e-06,0.08878860250115395,7.93937942944467e-05,0.00023815743043087423,catatumbo,SPEAKER_00,31802.0,31802.375,3.0
0.0038263702299445868,0.07875737734138966,1.0329927704333386e-06,0.06759279035031796,0.0002393024115008302,0.00012319059169385582,catatumbo,SPEAKER_00,31802.333,31802.708,3.0
0.0008698691381141543,0.1623290851712227,6.07852129519415e-07,0.32350218296051025,7.032446546872961e-06,0.0015507466159760952,catatumbo,SPEAKER_00,31802.667,31803.042,3.0
0.0007717101252637804,0.173687182366848,4.245567666316674e-07,0.07073186337947845,7.422424687320017e-06,0.0013441969640552998,catatumbo,UNICO,31803.333,31803.708,3.0
0.02279207669198513,0.041360821574926376,6.381320076798147e-07,0.4700728803873062,3.066794420192309e-06,0.0017617708072066307,catatumbo,SPEAKER_00,31803.667,31804.042,3.0
0.041657205671072006,0.037369522266089916,1.1588934683004481e-06,0.046302320435643196,4.887230716121849e-05,0.00031016513821668923,catatumbo,SPEAKER_00,31804.0,31804.375,3.0
0.007886292412877083,0.018533380702137947,1.0294651247022557e-06,0.23472018539905548,4.522554945651791e-06,0.00041491907904855907,catatumbo,SPEAKER_00,31804.333,31804.708,3.0
0.012182897888123989,0.03672057017683983,1.0809727086780185e-06,0.36558979749679565,5.8016514685732545e-06,0.0007769801304675639,catatumbo,SPEAKER_00,31804.667,31805.042,3.0
0.0010306049371138215,0.08802730217576027,5.173811459258104e-07,0.11629651673138142,4.318115998103167e-06,0.0013009347021579742,catatumbo,SPEAKER_00,31805.0,31805.375,3.0
0.001393125974573195,0.08244368061423302,2.3857340281097095e-07,4.877863659658033e-07,1.4351967365655582e-06,0.95621657371521,catatumbo,SPEAKER_00,31805.333,31805.708,3.0
0.0005500272382050753,0.3482603430747986,5.889005905146405e-07,0.1278291493654251,1.4030153124622302e-05,0.0007897456525824964,catatumbo,SPEAKER_00,31805.667,31806.042,3.0
0.029613317921757698,0.03291263524442911,4.4812709631969483e-07,0.007390857674181461,2.240209505544044e-05,0.0008632367826066911,catatumbo,SPEAKER_00,31806.333,31806.708,3.0
0.10724847763776779,0.016880949027836323,2.48455613416354e-07,6.7340376972424565e-06,9.342356008801289e-07,0.23727478086948395,catatumbo,SPEAKER_00,31806.667,31807.042,3.0
0.15166029334068298,0.013280423823744059,2.7507323352438107e-07,6.3852387484075734e-06,1.4507371815852821e-05,0.12864159047603607,catatumbo,SPEAKER_00,31807.0,31807.375,3.0
0.1836032122373581,0.011813241057097912,3.4834832973729135e-07,8.380933286389336e-05,1.595659432496177e-05,0.01068197563290596,catatumbo,SPEAKER_00,31807.333,31807.708,3.0
0.11418671905994415,0.02495728898793459,3.677964528492339e-07,0.0016637403750792146,1.3599972589872777e-05,0.005093697924166918,catatumbo,SPEAKER_00,31807.667,31808.042,3.0
0.0003150888660456985,0.2235836684703827,6.146080551161504e-07,0.49918870627880096,5.018370029574726e-05,0.0009632330038584769,catatumbo,SPEAKER_00,31808.0,31808.375,3.0
0.00017039217345882207,0.21779192239046097,1.247254264313824e-07,0.0001115613486035727,1.3133198081050068e-05,0.030058380216360092,catatumbo,SPEAKER_00,31808.333,31808.708,3.0
0.002625358523800969,0.0694376491010189,4.0254808197914826e-07,0.015059003606438637,9.283080999011872e-06,0.0014113372890278697,catatumbo,SPEAKER_00,31808.667,31809.042,3.0
0.12440348416566849,0.013730797450989485,2.048289218237187e-07,4.766742495121434e-05,6.636392299697036e-06,0.01682375557720661,catatumbo,SPEAKER_00,31809.333,31809.708,3.0
0.0828036367893219,0.020355335902422667,2.1765134050610868e-07,7.3531480211386224e-06,4.9380299969925545e-05,0.042773135006427765,catatumbo,SPEAKER_00,31809.667,31810.042,3.0
0.15127302706241608,0.012290412560105324,3.7087465898366645e-07,7.333931307584862e-06,9.97081478999462e-05,0.03390742838382721,catatumbo,UNICO,31810.0,31810.375,3.0
0.002574001206085086,0.0988176017999649,3.8759687015499367e-07,0.00010830065366462804,0.00016459274047520012,0.0045616296119987965,catatumbo,UNICO,31810.333,31810.708,3.0
0.0015593561111018062,0.23549416661262512,3.73036712630892e-07,0.0004891027929261327,0.00023012529709376395,0.003560549346730113,catatumbo,UNICO,31810.667,31811.042,3.0
0.003617948153987527,0.12956083938479424,1.8748490759890046e-07,2.715236064432247e-06,6.045838745194487e-06,0.7208120822906494,catatumbo,SPEAKER_00,31811.0,31811.375,3.0
0.0014574038796126842,0.1973988190293312,2.3587956476944782e-07,5.483768291014712e-05,2.889102051994996e-05,0.05567818135023117,catatumbo,SPEAKER_00,31811.333,31811.708,3.0
0.009403311647474766,0.04805663414299488,1.698984029019357e-07,8.200898082577623e-05,5.653948392136954e-05,0.023493601009249687,catatumbo,UNICO,31811.667,31812.042,3.0
0.001342465984635055,0.21820806711912155,2.614235796727371e-07,0.031352462247014046,5.973335646558553e-06,0.0006771204061806202,catatumbo,SPEAKER_00,31812.333,31812.708,3.0
0.0008017875370569527,0.1557459495961666,2.26144116766136e-07,0.04167562164366245,2.0428281459317077e-05,0.0007086060359142721,catatumbo,SPEAKER_00,31812.667,31813.042,3.0
0.0005366832483559847,0.2228260487318039,2.711305100433492e-07,0.3369714170694351,1.0492343335499754e-05,0.0034317641984671354,catatumbo,SPEAKER_00,31813.0,31813.375,3.0
0.002136796712875366,0.10559004545211792,3.778133006449025e-07,0.03561352379620075,0.00044492294546216726,0.00019557433552108705,catatumbo,SPEAKER_00,31813.333,31813.708,3.0
0.017514511942863464,0.055570678785443306,3.4993959729945345e-07,0.0010130766604561359,3.521996222843882e-05,0.001137005863711238,catatumbo,SPEAKER_00,31813.667,31814.042,3.0
0.015284865163266659,0.09046616777777672,7.168899429643716e-07,0.3248698562383652,3.9855627619544975e-05,0.0001547396241221577,catatumbo,SPEAKER_00,31814.0,31814.375,3.0
0.041955333203077316,0.049335114657878876,6.844029485364445e-07,0.17429962009191513,0.00014474969793809578,9.055284317582846e-05,catatumbo,SPEAKER_00,31814.333,31814.708,3.0
0.009072388522326946,0.025630366057157516,5.946578554016924e-07,0.0009328943560831249,8.917163359001279e-05,0.0031770120840519667,catatumbo,SPEAKER_00,31814.667,31815.042,3.0
0.005107692442834377,0.07250722032040358,1.2327740961382005e-07,0.0014225130435079336,1.2438902103895089e-05,0.009500487707555294,catatumbo,UNICO,31815.333,31815.708,3.0
0.0009642737568356097,0.13409383594989777,1.8628236730933168e-07,4.285493787392625e-06,5.9785145367641235e-06,0.3662254214286804,catatumbo,SPEAKER_00,31815.667,31816.042,3.0
0.00042757639312185347,0.2685750797390938,3.294796684372159e-07,0.39445650577545166,1.0140240647160681e-05,0.002438595052808523,catatumbo,SPEAKER_00,31816.0,31816.375,3.0
0.0003938110894523561,0.25246625393629074,2.991819592068623e-07,0.044099390506744385,3.2323373488907237e-05,0.001072964514605701,catatumbo,SPEAKER_00,31816.333,31816.708,3.0
0.00106620613951236,0.21233272552490234,2.562257677141133e-07,0.003571883193217218,8.272998456959613e-06,0.0023343439679592848,catatumbo,SPEAKER_00,31816.667,31817.042,3.0
0.0006083596963435411,0.2044929340481758,3.1043422765719697e-07,0.015575414523482323,9.995225354941795e-06,0.000818355823867023,catatumbo,SPEAKER_00,31817.0,31817.375,3.0
0.010088715702295303,0.08056488260626793,1.9895017899784762e-07,2.0715182245112373e-06,5.202178421370718e-08,0.8671913146972656,catatumbo,SPEAKER_00,31817.333,31817.708,3.0
0.006908904295414686,0.1546003222465515,7.29632176899031e-07,0.0979747548699379,0.0004870197008131072,5.0340120651526377e-05,catatumbo,SPEAKER_00,31817.667,31818.042,3.0
0.0016705363523215055,0.16178900748491287,7.649084139416118e-07,0.030150760896503925,2.5139338504232e-05,0.0003978488384746015,catatumbo,SPEAKER_00,31818.333,31818.708,3.0
0.001665664603933692,0.1971246749162674,3.153502206032499e-07,1.3488899639924057e-05,1.1337305295455735e-05,0.2116248458623886,catatumbo,SPEAKER_00,31818.667,31819.042,3.0
0.00015703473764006048,0.39461660385131836,6.513348083103665e-07,0.0006875701365061104,0.0001520255063951481,0.002752256579697132,catatumbo,UNICO,31819.0,31819.375,3.0
0.0013135317713022232,0.1988992616534233,4.1582475773793703e-07,0.0006268957804422826,0.00015576312944176607,0.0029639911372214556,catatumbo,UNICO,31819.333,31819.708,3.0
0.0004703888262156397,0.26910485327243805,1.5056691893278185e-07,0.00022035864822100848,2.3812229301256593e-05,0.04810602217912674,catatumbo,UNICO,31819.667,31820.042,3.0
0.0030761114321649075,0.12424509227275848,1.3535909815232117e-07,0.00028452945116441697,2.1817832930537406e-05,0.0391160286962986,catatumbo,UNICO,31820.0,31820.375,3.0
0.0015184857184067369,0.13502663373947144,2.770579499156156e-07,0.00027678022161126137,2.1486522200575564e-05,0.009284494444727898,catatumbo,UNICO,31820.333,31820.708,3.0
0.006138610653579235,0.10323313996195793,2.7286867521070235e-07,2.4506014597136527e-05,5.776373654953204e-05,0.07971164584159851,catatumbo,UNICO,31820.667,31821.042,3.0
0.04377969354391098,0.042091796174645424,5.009287349366787e-07,0.016672972589731216,1.7184878743137233e-05,0.0009110590326599777,catatumbo,SPEAKER_00,31821.333,31821.708,3.0
0.00014311514678411186,0.28304651379585266,7.261689916049363e-07,0.07295399531722069,7.778817234793678e-05,0.0017828139243647456,catatumbo,SPEAKER_00,31821.667,31822.042,3.0
0.0005314640002325177,0.15900857001543045,6.099117939584175e-07,0.00039754461613483727,7.140539310057648e-05,0.004336973652243614,catatumbo,SPEAKER_00,31822.0,31822.375,3.0
0.0013676552334800363,0.0462254649028182,9.459251515409051e-07,0.0003367079480085522,0.00016141134983627126,0.004614337347447872,catatumbo,SPEAKER_00,31822.333,31822.708,3.0
0.005338235292583704,0.05469877831637859,2.909749099444525e-07,3.143484900647309e-05,1.556247184453241e-06,0.44100239872932434,catatumbo,SPEAKER_00,31822.667,31823.042,3.0
0.0028889973182231188,0.0733463503420353,5.262026263608277e-07,0.00037342679570429027,3.559606284397887e-05,0.0037909639067947865,catatumbo,SPEAKER_00,31823.0,31823.375,3.0
0.0005119896377436817,0.2807580977678299,4.494811705058055e-07,0.10691703483462334,5.93920503888512e-06,0.002248531673103571,catatumbo,SPEAKER_00,31823.333,31823.708,3.0
0.0003567940730135888,0.34459348022937775,4.229727039728459e-07,0.076780054718256,3.387334800208919e-05,0.00023472815519198775,catatumbo,SPEAKER_00,31823.667,31824.042,3.0
0.013016091659665108,0.08501997590065002,6.516061148431618e-07,0.0008456797804683447,0.0003139656182611361,0.0005222475156188011,catatumbo,SPEAKER_00,31824.333,31824.708,3.0
0.10571012645959854,0.023413722403347492,2.8211901792474237e-07,0.001879801624454558,7.836828444851562e-05,0.0006019758293405175,catatumbo,SPEAKER_00,31824.667,31825.042,3.0
0.03684556856751442,0.07744633965194225,1.3768647022516234e-07,1.5231706811391632e-06,3.3406416832804098e-06,0.5816773176193237,catatumbo,SPEAKER_00,31825.0,31825.375,3.0
0.07279619574546814,0.028683762066066265,2.85705155533833e-07,0.0001424314505129587,3.0076097118580947e-05,0.010953878052532673,catatumbo,SPEAKER_00,31825.333,31825.708,3.0
0.002983069745823741,0.141427306458354,8.036818854861849e-08,3.290160293545341e-05,9.509088613413041e-06,0.24797368049621582,catatumbo,SPEAKER_00,31825.667,31826.042,3.0
0.0021845742594450712,0.03831975720822811,1.0910519776530236e-07,5.360691602618317e-06,8.394148608203977e-06,0.1632152646780014,catatumbo,SPEAKER_00,31826.0,31826.375,3.0
0.0007690617931075394,0.1478411629796028,3.1722446536264215e-07,5.418201362772379e-05,9.360934018332046e-05,0.010360249318182468,catatumbo,SPEAKER_00,31826.333,31826.708,3.0
0.00254033668898046,0.046367427334189415,3.7613269654457326e-07,6.990059409872629e-05,0.00012713268006336875,0.01059467438608408,catatumbo,UNICO,31826.667,31827.042,3.0
0.001021169824525714,0.14020375907421112,4.898639289763196e-07,0.0005088539619464427,0.00013922581274528056,0.002120983088389039,catatumbo,UNICO,31827.333,31827.708,3.0
0.01824777014553547,0.016689535696059465,1.784106196112134e-07,4.514017746259924e-05,2.96529981369531e-06,0.11564028263092041,catatumbo,UNICO,31827.667,31828.042,3.0
0.020440304651856422,0.012501361779868603,3.1027794378246654e-07,0.0005428903386928141,4.080989037902327e-05,0.00685157673433423,catatumbo,UNICO,31828.0,31828.375,3.0
0.1163734570145607,0.003658519242890179,1.2180016994989273e-07,6.182720653669094e-06,1.369889730540308e-06,0.6618022918701172,catatumbo,SPEAKER_00,31828.333,31828.708,3.0
0.07920166850090027,0.007390761747956276,4.0655428534819293e-07,0.009408155921846628,1.4184635347191943e-05,0.0009020632714964449,catatumbo,SPEAKER_00,31828.667,31829.042,3.0
0.020779244601726532,0.0156500106677413,2.727143417757816e-07,0.006303712725639343,2.7701228646037634e-05,0.0009807392489165068,catatumbo,SPEAKER_00,31829.0,31829.375,3.0
0.011935238726437092,0.03380056470632553,4.352231854909405e-07,0.3681647330522537,6.913617653481197e-06,0.0018280195072293282,catatumbo,SPEAKER_00,31829.333,31829.708,3.0
0.0015959297306835651,0.07438301481306553,7.42260567676567e-07,9.685026452643797e-05,5.9634510762407444e-05,0.009869366884231567,catatumbo,SPEAKER_00,31829.667,31830.042,3.0
0.0021159129682928324,0.11733728274703026,3.732948243850842e-07,0.5399046242237091,1.6373165180993965e-05,0.0024640685878694057,catatumbo,SPEAKER_00,31830.333,31830.708,3.0
0.2199256271123886,0.010541044641286135,6.768461275896698e-07,5.244383282843046e-05,0.0002316649552085437,0.0029934293124824762,catatumbo,SPEAKER_00,31850.667,31851.042,3.0
0.194581538438797,0.008115032222121954,1.4335138587284746e-07,2.9224871411770437e-07,3.724786168390892e-08,0.9635953903198242,catatumbo,SPEAKER_00,31851.333,31851.708,3.0
0.05782543495297432,0.04547770880162716,4.562708824096262e-07,0.02468160167336464,0.00010195122013101354,0.0003206823312211782,catatumbo,SPEAKER_00,31851.667,31852.042,3.0
0.13884325325489044,0.006238120375201106,4.635960806353978e-07,0.048225294798612595,9.93933244899381e-05,0.0001719979045446962,catatumbo,SPEAKER_00,31852.0,31852.375,3.0
0.08478185534477234,0.025081063620746136,4.361035124134105e-07,0.011244568042457104,5.309186008162214e-06,0.0010174689814448357,catatumbo,SPEAKER_00,31852.333,31852.708,3.0
0.11786814779043198,0.037521195597946644,4.952809860014895e-07,3.389438688827795e-06,3.103201652265852e-05,0.19112251698970795,catatumbo,SPEAKER_00,31852.667,31853.042,3.0
0.050597261637449265,0.05689442344009876,5.798124789180292e-07,0.0040731229819357395,0.0001584010460646823,0.0010330004151910543,catatumbo,SPEAKER_00,31853.0,31853.375,3.0
0.006904269568622112,0.06480739265680313,5.284937145688673e-07,0.0011892191832885146,0.000277870029094629,0.0006274520419538021,catatumbo,SPEAKER_00,31853.333,31853.708,3.0
0.00842848140746355,0.044302890077233315,3.70529612325754e-07,0.00300413288641721,0.0001427325842087157,0.0005414062179625034,catatumbo,UNICO,31853.667,31854.042,3.0
0.008444673381745815,0.04925086349248886,1.2747892164099994e-07,0.0004852087004110217,3.0675807465740945e-05,0.007457745261490345,catatumbo,UNICO,31854.333,31854.708,3.0
0.025027474388480186,0.034554578363895416,1.5592884139437047e-07,0.0027600302128121257,3.220851249352563e-05,0.005636525806039572,catatumbo,UNICO,31854.667,31855.042,3.0
0.0006113623967394233,0.20861689001321793,4.639952493334931e-07,0.442813903093338,8.393903044634499e-06,0.00351195246912539,catatumbo,SPEAKER_00,31855.0,31855.375,3.0
0.019744649529457092,0.02595704048871994,1.908855153942568e-07,1.399282950842462e-06,2.2443887193190903e-08,0.810710072517395,catatumbo,SPEAKER_00,31855.333,31855.708,3.0
0.05657515674829483,0.035044546239078045,3.800949315291291e-07,5.35195431439206e-05,9.522876212031406e-07,0.07355836033821106,catatumbo,SPEAKER_00,31855.667,31856.042,3.0
0.10402471572160721,0.0478497426956892,5.076502418432938e-07,0.0796331912279129,5.362263209462981e-06,0.0003007000486832112,catatumbo,SPEAKER_00,31856.0,31856.375,3.0
0.0019360098522156477,0.13674356415867805,5.122603425888883e-07,0.0003558540774974972,1.1213900961593026e-05,0.014591675251722336,catatumbo,SPEAKER_00,31856.333,31856.708,3.0
0.0020419892389327288,0.07190855219960213,1.3370364371212418e-07,1.8974194063048344e-05,6.025904667694704e-06,0.15494288504123688,catatumbo,SPEAKER_00,31856.667,31857.042,3.0
0.0016014963621273637,0.1045491099357605,1.6944010283737043e-07,9.154502549790777e-06,6.4044538703456055e-06,0.24045732617378235,catatumbo,UNICO,31857.333,31857.708,3.0
0.012339028529822826,0.033571988344192505,2.285351143882508e-07,5.015183887735475e-05,1.7679634765954688e-05,0.03625650331377983,catatumbo,UNICO,31857.667,31858.042,3.0
0.0026729083620011806,0.10478616505861282,1.548423504971197e-07,0.00016746500477893278,1.9685158804350067e-05,0.01224240567535162,catatumbo,UNICO,31858.0,31858.375,3.0
0.0021539446897804737,0.10367009416222572,2.652072765840785e-07,0.045167166739702225,2.6324984901293647e-05,0.0008245434728451073,catatumbo,SPEAKER_00,31858.333,31858.708,3.0
0.00962069071829319,0.1255614571273327,3.299957214153437e-07,0.0012392345815896988,9.516671343590133e-05,0.0007756002596579492,catatumbo,SPEAKER_00,31858.667,31859.042,3.0
0.018746279180049896,0.10372335463762283,2.5761509192534504e-07,0.3008461594581604,2.572334892647632e-06,0.0019198816735297441,catatumbo,SPEAKER_00,31859.0,31859.375,3.0
0.00602352200075984,0.16033495590090752,2.679276462913549e-07,0.03520374745130539,1.3714771284867311e-05,0.000428144761826843,catatumbo,SPEAKER_00,31859.333,31859.708,3.0
0.009297644719481468,0.0785292275249958,1.9501052150872056e-07,0.0001086830161511898,2.487593792466214e-05,0.009385383687913418,catatumbo,SPEAKER_00,31859.667,31860.042,3.0
0.003352667670696974,0.27544936537742615,5.070333557455342e-07,0.10626858100295067,4.454490226635244e-05,0.00024138441949617118,catatumbo,SPEAKER_00,31860.333,31860.708,3.0
0.06451867520809174,0.030918131582438946,1.3368246243317117e-07,1.5652082083761343e-06,5.519031098799587e-08,0.9464331269264221,catatumbo,SPEAKER_00,31860.667,31861.042,3.0
0.06494633108377457,0.039223166182637215,5.650237824283977e-07,0.0004389243258628994,7.350539817707613e-05,0.0011442543473094702,catatumbo,SPEAKER_00,31861.0,31861.375,3.0
0.1387719064950943,0.02083361754193902,1.1511989725931926e-06,0.1183587796986103,0.00019776273984462023,5.793675154563971e-05,catatumbo,SPEAKER_00,31861.333,31861.708,3.0
0.0540098138153553,0.036883024498820305,4.283900238988281e-07,5.4766860557720065e-05,0.00011420775626902469,0.011649721302092075,catatumbo,SPEAKER_00,31861.667,31862.042,3.0
0.0009200050844810903,0.18154383450746536,3.872949605465692e-07,0.03283998742699623,0.00016683585999999195,0.00012719794176518917,catatumbo,SPEAKER_00,31862.0,31862.375,3.0
0.004315384663641453,0.06642337702214718,2.107701035924947e-07,0.0011317249154672027,1.8877481124945916e-05,0.001867183018475771,catatumbo,SPEAKER_00,31862.333,31862.708,3.0
0.00449345400556922,0.13303453102707863,2.0046817894581181e-07,0.00016278828115900978,1.0820248917298159e-05,0.01139784511178732,catatumbo,SPEAKER_00,31862.667,31863.042,3.0
0.0017710101092234254,0.11875145509839058,2.493998110253415e-07,0.5369645357131958,3.174823973495222e-06,0.0025137041229754686,catatumbo,SPEAKER_00,31863.333,31863.708,3.0
0.003973026759922504,0.11614253744482994,2.887713037580397e-07,0.5813935697078705,1.8289319427822193e-06,0.003218200523406267,catatumbo,SPEAKER_00,31863.667,31864.042,3.0
0.0013831991236656904,0.18456213921308517,2.845232174308876e-07,0.5799338817596436,9.929268799169222e-06,0.0012989345705136657,catatumbo,SPEAKER_00,31864.0,31864.375,3.0
0.00514945387840271,0.07758969999849796,7.535071766540113e-08,1.1194079547749425e-06,1.171173202862974e-08,0.961866557598114,catatumbo,SPEAKER_00,31864.333,31864.708,3.0
0.0456753671169281,0.06664500944316387,3.104491241856522e-07,0.00028740992274833843,0.00023778599279467016,0.0012011175276711583,catatumbo,SPEAKER_00,31864.667,31865.042,3.0
0.13448397815227509,0.026228254660964012,1.3987098412826526e-07,2.744001719179323e-07,3.039008156235923e-08,0.9773789048194885,catatumbo,SPEAKER_00,31865.0,31865.375,3.0
0.00027732725720852613,0.17877554148435593,1.7024829901401972e-07,3.3915775929926895e-06,1.2658513810492877e-06,0.6746104955673218,catatumbo,SPEAKER_00,31865.333,31865.708,3.0
0.00010908315016422421,0.3780108541250229,2.9032078430191177e-07,0.01506032096222043,1.3353237591218203e-05,0.0017441612435504794,catatumbo,SPEAKER_00,31865.667,31866.042,3.0
0.0018165496876463294,0.20255209505558014,3.054012864822653e-07,0.23348994553089142,5.629418183161761e-06,0.0008355064783245325,catatumbo,SPEAKER_00,31866.333,31866.708,3.0
0.009183131158351898,0.04902908019721508,3.0858211630402366e-07,0.000741751806344837,3.825939984380966e-05,0.004595703445374966,catatumbo,SPEAKER_00,31866.667,31867.042,3.0
0.21231859922409058,0.021657665260136127,4.694741875255204e-07,0.0006020594155415893,8.949304901761934e-05,0.0032334080897271633,catatumbo,SPEAKER_00,31867.0,31867.375,3.0
0.07392524927854538,0.04013686906546354,1.0562493812926732e-07,1.672230837357347e-05,3.6668445773102576e-06,0.11173345893621445,catatumbo,SPEAKER_00,31867.333,31867.708,3.0
0.2900702655315399,0.007326816208660603,4.0545614865550306e-07,0.0007176077633630484,7.02809338690713e-05,0.0016256981762126088,catatumbo,SPEAKER_00,31867.667,31868.042,3.0
0.23948326706886292,0.012731158640235662,1.337150138169818e-06,0.009068649727851152,0.000907031528186053,0.00025377669953741133,catatumbo,SPEAKER_00,31868.0,31868.375,3.0
0.0050404188223183155,0.1191791221499443,3.368630174804821e-07,3.037657825188944e-05,2.4564099021517904e-06,0.14644429087638855,catatumbo,SPEAKER_00,31868.333,31868.708,3.0
0.013869269751012325,0.1049606204032898,4.91099655164362e-07,0.0016495581367053092,4.040774729219265e-05,0.0008034437196329236,catatumbo,SPEAKER_00,31868.667,31869.042,3.0
0.025952955707907677,0.02557262498885393,7.391152934133061e-07,0.024694438092410564,0.00018279231153428555,0.00021621622727252543,catatumbo,SPEAKER_00,31869.333,31869.708,3.0
8.092881762422621e-05,0.35002803802490234,4.562977835576021e-07,0.07510004937648773,5.001080171496142e-05,0.0002398619835730642,catatumbo,SPEAKER_00,31869.667,31870.042,3.0
0.0004462983342818916,0.1344776600599289,7.335706158073663e-07,0.010297276079654694,0.00033802850521169603,0.00025577881024219096,catatumbo,SPEAKER_00,31870.0,31870.375,3.0
0.0009833908407017589,0.0962095707654953,5.137394794019201e-07,0.007069039158523083,0.00022719759726896882,0.00038497906643897295,catatumbo,UNICO,31870.333,31870.708,3.0
0.004672645591199398,0.0614911038428545,2.9293331849089554e-07,0.0029270040104165673,6.0164229580550455e-05,0.0013671584893018007,catatumbo,UNICO,31870.667,31871.042,3.0
0.0004778761649504304,0.2278633788228035,1.7638765115179922e-07,0.0005550273926928639,2.4139866582117975e-05,0.0063397022895514965,catatumbo,UNICO,31871.0,31871.375,3.0
0.010251780971884727,0.03274001833051443,3.9325207268348095e-07,0.0006072994438000023,0.0002325924506294541,0.0011521268170326948,catatumbo,UNICO,31871.333,31871.708,3.0
0.01017353218048811,0.0957535021007061,1.867730325955108e-07,0.02609875798225403,4.813307441509096e-06,0.0005421139067038894,catatumbo,SPEAKER_00,31871.667,31872.042,3.0
0.0004062014049850404,0.1943942829966545,1.0239057104399762e-06,0.14604080095887184,7.817581354174763e-05,0.0005626284400932491,catatumbo,SPEAKER_00,31872.333,31872.708,3.0
0.002831199439242482,0.10036776959896088,4.636767414467613e-07,0.2710670977830887,9.533124739391496e-06,0.0008537519024685025,catatumbo,SPEAKER_00,31872.667,31873.042,3.0
0.0007272494840435684,0.2519918903708458,3.1404630718157023e-07,0.13901324570178986,3.552259045136452e-06,0.0013244535075500607,catatumbo,SPEAKER_00,31873.0,31873.375,3.0
0.00013957990449853241,0.4048788696527481,1.122169646095017e-07,4.3095780711155385e-05,3.7201285749688395e-06,0.07776529341936111,catatumbo,SPEAKER_00,31873.333,31873.708,3.0
0.0009709528530947864,0.09417648985981941,4.6158339372937007e-07,0.0004870843986282125,1.1563583939278033e-06,0.019258733838796616,catatumbo,SPEAKER_00,31873.667,31874.042,3.0
0.0030085723847150803,0.017980202101171017,1.9439948175659083e-06,0.3214349001646042,0.00013293510710354894,0.0006073759868741035,catatumbo,SPEAKER_00,31874.0,31874.375,3.0
0.006167001556605101,0.05546714551746845,9.887912710837554e-07,0.2029692381620407,0.0005815552140120417,0.00022297476243693382,catatumbo,SPEAKER_00,31874.333,31874.708,3.0
0.006174710113555193,0.07067888788878918,4.769155026451699e-07,0.421944335103035,5.660256647388451e-06,0.0016111464938148856,catatumbo,SPEAKER_00,31874.667,31875.042,3.0
0.0014123417204245925,0.06157820113003254,6.599841384513638e-07,0.2398345097899437,8.313622402056353e-06,0.0010807393118739128,catatumbo,SPEAKER_00,31875.333,31875.708,3.0
0.039954956620931625,0.04046049527823925,5.189296317098524e-07,0.30608390271663666,2.8648468060055166e-06,0.0015008291229605675,catatumbo,SPEAKER_00,31875.667,31876.042,3.0
0.05720878019928932,0.03565469942986965,1.378301135446236e-06,0.012338066473603249,0.0006540825124830008,0.00019559336942620575,catatumbo,SPEAKER_00,31876.0,31876.375,3.0
0.0819428488612175,0.01984456041827798,3.8282613701312584e-07,0.00010087873670272529,2.1538726855396817e-06,0.030154109001159668,catatumbo,SPEAKER_00,31876.333,31876.708,3.0
0.03497256711125374,0.045984018594026566,8.246163076819357e-07,0.006606488488614559,0.0003072040999541059,0.0006043051835149527,catatumbo,SPEAKER_00,31876.667,31877.042,3.0
0.014390625059604645,0.13473009318113327,9.08837904489701e-07,0.28108491003513336,7.377855581580661e-05,0.0001975005870917812,catatumbo,SPEAKER_00,31877.0,31877.375,3.0
0.01670507900416851,0.08575237914919853,3.717832157690282e-07,0.001991826924495399,6.108967681939248e-06,0.003196420380845666,catatumbo,SPEAKER_00,31877.333,31877.708,3.0
0.01055099256336689,0.06293064169585705,9.870883843632328e-07,0.08424791321158409,0.00016960329958237708,0.00022736765095032752,catatumbo,SPEAKER_00,31877.667,31878.042,3.0
0.018717484548687935,0.023448452353477478,1.0427602461504648e-06,0.11278330162167549,0.0011168671771883965,0.00030810327734798193,catatumbo,SPEAKER_00,31878.333,31878.708,3.0
0.007902191020548344,0.029364818707108498,5.91322937282257e-07,0.00011002408791682683,4.109440396860009e-06,0.05626659095287323,catatumbo,SPEAKER_00,31878.667,31879.042,3.0
0.03608265519142151,0.05594952031970024,5.855521436615163e-07,5.452666118799243e-05,7.808909685991239e-06,0.0674150362610817,catatumbo,SPEAKER_00,31879.0,31879.375,3.0
0.005402809474617243,0.0797090232372284,5.344624511849361e-07,0.022685246542096138,7.868766624596901e-05,0.00020925265562254936,catatumbo,SPEAKER_00,31879.333,31879.708,3.0
0.0012894620886072516,0.15871871262788773,3.325168904666498e-07,0.03727639373391867,0.0002663580671651289,0.00033550060470588505,catatumbo,SPEAKER_00,31879.667,31880.042,3.0
0.009185113944113255,0.10346058011054993,5.328090679768138e-07,0.08381558209657669,7.269652633112855e-05,0.0002543495793361217,catatumbo,SPEAKER_00,31880.0,31880.375,3.0
0.0003672224411275238,0.3242216259241104,3.8362699328331473e-07,0.023778047412633896,1.0144566658709664e-05,0.0006322736735455692,catatumbo,SPEAKER_00,31880.333,31880.708,3.0
0.0014660883462056518,0.28848086297512054,5.369362767737584e-07,0.058495812118053436,0.00017622676386963576,0.00018288273713551462,catatumbo,UNICO,31880.667,31881.042,3.0
0.00040642236126586795,0.43918776512145996,6.566171038002722e-07,0.006261395290493965,0.0007970438164193183,0.0003121241752523929,catatumbo,UNICO,31881.333,31881.708,3.0
0.0007120516384020448,0.36642976105213165,3.8628307663657324e-07,0.0006113794806879014,0.0015477168490178883,0.0015868345508351922,catatumbo,UNICO,31881.667,31882.042,3.0
0.00021918171842116863,0.34852997958660126,2.11350602796756e-07,0.0016092045698314905,6.614719313802198e-05,0.002249601762741804,catatumbo,UNICO,31882.0,31882.375,3.0
0.0009698697249405086,0.22676778584718704,4.3835596130747945e-07,0.005715223262086511,1.8014681700151414e-05,0.0009967007208615541,catatumbo,SPEAKER_00,31882.333,31882.708,3.0
0.0002840122324414551,0.31843268871307373,3.7077062131629646e-07,0.4358677715063095,8.828186309983721e-06,0.002350538969039917,catatumbo,SPEAKER_00,31882.667,31883.042,3.0
0.00015327347500715405,0.7403462827205658,1.6431338423217312e-07,0.011731529142707586,0.00018733480828814209,0.003751769196242094,catatumbo,SPEAKER_00,31883.0,31883.375,3.0
0.00038808907265774906,0.30937638878822327,3.522505522823849e-07,0.2925179451704025,1.0035259947471786e-05,0.0023161331191658974,catatumbo,SPEAKER_00,31883.333,31883.708,3.0
0.0007560934755019844,0.4529063105583191,2.195719588371503e-07,0.565788745880127,1.5382899618998636e-05,0.004055776167660952,catatumbo,SPEAKER_00,31883.667,31884.042,3.0
0.0008861973765306175,0.3022221475839615,2.992383656419406e-07,0.0005682721530320123,1.2626076568267308e-05,0.016856053844094276,catatumbo,SPEAKER_00,31884.333,31884.708,3.0
0.002809840487316251,0.07876666262745857,3.0534496886502893e-07,0.0014325347729027271,2.5408075089217164e-05,0.003235080512240529,catatumbo,SPEAKER_00,31884.667,31885.042,3.0
0.01902160793542862,0.06293236650526524,6.795065630171848e-07,9.304812556365505e-05,2.0539138404274127e-05,0.040247246623039246,catatumbo,SPEAKER_00,31885.0,31885.375,3.0
0.0014141000574454665,0.03301488980650902,2.7143448022570738e-06,0.09726571850478649,0.0004482691874727607,0.00019488207180984318,catatumbo,SPEAKER_00,31885.333,31885.708,3.0
8.54914978845045e-05,0.43709300458431244,2.8793183659558963e-07,0.0005036005022702739,2.537067030061735e-05,0.011003987863659859,catatumbo,SPEAKER_00,31885.667,31886.042,3.0
0.00023592110665049404,0.37478236854076385,1.667870215271705e-07,0.00028474920691223815,5.169733185539371e-06,0.0480940155684948,catatumbo,SPEAKER_00,31886.0,31886.375,3.0
0.00014023571566212922,0.27827106416225433,4.364850028082401e-07,0.0018534183618612587,9.709132791613229e-05,0.00163495063316077,catatumbo,UNICO,31886.333,31886.708,3.0
0.0033718515187501907,0.0971330814063549,4.1807896877799067e-07,0.040124284103512764,6.82702120684553e-05,0.00025018511223606765,catatumbo,SPEAKER_00,31886.667,31887.042,3.0
0.00088695646263659,0.2558012455701828,5.171224159994381e-07,0.2460000142455101,2.8577181183209177e-05,0.0004212383064441383,catatumbo,SPEAKER_00,31887.333,31887.708,3.0
0.0008189586806111038,0.14829374104738235,1.416974697576734e-07,0.0001726999835227616,6.993517217779299e-06,0.021462086588144302,catatumbo,SPEAKER_00,31887.667,31888.042,3.0
0.0005690414109267294,0.1655273325741291,1.0204819389514341e-07,4.5760836655972525e-05,1.1852606007778377e-06,0.1616986244916916,catatumbo,SPEAKER_00,31888.0,31888.375,3.0
0.0018577218288555741,0.13725236058235168,2.79996449137343e-07,0.08957043290138245,1.2341834008111618e-05,0.0005883224657736719,catatumbo,SPEAKER_00,31888.333,31888.708,3.0
0.001625161268748343,0.1470699980854988,1.0540031603056832e-07,0.00033273219014517963,3.54679832526017e-06,0.056583598256111145,catatumbo,SPEAKER_00,31888.667,31889.042,3.0
0.003007621271535754,0.08527034148573875,2.030476569103712e-07,0.1604093424975872,8.905803952075075e-06,0.0017172079533338547,catatumbo,SPEAKER_00,31889.0,31889.375,3.0
0.0023598435800522566,0.10901693254709244,1.9614555313296478e-07,6.080237290007062e-05,7.266245120263193e-06,0.03465065360069275,catatumbo,SPEAKER_00,31889.333,31889.708,3.0
0.0004496771143749356,0.22686008363962173,2.6245559769932925e-07,0.00015186528253252618,1.5924336480566126e-06,0.025960521772503853,catatumbo,SPEAKER_00,31889.667,31890.042,3.0
5.5493685067631304e-05,0.6127601861953735,3.837032203080071e-07,0.0004052524091093801,1.811890888347989e-05,0.007980849593877792,catatumbo,SPEAKER_00,31890.333,31890.708,3.0
0.0005078722024336457,0.23713227361440659,4.512523545940894e-07,0.16475143283605576,8.743121361476369e-05,0.0002792127779684961,catatumbo,SPEAKER_00,31890.667,31891.042,3.0
0.0003407212789170444,0.31837716698646545,2.3591767117636664e-07,0.0022746349568478763,4.368087320472114e-05,0.003236084943637252,catatumbo,UNICO,31891.0,31891.375,3.0
0.006253174040466547,0.057095736265182495,1.6318097451062386e-07,7.968555109982844e-06,1.8157297745347023e-06,0.2830611765384674,catatumbo,UNICO,31891.333,31891.708,3.0
0.002557056490331888,0.012095215264707804,6.451686189734573e-07,0.0001325082303083036,1.2384501133055892e-05,0.035424258559942245,catatumbo,SPEAKER_00,31891.667,31892.042,3.0
0.06937903165817261,0.013201536843553185,2.056921374560261e-06,0.03660316579043865,0.00019809271907433867,0.00019421482284087688,catatumbo,SPEAKER_00,31892.0,31892.375,3.0
0.0006762590492144227,0.1602187156677246,7.23237747024541e-07,0.10086668841540813,0.00023172064538812265,0.0007013377035036683,catatumbo,SPEAKER_00,31892.333,31892.708,3.0
0.0010550054721534252,0.13698897883296013,2.2900457707919486e-07,0.02000520098954439,2.401554593234323e-05,0.001087190699763596,catatumbo,UNICO,31892.667,31893.042,3.0
0.001245365128852427,0.17428626865148544,3.537277777354575e-07,0.4415835589170456,3.8372303379219375e-06,0.0026233878452330828,catatumbo,SPEAKER_00,31893.333,31893.708,3.0
0.0002935315133072436,0.32064561545848846,3.0929805916457553e-07,0.07102663069963455,0.0002823280665325001,0.00022011953114997596,catatumbo,SPEAKER_00,31893.667,31894.042,3.0
0.0009259823709726334,0.20112237334251404,3.4752275723803905e-07,0.0007653386564925313,3.6980321965529583e-05,0.0020657384302467108,catatumbo,SPEAKER_00,31894.0,31894.375,3.0
0.030464425683021545,0.0352174025028944,2.964385998893704e-07,1.7261105966781543e-07,2.8983199484855504e-07,0.9849398732185364,catatumbo,SPEAKER_00,31894.333,31894.708,3.0
0.006509552709758282,0.025726711843162775,1.0688539617831339e-06,0.003611446125432849,0.0004863874928560108,0.0006146965315565467,catatumbo,SPEAKER_00,31894.667,31895.042,3.0
0.002571785356849432,0.05270256660878658,5.839841534793777e-07,0.000796463864389807,1.2883567990229494e-06,0.007949663326144218,catatumbo,SPEAKER_00,31895.0,31895.375,3.0
0.006198148708790541,0.027968904934823513,6.880810516918245e-07,0.41581667959690094,9.034176173372543e-06,0.0007540908409282565,catatumbo,SPEAKER_00,31895.333,31895.708,3.0
0.0004083324165549129,0.09261172264814377,3.818327485305417e-07,0.6162447333335876,1.7366836800647434e-05,0.0016675606602802873,catatumbo,SPEAKER_00,31895.667,31896.042,3.0
0.0009442136506550014,0.10170494206249714,6.836902173290582e-07,0.2584027349948883,3.236593784095021e-05,0.0005077894311398268,catatumbo,SPEAKER_00,31896.333,31896.708,3.0
0.001052960753440857,0.08736972138285637,3.9028548926012263e-07,0.11912309005856514,1.855898790381616e-05,0.0003035719273611903,catatumbo,SPEAKER_00,31896.667,31897.042,3.0
0.003224010579288006,0.14346027188003063,3.7582149303716506e-07,0.013423317577689886,3.0251437237893697e-05,0.00044811159023083746,catatumbo,SPEAKER_00,31897.0,31897.375,3.0
0.0229998379945755,0.058001862838864326,6.194642097057113e-07,0.022051895037293434,2.2625023120781407e-05,0.0002730869746301323,catatumbo,SPEAKER_00,31897.333,31897.708,3.0
0.02526363544166088,0.06636497378349304,5.302630725623203e-07,0.00022728856129106134,1.0994599733749055e-05,0.021112849935889244,catatumbo,SPEAKER_00,31897.667,31898.042,3.0
0.0010232266504317522,0.17203416302800179,4.306723937474999e-07,0.002546869625803083,2.1952652787149418e-05,0.005031365901231766,catatumbo,SPEAKER_00,31898.0,31898.375,3.0
0.0007429371471516788,0.15639708936214447,5.081670622075762e-07,0.23750975728034973,1.0245968951494433e-05,0.0008133735391311347,catatumbo,SPEAKER_00,31898.333,31898.708,3.0
0.00046126125380396843,0.168023481965065,3.173825575686351e-07,0.3219836950302124,3.453634121797222e-06,0.0018497330602258444,catatumbo,SPEAKER_00,31898.667,31899.042,3.0
0.0007261203718371689,0.19142815470695496,3.328360378418438e-07,0.47776181995868683,2.332900567125762e-05,0.0009446244803257287,catatumbo,SPEAKER_00,31899.333,31899.708,3.0
0.0016751710791140795,0.13309217244386673,4.4850597191725683e-07,0.039908379316329956,0.0004998562799300998,0.00010529063729336485,catatumbo,SPEAKER_00,31899.667,31900.042,3.0
0.0020368630066514015,0.06887255609035492,1.6567155469715544e-07,1.702336703601759e-05,4.277156222087797e-06,0.10921163111925125,catatumbo,SPEAKER_00,31900.0,31900.375,3.0
0.0007572208414785564,0.14177631586790085,4.337927990150092e-07,0.3119857907295227,5.645315013680374e-06,0.0018571994733065367,catatumbo,SPEAKER_00,31900.333,31900.708,3.0
0.18049024045467377,0.009597042808309197,2.078103733538228e-07,0.0004753753019031137,1.8818881017068634e-05,0.005699205212295055,catatumbo,SPEAKER_00,31900.667,31901.042,3.0
0.09357437491416931,0.022481875494122505,7.473627761100943e-08,2.3620442561878008e-06,3.6809270298476804e-08,0.8569540977478027,catatumbo,SPEAKER_00,31901.0,31901.375,3.0
0.08145415782928467,0.03812778182327747,3.0148473229019146e-07,0.0007233885407913476,1.0031679948951933e-05,0.0023720080498605967,catatumbo,SPEAKER_00,31901.333,31901.708,3.0
0.06956604868173599,0.03793235030025244,3.4597491094245925e-07,0.00013163626863388345,6.946163011889439e-05,0.007883871905505657,catatumbo,SPEAKER_00,31901.667,31902.042,3.0
0.08513226360082626,0.02834236156195402,1.4949942084285794e-07,1.3015545391681371e-05,8.916383649193449e-06,0.1053679808974266,catatumbo,SPEAKER_00,31902.333,31902.708,3.0
0.2854430675506592,0.006258202018216252,2.887421288733094e-07,6.694036346743815e-05,9.208745495925541e-06,0.03326448053121567,catatumbo,SPEAKER_00,31902.667,31903.042,3.0
0.04816197603940964,0.041875407099723816,5.903085451564039e-07,0.04589192569255829,1.5330893347709207e-05,0.000348594126990065,catatumbo,SPEAKER_00,31903.0,31903.375,3.0
0.005982433911412954,0.059151893481612206,9.382946188907226e-07,0.17415334284305573,6.205868885444943e-05,0.0007522756932303309,catatumbo,SPEAKER_00,31903.333,31903.708,3.0
0.011597132310271263,0.08658241480588913,3.345386474506995e-07,2.2783201529819053e-05,6.924466049440525e-07,0.10332591831684113,catatumbo,SPEAKER_00,31903.667,31904.042,3.0
0.11345688253641129,0.03726119175553322,4.520345626701783e-07,7.17150469426997e-05,2.107101408910239e-05,0.009581676684319973,catatumbo,SPEAKER_00,31904.0,31904.375,3.0
0.2987866997718811,0.008402639767155051,6.15155954619695e-07,0.009210261050611734,5.5036123740137555e-05,0.0003292484034318477,catatumbo,SPEAKER_00,31904.333,31904.708,3.0
0.0014740392798557878,0.09364770725369453,9.059183412318816e-07,0.16185077652335167,2.7168043743586168e-05,0.001233853166922927,catatumbo,SPEAKER_00,31904.667,31905.042,3.0
0.001813524286262691,0.1418236531317234,3.8665340440502405e-07,0.19122348725795746,0.00012474508184823208,0.00019621444516815245,catatumbo,SPEAKER_00,31905.333,31905.708,3.0
0.0017607822082936764,0.19073304533958435,3.209079864063824e-07,0.029151438735425472,0.00016152636089827865,0.00018698247731663287,catatumbo,UNICO,31905.667,31906.042,3.0
0.0007414850406348705,0.1841256469488144,1.802176132770228e-07,0.010664638131856918,2.4593970010755584e-05,0.0010336677078157663,catatumbo,UNICO,31906.0,31906.375,3.0
0.0005405005649663508,0.25596755743026733,1.6933988078449147e-07,0.004292271914891899,1.940938727784669e-05,0.003910460509359837,catatumbo,UNICO,31906.333,31906.708,3.0
0.0003116353473160416,0.3381752073764801,1.7679057329189618e-07,0.029116004705429077,0.0001817978554754518,0.0006592409336008132,catatumbo,UNICO,31906.667,31907.042,3.0
0.0010154764167964458,0.13096392527222633,3.198024991490911e-07,0.0058762559201568365,5.175417391001247e-05,0.0007593539194203913,catatumbo,UNICO,31907.0,31907.375,3.0
0.001162122585810721,0.1340676248073578,2.5138758985576715e-07,0.02347635943442583,0.00022979411005508155,0.0003118903550785035,catatumbo,UNICO,31907.333,31907.708,3.0
0.0021196522284299135,0.11209530383348465,2.907768639204278e-07,0.0009598665055818856,0.00013394466805038974,0.0018745174165815115,catatumbo,UNICO,31907.667,31908.042,3.0
0.001549156615510583,0.1463009938597679,4.827380912786339e-07,0.0013670959742739797,3.0846166737319436e-05,0.0038010766729712486,catatumbo,SPEAKER_00,31908.333,31908.708,3.0
0.011457099579274654,0.03658086061477661,6.540012833511355e-07,0.03795726038515568,4.458427611098159e-05,0.0004536436463240534,catatumbo,SPEAKER_00,31908.667,31909.042,3.0
0.0020736143924295902,0.05862612649798393,4.121597356743223e-07,0.036023395135998726,0.0006133670394774526,0.00011660792370093986,catatumbo,SPEAKER_00,31909.0,31909.375,3.0
0.0034451084211468697,0.0423825541511178,3.3001620991512937e-07,0.03386215399950743,0.00024616337759653106,0.00012800989497918636,catatumbo,SPEAKER_00,31909.333,31909.708,3.0
0.0012146483641117811,0.06084279529750347,2.4741730442201515e-07,0.0965598002076149,6.0266806940489914e-06,0.0010034043807536364,catatumbo,SPEAKER_00,31909.667,31910.042,3.0
0.0004603327251970768,0.16125639528036118,5.475600346471765e-07,0.013082270044833422,5.5071242968551815e-05,0.000510430836584419,catatumbo,SPEAKER_00,31910.0,31910.375,3.0
0.0015110205858945847,0.08852798119187355,3.636486098912428e-07,0.07787777483463287,2.929598394985078e-05,0.0005423237453214824,catatumbo,SPEAKER_00,31910.333,31910.708,3.0
0.0002728215476963669,0.22039469331502914,2.5449509877262244e-07,0.06570542231202126,2.7448495529824868e-05,0.0004737048002425581,catatumbo,SPEAKER_00,31910.667,31911.042,3.0
0.0017070708563551307,0.1462540626525879,2.0552072399482313e-07,0.00027962004969595,1.2557149148051394e-05,0.04067258536815643,catatumbo,SPEAKER_00,31911.333,31911.708,3.0
0.015952719375491142,0.02612566202878952,4.2571780412004046e-07,0.001153554767370224,0.0001519802535767667,0.0013347369385883212,catatumbo,SPEAKER_00,31911.667,31912.042,3.0
0.021733397617936134,0.020741728134453297,2.6743259695649613e-07,9.341115173810977e-06,1.4604725947719999e-05,0.324844092130661,catatumbo,SPEAKER_00,31912.0,31912.375,3.0
0.0020203879103064537,0.06662101671099663,2.2150690526245853e-07,0.07353335618972778,1.7293918972427491e-06,0.003836970077827573,catatumbo,SPEAKER_00,31912.333,31912.708,3.0
0.006382476072758436,0.053936297073960304,4.5746324417450523e-07,0.3702915459871292,1.6537910596525762e-05,0.00243411329574883,catatumbo,SPEAKER_00,31912.667,31913.042,3.0
0.0031296841334551573,0.12087974511086941,2.6782623052667986e-07,0.4510207772254944,1.0350977390771732e-05,0.0036518762353807688,catatumbo,SPEAKER_00,31913.0,31913.375,3.0
0.001573224551975727,0.11847301572561264,9.552135793455818e-08,6.939859758858802e-06,3.896165935657336e-06,0.12515966594219208,catatumbo,SPEAKER_00,31913.333,31913.708,3.0
0.019173795357346535,0.037743544206023216,2.2615921224655722e-07,0.0005681783950421959,5.101886563352309e-05,0.0010569499572739005,catatumbo,SPEAKER_00,31913.667,31914.042,3.0
0.01505227666348219,0.13816994428634644,7.041231242510548e-08,0.0005299754848238081,7.283046943484806e-05,0.004794447682797909,catatumbo,SPEAKER_00,31914.333,31914.708,3.0
0.00024290330475196242,0.21500122547149658,1.207762139188162e-07,0.029574770480394363,7.389261736534536e-05,0.0004514061729423702,catatumbo,SPEAKER_00,31914.667,31915.042,3.0
0.0002868043084163219,0.2729080766439438,8.103966209205282e-08,0.01577723305672407,0.001492560957558453,0.00021735676273237914,catatumbo,SPEAKER_00,31915.0,31915.375,3.0
0.0003320963878650218,0.24110519886016846,1.2471504984290505e-07,0.005035249516367912,3.2225453651335556e-05,0.0012068309588357806,catatumbo,UNICO,31915.333,31915.708,3.0
0.00014646310592070222,0.32998761534690857,2.1661747595658198e-07,0.13521169126033783,4.150041422690265e-05,0.0005656672874465585,catatumbo,SPEAKER_00,31915.667,31916.042,3.0
0.005862139165401459,0.09747606888413429,8.104934892116944e-07,0.015491449739784002,0.0007333108223974705,0.00010488498082850128,catatumbo,SPEAKER_00,31916.0,31916.375,3.0
0.00580605398863554,0.07198860123753548,4.082058353560569e-07,0.04009399190545082,5.39251632289961e-05,0.0005306308739818633,catatumbo,SPEAKER_00,31916.333,31916.708,3.0
0.003801583545282483,0.0639787819236517,4.941036433336876e-07,0.002544526243582368,3.059112486880622e-06,0.005792801734060049,catatumbo,SPEAKER_00,31916.667,31917.042,3.0
0.00013367483916226774,0.32239873707294464,1.7641821514757794e-07,0.33939093351364136,8.11854124549427e-06,0.003136830637231469,catatumbo,SPEAKER_00,31917.333,31917.708,3.0
0.003309686202555895,0.04922333173453808,6.913032279953768e-07,0.09005699306726456,0.00019333953241584823,0.0004999926313757896,catatumbo,SPEAKER_00,31917.667,31918.042,3.0
0.0006870279321447015,0.2444293424487114,5.709257848707239e-07,0.07297495007514954,0.00021666819520760328,0.0003195303143002093,catatumbo,SPEAKER_00,31918.0,31918.375,3.0
0.03516809642314911,0.02756822295486927,1.8536724510909153e-07,0.0037396911066025496,3.693071562338446e-06,0.0010636989027261734,catatumbo,SPEAKER_00,31918.333,31918.708,3.0
0.001021416625007987,0.14293207228183746,4.522879635260324e-07,3.720279892149847e-06,1.090180916207828e-06,0.4390846788883209,catatumbo,SPEAKER_00,31918.667,31919.042,3.0
0.0002875863283406943,0.18252235651016235,3.812720041906914e-07,0.01837455714121461,3.6746994737768546e-05,0.0004198480164632201,catatumbo,SPEAKER_00,31919.0,31919.375,3.0
0.000123411780805327,0.3499394506216049,9.808681156187049e-08,0.00046648176794406027,0.0002645569766173139,0.003132876940071583,catatumbo,SPEAKER_00,31919.333,31919.708,3.0
0.0003148260875605047,0.2092512622475624,2.2846672820264757e-07,0.0008977664110716432,0.00022074029402574524,0.00256348866969347,catatumbo,UNICO,31919.667,31920.042,3.0
0.05731083080172539,0.025460555218160152,3.679157032365765e-07,1.6278133443847764e-05,2.886393849621527e-05,0.09407379478216171,catatumbo,SPEAKER_00,31928.333,31928.708,3.0
0.00045302786747924984,0.24301236122846603,2.571877111279264e-07,1.1679911949613597e-05,2.404621682217112e-06,0.2043158859014511,catatumbo,SPEAKER_00,31928.667,31929.042,3.0
0.008777789771556854,0.03630066104233265,2.0194599770206878e-07,1.4784492350372602e-06,7.061764506488544e-07,0.7440859079360962,catatumbo,SPEAKER_00,31929.333,31929.708,3.0
0.002144729485735297,0.11626624688506126,2.2041736258415767e-07,1.1318242911784182e-06,3.146421079236461e-07,0.9315013289451599,catatumbo,SPEAKER_00,31929.667,31930.042,3.0
0.0003397073596715927,0.2515792027115822,1.4801744718795362e-07,2.852351030924183e-06,2.4291894362704625e-07,0.7732713222503662,catatumbo,SPEAKER_00,31930.0,31930.375,3.0
0.0003826685715466738,0.2635638862848282,3.5778109008788306e-07,0.1584453210234642,1.1789393852268404e-06,0.001962511334568262,catatumbo,SPEAKER_00,31930.333,31930.708,3.0
0.0010547034908086061,0.11866829544305801,6.642298444603512e-07,0.4563683718442917,8.189601885533193e-06,0.0028490587137639523,catatumbo,SPEAKER_00,31930.667,31931.042,3.0
0.002683596918359399,0.07285327091813087,3.619463200266182e-07,0.6483601331710815,2.8993498517593252e-06,0.005450714845210314,catatumbo,SPEAKER_00,31931.0,31931.375,3.0
0.0060381763614714146,0.20592274516820908,5.284968409569046e-07,0.5868119895458221,4.172567969362717e-05,0.0008742593927308917,catatumbo,SPEAKER_00,31931.333,31931.708,3.0
0.09388813376426697,0.06444008089601994,6.598812660740805e-07,0.3405146151781082,9.978753587347455e-05,0.00022276311938185245,catatumbo,SPEAKER_00,31931.667,31932.042,3.0
0.000901909836102277,0.1536942534148693,3.393541163632108e-07,0.464461088180542,3.0572439300158294e-06,0.002862415509298444,catatumbo,SPEAKER_00,31932.333,31932.708,3.0
0.00032161950366571546,0.2718893587589264,6.408647195144113e-07,0.030282451771199703,0.00021399997785920277,0.0001900976785691455,catatumbo,SPEAKER_00,31932.667,31933.042,3.0
0.0021565547212958336,0.08415980078279972,1.7238824057130842e-07,0.00041513677570037544,8.85907525116636e-06,0.00967321265488863,catatumbo,UNICO,31933.0,31933.375,3.0
0.0021034711971879005,0.10921624675393105,1.926119246320468e-07,4.96006578032393e-06,3.4419081202941015e-06,0.4371568560600281,catatumbo,SPEAKER_00,31933.333,31933.708,3.0
0.00023263490584213287,0.29705649614334106,3.7720941747920733e-07,2.2161069864523597e-05,1.158015470537066e-05,0.08087800443172455,catatumbo,SPEAKER_00,31933.667,31934.042,3.0
0.0007747592171654105,0.14402596652507782,2.952862310223736e-07,0.00010717689656303264,3.049187625947525e-06,0.03947795182466507,catatumbo,SPEAKER_00,31934.0,31934.375,3.0
0.0013169891899451613,0.16611675918102264,4.4705138435574554e-07,0.004521626979112625,2.135124486812856e-05,0.0025388472713530064,catatumbo,SPEAKER_00,31934.333,31934.708,3.0
0.0009173572761937976,0.06614966876804829,9.020048565844263e-07,0.0002633459589560516,0.00016410074022132903,0.00408043572679162,catatumbo,SPEAKER_00,31934.667,31935.042,3.0
0.0005181209417060018,0.13787193596363068,5.550366637407933e-07,0.04987717233598232,9.474462331127143e-06,0.000619648490101099,catatumbo,SPEAKER_00,31935.333,31935.708,3.0
0.0015387118328362703,0.06825804710388184,2.3858079600813653e-07,9.866037726169452e-05,4.480943516682601e-06,0.03789493814110756,catatumbo,SPEAKER_00,31935.667,31936.042,3.0
0.0006865393370389938,0.19316528737545013,4.020515191882623e-07,0.2451777458190918,2.9719910799030913e-06,0.002446612110361457,catatumbo,SPEAKER_00,31936.0,31936.375,3.0
0.0007050339481793344,0.20282145589590073,7.472166529964852e-07,0.09256114438176155,1.2223440535308328e-05,0.001275732647627592,catatumbo,SPEAKER_00,31936.333,31936.708,3.0
0.000857135106343776,0.18906058371067047,3.75609790381759e-07,0.007945500314235687,1.7101073808589717e-05,0.0023087565787136555,catatumbo,UNICO,31936.667,31937.042,3.0
0.0009650688152760267,0.19301561266183853,4.036860801193143e-07,0.003547964501194656,4.747721050080145e-06,0.003027224913239479,catatumbo,UNICO,31937.0,31937.375,3.0
0.0006060121231712401,0.21548867225646973,3.75124532325799e-07,0.09632144868373871,1.3637632036989089e-05,0.0016402024775743484,catatumbo,SPEAKER_00,31937.333,31937.708,3.0
0.0005614885594695807,0.1592845469713211,8.894583061191952e-07,0.00035426506656222045,2.2919987713976298e-05,0.010654349811375141,catatumbo,SPEAKER_00,31937.667,31938.042,3.0
0.0030729530844837427,0.060056330636143684,4.3188590126419513e-07,1.2140864328102907e-05,5.433377282315632e-06,0.10632526874542236,catatumbo,SPEAKER_00,31938.333,31938.708,3.0
0.0006964904605410993,0.05631357058882713,4.182820916298624e-07,1.8785448901326163e-05,8.700045555087854e-07,0.297497034072876,catatumbo,SPEAKER_00,31938.667,31939.042,3.0
0.013768596574664116,0.06593351811170578,7.153100085588449e-07,0.010720456251874566,4.190561185168917e-06,0.0007081213407218456,catatumbo,SPEAKER_00,31939.0,31939.375,3.0
0.0058746631257236,0.08389868587255478,3.195440640979541e-07,6.18608396507625e-06,4.800573520924445e-07,0.30349329113960266,catatumbo,SPEAKER_00,31939.333,31939.708,3.0
0.007081964984536171,0.1046849973499775,7.020214809472236e-07,0.04160936176776886,8.178575171768898e-06,0.0004702126607298851,catatumbo,SPEAKER_00,31939.667,31940.042,3.0
0.0008215216803364456,0.19554675370454788,1.1812501767849426e-06,0.10369083657860756,2.3328752831730526e-05,0.0003244479012209922,catatumbo,SPEAKER_00,31940.0,31940.375,3.0
0.0015214144950732589,0.11041873693466187,5.808063434642463e-07,0.012287217658013105,4.204182005196344e-05,0.0006511618266813457,catatumbo,SPEAKER_00,31940.333,31940.708,3.0
0.007184683345258236,0.08892946317791939,6.517553572393808e-07,0.06891745515167713,5.691116484740633e-06,0.0005639284499920905,catatumbo,SPEAKER_00,31940.667,31941.042,3.0
0.0006564009818248451,0.21736814081668854,3.053435122524206e-07,4.271852594683878e-05,8.244901891885092e-06,0.0459476001560688,catatumbo,SPEAKER_00,31941.333,31941.708,3.0
0.002850390737876296,0.10421299561858177,2.6517641771306444e-07,0.008393078576773405,3.706695861183107e-05,0.0007937173941172659,catatumbo,SPEAKER_00,31941.667,31942.042,3.0
0.00226821587421,0.13702084124088287,4.492764844599151e-07,0.02648751810193062,9.973712440114468e-05,0.0004721320001408458,catatumbo,SPEAKER_00,31942.0,31942.375,3.0
0.000332757510477677,0.26218365132808685,2.097670410705632e-07,0.002279897569678724,1.933153544086963e-05,0.007092632818967104,catatumbo,SPEAKER_00,31942.333,31942.708,3.0
0.00304918410256505,0.07928305864334106,3.3172210578413797e-07,0.0004444703663466498,0.0001155053178081289,0.0019933299627155066,catatumbo,UNICO,31942.667,31943.042,3.0
0.0008293552091345191,0.23961813747882843,3.023943122570927e-07,0.0008675226708874106,9.11562456167303e-05,0.0020261486060917377,catatumbo,UNICO,31943.0,31943.375,3.0
0.0011858157813549042,0.12520745396614075,2.5650809476474024e-07,0.0001574393463670276,8.970027920440771e-05,0.005836406722664833,catatumbo,UNICO,31943.333,31943.708,3.0
0.0017400889191776514,0.10220842808485031,1.5212610549042438e-07,0.00034013515687547624,1.0174548151553608e-05,0.012742849998176098,catatumbo,UNICO,31943.667,31944.042,3.0
0.12049772590398788,0.017207478173077106,1.770175543924779e-07,9.713157851365395e-05,4.066404017066816e-05,0.008133101277053356,catatumbo,SPEAKER_00,31944.333,31944.708,3.0
0.11461901664733887,0.016791436821222305,1.7182317435526784e-07,0.00019622100080596283,0.00018505427578929812,0.0013150839367881417,catatumbo,SPEAKER_00,31944.667,31945.042,3.0
0.00021172179549466819,0.1669345125555992,5.722769316207632e-07,7.012418791418895e-05,3.0483142836601473e-05,0.0319499708712101,catatumbo,SPEAKER_00,31945.0,31945.375,3.0
0.0006063421024009585,0.23402097821235657,5.798430287029532e-07,7.891775749158114e-05,8.65386155055603e-05,0.018369264900684357,catatumbo,SPEAKER_00,31945.333,31945.708,3.0
0.0004650428018067032,0.12094753980636597,1.1382640536794497e-06,0.0016502660582773387,0.000318843471177388,0.0014573371736332774,catatumbo,SPEAKER_00,31945.667,31946.042,3.0
0.0007512529264204204,0.13905692100524902,9.750329184043949e-07,0.009627470280975103,1.6040215086832177e-05,0.0016625513089820743,catatumbo,SPEAKER_00,31946.0,31946.375,3.0
0.012065403163433075,0.02196641662158072,1.308689860479717e-06,0.4106893688440323,1.5739679838588927e-05,0.00045361791853792965,catatumbo,SPEAKER_00,31946.333,31946.708,3.0
0.007083255797624588,0.053477901965379715,1.4593907735616085e-06,0.02857652772217989,0.0004956025368301198,0.000606516026891768,catatumbo,SPEAKER_00,31946.667,31947.042,3.0
0.00290158623829484,0.09470033273100853,2.709084938601336e-07,0.014763512182980776,4.5828803195036016e-05,0.0011906647123396397,catatumbo,SPEAKER_00,31947.333,31947.708,3.0
0.00026442407397553325,0.2919709235429764,1.5172565426269102e-07,0.003048919839784503,4.167976294411346e-05,0.0030921681318432093,catatumbo,UNICO,31947.667,31948.042,3.0
0.006358136888593435,0.07943173870444298,1.7143152675203055e-07,0.003678654320538044,1.296052141697146e-05,0.0011162268929183483,catatumbo,UNICO,31948.0,31948.375,3.0
0.001203390653245151,0.15560324490070343,2.9716853688910305e-07,0.07027939707040787,5.0073206239176216e-06,0.0012115631252527237,catatumbo,SPEAKER_00,31948.333,31948.708,3.0
0.0002769713173620403,0.4126302897930145,2.6510571160542895e-07,0.255988709628582,1.5408981198561378e-05,0.0042136963456869125,catatumbo,SPEAKER_00,31948.667,31949.042,3.0
0.00026781458291225135,0.3726319819688797,2.3524231806959506e-07,0.10724624991416931,8.57961094880011e-06,0.0033097241539508104,catatumbo,SPEAKER_00,31949.0,31949.375,3.0
0.0006926925270818174,0.28230638802051544,6.68423382421679e-07,0.03385356813669205,8.565010102756787e-05,0.00042052470962516963,catatumbo,SPEAKER_00,31949.333,31949.708,3.0
0.0003580049960874021,0.325981080532074,1.7933634488542793e-07,0.08636382967233658,5.1241058827145025e-06,0.008145881816744804,catatumbo,SPEAKER_00,31949.667,31950.042,3.0
0.00027341340319253504,0.3133852630853653,3.8267869584274194e-07,0.00026367217651568353,1.769244045135565e-05,0.005014326889067888,catatumbo,SPEAKER_00,31950.333,31950.708,3.0
0.0005640783929266036,0.23473550379276276,4.169342560089717e-07,0.0003194766759406775,6.654265780525748e-05,0.014399182051420212,catatumbo,SPEAKER_00,31950.667,31951.042,3.0
0.00039493071381002665,0.28375281393527985,2.3781109703691072e-07,0.0006066020578145981,0.00011920086762984283,0.0035780242178589106,catatumbo,UNICO,31971.667,31972.042,3.0
0.0003370635095052421,0.3381088376045227,1.7809807850710513e-07,0.0072105214931070805,7.935540270409547e-05,0.0007110561709851027,catatumbo,SPEAKER_00,31972.0,31972.375,3.0
0.0005424791597761214,0.17703812569379807,3.3203480143129127e-07,0.001120912958867848,4.1434503145865165e-05,0.002899503568187356,catatumbo,SPEAKER_00,31972.333,31972.708,3.0
0.0004380937898531556,0.36330801248550415,2.1612199496701123e-07,0.02169908955693245,2.505527481844183e-05,0.0038598929531872272,catatumbo,SPEAKER_00,31972.667,31973.042,3.0
0.0006498915026895702,0.25863784551620483,4.086074056885991e-07,0.5571245849132538,4.05593091272749e-05,0.0018220277270302176,catatumbo,SPEAKER_00,31973.0,31973.375,3.0
0.0006203948869369924,0.29364679753780365,2.470273798849121e-07,0.0009574676514603198,9.803284410736524e-05,0.0030168192461133003,catatumbo,SPEAKER_00,31973.333,31973.708,3.0
0.00046346511226147413,0.21725928783416748,4.1604715761422995e-07,0.3533991575241089,3.446672599238809e-05,0.0022474227007478476,catatumbo,SPEAKER_00,31973.667,31974.042,3.0
0.0009898683056235313,0.26252540946006775,2.808567494128056e-07,0.00027944145404035226,4.899405575997662e-05,0.00742260180413723,catatumbo,SPEAKER_00,31974.333,31974.708,3.0
0.0035241469740867615,0.05839213915169239,4.1493075997323103e-07,0.17258039861917496,8.318364052684046e-06,0.001549972454085946,catatumbo,SPEAKER_00,31974.667,31975.042,3.0
0.0019345299806445837,0.18414215743541718,2.139448831428581e-07,0.09298830106854439,2.799059302560636e-06,0.002358602359890938,catatumbo,SPEAKER_00,31975.0,31975.375,3.0
0.0040570651181042194,0.13685762882232666,5.010240258229715e-07,0.044366504997015,5.664444188369089e-06,0.0011336910538375378,catatumbo,SPEAKER_00,31975.333,31975.708,3.0
0.0028450663667172194,0.14694799110293388,2.958848455136831e-07,0.01072546374052763,1.630094448046293e-05,0.0008795605390332639,catatumbo,SPEAKER_00,31975.667,31976.042,3.0
0.00240365881472826,0.14236841723322868,7.555112802037911e-08,0.0008553652442060411,6.704657243972179e-05,0.01988505944609642,catatumbo,SPEAKER_00,31976.0,31976.375,3.0
0.0010786688653752208,0.20560238510370255,1.2616503575202387e-07,6.744926577084698e-05,9.294295068684733e-06,0.09299859404563904,catatumbo,SPEAKER_00,31976.333,31976.708,3.0
0.0011271267430856824,0.21328061074018478,4.375448554583272e-07,0.1387445218861103,8.463535323244287e-06,0.001232443144544959,catatumbo,SPEAKER_00,31976.667,31977.042,3.0
0.0022801090963184834,0.1225208267569542,5.084486289774759e-07,0.34081636369228363,8.148213964886963e-06,0.001978375483304262,catatumbo,SPEAKER_00,31977.333,31977.708,3.0
0.0020749359391629696,0.13126177340745926,4.1386878990579135e-07,0.007522403495386243,1.9999743926746305e-05,0.0007366889622062445,catatumbo,SPEAKER_00,31977.667,31978.042,3.0
0.003510810900479555,0.07951607182621956,5.304905599246013e-07,0.02409711480140686,0.00022510667622555047,0.00024342286633327603,catatumbo,SPEAKER_00,31978.0,31978.375,3.0
0.0019219175446778536,0.2692100554704666,3.5040834589494807e-07,0.03820695914328098,0.00012114370474591851,0.00026769406395033,catatumbo,SPEAKER_00,31978.333,31978.708,3.0
0.00047690464998595417,0.18937867879867554,4.6278255183551664e-07,0.00013085277169011533,1.1233609257033095e-05,0.01763099431991577,catatumbo,UNICO,31978.667,31979.042,3.0
0.003908985760062933,0.14757274836301804,2.624574122478407e-07,3.0172483320711763e-06,1.6231222446094762e-06,0.7206286787986755,catatumbo,UNICO,31979.0,31979.375,3.0
0.018657399341464043,0.07135928049683571,8.003043205917493e-07,0.00443486007861793,0.000485534401377663,0.00028946370002813637,catatumbo,SPEAKER_00,31979.333,31979.708,3.0
0.0068455832079052925,0.10768404975533485,1.0337090543544036e-06,0.0906631201505661,0.00014854946493869647,9.778941603144631e-05,catatumbo,SPEAKER_00,31979.667,31980.042,3.0
0.013702561147511005,0.03592102229595184,3.929234964061834e-07,8.356756097782636e-06,5.79913182718883e-06,0.11714529991149902,catatumbo,SPEAKER_00,31980.333,31980.708,3.0
0.008723107166588306,0.05799129605293274,6.457619718958085e-07,3.5631072023534216e-05,6.254124855331611e-06,0.04991871863603592,catatumbo,SPEAKER_00,31980.667,31981.042,3.0
0.00846403930336237,0.04759001173079014,1.5603561109855946e-06,0.21254446357488632,2.0210593902447727e-05,0.0008701953338459134,catatumbo,SPEAKER_00,31981.0,31981.375,3.0
0.017524419352412224,0.033979007974267006,6.503164229343383e-07,0.023648410104215145,2.4278216187667567e-05,0.00023301495821215212,catatumbo,SPEAKER_00,31981.333,31981.708,3.0
0.003126038471236825,0.11429427191615105,8.498562280578881e-07,0.009557569399476051,7.534034193668049e-05,0.0007319147698581219,catatumbo,SPEAKER_00,31981.667,31982.042,3.0
0.0021068144124001265,0.08900100365281105,5.361553760963034e-07,0.08433086797595024,6.468814035542891e-06,0.0017399778589606285,catatumbo,SPEAKER_00,31982.0,31982.375,3.0
0.02914365753531456,0.07745430618524551,1.6966710703059107e-07,1.933481871674303e-05,5.578261834671139e-07,0.2728799283504486,catatumbo,SPEAKER_00,31982.333,31982.708,3.0
0.09111282974481583,0.018869691528379917,1.306478679907741e-06,0.007363477256149054,5.162632260180544e-05,0.000705457990989089,catatumbo,SPEAKER_00,31982.667,31983.042,3.0
0.22614821791648865,0.007072757929563522,3.7988024814694654e-07,3.160165192639397e-06,3.8770610188976207e-07,0.7784146070480347,catatumbo,SPEAKER_00,31983.333,31983.708,3.0
0.009577257558703423,0.05405147932469845,1.0150535842967656e-06,0.19211047887802124,3.491808001854224e-05,0.00028022140031680465,catatumbo,SPEAKER_00,31983.667,31984.042,3.0
0.0019903271459043026,0.10732141137123108,1.1206450380996102e-06,0.2981928139925003,1.673398492130218e-05,0.0006001215660944581,catatumbo,SPEAKER_00,31984.0,31984.375,3.0
0.00854912307113409,0.1748156026005745,2.2827654433399402e-07,1.3610791938845068e-05,8.247068876698904e-07,0.29273292422294617,catatumbo,SPEAKER_00,31984.333,31984.708,3.0
0.010808905586600304,0.06680716201663017,1.016987511093248e-06,0.01710799988359213,0.000325512133713346,0.0002780153008643538,catatumbo,SPEAKER_00,31984.667,31985.042,3.0
0.00014965463196858764,0.39380839467048645,3.8025319071266495e-07,0.22358935326337814,3.933710468118079e-05,0.0014099617255851626,catatumbo,SPEAKER_00,31985.0,31985.375,3.0
0.0023290039971470833,0.15109212696552277,3.479554848695443e-07,0.01955519337207079,7.103376628947444e-05,0.000478055706480518,catatumbo,SPEAKER_00,31985.333,31985.708,3.0
0.00042681567720137537,0.29513832926750183,2.3795539760840256e-07,0.01791020529344678,8.405565313296393e-05,0.0016699304105713964,catatumbo,UNICO,31985.667,31986.042,3.0
0.16386641561985016,0.00824691797606647,3.4586022934490757e-07,2.072377083095489e-05,1.3381992403083132e-06,0.19393688440322876,catatumbo,SPEAKER_00,31986.333,31986.708,3.0
0.11618829518556595,0.010918481973931193,1.807850793511534e-07,5.458460236695828e-06,1.4464847808426384e-07,0.6930882334709167,catatumbo,SPEAKER_00,31986.667,31987.042,3.0
0.033894091844558716,0.050396570935845375,5.90768770791783e-07,0.009224750101566315,0.00010104695684276521,0.00024816859513521194,catatumbo,SPEAKER_00,31987.0,31987.375,3.0
0.004679554142057896,0.11898079887032509,2.385176927077737e-07,4.46825697508757e-06,8.703518084018924e-08,0.7217630743980408,catatumbo,SPEAKER_00,31987.333,31987.708,3.0
0.16837340593338013,0.011023014783859253,7.552521026354952e-07,0.0002102665530401282,0.0003065424316446297,0.0016710127238184214,catatumbo,SPEAKER_00,31987.667,31988.042,3.0
0.0025536702014505863,0.15092626959085464,3.3075858141273784e-07,1.355969425276271e-05,5.135974703307511e-07,0.4181744456291199,catatumbo,SPEAKER_00,31988.0,31988.375,3.0
0.002641303464770317,0.18608087301254272,3.951515878952705e-07,0.0015591088449582458,6.332399607344996e-05,0.0015376749215647578,catatumbo,SPEAKER_00,31988.333,31988.708,3.0
0.009406540542840958,0.07250724732875824,1.3911141252265224e-06,0.07925223745405674,0.0002290843185619451,0.00021962897153571248,catatumbo,SPEAKER_00,31988.667,31989.042,3.0
0.00609008502215147,0.0660925917327404,4.809451752407767e-07,1.0349847343604779e-05,2.823712144106594e-07,0.38904377818107605,catatumbo,SPEAKER_00,31989.333,31989.708,3.0
0.005012390669435263,0.11718370765447617,5.305278847345107e-07,0.15310725569725037,2.023799027028872e-06,0.0013201632536947727,catatumbo,SPEAKER_00,31989.667,31990.042,3.0
0.0016538059571757913,0.11113280430436134,8.011605672209043e-07,0.018515005242079496,1.7114605725510046e-05,0.0005308074178174138,catatumbo,SPEAKER_00,32013.333,32013.708,3.0
0.00021312861645128578,0.3836134970188141,1.1803533084275841e-06,0.05235467478632927,0.00022501791681861505,0.00030964959296397865,catatumbo,SPEAKER_00,32013.667,32014.042,3.0
0.008662446402013302,0.08392824605107307,8.014785208843023e-07,0.0007808572263456881,2.6584100396576105e-05,0.002937569282948971,catatumbo,SPEAKER_00,32014.0,32014.375,3.0
0.14518511295318604,0.009157420368865132,9.8913010049273e-07,0.004092165851034224,1.173026089418272e-05,0.0027947034686803818,catatumbo,SPEAKER_00,32014.333,32014.708,3.0
0.005873905494809151,0.11604605242609978,1.875599302536557e-07,2.1065449800516944e-05,1.0554205402968364e-06,0.18174853920936584,catatumbo,SPEAKER_00,32014.667,32015.042,3.0
0.00310279568657279,0.2070566639304161,2.557833127525555e-07,2.5040374566742685e-05,6.017505370436993e-06,0.07289420813322067,catatumbo,SPEAKER_00,32015.0,32015.375,3.0
0.011382326483726501,0.09103844314813614,3.661922320929989e-07,0.0006033598037902266,1.3803256933897501e-05,0.004911211784929037,catatumbo,SPEAKER_00,32015.333,32015.708,3.0
0.03018276020884514,0.03930419124662876,2.7924141932089697e-07,2.792280247376766e-05,3.307675740416016e-06,0.08804386109113693,catatumbo,SPEAKER_00,32015.667,32016.042,3.0
0.002216104883700609,0.26582372933626175,7.067299634400115e-07,0.0005368219863157719,7.780327359796502e-05,0.0020015256013721228,catatumbo,SPEAKER_00,32016.333,32016.708,3.0
0.0010860339971259236,0.24334333837032318,2.490113928388382e-07,1.905054614326218e-05,9.518258821117342e-07,0.4654478430747986,catatumbo,SPEAKER_00,32016.667,32017.042,3.0
0.027363460510969162,0.06097567081451416,4.446924180001588e-07,0.00014701113104820251,7.962380621506782e-08,0.4175248146057129,catatumbo,SPEAKER_00,32017.0,32017.375,3.0
0.025926951318979263,0.03882885351777077,7.00657651009351e-07,0.002225095347966999,0.00020438869614736177,0.0005871139583177865,catatumbo,SPEAKER_00,32017.333,32017.708,3.0
0.013003846630454063,0.13829001784324646,4.29663948864345e-07,0.030372485518455505,4.226925625516742e-06,0.001052196603268385,catatumbo,SPEAKER_00,32017.667,32018.042,3.0
0.012897061184048653,0.06653698720037937,8.55696569601605e-07,0.0020666440832428634,0.0002770530409179628,0.000515294203069061,catatumbo,SPEAKER_00,32018.0,32018.375,3.0
0.0024704248644411564,0.12628259882330894,2.8127529816401875e-07,0.012598838657140732,0.0003340555413160473,0.0024956781417131424,catatumbo,UNICO,32018.333,32018.708,3.0
0.0066097513772547245,0.06918717175722122,5.236249975837381e-07,0.32135750353336334,4.277611196812359e-06,0.0015400222036987543,catatumbo,UNICO,32018.667,32019.042,3.0
0.033278848975896835,0.035469429567456245,7.536737030022778e-07,0.0007338536088354886,3.686230138555402e-05,0.001409637276083231,catatumbo,SPEAKER_00,32019.333,32019.708,3.0
0.0030301129445433617,0.08389632776379585,7.660517837848602e-07,0.503885805606842,4.322442691773176e-06,0.0023953437339514494,catatumbo,SPEAKER_00,32019.667,32020.042,3.0
0.005829308647662401,0.06368130072951317,3.8601909224666997e-07,0.30108799040317535,7.350669477546035e-07,0.00176895537879318,catatumbo,SPEAKER_00,32020.0,32020.375,3.0
0.0022762161679565907,0.18435914814472198,5.477176188151134e-07,0.2933398485183716,1.387658357998589e-06,0.0032647994812577963,catatumbo,SPEAKER_00,32020.333,32020.708,3.0
0.00020000107178930193,0.5458410978317261,2.898153397268288e-07,0.4384710341691971,1.910802620841423e-05,0.002019529929384589,catatumbo,SPEAKER_00,32020.667,32021.042,3.0
0.006542747840285301,0.07651068270206451,5.233496693790585e-07,0.0005193891993258148,0.00012889663412352093,0.00526437209919095,catatumbo,SPEAKER_00,32021.0,32021.375,3.0
0.00015329000598285347,0.07898297905921936,6.58794164110077e-07,0.0008705359359737486,1.577510283823358e-05,0.00645456975325942,catatumbo,SPEAKER_00,32021.333,32021.708,3.0
0.0005050307954661548,0.2083844393491745,9.35109412125712e-07,0.01919973734766245,6.60448640701361e-05,0.00030491664074361324,catatumbo,SPEAKER_00,32021.667,32022.042,3.0
0.006077055353671312,0.04765109717845917,7.251677445196947e-07,0.0020571982604451478,0.00012818184768548235,0.001271365792490542,catatumbo,SPEAKER_00,32022.333,32022.708,3.0
0.0007440868066623807,0.10081496834754944,6.255955966594229e-07,0.0071250146720558405,0.0008906210423447192,0.0004571278695948422,catatumbo,UNICO,32022.667,32023.042,3.0
0.00035484781255945563,0.12081825360655785,3.0550572915899465e-07,0.0006875218823552132,0.000574013713048771,0.0024320175871253014,catatumbo,UNICO,32023.333,32023.708,3.0
0.00034538752515800297,0.14663279801607132,5.459209262426157e-07,0.005978603381663561,0.00014844776887912303,0.0006192986620590091,catatumbo,SPEAKER_00,32023.667,32024.042,3.0
0.0035108879674226046,0.1083146221935749,5.877359612327382e-07,0.402519553899765,8.027274134292384e-06,0.0029748782981187105,catatumbo,SPEAKER_00,32024.0,32024.375,3.0
0.0008973586955107749,0.21761014312505722,1.5186440016634606e-07,6.168684012664016e-05,4.685034355134121e-06,0.07358468323945999,catatumbo,SPEAKER_00,32024.333,32024.708,3.0
0.0011152229271829128,0.12796811386942863,2.3025229722861695e-07,0.2674248367547989,3.804933271567279e-06,0.002794336760416627,catatumbo,SPEAKER_00,32024.667,32025.042,3.0
0.0019465237855911255,0.2410234957933426,1.499190336318179e-07,0.002726463251747191,1.2023982435493963e-05,0.004698505625128746,catatumbo,SPEAKER_00,32025.333,32025.708,3.0
0.0015629297122359276,0.19953195750713348,3.647480220081434e-07,0.002356955548748374,9.600255361874588e-05,0.0013501992216333747,catatumbo,UNICO,32025.667,32026.042,3.0
0.002732516499236226,0.16997825354337692,4.634959296367924e-07,0.04372168891131878,3.888223091053078e-06,0.0009590234258212149,catatumbo,SPEAKER_00,32026.0,32026.375,3.0
0.0055645606480538845,0.0981176346540451,4.0216498575773585e-07,0.03909899666905403,9.471207704336848e-06,0.0005357672926038504,catatumbo,SPEAKER_00,32026.333,32026.708,3.0
0.0005183088942430913,0.18581687659025192,6.855262597582623e-07,0.016808650456368923,0.0007150831224862486,0.0001539087825221941,catatumbo,UNICO,32026.667,32027.042,3.0
0.0005223221378400922,0.20888470113277435,3.175961396095772e-07,0.020196079276502132,3.2931959140114486e-05,0.0005249845562502742,catatumbo,UNICO,32027.0,32027.375,3.0
0.0038562959525734186,0.0980207733809948,5.474165547525445e-07,0.11978727579116821,0.00015805804287083447,0.00011539670231286436,catatumbo,SPEAKER_00,32027.333,32027.708,3.0
0.005706965457648039,0.09585398808121681,3.671208546052185e-07,0.26324792951345444,9.505258276476525e-06,0.0007854601135477424,catatumbo,SPEAKER_00,32027.667,32028.042,3.0
0.0005176187260076404,0.08991077914834023,2.6058844682097515e-07,0.006508409744128585,7.792259793859557e-06,0.001627280144020915,catatumbo,SPEAKER_00,32028.333,32028.708,3.0
0.0032096824143081903,0.0792418085038662,4.95703446290463e-07,0.11401497572660446,6.031038174114656e-05,0.0004072222800459713,catatumbo,SPEAKER_00,32028.667,32029.042,3.0
0.0005098059773445129,0.10476575046777725,6.28488230347557e-07,0.005972928483970463,0.00010371817552368157,0.0006872682715766132,catatumbo,SPEAKER_00,32029.0,32029.375,3.0
0.00451121898368001,0.028531122021377087,2.0312963613378088e-06,0.11378684639930725,0.00032613068469800055,0.00031354589737020433,catatumbo,SPEAKER_00,32029.333,32029.708,3.0
0.029525602236390114,0.006459419964812696,2.078937569649497e-06,0.04740231763571501,0.0001612289597687777,0.001545872655697167,catatumbo,SPEAKER_00,32029.667,32030.042,3.0
0.03541380167007446,0.005550376488827169,1.5325026936352515e-06,0.01226306683383882,0.0011400625517126173,0.0006675812765024602,catatumbo,SPEAKER_00,32030.0,32030.375,3.0
0.008797322399914265,0.009058075957000256,1.298530122539887e-06,7.520487633883022e-05,0.0003169300180161372,0.10655558109283447,catatumbo,SPEAKER_00,32030.333,32030.708,3.0
0.0034194509498775005,0.01800558529794216,1.3799540283798706e-06,0.0006197491893544793,0.0007520322105847299,0.01524152047932148,catatumbo,SPEAKER_00,32030.667,32031.042,3.0
0.004420593846589327,0.025675471988506615,2.0084036123080296e-06,0.015972589375451207,0.006581492722034454,0.0001669455668888986,catatumbo,SPEAKER_00,32031.333,32031.708,3.0
0.0021492796950042248,0.017020713072270155,1.929110510445753e-06,0.019093454349786043,0.0026263294275850058,0.00017026418936438859,catatumbo,SPEAKER_00,32031.667,32032.042,3.0
0.0005178346182219684,0.14369948208332062,5.166003020917742e-07,0.014703174587339163,7.324542457354255e-05,0.001382776303216815,catatumbo,SPEAKER_00,32032.0,32032.375,3.0
0.0013977519702166319,0.1919708475470543,7.220149811359988e-07,0.015489714685827494,0.000197529312572442,0.0011348315747454762,catatumbo,SPEAKER_00,32032.333,32032.708,3.0
0.0008446613210253417,0.1998765617609024,7.582855445775749e-07,0.013877528253942728,8.355111822311301e-05,0.00104311085306108,catatumbo,SPEAKER_00,32032.667,32033.042,3.0
0.002446921542286873,0.1210777647793293,7.916382429584701e-07,0.0014843035023659468,0.00013969695282867178,0.0012174730654805899,catatumbo,SPEAKER_00,32064.333,32064.708,3.0
0.002535285195335746,0.037991915829479694,1.9813787872635658e-06,0.012678357772529125,0.00044668608461506665,0.00021928497881162912,catatumbo,SPEAKER_00,32064.667,32065.042,3.0
0.01753195747733116,0.02748166024684906,7.879702366153651e-07,0.0005866959982085973,3.3562289900146425e-05,0.01862507313489914,catatumbo,SPEAKER_00,32065.0,32065.375,3.0
0.02592296525835991,0.04944067634642124,5.323321659034264e-07,0.005235685501247644,0.000525818468304351,0.0007041008211672306,catatumbo,SPEAKER_00,32065.333,32065.708,3.0
0.004075363744050264,0.07950359582901001,1.5249571490016933e-06,0.0027069232892245054,3.754901990760118e-05,0.0009312924230471253,catatumbo,SPEAKER_00,32065.667,32066.042,3.0
0.000400340388296172,0.2626856490969658,4.2161016722275235e-07,0.007317857118323445,2.5071445634239353e-05,0.0020742882043123245,catatumbo,SPEAKER_00,32066.0,32066.375,3.0
0.000320135906804353,0.2631369084119797,6.991370362641192e-07,0.0338711841031909,0.00015228822303470224,0.0002308645925950259,catatumbo,SPEAKER_00,32066.333,32066.708,3.0
0.0010175765492022038,0.1474412977695465,2.190023238313188e-07,0.011223596055060625,6.0063688579248264e-05,0.0007033112342469394,catatumbo,SPEAKER_00,32066.667,32067.042,3.0
0.004169926047325134,0.07290161028504372,1.941878906563943e-07,5.524018342839554e-05,1.3278645383252297e-05,0.03531888872385025,catatumbo,SPEAKER_00,32067.333,32067.708,3.0
0.0018864088924601674,0.1200999990105629,2.905777733985815e-07,0.3176459074020386,4.2403452198414016e-06,0.0021773509215563536,catatumbo,SPEAKER_00,32067.667,32068.042,3.0
0.001467036665417254,0.20859117060899734,1.9959947650249887e-07,0.34393420815467834,4.685661792791507e-06,0.0015212834114208817,catatumbo,SPEAKER_00,32068.0,32068.375,3.0
0.0015826306771486998,0.09224793314933777,1.9949759177961823e-07,0.013385148718953133,5.9125788538949564e-05,0.0003789941838476807,catatumbo,SPEAKER_00,32068.333,32068.708,3.0
0.007091561798006296,0.07032890245318413,3.0206646783881297e-07,0.014674222096800804,2.1986093088344205e-05,0.0005060296971350908,catatumbo,SPEAKER_00,32068.667,32069.042,3.0
0.057907555252313614,0.020006361650303006,3.244077930730782e-07,0.0009347047889605165,0.025892460718750954,0.0001654024381423369,catatumbo,SPEAKER_00,32069.0,32069.375,3.0
0.12180644273757935,0.013887500099372119,2.597443824470247e-07,0.01955218380317092,0.0008814907923806459,5.5929172958713025e-05,catatumbo,SPEAKER_00,32069.333,32069.708,3.0
0.42008113861083984,0.0033319596550427377,6.027750885095884e-07,0.16170145943760872,4.7092144086491317e-05,0.00017554710211697966,catatumbo,SPEAKER_00,32069.667,32070.042,3.0
0.0011319994227960706,0.2819640412926674,3.053881911796452e-07,0.525999128818512,2.8498973733803723e-05,0.001255175331607461,catatumbo,SPEAKER_00,32070.333,32070.708,3.0
0.0014862940879538655,0.16123341023921967,2.7663299562163957e-07,0.31021973490715027,8.29168020572979e-05,0.0004067671252414584,catatumbo,SPEAKER_00,32070.667,32071.042,3.0
0.0005080591072328389,0.32035893201828003,2.9408686330612e-07,0.0043067000806331635,3.488899710646365e-05,0.0009979982860386372,catatumbo,UNICO,32071.0,32071.375,3.0
0.0002683326310943812,0.3406624346971512,1.8605678775429624e-07,0.003149525378830731,3.4365596548013855e-05,0.003402460366487503,catatumbo,UNICO,32071.333,32071.708,3.0
0.0006331540644168854,0.21675726026296616,3.518022104742613e-07,0.06853647902607918,1.7442718672100455e-05,0.0006453010137192905,catatumbo,UNICO,32071.667,32072.042,3.0
0.0024593882262706757,0.10476891696453094,6.618576620098793e-07,0.08803832903504372,6.92012890795013e-05,0.0005618658033199608,catatumbo,UNICO,32072.0,32072.375,3.0
0.0022699146065860987,0.09239059127867222,7.019291246024295e-07,0.004420737968757749,0.0002311991120222956,0.0006704929983243346,catatumbo,UNICO,32072.333,32072.708,3.0
0.0006403380539268255,0.23158027976751328,2.887734886769522e-07,0.01663544960319996,1.41592463478446e-05,0.0010239166440442204,catatumbo,UNICO,32072.667,32073.042,3.0
0.0008429765002802014,0.07305112108588219,6.484823273922302e-07,0.0005849179869983345,6.883402602397837e-05,0.004784624557942152,catatumbo,SPEAKER_00,32073.333,32073.708,3.0
0.0010409511160105467,0.0429729325696826,1.5414824474646593e-06,0.01295619667507708,5.335069727152586e-05,0.0005897501250728965,catatumbo,SPEAKER_00,32073.667,32074.042,3.0
0.020043497905135155,0.055844198912382126,1.2539622105123271e-06,0.1870596744120121,4.0320930565940216e-05,0.0002894860808737576,catatumbo,SPEAKER_00,32074.0,32074.375,3.0
0.012129303067922592,0.015615805983543396,3.021410037717942e-06,0.33127425611019135,0.00047946117410901934,9.711874008644372e-05,catatumbo,SPEAKER_00,32074.333,32074.708,3.0
0.0036334756296128035,0.125512957572937,3.7780462491809885e-07,0.2418668270111084,1.6491362089254835e-06,0.003211838658899069,catatumbo,SPEAKER_00,32074.667,32075.042,3.0
0.0011648117797449231,0.1824539676308632,3.357891316113637e-07,0.12099635601043701,1.0516478596400702e-05,0.0010803311597555876,catatumbo,SPEAKER_00,32075.0,32075.375,3.0
0.002497089793905616,0.14088597148656845,4.238116702026673e-07,0.009219210594892502,0.00011686568905133754,0.00043540861224755645,catatumbo,SPEAKER_00,32075.333,32075.708,3.0
0.00018321102834306657,0.18420883268117905,2.3227717704799034e-07,4.475974310480524e-05,6.0940656112506986e-06,0.08705734461545944,catatumbo,SPEAKER_00,32075.667,32076.042,3.0
0.002557460218667984,0.07493818551301956,1.2236395718900894e-06,0.006908037466928363,0.0007159023371059448,0.00027002592105418444,catatumbo,SPEAKER_00,32076.333,32076.708,3.0
0.003893742337822914,0.07775088027119637,5.222454220188411e-07,0.0009504914924036711,5.6877881434047595e-05,0.0032370847184211016,catatumbo,SPEAKER_00,32076.667,32077.042,3.0
0.00040825907490216196,0.3993767201900482,3.046373819870496e-07,0.1787005439400673,3.0733930316273472e-06,0.0015673901652917266,catatumbo,SPEAKER_00,32077.0,32077.375,3.0
0.0025885801296681166,0.13272953033447266,4.306642331641797e-07,0.2747771292924881,5.364942126107053e-06,0.00038717230199836195,catatumbo,SPEAKER_00,32077.333,32077.708,3.0
0.0036137637216597795,0.12321305274963379,5.706902008739689e-07,0.25098950415849686,2.98391478281701e-06,0.0004219689581077546,catatumbo,SPEAKER_00,32077.667,32078.042,3.0
0.018872974440455437,0.042972540482878685,1.195101219764183e-06,0.21748308837413788,0.0011110600898973644,0.00010608285083435476,catatumbo,SPEAKER_00,32078.0,32078.375,3.0
0.02744656801223755,0.015516973566263914,2.180131843942945e-06,0.0691061019897461,0.000112285022623837,0.0002825775009114295,catatumbo,SPEAKER_00,32078.333,32078.708,3.0
0.0009135555592365563,0.09999208897352219,1.488105056068889e-06,0.42355862259864807,5.086326382297557e-05,0.0018917495617642999,catatumbo,SPEAKER_00,32078.667,32079.042,3.0
0.004466312471777201,0.1156952828168869,3.501277845430195e-07,0.0009353366622235626,6.786005360481795e-05,0.004031046759337187,catatumbo,UNICO,32079.333,32079.708,3.0
0.01388891227543354,0.06604807078838348,2.8769684945473273e-07,0.00024768572620814666,4.372517105366569e-05,0.012200695462524891,catatumbo,UNICO,32079.667,32080.042,3.0
0.0013917998876422644,0.24064309895038605,9.083144973942581e-07,0.019748871214687824,0.00025352236116304994,0.00033122149761766195,catatumbo,UNICO,32080.0,32080.375,3.0
0.004259980283677578,0.0706259123980999,9.151400419682432e-07,0.0368786845356226,0.0002741926000453532,0.00015815728693269193,catatumbo,UNICO,32080.333,32080.708,3.0
0.005833366885781288,0.06047922745347023,3.531385175392643e-07,9.39362121243903e-06,1.3162083632778376e-05,0.1347268670797348,catatumbo,SPEAKER_00,32080.667,32081.042,3.0
0.0020871080923825502,0.14458493143320084,3.2024928486862336e-07,0.2886243164539337,6.130819201644044e-06,0.0034236181527376175,catatumbo,SPEAKER_00,32081.0,32081.375,3.0
0.004151677712798119,0.04833429865539074,1.1974585873986143e-06,0.1712876707315445,0.00115675525739789,0.00024106609635055065,catatumbo,SPEAKER_00,32081.333,32081.708,3.0
0.0007191579788923264,0.14678605645895004,2.641060916630522e-07,1.7706356175040128e-05,2.1315542653610464e-05,0.057601459324359894,catatumbo,SPEAKER_00,32081.667,32082.042,3.0
0.0005506100133061409,0.07196907699108124,8.209859032604072e-07,0.3588620126247406,1.775411237758817e-05,0.0006130165420472622,catatumbo,SPEAKER_00,32082.333,32082.708,3.0
0.0016797099960967898,0.05553995259106159,6.637069986936694e-07,0.34862180054187775,2.766159286693437e-05,0.0008197454153560102,catatumbo,SPEAKER_00,32082.667,32083.042,3.0
0.0008835878688842058,0.12959053739905357,3.177943099785807e-07,0.4109661728143692,1.8715477949626802e-06,0.0017055973876267672,catatumbo,SPEAKER_00,32083.0,32083.375,3.0
0.00030355917988345027,0.2607434466481209,4.152483583652611e-07,0.4102272689342499,7.969362286530668e-06,0.0029381418135017157,catatumbo,SPEAKER_00,32083.333,32083.708,3.0
0.002028512302786112,0.06976690143346786,6.346145724478447e-07,0.00012870242426288314,5.803679960081354e-05,0.010191948153078556,catatumbo,SPEAKER_00,32083.667,32084.042,3.0
0.00010897918400587514,0.2754499167203903,2.527925460071856e-07,0.0013254882069304585,4.3128011384396814e-05,0.01147264800965786,catatumbo,SPEAKER_00,32084.0,32084.375,3.0
0.00017084035789594054,0.23341737687587738,5.83901680784038e-07,0.21985914558172226,3.215953620383516e-05,0.0007078042253851891,catatumbo,SPEAKER_00,32084.333,32084.708,3.0
0.00387989217415452,0.24839664995670319,6.186939316421558e-07,0.2565064877271652,1.2400731748130056e-06,0.0024260911159217358,catatumbo,SPEAKER_00,32084.667,32085.042,3.0
0.0012115995632484555,0.17374125868082047,2.5380632706628603e-07,8.107881876640022e-05,2.2319259187497664e-06,0.04026109352707863,catatumbo,SPEAKER_00,32085.333,32085.708,3.0
0.001606571488082409,0.1773902364075184,2.0734304229108602e-07,0.0005003339028917253,2.1260175344650634e-05,0.025010475888848305,catatumbo,SPEAKER_00,32085.667,32086.042,3.0
0.0014207846252247691,0.09562592953443527,5.978453643251669e-07,0.0007836363220121711,0.00016462999701616354,0.003883358323946595,catatumbo,SPEAKER_00,32086.0,32086.375,3.0
0.0017404574900865555,0.16838925331830978,7.195862252729057e-07,0.01898266840726137,7.268995977938175e-05,0.0005936235538683832,catatumbo,SPEAKER_00,32086.333,32086.708,3.0
0.0006482623284682631,0.08405914157629013,1.7252710620141443e-06,0.217515729367733,0.0002625291162985377,0.0005464559071697295,catatumbo,SPEAKER_00,32086.667,32087.042,3.0
0.000742110307328403,0.11733470857143402,5.810566250374904e-07,0.061230266466736794,0.0004264653834979981,0.00014205330808181316,catatumbo,SPEAKER_00,32087.0,32087.375,3.0
0.0001514765026513487,0.47727683186531067,2.481440972701421e-07,0.0024594279238954186,4.032386641483754e-06,0.0033018728718161583,catatumbo,UNICO,32087.333,32087.708,3.0
0.00043450103839859366,0.4634060710668564,3.8745825037267423e-07,0.297130323946476,8.12714370113099e-06,0.0011679149465635419,catatumbo,SPEAKER_00,32087.667,32088.042,3.0
0.050719715654850006,0.037254960276186466,1.1221160320928902e-06,0.13482601940631866,2.409489479759941e-05,0.00033976309350691736,catatumbo,SPEAKER_00,32088.333,32088.708,3.0
0.010496903210878372,0.08352984860539436,4.888113132039962e-07,0.0002103721781168133,3.715057573572267e-06,0.04287360608577728,catatumbo,SPEAKER_00,32088.667,32089.042,3.0
6.074986231396906e-05,0.44198521971702576,3.6393239355447804e-07,0.08989251405000687,9.480788867222145e-05,0.0017743861535564065,catatumbo,SPEAKER_00,32089.0,32089.375,3.0
0.0003457542334217578,0.35709404945373535,4.810656264453428e-07,0.29724983870983124,2.1990462300891522e-05,0.0010350154479965568,catatumbo,SPEAKER_00,32089.333,32089.708,3.0
0.00049863092135638,0.23514171689748764,3.0815848006682245e-07,0.12108869105577469,1.1839778835565085e-05,0.0010974167380481958,catatumbo,SPEAKER_00,32089.667,32090.042,3.0
0.0021687813568860292,0.10883660987019539,7.000708777127329e-07,0.096182681620121,1.5696535228926223e-05,0.000672771711833775,catatumbo,UNICO,32090.0,32090.375,3.0
0.0006130522233434021,0.2593317925930023,3.9159595033311234e-07,0.05133236013352871,4.902545015283977e-06,0.0010068599367514253,catatumbo,UNICO,32090.333,32090.708,3.0
0.00042569299694150686,0.2464139088988304,8.383644285459013e-07,0.1169850043952465,0.002096372307278216,0.00018560746684670448,catatumbo,SPEAKER_00,32090.667,32091.042,3.0
0.012470600195229053,0.04489235021173954,3.4718340202744e-07,1.0685934967114008e-05,3.3902098266480607e-06,0.23164081573486328,catatumbo,SPEAKER_00,32091.333,32091.708,3.0
0.00026938258088193834,0.29140788316726685,3.8704419580426475e-07,0.1530008651316166,5.477999138747691e-06,0.005583296529948711,catatumbo,SPEAKER_00,32091.667,32092.042,3.0
0.003679382847622037,0.04742457717657089,5.493859447369687e-07,1.284696600123425e-05,1.3896427120130284e-07,0.4911453425884247,catatumbo,SPEAKER_00,32092.0,32092.375,3.0
0.045529477298259735,0.02035189187154174,2.4295709408761468e-06,0.036833987571299076,0.004679064033553004,0.0001284859754377976,catatumbo,SPEAKER_00,32092.333,32092.708,3.0
0.02844848670065403,0.01958488393574953,3.083200795117591e-06,0.0013287905603647232,0.0016087441763374954,0.0010827373480424285,catatumbo,SPEAKER_00,32092.667,32093.042,3.0
0.025765659287571907,0.02291929256170988,1.4471425515694136e-06,0.0075254859402775764,0.0027696173638105392,0.000506686803419143,catatumbo,SPEAKER_00,32093.0,32093.375,3.0
0.010764955542981625,0.027981441002339125,1.5872948893047578e-06,0.03644748032093048,0.004037814564071596,0.000365412823157385,catatumbo,SPEAKER_00,32093.333,32093.708,3.0
0.0030725046526640654,0.05934172961860895,1.2764511723162286e-06,0.10826672986149788,0.000469954262371175,0.00023103653802536428,catatumbo,SPEAKER_00,32093.667,32094.042,3.0
0.00023488441365770996,0.22663483023643494,7.750745538714909e-07,0.2714679688215256,1.0685422694223234e-05,0.002058601938188076,catatumbo,SPEAKER_00,32094.333,32094.708,3.0
0.00016500958008691669,0.3647313714027405,9.944372720838146e-07,0.19926327466964722,0.001128381467424333,8.218410221161321e-05,catatumbo,SPEAKER_00,32094.667,32095.042,3.0
0.00015715368499513716,0.39403556287288666,7.391780059151642e-07,0.0030099221039563417,0.00011179025386809371,0.0008171926601789892,catatumbo,UNICO,32095.0,32095.375,3.0
0.0003264827828388661,0.31774763762950897,4.917813143379135e-07,0.0016179255326278508,3.0369035812327638e-05,0.0035659719724208117,catatumbo,UNICO,32095.333,32095.708,3.0
0.00016193983901757747,0.3798050880432129,5.426012918974266e-07,0.00040997959149535745,2.696390583878383e-05,0.012448123656213284,catatumbo,UNICO,32095.667,32096.042,3.0
0.00028374508838169277,0.257424995303154,6.071755578318516e-07,3.966761505580507e-05,3.28781025018543e-05,0.04547682777047157,catatumbo,SPEAKER_00,32096.0,32096.375,3.0
0.00032483635004609823,0.30098214745521545,2.8178658340038965e-07,3.6356885175337084e-05,2.3178214973995637e-06,0.14087149500846863,catatumbo,SPEAKER_00,32096.333,32096.708,3.0
0.0005298260366544127,0.24877412617206573,4.390086978389718e-07,0.00725649856030941,1.7319084690825548e-06,0.005304291844367981,catatumbo,SPEAKER_00,32096.667,32097.042,3.0
0.0005409785662777722,0.23180175572633743,1.0236128105134412e-06,0.27674706280231476,2.1641430066665635e-05,0.0007729067583568394,catatumbo,SPEAKER_00,32097.333,32097.708,3.0
0.0003705254348460585,0.2659554108977318,4.02377992259062e-07,0.00032990136242005974,2.121849229297368e-05,0.00800107978284359,catatumbo,SPEAKER_00,32097.667,32098.042,3.0
0.0002654096460901201,0.3035220056772232,5.658370128003298e-07,0.20735720545053482,7.526771241828101e-06,0.0015373873757198453,catatumbo,SPEAKER_00,32098.0,32098.375,3.0
0.00023293010599445552,0.2889939695596695,7.397688506216582e-07,0.4734114408493042,1.906619672809029e-05,0.0012251508887857199,catatumbo,SPEAKER_00,32098.333,32098.708,3.0
0.0002928446920122951,0.23136979341506958,1.866108618742146e-06,0.019971797708421946,0.0005419897497631609,0.00015051788068376482,catatumbo,SPEAKER_00,32098.667,32099.042,3.0
0.0003847074112854898,0.18332845717668533,7.890442077496118e-07,6.824218689871486e-05,2.9194963644840755e-05,0.05253838002681732,catatumbo,SPEAKER_00,32099.0,32099.375,3.0
0.0008406253764405847,0.06486586481332779,7.932176089298082e-07,0.0009870511712506413,4.3006073610740714e-05,0.003653637832030654,catatumbo,SPEAKER_00,32099.333,32099.708,3.0
0.0003361003764439374,0.24917422235012054,5.673074170431391e-07,0.07895565405488014,7.67997062212089e-06,0.002331734634935856,catatumbo,SPEAKER_00,32099.667,32100.042,3.0
0.000937373552005738,0.18241123855113983,4.1750509538474034e-07,0.19641201943159103,2.1199418824835448e-06,0.002256847219541669,catatumbo,SPEAKER_00,32100.333,32100.708,3.0
0.0013929709093645215,0.12673047184944153,3.892199700317178e-07,0.26307617127895355,3.0263718144851737e-06,0.0023261660244315863,catatumbo,SPEAKER_00,32100.667,32101.042,3.0
0.0009475594852119684,0.13647128641605377,6.178653393362765e-07,0.023317597806453705,2.4640484298288357e-05,0.001141489134170115,catatumbo,SPEAKER_00,32101.0,32101.375,3.0
0.0018204533262178302,0.0981832854449749,3.3193368764727893e-07,6.938947626622394e-05,1.104454145206546e-05,0.09564196318387985,catatumbo,SPEAKER_00,32101.333,32101.708,3.0
0.001118889544159174,0.10376722738146782,5.67315659338874e-07,0.003758809412829578,9.291795095123234e-06,0.002529026009142399,catatumbo,SPEAKER_00,32101.667,32102.042,3.0
0.00331839919090271,0.10639800876379013,3.608937149124358e-07,0.003918641712516546,5.11117195856059e-05,0.0011946605518460274,catatumbo,SPEAKER_00,32102.0,32102.375,3.0
0.10451386868953705,0.03903069440275431,4.278578700223079e-07,0.002886301139369607,3.0272612093540374e-05,0.0016178250079974532,catatumbo,SPEAKER_00,32102.333,32102.708,3.0
0.06323690712451935,0.0539966681972146,4.897379710655514e-07,0.02936539798974991,0.0003163293149555102,0.00048809833242557943,catatumbo,SPEAKER_00,32102.667,32103.042,3.0
0.0017030449816957116,0.09610321000218391,4.3206667044159985e-07,0.09840082004666328,4.142225589021109e-05,0.00043541754712350667,catatumbo,SPEAKER_00,32103.333,32103.708,3.0
0.0007296587573364377,0.17605919390916824,4.7026578187114865e-07,0.0011779061751440167,0.0002377974451519549,0.0008683172636665404,catatumbo,SPEAKER_00,32103.667,32104.042,3.0
0.0002137582778232172,0.23715192824602127,1.9332615330824865e-07,0.000214984618651215,2.4357661345675297e-06,0.05220957472920418,catatumbo,SPEAKER_00,32104.0,32104.375,3.0
0.00028816514532081783,0.20264600962400436,8.237197164362442e-07,0.04298003390431404,3.349400867591612e-05,0.0017352987779304385,catatumbo,SPEAKER_00,32104.333,32104.708,3.0
0.00017902778927236795,0.22508833557367325,4.679867871004717e-07,0.00023102924023987725,1.4770111647521844e-05,0.025913015007972717,catatumbo,SPEAKER_00,32104.667,32105.042,3.0
0.0017353517469018698,0.10572947934269905,5.211394196180663e-07,0.0034579565981402993,4.448258550837636e-05,0.0007087441044859588,catatumbo,SPEAKER_00,32105.0,32105.375,3.0
0.001241022371686995,0.09811864420771599,3.7293218113632065e-07,0.004118971060961485,3.4135758824049844e-06,0.003233258845284581,catatumbo,SPEAKER_00,32105.333,32105.708,3.0
0.07534554600715637,0.039588985964655876,5.375918448180528e-07,0.2639858275651932,1.1389907740522176e-05,0.00017712490807753056,catatumbo,SPEAKER_00,32105.667,32106.042,3.0
0.01686995103955269,0.02490279544144869,4.4699973500428314e-07,0.5504403710365295,2.4971745915536303e-05,0.001893778215162456,catatumbo,SPEAKER_00,32106.333,32106.708,3.0
0.00300040771253407,0.09797019511461258,2.880169773789021e-07,0.5281559377908707,3.5736259178520413e-06,0.002126973122358322,catatumbo,SPEAKER_00,32106.667,32107.042,3.0
0.0010688677430152893,0.17819945514202118,9.503421409817747e-07,0.04981386289000511,0.00022149214782984927,0.00010326743358746171,catatumbo,SPEAKER_00,32107.0,32107.375,3.0
0.0864185243844986,0.009265039348974824,2.677889909818987e-07,0.008453898131847382,6.676934390270617e-06,0.0016488778637722135,catatumbo,UNICO,32107.333,32107.708,3.0
0.0010153943439945579,0.14153482019901276,1.906094873049824e-07,0.017436601221561432,3.0771255978834233e-06,0.0011765933595597744,catatumbo,SPEAKER_00,32107.667,32108.042,3.0
0.0007642431883141398,0.21951880306005478,4.4364349705006134e-07,0.027142164297401905,3.4010079616564326e-05,0.000691705325152725,catatumbo,SPEAKER_00,32108.0,32108.375,3.0
0.00029358104802668095,0.27794013172388077,2.269754020289838e-07,0.0020714717102237046,6.88614113641961e-06,0.0030889243353158236,catatumbo,SPEAKER_00,32108.333,32108.708,3.0
0.015556461177766323,0.025461641140282154,1.6374420752640617e-07,0.0001644936201046221,3.660637844404846e-06,0.036506082862615585,catatumbo,SPEAKER_00,32108.667,32109.042,3.0
0.0005300618940964341,0.20132815092802048,1.6783860701252706e-07,5.6144228892662795e-06,2.5245494725822937e-06,0.5800091028213501,catatumbo,SPEAKER_00,32109.333,32109.708,3.0
0.0011896159267053008,0.16323396563529968,4.433424685146292e-07,9.53603012021631e-05,1.8116593764716526e-05,0.028423475101590157,catatumbo,UNICO,32109.667,32110.042,3.0
0.0048252129927277565,0.09373804926872253,2.4898854533716985e-07,3.187785637237539e-06,1.8698476367262629e-07,0.6190387010574341,catatumbo,SPEAKER_00,32110.0,32110.375,3.0
0.00014729856047779322,0.2502071186900139,2.7219336118378124e-07,4.962096500094049e-05,2.159443681648554e-06,0.08257037401199341,catatumbo,SPEAKER_00,32110.333,32110.708,3.0
0.010218213312327862,0.08994261920452118,2.8145751329589075e-07,0.007502695545554161,7.0087526182760485e-06,0.0009859264828264713,catatumbo,SPEAKER_00,32110.667,32111.042,3.0
0.0003656251938082278,0.22140757739543915,1.8291601655562317e-07,5.754931225965265e-05,8.768462009811628e-07,0.10719013214111328,catatumbo,SPEAKER_00,32111.0,32111.375,3.0
0.0038165024016052485,0.030408850871026516,1.4065722808709324e-07,2.6475777303858195e-05,1.1480576063149783e-06,0.34621739387512207,catatumbo,SPEAKER_00,32111.333,32111.708,3.0
0.0010257888352498412,0.11806362494826317,3.2452745379885073e-07,0.0846366249024868,4.468893394005136e-06,0.00041486919508315623,catatumbo,SPEAKER_00,32111.667,32112.042,3.0
0.00031361792935058475,0.30295877158641815,2.53096779090356e-07,0.2939738854765892,3.3339209721816587e-06,0.0041124578565359116,catatumbo,SPEAKER_00,32112.333,32112.708,3.0
0.006430588662624359,0.07190788350999355,2.245419707946894e-07,0.0004877188621321693,5.156221277502482e-06,0.009259501472115517,catatumbo,SPEAKER_00,32112.667,32113.042,3.0
0.0016308319754898548,0.08884008601307869,2.7407932634559984e-07,4.617239210347179e-05,2.2241977717385453e-06,0.08877188712358475,catatumbo,SPEAKER_00,32113.0,32113.375,3.0
0.0032043212559074163,0.10768290609121323,3.0600725864360356e-07,0.1861051693558693,7.1860358730191365e-06,0.0038404890801757574,catatumbo,SPEAKER_00,32113.333,32113.708,3.0
0.0005486588925123215,0.26244886219501495,5.229096018410928e-07,0.0977817103266716,1.4375141745404107e-05,0.0005764712695963681,catatumbo,SPEAKER_00,32113.667,32114.042,3.0
0.0028480766341090202,0.06455502845346928,1.2776246194334817e-07,2.961609766316542e-06,6.497010218708965e-08,0.9078459143638611,catatumbo,SPEAKER_00,32114.0,32114.375,3.0
0.030084267258644104,0.05610400810837746,2.1199689470563499e-07,0.002848250325769186,2.5729260642037843e-06,0.0021617573220282793,catatumbo,SPEAKER_00,32114.333,32114.708,3.0
0.08178851753473282,0.03388118091970682,3.741551921621067e-07,0.004684009589254856,3.1879374091658974e-06,0.0015528160147368908,catatumbo,SPEAKER_00,32114.667,32115.042,3.0
0.00045072915963828564,0.16057369858026505,5.060866605788306e-07,7.232533789647277e-05,3.548218955984339e-05,0.015735700726509094,catatumbo,SPEAKER_00,32115.333,32115.708,3.0
0.005450739990919828,0.04520541708916426,4.0416505697749017e-07,0.04541776701807976,9.993642379413359e-06,0.001479142694734037,catatumbo,SPEAKER_00,32115.667,32116.042,3.0
0.0002164666511816904,0.24750469624996185,3.592909010308176e-07,0.17405013740062714,6.472249197031488e-06,0.0010178722441196442,catatumbo,SPEAKER_00,32116.0,32116.375,3.0
0.0003134678991045803,0.2994435578584671,2.705640760325423e-07,0.008458737283945084,3.683410795929376e-05,0.0005960672278888524,catatumbo,SPEAKER_00,32116.333,32116.708,3.0
0.002854190766811371,0.03883122839033604,3.916972950435138e-07,0.0031689988682046533,1.160861756943632e-05,0.0015678051859140396,catatumbo,UNICO,32116.667,32117.042,3.0
0.004806261043995619,0.05460800789296627,2.449849034746876e-07,0.006519086426123977,3.7887467669861508e-06,0.0035128386225551367,catatumbo,UNICO,32117.0,32117.375,3.0
0.005280157085508108,0.06552278157323599,2.508849945570546e-07,0.0007229028269648552,1.5576696569041815e-05,0.009081210009753704,catatumbo,UNICO,32117.333,32117.708,3.0
0.005251859314739704,0.051479462534189224,3.142322597682323e-07,0.3235054761171341,1.7873524598144286e-06,0.003015841357409954,catatumbo,SPEAKER_00,32117.667,32118.042,3.0
0.007525356952100992,0.05051340162754059,2.987110434560236e-07,0.45645366609096527,3.889897925546393e-06,0.0021271826699376106,catatumbo,SPEAKER_00,32118.333,32118.708,3.0
0.0025043031200766563,0.12898405268788338,5.302914090066224e-07,0.21610530465841293,4.894642734143417e-05,0.0003393852966837585,catatumbo,SPEAKER_00,32118.667,32119.042,3.0
0.0011864225380122662,0.1580522432923317,3.444727418866478e-07,0.30039945244789124,2.0443200128283934e-06,0.003776796627789736,catatumbo,SPEAKER_00,32119.0,32119.375,3.0
0.0005380717921070755,0.3049419969320297,2.4628744910160094e-07,0.42929476499557495,4.1362402498634765e-06,0.0022055190056562424,catatumbo,SPEAKER_00,32119.333,32119.708,3.0
0.00263454532250762,0.094613216817379,1.607987840657188e-07,3.374806328793056e-05,5.466599191095156e-06,0.029882892966270447,catatumbo,SPEAKER_00,32119.667,32120.042,3.0
0.15453918278217316,0.012419794220477343,6.856610923478001e-08,5.110203233016364e-06,3.665894077187204e-08,0.9617668986320496,catatumbo,SPEAKER_00,32134.667,32135.042,3.0
0.1801256388425827,0.0017924474086612463,3.570187701029681e-07,1.0067054518003715e-05,1.6744308481975168e-06,0.387978732585907,catatumbo,SPEAKER_00,32135.0,32135.375,3.0
0.25055545568466187,0.004388813627883792,5.858918754597653e-07,0.0068315123207867146,8.042305853450671e-05,0.0002869528252631426,catatumbo,SPEAKER_00,32135.333,32135.708,3.0
0.20088179409503937,0.006308743497356772,6.365507871919363e-07,0.0009382239077240229,0.0003368431716808118,0.0006956012803129852,catatumbo,SPEAKER_00,32135.667,32136.042,3.0
0.2804010212421417,0.0023264235351234674,4.163991746963802e-07,0.0001230285779456608,3.671678769023856e-05,0.005779309663921595,catatumbo,SPEAKER_00,32136.333,32136.708,3.0
0.45855820178985596,0.0007503600500058383,3.576629552526356e-07,4.4121612518210895e-05,0.00013965136895421892,0.007690201047807932,catatumbo,SPEAKER_00,32136.667,32137.042,3.0
0.17136606574058533,0.0061440865974873304,1.493572305832913e-07,1.0178839147556573e-05,7.515597417295794e-06,0.08831010013818741,catatumbo,SPEAKER_00,32137.0,32137.375,3.0
0.151271253824234,0.004859296837821603,2.0452974425211323e-07,3.72887916455511e-05,3.1841591408010572e-06,0.06897673010826111,catatumbo,SPEAKER_00,32137.333,32137.708,3.0
0.04806488752365112,0.017258403357118368,5.24413941604962e-07,0.00026034754409920424,0.00016390326345572248,0.00162590725813061,catatumbo,SPEAKER_00,32137.667,32138.042,3.0
0.22021621465682983,0.0042780861258506775,7.167720212919448e-07,0.3007272332906723,1.584435767654213e-05,0.00029856417677365243,catatumbo,SPEAKER_00,32138.0,32138.375,3.0
0.10639676451683044,0.011653354857116938,5.750882223765075e-07,0.005609947256743908,0.00022765756148146465,0.00037079042522236705,catatumbo,SPEAKER_00,32138.333,32138.708,3.0
0.04121397063136101,0.018611030653119087,2.667424006119745e-07,3.640702652774053e-05,9.403680223840638e-06,0.030319159850478172,catatumbo,SPEAKER_00,32138.667,32139.042,3.0
0.08920247852802277,0.009359325049445033,1.9809641571555403e-07,2.3467623577744234e-05,1.4106377079770027e-06,0.0999654158949852,catatumbo,SPEAKER_00,32139.333,32139.708,3.0
0.3023642897605896,0.0025959109771065414,3.811228452832438e-07,0.0005204867775319144,4.249955964041874e-05,0.001168363494798541,catatumbo,SPEAKER_00,32139.667,32140.042,3.0
0.1785101741552353,0.006284545874223113,2.2448518777196114e-07,1.1512195214891108e-05,5.653499101754278e-06,0.08246849477291107,catatumbo,SPEAKER_00,32140.0,32140.375,3.0
0.21982918679714203,0.004035659949295223,1.3203483462120857e-07,4.34005551142036e-06,6.151636625872925e-06,0.15493620932102203,catatumbo,SPEAKER_00,32140.333,32140.708,3.0
0.3742992579936981,0.0008588229538872838,6.842434814302578e-07,0.039080250076949596,1.1918258223886369e-05,0.0006213513552211225,catatumbo,SPEAKER_00,32140.667,32141.042,3.0
0.18219676613807678,0.005158391548320651,4.6848707313529303e-07,0.0314952302724123,3.31705050484743e-05,0.00016464856162201613,catatumbo,SPEAKER_00,32141.0,32141.375,3.0
0.21544480323791504,0.004732731729745865,4.0193260986143287e-07,5.836173295392655e-05,1.9939412140956847e-05,0.013413033448159695,catatumbo,SPEAKER_00,32141.333,32141.708,3.0
0.16527166962623596,0.006122427759692073,2.9060745987408154e-07,0.00014132184151094407,3.212621777493041e-05,0.010741784237325191,catatumbo,SPEAKER_00,32141.667,32142.042,3.0
0.19894123077392578,0.005920729483477771,1.8092737974484407e-07,3.306309827166842e-05,2.7111634153698105e-05,0.022258907556533813,catatumbo,SPEAKER_00,32142.333,32142.708,3.0
0.19907964766025543,0.0038218603003770113,3.501813807815779e-07,0.001066129159880802,0.00022562837693840265,0.0008069540490396321,catatumbo,SPEAKER_00,32142.667,32143.042,3.0
0.18455494940280914,0.003314882516860962,5.445265642833874e-07,0.0036178603768348694,0.000516852320288308,0.0003687522257678211,catatumbo,SPEAKER_00,32143.0,32143.375,3.0
0.24099351465702057,0.004004116868600249,2.6768311300884307e-07,0.0010297942208126187,6.881348235765472e-05,0.001374022220261395,catatumbo,SPEAKER_00,32143.333,32143.708,3.0
0.18612630665302277,0.005400347989052534,3.4581834995606187e-07,0.011443758849054575,1.3187307104089996e-05,0.0005099776317365468,catatumbo,SPEAKER_00,32143.667,32144.042,3.0
0.24836891889572144,0.004156584618613124,3.124896039707892e-07,1.7892888081405545e-05,1.4745379758096533e-05,0.04484374448657036,catatumbo,SPEAKER_00,32144.0,32144.375,3.0
0.3005913496017456,0.0044657455291599035,4.513406537398623e-07,0.00026462013192940503,0.00018604504657560028,0.002492791973054409,catatumbo,SPEAKER_00,32144.333,32144.708,3.0
0.38056480884552,0.00282470416277647,3.349079022996193e-07,0.0003969919780502096,5.251477887213696e-05,0.003183845430612564,catatumbo,SPEAKER_00,32144.667,32145.042,3.0
0.2864692509174347,0.002177398302592337,2.502672558080121e-07,1.0062165074486984e-05,1.1978182499206014e-06,0.21469420194625854,catatumbo,SPEAKER_00,32145.333,32145.708,3.0
0.1886870563030243,0.005611608736217022,2.790007300745856e-07,0.0015047325287014246,9.106722063734196e-05,0.0006257449276745319,catatumbo,SPEAKER_00,32145.667,32146.042,3.0
0.272499144077301,0.003998949890956283,5.152806039632196e-07,0.002994414884597063,0.0004487711994443089,0.0006110091344453394,catatumbo,SPEAKER_00,32146.0,32146.375,3.0
0.38651400804519653,0.002037528494838625,5.014664594682472e-07,0.020840727724134922,7.585442654090002e-05,0.0002503428258933127,catatumbo,SPEAKER_00,32146.333,32146.708,3.0
0.382540225982666,0.00120185362175107,8.374967137569911e-07,0.06923612393438816,4.060585342813283e-05,0.0001652109349379316,catatumbo,SPEAKER_00,32146.667,32147.042,3.0
0.15743042528629303,0.006124018458649516,2.901194733340162e-07,0.00012671116564888507,1.3712285181100015e-05,0.01536205131560564,catatumbo,SPEAKER_00,32147.0,32147.375,3.0
0.16939884424209595,0.006468058563768864,2.9661800482472245e-07,0.00040235188498627394,6.289894554356579e-05,0.002251130761578679,catatumbo,SPEAKER_00,32147.333,32147.708,3.0
0.3131290376186371,0.0018177391611970961,5.258858237766617e-07,0.00022441075270762667,0.000308063710690476,0.001805159612558782,catatumbo,SPEAKER_00,32147.667,32148.042,3.0
0.47241777181625366,0.0007892254507169127,5.649669390095369e-07,0.00014443929103435948,0.00012430827337084338,0.006663989275693893,catatumbo,SPEAKER_00,32148.333,32148.708,3.0
0.5033892393112183,0.0004955061594955623,2.5507966938675963e-07,2.836972907971358e-05,2.9198462470958475e-05,0.023597493767738342,catatumbo,SPEAKER_00,32148.667,32149.042,3.0
0.5270931720733643,0.0008899690001271665,5.392914772528457e-07,0.005703569622710347,0.00011523197463247925,0.0005929164472036064,catatumbo,SPEAKER_00,32149.0,32149.375,3.0
0.4417441785335541,0.0011017167707905173,6.748986152160796e-07,0.008637491147965193,0.00016515459719812497,0.0002793547173496336,catatumbo,SPEAKER_00,32149.333,32149.708,3.0
0.5798158645629883,0.0003532148548401892,5.23312067457482e-07,0.0005918282549828291,7.05222446413245e-05,0.003744721645489335,catatumbo,SPEAKER_00,32149.667,32150.042,3.0
0.39154115319252014,0.0022261160193011165,4.941769589095202e-07,0.00469070696271956,7.506885958719067e-05,0.0006938613369129598,catatumbo,SPEAKER_00,32150.0,32150.375,3.0
0.4095061719417572,0.0015031226794235408,3.2045662123891816e-07,3.5478904010233236e-06,6.45622185402317e-06,0.19285322725772858,catatumbo,SPEAKER_00,32150.333,32150.708,3.0
0.37622687220573425,0.0015908100176602602,4.853520607639439e-07,3.644145908765495e-05,6.984352694416884e-05,0.01697186939418316,catatumbo,SPEAKER_00,32150.667,32151.042,3.0
0.40178734064102173,0.002580761327408254,5.548372428165749e-07,0.04932704381644726,5.2651914302259684e-05,0.00033224141225218773,catatumbo,SPEAKER_00,32151.333,32151.708,3.0
0.37001144886016846,0.002847812371328473,5.325139014189517e-07,0.18556050956249237,2.3338600385613972e-06,0.0007103728130459785,catatumbo,SPEAKER_00,32151.667,32152.042,3.0
0.38242828845977783,0.0018908129422925413,2.3527530146338904e-07,1.6172078176168725e-05,5.72867833170676e-07,0.1625051498413086,catatumbo,SPEAKER_00,32152.0,32152.375,3.0
0.3722778558731079,0.002034046861808747,4.0171071447048234e-07,1.6563622921239585e-05,1.1495470971567556e-05,0.06932685524225235,catatumbo,SPEAKER_00,32152.333,32152.708,3.0
0.41140955686569214,0.0012237009650561959,1.054158843771802e-06,0.07934449426829815,0.0003551113768480718,0.00014906388241797686,catatumbo,SPEAKER_00,32152.667,32153.042,3.0
0.2890651822090149,0.0018007768667303026,3.1983557136072704e-07,4.7049739805515856e-05,2.298625167895807e-05,0.014477752149105072,catatumbo,SPEAKER_00,32153.0,32153.375,3.0
0.39784854650497437,0.0008516625384800136,4.126609667309822e-07,4.202201125735883e-05,9.312396969107795e-06,0.041656769812107086,catatumbo,SPEAKER_00,32153.333,32153.708,3.0
0.31052687764167786,0.0011688560480251908,1.464620908109282e-06,0.0035934633342549205,0.0020756350131705403,0.00015044628526084125,catatumbo,SPEAKER_00,32153.667,32154.042,3.0
0.3779062330722809,0.0019443038036115468,5.798028297476776e-07,0.01907458482310176,9.696331289887894e-06,0.0005259309546090662,catatumbo,SPEAKER_00,32154.333,32154.708,3.0
0.3502773642539978,0.0024260978680104017,5.77077706509499e-07,0.06257244944572449,1.0194336482527433e-05,0.0003475809935480356,catatumbo,SPEAKER_00,32154.667,32155.042,3.0
0.45863327383995056,0.0008167695486918092,5.934232660820271e-07,0.11279065907001495,3.4311649869778194e-05,0.00029716439894400537,catatumbo,SPEAKER_00,32155.0,32155.375,3.0
0.458184152841568,0.0011026806314475834,6.296491505963786e-07,0.0401752982288599,2.591838529042434e-05,0.0003572952700778842,catatumbo,SPEAKER_00,32155.333,32155.708,3.0
0.4048372805118561,0.003623527940362692,5.076429161476881e-07,0.030620234087109566,3.307588485768065e-05,0.0003786276502069086,catatumbo,SPEAKER_00,32155.667,32156.042,3.0
0.3862977623939514,0.0026479311054572463,4.97128183951645e-07,6.120828174971393e-06,4.72606006951537e-06,0.18833941221237183,catatumbo,SPEAKER_00,32156.0,32156.375,3.0
0.20881393551826477,0.0057315032463520765,3.4698626905083074e-07,1.2333748145465506e-05,2.155002903236891e-05,0.043865591287612915,catatumbo,SPEAKER_00,32156.333,32156.708,3.0
0.27217379212379456,0.0013975860783830285,7.504214352138661e-07,0.0003069775702897459,0.0002033784257946536,0.0019389117369428277,catatumbo,UNICO,32156.667,32157.042,3.0
0.272387832403183,0.0028079545591026545,2.5115627266814045e-07,3.0227022762119304e-05,3.408124393899925e-05,0.040810827165842056,catatumbo,UNICO,32157.333,32157.708,3.0
0.1424264758825302,0.006743844598531723,3.682883118472091e-07,0.0002035429424722679,5.856673851667438e-05,0.003483822802081704,catatumbo,UNICO,32157.667,32158.042,3.0
0.11183662712574005,0.00314917357172817,4.84713410742188e-07,9.198494444717653e-05,1.6995119949569926e-05,0.01671108789741993,catatumbo,SPEAKER_00,32158.0,32158.375,3.0
0.09291782975196838,0.0017623718595132232,1.8544967304023885e-06,0.0007286257459782064,0.0002211911341873929,0.0018420376582071185,catatumbo,SPEAKER_00,32158.333,32158.708,3.0
0.0040900446474552155,0.04547421261668205,3.0651418470029057e-07,0.0041078642243519425,4.299434112908784e-05,0.0003548043896444142,catatumbo,SPEAKER_00,32158.667,32159.042,3.0
0.03253216668963432,0.02657552156597376,5.397923530381377e-07,0.0008193756511900574,8.632267417851835e-05,0.0006775913061574101,catatumbo,UNICO,32159.0,32159.375,3.0
0.1026134341955185,0.012061535380780697,3.127247900636121e-07,0.00022206439462024719,3.125323019048665e-05,0.0041689518839120865,catatumbo,UNICO,32159.333,32159.708,3.0
0.20065538585186005,0.005775681929662824,3.2588080500772776e-07,0.0026786804664880037,1.8806350908562308e-05,0.000929843750782311,catatumbo,UNICO,32159.667,32160.042,3.0
0.0441952683031559,0.0826033465564251,3.770168000016838e-07,0.0055996086448431015,5.34386435901979e-05,0.0003941382165066898,catatumbo,UNICO,32160.333,32160.708,3.0
0.07835141569375992,0.029238482005894184,3.7122484286555846e-07,0.00014985584857640788,0.0002513375147827901,0.0017210115911439061,catatumbo,SPEAKER_00,32160.667,32161.042,3.0
0.16190776228904724,0.014326713979244232,4.869279592867315e-07,0.03749245963990688,0.0001789250163710676,9.970187966246158e-05,catatumbo,SPEAKER_00,32161.0,32161.375,3.0
0.24727723002433777,0.005876414943486452,3.754485078388825e-07,0.012508675921708345,2.0671282982220873e-05,0.0003172334691043943,catatumbo,SPEAKER_00,32161.333,32161.708,3.0
0.07925204932689667,0.01743169827386737,4.048377064691522e-07,0.016786844469606876,3.942140392609872e-05,0.0002631833776831627,catatumbo,SPEAKER_00,32161.667,32162.042,3.0
0.18629787862300873,0.007092600222676992,6.604984008617976e-07,0.2843417227268219,1.3920722722104983e-05,0.0002897646918427199,catatumbo,SPEAKER_00,32162.0,32162.375,3.0
0.29967814683914185,0.002124172984622419,7.825599652733217e-07,0.06297213397920132,0.00010543447933741845,0.0001683430018601939,catatumbo,SPEAKER_00,32162.333,32162.708,3.0
0.2699686288833618,0.005268902285024524,3.9151170483364695e-07,0.0006074561679270118,6.380208469636273e-05,0.0016614863416180015,catatumbo,SPEAKER_00,32162.667,32163.042,3.0
0.29019564390182495,0.0039932571817189455,2.760686967917536e-07,0.0009372896747663617,1.4933252259652363e-05,0.0014263715129345655,catatumbo,SPEAKER_00,32163.333,32163.708,3.0
0.18207994103431702,0.006627678172662854,2.088077053485904e-07,8.754550435696729e-05,5.2879452141496586e-06,0.01589178293943405,catatumbo,SPEAKER_00,32163.667,32164.042,3.0
0.262129545211792,0.0038584565045312047,2.632542290825768e-07,0.0035906066186726093,1.832765519793611e-05,0.0007086718687787652,catatumbo,SPEAKER_00,32164.0,32164.375,3.0
0.058296699076890945,0.014483545906841755,2.853232174970799e-07,0.00012830335617763922,1.697291509117349e-05,0.0048647597432136536,catatumbo,UNICO,32164.333,32164.708,3.0
0.022754980251193047,0.022314798086881638,1.1182406645104948e-07,1.5179049910329923e-06,6.619743420088753e-09,0.8790339231491089,catatumbo,SPEAKER_00,32164.667,32165.042,3.0
0.024530241265892982,0.027797339484095573,1.677177046133238e-07,5.286932355375029e-05,5.16499895297784e-07,0.04755908250808716,catatumbo,SPEAKER_00,32165.0,32165.375,3.0
0.059329066425561905,0.015076573472470045,2.9205897789097435e-07,0.0021419013501144946,2.5816958441282623e-05,0.0010284449672326446,catatumbo,SPEAKER_00,32165.333,32165.708,3.0
0.06588561087846756,0.02060175221413374,2.078904763891387e-07,0.0005319271731423214,6.871103778394172e-06,0.0037247862201184034,catatumbo,SPEAKER_00,32165.667,32166.042,3.0
0.027935843914747238,0.019085383974015713,3.7091261617661075e-07,0.00038675437099300325,0.00010271459177602082,0.0012239912757650018,catatumbo,UNICO,32166.333,32166.708,3.0
0.04106362164020538,0.018437350168824196,3.458162325387093e-07,0.0008527158061042428,0.00011951588385272771,0.0007953475578688085,catatumbo,UNICO,32166.667,32167.042,3.0
0.08089274913072586,0.0317725520581007,8.805158557834147e-08,4.294818609196227e-06,1.0707279045618634e-06,0.5770692825317383,catatumbo,SPEAKER_00,32167.0,32167.375,3.0
0.11653302609920502,0.027329523116350174,2.5295361893995505e-07,0.002592028002254665,5.7390770962229e-06,0.0030542167369276285,catatumbo,SPEAKER_00,32167.333,32167.708,3.0
0.08199780434370041,0.019489023834466934,6.412773103647851e-07,0.0007161511166486889,5.026433427701704e-05,0.0018375770887359977,catatumbo,SPEAKER_00,32167.667,32168.042,3.0
0.14655373990535736,0.013219338841736317,4.890093094900294e-07,0.0012992685660719872,2.8207713512529153e-05,0.0016214835923165083,catatumbo,SPEAKER_00,32168.0,32168.375,3.0
0.16685785353183746,0.008517516544088721,4.141580021155278e-07,0.012669508811086416,2.742163724178681e-05,0.00044883880764245987,catatumbo,SPEAKER_00,32168.333,32168.708,3.0
0.051349230110645294,0.030901473946869373,8.45684560601967e-07,0.011081773322075605,0.0001148553601524327,0.0002561697911005467,catatumbo,SPEAKER_00,32168.667,32169.042,3.0
0.12162842601537704,0.021040597930550575,1.9700538445022175e-07,1.780149659680319e-05,2.235694083196904e-07,0.2913814187049866,catatumbo,SPEAKER_00,32169.333,32169.708,3.0
0.08785123378038406,0.032126172445714474,7.861701050160264e-07,0.014526364859193563,0.000729434861568734,0.0002487005549483001,catatumbo,SPEAKER_00,32169.667,32170.042,3.0
0.20012380182743073,0.012130561750382185,3.707818123643847e-07,0.040464410558342934,9.80607364908792e-06,0.0004961589002050459,catatumbo,SPEAKER_00,32170.0,32170.375,3.0
0.14449678361415863,0.015165888238698244,2.4606638504565126e-07,0.0012495142582338303,4.240872658556327e-05,0.0014709235401824117,catatumbo,SPEAKER_00,32170.333,32170.708,3.0
0.22583800554275513,0.004842139547690749,1.5865226288269696e-07,7.516749519709265e-06,1.8720651695502966e-07,0.4858316481113434,catatumbo,SPEAKER_00,32170.667,32171.042,3.0
0.10562045872211456,0.0192870507016778,2.102609499843311e-07,0.00014558941256836988,5.003519390811562e-06,0.01391709502786398,catatumbo,SPEAKER_00,32171.0,32171.375,3.0
0.16856057941913605,0.008386978879570961,2.224685289320405e-07,0.0003874580579577014,1.9996213609374536e-06,0.009284096769988537,catatumbo,SPEAKER_00,32171.333,32171.708,3.0
0.1258779764175415,0.010348475072532892,1.3510001650729464e-07,4.0767457903712057e-05,4.042589694108756e-06,0.052265822887420654,catatumbo,SPEAKER_00,32171.667,32172.042,3.0
0.050975143909454346,0.03353303298354149,4.026637228093932e-07,0.03436197806149721,3.8854875583638204e-06,0.0004894655430689454,catatumbo,SPEAKER_00,32172.333,32172.708,3.0
0.19626356661319733,0.008148680906742811,3.9327466083705076e-07,0.0009713785839267075,2.788180881907465e-05,0.0013873522402718663,catatumbo,SPEAKER_00,32172.667,32173.042,3.0
0.1314801722764969,0.010826212354004383,7.492118214713628e-07,0.2116995006799698,3.2765314244898036e-05,0.00027168510132469237,catatumbo,SPEAKER_00,32173.0,32173.375,3.0
0.2634067237377167,0.004357500933110714,6.547727764427691e-07,0.09252502396702766,9.495369340584148e-06,0.000692700152285397,catatumbo,SPEAKER_00,32173.333,32173.708,3.0
0.28247085213661194,0.0032712583197280765,1.870669450454443e-06,0.0923369862139225,0.0025918673491105437,3.367442332091741e-05,catatumbo,SPEAKER_00,32173.667,32174.042,3.0
0.12938657402992249,0.013479866087436676,5.479015072751281e-07,0.004064837004989386,0.00022224202257348225,0.0002490282349754125,catatumbo,SPEAKER_00,32174.0,32174.375,3.0
0.27003243565559387,0.004269731231033802,9.967611163119727e-07,0.258336566388607,1.6316599158017198e-05,0.0002837878419086337,catatumbo,SPEAKER_00,32174.333,32174.708,3.0
0.16291670501232147,0.003962158807553351,7.318370904840776e-07,0.006425824714824557,0.00043126811215188354,0.0001660826674196869,catatumbo,SPEAKER_00,32174.667,32175.042,3.0
0.2542906403541565,0.00573726324364543,4.4534428411679983e-07,0.00036293976882006973,0.00019254029757576063,0.0013619272504001856,catatumbo,UNICO,32175.333,32175.708,3.0
0.169185608625412,0.00832778518088162,1.241819589381521e-07,3.7114242559255217e-06,2.3594044051833407e-08,0.7735480070114136,catatumbo,SPEAKER_00,32175.667,32176.042,3.0
0.1430376023054123,0.010480584111064672,6.788692701320542e-07,0.046762870624661446,0.00048772405716590583,0.00013660805416293442,catatumbo,SPEAKER_00,32176.0,32176.375,3.0
0.2509843409061432,0.0036036965902894735,2.931140201667404e-07,8.454550334136002e-05,9.99516669253353e-06,0.02051037736237049,catatumbo,SPEAKER_00,32176.333,32176.708,3.0
0.21038857102394104,0.008727656211704016,1.3888461936062413e-07,1.3633884464070434e-05,1.1837976643391812e-07,0.5117076635360718,catatumbo,SPEAKER_00,32176.667,32177.042,3.0
0.23638425767421722,0.007795404875651002,4.100248389704575e-07,0.001384372531902045,4.5750042772851884e-05,0.0014119517290964723,catatumbo,SPEAKER_00,32177.0,32177.375,3.0
0.20859110355377197,0.008911189157515764,2.004157622081948e-07,2.0951513761247043e-05,2.021537602558965e-05,0.038030050694942474,catatumbo,SPEAKER_00,32177.333,32177.708,3.0
0.28453096747398376,0.0027310384903103113,6.129040741598146e-07,0.2184065282344818,9.480700100539252e-06,0.0006133736460469663,catatumbo,SPEAKER_00,32177.667,32178.042,3.0
0.03474706783890724,0.0314253568649292,4.4686321842846155e-07,0.04730773903429508,7.990288168002735e-06,0.0003144322836305946,catatumbo,SPEAKER_00,32178.333,32178.708,3.0
0.026152566075325012,0.0827576033771038,6.956589579942829e-07,0.26526302844285965,4.835537993130856e-06,0.0001780220918590203,catatumbo,SPEAKER_00,32178.667,32179.042,3.0
0.1381123661994934,0.012206304352730513,5.8405900915659e-07,0.17265839129686356,8.195786449505249e-06,0.00013170536840334535,catatumbo,SPEAKER_00,32179.0,32179.375,3.0
0.09100769460201263,0.00990156177431345,1.932859170494794e-07,5.935775698162615e-05,3.7188418673395063e-06,0.021161537617444992,catatumbo,SPEAKER_00,32179.333,32179.708,3.0
0.13345305621623993,0.005930118029937148,2.216699037660419e-07,0.00037500909820664674,3.100790195276204e-06,0.007810193579643965,catatumbo,SPEAKER_00,32179.667,32180.042,3.0
0.060787711292505264,0.06007889471948147,1.5040303225077878e-07,0.00012976289144717157,1.4762993032491067e-06,0.019143205136060715,catatumbo,SPEAKER_00,32180.0,32180.375,3.0
0.3329935371875763,0.004245127202011645,2.72861157668558e-07,0.0003357879468239844,4.3516052755876444e-05,0.0018483459716662765,catatumbo,SPEAKER_00,32180.333,32180.708,3.0
0.19545815885066986,0.012289867736399174,5.441956432150619e-07,0.02364637516438961,0.00023747599334456027,9.989439422497526e-05,catatumbo,SPEAKER_00,32180.667,32181.042,3.0
0.044261384755373,0.083383122459054,4.4755588390898993e-07,0.019486851058900356,3.762357482628431e-05,0.00018712194287218153,catatumbo,SPEAKER_00,32181.333,32181.708,3.0
0.23704080283641815,0.02435353398323059,7.67907650356392e-07,0.24020402133464813,1.1747712960641365e-05,0.00018431949138175696,catatumbo,SPEAKER_00,32181.667,32182.042,3.0
0.1445290744304657,0.01780801359564066,1.1647774087464313e-06,0.3261867165565491,9.145403055299539e-06,0.00025591003941372037,catatumbo,SPEAKER_00,32182.0,32182.375,3.0
0.1698591411113739,0.01668683346360922,1.1399121149224811e-06,0.03754337504506111,0.00014103687135502696,6.989396206336096e-05,catatumbo,SPEAKER_00,32182.333,32182.708,3.0
0.014526668936014175,0.10118483379483223,3.1090738872308066e-07,0.00014612743689212948,4.64481290691765e-05,0.002830707933753729,catatumbo,SPEAKER_00,32182.667,32183.042,3.0
0.09079301357269287,0.030592224560678005,2.5453783081275105e-07,1.7382608348270878e-05,1.2433985830284655e-05,0.045710526406764984,catatumbo,SPEAKER_00,32183.0,32183.375,3.0
0.11853134632110596,0.02474099025130272,8.568248830442826e-07,0.054657408967614174,0.00026642868760973215,5.807697743875906e-05,catatumbo,SPEAKER_00,32183.333,32183.708,3.0
0.23627695441246033,0.0066178475972265005,7.534631407679626e-07,0.20664730668067932,7.823832129361108e-05,8.537271060049534e-05,catatumbo,SPEAKER_00,32183.667,32184.042,3.0
0.13121157884597778,0.024456539191305637,8.623695890719318e-07,0.3018459901213646,3.083488445554394e-05,0.00027134804986417294,catatumbo,SPEAKER_00,32184.333,32184.708,3.0
0.04466370493173599,0.05270816572010517,2.377778187678814e-07,2.3602451619808562e-05,4.3643927938319393e-07,0.1525946855545044,catatumbo,SPEAKER_00,32184.667,32185.042,3.0
0.05833868682384491,0.04985068179666996,3.2265563731925795e-07,0.012558425776660442,2.864126054191729e-05,0.00025347250630147755,catatumbo,SPEAKER_00,32185.0,32185.375,3.0
0.10241390764713287,0.033897397108376026,5.196737973278687e-07,0.008905468275770545,1.5140540654101642e-05,0.00045120547292754054,catatumbo,SPEAKER_00,32185.333,32185.708,3.0
0.025577489286661148,0.05012229643762112,2.7859149298592456e-07,5.777050137112383e-05,3.053619252568751e-06,0.032637156546115875,catatumbo,SPEAKER_00,32185.667,32186.042,3.0
0.04427024722099304,0.04160249978303909,3.791547129594619e-07,0.0016269870684482157,3.231059054087382e-05,0.0009152879938483238,catatumbo,SPEAKER_00,32186.0,32186.375,3.0
0.13468830287456512,0.011860372964292765,5.018343642859691e-07,0.010413358686491847,6.431610017898493e-05,0.00030555189005099237,catatumbo,SPEAKER_00,32186.333,32186.708,3.0
0.07755617797374725,0.030580999329686165,6.481141241465593e-07,0.26690956950187683,1.1757340416806983e-05,0.0004630780895240605,catatumbo,SPEAKER_00,32186.667,32187.042,3.0
0.24656957387924194,0.006510582519695163,7.24954489328411e-07,0.07140876352787018,1.364852823826368e-05,0.00018168955284636468,catatumbo,SPEAKER_00,32187.333,32187.708,3.0
0.028533143922686577,0.03914005309343338,1.6114927703370086e-07,6.445200961024966e-05,1.3503407103598875e-06,0.08707313239574432,catatumbo,SPEAKER_00,32187.667,32188.042,3.0
0.054284922778606415,0.037734994664788246,4.353718168204068e-07,0.006548888050019741,7.120618829503655e-05,0.0001784631604095921,catatumbo,SPEAKER_00,32188.0,32188.375,3.0
0.08073047548532486,0.01892025303095579,2.167133992259096e-07,3.883648787450511e-05,6.391693887053407e-06,0.03702428564429283,catatumbo,SPEAKER_00,32188.333,32188.708,3.0
0.05151932314038277,0.03915610071271658,4.858871989199542e-07,0.02094863262027502,2.1377707525971346e-05,0.00032760677277110517,catatumbo,SPEAKER_00,32188.667,32189.042,3.0
0.05642315372824669,0.035138970240950584,4.115034855090016e-07,0.0017661129822954535,0.0001525858388049528,0.0008578537381254137,catatumbo,SPEAKER_00,32189.0,32189.375,3.0
0.04756138101220131,0.03439800255000591,3.4428320816459745e-07,0.003420231048949063,5.678698653355241e-05,0.0006308642914518714,catatumbo,SPEAKER_00,32189.333,32189.708,3.0
0.03782392293214798,0.0292147696018219,4.140863083534896e-07,0.0005400770460255444,9.431793660041876e-05,0.0015332461334764957,catatumbo,SPEAKER_00,32189.667,32190.042,3.0
0.11329014599323273,0.01534993201494217,3.161768873383153e-07,2.7936721380683593e-05,1.1985403489234159e-05,0.01989002525806427,catatumbo,SPEAKER_00,32190.333,32190.708,3.0
0.23900267481803894,0.004693105933256447,5.408845353827019e-07,0.0029473190661519766,4.396634176373482e-05,0.0006093206466175616,catatumbo,SPEAKER_00,32190.667,32191.042,3.0
0.045676540583372116,0.04351746663451195,1.155025685761757e-06,0.05210982263088226,0.0002055857257801108,0.00015135823923628777,catatumbo,UNICO,32191.0,32191.375,3.0
0.05138018727302551,0.029494200833141804,6.55313826314341e-07,0.03977438434958458,0.0008390912844333798,6.270482845138758e-05,catatumbo,UNICO,32191.333,32191.708,3.0
0.08293182402849197,0.013281773775815964,4.999373928171735e-07,0.003713830839842558,0.0002444206038489938,0.00029717403231188655,catatumbo,UNICO,32191.667,32192.042,3.0
0.2250993251800537,0.008745286148041487,6.62647337890121e-07,0.043977330438792706,7.175216524046846e-05,0.0002598636783659458,catatumbo,SPEAKER_00,32192.0,32192.375,3.0
0.10860542953014374,0.010510834399610758,5.453246743059026e-07,0.026290138252079487,2.0621231669792905e-05,0.0002707288949750364,catatumbo,SPEAKER_00,32192.333,32192.708,3.0
0.16961704194545746,0.0061099533922970295,3.303474045424082e-07,0.0016793321119621396,2.3561536181659903e-05,0.001531326211988926,catatumbo,SPEAKER_00,32192.667,32193.042,3.0
0.20920851826667786,0.004661171929910779,3.753015676011273e-07,0.0008682790212333202,4.6140865379129536e-05,0.0018543315818533301,catatumbo,SPEAKER_00,32193.333,32193.708,3.0
0.1917908489704132,0.006952589377760887,4.345632405033939e-07,0.0005060282273916528,1.3677309652848635e-05,0.004514461848884821,catatumbo,SPEAKER_00,32193.667,32194.042,3.0
0.20840059220790863,0.007968334248289466,3.997095276986329e-07,0.0003638002963270992,1.4781537629460217e-05,0.004772920627146959,catatumbo,SPEAKER_00,32194.0,32194.375,3.0
0.14400531351566315,0.009268386289477348,5.85264324115542e-07,0.00723281386308372,0.00011533961514942348,0.00028669415041804314,catatumbo,SPEAKER_00,32194.333,32194.708,3.0
0.2075304239988327,0.009089272934943438,9.599468029364289e-07,0.035535866394639015,0.0004254239029251039,0.000122249752166681,catatumbo,UNICO,32194.667,32195.042,3.0
0.09926623851060867,0.017703920602798462,1.0203317657442312e-06,0.004389353329315782,0.00036226371594239026,0.0002502974821254611,catatumbo,UNICO,32195.0,32195.375,3.0
0.21752747893333435,0.0018997639417648315,2.7057944862463046e-06,0.08254873752593994,0.0030100748408585787,6.853669765405357e-05,catatumbo,UNICO,32195.333,32195.708,3.0
0.09034023433923721,0.007477107224985957,1.6239157218933542e-06,0.006428903667256236,8.612113742856309e-05,0.0006265293923206627,catatumbo,UNICO,32195.667,32196.042,3.0
0.0005650334642268717,0.41333457827568054,9.149781590167549e-07,0.02317732386291027,0.0005801076185889542,0.00021426718740258366,catatumbo,UNICO,32224.0,32224.375,3.0
0.0011292315321043134,0.2521120384335518,3.3283211919865607e-07,0.013492198660969734,1.2068126579833915e-05,0.002392442198470235,catatumbo,UNICO,32224.333,32224.708,3.0
0.000911444949451834,0.20382234454154968,3.7484807435816947e-07,0.1298339143395424,1.0699975973693654e-05,0.0008198634022846818,catatumbo,UNICO,32224.667,32225.042,3.0
0.0016755427932366729,0.2319306880235672,5.304644190573526e-07,0.006443536141887307,0.0004045693058287725,0.002329824259504676,catatumbo,SPEAKER_00,32225.0,32225.375,3.0
0.00024062040029093623,0.24922891706228256,6.894949322600041e-07,0.32926690578460693,2.7475323804537766e-05,0.0008838636567816138,catatumbo,SPEAKER_00,32225.333,32225.708,3.0
0.0003186338290106505,0.2542087584733963,2.0495902930406373e-07,0.04500063695013523,6.838036642875522e-05,0.0006030770018696785,catatumbo,SPEAKER_00,32225.667,32226.042,3.0
0.0002651433169376105,0.40528126060962677,2.646688734841973e-07,0.12906411290168762,2.513637809897773e-05,0.0011242716573178768,catatumbo,SPEAKER_00,32226.333,32226.708,3.0
4.3576914322329685e-05,0.4705659747123718,2.5725011099098083e-07,0.3088732063770294,1.774600696080597e-05,0.0017376403557136655,catatumbo,SPEAKER_00,32226.667,32227.042,3.0
0.0005276146694086492,0.3607638031244278,3.024941683804627e-07,0.03144814260303974,0.0001936853223014623,0.004388405010104179,catatumbo,SPEAKER_00,32227.0,32227.375,3.0
0.0008806171827018261,0.17496845126152039,3.519422264730565e-07,0.3226970285177231,1.5352115042333025e-05,0.001338463625870645,catatumbo,SPEAKER_00,32227.333,32227.708,3.0
0.001437487662769854,0.1812981516122818,4.2900892083252984e-07,0.4658289849758148,4.191862444713479e-06,0.004334551282227039,catatumbo,SPEAKER_00,32227.667,32228.042,3.0
9.332757326774299e-05,0.4951261729001999,3.1561114610667573e-07,0.2829109653830528,1.015388079395052e-05,0.0024658439215272665,catatumbo,SPEAKER_00,32228.0,32228.375,3.0
0.00011897013609996065,0.5170974135398865,5.877720141711507e-07,0.0681261271238327,0.00013961418153485283,0.0004742555902339518,catatumbo,SPEAKER_00,32228.333,32228.708,3.0
0.00017121103883255273,0.48353132605552673,6.145205873053783e-07,0.3954971581697464,7.119511064956896e-05,0.0013349596410989761,catatumbo,SPEAKER_00,32228.667,32229.042,3.0
0.0008434569463133812,0.29835356771945953,3.919142699260192e-07,2.6894738766714e-05,3.617410129663767e-05,0.059965308755636215,catatumbo,SPEAKER_00,32229.333,32229.708,3.0
3.1777566618984565e-05,0.6240994930267334,2.4613588323063595e-07,0.02917681448161602,2.1189193830650765e-05,0.0009860998252406716,catatumbo,SPEAKER_00,32229.667,32230.042,3.0
0.00021698902128264308,0.41923968493938446,3.713665748250605e-07,4.1802055420703255e-05,2.125921992046642e-05,0.15965130925178528,catatumbo,SPEAKER_00,32230.0,32230.375,3.0
0.0001244673621840775,0.4264410585165024,5.162192451280134e-07,0.00023719020100543275,2.2069705664762296e-05,0.04756348580121994,catatumbo,SPEAKER_00,32230.333,32230.708,3.0
0.00014413363533094525,0.3040323704481125,6.426533829539949e-07,0.024920206516981125,0.0001625764707569033,0.0009399080881848931,catatumbo,SPEAKER_00,32230.667,32231.042,3.0
0.0003156788006890565,0.3794678896665573,7.382391089549856e-07,0.1554398126900196,6.588848918909207e-05,0.0012727683642879128,catatumbo,SPEAKER_00,32231.0,32231.375,3.0
0.00030087982304394245,0.3604996055364609,1.8087863828952777e-07,0.00013245708760223351,9.565543450662517e-07,0.05554573982954025,catatumbo,SPEAKER_00,32231.333,32231.708,3.0
0.008200286887586117,0.0814132634550333,3.086524458240092e-07,0.0237314710393548,4.170259586544489e-07,0.004426866769790649,catatumbo,SPEAKER_00,32231.667,32232.042,3.0
0.007896368391811848,0.04391552321612835,7.947171667410657e-07,0.011432531289756298,3.894318888342241e-05,0.0007666397141292691,catatumbo,SPEAKER_00,32232.333,32232.708,3.0
0.00016040733316913247,0.43809065222740173,3.86898843629524e-07,0.014999329578131437,5.842657628818415e-06,0.0017781383357942104,catatumbo,SPEAKER_00,32232.667,32233.042,3.0
0.0006506599602289498,0.3362288326025009,4.809234681601993e-07,0.09845419228076935,5.956016502750572e-05,0.0004603002453222871,catatumbo,SPEAKER_00,32233.0,32233.375,3.0
0.00012819422408938408,0.36244015395641327,3.127487531173756e-07,0.0046076723374426365,3.0121564122964628e-05,0.0012104194611310959,catatumbo,SPEAKER_00,32233.333,32233.708,3.0
8.714351861272007e-05,0.4276141822338104,5.194004444319944e-07,0.007987679215148091,1.7337212284473935e-05,0.0016664364375174046,catatumbo,SPEAKER_00,32233.667,32234.042,3.0
9.28320296225138e-05,0.36764684319496155,4.3286866713287964e-07,0.00031881492759566754,8.77174420566007e-06,0.014659533277153969,catatumbo,SPEAKER_00,32234.0,32234.375,3.0
0.0001756063720677048,0.30604878067970276,5.716010420542261e-07,0.013522858265787363,1.8587871636555064e-05,0.0006188357947394252,catatumbo,SPEAKER_00,32234.333,32234.708,3.0
8.854770567268133e-05,0.5268694460391998,4.874363668250226e-07,0.06872599013149738,2.7262487492407672e-05,0.0019434208516031504,catatumbo,SPEAKER_00,32234.667,32235.042,3.0
0.036369774490594864,0.04953967221081257,3.4135960902403895e-07,0.00014875599299557507,0.0006313356570899487,0.0012715202756226063,catatumbo,SPEAKER_00,32235.333,32235.708,3.0
0.080562524497509,0.035559982527047396,1.6317829221179636e-07,0.00011609131615841761,1.0541112260398222e-05,0.030708072707057,catatumbo,SPEAKER_00,32235.667,32236.042,3.0
0.0005767810507677495,0.19455816596746445,2.2774425900706774e-07,0.00010034767910838127,1.5033886029414134e-05,0.04419904202222824,catatumbo,SPEAKER_00,32236.0,32236.375,3.0
0.0003754131612367928,0.2549308314919472,5.583084359273016e-07,0.013879003003239632,0.00022556018666364253,0.00037689469172619283,catatumbo,SPEAKER_00,32236.333,32236.708,3.0
0.00050672038923949,0.21574929356575012,4.821633865503827e-07,0.005864634411409497,2.5378649297636002e-05,0.002305189613252878,catatumbo,UNICO,32236.667,32237.042,3.0
0.027854830026626587,0.03704053536057472,4.3131336369128803e-07,0.010710392612963915,9.862682759376185e-07,0.0017284400528296828,catatumbo,UNICO,32237.0,32237.375,3.0
0.09337607026100159,0.02645440772175789,5.028829406228397e-07,0.002433192334137857,5.578750824497547e-05,0.0009807401802390814,catatumbo,UNICO,32237.333,32237.708,3.0
0.05378216505050659,0.045215385034680367,5.010851786835246e-07,0.007611184846609831,6.658230404354981e-06,0.0007839797763153911,catatumbo,SPEAKER_00,32237.667,32238.042,3.0
8.587993943365291e-05,0.31024597585201263,3.4932801185050266e-07,0.1132482998073101,4.104683284822386e-06,0.0010205776197835803,catatumbo,SPEAKER_00,32238.333,32238.708,3.0
9.16054705157876e-05,0.26314954459667206,4.394931139017899e-07,0.29843152314424515,4.927121381115285e-06,0.0018122715409845114,catatumbo,SPEAKER_00,32238.667,32239.042,3.0
0.00021618715254589915,0.1880578249692917,4.3357667323107307e-07,0.0007543920946773142,6.040080279490212e-06,0.007796707097440958,catatumbo,SPEAKER_00,32239.0,32239.375,3.0
0.0001254579401575029,0.42240338027477264,6.98066134674491e-07,0.05624321661889553,0.00037880672607570887,0.0009250089060515165,catatumbo,SPEAKER_00,32239.333,32239.708,3.0
0.00023803143994882703,0.25774429738521576,6.945703958649574e-07,0.05182677507400513,6.893601857882459e-05,0.0006139865727163851,catatumbo,SPEAKER_00,32239.667,32240.042,3.0
0.0007417278247885406,0.1235712505877018,1.7832078036406074e-07,3.76211064576637e-05,4.779412563493679e-07,0.21337419748306274,catatumbo,SPEAKER_00,32240.0,32240.375,3.0
0.0006050511728972197,0.13917341455817223,7.663392622703213e-07,0.042042747139930725,0.00011473217819002457,0.0008951288764365017,catatumbo,SPEAKER_00,32240.333,32240.708,3.0
0.0006559572648257017,0.19780947268009186,7.378548545489139e-07,0.2124229371547699,2.819539440679364e-05,0.0005363625241443515,catatumbo,SPEAKER_00,32240.667,32241.042,3.0
0.00027119959122501314,0.3367181867361069,1.3879204452393878e-07,0.0029607677133753896,1.966864545011049e-06,0.006347878370434046,catatumbo,UNICO,32241.333,32241.708,3.0
0.0002879762032534927,0.34747926890850067,2.8095861637211783e-07,0.3321788161993027,8.050666110648308e-06,0.0008498831302858889,catatumbo,SPEAKER_00,32241.667,32242.042,3.0
0.0011101580457761884,0.1646774336695671,1.488073380073729e-07,3.5969522286904976e-05,3.335779013013962e-07,0.18266208469867706,catatumbo,SPEAKER_00,32242.0,32242.375,3.0
0.0005006794235669076,0.2534741461277008,2.640514935592364e-07,0.15360889211297035,2.5266257352996035e-06,0.000894277764018625,catatumbo,SPEAKER_00,32242.333,32242.708,3.0
0.0016141331288963556,0.16964352875947952,2.46398819570004e-07,0.11757016181945801,5.70142901779036e-06,0.0014155929675325751,catatumbo,SPEAKER_00,32242.667,32243.042,3.0
0.00020378494809847325,0.31881284713745117,2.1973561814547793e-07,5.888847590540536e-05,3.365724296600092e-06,0.03453243151307106,catatumbo,SPEAKER_00,32243.0,32243.375,3.0
0.00023281131871044636,0.3553052991628647,2.160800640638172e-07,3.985295734310057e-05,4.781897473549179e-06,0.29892611503601074,catatumbo,SPEAKER_00,32243.333,32243.708,3.0
0.0018006801838055253,0.12039037421345711,2.41815911294907e-07,0.0029318854212760925,7.955562796269078e-05,0.0006133461720310152,catatumbo,SPEAKER_00,32243.667,32244.042,3.0
0.0003075652930419892,0.2402218133211136,7.729703028758195e-07,0.008094584802165627,0.00034425114426994696,0.0006509533850476146,catatumbo,SPEAKER_00,32244.333,32244.708,3.0
9.13259427761659e-05,0.43432460725307465,1.8666736423256225e-07,1.110586958930071e-05,4.40841677118442e-06,0.3636012375354767,catatumbo,SPEAKER_00,32244.667,32245.042,3.0
0.00016392016550526023,0.29978301376104355,3.2686050488450746e-07,0.0038101179525256157,3.52137458321522e-05,0.0018541313474997878,catatumbo,SPEAKER_00,32245.0,32245.375,3.0
0.000301299529382959,0.34525129199028015,1.4193125252859318e-07,0.00014115208614384755,4.071673174621537e-06,0.03413664177060127,catatumbo,SPEAKER_00,32245.333,32245.708,3.0
0.0001689368364168331,0.451867938041687,2.1978188868843063e-07,0.0027398300589993596,2.6613842237566132e-05,0.0034451987594366074,catatumbo,SPEAKER_00,32245.667,32246.042,3.0
0.0025373795069754124,0.1809561476111412,2.681121955561139e-07,0.0015819186228327453,4.513444218900986e-05,0.0018087986391037703,catatumbo,SPEAKER_00,32246.0,32246.375,3.0
0.001254409202374518,0.18151989579200745,1.7856558187645533e-07,1.2971428077435121e-05,1.9047146793127467e-06,0.18045268952846527,catatumbo,SPEAKER_00,32246.333,32246.708,3.0
0.009526912122964859,0.08355077123269439,2.403136107886894e-07,0.0001112567879317794,7.439723731295089e-06,0.026702962815761566,catatumbo,SPEAKER_00,32246.667,32247.042,3.0
0.002789792139083147,0.09225081652402878,1.2475010713330903e-07,0.00015789658937137574,1.3629081081489858e-06,0.10165873169898987,catatumbo,SPEAKER_00,32247.333,32247.708,3.0
0.009684670716524124,0.08821863308548927,2.7899270804709886e-07,0.0031771742505952716,8.798323688097298e-05,0.0010565001284703612,catatumbo,UNICO,32247.667,32248.042,3.0
0.002420236589387059,0.16593826934695244,2.529854725707992e-07,0.00010868366007343866,2.1893256416660734e-05,0.017351360991597176,catatumbo,UNICO,32248.0,32248.375,3.0
0.0021420964039862156,0.18098051846027374,2.585047091940851e-07,1.4119676052359864e-05,9.024867324569641e-07,0.3346892297267914,catatumbo,UNICO,32248.333,32248.708,3.0
0.003258864860981703,0.11834564805030823,9.317834681610293e-08,1.0212319011770887e-05,4.0399019951564696e-07,0.6801986694335938,catatumbo,SPEAKER_00,32248.667,32249.042,3.0
0.0007890475681051612,0.13549918681383133,1.4423289762532931e-07,6.374669283104595e-06,1.1850968348880997e-06,0.4449743330478668,catatumbo,SPEAKER_00,32249.0,32249.375,3.0
0.003722352208569646,0.15740123018622398,2.2038642910615636e-07,0.00947323814034462,1.1593081580940634e-05,0.001407741685397923,catatumbo,SPEAKER_00,32249.333,32249.708,3.0
0.003290805034339428,0.12962904572486877,2.505848328837601e-07,0.008527652826160192,3.5481399436321226e-06,0.0017073348863050342,catatumbo,UNICO,32249.667,32250.042,3.0
0.0017065377905964851,0.14888199418783188,4.5997543907105864e-07,0.00033929898927453905,7.472339348169044e-06,0.005041605327278376,catatumbo,SPEAKER_00,32250.333,32250.708,3.0
0.0042794193141162395,0.1666889190673828,2.735153969979365e-07,0.06668311357498169,1.558980500249163e-06,0.0012806260492652655,catatumbo,SPEAKER_00,32250.667,32251.042,3.0
0.0011147343320772052,0.16082020103931427,2.5900189015715114e-07,9.860375939751975e-05,3.815007289631467e-06,0.07160395383834839,catatumbo,SPEAKER_00,32251.0,32251.375,3.0
0.0005042763077653944,0.15436705201864243,3.464502427164007e-07,0.31942084431648254,1.1894103977283521e-06,0.006409561727195978,catatumbo,SPEAKER_00,32251.333,32251.708,3.0
0.10197502374649048,0.009265045635402203,3.229331682064185e-07,0.387556716799736,5.629240376947564e-06,0.0018078080611303449,catatumbo,SPEAKER_00,32251.667,32252.042,3.0
0.0006771607440896332,0.2258405238389969,2.432933570162277e-07,0.4913567453622818,1.790375506516284e-06,0.005791489500552416,catatumbo,SPEAKER_00,32252.0,32252.375,3.0
0.0012417667312547565,0.10564526915550232,1.3645367857861856e-07,3.527608350850642e-05,1.4645780765931704e-06,0.07342512905597687,catatumbo,SPEAKER_00,32252.333,32252.708,3.0
0.0007680038688704371,0.2347804233431816,4.5075482546508283e-07,0.1338866651058197,3.736082589966827e-06,0.0013938777847215533,catatumbo,SPEAKER_00,32252.667,32253.042,3.0
0.00113241421058774,0.2540261596441269,3.438428564095375e-07,0.5763496160507202,2.763557063190092e-06,0.004775584675371647,catatumbo,SPEAKER_00,32253.333,32253.708,3.0
0.0036243463400751352,0.14543599635362625,2.801797407414597e-07,0.0075349463149905205,2.181983472837601e-05,0.00046223466051742435,catatumbo,SPEAKER_00,32253.667,32254.042,3.0
0.0007637939997948706,0.29787300527095795,4.507874074022311e-07,0.021701868623495102,6.60986233924632e-06,0.0009213146986439824,catatumbo,SPEAKER_00,32254.0,32254.375,3.0
0.0014544478617608547,0.12954208627343178,3.36265294720306e-07,0.3470256179571152,4.0872409954317845e-06,0.0015135890571400523,catatumbo,SPEAKER_00,32254.333,32254.708,3.0
0.006926367059350014,0.16005636006593704,2.951581947741033e-07,0.33960944414138794,1.3172602848499082e-06,0.002884284360334277,catatumbo,SPEAKER_00,32254.667,32255.042,3.0
0.00023228072677738965,0.42260365188121796,3.896017943816332e-07,0.4522612541913986,6.1302237099880585e-06,0.003033051732927561,catatumbo,SPEAKER_00,32255.0,32255.375,3.0
0.0009102628682740033,0.270312175154686,2.8278411434712325e-07,0.3046371191740036,1.2060406220371078e-06,0.008229856379330158,catatumbo,SPEAKER_00,32255.333,32255.708,3.0
0.0030997530557215214,0.11758340150117874,2.9438069759635255e-07,0.17412731796503067,5.3697501698479755e-06,0.0019612442702054977,catatumbo,SPEAKER_00,32255.667,32256.042,3.0
0.0002868893789127469,0.27911683917045593,3.0466055278566273e-07,0.33525681495666504,5.9025278460467234e-06,0.0029395627789199352,catatumbo,SPEAKER_00,32256.333,32256.708,3.0
0.0008196438429877162,0.13682812079787254,7.001669644068897e-07,0.4032174050807953,3.747497703443514e-05,0.0016093074809759855,catatumbo,SPEAKER_00,32256.667,32257.042,3.0
0.0006169019034132361,0.2650253623723984,4.3755748535545536e-07,0.001352022576611489,9.715614396554884e-06,0.0017032712930813432,catatumbo,SPEAKER_00,32257.0,32257.375,3.0
3.8871461583767086e-05,0.5316887050867081,2.910879004502931e-07,0.3597877323627472,1.0441951872053323e-05,0.0012776131043210626,catatumbo,SPEAKER_00,32257.333,32257.708,3.0
0.013324152678251266,0.06065409630537033,2.5797966785034987e-07,0.006478216731920838,0.00010829128950717859,0.0007085205870680511,catatumbo,SPEAKER_00,32257.667,32258.042,3.0
0.03673718497157097,0.038576405961066484,1.560680829015837e-07,0.00037907910882495344,0.00014443116015172563,0.003528064116835594,catatumbo,SPEAKER_00,32258.0,32258.375,3.0
0.12783275544643402,0.011530098039656878,1.6242157840906657e-07,1.3883992778573884e-05,7.205279217714633e-07,0.38455384969711304,catatumbo,SPEAKER_00,32258.333,32258.708,3.0
0.1390465646982193,0.010858604218810797,2.743214082556733e-07,0.004877991392277181,0.0007895338640082628,0.00022186205023899674,catatumbo,SPEAKER_00,32258.667,32259.042,3.0
0.0062317694537341595,0.09099041298031807,3.452171171147711e-07,0.002190272556617856,5.971940254312358e-06,0.0024626837112009525,catatumbo,SPEAKER_00,32259.333,32259.708,3.0
0.008351054042577744,0.09261712059378624,6.886085515134255e-07,0.022281745448708534,2.759231938398443e-05,0.0006748535670340061,catatumbo,SPEAKER_00,32259.667,32260.042,3.0
0.007991475984454155,0.0989505797624588,4.376938065320246e-07,0.08376577123999596,2.128555661329301e-05,0.001158220344223082,catatumbo,SPEAKER_00,32260.0,32260.375,3.0
0.0018420517444610596,0.16866089031100273,3.5267385811721397e-07,0.13796071708202362,1.5603341125824954e-06,0.002261612331494689,catatumbo,SPEAKER_00,32260.333,32260.708,3.0
0.0008064152207225561,0.22821564227342606,1.201601822486964e-07,4.166622420598287e-05,2.2257111140788766e-06,0.10615738481283188,catatumbo,SPEAKER_00,32260.667,32261.042,3.0
0.0004585596325341612,0.30633822083473206,4.1393341021489505e-07,0.0011034153867512941,6.702624523313716e-05,0.0021825784351676702,catatumbo,SPEAKER_00,32261.0,32261.375,3.0
0.00027286706608720124,0.31181514263153076,3.2710569897176356e-07,0.020528424996882677,1.1377733244444244e-05,0.002906978130340576,catatumbo,SPEAKER_00,32261.333,32261.708,3.0
0.009349500760436058,0.057372311130166054,2.533803495907705e-07,2.117117946909275e-05,6.960576683923136e-07,0.22337493300437927,catatumbo,SPEAKER_00,32261.667,32262.042,3.0
0.0008452623151242733,0.17518089711666107,1.7534986440637113e-07,6.464932198468887e-06,1.5595371394283575e-07,0.6171627640724182,catatumbo,SPEAKER_00,32262.333,32262.708,3.0
0.0003303595876786858,0.2776084244251251,2.8582088873463363e-07,0.19471443444490433,1.1178211138940242e-06,0.004000592045485973,catatumbo,SPEAKER_00,32262.667,32263.042,3.0
0.00031704784487374127,0.2652881294488907,6.922834003830758e-07,0.011298246681690216,0.0001778473742888309,0.00012328990851528943,catatumbo,SPEAKER_00,32263.0,32263.375,3.0
0.001434278441593051,0.26651260256767273,2.6422649312962676e-07,0.10080112516880035,2.5482737555648782e-06,0.0016120511572808027,catatumbo,SPEAKER_00,32263.333,32263.708,3.0
0.005051950924098492,0.11680851131677628,1.6590608709066146e-07,2.03163072001189e-05,2.1810815269418526e-06,0.2009274661540985,catatumbo,SPEAKER_00,32263.667,32264.042,3.0
0.0043528578244149685,0.08540817722678185,1.7248263617375414e-07,1.28297806440969e-05,1.56630119363399e-06,0.24590376019477844,catatumbo,SPEAKER_00,32264.0,32264.375,3.0
0.002908131340518594,0.12512149661779404,3.990756312077792e-07,0.00011458000153652392,9.222675998898922e-06,0.014065325260162354,catatumbo,SPEAKER_00,32264.333,32264.708,3.0
0.0006441400037147105,0.20333538204431534,4.597233633774067e-07,0.0001672380167292431,2.5924217084138945e-06,0.028009625151753426,catatumbo,SPEAKER_00,32264.667,32265.042,3.0
0.005474199075251818,0.06730136834084988,1.0959904983565139e-06,0.1461942084133625,8.547324114260846e-06,0.0005675547872669995,catatumbo,SPEAKER_00,32265.333,32265.708,3.0
0.014168336056172848,0.03635864518582821,1.2282619081815938e-06,0.002717482973821461,0.00014125480083748698,0.0029285093769431114,catatumbo,SPEAKER_00,32265.667,32266.042,3.0
0.0013254315126687288,0.09989774972200394,5.92318031067407e-07,0.00014567957623512484,1.4212625103482424e-06,0.04739256203174591,catatumbo,SPEAKER_00,32266.0,32266.375,3.0
0.0025807679630815983,0.06796997785568237,7.426743096061728e-07,0.00936020677909255,1.2143321328039747e-05,0.000959632161539048,catatumbo,SPEAKER_00,32266.333,32266.708,3.0
0.0026240290608257055,0.05396919883787632,8.364683665718076e-07,0.00016663261703797616,6.677842065982986e-06,0.042838286608457565,catatumbo,SPEAKER_00,32266.667,32267.042,3.0
0.00692294305190444,0.041622065007686615,1.0648444259686585e-06,0.006787975435145199,0.0002714569418458268,0.0006036066333763301,catatumbo,SPEAKER_00,32267.0,32267.375,3.0
0.0016488292021676898,0.07523230835795403,1.2722501310236112e-06,0.0024916307884268463,0.0005063308344688267,0.0018190589034929872,catatumbo,SPEAKER_00,32267.333,32267.708,3.0
0.0004091536102350801,0.35274936258792877,2.8940030816215767e-07,0.010874101892113686,2.876886082958663e-05,0.0029449472203850746,catatumbo,SPEAKER_00,32267.667,32268.042,3.0
0.0004765033954754472,0.32157041132450104,4.485323898961724e-07,0.012043537572026253,8.213966430048458e-05,0.001001040218397975,catatumbo,SPEAKER_00,32268.333,32268.708,3.0
0.0006118281162343919,0.2535616010427475,6.321217824734049e-07,0.006965026492252946,4.329653529566713e-05,0.0021981962490826845,catatumbo,SPEAKER_00,32268.667,32269.042,3.0
0.0008504753350280225,0.18350788950920105,4.512061408945556e-07,6.296723768173251e-05,6.0309037053229986e-06,0.05138712376356125,catatumbo,SPEAKER_00,32269.0,32269.375,3.0
0.00156593497376889,0.09807254001498222,3.024836541243303e-07,6.995247167651542e-05,5.014817247683823e-06,0.08975417912006378,catatumbo,SPEAKER_00,32269.333,32269.708,3.0
0.00015150121180340648,0.39467504620552063,1.8823452485605685e-07,0.013797167222946882,1.8833831745723728e-05,0.001618166919797659,catatumbo,SPEAKER_00,32269.667,32270.042,3.0
0.00031088871764950454,0.3503340035676956,9.222715675605286e-07,0.014106874354183674,0.0002814110921462998,0.00015719774819444865,catatumbo,UNICO,32270.0,32270.375,3.0
0.00025434448616579175,0.26185300201177597,4.856909114892005e-07,0.0020506949513219297,3.653039675555192e-05,0.0013573796022683382,catatumbo,UNICO,32270.333,32270.708,3.0
0.0003431069490034133,0.280744343996048,2.376612471266526e-07,6.769277933926787e-05,1.1607028227444971e-05,0.04815905913710594,catatumbo,UNICO,32270.667,32271.042,3.0
0.00020062601834069937,0.34657980501651764,2.2038036462390664e-07,8.131884351314511e-05,6.644412906098296e-06,0.033938877284526825,catatumbo,SPEAKER_00,32271.333,32271.708,3.0
0.0010149140143767,0.16326843947172165,3.944336324224196e-07,0.02015302050858736,8.75923478815821e-06,0.0024001714773476124,catatumbo,SPEAKER_00,32271.667,32272.042,3.0
0.0033496019896119833,0.10273986682295799,6.761493906992655e-07,0.014248840976506472,4.1377230672878795e-06,0.000929952715523541,catatumbo,SPEAKER_00,32272.0,32272.375,3.0
0.0015189505647867918,0.10403120145201683,5.649188814516037e-07,0.001694733276963234,4.730359978566412e-05,0.0015212659491226077,catatumbo,SPEAKER_00,32272.333,32272.708,3.0
0.002398053416982293,0.16144750267267227,4.569851483893217e-07,0.29198285937309265,2.644586515998526e-06,0.002416306873783469,catatumbo,SPEAKER_00,32272.667,32273.042,3.0
0.0010615758365020156,0.1806960105895996,2.68510426337798e-07,0.00032383709913119674,3.001008280989481e-06,0.01329388190060854,catatumbo,SPEAKER_00,32273.0,32273.375,3.0
0.02850150875747204,0.04376338515430689,2.1737943711741536e-07,0.015069656074047089,3.1595737709722016e-05,0.0006477997521869838,catatumbo,SPEAKER_00,32273.333,32273.708,3.0
0.02718263678252697,0.08408606052398682,1.8282853631035323e-07,6.572543134097941e-05,3.123645001323894e-05,0.011717601679265499,catatumbo,SPEAKER_00,32273.667,32274.042,3.0
0.0005901085678488016,0.2365882322192192,4.573371299443352e-07,0.02105079870671034,0.0005543724982999265,0.00014159080456010997,catatumbo,SPEAKER_00,32274.333,32274.708,3.0
0.0013180319219827652,0.13797404617071152,5.697270921700692e-07,0.0010666234884411097,0.00018148600065615028,0.0010648648021742702,catatumbo,UNICO,32274.667,32275.042,3.0
0.0007414797437377274,0.22944170236587524,2.767485405286152e-07,0.0063189195934683084,1.0744385235739173e-05,0.0022619348019361496,catatumbo,UNICO,32275.0,32275.375,3.0
8.17257387097925e-05,0.5789515376091003,4.3275928618413673e-07,0.0795748345553875,1.811861147871241e-05,0.0008138069533742964,catatumbo,SPEAKER_00,32275.333,32275.708,3.0
0.00018416611419524997,0.31935976445674896,2.4865986247846195e-07,4.5018863602308556e-05,3.4180039847342414e-06,0.4337840974330902,catatumbo,SPEAKER_00,32275.667,32276.042,3.0
0.00010346841008868068,0.2971549481153488,2.522072755084537e-07,0.0006260671652853489,4.919608272757614e-06,0.007641190197318792,catatumbo,SPEAKER_00,32276.0,32276.375,3.0
0.0029365038499236107,0.108287263661623,5.127576940822109e-07,0.001505693478975445,2.7841830160468817e-05,0.001747502014040947,catatumbo,SPEAKER_00,32276.333,32276.708,3.0
0.0201836209744215,0.03353315033018589,5.910808198450468e-07,7.319085489143617e-05,2.73402192760841e-05,0.03380865976214409,catatumbo,SPEAKER_00,32276.667,32277.042,3.0
0.002766585210338235,0.16314948070794344,3.0548300244959137e-07,0.06023949384689331,2.841781565621204e-06,0.0022189912851899862,catatumbo,UNICO,32307.667,32308.042,3.0
0.0009141898481175303,0.356704980134964,2.460064791875993e-07,0.5742557048797607,3.3198106166310026e-06,0.005320748779922724,catatumbo,SPEAKER_00,32308.0,32308.375,3.0
0.0022636069916188717,0.12833362817764282,3.7374791972411003e-07,0.001976717438083142,1.630611950531602e-05,0.0017661091405898333,catatumbo,SPEAKER_00,32308.333,32308.708,3.0
0.0021145620848983526,0.22138110548257828,5.971652399239247e-07,0.001305605925153941,7.367486068687867e-05,0.0006952433614060283,catatumbo,SPEAKER_00,32308.667,32309.042,3.0
0.006963805761188269,0.098631476983428,2.2360426044087944e-07,4.3714434241337585e-06,1.2902473372378154e-05,0.41834935545921326,catatumbo,SPEAKER_00,32309.0,32309.375,3.0
0.005271503236144781,0.07159504992887378,1.5305168687973492e-07,4.010430711787194e-05,1.2123331885049993e-06,0.11532704532146454,catatumbo,SPEAKER_00,32309.333,32309.708,3.0
0.0008618358988314867,0.2199021577835083,2.3647669777915326e-07,0.004578709369525313,5.101697752252221e-06,0.00947119016200304,catatumbo,SPEAKER_00,32309.667,32310.042,3.0
0.023110603913664818,0.046740252524614334,3.3052980796810516e-07,0.008920609485358,6.530942664539907e-05,0.0003432508965488523,catatumbo,SPEAKER_00,32310.333,32310.708,3.0
0.010716574266552925,0.09221330657601357,1.0010524249537411e-06,0.17563160508871078,2.4032789042394143e-05,0.0004273396625649184,catatumbo,SPEAKER_00,32310.667,32311.042,3.0
0.0035764246713370085,0.10471747815608978,7.01955897852713e-07,0.0024787859292700887,0.00022437730513047427,0.0006481101154349744,catatumbo,SPEAKER_00,32311.0,32311.375,3.0
0.0013212822377681732,0.14289700984954834,1.0473829235024823e-06,0.008420873200520873,0.0006355467194225639,0.00042294131708331406,catatumbo,SPEAKER_00,32311.333,32311.708,3.0
5.0248745537828654e-05,0.6178275942802429,2.255291278174809e-07,0.09495387971401215,0.00011818680650321767,0.001024213619530201,catatumbo,SPEAKER_00,32311.667,32312.042,3.0
0.0002345939283259213,0.39709725975990295,2.2346499761738414e-07,0.002789180027320981,6.421481703000609e-05,0.002404880477115512,catatumbo,SPEAKER_00,32312.0,32312.375,3.0
0.00022794786491431296,0.5194818824529648,3.8219445741560776e-07,0.08553292602300644,0.0001704823225736618,0.0007653010543435812,catatumbo,SPEAKER_00,32312.333,32312.708,3.0
0.00013212120393291116,0.5558173954486847,5.020119147047808e-07,0.12120400369167328,0.0002873037738027051,0.0014793180162087083,catatumbo,UNICO,32312.667,32313.042,3.0
0.002034371718764305,0.19404355436563492,7.941202184724716e-08,1.848548708949238e-05,2.469430668838868e-07,0.2833954393863678,catatumbo,SPEAKER_00,32313.333,32313.708,3.0
0.0002661495818756521,0.34206467866897583,6.595042805201956e-07,0.3427724093198776,7.60194925533142e-05,0.0007060101488605142,catatumbo,SPEAKER_00,32313.667,32314.042,3.0
0.00012511314707808197,0.4793935865163803,4.912694926417771e-07,0.033586399629712105,3.985530202044174e-05,0.00033968588104471564,catatumbo,SPEAKER_00,32314.0,32314.375,3.0
0.0004982748068869114,0.2542548254132271,2.604690507723717e-07,0.24817238748073578,2.5484455363766756e-05,0.002374442061409354,catatumbo,SPEAKER_00,32314.333,32314.708,3.0
0.0010805700439959764,0.16694382578134537,4.492649523513137e-07,0.5139720141887665,3.1747830462336424e-06,0.006303817965090275,catatumbo,SPEAKER_00,32314.667,32315.042,3.0
0.0006199697963893414,0.21955669671297073,3.727996329416783e-07,0.5364363193511963,8.350963526027044e-06,0.0038423340301960707,catatumbo,SPEAKER_00,32315.0,32315.375,3.0
0.0008118815021589398,0.23764342069625854,1.9006549223377078e-07,0.00016309334750985727,1.2182001682958798e-05,0.02131807804107666,catatumbo,SPEAKER_00,32315.333,32315.708,3.0
0.0005638145375996828,0.26477283239364624,3.948183930901905e-07,0.038355547934770584,1.5272484233719297e-05,0.0006740642711520195,catatumbo,SPEAKER_00,32315.667,32316.042,3.0
0.001942466595210135,0.2099260836839676,1.6788049350680012e-07,0.0017040338716469705,2.9496484330593375e-06,0.006126618478447199,catatumbo,SPEAKER_00,32316.333,32316.708,3.0
0.0005458018276840448,0.3443429321050644,1.3006651577995854e-07,0.07941782101988792,1.0465566901984857e-06,0.002755974419414997,catatumbo,SPEAKER_00,32316.667,32317.042,3.0
0.00040968344546854496,0.37065960466861725,2.7892711784716084e-07,0.15251518785953522,3.377977009222377e-05,0.0009416725370101631,catatumbo,SPEAKER_00,32317.0,32317.375,3.0
0.002849344862625003,0.08973627164959908,4.36159872663211e-07,0.0499977208673954,8.519888069713488e-06,0.0006969930836930871,catatumbo,SPEAKER_00,32317.333,32317.708,3.0
0.007571674883365631,0.026366268750280142,1.596909040557648e-07,2.6388949663669337e-05,4.145405974043115e-08,0.5488378405570984,catatumbo,SPEAKER_00,32317.667,32318.042,3.0
0.07457920163869858,0.019054783508181572,2.561406233780872e-07,8.667098518344574e-05,6.176976239657961e-05,0.0054606106132268906,catatumbo,SPEAKER_00,32318.0,32318.375,3.0
0.11072414368391037,0.01079049613326788,2.7376986366789424e-07,0.052938926964998245,4.4317934225546196e-05,7.609435851918533e-05,catatumbo,SPEAKER_00,32318.333,32318.708,3.0
0.0012061126763001084,0.23763559758663177,3.0278770424274626e-07,2.2617517970502377e-05,4.631447154679336e-06,0.22817659378051758,catatumbo,SPEAKER_00,32318.667,32319.042,3.0
0.0001487991976318881,0.26718898117542267,2.7606116503875455e-07,0.11672793328762054,7.66845573707542e-06,0.004337375517934561,catatumbo,SPEAKER_00,32319.333,32319.708,3.0
0.00022680948313791305,0.3753235787153244,3.4793786696241114e-07,0.011284430045634508,0.00017085308354580775,0.0004980003577657044,catatumbo,SPEAKER_00,32319.667,32320.042,3.0
0.0010770633816719055,0.1278959922492504,2.0355802199389927e-07,0.00010551357991062105,6.499142727989238e-06,0.07230503857135773,catatumbo,SPEAKER_00,32320.0,32320.375,3.0
0.007506910711526871,0.03408515080809593,6.548456781274581e-07,0.12571605294942856,0.0002934079529950395,0.00017234019469469786,catatumbo,SPEAKER_00,32320.333,32320.708,3.0
0.14738795161247253,0.010735644027590752,4.852353896467321e-07,6.768438470317051e-05,0.0001797421027731616,0.012497142888605595,catatumbo,SPEAKER_00,32320.667,32321.042,3.0
9.049243089975789e-05,0.3961262106895447,2.757765642513732e-07,0.3919859826564789,6.807708359701792e-06,0.0024716684129089117,catatumbo,SPEAKER_00,32321.0,32321.375,3.0
0.0003051711246371269,0.3068259358406067,2.0668320388494976e-07,0.016774581745266914,7.183907882790663e-06,0.0013150068698450923,catatumbo,SPEAKER_00,32321.333,32321.708,3.0
0.00045010706526227295,0.23933228105306625,3.9609724211686625e-07,0.0389399379491806,1.8111263671016786e-05,0.0017612861702218652,catatumbo,SPEAKER_00,32321.667,32322.042,3.0
0.001780656399205327,0.08712379075586796,8.559172783861868e-07,0.012826507911086082,0.000102192148915492,0.0003469458606559783,catatumbo,SPEAKER_00,32322.333,32322.708,3.0
0.00037347449688240886,0.3963221311569214,4.2205356010072137e-07,0.28764981031417847,1.5115944279386895e-05,0.0011069364845752716,catatumbo,SPEAKER_00,32322.667,32323.042,3.0
0.0012376939412206411,0.13063275441527367,3.698340194091543e-07,0.010815660003572702,6.433395537897013e-05,0.0002433868939988315,catatumbo,SPEAKER_00,32323.0,32323.375,3.0
0.04213815927505493,0.03336338698863983,1.1637771635264471e-07,1.930609141709283e-05,1.6006821823566497e-07,0.40588340163230896,catatumbo,SPEAKER_00,32323.333,32323.708,3.0
0.022699842229485512,0.11048328503966331,9.450020677093107e-08,1.9365269281479414e-06,6.479512260071374e-09,0.9306833148002625,catatumbo,SPEAKER_00,32323.667,32324.042,3.0
0.033646080642938614,0.03349439054727554,1.2620515406069899e-06,0.15175993740558624,0.00012355928629403934,0.0005694130668416619,catatumbo,SPEAKER_00,32324.0,32324.375,3.0
0.00023381123901344836,0.30994346737861633,5.240980982534893e-07,0.030490596778690815,6.949181852178299e-06,0.0016406540526077151,catatumbo,SPEAKER_00,32324.333,32324.708,3.0
0.00021865798044018447,0.5465362370014191,2.666522931349391e-07,0.2560885399580002,6.233437943592435e-06,0.003130498109385371,catatumbo,SPEAKER_00,32324.667,32325.042,3.0
0.0003312126500532031,0.21079333126544952,4.237183048871884e-07,0.0007503159868065268,8.944464980231714e-06,0.01999500021338463,catatumbo,SPEAKER_00,32325.333,32325.708,3.0
0.00022015775903128088,0.2882688045501709,6.575073498993333e-07,0.36798645555973053,3.891787491738796e-05,0.0007804302731528878,catatumbo,SPEAKER_00,32325.667,32326.042,3.0
0.00010875100997509435,0.34006473422050476,3.769183933854947e-07,4.026787428301759e-05,1.3838862855664047e-06,0.18532243371009827,catatumbo,SPEAKER_00,32326.0,32326.375,3.0
0.0005591196240857244,0.21120785176753998,4.840158069896461e-07,0.0006671147129964083,5.964373144706769e-06,0.013975935988128185,catatumbo,SPEAKER_00,32326.333,32326.708,3.0
0.0002811872982420027,0.278190515935421,4.615976862964999e-07,0.0006176524038892239,1.1380798014215543e-05,0.014878654852509499,catatumbo,SPEAKER_00,32326.667,32327.042,3.0
0.00026000713114626706,0.3649553954601288,5.436574923578519e-07,0.38112474977970123,4.031922435387969e-05,0.0018324912525713444,catatumbo,SPEAKER_00,32327.0,32327.375,3.0
0.00038572115590795875,0.274015337228775,5.937483464890647e-07,0.004720354452729225,0.00015118416558834724,0.0006881720619276166,catatumbo,SPEAKER_00,32327.333,32327.708,3.0
5.906378282816149e-05,0.497104674577713,8.678487262159251e-07,0.024697712622582912,0.00010418991587357596,0.0004560721281450242,catatumbo,SPEAKER_00,32327.667,32328.042,3.0
0.00011266442015767097,0.24148637056350708,7.767824570237281e-07,0.042837378568947315,7.922201621113345e-05,0.0009588078246451914,catatumbo,SPEAKER_00,32328.333,32328.708,3.0
0.0012960841413587332,0.13220365718007088,6.215047534396945e-07,0.03314836136996746,2.686559582798509e-05,0.0004611924523487687,catatumbo,SPEAKER_00,32328.667,32329.042,3.0
0.022194823250174522,0.06454035826027393,1.3863454029205968e-07,1.208532967211795e-05,1.3378568723965145e-06,0.3998543620109558,catatumbo,SPEAKER_00,32329.0,32329.375,3.0
0.018500017002224922,0.08035334944725037,1.8255299494285282e-07,0.002955605916213244,6.050376896382659e-06,0.0025938067119568586,catatumbo,SPEAKER_00,32329.333,32329.708,3.0
0.0016334708780050278,0.25001707673072815,3.236348078416995e-07,0.00044773165427614003,1.9895694094884675e-05,0.00457222992554307,catatumbo,SPEAKER_00,32329.667,32330.042,3.0
0.0012348013697192073,0.23712078481912613,1.9859648858755463e-07,0.0008740161138121039,2.855398997780867e-05,0.003661737311631441,catatumbo,SPEAKER_00,32330.0,32330.375,3.0
0.0006583158392459154,0.19880689680576324,5.839023131670729e-07,0.2972986772656441,6.999166544119362e-06,0.0016563934041187167,catatumbo,SPEAKER_00,32330.333,32330.708,3.0
0.0005411593010649085,0.29572854936122894,8.696336095681545e-07,0.031221757642924786,0.0002827390708262101,0.0001548423315398395,catatumbo,SPEAKER_00,32330.667,32331.042,3.0
0.00040978501783683896,0.2185199111700058,3.298347444058436e-07,0.00012359377797110938,6.106467935751425e-06,0.048943255096673965,catatumbo,UNICO,32331.333,32331.708,3.0
0.00045718997716903687,0.14239932596683502,2.4408381626983555e-07,1.1024006198567804e-05,1.1186031656507112e-06,0.4373356103897095,catatumbo,SPEAKER_00,32331.667,32332.042,3.0
0.00021324529370758682,0.3499629646539688,4.80904368771462e-07,0.21273154765367508,2.637717898323899e-06,0.0028303188737481833,catatumbo,SPEAKER_00,32332.0,32332.375,3.0
0.0006154067232273519,0.16538657993078232,2.2984504965961605e-07,3.2242807719740085e-05,4.176742208983342e-06,0.10834109783172607,catatumbo,SPEAKER_00,32332.333,32332.708,3.0
0.0005730704870074987,0.1088348925113678,1.5757857951825827e-07,1.7077969118872716e-06,2.2980727720778305e-07,0.7225178480148315,catatumbo,SPEAKER_00,32332.667,32333.042,3.0
0.0006575119914487004,0.2987600266933441,4.5936305070881644e-07,0.5153656601905823,3.223793828510679e-05,0.0027680734638124704,catatumbo,SPEAKER_00,32333.0,32333.375,3.0
0.00017296281293965876,0.35244691371917725,8.223638587878668e-07,0.44306720793247223,5.9685646192519926e-05,0.000985560705885291,catatumbo,SPEAKER_00,32333.333,32333.708,3.0
0.0016685969894751906,0.1261419877409935,7.867552227480701e-07,0.00048432309995405376,2.855976708815433e-05,0.00441677775233984,catatumbo,SPEAKER_00,32333.667,32334.042,3.0
0.0005287036183290184,0.21333547681570053,6.811387152083626e-07,0.0005312617431627586,2.4766858132352354e-05,0.007840488106012344,catatumbo,SPEAKER_00,32334.333,32334.708,3.0
0.093880794942379,0.057199252769351006,4.6706105649718666e-07,0.15729258954524994,2.4762221073615365e-06,0.0009063805337063968,catatumbo,SPEAKER_00,32334.667,32335.042,3.0
0.30710840225219727,0.022943587508052588,4.913667410733069e-07,0.1791611909866333,1.846024417773151e-06,0.0007763669709675014,catatumbo,SPEAKER_00,32335.0,32335.375,3.0
0.45240023732185364,0.008401363622397184,4.403066355962437e-07,0.04156220518052578,4.469274790608324e-05,0.0003274806367699057,catatumbo,SPEAKER_00,32335.333,32335.708,3.0
0.008691079914569855,0.05601077526807785,6.300187820329484e-07,0.06208597496151924,6.600214146601502e-05,0.00027130101807415485,catatumbo,SPEAKER_00,32335.667,32336.042,3.0
0.0016306807519868016,0.11153532937169075,3.550984857270123e-07,0.3849891424179077,3.1564503615300055e-06,0.0026932607870548964,catatumbo,SPEAKER_00,32336.0,32336.375,3.0
0.0003034929104615003,0.29178763926029205,5.604518023005767e-07,0.4437902867794037,7.590297627757536e-06,0.00223026261664927,catatumbo,SPEAKER_00,32336.333,32336.708,3.0
0.0002277734165545553,0.2824477180838585,8.909374855647911e-07,0.4978272616863251,2.126065646734787e-05,0.0013962379889562726,catatumbo,SPEAKER_00,32336.667,32337.042,3.0
0.002041999716311693,0.12993736565113068,6.954849851581457e-07,0.02485326398164034,8.294524832308525e-06,0.001232701470144093,catatumbo,UNICO,32337.333,32337.708,3.0
0.002099378267303109,0.10269419476389885,5.652569683434194e-07,0.0717681534588337,6.6222653458680725e-06,0.0010037410538643599,catatumbo,SPEAKER_00,32337.667,32338.042,3.0
0.00018559365707915276,0.2906046509742737,8.466336893775406e-07,0.21136794239282608,0.00010214691428700462,0.00039965289761312306,catatumbo,SPEAKER_00,32338.0,32338.375,3.0
0.0009769058087840676,0.14310625195503235,1.003556761247637e-06,0.0036244350485503674,0.00043607949919532984,0.0004557327483780682,catatumbo,SPEAKER_00,32338.333,32338.708,3.0
0.00021702522644773126,0.2735580652952194,5.324705654174977e-07,0.0003465542395133525,8.880376481101848e-05,0.01258469931781292,catatumbo,SPEAKER_00,32338.667,32339.042,3.0
0.02259116619825363,0.04893047176301479,1.3858346292749957e-07,3.2552285347264842e-06,4.40295826464876e-08,0.8216654062271118,catatumbo,SPEAKER_00,32339.0,32339.375,3.0
0.04555846378207207,0.06894590705633163,1.889105973873484e-07,4.59023567600525e-07,1.4365762357471112e-08,0.9711227416992188,catatumbo,SPEAKER_00,32339.333,32339.708,3.0
0.05320964381098747,0.03796768747270107,1.8281821212440263e-07,0.00022902546334080398,2.8336296054476406e-05,0.008664052002131939,catatumbo,SPEAKER_00,32339.667,32340.042,3.0
0.09489410370588303,0.031738413497805595,1.8372060139881796e-07,0.00015915946278255433,1.0673048564058263e-05,0.010432830080389977,catatumbo,SPEAKER_00,32340.333,32340.708,3.0
0.025876779109239578,0.010007229400798678,2.2202862481890406e-07,8.589213109644334e-07,9.049030325058993e-08,0.9269365072250366,catatumbo,SPEAKER_00,32340.667,32341.042,3.0
0.00012724949920084327,0.3822591006755829,8.477777768689521e-07,0.019002020824700594,6.88786749378778e-05,0.0005083521828055382,catatumbo,SPEAKER_00,32341.0,32341.375,3.0
6.9190158683341e-05,0.3632442131638527,5.917947518696565e-07,0.020202861167490482,2.4530678274459206e-05,0.0015730449231341481,catatumbo,SPEAKER_00,32341.333,32341.708,3.0
0.0006555347354151309,0.18433881551027298,8.779816056403433e-07,0.029551883228123188,3.206153633072972e-05,0.0006120334728620946,catatumbo,SPEAKER_00,32341.667,32342.042,3.0
0.0009634403977543116,0.07802516594529152,6.065629065687972e-07,0.0008121870050672442,2.6866126063396223e-05,0.0044067371636629105,catatumbo,SPEAKER_00,32342.0,32342.375,3.0
0.0004970556474290788,0.17298761010169983,6.169836055391897e-07,0.007884459104388952,2.7811168365587946e-05,0.0018420114647597075,catatumbo,SPEAKER_00,32342.333,32342.708,3.0
0.0005315174930728972,0.15933913365006447,1.1809002060658713e-06,0.006241471506655216,0.0002911328701884486,0.0003670953738037497,catatumbo,SPEAKER_00,32342.667,32343.042,3.0
0.0008679862949065864,0.17103151977062225,6.108173877805712e-07,0.0004148118168814108,3.423461112106452e-05,0.006317728199064732,catatumbo,UNICO,32343.333,32343.708,3.0
0.00019920554768759757,0.3061215430498123,3.318867172197315e-07,0.00031890803074929863,1.685759480096749e-05,0.014568798243999481,catatumbo,UNICO,32343.667,32344.042,3.0
0.012490187771618366,0.03827865980565548,3.2648012648905933e-07,1.9059542069044255e-06,2.2506226571294974e-07,0.7997714281082153,catatumbo,SPEAKER_00,32344.0,32344.375,3.0
0.11674193292856216,0.005990526173263788,9.913132714700623e-08,2.25038252210652e-06,3.712258500598864e-09,0.9358333349227905,catatumbo,SPEAKER_00,32344.333,32344.708,3.0
0.10555237531661987,0.006812866777181625,4.901220762576486e-07,8.732712103665108e-06,2.145548478438286e-05,0.052380554378032684,catatumbo,SPEAKER_00,32344.667,32345.042,3.0
0.001270949374884367,0.18791765719652176,2.3304200880147619e-07,1.1877579709107522e-05,2.8388459440975566e-06,0.16536684334278107,catatumbo,SPEAKER_00,32345.0,32345.375,3.0
0.008395981043577194,0.048242634162306786,5.843260879601075e-07,0.0004312053060857579,3.330915933474898e-05,0.0027671512216329575,catatumbo,SPEAKER_00,32345.333,32345.708,3.0
0.012080468237400055,0.0407754797488451,7.161021500223796e-07,0.4952505826950073,3.0137813155306503e-05,0.0014187612105160952,catatumbo,SPEAKER_00,32345.667,32346.042,3.0
0.006219936069101095,0.053672438487410545,6.682044642047913e-07,0.30037926137447357,1.535650835648994e-05,0.0010619602398946881,catatumbo,SPEAKER_00,32346.333,32346.708,3.0
0.008333946578204632,0.06957601755857468,1.9092270520104648e-07,2.0250016859790776e-05,1.0667222340998705e-05,0.12867480516433716,catatumbo,SPEAKER_00,32346.667,32347.042,3.0
0.005726773291826248,0.049800992012023926,9.104724938424624e-07,0.0010739891440607607,0.00014479986566584557,0.0006856003892607987,catatumbo,SPEAKER_00,32347.0,32347.375,3.0
0.03653712198138237,0.018478801008313894,1.0910239289785295e-07,0.00023142802820075303,3.769553842403184e-07,0.027761418372392654,catatumbo,SPEAKER_00,32347.333,32347.708,3.0
0.0002473010099492967,0.22693154960870743,2.2754135997615776e-07,0.3187708705663681,7.092132818797836e-06,0.0032983883284032345,catatumbo,SPEAKER_00,32347.667,32348.042,3.0
0.004711401183158159,0.14112479612231255,6.750779775188676e-07,0.35358934104442596,9.005941137729678e-06,0.000961566052865237,catatumbo,SPEAKER_00,32348.0,32348.375,3.0
0.0007652164786122739,0.17436695098876953,5.664296480745179e-07,0.044728223234415054,7.90563462942373e-05,0.0005511563504114747,catatumbo,SPEAKER_00,32348.333,32348.708,3.0
0.025570951402187347,0.076182771474123,3.376287622813834e-07,0.20999818295240402,7.585023013234604e-06,0.0004418937605805695,catatumbo,SPEAKER_00,32348.667,32349.042,3.0
0.07529742270708084,0.0551611203700304,2.0870940886652534e-07,3.956166665375349e-06,6.610490004277381e-07,0.6639015078544617,catatumbo,SPEAKER_00,32349.333,32349.708,3.0
0.15853473544120789,0.014105913694947958,4.991034927570581e-07,0.00013202368063502945,8.5862955529592e-05,0.0034624128602445126,catatumbo,SPEAKER_00,32349.667,32350.042,3.0
0.0385257750749588,0.046732235699892044,3.795353151758718e-07,2.3539205358247273e-06,2.076815208695848e-08,0.9149259924888611,catatumbo,SPEAKER_00,32350.0,32350.375,3.0
0.06350376456975937,0.027005446143448353,5.576845865107316e-07,0.15920431911945343,9.890777801047079e-05,0.0008713759598322213,catatumbo,SPEAKER_00,32350.333,32350.708,3.0
0.04625575989484787,0.06606746651232243,6.57356054034608e-07,0.02252711309120059,6.831000609963667e-05,0.0002490451151970774,catatumbo,SPEAKER_00,32350.667,32351.042,3.0
0.016589850187301636,0.07772988826036453,5.361110169133099e-07,0.0375509150326252,3.2913045288296416e-05,0.0002108312037307769,catatumbo,SPEAKER_00,32351.0,32351.375,3.0
0.0075189354829490185,0.12877769768238068,4.070510328801902e-07,0.029354725033044815,7.43598934604961e-06,0.0007151196477934718,catatumbo,SPEAKER_00,32351.333,32351.708,3.0
0.017899248749017715,0.058906856924295425,7.383867171029124e-07,0.008177311858162284,5.387456440075766e-05,0.00041917452472262084,catatumbo,SPEAKER_00,32351.667,32352.042,3.0
0.0012111032847315073,0.12252765521407127,5.601018884249243e-07,0.029819712974131107,0.00023199534189188853,0.00014464523701462895,catatumbo,SPEAKER_00,32352.333,32352.708,3.0
0.0006802249699831009,0.22904612123966217,3.967197805820888e-07,0.0001486756264057476,0.0002104038867400959,0.00464991619810462,catatumbo,UNICO,32352.667,32353.042,3.0
0.002090700436383486,0.13137904927134514,3.443389360313631e-07,0.1574964076280594,3.398405169718899e-06,0.0010553327156230807,catatumbo,SPEAKER_00,32377.0,32377.375,3.0
0.005255136173218489,0.09497936815023422,5.278763097749106e-07,0.3593602031469345,2.0892808606731705e-05,0.0005804838729090989,catatumbo,SPEAKER_00,32377.333,32377.708,3.0
0.00536651536822319,0.19386739283800125,2.235068663480888e-07,0.2360260710120201,5.253980816632975e-05,0.0013271322241052985,catatumbo,SPEAKER_00,32377.667,32378.042,3.0
0.025475183501839638,0.042106615379452705,2.479139311617473e-07,0.30851881206035614,2.127063908119453e-05,0.0021120680030435324,catatumbo,UNICO,32378.0,32378.375,3.0
0.01089546363800764,0.06722044758498669,3.326210062937207e-07,0.04785378836095333,1.390136594636715e-05,0.0004417185846250504,catatumbo,SPEAKER_00,32378.333,32378.708,3.0
0.0036081415601074696,0.05311078391969204,5.034629282363312e-07,0.003008403000421822,7.60626353439875e-05,0.001039955299347639,catatumbo,SPEAKER_00,32378.667,32379.042,3.0
0.0011025506537407637,0.1622963771224022,4.6848304791069495e-07,0.01617039507254958,5.5858190535218455e-05,0.0006006322801113129,catatumbo,SPEAKER_00,32379.333,32379.708,3.0
0.00045699672773480415,0.16986757516860962,5.274615446637654e-07,0.331083245575428,5.060590410721488e-06,0.006180222146213055,catatumbo,SPEAKER_00,32379.667,32380.042,3.0
0.0027594957500696182,0.03082238882780075,1.9746539834386567e-06,0.18448913842439651,3.742696389963385e-05,0.00027508364291861653,catatumbo,SPEAKER_00,32380.0,32380.375,3.0
0.0025638274382799864,0.041669368743896484,6.342082343735456e-07,0.08709894865751266,0.0001504930987721309,0.0013071191497147083,catatumbo,SPEAKER_00,32380.333,32380.708,3.0
0.002824500435963273,0.022045567631721497,2.708340559820499e-06,0.32376865297555923,0.0006717459764331579,6.656166078755632e-05,catatumbo,SPEAKER_00,32380.667,32381.042,3.0
0.0001143849513027817,0.3266397565603256,5.366401474304894e-07,0.01389736495912075,0.0003427029005251825,0.0006289776065386832,catatumbo,UNICO,32381.0,32381.375,3.0
0.004067700821906328,0.1158214807510376,3.8423419823629956e-07,0.005187625996768475,0.0003268469008617103,0.00048251336556859314,catatumbo,UNICO,32381.333,32381.708,3.0
0.00127211376093328,0.24428290128707886,3.640049790476496e-07,0.0006706792919430882,2.2148144125822e-05,0.0039313905872404575,catatumbo,UNICO,32381.667,32382.042,3.0
0.0005368021666072309,0.29688361287117004,2.1140817807463463e-07,0.00039754479075782,4.333843753556721e-05,0.02169181779026985,catatumbo,SPEAKER_00,32382.333,32382.708,3.0
0.004443255253136158,0.09548033401370049,3.40416534072574e-07,0.06754851154983044,1.5304370208468754e-05,0.00044278119457885623,catatumbo,SPEAKER_00,32382.667,32383.042,3.0
0.0011527740862220526,0.2991408705711365,2.2273794542115866e-07,0.3557669669389725,8.126703960442683e-06,0.0017250444507226348,catatumbo,SPEAKER_00,32383.0,32383.375,3.0
0.001160789979621768,0.2114500179886818,2.483889005588935e-07,0.017435266636312008,4.236612585373223e-05,0.0004172686021775007,catatumbo,SPEAKER_00,32383.333,32383.708,3.0
0.005650585051625967,0.06851580366492271,4.564450080124516e-07,0.6104540228843689,2.0572805624397006e-05,0.001190723036415875,catatumbo,SPEAKER_00,32383.667,32384.042,3.0
0.007580698933452368,0.05212230607867241,2.085901620318964e-07,8.391330629820004e-05,1.402205725753447e-05,0.02585740201175213,catatumbo,SPEAKER_00,32384.0,32384.375,3.0
0.00038099836092442274,0.30969807505607605,2.836590198285194e-07,0.5824069380760193,9.476750165049452e-06,0.004352212883532047,catatumbo,SPEAKER_00,32384.333,32384.708,3.0
0.0021023061126470566,0.22492069751024246,3.8765539045471087e-07,0.25525006651878357,1.6214415609283606e-05,0.0016480640042573214,catatumbo,SPEAKER_00,32384.667,32385.042,3.0
0.002911478979513049,0.02689196728169918,2.0060281826772552e-06,0.4965859055519104,7.325869592023082e-05,0.0006653738091699779,catatumbo,SPEAKER_00,32385.333,32385.708,3.0
0.005353815853595734,0.03477424010634422,4.229905030683767e-07,0.0030916088144294918,1.785440190360532e-05,0.02200700342655182,catatumbo,SPEAKER_00,32385.667,32386.042,3.0
0.02845953404903412,0.012094296049326658,3.862510254748486e-06,0.10615699831396341,0.0003257696807850152,0.0005544872838072479,catatumbo,SPEAKER_00,32386.0,32386.375,3.0
0.001487627043388784,0.15052738413214684,1.1621116726701075e-06,0.383746400475502,9.013414455694146e-05,0.0018621464259922504,catatumbo,SPEAKER_00,32386.333,32386.708,3.0
0.0014032383915036917,0.1606101244688034,5.119466592873323e-07,0.10510794445872307,2.522151407902129e-05,0.0008944152505137026,catatumbo,UNICO,32386.667,32387.042,3.0
0.002531725214794278,0.08898235112428665,4.684655579012542e-07,0.062370942905545235,0.00017469318117946386,0.00035378296161070466,catatumbo,UNICO,32387.0,32387.375,3.0
0.0014888140140101314,0.1669989749789238,2.4392388553451383e-07,0.01830767234787345,8.368756425625179e-06,0.0018532321555539966,catatumbo,UNICO,32387.333,32387.708,3.0
0.0006384337320923805,0.19984357804059982,4.385803507034325e-07,0.08187158964574337,2.0412079265952343e-05,0.0007882145000621676,catatumbo,SPEAKER_00,32387.667,32388.042,3.0
0.007233743090182543,0.040720583871006966,2.781533723350549e-07,0.07641291245818138,4.5001656872045714e-06,0.0012536824215203524,catatumbo,SPEAKER_00,32388.333,32388.708,3.0
0.0008771464927121997,0.2080889344215393,4.548272727333824e-07,0.32117488980293274,2.163145472877659e-05,0.001500293263234198,catatumbo,SPEAKER_00,32388.667,32389.042,3.0
0.027456384152173996,0.015295856166630983,7.597984392759827e-07,0.05572388134896755,6.076326280890498e-05,0.000525326409842819,catatumbo,SPEAKER_00,32389.0,32389.375,3.0
0.013125439174473286,0.0060519801918417215,1.4161769286147319e-06,0.00018288602950633503,5.650348248309456e-05,0.041376061737537384,catatumbo,SPEAKER_00,32389.333,32389.708,3.0
0.04538748785853386,0.002431723347399384,8.230801284980771e-07,4.328498289396521e-05,5.439377730453998e-07,0.24212418496608734,catatumbo,SPEAKER_00,32389.667,32390.042,3.0
0.04837372153997421,0.004319478524848819,5.372637446043882e-07,9.790822514332831e-05,9.60314991971245e-07,0.10784094780683517,catatumbo,SPEAKER_00,32390.0,32390.375,3.0
0.04893964156508446,0.002598434395622462,9.571654118190054e-07,0.00023651675655855797,1.6679094585470011e-06,0.09023389965295792,catatumbo,SPEAKER_00,32390.333,32390.708,3.0
0.057457711547613144,0.003059149195905775,1.4756254245185119e-06,0.0004444673686521128,7.931454820209183e-05,0.017544757574796677,catatumbo,SPEAKER_00,32390.667,32391.042,3.0
0.00013580630184151232,0.4320565313100815,1.9918826055231875e-07,0.0004754427063744515,1.8810761503118556e-05,0.010925562120974064,catatumbo,SPEAKER_00,32391.333,32391.708,3.0
0.0009393843356519938,0.14769628643989563,5.063447119368902e-07,0.0006462178134825081,7.964500582602341e-05,0.0033183961641043425,catatumbo,UNICO,32391.667,32392.042,3.0
0.01314552128314972,0.027774210087954998,5.449306215155048e-07,0.0032969563035294414,0.00017114512593252584,0.0011364704696461558,catatumbo,UNICO,32392.0,32392.375,3.0
0.020777268335223198,0.04541763663291931,5.928597275328684e-07,0.09315896779298782,0.0005651194369420409,0.00028581894002854824,catatumbo,UNICO,32392.333,32392.708,3.0
0.01654205098748207,0.03007623739540577,7.766134189068907e-07,0.012054802384227514,0.00034941233752761036,0.00034576619509607553,catatumbo,UNICO,32392.667,32393.042,3.0
0.004988069646060467,0.07944279164075851,5.40827393535892e-07,0.010009044781327248,0.0003520635364111513,0.0003458192804828286,catatumbo,UNICO,32393.0,32393.375,3.0
0.0030873622745275497,0.09294796735048294,2.2964989909723954e-07,4.935356446367223e-05,4.688318404078018e-05,0.07150667905807495,catatumbo,UNICO,32393.333,32393.708,3.0
0.017281144857406616,0.015657243318855762,5.757004508666341e-07,0.00028805153851862997,3.634326913015684e-05,0.010039816610515118,catatumbo,SPEAKER_00,32393.667,32394.042,3.0
0.06307905912399292,0.010194885544478893,4.1175938036985826e-07,0.10584209486842155,1.9638401340671408e-06,0.003973579499870539,catatumbo,SPEAKER_00,32394.333,32394.708,3.0
0.0005372922169044614,0.2123774290084839,3.057841482245749e-07,0.6488595008850098,1.8847841602109838e-05,0.003915394656360149,catatumbo,SPEAKER_00,32394.667,32395.042,3.0
0.00441548228263855,0.17806820571422577,4.7395231206337485e-07,0.6393376886844635,6.533055056934245e-06,0.004011312499642372,catatumbo,SPEAKER_00,32395.0,32395.375,3.0
0.00940235611051321,0.057186059653759,2.941310057735791e-07,0.07599008455872536,1.9693066860781983e-05,0.001128068077377975,catatumbo,SPEAKER_00,32395.333,32395.708,3.0
0.009168582037091255,0.04572245664894581,7.554357779326892e-07,0.006512504303827882,0.00012184313163743354,0.0005801074439659715,catatumbo,SPEAKER_00,32395.667,32396.042,3.0
0.004951647482812405,0.04568847268819809,2.915183259233345e-07,0.0009246758418157697,1.675697239988949e-05,0.004646283108741045,catatumbo,SPEAKER_00,32396.0,32396.375,3.0
0.003530416637659073,0.04630622733384371,5.22379700385045e-07,0.04791473038494587,1.8179656535721733e-06,0.002754323650151491,catatumbo,SPEAKER_00,32396.333,32396.708,3.0
0.01593843661248684,0.03999407682567835,3.7547630427070544e-07,0.009400899289175868,1.2501880974014057e-05,0.0007996936910785735,catatumbo,SPEAKER_00,32396.667,32397.042,3.0
0.00989458803087473,0.021955023519694805,6.158531462574501e-07,0.04207373224198818,8.998612429422792e-06,0.0013979836367070675,catatumbo,SPEAKER_00,32397.333,32397.708,3.0
0.001385908224619925,0.06260217167437077,4.0915864829571547e-07,1.8996719063579803e-05,1.3956646398582961e-05,0.2556230127811432,catatumbo,SPEAKER_00,32397.667,32398.042,3.0
0.0040369099006056786,0.04001570586115122,4.0627287134498147e-07,3.389554058230715e-05,6.813574600528227e-06,0.0722949430346489,catatumbo,SPEAKER_00,32398.0,32398.375,3.0
0.0035349405370652676,0.04440463148057461,5.999810497314684e-07,0.34219057857990265,1.9878676539519802e-05,0.0017049527959898114,catatumbo,SPEAKER_00,32398.333,32398.708,3.0
0.004895290359854698,0.05327846109867096,7.926964258331282e-07,0.1257288157939911,5.5879576393635944e-05,0.001945235300809145,catatumbo,SPEAKER_00,32398.667,32399.042,3.0
0.002164177829399705,0.10925303027033806,1.1112944946489733e-06,0.23567844927310944,3.4864381632360164e-05,0.0013092171866446733,catatumbo,SPEAKER_00,32399.0,32399.375,3.0
0.002644790569320321,0.04692685790359974,6.960933092159394e-07,0.465625524520874,2.4980052330647595e-05,0.0024937796406447887,catatumbo,SPEAKER_00,32399.333,32399.708,3.0
0.009610681794583797,0.04308461770415306,6.964799155184664e-07,0.1651318445801735,4.451214749678911e-06,0.002422596560791135,catatumbo,SPEAKER_00,32399.667,32400.042,3.0
0.09678669273853302,0.007222581189125776,4.552594390361264e-07,0.001197496836539358,2.002313385673915e-05,0.003040340496227145,catatumbo,SPEAKER_00,32400.333,32400.708,3.0
0.0021837172098457813,0.030652161687612534,7.147201870338904e-07,0.0002081841666949913,2.9533485758292954e-05,0.04675426706671715,catatumbo,SPEAKER_00,32400.667,32401.042,3.0
0.0015112301334738731,0.06653743050992489,7.192071933559419e-07,0.2965075373649597,2.293232137162704e-05,0.0010702162981033325,catatumbo,SPEAKER_00,32401.0,32401.375,3.0
0.00021257738990243524,0.30524368584156036,5.882819458236099e-07,0.02006396045908332,6.628613482462242e-05,0.0004923301748931408,catatumbo,SPEAKER_00,32401.333,32401.708,3.0
0.00022543934755958617,0.37740904092788696,5.343732318863204e-07,0.0028685986762866378,4.5911769120721146e-05,0.0010974397882819176,catatumbo,SPEAKER_00,32401.667,32402.042,3.0
0.0009496490238234401,0.2280501127243042,1.2216202094350592e-06,0.07906344160437584,0.00024649906845297664,0.00027168745873495936,catatumbo,SPEAKER_00,32402.0,32402.375,3.0
0.008770867250859737,0.040205465629696846,5.292546774171569e-07,0.0019786020857281983,6.537242916238029e-05,0.0018069406505674124,catatumbo,UNICO,32402.333,32402.708,3.0
0.033190902322530746,0.006056056823581457,1.1588768273895766e-06,0.0001962105670827441,1.4694136552861892e-05,0.012830161489546299,catatumbo,SPEAKER_00,32402.667,32403.042,3.0
0.006470987107604742,0.027672622818499804,2.0560789835144533e-06,0.13256139867007732,0.0006419950805138797,0.0001331853709416464,catatumbo,SPEAKER_00,32403.333,32403.708,3.0
0.00826810672879219,0.026712938211858273,7.82573721380686e-07,1.8582371012598742e-05,7.617394476255868e-05,0.2738998234272003,catatumbo,SPEAKER_00,32403.667,32404.042,3.0
0.0021132591646164656,0.15608270466327667,1.1233493353302038e-06,0.4909498244524002,8.45273862069007e-05,0.0008955751545727253,catatumbo,SPEAKER_00,32404.0,32404.375,3.0
0.0120532913133502,0.0302558452822268,1.066655102022196e-06,0.03009213972836733,0.00013391488391789608,0.0005167343188077211,catatumbo,SPEAKER_00,32404.333,32404.708,3.0
0.0020275318529456854,0.11655279994010925,3.085209741016115e-07,0.18245505541563034,9.663777291279985e-06,0.000922722858376801,catatumbo,SPEAKER_00,32404.667,32405.042,3.0
0.04278751462697983,0.03707671817392111,2.736176014650482e-07,0.2956385165452957,8.379760743082443e-07,0.004521582275629044,catatumbo,SPEAKER_00,32405.0,32405.375,3.0
0.0011299245525151491,0.1482934132218361,4.4829656786760097e-07,0.19543714076280594,1.2276933830435155e-05,0.0010887350654229522,catatumbo,SPEAKER_00,32405.333,32405.708,3.0
0.0021354651544243097,0.06695500947535038,3.024269190632367e-07,0.0006766823353245854,9.67001833487302e-05,0.004507455509155989,catatumbo,SPEAKER_00,32405.667,32406.042,3.0
0.006808963138610125,0.03569586854428053,7.953554117534622e-07,0.0019099507480859756,6.230689177755266e-05,0.000867492810357362,catatumbo,UNICO,32406.333,32406.708,3.0
0.020178882405161858,0.023490463383495808,5.748535443217406e-07,0.050439244136214256,8.97754262041417e-06,0.0013658421812579036,catatumbo,SPEAKER_00,32406.667,32407.042,3.0
0.049791641533374786,0.024248837493360043,5.660761530634772e-07,0.4411827176809311,4.719057415059069e-06,0.0033482681028544903,catatumbo,SPEAKER_00,32407.0,32407.375,3.0
0.03141116723418236,0.023550504818558693,4.0526779798710777e-07,0.4324532151222229,4.781592224389897e-06,0.0035004718229174614,catatumbo,SPEAKER_00,32407.333,32407.708,3.0
0.017585953697562218,0.02609673235565424,5.367204067852072e-07,0.49088750779628754,5.566706931858789e-06,0.006298082880675793,catatumbo,SPEAKER_00,32407.667,32408.042,3.0
0.008305978029966354,0.09413392469286919,5.947985641796549e-07,0.687416285276413,6.910243246238679e-05,0.0014122724533081055,catatumbo,SPEAKER_00,32408.0,32408.375,3.0
0.009632756933569908,0.09766075387597084,1.0217519559319044e-06,0.0026896651834249496,3.0255098863563035e-05,0.0016859592869877815,catatumbo,SPEAKER_00,32408.333,32408.708,3.0
0.005729013588279486,0.02139157708734274,1.4778282064753512e-07,0.000235998239077162,7.715907031524694e-06,0.011033106595277786,catatumbo,SPEAKER_00,32408.667,32409.042,3.0
0.00597741361707449,0.16361554944887757,4.957789627724196e-07,0.029860785230994225,0.00015317876386689022,0.0007650950574316084,catatumbo,SPEAKER_00,32409.333,32409.708,3.0
0.005383245646953583,0.0622858852148056,2.1655651138985377e-07,0.00011412784442654811,5.857526275576674e-06,0.03899591416120529,catatumbo,SPEAKER_00,32409.667,32410.042,3.0
0.0009065890917554498,0.19814445823431015,1.7903725968437811e-07,0.0001451947828172706,3.462622316874331e-06,0.06217465549707413,catatumbo,SPEAKER_00,32410.0,32410.375,3.0
0.0016932477010414004,0.10418958961963654,3.3515788544491443e-07,0.16133002936840057,1.7937318830263393e-06,0.0032741152681410313,catatumbo,SPEAKER_00,32410.333,32410.708,3.0
0.000783281575422734,0.17633020132780075,3.5468933390347956e-07,0.0010123058164026588,0.00025171130982926115,0.0037064002826809883,catatumbo,SPEAKER_00,32410.667,32411.042,3.0
0.0014507380547001958,0.10490145534276962,5.782677021670679e-07,0.001709857489913702,1.0116740440935246e-05,0.004099574871361256,catatumbo,SPEAKER_00,32411.0,32411.375,3.0
0.003030507592484355,0.10438749566674232,3.9129677986693423e-07,5.884763231733814e-05,1.4546934380632592e-05,0.05432532727718353,catatumbo,SPEAKER_00,32411.333,32411.708,3.0
0.0012546166544780135,0.15570922195911407,2.0205239081860782e-07,0.3628787398338318,8.992481753011816e-06,0.00601802347227931,catatumbo,SPEAKER_00,32411.667,32412.042,3.0
0.015357328578829765,0.03788087237626314,5.383741239484152e-07,0.6945671737194061,8.552368853997905e-06,0.0018162333872169256,catatumbo,SPEAKER_00,32412.333,32412.708,3.0
0.20176851749420166,0.003685508738271892,3.081585049358182e-07,0.6148193180561066,5.722509740735404e-06,0.002228423720225692,catatumbo,SPEAKER_00,32412.667,32413.042,3.0
0.41145971417427063,0.00153412384679541,7.265928445576719e-07,0.6463697850704193,5.772594249719987e-06,0.004962951876223087,catatumbo,SPEAKER_00,32413.0,32413.375,3.0
0.008963732048869133,0.07463188841938972,1.4017032299307175e-06,0.30338147282600403,8.37939624034334e-05,0.0010389868402853608,catatumbo,UNICO,32413.333,32413.708,3.0
0.003810886526480317,0.04767970182001591,4.768797943199843e-07,0.006212238455191255,0.00021808884775964543,0.0005115766543895006,catatumbo,UNICO,32413.667,32414.042,3.0
0.004369848407804966,0.14208713546395302,1.4149257197004772e-06,0.013885655906051397,0.00032430649298476055,0.0002678010205272585,catatumbo,UNICO,32414.0,32414.375,3.0
0.008036835119128227,0.06026746891438961,2.0753691032382449e-07,0.029323344118893147,4.524772066361038e-06,0.0017689395463094115,catatumbo,UNICO,32414.333,32414.708,3.0
0.036750879138708115,0.039113042410463095,9.13968818849753e-07,0.7584255933761597,3.996914347226266e-05,0.002811295911669731,catatumbo,SPEAKER_00,32414.667,32415.042,3.0
0.0785248875617981,0.017863139510154724,1.7399707985532586e-07,2.622230158522143e-05,1.6159837628038076e-06,0.4551540017127991,catatumbo,SPEAKER_00,32415.333,32415.708,3.0
0.03399418666958809,0.021803440991789103,3.872694733786375e-07,0.050100164487957954,7.030972255961387e-06,0.0009114235872402787,catatumbo,SPEAKER_00,32415.667,32416.042,3.0
0.008381360210478306,0.054192084819078445,9.161767735577087e-07,0.00021582966292044148,0.00015157659800024703,0.004329458344727755,catatumbo,SPEAKER_00,32416.0,32416.375,3.0
0.012367557734251022,0.05164710991084576,6.816467674752857e-07,0.0001246358315256657,6.203253542480525e-05,0.02428106777369976,catatumbo,SPEAKER_00,32416.333,32416.708,3.0
0.02214273065328598,0.02973410952836275,8.449674808730379e-07,0.2507456839084625,1.4532531167787965e-05,0.00045358718489296734,catatumbo,SPEAKER_00,32416.667,32417.042,3.0
0.00347277894616127,0.08946490287780762,1.3724433500783562e-06,0.3513731062412262,4.836530933971517e-05,0.0005813101888634264,catatumbo,SPEAKER_00,32417.0,32417.375,3.0
0.008028487674891949,0.04260988347232342,5.040863442218324e-07,4.650123912597337e-06,9.126037866735714e-06,0.4237489700317383,catatumbo,SPEAKER_00,32417.333,32417.708,3.0
0.009680500254034996,0.0507058072835207,5.793468531578583e-07,7.898147600826633e-06,1.346484714304097e-05,0.15902256965637207,catatumbo,SPEAKER_00,32417.667,32418.042,3.0
0.0016649749595671892,0.18060432374477386,6.379604116091286e-07,0.3457086831331253,0.00014066640142118558,0.003490930423140526,catatumbo,SPEAKER_00,32418.333,32418.708,3.0
0.03723181039094925,0.02061557862907648,1.350028526303504e-06,0.1226043701171875,1.630182123335544e-05,0.0009129320969805121,catatumbo,SPEAKER_00,32418.667,32419.042,3.0
0.06167163327336311,0.012881995819043368,2.186179983709735e-06,6.931312782398891e-05,2.527425522202975e-05,0.18762338161468506,catatumbo,SPEAKER_00,32419.0,32419.375,3.0
0.0032352928537875414,0.06814364157617092,1.7354556689497258e-06,0.044265804812312126,0.0007765156333334744,0.00010988579015247524,catatumbo,SPEAKER_00,32419.333,32419.708,3.0
0.014314817264676094,0.02993086725473404,6.871366977634352e-07,0.00016264477562799584,1.6797233911347575e-05,0.012607112526893616,catatumbo,SPEAKER_00,32419.667,32420.042,3.0
0.008102750405669212,0.034090204164385796,4.4099629548099983e-07,2.950535144918831e-05,2.4022989464356215e-06,0.17036060988903046,catatumbo,SPEAKER_00,32420.0,32420.375,3.0
0.00039960999856702983,0.23425842076539993,3.326007806947473e-07,1.1714079164448776e-05,5.274141585687175e-07,0.6288374662399292,catatumbo,SPEAKER_00,32420.333,32420.708,3.0
0.0016565872356295586,0.0970933549106121,6.739246956044553e-07,0.02173322718590498,0.00037867856735829264,0.00033290404826402664,catatumbo,SPEAKER_00,32421.333,32421.708,3.0
0.01619027368724346,0.1065528392791748,2.701680514860527e-07,0.00619547045789659,7.690180427744053e-05,0.0017514860955998302,catatumbo,SPEAKER_00,32421.667,32422.042,3.0
0.008051575161516666,0.10296222940087318,8.259874277882773e-07,0.3052956759929657,4.2749425119836815e-05,0.0013119870563969016,catatumbo,SPEAKER_00,32422.0,32422.375,3.0
0.0010004763025790453,0.32893601059913635,6.373191183683957e-07,0.5431886911392212,3.3611408071010374e-05,0.0020836254116147757,catatumbo,SPEAKER_00,32422.333,32422.708,3.0
0.0011235569836571813,0.21613328158855438,1.2506032476267137e-06,0.01912492047995329,6.352939453790896e-05,0.0005139425047673285,catatumbo,SPEAKER_00,32422.667,32423.042,3.0
0.0024518906138837337,0.12598074227571487,7.190490123321069e-07,0.6335399150848389,2.374301038798876e-05,0.0024783597327768803,catatumbo,SPEAKER_00,32423.0,32423.375,3.0
0.005448349751532078,0.1576765775680542,3.3228231188786594e-07,0.33587734401226044,1.6936337488004938e-05,0.0023471207823604345,catatumbo,SPEAKER_00,32423.333,32423.708,3.0
0.007364824879914522,0.04974573291838169,7.417394414233058e-07,0.26089903712272644,9.759777185536223e-06,0.0013565770350396633,catatumbo,UNICO,32423.667,32424.042,3.0
0.19513143599033356,0.016543027944862843,2.4591301439613744e-07,8.754609007155523e-05,9.927808086729328e-08,0.12028376013040543,catatumbo,SPEAKER_00,32424.333,32424.708,3.0
0.011635717935860157,0.06932926550507545,1.1485275308587006e-06,0.0074580160435289145,3.675438983918866e-05,0.001210169866681099,catatumbo,SPEAKER_00,32424.667,32425.042,3.0
0.008857023902237415,0.040725190192461014,6.584633638340165e-07,0.582890510559082,5.841938764206134e-05,0.002055396791547537,catatumbo,SPEAKER_00,32425.0,32425.375,3.0
0.00025570832076482475,0.29416370391845703,2.638832228285537e-07,0.6523011326789856,1.815285304473946e-05,0.00386650487780571,catatumbo,SPEAKER_00,32425.333,32425.708,3.0
0.0009185542003251612,0.2949617952108383,5.99314631699599e-07,0.257817804813385,0.0003903522447217256,0.0002999670396093279,catatumbo,SPEAKER_00,32425.667,32426.042,3.0
0.011607488617300987,0.029560090973973274,3.4174223628724576e-07,0.32106176018714905,1.3418609341897536e-05,0.0024849914480000734,catatumbo,SPEAKER_00,32426.0,32426.375,3.0
0.1600114405155182,0.01654028194025159,8.513152067735064e-07,0.024350925348699093,2.4840780042723054e-05,0.0005343281081877649,catatumbo,SPEAKER_00,32426.333,32426.708,3.0
0.21452681720256805,0.008724010549485683,1.118612658501661e-06,0.187860406935215,5.499005601450335e-05,0.00027681345818564296,catatumbo,SPEAKER_00,32426.667,32427.042,3.0
0.005189890507608652,0.0662109050899744,7.279374045765508e-07,0.10404414311051369,2.223141200374812e-05,0.00022370113583747298,catatumbo,SPEAKER_00,32427.333,32427.708,3.0
0.13416528701782227,0.021639072336256504,8.938712667827531e-07,0.052792247384786606,5.986134601698723e-05,0.00012294288899283856,catatumbo,SPEAKER_00,32427.667,32428.042,3.0
0.015889890491962433,0.023765319492667913,7.769382222022614e-07,0.028495426289737225,1.8829876353265718e-05,0.0010135448537766933,catatumbo,SPEAKER_00,32428.0,32428.375,3.0
0.0008581909933127463,0.2216326668858528,6.409220105751956e-07,0.23796279728412628,0.0006202964868862182,0.0004638808313757181,catatumbo,SPEAKER_00,32428.333,32428.708,3.0
0.002097110962495208,0.08554022014141083,4.5572348028599663e-07,0.29540330171585083,5.760357680628658e-06,0.0033823091071099043,catatumbo,SPEAKER_00,32428.667,32429.042,3.0
0.0005901198601350188,0.241690032184124,6.595264920861155e-07,0.16076761484146118,0.001292085275053978,0.0011232183314859867,catatumbo,SPEAKER_00,32429.0,32429.375,3.0
0.0043328022584319115,0.17268053069710732,8.574969712071834e-07,0.3246496766805649,0.00011708709280355833,0.0010787479113787413,catatumbo,UNICO,32429.333,32429.708,3.0
0.006478732451796532,0.0593307726085186,4.3657522397211324e-07,0.000122634090075735,6.899566784568378e-07,0.05414664000272751,catatumbo,SPEAKER_00,32429.667,32430.042,3.0
0.12127380073070526,0.04202940780669451,4.362386221146153e-07,0.026333470828831196,2.0109967522330408e-06,0.0015792330959811807,catatumbo,SPEAKER_00,32430.333,32430.708,3.0
0.05088737607002258,0.07554377242922783,6.112446016004469e-07,0.134010411798954,5.913156655878993e-06,0.001003161771222949,catatumbo,SPEAKER_00,32430.667,32431.042,3.0
0.0016387788346037269,0.16658666729927063,9.082421001949115e-07,0.16339492797851562,0.00020209612557664514,0.0002517221437301487,catatumbo,UNICO,32431.0,32431.375,3.0
0.0008148386259563267,0.37999163568019867,6.01863519023027e-07,0.14956558495759964,0.0002536595129640773,0.0013315737014636397,catatumbo,UNICO,32431.333,32431.708,3.0
0.002156823640689254,0.16697422415018082,4.799409438760449e-07,0.03881519287824631,1.380747335133492e-05,0.0012583043426275253,catatumbo,UNICO,32431.667,32432.042,3.0
0.003751179203391075,0.1648675948381424,3.2084773238238995e-07,6.549190220539458e-05,2.1041441868874244e-05,0.04117652028799057,catatumbo,SPEAKER_00,32432.0,32432.375,3.0
0.0010271206265315413,0.308566614985466,5.882034059823127e-07,0.4682518392801285,0.00013732664956478402,0.0008682138286530972,catatumbo,SPEAKER_00,32432.333,32432.708,3.0
0.004335431847721338,0.15305044129490852,6.392241544972421e-07,0.1686139926314354,0.0002254140199511312,0.001126621151342988,catatumbo,SPEAKER_00,32432.667,32433.042,3.0
0.0046371640637516975,0.141300767660141,3.0217573510071816e-07,0.43694981932640076,2.7779125275628758e-06,0.005022961180657148,catatumbo,SPEAKER_00,32433.333,32433.708,3.0
0.003199259750545025,0.30027081072330475,3.029370958529398e-07,0.0036053352523595095,1.4449347872869112e-05,0.0031110928393900394,catatumbo,SPEAKER_00,32433.667,32434.042,3.0
0.001733127748593688,0.16039098799228668,3.3493866169465036e-07,0.3095104843378067,2.8650517378991935e-05,0.0014522389974445105,catatumbo,SPEAKER_00,32434.0,32434.375,3.0
0.005685632117092609,0.08542267419397831,3.433025455024108e-07,0.007877635769546032,0.00013660200056619942,0.0005695774452760816,catatumbo,SPEAKER_00,32434.333,32434.708,3.0
0.002815002342686057,0.13135479763150215,5.114173475817552e-07,0.26950667053461075,1.8408976757200435e-05,0.0014172346564009786,catatumbo,SPEAKER_00,32434.667,32435.042,3.0
0.0024407904129475355,0.12480732426047325,4.2846838965715506e-07,0.002713289635721594,1.8896578239946393e-05,0.004981867969036102,catatumbo,SPEAKER_00,32435.0,32435.375,3.0
0.0009455694817006588,0.09155268967151642,1.0818960589631388e-06,0.35784897208213806,2.5505990379315335e-05,0.0023796167224645615,catatumbo,SPEAKER_00,32435.333,32435.708,3.0
0.000849696050863713,0.16647657752037048,6.251199806683871e-07,0.14487246423959732,0.0001079371759260539,0.00099081895314157,catatumbo,SPEAKER_00,32435.667,32436.042,3.0
0.0008590916986577213,0.17371472716331482,7.586705947915107e-07,0.310896672308445,3.493897838779958e-05,0.0013233765494078398,catatumbo,SPEAKER_00,32436.333,32436.708,3.0
0.004558119457215071,0.052948107942938805,7.471219163335263e-07,0.4244753122329712,6.097940058680251e-06,0.0020385233219712973,catatumbo,SPEAKER_00,32436.667,32437.042,3.0
0.0008550304337404668,0.15864171832799911,7.731976268132712e-07,0.039491839706897736,3.3958739550143946e-05,0.0015737084904685616,catatumbo,SPEAKER_00,32437.0,32437.375,3.0
0.01082457322627306,0.011511587537825108,7.863748407999083e-07,0.10071342438459396,1.4497466963803163e-05,0.002521474612876773,catatumbo,SPEAKER_00,32437.333,32437.708,3.0
0.0011418376816436648,0.06475291959941387,4.6463888381254037e-07,0.0007837694865884259,4.5822600441169925e-05,0.005706117954105139,catatumbo,SPEAKER_00,32437.667,32438.042,3.0
0.000490838719997555,0.1099100299179554,2.542621260204214e-07,1.2467190117604332e-05,6.533135916697574e-07,0.5917948484420776,catatumbo,SPEAKER_00,32438.0,32438.375,3.0
0.0015817447565495968,0.08956734836101532,8.604493260122581e-07,0.019450409803539515,2.153829609596869e-05,0.0011792144505307078,catatumbo,SPEAKER_00,32438.333,32438.708,3.0
0.0036511821672320366,0.07002018392086029,5.242183718223714e-07,0.2639058753848076,1.911887466121698e-06,0.007342875003814697,catatumbo,SPEAKER_00,32438.667,32439.042,3.0
0.005138067994266748,0.038755920715630054,1.3439847634799662e-06,0.23173834383487701,0.000283654619124718,0.0004847099771723151,catatumbo,SPEAKER_00,32439.333,32439.708,3.0
0.0010466555831953883,0.09821690246462822,1.0818801570167125e-06,0.41619566082954407,0.00013245361333247274,0.0010378457373008132,catatumbo,SPEAKER_00,32439.667,32440.042,3.0
0.0007275230018422008,0.12373967841267586,5.348443039565609e-07,0.0004136109273531474,1.1800881338785985e-05,0.03341926261782646,catatumbo,SPEAKER_00,32440.0,32440.375,3.0
0.0006345229921862483,0.23498007655143738,4.4299105184109067e-07,0.023737303912639618,1.6173329186131014e-05,0.0023818849585950375,catatumbo,SPEAKER_00,32440.333,32440.708,3.0
0.0010313488310202956,0.13033829629421234,6.583940006521516e-07,0.0006598812178708613,2.7835949822474504e-05,0.009141280315816402,catatumbo,SPEAKER_00,32440.667,32441.042,3.0
0.0006490128580480814,0.09852055832743645,3.6179052287366176e-07,0.00011506365990499035,7.88977831689408e-06,0.06594359129667282,catatumbo,SPEAKER_00,32441.0,32441.375,3.0
0.0004321560263633728,0.16554716229438782,1.6680052112860722e-06,0.005626246565952897,4.8500743105250876e-05,0.003052573651075363,catatumbo,SPEAKER_00,32441.333,32441.708,3.0
0.04644690826535225,0.016716393176466227,8.535486628602484e-07,0.0011991175124421716,0.00012378155224723741,0.0014306087978184223,catatumbo,SPEAKER_00,32441.667,32442.042,3.0
0.038004789501428604,0.007335221860557795,1.6289071140818123e-06,0.004739689640700817,0.00043931698019150645,0.0007157822838053107,catatumbo,SPEAKER_00,32442.333,32442.708,3.0
0.006168931256979704,0.021549167577177286,1.3922866912707832e-06,0.08086072839796543,0.00011710610124282539,0.0006072735413908958,catatumbo,SPEAKER_00,32442.667,32443.042,3.0
0.024196337908506393,0.0184048842638731,7.637487726697145e-07,0.0041205466841347516,2.7719149329641368e-05,0.009728810749948025,catatumbo,SPEAKER_00,32443.0,32443.375,3.0
0.0007410870166495442,0.1901247426867485,8.396441444347147e-07,0.0015392087225336581,0.0001806580476113595,0.0032918043434619904,catatumbo,UNICO,32443.333,32443.708,3.0
0.014778032898902893,0.039329154416918755,7.334403946401835e-07,0.0011549883929546922,8.67161106725689e-05,0.006175099406391382,catatumbo,UNICO,32443.667,32444.042,3.0
0.0005815193871967494,0.1504497155547142,1.2412726420052422e-06,0.006179016083478928,0.0011954876244999468,0.00038965753628872335,catatumbo,UNICO,32444.0,32444.375,3.0
0.0004952853778377175,0.19133096188306808,9.493409933725161e-07,0.0015801713452674448,0.0001447437571187038,0.0014172743540257215,catatumbo,UNICO,32444.333,32444.708,3.0
0.0024597812443971634,0.11738154292106628,9.696582665696951e-07,0.0023618332343176007,0.00011989252016064711,0.0020810915157198906,catatumbo,UNICO,32444.667,32445.042,3.0
0.012668468989431858,0.04163522645831108,5.777856557642735e-07,0.5277553796768188,3.9506876419181935e-06,0.004669599235057831,catatumbo,SPEAKER_00,32445.333,32445.708,3.0
0.001423633424565196,0.10124198719859123,3.348802373182025e-07,0.0003739631938515231,3.2334077104678727e-06,0.043454915285110474,catatumbo,SPEAKER_00,32445.667,32446.042,3.0
0.0028614613693207502,0.096158217638731,6.896825084368174e-07,0.008145925356075168,9.192413472192129e-06,0.0010295856045559049,catatumbo,SPEAKER_00,32446.0,32446.375,3.0
0.024607714265584946,0.018828092142939568,1.5387866341143308e-06,0.01327751250937581,0.00044734943367075175,0.00030407041776925325,catatumbo,SPEAKER_00,32446.333,32446.708,3.0
0.011720583774149418,0.05052303150296211,9.725669798399394e-07,0.4640578180551529,2.6989792786480393e-05,0.001380239613354206,catatumbo,SPEAKER_00,32446.667,32447.042,3.0
0.004858249332755804,0.10085787996649742,6.349657013515753e-07,0.05403127893805504,5.809852154925466e-06,0.001277692150324583,catatumbo,SPEAKER_00,32447.0,32447.375,3.0
0.002914449665695429,0.12342781946063042,7.058535871351523e-07,0.08398225344717503,1.4260617263062159e-05,0.0024186864029616117,catatumbo,SPEAKER_00,32447.333,32447.708,3.0
0.006172972731292248,0.044127414003014565,8.504646871188015e-07,0.37623652815818787,7.04774083715165e-06,0.003175194840878248,catatumbo,SPEAKER_00,32447.667,32448.042,3.0
0.004165675491094589,0.07122267410159111,1.7167146921792664e-06,0.06553507968783379,0.0016731973155401647,7.719466520939022e-05,catatumbo,SPEAKER_00,32448.333,32448.708,3.0
0.012025215663015842,0.030462187714874744,8.743334518612755e-07,0.012107352260500193,2.774730819510296e-05,0.000975244038272649,catatumbo,SPEAKER_00,32448.667,32449.042,3.0
0.0023365982342511415,0.11434470862150192,1.0072538003669251e-06,0.2914600670337677,0.00014154874224914238,0.0005839020013809204,catatumbo,SPEAKER_00,32449.0,32449.375,3.0
0.0011392649030312896,0.224493570625782,7.446312650927212e-07,0.14306699857115746,1.3617921467812266e-05,0.0015849129995331168,catatumbo,SPEAKER_00,32449.333,32449.708,3.0
0.0034799163695424795,0.10453985631465912,4.7609870534870424e-07,0.44098418951034546,5.655107543134363e-06,0.0014894392807036638,catatumbo,SPEAKER_00,32449.667,32450.042,3.0
0.0020109296310693026,0.08025847375392914,2.0889091700837525e-07,1.39855733323202e-05,1.26423657320629e-06,0.13304178416728973,catatumbo,SPEAKER_00,32450.0,32450.375,3.0
0.002492540515959263,0.1503567323088646,9.168716985641368e-07,0.0031924365321174264,7.764821384625975e-05,0.0003716064675245434,catatumbo,SPEAKER_00,32450.333,32450.708,3.0
0.006913115736097097,0.07278650999069214,9.28917316400657e-07,0.15739396214485168,8.669222552271094e-05,0.0003545680083334446,catatumbo,SPEAKER_00,32450.667,32451.042,3.0
0.006997189484536648,0.040174346417188644,1.2020982325111618e-06,0.014180409256368876,0.0001993219593714457,0.000521106063388288,catatumbo,SPEAKER_00,32451.333,32451.708,3.0
0.000578480598051101,0.44802136719226837,4.5804469550603244e-07,0.00886409543454647,0.00022438140149461105,0.0019049964612349868,catatumbo,SPEAKER_00,32451.667,32452.042,3.0
0.0009448932250961661,0.21425790339708328,3.4336293452952305e-07,0.00010158893564948812,8.308652468258515e-06,0.11940526217222214,catatumbo,SPEAKER_00,32452.0,32452.375,3.0
0.0006197054754011333,0.21849703788757324,5.956441562204873e-07,0.0013701507705263793,4.326274756749626e-05,0.006065183784812689,catatumbo,SPEAKER_00,32452.333,32452.708,3.0
0.0019510106649249792,0.13758187741041183,2.765529174553194e-07,1.0260408771500806e-05,2.27062614044371e-07,0.31509721279144287,catatumbo,SPEAKER_00,32452.667,32453.042,3.0
0.0005279106553643942,0.2392588034272194,3.492676619032409e-07,0.0030705867102369666,4.4479181724454975e-06,0.005118522793054581,catatumbo,SPEAKER_00,32453.0,32453.375,3.0
0.0010454915463924408,0.16838230937719345,3.36844546922066e-07,0.00010586398457235191,2.099869107041741e-06,0.03097296878695488,catatumbo,SPEAKER_00,32453.333,32453.708,3.0
0.0002520958660170436,0.4053197503089905,5.011911667907043e-07,0.4458862245082855,9.13783651412814e-06,0.00464731315150857,catatumbo,SPEAKER_00,32453.667,32454.042,3.0
0.0002529469202272594,0.30102379620075226,4.7247577583675593e-07,0.0003121938352705911,1.9180500316906546e-06,0.0632406696677208,catatumbo,SPEAKER_00,32454.333,32454.708,3.0
0.0038307292852550745,0.08290814235806465,5.115987491421947e-07,0.17285562306642532,9.84531197900651e-06,0.0005518391262739897,catatumbo,SPEAKER_00,32454.667,32455.042,3.0
0.0054266504012048244,0.029069524258375168,1.3336814674858033e-06,0.024346022866666317,0.00013946397302788682,0.00044846883974969387,catatumbo,SPEAKER_00,32455.0,32455.375,3.0
0.0584254264831543,0.03132397402077913,7.354456101893447e-07,0.05039293132722378,2.6736688596429303e-05,0.00016918090113904327,catatumbo,SPEAKER_00,32455.333,32455.708,3.0
0.00024771798052825034,0.18622256815433502,7.15008191320976e-07,0.014085209928452969,4.906491631118115e-05,0.0008241338073275983,catatumbo,SPEAKER_00,32455.667,32456.042,3.0
0.0005953398649580777,0.18638867139816284,1.062223027759046e-06,0.012257420923560858,0.00020501479593804106,0.0003881377342622727,catatumbo,SPEAKER_00,32456.0,32456.375,3.0
0.0006410509231500328,0.17518942058086395,5.867810415338681e-07,0.5061555355787277,1.5594820979458746e-05,0.002962979720905423,catatumbo,SPEAKER_00,32456.333,32456.708,3.0
0.0005102328723296523,0.13435300439596176,8.075842004018341e-07,0.0027272154693491757,0.0001438324252376333,0.00098943873308599,catatumbo,SPEAKER_00,32456.667,32457.042,3.0
0.0010555221233516932,0.2100295051932335,1.4317627403670485e-06,0.003881756099872291,0.0001434209079889115,0.0004948685527779162,catatumbo,SPEAKER_00,32550.333,32550.708,3.0
0.0017668036743998528,0.12346853315830231,4.323854589927123e-07,0.003363696043379605,1.206112619911437e-05,0.00869586318731308,catatumbo,SPEAKER_00,32550.667,32551.042,3.0
0.005356422159820795,0.04961875453591347,5.10915047158278e-07,0.0008359407365787774,3.6301511272540665e-06,0.015489955432713032,catatumbo,SPEAKER_00,32551.0,32551.375,3.0
0.018590331077575684,0.03083963692188263,4.323210376355746e-07,0.00042839809611905366,4.292771336622536e-06,0.0076644704677164555,catatumbo,SPEAKER_00,32551.333,32551.708,3.0
0.01644637994468212,0.04373646713793278,2.807010943683963e-07,1.8285745227331063e-05,1.563777942692468e-07,0.48805752396583557,catatumbo,SPEAKER_00,32551.667,32552.042,3.0
0.00025636694044806063,0.11910490319132805,8.655161067849804e-07,0.0038114406634122133,6.231064071471337e-05,0.001457831240259111,catatumbo,SPEAKER_00,32552.0,32552.375,3.0
0.0009343463461846113,0.13580267876386642,3.1301124892024745e-07,0.0001273451780434698,1.720555815154512e-06,0.09011270850896835,catatumbo,SPEAKER_00,32552.333,32552.708,3.0
0.0013912359718233347,0.13512178137898445,1.3959458016188364e-06,0.005314403213560581,0.00011712518607964739,0.0005280047771520913,catatumbo,SPEAKER_00,32552.667,32553.042,3.0
0.0012178255710750818,0.14785593375563622,1.9429318172115018e-06,0.024651489220559597,0.0005338675255188718,0.0002876735234167427,catatumbo,UNICO,32553.333,32553.708,3.0
0.0029166233725845814,0.10755372047424316,1.4565314074843627e-06,0.0010586139687802643,0.00023148309264797717,0.0019070139387622476,catatumbo,UNICO,32553.667,32554.042,3.0
0.002005648799240589,0.12443618103861809,7.328741276069195e-07,6.751225555490237e-05,0.0001270165666937828,0.010277824476361275,catatumbo,UNICO,32554.0,32554.375,3.0
0.010973655618727207,0.05827780067920685,2.2793279086386065e-07,1.658995734032942e-05,4.898767429040163e-06,0.07351057231426239,catatumbo,SPEAKER_00,32554.333,32554.708,3.0
0.01797076314687729,0.06414630636572838,2.2314600478523516e-07,0.000245300390815828,4.7754870138305705e-06,0.017457567155361176,catatumbo,SPEAKER_00,32554.667,32555.042,3.0
0.0025447832886129618,0.06328044086694717,5.088552015308778e-07,0.008578344015404582,3.443157038418576e-05,0.0015951001551002264,catatumbo,SPEAKER_00,32555.0,32555.375,3.0
0.0012273343745619059,0.07947265729308128,8.647709108799972e-07,0.00028022782498737797,5.01432459714124e-05,0.005749383009970188,catatumbo,SPEAKER_00,32555.333,32555.708,3.0
0.0016629296587780118,0.054775889962911606,8.336814403264725e-07,0.0005956423410680145,0.00010810260937432759,0.005834401119500399,catatumbo,SPEAKER_00,32555.667,32556.042,3.0
0.015028322115540504,0.046156853437423706,9.932731472872547e-07,0.1476452276110649,2.5612122954044025e-05,0.0003675042244140059,catatumbo,SPEAKER_00,32556.333,32556.708,3.0
0.019133703783154488,0.05191698297858238,1.5195308407101038e-06,0.034314234741032124,0.00011257938604103401,0.0004222662828397006,catatumbo,SPEAKER_00,32556.667,32557.042,3.0
0.0006875587278045714,0.09812913089990616,2.0564966121128236e-06,0.40554988384246826,0.00017537879466544837,0.0004019348416477442,catatumbo,SPEAKER_00,32557.0,32557.375,3.0
0.0009678007918410003,0.15864136815071106,6.961716110254201e-07,0.15378541126847267,4.887729483016301e-05,0.0013255203375592828,catatumbo,SPEAKER_00,32557.333,32557.708,3.0
0.0005142382578924298,0.2715405970811844,3.1663667954262564e-07,3.343988828419242e-05,4.359031663625501e-06,0.3997935950756073,catatumbo,SPEAKER_00,32557.667,32558.042,3.0
0.0048925443552434444,0.12357015907764435,2.1116681381272429e-07,2.151921307813609e-07,7.950121450051029e-08,0.9838817119598389,catatumbo,SPEAKER_00,32558.0,32558.375,3.0
0.030825402587652206,0.03489013575017452,3.493606648419245e-07,0.0018435323145240545,9.889901946280588e-07,0.0052537997253239155,catatumbo,SPEAKER_00,32558.333,32558.708,3.0
0.006499366369098425,0.06986050866544247,9.244141523367944e-07,0.05370078608393669,3.919844493793789e-05,0.0005383010720834136,catatumbo,SPEAKER_00,32692.333,32692.708,3.0
0.0021071303635835648,0.0650503896176815,9.531898967907182e-07,0.026408590376377106,0.00011574896780075505,0.0004423040372785181,catatumbo,SPEAKER_00,32692.667,32693.042,3.0
0.0008165991166606545,0.09477180987596512,1.0283957720957915e-06,0.0018853817600756884,0.00010959241262753494,0.003257912350818515,catatumbo,SPEAKER_00,32693.0,32693.375,3.0
0.0014458837686106563,0.10664455220103264,1.2658269241683229e-06,0.027499056421220303,0.0001949444049387239,0.0008407251443713903,catatumbo,SPEAKER_00,32693.333,32693.708,3.0
0.0017651502275839448,0.08955103531479836,1.2434718144049839e-06,0.08940364420413971,0.00018105092749465257,0.0005453011253848672,catatumbo,SPEAKER_00,32693.667,32694.042,3.0
0.008501450531184673,0.024464251473546028,1.3986124542952894e-06,0.0009419995767530054,0.00010398372432973702,0.003201611340045929,catatumbo,SPEAKER_00,32694.333,32694.708,3.0
0.0003797623503487557,0.3305380195379257,9.580303412803914e-07,0.06677606888115406,5.3127887440496124e-05,0.0014190515503287315,catatumbo,SPEAKER_00,32694.667,32695.042,3.0
0.0004247713659424335,0.22217702865600586,7.614450296955511e-07,0.018359162844717503,0.0003082106704823673,0.00021789316087961197,catatumbo,SPEAKER_00,32695.0,32695.375,3.0
0.0009135676664300263,0.1275671310722828,3.5249502872147787e-07,1.2917550975544145e-05,7.053008175716968e-06,0.11979655921459198,catatumbo,SPEAKER_00,32695.333,32695.708,3.0
0.0006233942694962025,0.16705909371376038,1.5186871422656623e-06,0.02150610415264964,0.0008969476039055735,0.0001739586441544816,catatumbo,SPEAKER_00,32695.667,32696.042,3.0
0.0006837694672867656,0.060681385919451714,1.0332146729297165e-06,0.003154227917548269,4.013512807432562e-05,0.01074087806046009,catatumbo,SPEAKER_00,32696.0,32696.375,3.0
0.0014659571461379528,0.14583644270896912,1.8393724872112216e-06,0.019806782715022564,0.00036685164377558976,0.00018719385843724012,catatumbo,SPEAKER_00,32696.333,32696.708,3.0
0.0009961212053894997,0.12311527505517006,4.947966587565134e-07,0.06264597177505493,6.320215106825344e-05,0.0016707556787878275,catatumbo,SPEAKER_00,32696.667,32697.042,3.0
0.0022651744075119495,0.10470119677484035,6.813155337681565e-07,0.005183378234505653,1.6552460692764726e-05,0.0014308519894257188,catatumbo,UNICO,32697.333,32697.708,3.0
0.00020597834372892976,0.16038522124290466,8.430331348563413e-07,0.0056056620087474585,3.499093872960657e-05,0.0016495788004249334,catatumbo,SPEAKER_00,32697.667,32698.042,3.0
0.004647994879633188,0.027236396446824074,6.522359399241395e-07,2.749174109339947e-05,6.262466058615246e-06,0.11392506211996078,catatumbo,SPEAKER_00,32698.0,32698.375,3.0
0.002713722176849842,0.04232063516974449,7.605144247690987e-07,0.000491190017783083,0.00037745693407487124,0.0046174414455890656,catatumbo,SPEAKER_00,32698.333,32698.708,3.0
0.0042656902223825455,0.13467921689152718,4.887530096198134e-07,0.01865738071501255,0.00024811960611259565,0.0014255248242989182,catatumbo,SPEAKER_00,32698.667,32699.042,3.0
0.004395416937768459,0.053191084414720535,5.294756988405425e-07,0.4756366163492203,9.868286269920645e-06,0.002207886427640915,catatumbo,SPEAKER_00,32699.0,32699.375,3.0
0.0025165537372231483,0.12170495837926865,5.13915722422098e-07,0.0003258374854340218,5.6619421684445115e-06,0.03044082783162594,catatumbo,SPEAKER_00,32699.333,32699.708,3.0
0.004792996682226658,0.06792371720075607,7.593925630544618e-07,0.14880741015076637,1.9469741346256342e-05,0.0018063884926959872,catatumbo,SPEAKER_00,32699.667,32700.042,3.0
0.0014012338360771537,0.12783008813858032,1.112606824449358e-06,0.034520357847213745,6.252273306017742e-05,0.0006088301306590438,catatumbo,SPEAKER_00,32700.333,32700.708,3.0
0.0001733223907649517,0.1062111034989357,1.0180589384845007e-06,0.004267261771019548,0.00018320759409107268,0.009224344976246357,catatumbo,SPEAKER_00,32700.667,32701.042,3.0
0.0003746759321074933,0.1432001069188118,5.467299768469047e-07,0.00045716678869212046,9.77268041424395e-06,0.032099898904561996,catatumbo,SPEAKER_00,32701.0,32701.375,3.0
0.001248021493665874,0.07124829106032848,7.747776891164904e-07,0.00659355940297246,4.475482819543686e-05,0.006267906166613102,catatumbo,SPEAKER_00,32701.333,32701.708,3.0
0.0013467009412124753,0.09147239103913307,4.535963142870969e-07,0.46678683161735535,2.5172101231873967e-05,0.0045860945247113705,catatumbo,SPEAKER_00,32701.667,32702.042,3.0
0.008833863772451878,0.06747725047171116,4.134737707772729e-07,0.43583719432353973,3.9458034279959975e-06,0.006510228384286165,catatumbo,SPEAKER_00,32702.0,32702.375,3.0
0.0030457263346761465,0.08602215349674225,4.857347448705696e-07,0.4252462685108185,7.412665354422643e-06,0.0045690275728702545,catatumbo,SPEAKER_00,32702.333,32702.708,3.0
0.0013283443404361606,0.09779950603842735,8.540103095810991e-07,0.02071272023022175,7.077590635162778e-05,0.0005253777489997447,catatumbo,SPEAKER_00,32702.667,32703.042,3.0
0.000908358080778271,0.16646037995815277,6.160044421221755e-07,0.0016232330235652626,0.0001190355651488062,0.0014839301584288478,catatumbo,SPEAKER_00,32703.333,32703.708,3.0
0.00018173007993027568,0.34931281208992004,7.02902909210934e-07,0.16781412437558174,2.550152930780314e-05,0.0004983978578820825,catatumbo,SPEAKER_00,32703.667,32704.042,3.0
0.0003612921864259988,0.3208799660205841,6.101234113486953e-07,0.006195527850650251,8.011739009816665e-05,0.0022948472760617733,catatumbo,SPEAKER_00,32704.0,32704.375,3.0
0.0027320007793605328,0.1011793501675129,5.793033110990109e-07,0.0003526815344230272,2.2380326299753506e-05,0.023172816261649132,catatumbo,SPEAKER_00,32704.333,32704.708,3.0
0.00692774448543787,0.037223806604743004,6.799170577664881e-07,3.194445071130758e-05,1.3116155514580896e-05,0.0826796218752861,catatumbo,SPEAKER_00,32704.667,32705.042,3.0
0.0039495727978646755,0.0783463902771473,6.864588044663833e-07,0.0002779236456262879,4.975834417564329e-05,0.015856074169278145,catatumbo,SPEAKER_00,32705.0,32705.375,3.0
0.004234095569700003,0.06099993735551834,5.623541383670272e-07,0.0005130938661750406,4.989840272173751e-05,0.006958633661270142,catatumbo,SPEAKER_00,32705.333,32705.708,3.0
0.0006903163739480078,0.21933728083968163,4.716998169840281e-07,0.003287841216661036,6.704997576889582e-05,0.0017183986492455006,catatumbo,SPEAKER_00,32705.667,32706.042,3.0
0.0012602407950907946,0.0921112447977066,5.415129749053449e-07,5.77212904318003e-05,1.4224553979147458e-05,0.06427246332168579,catatumbo,SPEAKER_00,32706.333,32706.708,3.0
0.0005927340243943036,0.1379891261458397,6.057851358320931e-07,4.8372967285104096e-05,2.96251032523287e-05,0.059149205684661865,catatumbo,SPEAKER_00,32706.667,32707.042,3.0
0.001510985428467393,0.14984150603413582,2.5671391767900786e-06,0.07219058275222778,0.00294900662265718,0.0002621608437038958,catatumbo,SPEAKER_00,32707.0,32707.375,3.0
0.002060646889731288,0.10359718650579453,5.346057818655936e-07,0.00021630278206430376,8.510719089827035e-05,0.004647308960556984,catatumbo,SPEAKER_00,32707.333,32707.708,3.0
0.014029458165168762,0.05036928504705429,1.1330208735671476e-06,0.24007485061883926,0.0013106363476254046,0.0006268229917623103,catatumbo,UNICO,32707.667,32708.042,3.0
0.007525837514549494,0.10486381128430367,1.274759711122897e-06,0.022258583456277847,0.0012146580265834928,0.00040395825635641813,catatumbo,UNICO,32708.0,32708.375,3.0
0.00493767112493515,0.0916360653936863,4.440287852958136e-07,0.02275356650352478,0.00030014685762580484,0.0012969090603291988,catatumbo,UNICO,32708.333,32708.708,3.0
0.001328892307356,0.16244324296712875,2.3523836034655687e-07,0.01245999475941062,7.405985888908617e-05,0.003466576337814331,catatumbo,UNICO,32708.667,32709.042,3.0
0.0005615673144347966,0.25865015387535095,5.511282381576166e-07,0.21634060889482498,4.4424717998481356e-05,0.0006616532918997109,catatumbo,SPEAKER_00,32709.333,32709.708,3.0
0.0011765335220843554,0.13883915171027184,7.35732612611173e-07,0.23296865075826645,0.00038155322545208037,0.0007374528213404119,catatumbo,SPEAKER_00,32709.667,32710.042,3.0
0.004392648581415415,0.11863347515463829,6.394032823209272e-07,0.009047991130501032,4.397688644530717e-05,0.002166721737012267,catatumbo,UNICO,32710.0,32710.375,3.0
0.0008764885133132339,0.1899208128452301,4.2841595515596964e-07,0.03075931966304779,1.1364026704541175e-05,0.0006716252537444234,catatumbo,UNICO,32710.333,32710.708,3.0
0.0031926848459988832,0.039809723384678364,6.237868745984088e-07,0.29492413252592087,0.0008483121055178344,0.0007532290183007717,catatumbo,SPEAKER_00,32710.667,32711.042,3.0
0.0020279274322092533,0.041997781954705715,2.8288415592214733e-06,0.015920556616038084,0.0020579167176038027,0.00030750755104236305,catatumbo,SPEAKER_00,32711.0,32711.375,3.0
0.0036629079841077328,0.08125648275017738,1.2014744754651474e-06,0.2330002523958683,2.5953389922506176e-05,0.0004065234970767051,catatumbo,SPEAKER_00,32711.333,32711.708,3.0
0.01957337185740471,0.03809164557605982,3.5241787799122903e-07,1.913254266128206e-06,1.485025507008686e-06,0.5289303064346313,catatumbo,SPEAKER_00,32711.667,32712.042,3.0
0.000184870048542507,0.2513895109295845,6.545432142956997e-07,0.3996034562587738,0.00012518342191469856,0.0034333006478846073,catatumbo,SPEAKER_00,32712.333,32712.708,3.0
0.0002795068430714309,0.24817387014627457,5.357945767059391e-07,0.021249495446681976,0.0015196558670140803,0.00020293102716095746,catatumbo,SPEAKER_00,32712.667,32713.042,3.0
0.0004417352320160717,0.26250945031642914,1.1354575661925992e-06,0.07350270077586174,3.167936392856063e-05,0.0006624650559388101,catatumbo,SPEAKER_00,32713.0,32713.375,3.0
0.000857698789332062,0.18179795145988464,9.206022753005527e-07,0.6689332723617554,8.544130105292425e-05,0.0012040133588016033,catatumbo,SPEAKER_00,32713.333,32713.708,3.0
0.0004173287015873939,0.2255343645811081,4.388126697563166e-07,0.006752285407856107,0.0001214993062603753,0.004238334018737078,catatumbo,SPEAKER_00,32713.667,32714.042,3.0
0.0016346011543646455,0.10985955595970154,8.698173274979126e-07,0.06015677750110626,0.0001965017436305061,0.00024218735052272677,catatumbo,SPEAKER_00,32714.0,32714.375,3.0
0.003331611165776849,0.08414507284760475,1.7205329250202794e-07,0.00047511502634733915,2.3714911549177486e-05,0.03724701702594757,catatumbo,SPEAKER_00,32714.333,32714.708,3.0
0.0030106010381132364,0.08064146712422371,5.913466694096314e-07,0.026232635602355003,0.0012352972407825291,0.0002634392003528774,catatumbo,SPEAKER_00,32714.667,32715.042,3.0
0.002477732952684164,0.11319158226251602,4.575654415361896e-07,0.23818333446979523,9.929660336638335e-06,0.0005322450306266546,catatumbo,SPEAKER_00,32715.333,32715.708,3.0
0.003240443766117096,0.10988335683941841,3.439152180817473e-07,0.00011723786883521825,0.00010857587767532095,0.01519346609711647,catatumbo,SPEAKER_00,32715.667,32716.042,3.0
0.0010438961908221245,0.16146671026945114,1.219155507214964e-06,0.014182387851178646,9.302990292781033e-05,0.0038644445594400167,catatumbo,SPEAKER_00,32716.0,32716.375,3.0
0.0002709122491069138,0.19710856676101685,7.51265538667667e-07,0.00773502211086452,0.002460255171172321,0.0003826839092653245,catatumbo,SPEAKER_00,32716.333,32716.708,3.0
0.0032231416553258896,0.09779252484440804,3.15208829704261e-07,1.2449956557247788e-05,2.324332126590889e-05,0.31046465039253235,catatumbo,SPEAKER_00,32716.667,32717.042,3.0
0.0005486829322762787,0.41788749396800995,2.1358925650361016e-07,0.0068122586235404015,0.0001952801030711271,0.004652027040719986,catatumbo,SPEAKER_00,32717.0,32717.375,3.0
0.003372032893821597,0.07036716490983963,4.059143350332306e-07,0.003343630116432905,0.00045674674038309604,0.0012516654096543789,catatumbo,SPEAKER_00,32717.333,32717.708,3.0
0.004628968890756369,0.03875778988003731,5.556096240866282e-07,0.0001269159729417879,4.331387663114583e-05,0.028138913214206696,catatumbo,SPEAKER_00,32717.667,32718.042,3.0
0.0010533254826441407,0.11783421039581299,8.497419301534137e-07,4.305211518840224e-06,7.940820751173305e-06,0.28370413184165955,catatumbo,SPEAKER_00,32718.333,32718.708,3.0
0.011028793640434742,0.022484940476715565,8.682081755750914e-07,3.1907537959341425e-05,1.1392272369903367e-06,0.21562115848064423,catatumbo,SPEAKER_00,32718.667,32719.042,3.0
0.0018932644743472338,0.07287793233990669,1.6140669742981117e-06,0.004001651890575886,0.0009895706607494503,0.00041267971391789615,catatumbo,SPEAKER_00,32719.0,32719.375,3.0
0.0017499742098152637,0.15004707500338554,6.218564010396221e-07,0.032731796614825726,2.6887534659181256e-05,0.000700875767506659,catatumbo,SPEAKER_00,32719.333,32719.708,3.0
0.00015198317123577,0.38778747618198395,2.5540930792544714e-07,0.010351834818720818,0.0004082323575858027,0.0015449728816747665,catatumbo,SPEAKER_00,32719.667,32720.042,3.0
0.0007851102272979915,0.11573716998100281,6.297457488813052e-07,0.022514398209750652,0.0005053970089647919,0.00023351093113888055,catatumbo,SPEAKER_00,32720.0,32720.375,3.0
0.0002924543514382094,0.2637574225664139,4.700733349238817e-07,0.011344794649630785,0.000482490097056143,0.00040452549001201987,catatumbo,SPEAKER_00,32720.333,32720.708,3.0
0.0031076001469045877,0.08722733333706856,3.1933743827039507e-07,0.0011495815706439316,0.0008240245806518942,0.0018599196337163448,catatumbo,UNICO,32720.667,32721.042,3.0
0.0020405168179422617,0.07143077068030834,3.9026210885140244e-07,0.006922305561602116,0.00011028578228433616,0.0004195474903099239,catatumbo,UNICO,32721.333,32721.708,3.0
0.004107670392841101,0.05386953428387642,8.810383462787286e-07,0.47161951661109924,0.0007531640294473618,0.003403610084205866,catatumbo,SPEAKER_00,32721.667,32722.042,3.0
0.00022800156148150563,0.4966457486152649,6.461626185227942e-07,0.09204386919736862,6.414338713511825e-05,0.0006924186600372195,catatumbo,SPEAKER_00,32722.0,32722.375,3.0
0.0007732670637778938,0.10085279867053032,2.3990625663827814e-07,0.35675783455371857,6.146054147393443e-05,0.0034188334830105305,catatumbo,SPEAKER_00,32722.333,32722.708,3.0
0.000269998621661216,0.21588046103715897,9.352556702424408e-07,0.4527573585510254,0.00017521320842206478,0.00041411357233300805,catatumbo,SPEAKER_00,32722.667,32723.042,3.0
0.0006417701370082796,0.16849146783351898,1.2348699698350174e-06,4.859509954258101e-05,1.4986217593104811e-05,0.11894282698631287,catatumbo,SPEAKER_00,32723.0,32723.375,3.0
0.0016263981815427542,0.0997110977768898,1.074904787401465e-06,0.7091209292411804,5.0867109166574664e-05,0.001641201670281589,catatumbo,SPEAKER_00,32723.667,32724.042,3.0
0.0003638189227785915,0.14227452874183655,2.0153240498643754e-07,0.28017962723970413,8.475727918266784e-05,0.0005106780445203185,catatumbo,SPEAKER_00,32724.333,32724.708,3.0
0.001670568948611617,0.10348639637231827,9.275142787146251e-07,0.000833694648463279,0.00016286510071950033,0.006350353825837374,catatumbo,SPEAKER_00,32724.667,32725.042,3.0
4.1562838305253536e-05,0.4123840630054474,3.0734562272982657e-07,0.29363711923360825,4.0120592075254535e-06,0.002053183503448963,catatumbo,SPEAKER_00,32725.0,32725.375,3.0
0.00028829730581492186,0.21180793642997742,5.89896231417697e-07,0.0025200166855938733,1.5030814211058896e-05,0.0024235520977526903,catatumbo,SPEAKER_00,32725.333,32725.708,3.0
0.0019373398972675204,0.09638678655028343,1.4016833560503983e-07,0.0015031988732516766,6.250975093280431e-05,0.009747898206114769,catatumbo,UNICO,32725.667,32726.042,3.0
0.0026317741721868515,0.09004843235015869,1.5131233865872673e-07,0.00017933665367309004,4.64900904262322e-06,0.024043671786785126,catatumbo,UNICO,32726.0,32726.375,3.0
0.000271742872428149,0.3834185004234314,2.2448174874512006e-07,0.03570070117712021,0.00019190732564311475,0.001845979131758213,catatumbo,SPEAKER_00,32726.333,32726.708,3.0
0.0004707133921328932,0.26286254823207855,2.866118897770775e-07,0.0003970681573264301,5.295283881423529e-05,0.046519871801137924,catatumbo,SPEAKER_00,32726.667,32727.042,3.0
0.008123459294438362,0.037398649379611015,3.938293957617134e-07,0.0006365581066347659,0.0002971457943203859,0.006499562878161669,catatumbo,SPEAKER_00,32727.333,32727.708,3.0
0.00011169269419042394,0.31632883846759796,1.4827539587258798e-06,0.43442384898662567,0.0002690608089324087,0.0005531448405236006,catatumbo,SPEAKER_00,32727.667,32728.042,3.0
0.0003162523207720369,0.2961788550019264,3.2487622725341225e-07,0.004374967771582305,4.493957248996594e-06,0.0019249008037149906,catatumbo,SPEAKER_00,32728.0,32728.375,3.0
0.0378011092543602,0.054481806233525276,5.123179320776217e-07,0.4810391962528229,2.4266144009743584e-06,0.0018673597369343042,catatumbo,SPEAKER_00,32728.333,32728.708,3.0
0.005337719339877367,0.11584105715155602,2.906098792720968e-07,0.0005193569959374145,1.4648060471245117e-06,0.02704559825360775,catatumbo,SPEAKER_00,32728.667,32729.042,3.0
0.008899148553609848,0.06796192936599255,8.165430358531012e-07,0.012304363772273064,2.9796413400617894e-05,0.0007302381563931704,catatumbo,SPEAKER_00,32729.0,32729.375,3.0
0.0006406076136045158,0.28506961464881897,4.2375759790047596e-07,0.5179851204156876,3.478678081592079e-05,0.0025669445749372244,catatumbo,SPEAKER_00,32729.333,32729.708,3.0
0.00015679895295761526,0.35711905360221863,6.522223756633139e-07,0.005586997838690877,0.000629375979769975,0.0019860563334077597,catatumbo,UNICO,32730.333,32730.708,3.0
9.718915680423379e-05,0.36617620289325714,2.883705079170795e-07,0.21491575986146927,2.542527363402769e-05,0.001698181265965104,catatumbo,UNICO,32730.667,32731.042,3.0
0.0003354927757754922,0.13974019140005112,7.63542871595746e-07,0.0007984241092344746,2.6699696718424093e-05,0.013836497440934181,catatumbo,SPEAKER_00,32731.0,32731.375,3.0
0.00042797456262633204,0.1847725361585617,1.0285817495514493e-06,0.4330127239227295,6.610666241613217e-05,0.0004265545285306871,catatumbo,SPEAKER_00,32731.333,32731.708,3.0
0.0034715100191533566,0.09635067731142044,1.0894194133470592e-06,0.4018370062112808,4.807627192349173e-05,0.0021848424803465605,catatumbo,SPEAKER_00,32731.667,32732.042,3.0
0.00038387050153687596,0.2436952069401741,8.767590387037671e-08,0.011234602192416787,8.6797728727106e-05,0.0024619281757622957,catatumbo,SPEAKER_00,32732.667,32733.042,3.0
0.0012260100338608027,0.07402989082038403,9.440142463290613e-07,0.03786646667867899,0.0002402688332949765,0.0002902361156884581,catatumbo,SPEAKER_00,32733.333,32733.708,3.0
0.0017720034811645746,0.0827043205499649,5.548915567032964e-07,0.48502059280872345,3.493962253742211e-06,0.0014477376826107502,catatumbo,SPEAKER_00,32733.667,32734.042,3.0
0.007571727968752384,0.027545178309082985,9.62421239592004e-07,0.04111817106604576,2.1250510144454893e-05,0.0011831320589408278,catatumbo,SPEAKER_00,32734.0,32734.375,3.0
0.045760415494441986,0.023457417730242014,7.772581582798921e-07,0.3593442440032959,7.063357770675793e-06,0.0011028379667550325,catatumbo,SPEAKER_00,32734.333,32734.708,3.0
0.01188888493925333,0.017507325392216444,8.952526115990622e-07,0.6619752645492554,7.784984290992725e-06,0.00239698588848114,catatumbo,SPEAKER_00,32734.667,32735.042,3.0
0.014225870370864868,0.017377427779138088,6.594795536329912e-07,0.6396658420562744,6.114961934144958e-06,0.003181916195899248,catatumbo,SPEAKER_00,32735.0,32735.375,3.0
0.014112339355051517,0.015472576022148132,4.089389022965406e-07,0.002875295700505376,2.351625539631641e-06,0.005205102264881134,catatumbo,SPEAKER_00,32735.333,32735.708,3.0
0.0019243446877226233,0.068282725289464,1.0607626990122299e-06,0.48192180693149567,1.848188003350515e-05,0.0016816365532577038,catatumbo,SPEAKER_00,32735.667,32736.042,3.0
0.00033257604809477925,0.19967323541641235,7.928636023279978e-07,0.6138731837272644,1.2607735698111355e-05,0.0012964267516508698,catatumbo,SPEAKER_00,32736.333,32736.708,3.0
0.0006926783244125545,0.1131720244884491,8.97402230748412e-07,0.39083443582057953,5.047226522947312e-06,0.0005261670448817313,catatumbo,SPEAKER_00,32736.667,32737.042,3.0
0.002873221877962351,0.06159699335694313,1.9013408376622465e-06,0.0014985002053435892,7.13073732185876e-05,0.004224558360874653,catatumbo,SPEAKER_00,32737.0,32737.375,3.0
0.00047950338921509683,0.1528344377875328,9.124202691168648e-07,0.030614597257226706,9.307151412940584e-05,0.001362937269732356,catatumbo,SPEAKER_00,32737.333,32737.708,3.0
0.0009601397905498743,0.10840187594294548,5.165053025280031e-07,0.014126637950539589,3.3349025216011796e-05,0.0008418402285315096,catatumbo,SPEAKER_00,32737.667,32738.042,3.0
0.0030168925877660513,0.07593955658376217,3.78026026481848e-07,0.003552871523424983,5.117059845360927e-05,0.0023919809609651566,catatumbo,UNICO,32738.0,32738.375,3.0
0.001714155194349587,0.13547194004058838,1.106109309034764e-06,0.01985414745286107,0.00047729240031912923,0.00046921419561840594,catatumbo,UNICO,32738.333,32738.708,3.0
0.0013767705531790853,0.08882343769073486,9.92443851544067e-07,0.011442071525380015,0.0007964225369505584,0.0005135823739692569,catatumbo,UNICO,32738.667,32739.042,3.0
0.0005218599108047783,0.37405480444431305,4.1803437511589436e-07,0.5378115177154541,6.185038000694476e-05,0.003822805592790246,catatumbo,SPEAKER_00,32739.333,32739.708,3.0
0.0007888859254308045,0.16056814789772034,4.2853106663187646e-07,0.010518560651689768,2.47874786509783e-05,0.0010116641642525792,catatumbo,SPEAKER_00,32739.667,32740.042,3.0
0.015716059133410454,0.010239136638119817,6.301044948031631e-07,1.674768736847909e-05,2.142626101431233e-06,0.32469773292541504,catatumbo,SPEAKER_00,32740.0,32740.375,3.0
0.016462786123156548,0.014202510938048363,3.4358250289301395e-07,0.00039706706593278795,3.0933337029637187e-06,0.017768293619155884,catatumbo,SPEAKER_00,32740.333,32740.708,3.0
0.0009032341768033803,0.12192705273628235,8.393700312581132e-07,0.14362508431077003,1.993740806938149e-05,0.0008783199009485543,catatumbo,SPEAKER_00,32740.667,32741.042,3.0
0.0027977735735476017,0.05653970502316952,6.450857057416215e-07,0.0017337268218398094,7.609408839925891e-06,0.012069814838469028,catatumbo,SPEAKER_00,32741.0,32741.375,3.0
0.012298875488340855,0.01654520072042942,8.659603025762408e-07,0.22753529995679855,7.727224328846205e-06,0.0026227415073662996,catatumbo,SPEAKER_00,32741.333,32741.708,3.0
0.008694272488355637,0.04365603718906641,4.2819301881991123e-07,0.00754693360067904,6.745408200004022e-06,0.0032435269095003605,catatumbo,SPEAKER_00,32741.667,32742.042,3.0
0.01449005026370287,0.02028670348227024,5.909597931008648e-07,0.0009230754221789539,2.0543861410260433e-05,0.014957359060645103,catatumbo,UNICO,32742.333,32742.708,3.0
0.003841111436486244,0.03016137331724167,8.330233214337568e-07,0.00037927658559056,1.7490487607574323e-05,0.021930046379566193,catatumbo,UNICO,32742.667,32743.042,3.0
0.004020266700536013,0.04652631841599941,1.2155290960436105e-06,0.0024448110489174724,3.376655558895436e-05,0.00532580865547061,catatumbo,SPEAKER_00,32743.0,32743.375,3.0
0.025364529341459274,0.006994333583861589,4.794529004925607e-07,0.1574902907013893,1.108926596771198e-06,0.003135789418593049,catatumbo,SPEAKER_00,32743.333,32743.708,3.0
0.001103122136555612,0.17738155275583267,6.551879536687011e-07,0.012183998711407185,3.597665454435628e-05,0.0006518110167235136,catatumbo,SPEAKER_00,32743.667,32744.042,3.0
0.02507679909467697,0.02505551651120186,7.927458618439687e-07,0.005475513404235244,2.0729116840811912e-05,0.0017758867470547557,catatumbo,UNICO,32744.0,32744.375,3.0
0.001436496153473854,0.12562831863760948,6.574057209718376e-07,0.46482764184474945,2.6940714633383323e-05,0.002685570390895009,catatumbo,SPEAKER_00,32744.333,32744.708,3.0
0.015035721473395824,0.01956602931022644,5.721201006281262e-07,0.006074966746382415,1.0059654641736415e-05,0.0026112664490938187,catatumbo,SPEAKER_00,32744.667,32745.042,3.0
0.000990360276773572,0.14641578495502472,4.1583588483717904e-07,0.00023784307268215343,6.916318625371787e-06,0.04210243374109268,catatumbo,SPEAKER_00,32745.333,32745.708,3.0
0.0011462070979177952,0.14096476882696152,8.084814879794067e-07,0.016199704259634018,6.574020517291501e-05,0.0015395780792459846,catatumbo,SPEAKER_00,32745.667,32746.042,3.0
0.00270849815569818,0.06370674818754196,1.8990145349562226e-06,0.0054813462775200605,7.990566700755153e-05,0.0015875780954957008,catatumbo,SPEAKER_00,32746.0,32746.375,3.0
0.002239458030089736,0.04686770774424076,3.5508269036199636e-07,0.205555722117424,7.0206765485636424e-06,0.002409766661003232,catatumbo,SPEAKER_00,32746.333,32746.708,3.0
0.0011367211118340492,0.09266390092670918,1.1037030560601124e-06,0.402901753783226,0.0004995324707124382,0.0016481205821037292,catatumbo,SPEAKER_00,32746.667,32747.042,3.0
0.0008370596333406866,0.17483748868107796,9.06542098277896e-07,0.08030794188380241,0.00034411586239002645,0.0004806329379789531,catatumbo,SPEAKER_00,32747.0,32747.375,3.0
0.004306387156248093,0.05648978240787983,6.664534737410577e-07,0.0010559814400039613,0.000220982197788544,0.0040171765722334385,catatumbo,SPEAKER_00,32747.333,32747.708,3.0
0.0017904388951137662,0.1238168254494667,7.581409562362751e-07,0.10252361372113228,7.981176395333023e-06,0.0015471670776605606,catatumbo,SPEAKER_00,32747.667,32748.042,3.0
0.0010870549594983459,0.17713450640439987,4.674660019077237e-07,0.023511091247200966,2.8585408472281415e-05,0.0015150050166994333,catatumbo,SPEAKER_00,32748.333,32748.708,3.0
0.0012670024298131466,0.15517429262399673,3.699425406011869e-07,0.11935630440711975,1.1931413723687e-06,0.005405677482485771,catatumbo,SPEAKER_00,32748.667,32749.042,3.0
0.002704870654270053,0.06443577446043491,9.91374108139098e-07,0.000735901587177068,5.385936219681753e-05,0.006674635224044323,catatumbo,SPEAKER_00,32749.0,32749.375,3.0
0.0031388364732265472,0.09721305966377258,5.50029490398174e-07,0.013641993515193462,2.4514627511962317e-05,0.0004740474687423557,catatumbo,SPEAKER_00,32749.333,32749.708,3.0
0.0007244304870255291,0.21949658542871475,7.191702025011182e-07,0.11240718513727188,1.4605410797230434e-05,0.0005692290724255145,catatumbo,SPEAKER_00,32749.667,32750.042,3.0
0.0028164617251604795,0.03183534927666187,1.1894235427689637e-06,0.16320115327835083,3.971495607402176e-05,0.0002522208960726857,catatumbo,SPEAKER_00,32750.0,32750.375,3.0
0.004449823871254921,0.023512573912739754,8.933560877721902e-07,0.0027893303195014596,2.2175165213411674e-05,0.006085528526455164,catatumbo,SPEAKER_00,32750.333,32750.708,3.0
0.0010017998283728957,0.08558347076177597,1.470979810846984e-06,0.09127360209822655,0.00039913477667141706,0.0006932552205398679,catatumbo,SPEAKER_00,32750.667,32751.042,3.0
0.005590611137449741,0.028738589957356453,1.0619932098165918e-06,0.0009435121028218418,8.604228605690878e-05,0.004499221220612526,catatumbo,SPEAKER_00,32751.333,32751.708,3.0
0.0009588645189069211,0.2777039408683777,4.625976259831077e-07,0.4180179536342621,6.087882138672285e-05,0.00315871462225914,catatumbo,SPEAKER_00,32751.667,32752.042,3.0
0.00138312007766217,0.20931482315063477,5.180133655358077e-07,0.2620437368750572,6.412264883692842e-05,0.0016756432596594095,catatumbo,SPEAKER_00,32752.0,32752.375,3.0
0.0038209755439311266,0.10753806307911873,7.658639304963799e-07,0.049478113651275635,0.00021262787777232006,0.0009641851065680385,catatumbo,SPEAKER_00,32752.333,32752.708,3.0
0.0012840958079323173,0.1172468401491642,4.745828618979431e-07,0.2617845833301544,1.3124614724802086e-05,0.0054413676261901855,catatumbo,SPEAKER_00,32752.667,32753.042,3.0
0.0018223017686977983,0.05813117139041424,3.799357770617462e-07,0.38675037026405334,1.685322672528855e-06,0.007358838338404894,catatumbo,SPEAKER_00,32753.0,32753.375,3.0
0.006788558326661587,0.05795273929834366,5.330139458692429e-07,0.5688934475183487,1.5014074961072765e-05,0.0025663271080702543,catatumbo,SPEAKER_00,32753.333,32753.708,3.0
0.0007806096109561622,0.2157038375735283,3.301216651152572e-07,0.6807482838630676,1.1871200968016637e-05,0.0012852858053520322,catatumbo,SPEAKER_00,32753.667,32754.042,3.0
0.002721545984968543,0.07631533965468407,8.047572208624842e-07,0.09785263612866402,0.00021546166681218892,0.00028177339117974043,catatumbo,SPEAKER_00,32754.333,32754.708,3.0
0.0005667179357260466,0.25065604597330093,5.706796315507745e-07,0.00017906923312693834,1.672339158176328e-05,0.03508024290204048,catatumbo,SPEAKER_00,32754.667,32755.042,3.0
0.0032814948353916407,0.04226210806518793,4.823828518851769e-07,0.0001323922369920183,6.864711849630112e-06,0.0379730649292469,catatumbo,SPEAKER_00,32755.0,32755.375,3.0
0.05283215269446373,0.04303291719406843,1.530244055913954e-07,7.295662669548619e-07,3.647152357899586e-08,0.9527260065078735,catatumbo,SPEAKER_00,32755.333,32755.708,3.0
0.004450737498700619,0.050636205822229385,4.732524025996554e-07,6.151168599899393e-05,3.5846811670126044e-06,0.14180026948451996,catatumbo,SPEAKER_00,32755.667,32756.042,3.0
0.1037931963801384,0.012900306843221188,1.044949414108487e-06,0.0019999867072328925,3.517994628055021e-05,0.001220328500494361,catatumbo,SPEAKER_00,32756.0,32756.375,3.0
0.03365606442093849,0.022525263018906116,4.549199132952708e-07,3.512723469611956e-05,1.189025238090835e-05,0.1871359795331955,catatumbo,SPEAKER_00,32756.333,32756.708,3.0
0.003861550474539399,0.020921209827065468,2.8136472991491246e-06,0.2320524975657463,7.198441016953439e-05,0.0006128232344053686,catatumbo,SPEAKER_00,32756.667,32757.042,3.0
0.0011758462060242891,0.1296120509505272,6.903995597440371e-07,0.016873045824468136,0.00019831451209029183,0.001096736523322761,catatumbo,SPEAKER_00,32757.333,32757.708,3.0
0.0009957776637747884,0.20423470437526703,4.4275950017436116e-07,0.5762881934642792,3.053164527955232e-05,0.0024128430522978306,catatumbo,SPEAKER_00,32757.667,32758.042,3.0
0.013079620897769928,0.03227291349321604,6.180380580644851e-07,0.587338775396347,1.4606191143684555e-05,0.001923879492096603,catatumbo,SPEAKER_00,32758.0,32758.375,3.0
0.023676501587033272,0.025264988653361797,1.4765702971430983e-07,6.410870628315024e-05,5.800508660058767e-07,0.0698189064860344,catatumbo,SPEAKER_00,32758.333,32758.708,3.0
0.10161508619785309,0.016340111382305622,2.4845411772389525e-07,3.882724377035629e-05,5.651133676565223e-07,0.137440487742424,catatumbo,SPEAKER_00,32758.667,32759.042,3.0
0.0031884813215583563,0.06354314647614956,1.1113606319668179e-06,0.3185637593269348,2.8748528166033793e-05,0.0012633813312277198,catatumbo,SPEAKER_00,32759.0,32759.375,3.0
0.0009617946343496442,0.17003608494997025,1.7446135132104246e-06,0.12520527839660645,0.00019088301633019,0.0001538172218715772,catatumbo,SPEAKER_00,32759.333,32759.708,3.0
0.0005212044343352318,0.17238306999206543,8.675132860958001e-07,0.005750334705226123,8.898156011127867e-05,0.0007865371881052852,catatumbo,SPEAKER_00,32759.667,32760.042,3.0
0.005073690786957741,0.04552809149026871,6.420630711545527e-07,0.5795280337333679,1.1537252703419654e-05,0.004881241824477911,catatumbo,SPEAKER_00,32760.333,32760.708,3.0
0.0008090309565886855,0.14906180649995804,6.048452405593707e-07,0.6330346465110779,1.6405646420025732e-05,0.0037216199561953545,catatumbo,SPEAKER_00,32760.667,32761.042,3.0
0.004057134501636028,0.09502372518181801,3.306205123010386e-07,0.2219238430261612,1.1164663646923145e-06,0.0008132042712531984,catatumbo,SPEAKER_00,32761.0,32761.375,3.0
0.021067969501018524,0.04248000308871269,6.318571692531805e-07,0.13563492521643639,8.406112101511098e-06,0.000567769049666822,catatumbo,UNICO,32761.333,32761.708,3.0
0.0005397751228883862,0.15295284241437912,4.088253682255072e-07,0.43443936109542847,4.037408189105918e-06,0.0026142806746065617,catatumbo,UNICO,32761.667,32762.042,3.0
0.019349701702594757,0.03374227695167065,3.40760081485314e-07,0.4501478672027588,7.025695083484607e-07,0.0051332684233784676,catatumbo,SPEAKER_00,32762.0,32762.375,3.0
0.0036385320127010345,0.04722290486097336,8.520260479372155e-07,0.4946357011795044,4.49337294412544e-05,0.002900189021602273,catatumbo,SPEAKER_00,32762.333,32762.708,3.0
0.00109408691059798,0.12167545035481453,4.3598932819577385e-07,0.0006673820898868144,1.3582590781879844e-05,0.008267644792795181,catatumbo,SPEAKER_00,32762.667,32763.042,3.0
0.002639525569975376,0.04714258201420307,4.708471443848339e-07,0.00045011316251475364,5.608739229501225e-06,0.012782575562596321,catatumbo,SPEAKER_00,32763.333,32763.708,3.0
0.00615318538621068,0.03472945559769869,7.843805249763136e-07,0.00011345126767992042,1.64733964993502e-05,0.026492107659578323,catatumbo,SPEAKER_00,32763.667,32764.042,3.0
0.03433394432067871,0.027967159636318684,5.336448793968884e-07,0.00033171114046126604,3.333848417241825e-05,0.005615042522549629,catatumbo,SPEAKER_00,32764.0,32764.375,3.0
0.0046403901651501656,0.049356697127223015,6.018362626036833e-07,0.0005683038179995492,4.429421096574515e-06,0.048743054270744324,catatumbo,SPEAKER_00,32764.333,32764.708,3.0
0.009634044021368027,0.03978251665830612,9.147800739128797e-07,0.0025393252726644278,3.4077244890795555e-05,0.0037894551642239094,catatumbo,SPEAKER_00,32764.667,32765.042,3.0
0.01774645410478115,0.0679361168295145,2.756486985333595e-07,3.333497176072342e-07,4.38115748124801e-08,0.9847135543823242,catatumbo,SPEAKER_00,32765.0,32765.375,3.0
0.032738860696554184,0.01295976946130395,3.67814735113825e-07,2.3803304429748096e-06,1.223286627549669e-07,0.750597357749939,catatumbo,SPEAKER_00,32765.333,32765.708,3.0
0.017508892342448235,0.018812719732522964,5.744759832282398e-07,2.118801558026462e-05,8.332769311891752e-06,0.08687948435544968,catatumbo,SPEAKER_00,32765.667,32766.042,3.0
0.016748234629631042,0.01857935544103384,1.17849755554289e-06,0.04092330206185579,6.152794048830401e-05,0.00024053554807323962,catatumbo,SPEAKER_00,32766.333,32766.708,3.0
0.0013478511245921254,0.06951146945357323,1.2571342011824527e-06,0.00016933812730712816,0.00010269192534906324,0.006564744282513857,catatumbo,SPEAKER_00,32766.667,32767.042,3.0
0.0007911771535873413,0.09024661779403687,9.005861798527803e-07,7.798292062943801e-05,2.794289594021393e-05,0.0353512167930603,catatumbo,SPEAKER_00,32767.0,32767.375,3.0
0.0007764528272673488,0.18214713037014008,6.819382463163493e-07,0.03506570961326361,0.00010577979264780879,0.00507136108353734,catatumbo,SPEAKER_00,32767.333,32767.708,3.0
0.0014565067831426859,0.10724089667201042,1.8600627953446747e-06,0.01288197748363018,0.0012609096011146903,0.0003129172546323389,catatumbo,SPEAKER_00,32767.667,32768.042,3.0
0.0019962547812610865,0.07248526811599731,1.2027798703684311e-06,0.01161350728943944,0.0006122842751210555,0.00036666012601926923,catatumbo,UNICO,32768.0,32768.375,3.0
0.0013843964552506804,0.12121480330824852,1.2865760652402969e-06,0.003877448383718729,0.0006785234436392784,0.0006866090116091073,catatumbo,UNICO,32768.333,32768.708,3.0
0.001854246947914362,0.07282200828194618,7.111023094807933e-07,0.00022565612744074315,2.8762709007423837e-05,0.01800037920475006,catatumbo,UNICO,32768.667,32769.042,3.0
0.0072669596411287785,0.06265032105147839,3.1740709616201457e-07,0.007024106802418828,8.186690820366493e-06,0.0007684658048674464,catatumbo,SPEAKER_00,32769.333,32769.708,3.0
0.0046903761103749275,0.07333266735076904,4.949910987761541e-07,4.3033627662225626e-05,1.2324633189564338e-05,0.026318030431866646,catatumbo,SPEAKER_00,32769.667,32770.042,3.0
0.001632565981708467,0.08636169135570526,1.059318492480088e-06,0.0003066876233788207,9.892382149701007e-05,0.005896860267966986,catatumbo,SPEAKER_00,32770.0,32770.375,3.0
0.007024326361715794,0.03311664052307606,7.590781194721785e-07,0.31242409348487854,1.7461238712712657e-05,0.0018942045280709863,catatumbo,SPEAKER_00,32770.333,32770.708,3.0
0.0015942484606057405,0.08475498855113983,6.908122998083854e-07,0.05043799802660942,6.648419457633281e-06,0.0012914127437397838,catatumbo,SPEAKER_00,32770.667,32771.042,3.0
0.01664588786661625,0.017807363532483578,5.70868621707632e-07,0.00030767467978876084,1.0223907338513527e-05,0.005981333553791046,catatumbo,SPEAKER_00,32771.0,32771.375,3.0
0.005527115892618895,0.03800143115222454,9.202016428844217e-07,0.5083043277263641,1.0403729902463965e-05,0.001446008333005011,catatumbo,SPEAKER_00,32771.333,32771.708,3.0
0.001405977876856923,0.12323185801506042,3.9787303762750525e-07,0.610371544957161,2.7203070658288198e-06,0.008236783556640148,catatumbo,SPEAKER_00,32771.667,32772.042,3.0
0.01958641968667507,0.0207221619784832,3.3503205543183867e-07,0.013925801496952772,1.37490078486735e-05,0.0007562317769043148,catatumbo,SPEAKER_00,32772.333,32772.708,3.0
0.007337052375078201,0.04074267856776714,6.644301535629893e-07,0.00419078441336751,4.283059934095945e-05,0.0005618495051749051,catatumbo,SPEAKER_00,32772.667,32773.042,3.0
0.0005799667560495436,0.16609810292720795,2.975266486515693e-07,3.562457550287945e-05,1.1049373256355466e-06,0.08689477294683456,catatumbo,SPEAKER_00,32773.0,32773.375,3.0
0.0007357512949965894,0.125169787555933,5.831819507307046e-07,0.22209466993808746,6.314468009804841e-06,0.0013168531004339457,catatumbo,SPEAKER_00,32773.333,32773.708,3.0
0.000980533310212195,0.11940021067857742,4.135322200227165e-07,0.021572673227638006,7.072676453390159e-06,0.0014531818451359868,catatumbo,SPEAKER_00,32773.667,32774.042,3.0
0.005036806222051382,0.044237369671463966,4.353700759907042e-07,0.32545479387044907,1.3795990980725037e-06,0.00629317294806242,catatumbo,SPEAKER_00,32774.0,32774.375,3.0
0.0022338777780532837,0.08655691519379616,5.795592272761496e-07,0.12052148580551147,9.744671842781827e-06,0.0016801721649244428,catatumbo,SPEAKER_00,32774.333,32774.708,3.0
0.0026472292374819517,0.10142794251441956,6.509980323698983e-07,0.00877622957341373,5.807162233395502e-05,0.0005552737275138497,catatumbo,SPEAKER_00,32774.667,32775.042,3.0
0.0034361553844064474,0.08653849363327026,4.2923189269572504e-07,1.615230075913132e-05,1.3048398557202745e-06,0.217986598610878,catatumbo,SPEAKER_00,32775.333,32775.708,3.0
0.011304487474262714,0.030876140110194683,3.937132753151218e-07,0.0006340637628454715,4.589390982800978e-06,0.006677791476249695,catatumbo,SPEAKER_00,32775.667,32776.042,3.0
0.00033418432576581836,0.1964619979262352,5.558351716672405e-07,4.648094727599528e-05,2.233977852483804e-06,0.11208166182041168,catatumbo,SPEAKER_00,32776.0,32776.375,3.0
0.001322022988460958,0.1772548109292984,5.033898773376677e-07,0.485659584403038,3.771551291720243e-06,0.0016667615855112672,catatumbo,SPEAKER_00,32776.333,32776.708,3.0
0.024512989446520805,0.03510250337421894,4.1568154074411723e-07,0.0019553033052943647,3.985130388173275e-05,0.0011300536571070552,catatumbo,SPEAKER_00,32776.667,32777.042,3.0
0.001171845244243741,0.05378434993326664,1.9491279772410053e-06,0.2201732024550438,0.0001020853451336734,0.0005276943556964397,catatumbo,SPEAKER_00,32777.0,32777.375,3.0
0.003177112201228738,0.04623059928417206,3.658109761772721e-07,0.0007735736144240946,1.71563397088903e-06,0.019393442198634148,catatumbo,SPEAKER_00,32777.333,32777.708,3.0
0.003158244537189603,0.0577703807502985,4.154765562702778e-07,6.524560012621805e-05,9.286026170229889e-06,0.043038301169872284,catatumbo,SPEAKER_00,32777.667,32778.042,3.0
0.0026387914549559355,0.1385069042444229,3.028818653660892e-07,0.0029646699549630284,6.004928081893013e-06,0.00614187540486455,catatumbo,UNICO,32778.333,32778.708,3.0
0.002933325245976448,0.05200655944645405,6.427204368719686e-07,0.18561125546693802,1.546845760458382e-05,0.0011238412698730826,catatumbo,UNICO,32778.667,32779.042,3.0
0.001751249423250556,0.07027573883533478,7.666875205813994e-07,0.25464165210723877,7.347204473262536e-06,0.001419794512912631,catatumbo,SPEAKER_00,32779.0,32779.375,3.0
0.004491215106099844,0.07403662614524364,6.314150482467085e-07,0.31518104672431946,5.67997039979673e-06,0.0023829368874430656,catatumbo,SPEAKER_00,32779.333,32779.708,3.0
0.0060362801887094975,0.06255697272717953,3.623443696199047e-07,1.90744094652473e-05,6.049641712024822e-07,0.416181355714798,catatumbo,SPEAKER_00,32779.667,32780.042,3.0
0.0066329604014754295,0.013584536034613848,1.6483318461268937e-06,0.0008436117204837501,0.00010901744826696813,0.003483355976641178,catatumbo,SPEAKER_00,32780.0,32780.375,3.0
0.0017247390933334827,0.05474073626101017,6.456733174786677e-07,0.0004328482609707862,3.334860230097547e-05,0.020049970597028732,catatumbo,SPEAKER_00,32780.333,32780.708,3.0
0.019037220627069473,0.016998148523271084,6.640282208536519e-07,0.2685754597187042,1.747408930441452e-06,0.00447827996686101,catatumbo,SPEAKER_00,32780.667,32781.042,3.0
0.001606470555998385,0.05647744983434677,1.323170664591089e-06,0.2858557403087616,1.8428645944368327e-05,0.001231921254657209,catatumbo,SPEAKER_00,32781.333,32781.708,3.0
0.0048474883660674095,0.04044728958979249,1.2629771788397193e-06,0.5238157212734222,2.8878122066089418e-05,0.0008438620716333389,catatumbo,SPEAKER_00,32781.667,32782.042,3.0
0.008028681389987469,0.014344788156449795,1.537493417913538e-06,0.007248294306918979,0.00047560155508108437,0.0003809089830610901,catatumbo,SPEAKER_00,32782.0,32782.375,3.0
0.04273972287774086,0.010499332565814257,1.927035839344171e-06,0.45600198209285736,0.0001171663316199556,0.0002928505709860474,catatumbo,SPEAKER_00,32782.333,32782.708,3.0
0.017759133130311966,0.01616585999727249,7.609676515585306e-07,0.0003407668409636244,4.8535051064391155e-05,0.019909460097551346,catatumbo,SPEAKER_00,32782.667,32783.042,3.0
0.004820759873837233,0.01492115342989564,3.505534806436117e-06,0.005634552799165249,0.00022461464686784893,0.001876626629382372,catatumbo,SPEAKER_00,32783.0,32783.375,3.0
0.0019839401356875896,0.06224934756755829,1.2556760964343994e-06,0.40995849668979645,2.075553948088782e-05,0.0029875263571739197,catatumbo,SPEAKER_00,32783.333,32783.708,3.0
0.0029417299665510654,0.06085645779967308,4.159665536462853e-07,2.0149030206084717e-05,6.467765388151747e-06,0.19236935675144196,catatumbo,SPEAKER_00,32783.667,32784.042,3.0
0.0015782170230522752,0.1438915878534317,5.655490156186715e-07,0.2166072428226471,4.838701897824649e-06,0.0021907726768404245,catatumbo,SPEAKER_00,32784.333,32784.708,3.0
0.0022989530116319656,0.08356904238462448,6.819743134656164e-07,0.24928943067789078,0.0003609018895076588,0.0003883005410898477,catatumbo,SPEAKER_00,32784.667,32785.042,3.0
0.0037332416977733374,0.07823113352060318,3.1151203216950307e-07,0.0003215358592569828,1.8801743522089964e-06,0.02070009894669056,catatumbo,SPEAKER_00,32785.0,32785.375,3.0
0.021036731079220772,0.0066312747076153755,6.426711962603804e-07,0.00011624420221778564,1.4792140518693486e-05,0.02887442149221897,catatumbo,SPEAKER_00,32785.333,32785.708,3.0
0.03648446872830391,0.01123671093955636,4.3876173094758997e-07,0.453009232878685,4.943213980368455e-06,0.008421013131737709,catatumbo,SPEAKER_00,32785.667,32786.042,3.0
0.004707366693764925,0.04052428528666496,8.742742849676688e-07,5.698195946024498e-05,3.6884929954794643e-06,0.059611398726701736,catatumbo,SPEAKER_00,32786.0,32786.375,3.0
0.005132769234478474,0.10572365671396255,5.223154033728861e-07,0.004530760459601879,0.00024569766537752,0.0024322327226400375,catatumbo,SPEAKER_00,32824.667,32825.042,3.0
0.0014810925349593163,0.16851284354925156,2.2428480406233575e-07,2.268547234507423e-07,1.2791653958288407e-07,0.9748731851577759,catatumbo,SPEAKER_00,32825.0,32825.375,3.0
0.004123844671994448,0.049165939912199974,8.811958736032466e-07,0.022820916958153248,0.00017753974680090323,0.00033070557401515543,catatumbo,SPEAKER_00,32825.333,32825.708,3.0
0.008573252707719803,0.033807617612183094,2.660736875270686e-07,1.0893518265220337e-05,2.977961798933393e-06,0.3645993769168854,catatumbo,SPEAKER_00,32825.667,32826.042,3.0
0.004520897753536701,0.08111108839511871,4.6504305117878175e-07,0.008798785042017698,4.1013344343809877e-05,0.0011552924988791347,catatumbo,SPEAKER_00,32826.333,32826.708,3.0
0.004538022913038731,0.08339525014162064,5.463245429382368e-07,0.050758544355630875,0.0001267806401301641,0.0009145657531917095,catatumbo,SPEAKER_00,32826.667,32827.042,3.0
0.00043143611401319504,0.26879285275936127,7.773366341723431e-07,0.008089827373623848,3.0742572562303394e-05,0.0008237718720920384,catatumbo,SPEAKER_00,32827.0,32827.375,3.0
0.00018558108422439545,0.3179558888077736,2.7473954489209973e-07,4.580096742756723e-06,1.8658311518038317e-07,0.7875609993934631,catatumbo,SPEAKER_00,32827.333,32827.708,3.0
0.013925696723163128,0.06010242737829685,2.394111966452783e-07,1.263886088054278e-05,3.5856872671047313e-07,0.24839936196804047,catatumbo,SPEAKER_00,32827.667,32828.042,3.0
0.00038471585139632225,0.2620782181620598,7.158334973667024e-07,0.21007415652275085,2.87640759779606e-05,0.00047859689220786095,catatumbo,SPEAKER_00,32828.0,32828.375,3.0
0.0002854515623766929,0.35098956525325775,7.117727989225386e-07,0.1994941309094429,1.363073306492879e-05,0.00022451225959230214,catatumbo,SPEAKER_00,32828.333,32828.708,3.0
0.0013956158654764295,0.21537332236766815,4.019697481538742e-07,0.12121747806668282,1.5568213029837352e-06,0.0003323966811876744,catatumbo,SPEAKER_00,32828.667,32829.042,3.0
0.001782942097634077,0.06348526664078236,2.265288578939817e-07,0.004257846274413168,2.765648787317332e-05,0.002592520322650671,catatumbo,SPEAKER_00,32829.333,32829.708,3.0
0.002499705646187067,0.06390652805566788,4.1125399974362153e-07,0.2641986757516861,1.4194434697856195e-05,0.0017473938642069697,catatumbo,SPEAKER_00,32829.667,32830.042,3.0
0.0017468101577833295,0.18947136402130127,3.697057167073581e-07,0.3493645638227463,0.0002439777017571032,0.002551338402554393,catatumbo,SPEAKER_00,32830.0,32830.375,3.0
0.0013459597248584032,0.268637515604496,7.30070581766995e-07,0.11567896232008934,0.00011880684542120434,0.0005368430865928531,catatumbo,SPEAKER_00,32830.333,32830.708,3.0
0.000549397780559957,0.2886836677789688,5.29468238141817e-07,0.45730923116207123,8.590412107878365e-05,0.002404532628133893,catatumbo,SPEAKER_00,32830.667,32831.042,3.0
0.0002909683680627495,0.19197987765073776,6.696786272186728e-07,0.24654513597488403,0.0006020191358402371,0.0005033282213844359,catatumbo,UNICO,32831.0,32831.375,3.0
0.0013422351330518723,0.2039114162325859,7.414077316525436e-07,0.01921449415385723,0.0003525561623973772,0.00032952288165688515,catatumbo,UNICO,32831.333,32831.708,3.0
0.0008798213093541563,0.21999140828847885,3.9575774835043376e-07,0.00603663525544107,2.3965174477780238e-05,0.00160409533418715,catatumbo,UNICO,32831.667,32832.042,3.0
0.0006142728962004185,0.32624000310897827,1.9003523732408212e-07,0.0008304636867251247,2.5647405891504604e-05,0.010053426958620548,catatumbo,SPEAKER_00,32832.333,32832.708,3.0
0.0017243580659851432,0.02741704322397709,1.0261793619292803e-06,0.5247810781002045,1.0096419373439858e-05,0.0013678199611604214,catatumbo,SPEAKER_00,32832.667,32833.042,3.0
0.0020379701163619757,0.12537599727511406,4.853625696910058e-07,0.570235401391983,3.681954922285513e-06,0.0003854893730022013,catatumbo,SPEAKER_00,32833.0,32833.375,3.0
0.0007426667143590748,0.04845893941819668,9.681683508233618e-07,0.2753871753811836,0.00047872535651549697,0.0004059122584294528,catatumbo,SPEAKER_00,32833.333,32833.708,3.0
0.0022133872844278812,0.05258830077946186,4.6512204932014356e-07,0.001814951072447002,6.091256727813743e-05,0.0021474312525242567,catatumbo,SPEAKER_00,32833.667,32834.042,3.0
0.0009746788418851793,0.16068585962057114,4.544355753921536e-07,0.017278488259762526,3.1059491902851732e-06,0.002481462201103568,catatumbo,SPEAKER_00,32834.0,32834.375,3.0
0.0014517938252538443,0.09990490600466728,6.894460327089291e-07,5.802710438729264e-05,1.8456797533872304e-05,0.13135944306850433,catatumbo,SPEAKER_00,32834.333,32834.708,3.0
0.0028286052402108908,0.041456520557403564,4.5069839416100876e-07,7.993734129740915e-06,6.744469601471792e-06,0.39873579144477844,catatumbo,SPEAKER_00,32834.667,32835.042,3.0
0.016423679888248444,0.010569903301075101,2.4030626946114353e-06,0.0002667961234692484,0.0012167184031568468,0.019996199756860733,catatumbo,SPEAKER_00,32835.333,32835.708,3.0
0.00015192128194030374,0.31276785582304,1.7610549463142888e-07,0.004536320688202977,0.0014795066672377288,0.003733694087713957,catatumbo,SPEAKER_00,32835.667,32836.042,3.0
0.0014119517290964723,0.14729859307408333,4.067649932437689e-07,0.00019876781152561307,5.0652561185415834e-05,0.014241612516343594,catatumbo,SPEAKER_00,32836.0,32836.375,3.0
0.0010976865887641907,0.16047802567481995,2.325196462038548e-07,0.0005256877630017698,0.0001525941042928025,0.00794470775872469,catatumbo,SPEAKER_00,32836.333,32836.708,3.0
0.0026687155477702618,0.0849937628954649,4.29155662118319e-07,0.0067855240777134895,4.131341302127112e-05,0.0012362947454676032,catatumbo,UNICO,32836.667,32837.042,3.0
0.0036609370727092028,0.0384000763297081,6.109466710313427e-07,0.4694843292236328,3.5185363458367647e-06,0.0035343561321496964,catatumbo,SPEAKER_00,32837.0,32837.375,3.0
0.004738871473819017,0.04073980636894703,9.498114721395723e-07,0.08462497964501381,0.0009944287594407797,0.00017434886831324548,catatumbo,SPEAKER_00,32837.333,32837.708,3.0
0.000802805065177381,0.11658050119876862,2.416986859543613e-07,0.5693613290786743,2.0024896912218537e-05,0.0023451598826795816,catatumbo,SPEAKER_00,32837.667,32838.042,3.0
0.007174815982580185,0.029679120518267155,2.6981847867091346e-07,0.595520555973053,7.857099262764677e-06,0.006218978203833103,catatumbo,SPEAKER_00,32838.333,32838.708,3.0
0.0018031708896160126,0.058690786361694336,2.897018909209237e-07,0.34531283378601074,9.213611065206351e-07,0.005681786686182022,catatumbo,SPEAKER_00,32838.667,32839.042,3.0
0.01449009869247675,0.04572434909641743,2.433941190815858e-07,0.00013313363160705194,1.080793254004675e-05,0.019433708861470222,catatumbo,SPEAKER_00,32839.0,32839.375,3.0
0.18810732662677765,0.004064079490490258,3.6476270537377786e-07,0.03762510512024164,2.399165964561689e-06,0.0005667284713126719,catatumbo,SPEAKER_00,32839.333,32839.708,3.0
0.0004991221940144897,0.23960760980844498,1.7213364600365821e-07,0.011827775277197361,6.530553764605429e-05,0.000683881517034024,catatumbo,SPEAKER_00,32839.667,32840.042,3.0
0.0004183477722108364,0.15325326845049858,1.8242500487986035e-07,0.031319075264036655,0.00013701101852348074,0.0014371509896591306,catatumbo,SPEAKER_00,32840.0,32840.375,3.0
0.01268195454031229,0.040534427389502525,3.167372710777272e-07,0.40834228694438934,8.69631435307383e-06,0.0032044993713498116,catatumbo,SPEAKER_00,32840.333,32840.708,3.0
0.014607610180974007,0.027718151453882456,2.2610088379337867e-07,0.0004283553716959432,6.7340238274482545e-06,0.013795572333037853,catatumbo,SPEAKER_00,32840.667,32841.042,3.0
0.002631418639793992,0.06238264590501785,4.341764672233239e-07,0.0009943176119122654,2.247331758553628e-05,0.002527521690353751,catatumbo,SPEAKER_00,32841.333,32841.708,3.0
0.0042170993983745575,0.07435647770762444,3.8700336801866797e-07,1.2991580206289655e-05,4.108374810130044e-06,0.20544250309467316,catatumbo,SPEAKER_00,32841.667,32842.042,3.0
0.0003024761099368334,0.12431318685412407,5.912811289476849e-07,0.049155374988913536,0.00028597110940609127,0.00013617961667478085,catatumbo,SPEAKER_00,32842.0,32842.375,3.0
0.001553329755552113,0.06622518971562386,4.2785644183140903e-07,0.5116588324308395,3.6556504028339987e-06,0.004401111043989658,catatumbo,SPEAKER_00,32842.333,32842.708,3.0
0.003469053190201521,0.06230199709534645,6.237431477984501e-07,0.1397293582558632,0.00025372644449817017,0.00041524964035488665,catatumbo,SPEAKER_00,32842.667,32843.042,3.0
0.0012309788726270199,0.1475490666925907,4.4024713474755117e-07,0.46623992919921875,5.296435347190709e-06,0.0049616191536188126,catatumbo,SPEAKER_00,32843.0,32843.375,3.0
0.05906561389565468,0.009787980641704053,2.486174253135687e-07,1.3772207694273675e-05,2.3495833829656476e-06,0.41263526678085327,catatumbo,SPEAKER_00,32843.333,32843.708,3.0
0.0045957909896969795,0.06092887558043003,1.2001221705304488e-06,0.4014708995819092,3.883345198119059e-05,0.0004709788190666586,catatumbo,SPEAKER_00,32843.667,32844.042,3.0
0.0024504726752638817,0.08032635226845741,5.615065248321116e-07,0.5244877338409424,8.717557648196816e-06,0.0032487723510712385,catatumbo,SPEAKER_00,32844.333,32844.708,3.0
0.001446270733140409,0.09334704652428627,1.1849108147998777e-06,0.4301178902387619,0.0012269653961993754,0.00042155603296123445,catatumbo,SPEAKER_00,32844.667,32845.042,3.0
0.009515197947621346,0.08329321816563606,8.610155362021032e-07,0.04134671203792095,0.0007571623427793384,0.0018931067315861583,catatumbo,SPEAKER_00,32845.0,32845.375,3.0
0.00586506025865674,0.02482833620160818,4.32466869426662e-07,0.003661351976916194,2.102110511259525e-05,0.0058506508357822895,catatumbo,SPEAKER_00,32845.333,32845.708,3.0
0.0028735646046698093,0.03943901974707842,7.334779468237684e-07,0.029261470772325993,0.00016321257135132328,0.0004084303218405694,catatumbo,SPEAKER_00,32845.667,32846.042,3.0
0.0032579652033746243,0.07252667425200343,3.9353835745714605e-07,0.006294328020885587,5.893182606087066e-05,0.0018833392532542348,catatumbo,SPEAKER_00,32846.0,32846.375,3.0
0.0023775764275342226,0.050465491600334644,4.6760836980297427e-07,0.0019227330340072513,1.911793151521124e-05,0.0041572051122784615,catatumbo,SPEAKER_00,32846.333,32846.708,3.0
0.0019472871208563447,0.06679102592170238,1.2117941849965064e-06,0.0004151002867729403,0.00016540167416678742,0.009021153673529625,catatumbo,SPEAKER_00,32846.667,32847.042,3.0
0.002650580136105418,0.08918623253703117,4.983211852049863e-07,0.00011258901395194698,0.00010993815885740332,0.04459971562027931,catatumbo,SPEAKER_00,32847.333,32847.708,3.0
0.0006731519824825227,0.17440395057201385,7.450322243585106e-07,0.0019671875052154064,7.26055459381314e-05,0.0034717556554824114,catatumbo,UNICO,32847.667,32848.042,3.0
0.0010036149760708213,0.09795084968209267,9.275265426822443e-07,0.0006317596416920424,4.937226549373008e-05,0.00335297710262239,catatumbo,UNICO,32848.0,32848.375,3.0
0.0015620399499312043,0.09553764387965202,6.394546971932868e-07,0.4876471757888794,7.175441351137124e-05,0.0015181322814896703,catatumbo,SPEAKER_00,32848.333,32848.708,3.0
0.001455002697184682,0.1377701722085476,1.4537699044581132e-07,6.200928510224912e-05,3.004427711061908e-07,0.594619631767273,catatumbo,SPEAKER_00,32848.667,32849.042,3.0
0.0007996373460628092,0.09570639580488205,1.557804253593531e-06,0.10781270638108253,0.0003450890362728387,0.00024028844200074673,catatumbo,SPEAKER_00,32849.0,32849.375,3.0
0.00301138823851943,0.06807230599224567,5.397095321768575e-07,0.0006635000027017668,3.412756268517114e-05,0.026064544916152954,catatumbo,SPEAKER_00,32849.333,32849.708,3.0
0.0016929785488173366,0.07918038032948971,1.1538122492993352e-06,0.006681524449959397,8.329747288371436e-05,0.0006100466707721353,catatumbo,SPEAKER_00,32849.667,32850.042,3.0
0.006387455854564905,0.06686969101428986,9.714909623426138e-07,0.021606367081403732,3.915071101801004e-05,0.001058124820701778,catatumbo,SPEAKER_00,32850.333,32850.708,3.0
0.006359911523759365,0.04406905174255371,9.004525622913206e-07,0.0016182237886823714,4.24464442403405e-05,0.002232777886092663,catatumbo,SPEAKER_00,32850.667,32851.042,3.0
0.003575146896764636,0.07775216177105904,4.862622375867431e-07,0.040724098682403564,1.4001443105371436e-05,0.0037823929451406,catatumbo,SPEAKER_00,32851.0,32851.375,3.0
0.002363614272326231,0.07813991606235504,5.219332734895943e-07,0.0005982735747238621,2.000747190322727e-05,0.017358459532260895,catatumbo,SPEAKER_00,32851.333,32851.708,3.0
0.001743676490150392,0.12175159901380539,6.560857315207613e-07,0.007686333730816841,1.1892203474417329e-05,0.0027541625313460827,catatumbo,SPEAKER_00,32851.667,32852.042,3.0
0.002952003851532936,0.06062851846218109,5.810185896848452e-07,0.00227718660607934,1.3254461009637453e-05,0.0037223948165774345,catatumbo,SPEAKER_00,32852.0,32852.375,3.0
0.006966493558138609,0.030407465063035488,4.6001706976994683e-07,3.413592730794335e-05,9.457295163883828e-06,0.30693507194519043,catatumbo,SPEAKER_00,32852.333,32852.708,3.0
0.004642469808459282,0.03897950518876314,5.82084396683058e-07,2.6473894649825525e-05,1.3606719221570529e-05,0.22385939955711365,catatumbo,SPEAKER_00,32852.667,32853.042,3.0
0.0013215296203270555,0.13772279769182205,9.92439581182225e-07,0.0006763233104720712,0.0003589349507819861,0.0012580766342580318,catatumbo,SPEAKER_00,32853.333,32853.708,3.0
0.0002507269091438502,0.25538501888513565,5.393168720502217e-07,0.005133357481099665,0.0002479941977071576,0.0003688012366183102,catatumbo,SPEAKER_00,32853.667,32854.042,3.0
0.003010870423167944,0.029847534373402596,1.1305392462190866e-06,3.583470152079826e-05,5.4656967222399544e-05,0.17185325920581818,catatumbo,SPEAKER_00,32854.0,32854.375,3.0
0.002870477270334959,0.10240022838115692,3.9068493862259857e-07,1.0081198752232012e-05,1.4976720308368385e-06,0.6645148396492004,catatumbo,SPEAKER_00,32854.333,32854.708,3.0
0.0016238389071077108,0.06746798381209373,6.715300955306702e-07,0.04811393283307552,3.297688999737147e-05,0.0012262745294719934,catatumbo,SPEAKER_00,32854.667,32855.042,3.0
0.004814481362700462,0.03266200516372919,8.959895723137379e-07,0.004230802180245519,3.865866347041447e-05,0.0016860227333381772,catatumbo,SPEAKER_00,32855.0,32855.375,3.0
0.0014111242489889264,0.11643422394990921,7.425671704197612e-07,0.007856953656300902,4.5947288526804186e-05,0.0006485590129159391,catatumbo,SPEAKER_00,32855.333,32855.708,3.0
0.0016555680194869637,0.0952903963625431,1.0680795767825657e-06,0.038684540428221226,8.542758951080032e-05,0.00019750191131606698,catatumbo,SPEAKER_00,32855.667,32856.042,3.0
0.0031830284278839827,0.11898041889071465,1.028481122489211e-06,0.0014468347653746605,0.0001719578795018606,0.0021850194316357374,catatumbo,SPEAKER_00,32856.333,32856.708,3.0
0.0009964960627257824,0.08722321689128876,7.842261311452603e-07,0.12408671528100967,5.1681132390513085e-05,0.0009743320406414568,catatumbo,SPEAKER_00,32856.667,32857.042,3.0
0.0005857916548848152,0.1531919129192829,6.700500279066546e-07,0.0008025830320548266,6.683842184429523e-05,0.004162410274147987,catatumbo,SPEAKER_00,32857.0,32857.375,3.0
0.006223715841770172,0.03409993927925825,3.7004395636586196e-07,3.4093785643563024e-06,1.4612694201332488e-06,0.744450569152832,catatumbo,SPEAKER_00,32857.333,32857.708,3.0
0.0012685698457062244,0.06493441946804523,3.6247478618633977e-07,9.218515742759337e-06,4.623033191819559e-07,0.801478922367096,catatumbo,SPEAKER_00,32857.667,32858.042,3.0
0.0009980852482840419,0.10113778710365295,4.445719028467465e-07,8.944999535742681e-06,1.5365674244094407e-05,0.13307590782642365,catatumbo,SPEAKER_00,32858.0,32858.375,3.0
0.00207519787363708,0.06500468216836452,4.799842052705117e-07,7.787717322571552e-06,3.3867496540551656e-06,0.2089632749557495,catatumbo,SPEAKER_00,32858.333,32858.708,3.0
0.008710363879799843,0.03443251922726631,5.335179693588543e-07,3.590863616409479e-05,1.663285911490675e-05,0.18249408900737762,catatumbo,SPEAKER_00,32858.667,32859.042,3.0
