F0semitoneFrom27.5Hz_sma3nz_amean,F0semitoneFrom27.5Hz_sma3nz_stddevNorm,F0semitoneFrom27.5Hz_sma3nz_percentile20.0,F0semitoneFrom27.5Hz_sma3nz_percentile50.0,F0semitoneFrom27.5Hz_sma3nz_percentile80.0,F0semitoneFrom27.5Hz_sma3nz_pctlrange0-2,F0semitoneFrom27.5Hz_sma3nz_meanRisingSlope,F0semitoneFrom27.5Hz_sma3nz_stddevRisingSlope,F0semitoneFrom27.5Hz_sma3nz_meanFallingSlope,F0semitoneFrom27.5Hz_sma3nz_stddevFallingSlope,loudness_sma3_amean,loudness_sma3_stddevNorm,loudness_sma3_percentile20.0,loudness_sma3_percentile50.0,loudness_sma3_percentile80.0,loudness_sma3_pctlrange0-2,loudness_sma3_meanRisingSlope,loudness_sma3_stddevRisingSlope,loudness_sma3_meanFallingSlope,loudness_sma3_stddevFallingSlope,spectralFlux_sma3_amean,spectralFlux_sma3_stddevNorm,mfcc1_sma3_amean,mfcc1_sma3_stddevNorm,mfcc2_sma3_amean,mfcc2_sma3_stddevNorm,mfcc3_sma3_amean,mfcc3_sma3_stddevNorm,mfcc4_sma3_amean,mfcc4_sma3_stddevNorm,jitterLocal_sma3nz_amean,jitterLocal_sma3nz_stddevNorm,shimmerLocaldB_sma3nz_amean,shimmerLocaldB_sma3nz_stddevNorm,HNRdBACF_sma3nz_amean,HNRdBACF_sma3nz_stddevNorm,logRelF0-H1-H2_sma3nz_amean,logRelF0-H1-H2_sma3nz_stddevNorm,logRelF0-H1-A3_sma3nz_amean,logRelF0-H1-A3_sma3nz_stddevNorm,F1frequency_sma3nz_amean,F1frequency_sma3nz_stddevNorm,F1bandwidth_sma3nz_amean,F1bandwidth_sma3nz_stddevNorm,F1amplitudeLogRelF0_sma3nz_amean,F1amplitudeLogRelF0_sma3nz_stddevNorm,F2frequency_sma3nz_amean,F2frequency_sma3nz_stddevNorm,F2bandwidth_sma3nz_amean,F2bandwidth_sma3nz_stddevNorm,F2amplitudeLogRelF0_sma3nz_amean,F2amplitudeLogRelF0_sma3nz_stddevNorm,F3frequency_sma3nz_amean,F3frequency_sma3nz_stddevNorm,F3bandwidth_sma3nz_amean,F3bandwidth_sma3nz_stddevNorm,F3amplitudeLogRelF0_sma3nz_amean,F3amplitudeLogRelF0_sma3nz_stddevNorm,alphaRatioV_sma3nz_amean,alphaRatioV_sma3nz_stddevNorm,hammarbergIndexV_sma3nz_amean,hammarbergIndexV_sma3nz_stddevNorm,slopeV0-500_sma3nz_amean,slopeV0-500_sma3nz_stddevNorm,slopeV500-1500_sma3nz_amean,slopeV500-1500_sma3nz_stddevNorm,spectralFluxV_sma3nz_amean,spectralFluxV_sma3nz_stddevNorm,mfcc1V_sma3nz_amean,mfcc1V_sma3nz_stddevNorm,mfcc2V_sma3nz_amean,mfcc2V_sma3nz_stddevNorm,mfcc3V_sma3nz_amean,mfcc3V_sma3nz_stddevNorm,mfcc4V_sma3nz_amean,mfcc4V_sma3nz_stddevNorm,alphaRatioUV_sma3nz_amean,hammarbergIndexUV_sma3nz_amean,slopeUV0-500_sma3nz_amean,slopeUV500-1500_sma3nz_amean,spectralFluxUV_sma3nz_amean,loudnessPeaksPerSec,VoicedSegmentsPerSec,MeanVoicedSegmentLengthSec,StddevVoicedSegmentLengthSec,MeanUnvoicedSegmentLength,StddevUnvoicedSegmentLength,equivalentSoundLevel_dBp,speaker,start,end,dur,seg_idx
25.923128128051758,0.07182314246892929,24.498056411743164,25.797882080078125,26.949644088745117,2.451587677001953,45.988311767578125,43.091861724853516,22.830718994140625,21.17643165588379,0.47336870431900024,0.6972658634185791,0.13484999537467957,0.4330877661705017,0.7589792609214783,0.6241292953491211,6.4338603019714355,4.451545238494873,5.415239334106445,3.6234610080718994,0.19462734460830688,0.8773781061172485,31.632354736328125,0.43400838971138,7.562932968139648,1.2984861135482788,14.363129615783691,0.8408074378967285,7.842077255249023,1.294582486152649,0.017798535525798798,0.9862944483757019,0.9602486491203308,0.8988515138626099,6.4939188957214355,0.3359043300151825,10.68700885772705,0.9088469743728638,33.25579071044922,0.26214122772216797,596.193359375,0.391556054353714,1312.23388671875,0.15868788957595825,-81.7111587524414,-1.0884689092636108,1624.03173828125,0.1695721596479416,1024.9344482421875,0.3004097640514374,-87.65028381347656,-0.9473492503166199,2694.988525390625,0.12645605206489563,949.4357299804688,0.31379181146621704,-93.17646026611328,-0.8482285737991333,-18.279132843017578,-0.31460538506507874,28.40597915649414,0.23389238119125366,0.01915115676820278,1.210472583770752,-0.01092684268951416,-1.089287281036377,0.259314626455307,0.5839242339134216,39.79275894165039,0.16954651474952698,6.3852009773254395,1.570859670639038,18.729034423828125,0.6277948021888733,9.895859718322754,1.146887183189392,-10.409512519836426,19.504486083984375,0.023349763825535774,0.004321064800024033,0.08459722995758057,3.5460991859436035,1.7835910320281982,0.3466666638851166,0.2538416087627411,0.19333334267139435,0.2683943808078766,-23.214609146118164,SPEAKER_00,4320.284,4328.755,8.471000000000458,8
26.128271102905273,0.07629825919866562,24.828346252441406,25.714258193969727,27.958221435546875,3.1298751831054688,20.826335906982422,10.907941818237305,18.26639747619629,19.350053787231445,0.7610669136047363,0.5317001938819885,0.37183719873428345,0.7878077626228333,1.0884310007095337,0.7165938019752502,11.781474113464355,5.417256832122803,9.503950119018555,4.130665302276611,0.31067320704460144,0.6744006872177124,32.11378479003906,0.33877405524253845,0.4689026474952698,27.740982055664062,-5.865626811981201,-2.603389024734497,-3.7721781730651855,-3.614022970199585,0.014305845834314823,0.8819642663002014,1.1371948719024658,0.7787220478057861,5.232261657714844,0.504657506942749,3.587411642074585,1.3329071998596191,24.53453826904297,0.3790838420391083,608.4923706054688,0.3583822548389435,1349.1138916015625,0.14548715949058533,-47.54182434082031,-1.7460308074951172,1577.841796875,0.1490936428308487,1049.4329833984375,0.25321248173713684,-51.86005401611328,-1.5099291801452637,2663.16064453125,0.13209398090839386,879.6997680664062,0.2952995300292969,-59.83336639404297,-1.2396303415298462,-12.065479278564453,-0.5260807871818542,22.887563705444336,0.3064519166946411,0.060964323580265045,0.25912725925445557,-0.021605106070637703,-0.7845959663391113,0.3390328884124756,0.6008408069610596,34.90572738647461,0.217254638671875,-1.831909418106079,-6.372823715209961,-6.499163627624512,-2.4212610721588135,-4.142919063568115,-3.1670825481414795,-11.199380874633789,20.464210510253906,0.042841311544179916,-0.011958488263189793,0.24579699337482452,5.382436275482178,3.1700286865234375,0.22909089922904968,0.21852624416351318,0.0663636326789856,0.041180916130542755,-23.312421798706055,SPEAKER_00,7557.663,7561.207,3.5440000000007785,22
24.0478572845459,0.08630796521902084,22.83846664428711,23.474685668945312,24.9478702545166,2.109403610229492,78.2068099975586,86.87895202636719,32.7019157409668,38.54185485839844,0.6083247661590576,0.5259610414505005,0.3153241276741028,0.5383085608482361,0.8824354410171509,0.5671113133430481,7.462308406829834,4.721446514129639,10.453167915344238,5.255768299102783,0.26324769854545593,0.7631610631942749,31.388355255126953,0.38104990124702454,1.8940730094909668,7.904670715332031,-4.034482479095459,-4.354132175445557,2.89125394821167,3.9585094451904297,0.023947399109601974,1.9156579971313477,1.4682929515838623,0.6411074995994568,3.4517741203308105,0.8019309639930725,4.2086181640625,1.3629045486450195,24.893657684326172,0.418169766664505,590.5621337890625,0.406604528427124,1359.3707275390625,0.1940649449825287,-72.45574951171875,-1.3160146474838257,1592.873291015625,0.1606607288122177,1027.326171875,0.26025938987731934,-76.6615982055664,-1.1909512281417847,2640.8681640625,0.14658218622207642,898.3916015625,0.2771076261997223,-82.11769104003906,-1.0626105070114136,-12.918160438537598,-0.5141266584396362,22.458690643310547,0.2695208191871643,0.05785732716321945,0.26768597960472107,-0.014312771148979664,-0.7882880568504333,0.31254351139068604,0.5967822670936584,33.822166442871094,0.23798353970050812,0.28446894884109497,52.42460250854492,-0.5085902810096741,-39.7435188293457,6.900703430175781,1.5251954793930054,-11.428938865661621,21.836206436157227,0.06695879250764847,-0.017259769141674042,0.18974247574806213,4.774535655975342,2.956989288330078,0.20181816816329956,0.20757552981376648,0.11636363714933395,0.08336913585662842,-25.052913665771484,SPEAKER_00,7572.513,7576.293,3.7799999999997453,28
22.81490135192871,0.06070151552557945,21.535255432128906,23.08474349975586,24.129959106445312,2.5947036743164062,80.40534973144531,72.42218780517578,19.44426155090332,7.397403240203857,0.48216113448143005,0.5266590118408203,0.25469541549682617,0.4277113676071167,0.6955700516700745,0.4408746361732483,7.804319858551025,4.750797748565674,7.180684566497803,5.310442924499512,0.2299417406320572,0.7273444533348083,29.489486694335938,0.45309045910835266,12.328628540039062,0.979041576385498,-7.223984241485596,-2.051612377166748,-13.89233684539795,-0.9982675909996033,0.020669585093855858,0.6620893478393555,1.380188226699829,0.5765364766120911,2.599309206008911,0.8077101707458496,0.9459075331687927,3.7702577114105225,31.310009002685547,0.24818024039268494,670.0252075195312,0.32175371050834656,1394.943115234375,0.14290814101696014,-114.75858306884766,-0.8308950662612915,1674.8985595703125,0.14990200102329254,1162.8370361328125,0.25800779461860657,-120.14623260498047,-0.7359267473220825,2777.575927734375,0.1131519228219986,986.566650390625,0.320660799741745,-124.17521667480469,-0.6769059300422668,-16.41567039489746,-0.40155330300331116,30.118152618408203,0.25322118401527405,0.06295377016067505,0.20637603104114532,-0.02869921363890171,-0.553007185459137,0.2833954691886902,0.5449432730674744,36.87624740600586,0.2205248773097992,8.2051420211792,1.2728769779205322,-7.81658411026001,-2.057244300842285,-11.096884727478027,-1.242231845855713,-14.921695709228516,23.93799591064453,0.07020514458417892,-0.02489994838833809,0.19727027416229248,5.128205299377441,4.046242713928223,0.09285713732242584,0.058728013187646866,0.12466666102409363,0.10058937966823578,-27.04230499267578,SPEAKER_00,7581.187,7584.713,3.52599999999984,31
27.146728515625,0.06831418722867966,25.62834930419922,27.683551788330078,28.501285552978516,2.872936248779297,150.92723083496094,200.95799255371094,25.58024787902832,25.39275360107422,0.6930769681930542,0.5806520581245422,0.263179749250412,0.6496222615242004,1.058419108390808,0.7952393293380737,11.091954231262207,7.086352825164795,7.859022617340088,3.701528549194336,0.348411500453949,0.8721886873245239,32.14503479003906,0.44678765535354614,6.4117255210876465,1.99911367893219,1.4928888082504272,11.184988975524902,-6.069537162780762,-2.194956064224243,0.020563457161188126,2.331017255783081,1.2304332256317139,0.7086824774742126,5.319181442260742,0.5604479908943176,3.8341457843780518,1.7767235040664673,29.363046646118164,0.33152955770492554,684.2986450195312,0.3329421281814575,1289.3934326171875,0.16834358870983124,-52.575767517089844,-1.5995992422103882,1713.9095458984375,0.14603234827518463,1027.3026123046875,0.2669753134250641,-61.971580505371094,-1.2488446235656738,2762.87109375,0.11453723907470703,892.6762084960938,0.2775881290435791,-66.44609069824219,-1.1285507678985596,-16.1076717376709,-0.43118223547935486,25.533052444458008,0.28455185890197754,0.06110864505171776,0.2652938663959503,-0.026384618133306503,-0.6056076288223267,0.4123949408531189,0.7831234335899353,35.12299346923828,0.28714704513549805,4.996444225311279,2.477149248123169,3.887544870376587,4.661233901977539,-4.590884208679199,-2.995821475982666,-11.772660255432129,21.36880111694336,0.06258340179920197,-0.017949573695659637,0.18276144564151764,4.640371322631836,2.816901683807373,0.2524999976158142,0.22814925014972687,0.08727272599935532,0.05706310644745827,-21.907983779907227,SPEAKER_00,7612.625,7616.945,4.319999999999709,43
27.47614860534668,0.08730767667293549,26.100292205810547,27.435684204101562,28.894819259643555,2.794527053833008,35.28626251220703,36.846534729003906,53.92655563354492,36.55712127685547,0.770940899848938,0.6110242009162903,0.2963474690914154,0.6634685397148132,1.2659916877746582,0.9696441888809204,12.43604850769043,8.776185035705566,9.413163185119629,4.4251556396484375,0.37665051221847534,0.6908870339393616,32.95698547363281,0.28920382261276245,2.662003517150879,5.191539287567139,-0.3519156575202942,-47.78616714477539,-6.093608856201172,-1.8346315622329712,0.016601381823420525,1.604225993156433,1.2452174425125122,0.7620208859443665,5.554403305053711,0.48937007784843445,4.453040599822998,1.6509886980056763,26.39261245727539,0.41726675629615784,622.745361328125,0.3744684159755707,1328.9737548828125,0.13343819975852966,-57.34994888305664,-1.5557594299316406,1641.440673828125,0.16150923073291779,1015.3853759765625,0.24996143579483032,-63.43512725830078,-1.3173757791519165,2709.203125,0.12427768111228943,908.0385131835938,0.29191580414772034,-68.8371353149414,-1.1640546321868896,-14.38319206237793,-0.4925559163093567,23.064298629760742,0.29145753383636475,0.05976308882236481,0.3935767710208893,-0.02371222898364067,-0.5326582193374634,0.4492305517196655,0.5579730868339539,33.7733154296875,0.22827251255512238,0.3423452079296112,41.06456756591797,-0.33871403336524963,-55.40507507324219,-4.212466716766357,-2.7493693828582764,-15.965644836425781,24.659032821655273,0.06635496020317078,-0.022892417386174202,0.21883976459503174,4.6831955909729,2.2346370220184326,0.3100000023841858,0.16867128014564514,0.10333332419395447,0.06342098861932755,-21.339757919311523,SPEAKER_00,7617.147,7620.792,3.6450000000004366,44
27.100046157836914,0.08600106835365295,25.99135971069336,26.868934631347656,27.735042572021484,1.743682861328125,41.841365814208984,37.7535514831543,26.734882354736328,22.91529083251953,0.7482215166091919,0.7410707473754883,0.20456451177597046,0.6243299245834351,1.269185185432434,1.0646207332611084,13.928203582763672,8.10873794555664,10.62164306640625,6.43652868270874,0.33805155754089355,1.0899138450622559,28.914714813232422,0.371962308883667,0.5316159725189209,24.99251365661621,4.110872745513916,4.569962501525879,-4.105259418487549,-2.8435378074645996,0.012572064995765686,1.0440404415130615,1.084599256515503,0.7876226305961609,5.5594162940979,0.4465756416320801,2.720039129257202,2.782592296600342,22.010814666748047,0.4799121022224426,554.5402221679688,0.40012842416763306,1262.720947265625,0.13524514436721802,-74.22618865966797,-1.2568050622940063,1572.20654296875,0.1538483202457428,948.6173706054688,0.29643917083740234,-79.08688354492188,-1.1133078336715698,2604.942626953125,0.12817813456058502,896.8224487304688,0.315561980009079,-82.9806137084961,-1.0262916088104248,-12.782746315002441,-0.5028552412986755,22.631160736083984,0.30238932371139526,0.05635235831141472,0.36658093333244324,-0.02082253247499466,-0.711511492729187,0.4244856536388397,0.8265866041183472,32.24231719970703,0.26852887868881226,-1.3165366649627686,-10.6527099609375,5.20951509475708,4.0852131843566895,-3.9151203632354736,-3.127781867980957,-10.40038013458252,19.21453094482422,0.049424100667238235,-0.008508816361427307,0.19489063322544098,3.773585081100464,3.047619104385376,0.1981249898672104,0.1681598424911499,0.12428571283817291,0.1632576286792755,-21.34995460510254,SPEAKER_00,7624.91,7630.225,5.315000000000509,47
26.83742904663086,0.07154291868209839,25.364051818847656,26.2081298828125,29.104839324951172,3.7407875061035156,178.2807159423828,188.1050262451172,19.18771743774414,8.701521873474121,0.8350611925125122,0.5911961793899536,0.34658411145210266,0.7912216186523438,1.2123178243637085,0.8657337427139282,13.08154010772705,7.567297458648682,11.834036827087402,5.873591423034668,0.44901371002197266,0.9033435583114624,27.923702239990234,0.511762261390686,5.23577880859375,2.802462100982666,4.226202011108398,3.8722946643829346,-3.2131083011627197,-3.872015953063965,0.014768220484256744,0.8375574946403503,1.2228204011917114,0.7736987471580505,5.415679454803467,0.4503788650035858,3.080183982849121,1.9463955163955688,24.041793823242188,0.3668600022792816,579.3328857421875,0.3873401880264282,1262.41748046875,0.13623440265655518,-87.22909545898438,-1.0945265293121338,1613.5675048828125,0.16499954462051392,961.5299682617188,0.3693065643310547,-91.0475845336914,-0.9913394451141357,2656.443359375,0.12836632132530212,881.0633544921875,0.2132217437028885,-94.5309829711914,-0.9228008985519409,-12.188037872314453,-0.432765394449234,21.108745574951172,0.28934431076049805,0.056027259677648544,0.3675888478755951,-0.02105027437210083,-0.6658675670623779,0.516217827796936,0.7534576058387756,32.04856872558594,0.29926854372024536,1.1744502782821655,10.18613338470459,5.5606770515441895,3.439378023147583,-1.7356373071670532,-6.805130958557129,-12.271222114562988,20.84994888305664,0.05519352853298187,-0.01587049663066864,0.3804284334182739,4.901960849761963,2.9900331497192383,0.18111109733581543,0.1298241913318634,0.13111110031604767,0.09097550809383392,-20.79665756225586,SPEAKER_00,7630.799,7633.87,3.0709999999999127,48
29.872821807861328,0.09838175028562546,26.569412231445312,30.598142623901367,32.70890808105469,6.139495849609375,39.78358459472656,40.50349044799805,17.898019790649414,11.027764320373535,0.9188234210014343,0.5440924763679504,0.4646938145160675,0.8408613204956055,1.4260046482086182,0.961310863494873,14.641682624816895,7.174010276794434,12.963253021240234,6.915219783782959,0.5186614990234375,0.8429667949676514,29.486833572387695,0.39176133275032043,6.753647804260254,2.108008861541748,3.495013952255249,4.824526309967041,-3.077396869659424,-4.417783260345459,0.015326299704611301,0.9971597790718079,1.0848727226257324,0.710540235042572,6.609116077423096,0.4382933974266052,5.2400221824646,1.2551484107971191,26.961605072021484,0.35723817348480225,587.9774780273438,0.35387223958969116,1312.6571044921875,0.1500873565673828,-47.589439392089844,-1.7214927673339844,1634.5458984375,0.14310206472873688,907.7227172851562,0.25261956453323364,-54.8364143371582,-1.373174786567688,2717.019287109375,0.12139087915420532,872.4301147460938,0.2596050500869751,-59.75013732910156,-1.2193334102630615,-14.63763427734375,-0.4249926209449768,23.555227279663086,0.2597716450691223,0.06350724399089813,0.24375222623348236,-0.026612617075443268,-0.5735998153686523,0.5674498081207275,0.7670860886573792,32.12230682373047,0.2531295120716095,3.5007576942443848,3.08402681350708,4.729923248291016,3.871887683868408,-3.4952874183654785,-3.8183906078338623,-14.138477325439453,22.402496337890625,0.04153519868850708,-0.019867025315761566,0.3749312460422516,5.092592716217041,1.8735363483428955,0.4037500023841858,0.31519585847854614,0.10875000059604645,0.046485885977745056,-19.308305740356445,SPEAKER_00,7635.794,7640.131,4.337000000000444,49
27.139278411865234,0.06618116796016693,25.717201232910156,27.057764053344727,28.259777069091797,2.5425758361816406,44.71920394897461,24.89284324645996,25.105712890625,30.097915649414062,0.7850097417831421,0.6494088172912598,0.21031439304351807,0.7518158555030823,1.263711929321289,1.053397536277771,14.070371627807617,7.261664390563965,9.763198852539062,3.578333616256714,0.39461982250213623,0.9353601336479187,29.973499298095703,0.4089806377887726,1.9328685998916626,7.213712692260742,0.7626478672027588,24.78044319152832,-4.947135925292969,-2.609313726425171,0.016591910272836685,1.3199875354766846,1.2614847421646118,0.7038564085960388,5.091001510620117,0.5262012481689453,1.9658650159835815,2.9135348796844482,23.691116333007812,0.3771826922893524,553.1201171875,0.3897407352924347,1329.796875,0.1483115404844284,-62.751441955566406,-1.4586886167526245,1575.2100830078125,0.1475253403186798,981.3291625976562,0.26145198941230774,-68.55341339111328,-1.2400792837142944,2632.743408203125,0.12516538798809052,871.7711791992188,0.24821671843528748,-72.99006652832031,-1.1233569383621216,-13.246749877929688,-0.45576128363609314,23.447420120239258,0.2972349226474762,0.060619205236434937,0.2989816963672638,-0.022474370896816254,-0.5621492862701416,0.4983825087547302,0.7958405613899231,33.51596450805664,0.2557119131088257,-0.7197639346122742,-16.34467124938965,3.3320438861846924,6.05220890045166,-4.71141242980957,-2.809276580810547,-10.978645324707031,20.606698989868164,0.05300514027476311,-0.013690372928977013,0.182705357670784,4.721030235290527,2.8818442821502686,0.22749999165534973,0.18135255575180054,0.09428571164608002,0.053946301341056824,-21.03252601623535,SPEAKER_00,7640.688,7647.691,7.002999999999702,50
29.12731170654297,0.07190631330013275,27.38579750061035,29.241750717163086,30.683815002441406,3.2980175018310547,19.261011123657227,6.3586249351501465,6.1747870445251465,8.695465087890625,0.8374817967414856,0.5898427963256836,0.3346618413925171,0.7410141825675964,1.3079314231872559,0.9732695817947388,10.685215950012207,3.2188100814819336,9.513092041015625,4.21052360534668,0.40634238719940186,0.8917368650436401,26.94304847717285,0.464828222990036,5.815049648284912,2.90238356590271,1.7557249069213867,10.05921745300293,0.5686709880828857,21.497201919555664,0.014637691900134087,1.2180495262145996,0.8877099752426147,0.8964830040931702,6.7541375160217285,0.43891441822052,7.031229496002197,1.0174957513809204,25.141170501708984,0.48575079441070557,566.3248291015625,0.4079098701477051,1333.602783203125,0.14203716814517975,-68.1751937866211,-1.3228058815002441,1611.093017578125,0.15957586467266083,928.4218139648438,0.25006017088890076,-71.96156311035156,-1.175544261932373,2649.242431640625,0.12903769314289093,888.3541870117188,0.2881852686405182,-75.23149871826172,-1.092660665512085,-14.565542221069336,-0.566013753414154,22.705734252929688,0.3558166027069092,0.0633399486541748,0.24475742876529694,-0.022289663553237915,-0.6268196702003479,0.45946839451789856,0.7473837733268738,31.058778762817383,0.2680407762527466,3.0538737773895264,4.958333492279053,2.8776516914367676,6.401325225830078,0.6759127378463745,17.32848358154297,-11.027079582214355,17.660127639770508,0.0463666133582592,-0.011064349673688412,0.31024619936943054,3.9735100269317627,3.0303030014038086,0.2133333384990692,0.14914570748806,0.10749999433755875,0.046300649642944336,-20.241243362426758,SPEAKER_00,7647.843,7650.88,3.037000000000262,51
28.683542251586914,0.10499851405620575,26.320781707763672,28.166336059570312,31.104602813720703,4.783821105957031,107.94810485839844,98.82174682617188,39.0565299987793,47.60136795043945,0.8007490038871765,0.6586052775382996,0.22808894515037537,0.7257593870162964,1.295809268951416,1.0677202939987183,15.23875904083252,8.39188289642334,9.845290184020996,4.271264553070068,0.4036727249622345,0.8591137528419495,29.255483627319336,0.39237624406814575,3.27406907081604,4.241288661956787,4.676891326904297,4.645622253417969,-1.2462680339813232,-11.086563110351562,0.020687846466898918,1.5735456943511963,1.157376766204834,0.6732981204986572,5.779271125793457,0.5859269499778748,5.698866367340088,1.4008619785308838,26.27330207824707,0.41887328028678894,627.59619140625,0.40355849266052246,1304.4620361328125,0.17932085692882538,-53.93282699584961,-1.5314005613327026,1689.46240234375,0.16852422058582306,933.4222412109375,0.3546527028083801,-60.2400016784668,-1.2658332586288452,2751.276123046875,0.13863472640514374,930.0972290039062,0.34544429183006287,-63.99443054199219,-1.1572846174240112,-14.607418060302734,-0.4757261872291565,22.85345458984375,0.27878057956695557,0.05906751751899719,0.28189313411712646,-0.017670685425400734,-0.9095453023910522,0.47205978631973267,0.7822971940040588,30.413665771484375,0.30079346895217896,4.113311767578125,3.2011423110961914,7.96607780456543,2.7840681076049805,0.5685867667198181,24.78605842590332,-9.303522109985352,21.433311462402344,0.060314930975437164,-0.007253264542669058,0.23610931634902954,4.437870025634766,3.6036036014556885,0.19583334028720856,0.11891581863164902,0.05615384504199028,0.06095881015062332,-20.323772430419922,SPEAKER_00,7651.64,7655.032,3.3919999999998254,52
29.60539436340332,0.10507938265800476,26.713956832885742,29.830533981323242,32.29926300048828,5.585306167602539,152.26673889160156,109.94470977783203,15.332751274108887,10.685415267944336,0.821723997592926,0.6662278175354004,0.23192203044891357,0.7105898857116699,1.4021154642105103,1.1701934337615967,12.827980041503906,6.382014274597168,12.721909523010254,7.0099992752075195,0.4711650013923645,1.100615382194519,23.802644729614258,0.6504974365234375,5.991514205932617,2.812429189682007,6.472479820251465,2.775408983230591,0.3461798131465912,35.08741760253906,0.02168652042746544,1.1855053901672363,1.4256105422973633,0.7735530138015747,5.775120258331299,0.533323347568512,4.8938188552856445,1.6946007013320923,23.831687927246094,0.471430242061615,613.0570678710938,0.3792228400707245,1285.6383056640625,0.15099452435970306,-81.24874877929688,-1.1227585077285767,1665.8170166015625,0.14684860408306122,954.3250122070312,0.3480049669742584,-85.98876190185547,-0.9961981177330017,2674.15478515625,0.11810065805912018,909.9369506835938,0.34816959500312805,-87.66742706298828,-0.9616430401802063,-13.210599899291992,-0.47200465202331543,19.91657066345215,0.32029685378074646,0.061130110174417496,0.34232184290885925,-0.020769178867340088,-0.5776808857917786,0.6162940859794617,0.8402597904205322,28.372533798217773,0.31226253509521484,2.5790045261383057,5.625272750854492,9.39360523223877,1.8217309713363647,0.41345176100730896,29.17635154724121,-9.66321849822998,16.473350524902344,0.04804489016532898,-0.007103342097252607,0.2645140588283539,4.248365879058838,3.3222591876983643,0.17499999701976776,0.10874281823635101,0.11444444209337234,0.08744662255048752,-20.181617736816406,SPEAKER_00,7681.407,7684.478,3.0709999999999127,63
29.282651901245117,0.09144268929958344,27.407428741455078,29.099925994873047,31.136404037475586,3.728975296020508,83.92079162597656,98.18376159667969,15.059969902038574,20.00312614440918,0.8330567479133606,0.6989735960960388,0.20199410617351532,0.7500569820404053,1.3858537673950195,1.1838597059249878,15.782651901245117,10.667607307434082,11.87680721282959,5.771771430969238,0.4668195843696594,0.9655361771583557,26.921470642089844,0.5122737884521484,-0.0909816324710846,-187.83676147460938,-0.530131995677948,-34.89786911010742,-2.9617841243743896,-4.548011302947998,0.020199304446578026,1.1309515237808228,1.389000415802002,0.7539136409759521,5.11506462097168,0.6076450943946838,3.8840837478637695,2.224797248840332,23.269018173217773,0.44335588812828064,612.1288452148438,0.4246055781841278,1247.71240234375,0.18020795285701752,-77.69686889648438,-1.211051344871521,1623.7685546875,0.17205974459648132,942.51904296875,0.2561745047569275,-78.59571838378906,-1.1311174631118774,2681.82958984375,0.13534092903137207,864.803955078125,0.2892879545688629,-83.38563537597656,-1.0230529308319092,-11.43038558959961,-0.5776044130325317,22.187013626098633,0.31131699681282043,0.06164836511015892,0.3281693160533905,-0.019953519105911255,-0.630760133266449,0.6241501569747925,0.7376598119735718,32.03116989135742,0.3234883248806,-4.166672706604004,-3.273606061935425,-0.4660918116569519,-44.939308166503906,-3.4326670169830322,-3.784269094467163,-9.419536590576172,18.23881721496582,0.04402295872569084,-0.004859513603150845,0.20515257120132446,4.400000095367432,2.8187921047210693,0.2138095200061798,0.22261382639408112,0.12549999356269836,0.16088739037513733,-19.864561080932617,SPEAKER_00,7700.56,7708.07,7.509999999999309,70
28.30101776123047,0.08581587672233582,26.275447845458984,28.097410202026367,30.555679321289062,4.280231475830078,177.39617919921875,200.87852478027344,26.823583602905273,22.468408584594727,0.8267916440963745,0.5969778299331665,0.352067768573761,0.7027220726013184,1.3348114490509033,0.9827436804771423,14.42556095123291,9.302528381347656,9.339242935180664,4.424627780914307,0.518564760684967,0.9765142202377319,23.42794418334961,0.6626468300819397,10.249436378479004,1.842081904411316,4.155264854431152,4.230772972106934,2.6992223262786865,4.708446025848389,0.02898036129772663,1.4803223609924316,1.3734508752822876,0.8659593462944031,5.368555068969727,0.5131949782371521,2.938267469406128,2.255178928375244,23.924734115600586,0.46704748272895813,581.3395385742188,0.38759830594062805,1287.0572509765625,0.17408786714076996,-97.41614532470703,-0.9722867012023926,1626.114990234375,0.1609511375427246,944.9086303710938,0.24551618099212646,-99.85923767089844,-0.9032348990440369,2644.5146484375,0.12718898057937622,893.1278076171875,0.256925493478775,-103.25330352783203,-0.8433675169944763,-13.783529281616211,-0.44696974754333496,22.314603805541992,0.25778043270111084,0.0530182346701622,0.37179964780807495,-0.02037425898015499,-0.6301196813583374,0.7083430886268616,0.8301263451576233,33.10408020019531,0.2378053367137909,-0.11981198191642761,-115.6471176147461,4.881106376647949,3.657801389694214,1.2629519701004028,10.11894702911377,-11.72255802154541,17.644739151000977,0.038776665925979614,-0.013050204142928123,0.3275116980075836,4.234527587890625,3.6423840522766113,0.1345454454421997,0.07958570122718811,0.11818181723356247,0.05201715975999832,-19.941938400268555,SPEAKER_00,7709.065,7712.153,3.0880000000006476,71
27.06787872314453,0.07332954555749893,25.441120147705078,27.119752883911133,28.64727783203125,3.206157684326172,42.41960525512695,41.173919677734375,12.30212116241455,7.714834690093994,0.819588303565979,0.6951434016227722,0.2491060048341751,0.7731366753578186,1.2239768505096436,0.9748708605766296,11.973001480102539,7.774415016174316,10.62173843383789,5.640305995941162,0.40349891781806946,0.8906635046005249,27.925643920898438,0.5660857558250427,1.942877173423767,9.092883110046387,0.6299727559089661,34.03297805786133,0.1958148032426834,83.48357391357422,0.015236805193126202,0.8811253309249878,1.196324110031128,0.7051934003829956,4.769979476928711,0.6159418821334839,2.276798725128174,2.9907078742980957,20.345447540283203,0.4318375885486603,566.3652954101562,0.41824039816856384,1251.5743408203125,0.1563255339860916,-72.2629165649414,-1.321260929107666,1579.6038818359375,0.1579582244157791,936.5516357421875,0.4112812280654907,-76.30767059326172,-1.186395287513733,2604.439697265625,0.13149428367614746,830.34423828125,0.27310553193092346,-80.1077880859375,-1.097004771232605,-11.373083114624023,-0.5107550621032715,20.496591567993164,0.33286887407302856,0.056304387748241425,0.3603620231151581,-0.02234969660639763,-0.6779652833938599,0.5223996639251709,0.7311931848526001,33.132511138916016,0.2712402641773224,-5.645366668701172,-2.392545461654663,3.660903215408325,6.480245590209961,-1.4036920070648193,-9.706162452697754,-12.828989028930664,22.17744255065918,0.02716781198978424,-0.00991562195122242,0.21167442202568054,4.139433860778809,2.2026431560516357,0.2789999842643738,0.17891059815883636,0.14000000059604645,0.1609630137681961,-20.726600646972656,SPEAKER_00,7723.105,7727.712,4.60700000000088,75
27.807241439819336,0.08309293538331985,25.773902893066406,27.845806121826172,30.174503326416016,4.400600433349609,120.85823059082031,128.7750244140625,36.264095306396484,62.65226364135742,0.7607924342155457,0.7227858304977417,0.17046453058719635,0.6946966648101807,1.286326289176941,1.1158617734909058,14.337286949157715,9.638089179992676,10.715261459350586,4.696393966674805,0.4035293757915497,1.0845056772232056,29.297876358032227,0.536933958530426,2.089958667755127,7.349987030029297,2.6245508193969727,6.73133659362793,-2.3291516304016113,-6.858885765075684,0.015647239983081818,0.9111752510070801,1.2515560388565063,0.7829976081848145,5.7169623374938965,0.5222243666648865,2.4902665615081787,3.6196911334991455,23.28008270263672,0.359925776720047,673.3655395507812,0.3403490483760834,1239.90185546875,0.14535799622535706,-85.33076477050781,-1.1387770175933838,1687.0584716796875,0.14524999260902405,932.6564331054688,0.3426531255245209,-89.06421661376953,-1.0222169160842896,2752.149658203125,0.11504021286964417,762.9498291015625,0.3752080500125885,-92.11363983154297,-0.9616900682449341,-13.733118057250977,-0.43909478187561035,23.012914657592773,0.28042423725128174,0.060094933956861496,0.30624082684516907,-0.025197749957442284,-0.675117015838623,0.5451387763023376,0.8111258745193481,35.6595344543457,0.2773970067501068,-2.9452407360076904,-4.353091716766357,3.4036126136779785,5.763228416442871,-4.765102863311768,-3.3998069763183594,-10.496442794799805,19.127769470214844,0.03471558541059494,-0.0062585328705608845,0.22187969088554382,4.054054260253906,2.4657535552978516,0.22555555403232574,0.1572761833667755,0.14299999177455902,0.11126993596553802,-20.450416564941406,SPEAKER_00,7728.978,7732.69,3.7119999999995343,76
29.33152198791504,0.09757912904024124,26.890644073486328,29.49627685546875,31.160371780395508,4.26972770690918,205.81239318847656,381.0584716796875,17.0749454498291,17.224334716796875,0.7563387751579285,0.7806392908096313,0.1423204094171524,0.6511212587356567,1.3328907489776611,1.19057035446167,17.33203125,10.007894515991211,11.106072425842285,5.791794300079346,0.36090222001075745,1.0422143936157227,28.72377586364746,0.39432722330093384,0.1872057318687439,79.72992706298828,6.313807487487793,2.6100988388061523,-0.8807376623153687,-15.409455299377441,0.014914043247699738,1.1406744718551636,1.1884249448776245,0.7565580606460571,6.374174118041992,0.46895331144332886,3.5368359088897705,2.5100760459899902,22.663488388061523,0.4721056818962097,663.5446166992188,0.3907342255115509,1226.0621337890625,0.1836380511522293,-81.92660522460938,-1.1673871278762817,1688.7999267578125,0.15052002668380737,898.4479370117188,0.34930333495140076,-84.7903060913086,-1.0570045709609985,2739.8955078125,0.12111519277095795,801.6860961914062,0.38284772634506226,-87.2936019897461,-1.0047987699508667,-12.770530700683594,-0.5447445511817932,21.46402931213379,0.35292693972587585,0.06519897282123566,0.3171192705631256,-0.020318126305937767,-0.7449633479118347,0.5142515301704407,0.743260383605957,32.253509521484375,0.2894156575202942,-2.2537262439727783,-6.64369010925293,7.990182399749756,2.3107261657714844,-1.5372027158737183,-9.884949684143066,-10.893427848815918,19.534801483154297,0.04321063309907913,-0.0044508990831673145,0.12439586967229843,3.6231884956359863,2.0976200103759766,0.2807692289352417,0.22766239941120148,0.18571427464485168,0.21100343763828278,-20.718914031982422,SPEAKER_00,7735.728,7760.585,24.85699999999997,78
29.531755447387695,0.10391112416982651,26.900663375854492,28.62207794189453,32.14923095703125,5.248567581176758,85.39682006835938,130.1353759765625,12.899569511413574,8.871359825134277,0.8796311020851135,0.6295292377471924,0.2633122503757477,0.8552334904670715,1.3925482034683228,1.1292359828948975,18.35361099243164,10.1405668258667,13.132806777954102,5.9051384925842285,0.498752623796463,0.8523839116096497,29.919261932373047,0.47071126103401184,-2.0532891750335693,-6.655159950256348,2.2006852626800537,8.565421104431152,-5.623342037200928,-2.1851892471313477,0.01584274135529995,0.7991402745246887,1.3383985757827759,0.7222827672958374,5.560074329376221,0.5181413292884827,4.444908142089844,1.851078748703003,23.354629516601562,0.4173150062561035,657.6729125976562,0.3970380425453186,1212.332763671875,0.16946741938591003,-75.80396270751953,-1.2217285633087158,1684.1632080078125,0.16299229860305786,899.7938842773438,0.2918771803379059,-76.55650329589844,-1.1008392572402954,2744.89501953125,0.12665490806102753,843.986572265625,0.35239744186401367,-80.4393310546875,-1.0136194229125977,-11.618180274963379,-0.48515191674232483,21.70562744140625,0.3387601971626282,0.06343412399291992,0.2867410480976105,-0.02294127270579338,-0.6707705855369568,0.6304669976234436,0.6754159331321716,33.58612823486328,0.34587717056274414,-3.7118985652923584,-3.5024361610412598,2.7445356845855713,6.9619317054748535,-5.012341499328613,-2.627880334854126,-8.305538177490234,19.671884536743164,0.044324830174446106,-0.009450027719140053,0.27179741859436035,5.496828556060791,3.846153974533081,0.1594444364309311,0.15160152316093445,0.07944444566965103,0.06433179974555969,-20.074460983276367,SPEAKER_00,7763.167,7767.908,4.7409999999999854,79
29.33396339416504,0.07703389972448349,27.7984561920166,29.261600494384766,30.780841827392578,2.9823856353759766,60.49623489379883,80.36341094970703,22.55655288696289,11.743353843688965,0.8428242802619934,0.7226917743682861,0.17585422098636627,0.7825789451599121,1.4634037017822266,1.2875494956970215,18.130794525146484,9.867440223693848,12.319169998168945,5.852023601531982,0.44598978757858276,1.0546488761901855,27.987667083740234,0.46193355321884155,-2.0321030616760254,-6.696306228637695,4.414485931396484,3.668733596801758,-2.599398136138916,-4.3858208656311035,0.015553676523268223,1.0905812978744507,1.2267028093338013,0.7968012690544128,5.824682712554932,0.47384464740753174,3.5847585201263428,2.0875892639160156,22.27845001220703,0.4185933470726013,622.7061767578125,0.40010765194892883,1249.6895751953125,0.15281404554843903,-78.81143951416016,-1.1851979494094849,1639.65966796875,0.15853004157543182,945.0084838867188,0.299093633890152,-79.55525207519531,-1.1081933975219727,2669.073486328125,0.1234392300248146,893.4974365234375,0.3407265841960907,-83.00344848632812,-1.030578374862671,-11.251350402832031,-0.5530524849891663,20.65693473815918,0.3356647789478302,0.0630459189414978,0.2991461455821991,-0.017727145925164223,-0.7954826354980469,0.6075778603553772,0.7658923268318176,31.6994571685791,0.31209656596183777,-4.608098983764648,-2.8878233432769775,5.6708879470825195,3.1519017219543457,-2.6930809020996094,-4.428745269775391,-9.178386688232422,18.269899368286133,0.04898785799741745,-0.005195950157940388,0.1790631115436554,4.136504650115967,2.806652784347534,0.21518518030643463,0.1642349362373352,0.12037036567926407,0.13530434668064117,-20.258773803710938,SPEAKER_00,7768.702,7778.388,9.685999999999694,80
29.83597755432129,0.10739470273256302,27.93138885498047,29.811016082763672,31.224651336669922,3.293262481689453,47.01995849609375,29.778493881225586,63.40531921386719,68.92228698730469,0.7790071964263916,0.6633360981941223,0.23740768432617188,0.6735713481903076,1.3004240989685059,1.063016414642334,15.243996620178223,7.849382400512695,11.933101654052734,5.057835578918457,0.4001903533935547,0.7861747741699219,31.303003311157227,0.34943538904190063,-0.25409141182899475,-58.61262512207031,-2.386805295944214,-6.346496105194092,-4.135779857635498,-3.097670555114746,0.029976606369018555,1.356366515159607,1.3675875663757324,0.7261536717414856,5.288785457611084,0.618009626865387,4.1480712890625,1.7089775800704956,24.699106216430664,0.38024941086769104,655.63330078125,0.38137131929397583,1266.4852294921875,0.17759722471237183,-64.26387786865234,-1.3623132705688477,1675.42236328125,0.16134491562843323,983.6712036132812,0.2708475887775421,-68.21253204345703,-1.1864346265792847,2734.228515625,0.1248771920800209,781.2620849609375,0.3207570016384125,-72.49726104736328,-1.0800226926803589,-13.143487930297852,-0.5389488935470581,22.93883514404297,0.30815696716308594,0.06267934292554855,0.30472901463508606,-0.023467836901545525,-0.6192634701728821,0.4980197548866272,0.6153201460838318,33.923675537109375,0.2564285397529602,-0.7923900485038757,-19.362823486328125,-0.9185165762901306,-17.320478439331055,-3.078219175338745,-4.466865062713623,-9.068414688110352,18.94936180114746,0.05538109689950943,-0.013805746100842953,0.18980014324188232,4.83193302154541,3.3970274925231934,0.19624999165534973,0.14330364763736725,0.0768750011920929,0.0768699124455452,-21.379852294921875,SPEAKER_00,7794.301,7799.077,4.77599999999984,85
30.807889938354492,0.09517046064138412,28.02220916748047,30.306528091430664,33.697731018066406,5.6755218505859375,43.79164505004883,51.8369255065918,7.684413909912109,11.001291275024414,0.8948706984519958,0.6441550850868225,0.2990598976612091,0.8490445613861084,1.4299237728118896,1.130863904953003,15.982752799987793,6.57491397857666,12.889094352722168,5.981328964233398,0.49798694252967834,0.8938354849815369,29.067441940307617,0.41677501797676086,1.5660464763641357,10.084612846374512,7.119680404663086,2.5206449031829834,-2.746203660964966,-5.192594051361084,0.01583908684551716,0.7868863344192505,1.1548328399658203,0.7198030352592468,6.4880781173706055,0.4432673752307892,6.349145412445068,1.1631437540054321,25.079870223999023,0.40036433935165405,597.9852905273438,0.3987065851688385,1235.203369140625,0.1610482782125473,-64.10787963867188,-1.3958733081817627,1637.1263427734375,0.14906248450279236,870.47265625,0.27323710918426514,-68.98808288574219,-1.1827828884124756,2683.20263671875,0.12037895619869232,782.5020751953125,0.24037232995033264,-71.64395141601562,-1.1168081760406494,-13.206849098205566,-0.5266319513320923,22.071008682250977,0.33140239119529724,0.06547229737043381,0.3036557734012604,-0.02109345979988575,-0.7134103178977966,0.5858762860298157,0.7097136974334717,32.08588409423828,0.3206251263618469,-2.190176486968994,-6.399275302886963,7.721689701080322,2.3998866081237793,-4.100597381591797,-3.621140718460083,-13.303236961364746,20.45038414001465,0.04880498722195625,-0.010963046923279762,0.31581899523735046,4.7393364906311035,2.6378896236419678,0.2563636302947998,0.15328361093997955,0.10090908408164978,0.06707587838172913,-19.630922317504883,SPEAKER_00,7799.937,7804.173,4.235999999999876,86
30.423233032226562,0.08720508217811584,28.34418296813965,30.092144012451172,32.142547607421875,3.7983646392822266,85.5374984741211,104.87666320800781,24.078033447265625,9.548418045043945,0.809004545211792,0.6969233751296997,0.2119627594947815,0.7817333340644836,1.3609250783920288,1.1489622592926025,17.23000144958496,8.634698867797852,11.474611282348633,5.3283772468566895,0.4483884274959564,1.0912435054779053,24.95526885986328,0.5914027690887451,0.8860491514205933,17.10478401184082,7.179594039916992,2.4290645122528076,-2.3565027713775635,-5.343908309936523,0.015150967054069042,0.9313201308250427,1.2311464548110962,0.7566404938697815,5.975375175476074,0.5128514766693115,2.154562473297119,3.310112237930298,21.502193450927734,0.4239436686038971,587.28466796875,0.42059454321861267,1249.41064453125,0.15503063797950745,-91.88896942138672,-1.0307801961898804,1614.62841796875,0.15122182667255402,896.0452880859375,0.3141540288925171,-92.12345123291016,-0.96942138671875,2653.427734375,0.11814115196466446,832.169921875,0.317247599363327,-94.82685089111328,-0.918601930141449,-11.106075286865234,-0.4677153527736664,20.117536544799805,0.3360946774482727,0.06781468540430069,0.3056471049785614,-0.019923625513911247,-0.6644672155380249,0.6124746799468994,0.7664811015129089,30.034175872802734,0.3405936658382416,-4.316159725189209,-3.012310743331909,9.32872200012207,2.042213201522827,-3.7443480491638184,-3.504286050796509,-9.809309959411621,17.62908363342285,0.05072741210460663,-0.009466461837291718,0.23528443276882172,4.338624477386475,3.1914894580841064,0.16866666078567505,0.15808717906475067,0.12399999052286148,0.11423950642347336,-20.517744064331055,SPEAKER_00,7805.287,7814.753,9.46599999999944,87
28.225805282592773,0.07393032312393188,26.4408016204834,27.564144134521484,30.217647552490234,3.776845932006836,56.4675178527832,56.28430938720703,14.555801391601562,6.950697898864746,0.8100601434707642,0.7418086528778076,0.1891528218984604,0.6752926707267761,1.4111485481262207,1.2219957113265991,22.521907806396484,10.827211380004883,12.965348243713379,6.577566623687744,0.4522022306919098,1.0347788333892822,33.10149002075195,0.31774866580963135,-1.676950216293335,-8.485081672668457,0.6147235631942749,25.90961456298828,-4.823709011077881,-2.605004072189331,0.015922503545880318,0.9944672584533691,1.2014358043670654,0.711074709892273,5.303812026977539,0.5963291525840759,3.3565378189086914,1.8408644199371338,24.201536178588867,0.43659573793411255,652.3368530273438,0.3785867393016815,1248.0323486328125,0.14547781646251678,-76.23091125488281,-1.2211041450500488,1635.8868408203125,0.15440580248832703,966.3424072265625,0.24871361255645752,-80.22640228271484,-1.099619746208191,2704.537841796875,0.12767943739891052,812.1963500976562,0.304945707321167,-84.99698638916016,-0.9979917407035828,-11.934178352355957,-0.49837595224380493,21.542835235595703,0.32617852091789246,0.057443056255578995,0.2892598509788513,-0.02142256312072277,-0.6910670399665833,0.6113086938858032,0.80752032995224,34.89056396484375,0.26567021012306213,-5.286646366119385,-2.416635513305664,2.8105130195617676,6.219676494598389,-5.257359981536865,-2.5304362773895264,-13.223140716552734,23.543752670288086,0.050636738538742065,-0.012799862772226334,0.1983148753643036,3.7851040363311768,3.194103479385376,0.186153843998909,0.14707604050636292,0.10615384578704834,0.11159945279359818,-20.340192794799805,SPEAKER_00,7823.984,7832.185,8.201000000000022,92
30.724225997924805,0.11397361010313034,27.806812286376953,29.73079490661621,34.414695739746094,6.607883453369141,177.3712921142578,118.78324890136719,19.277132034301758,14.365662574768066,0.7604721784591675,0.7543630003929138,0.18573205173015594,0.5918066501617432,1.3136422634124756,1.1279102563858032,16.648984909057617,8.947921752929688,11.160209655761719,5.060627460479736,0.4394398629665375,1.1074891090393066,23.44638442993164,0.6177273988723755,6.710447788238525,2.026510238647461,8.510187149047852,2.0565402507781982,-7.972448348999023,-1.6594624519348145,0.015782415866851807,0.8221331834793091,1.265016794204712,0.694536030292511,5.858136177062988,0.47649526596069336,4.5739545822143555,1.8491106033325195,23.119770050048828,0.3482857942581177,631.8819580078125,0.43652525544166565,1181.372314453125,0.1825145035982132,-94.19561767578125,-1.0042617321014404,1686.620849609375,0.15991851687431335,820.1945190429688,0.3317570686340332,-92.27659606933594,-0.938779354095459,2745.019287109375,0.1166255921125412,787.08349609375,0.3721943497657776,-93.47904205322266,-0.9177601337432861,-11.929393768310547,-0.4420839846134186,21.308298110961914,0.3671083152294159,0.06718238443136215,0.31000667810440063,-0.022336380556225777,-0.6758915185928345,0.6305331587791443,0.8345953226089478,27.720598220825195,0.4729592204093933,0.3858998715877533,28.337648391723633,10.615797996520996,1.7167117595672607,-10.279772758483887,-1.3191554546356201,-11.656782150268555,19.274099349975586,0.04401944577693939,-0.01182757318019867,0.19888289272785187,5.093833923339844,3.8043479919433594,0.1421428620815277,0.08178181201219559,0.10071428120136261,0.12366223335266113,-20.65569496154785,SPEAKER_00,7845.55,7849.297,3.746999999999389,98
31.00452423095703,0.10081081092357635,28.532106399536133,30.280370712280273,33.58199691772461,5.049890518188477,113.3425064086914,165.9438934326172,26.117408752441406,11.356786727905273,0.8527119755744934,0.6678149104118347,0.2380167841911316,0.7510953545570374,1.4132702350616455,1.1752533912658691,14.74364948272705,9.081592559814453,12.526566505432129,5.395242214202881,0.44335341453552246,0.9051083326339722,26.967164993286133,0.36763498187065125,-2.5673482418060303,-5.920403957366943,6.236787796020508,2.6278815269470215,-1.2099714279174805,-10.368969917297363,0.017482414841651917,0.9884818196296692,1.297518014907837,0.7490277886390686,5.812793731689453,0.5206525921821594,6.316866397857666,1.1968369483947754,21.354778289794922,0.5162820816040039,580.4780883789062,0.4517359435558319,1264.50341796875,0.17286516726016998,-73.52005004882812,-1.2367786169052124,1599.2674560546875,0.15872523188591003,941.963623046875,0.2969030737876892,-71.93643951416016,-1.166459560394287,2646.226318359375,0.1263006031513214,893.2462158203125,0.3346857726573944,-75.307373046875,-1.0835106372833252,-11.140695571899414,-0.6048892736434937,20.09101676940918,0.37800005078315735,0.06387901306152344,0.3276955783367157,-0.012997674755752087,-0.9254428148269653,0.5397282838821411,0.7540419697761536,28.230854034423828,0.28766271471977234,-5.159530162811279,-2.899970769882202,8.140043258666992,2.1446335315704346,-0.7077098488807678,-16.895082473754883,-11.457797050476074,20.140670776367188,0.05583362281322479,-0.010599360801279545,0.2655413746833801,4.921700477600098,3.846153736114502,0.16470588743686676,0.16015130281448364,0.0793749988079071,0.06542827188968658,-20.938886642456055,SPEAKER_00,7855.709,7860.198,4.4890000000004875,101
29.81512451171875,0.09769625961780548,27.252286911010742,29.650917053222656,32.377586364746094,5.125299453735352,297.4786071777344,361.73992919921875,20.176515579223633,11.114416122436523,0.8002235293388367,0.7255486249923706,0.1889176219701767,0.6995234489440918,1.2947752475738525,1.1058576107025146,14.310569763183594,8.926212310791016,10.072529792785645,5.727834224700928,0.3685961961746216,1.0211533308029175,24.685840606689453,0.48127856850624084,0.769045889377594,23.501934051513672,4.245109558105469,3.55940318107605,-2.3634231090545654,-5.924172878265381,0.014780729077756405,0.9549170136451721,1.1037331819534302,0.7951192259788513,6.085381984710693,0.5190091133117676,3.89021372795105,2.0664963722229004,21.22903060913086,0.5444222092628479,698.7261962890625,0.346952348947525,1226.97216796875,0.19806799292564392,-86.25780487060547,-1.106695294380188,1729.802001953125,0.1448574960231781,887.162109375,0.2702244222164154,-86.54985046386719,-1.0462532043457031,2762.658935546875,0.11447308957576752,809.5181274414062,0.40355193614959717,-89.25450134277344,-0.9900082945823669,-11.338603019714355,-0.7358670830726624,19.806182861328125,0.410474956035614,0.0635911077260971,0.32129839062690735,-0.01766352541744709,-1.0947777032852173,0.4965350925922394,0.7245514392852783,28.424724578857422,0.31482329964637756,-4.4763264656066895,-3.9264135360717773,4.719011306762695,3.719590187072754,-3.4617979526519775,-4.130253314971924,-11.337937355041504,19.63506507873535,0.04864535480737686,-0.00892946869134903,0.19009579718112946,4.007286071777344,2.5735294818878174,0.220714271068573,0.18308718502521515,0.14642857015132904,0.13714469969272614,-21.245155334472656,SPEAKER_00,7861.008,7866.509,5.501000000000204,102
28.827728271484375,0.05633922666311264,27.978641510009766,28.910743713378906,29.860998153686523,1.8823566436767578,72.15013885498047,85.72239685058594,12.521087646484375,9.323872566223145,0.7526224851608276,0.6767861247062683,0.19524100422859192,0.6893482208251953,1.2805063724517822,1.0852653980255127,14.588459014892578,9.347508430480957,11.699570655822754,6.112163543701172,0.4158734977245331,0.8700100183486938,32.054412841796875,0.38494735956192017,-2.0680017471313477,-6.461636066436768,2.0565345287323,7.1701531410217285,-7.966564655303955,-1.7954539060592651,0.0175116416066885,0.9326293468475342,1.3096768856048584,0.8017035126686096,5.544520378112793,0.49288299679756165,0.685271680355072,11.823110580444336,24.451839447021484,0.3333119750022888,758.1063232421875,0.30302315950393677,1240.4893798828125,0.25679469108581543,-82.09735870361328,-1.155014157295227,1771.290771484375,0.13147591054439545,945.065185546875,0.24363046884536743,-84.53145599365234,-1.045694351196289,2845.7578125,0.10503830760717392,752.3062133789062,0.43642303347587585,-88.31855773925781,-0.9673293828964233,-13.243931770324707,-0.4990411102771759,22.566434860229492,0.3230758607387543,0.07120562344789505,0.24813294410705566,-0.02248314395546913,-0.8686115741729736,0.5617333054542542,0.6290377378463745,35.614158630371094,0.24822886288166046,-5.101851463317871,-2.493438959121704,4.608270645141602,3.660399913787842,-8.316996574401855,-1.8380898237228394,-10.837667465209961,20.249980926513672,0.04849085956811905,-0.012958807870745659,0.20762909948825836,4.864865303039551,3.0136988162994385,0.19181817770004272,0.16061347723007202,0.11818181723356247,0.10768793523311615,-21.270421981811523,SPEAKER_00,7866.728,7870.441,3.712999999999738,103
32.923851013183594,0.08894859254360199,30.70037078857422,33.07978057861328,35.31216812133789,4.611797332763672,112.2919921875,232.80580139160156,43.37184143066406,108.9386978149414,0.9461771845817566,0.6881309151649475,0.21174928545951843,0.9138098359107971,1.577854871749878,1.366105556488037,19.980459213256836,11.662674903869629,12.821568489074707,5.4265923500061035,0.5269879102706909,0.9152786731719971,24.0831356048584,0.4989086985588074,-1.5304614305496216,-10.625054359436035,4.2613115310668945,3.8383729457855225,-3.4460203647613525,-4.397216796875,0.017875535413622856,1.5507993698120117,1.1892070770263672,0.7789530754089355,6.442154884338379,0.4981482923030853,5.634186267852783,1.6280701160430908,20.616275787353516,0.4807557463645935,620.2015380859375,0.4261998236179352,1225.599365234375,0.17322281002998352,-80.50438690185547,-1.1605885028839111,1660.4947509765625,0.15431295335292816,871.4658203125,0.27835389971733093,-74.51786804199219,-1.1488792896270752,2706.747314453125,0.11996608227491379,834.9085693359375,0.32523247599601746,-76.79304504394531,-1.093375563621521,-10.18896770477295,-0.6346637606620789,18.531822204589844,0.3894853889942169,0.07071133702993393,0.3035006523132324,-0.017158307135105133,-0.7967297434806824,0.6587271094322205,0.7252478003501892,25.533231735229492,0.39444729685783386,-5.345107078552246,-2.618886947631836,4.9986772537231445,3.52740478515625,-5.570446968078613,-2.7746145725250244,-10.221505165100098,19.04486656188965,0.045841701328754425,-0.0057289982214570045,0.27374908328056335,4.522613048553467,2.8715364933013916,0.22070175409317017,0.2048949897289276,0.11072727292776108,0.127462700009346,-19.6781063079834,SPEAKER_00,7871.133,7891.045,19.912000000000262,104
32.10578918457031,0.11601989716291428,29.379064559936523,31.20639419555664,35.28933334350586,5.910268783569336,92.01483154296875,89.53533172607422,26.56182289123535,23.202634811401367,0.9086679816246033,0.71956467628479,0.198428213596344,0.7936760187149048,1.52388334274292,1.3254551887512207,20.160585403442383,11.23075008392334,12.45980167388916,5.972395420074463,0.5296725630760193,1.0349705219268799,23.226787567138672,0.683962881565094,2.076903820037842,9.022798538208008,3.2171506881713867,5.038559913635254,-4.689270496368408,-2.89729380607605,0.018164096400141716,1.2617319822311401,1.3003578186035156,0.8757781982421875,5.815059185028076,0.6413896083831787,4.1959028244018555,2.2156918048858643,21.68920135498047,0.5491262078285217,670.1015014648438,0.389468789100647,1273.55078125,0.1738400012254715,-91.39010620117188,-1.034161925315857,1690.94482421875,0.15009132027626038,947.656005859375,0.3239652216434479,-85.3716049194336,-1.026286005973816,2753.826904296875,0.12217924743890762,865.3154296875,0.2527238428592682,-88.40969848632812,-0.9651759266853333,-10.450265884399414,-0.6907559037208557,20.19525146484375,0.44471806287765503,0.0677805095911026,0.3708558976650238,-0.0179703701287508,-0.8318457007408142,0.6816685199737549,0.8783456683158875,27.95946502685547,0.42888668179512024,-5.037871837615967,-3.1272528171539307,4.341303825378418,4.271139621734619,-7.431152820587158,-1.8511334657669067,-9.477914810180664,17.460336685180664,0.03691370412707329,-0.00831046886742115,0.3089540898799896,4.617414474487305,3.452855348587036,0.16538462042808533,0.11842656880617142,0.10719999670982361,0.10223580151796341,-19.713768005371094,SPEAKER_00,7892.159,7899.753,7.594000000000051,105
30.5826358795166,0.10175031423568726,28.216712951660156,30.358583450317383,32.69682312011719,4.480110168457031,126.92991638183594,268.8442077636719,19.09001350402832,9.722535133361816,0.8881675601005554,0.684018075466156,0.21183542907238007,0.8355933427810669,1.4646464586257935,1.252811074256897,17.461435317993164,8.352987289428711,11.38289737701416,5.043896198272705,0.44670748710632324,0.8782222270965576,28.078874588012695,0.39580705761909485,-3.875166416168213,-4.263656139373779,1.98029363155365,7.851873397827148,-1.6562496423721313,-7.579545021057129,0.01888357661664486,1.2892069816589355,1.234222412109375,0.7456261515617371,5.934704303741455,0.5193520188331604,5.28555965423584,1.4520292282104492,21.612031936645508,0.5137074589729309,660.2742309570312,0.3854460120201111,1234.8121337890625,0.1802266240119934,-67.1487808227539,-1.3191496133804321,1673.8719482421875,0.15970388054847717,949.9189453125,0.2939682602882385,-66.77616119384766,-1.248961091041565,2719.501220703125,0.1332799196243286,889.21728515625,0.2911304831504822,-70.93010711669922,-1.1405601501464844,-10.116063117980957,-0.5833117961883545,19.29697608947754,0.34585264325141907,0.06598673015832901,0.31102314591407776,-0.016251252964138985,-0.8001070618629456,0.5621688961982727,0.721078097820282,30.079248428344727,0.28377029299736023,-7.424256801605225,-1.9844518899917603,3.2908976078033447,5.08465576171875,-2.098939895629883,-6.137569427490234,-10.557134628295898,19.922571182250977,0.04465438798069954,-0.006179506424814463,0.20096781849861145,4.255319118499756,3.2181169986724854,0.20592591166496277,0.1578620821237564,0.08999999612569809,0.06190314516425133,-20.36574363708496,SPEAKER_00,7901.153,7909.625,8.471999999999753,106
29.55319595336914,0.06537902355194092,28.207061767578125,29.75288200378418,31.279558181762695,3.0724964141845703,42.757808685302734,43.074859619140625,19.370277404785156,6.4037766456604,0.9150775671005249,0.6368299126625061,0.2986924350261688,0.8227171897888184,1.4747246503829956,1.1760321855545044,17.20138168334961,7.954870223999023,13.380016326904297,7.097874164581299,0.4808942973613739,0.7866017818450928,29.596242904663086,0.4193204641342163,-1.6337636709213257,-9.360203742980957,3.4624557495117188,4.642873287200928,-2.2776942253112793,-4.975076675415039,0.01657445915043354,1.1240005493164062,1.3411012887954712,0.7565770149230957,5.590409755706787,0.5047000646591187,3.9870445728302,1.800878643989563,22.282556533813477,0.47983837127685547,679.7857666015625,0.38821494579315186,1262.1685791015625,0.19930441677570343,-59.56859588623047,-1.4596033096313477,1673.7919921875,0.159835547208786,981.9382934570312,0.3424597382545471,-63.140193939208984,-1.2965904474258423,2721.95166015625,0.1241970807313919,794.2517700195312,0.3109009861946106,-67.09764862060547,-1.1844401359558105,-11.45607852935791,-0.6350292563438416,20.58330726623535,0.38617345690727234,0.06313671171665192,0.3381977677345276,-0.019575798884034157,-0.6721569895744324,0.565504789352417,0.6928895711898804,31.494083404541016,0.3162475526332855,-4.444468975067139,-3.341261148452759,3.429675817489624,5.166405200958252,-3.111802339553833,-3.8906946182250977,-10.74483585357666,19.64834976196289,0.04127878323197365,-0.008506656624376774,0.28954628109931946,5.462185382843018,2.9723992347717285,0.23071427643299103,0.22698219120502472,0.0793333351612091,0.05397117882966995,-20.341516494750977,SPEAKER_00,7912.645,7917.421,4.77599999999984,108
26.428953170776367,0.05578620731830597,25.43447494506836,26.495635986328125,27.266496658325195,1.832021713256836,108.93840026855469,112.8744888305664,17.88322639465332,6.834304332733154,0.5829699635505676,0.7324708700180054,0.17012111842632294,0.5071461200714111,0.9643984436988831,0.7942773103713989,10.862255096435547,6.363492012023926,7.445520401000977,5.254812240600586,0.2852867543697357,0.9807789921760559,28.1727237701416,0.4899700880050659,5.561670780181885,2.9204142093658447,0.4086920917034149,40.199520111083984,-0.747391939163208,-20.446640014648438,0.017753761261701584,0.9577549695968628,1.3303015232086182,0.740799605846405,4.528354644775391,0.5108413100242615,1.5794681310653687,3.136826276779175,25.101118087768555,0.38021624088287354,635.3394775390625,0.36598578095436096,1266.4156494140625,0.14079467952251434,-80.44712829589844,-1.1691559553146362,1659.8031005859375,0.1555827111005783,1001.0408325195312,0.28846317529678345,-87.34011840820312,-1.0031346082687378,2694.517822265625,0.11942795664072037,867.8206176757812,0.35745969414711,-90.4221420288086,-0.9415898323059082,-14.313636779785156,-0.44310083985328674,24.04389190673828,0.3133782744407654,0.06300600618124008,0.2802491784095764,-0.021688655018806458,-0.7781927585601807,0.3751319348812103,0.8162867426872253,33.503822326660156,0.2985630929470062,1.352979063987732,10.22779655456543,2.6777994632720947,6.5126118659973145,-1.5429973602294922,-10.230721473693848,-11.844264030456543,20.691720962524414,0.045182425528764725,-0.010143475607037544,0.16377370059490204,4.203152179718018,3.900709390640259,0.1422727257013321,0.11754812300205231,0.09809523075819016,0.06701947003602982,-23.71985626220703,SPEAKER_00,7938.413,7944.134,5.721000000000458,119
27.312150955200195,0.11092664301395416,25.613304138183594,26.55469512939453,29.374408721923828,3.7611045837402344,65.7601318359375,71.32401275634766,27.926074981689453,16.348651885986328,0.7231560945510864,0.5703617930412292,0.29973629117012024,0.6800082921981812,1.1494522094726562,0.8497159481048584,14.80797004699707,5.847833156585693,12.506105422973633,5.026799201965332,0.41115355491638184,0.7845554351806641,29.759435653686523,0.44679996371269226,3.785682201385498,3.9732375144958496,5.702783107757568,2.5087385177612305,-0.8076675534248352,-17.028146743774414,0.029865296557545662,2.348500967025757,1.5059529542922974,0.5978941321372986,4.1866984367370605,0.6552936434745789,3.2462689876556396,2.4745538234710693,25.054157257080078,0.4240987300872803,680.489013671875,0.369253009557724,1239.29150390625,0.15150845050811768,-61.56673812866211,-1.3976163864135742,1707.6243896484375,0.15463244915008545,964.1568603515625,0.28655850887298584,-65.70814514160156,-1.2122797966003418,2767.224365234375,0.12342076748609543,822.7429809570312,0.33537349104881287,-69.22422790527344,-1.1199525594711304,-14.040993690490723,-0.4498155415058136,23.27873992919922,0.3333160877227783,0.0598289780318737,0.3629612922668457,-0.021524770185351372,-0.6634905934333801,0.47827160358428955,0.7297225594520569,33.930233001708984,0.2507586181163788,0.6284059882164001,21.789194107055664,5.639157295227051,2.638216018676758,-0.743992030620575,-18.82383155822754,-11.955672264099121,19.38766860961914,0.04728195071220398,-0.01414085365831852,0.262673556804657,6.081080913543701,3.416856527328491,0.19866666197776794,0.198288232088089,0.06875000149011612,0.0650840774178505,-21.824975967407227,SPEAKER_00,7949.855,7954.31,4.455000000000837,122
27.2679443359375,0.1284562349319458,25.340049743652344,26.5295467376709,27.477081298828125,2.1370315551757812,123.2378158569336,114.0394058227539,151.94683837890625,126.96900939941406,0.7688481211662292,0.4516555666923523,0.4079110026359558,0.7415054440498352,1.124122142791748,0.7162111401557922,8.56530475616455,4.049655914306641,7.388631343841553,3.3896031379699707,0.28772011399269104,0.5815851092338562,26.4503231048584,0.3588874936103821,-5.9960408210754395,-1.6324924230575562,13.038230895996094,1.487344741821289,4.076266765594482,2.7732813358306885,0.02344805747270584,1.7834422588348389,1.2679866552352905,0.6406036615371704,4.886173725128174,0.5239804983139038,9.886466979980469,0.8041471242904663,21.406349182128906,0.46197453141212463,744.3995361328125,0.3866329789161682,1279.253662109375,0.22518685460090637,-45.52073287963867,-1.7454133033752441,1727.53662109375,0.14486239850521088,997.9185180664062,0.2874562740325928,-45.079742431640625,-1.6647394895553589,2725.61181640625,0.1196875274181366,916.274658203125,0.2486470639705658,-48.79939270019531,-1.4952296018600464,-10.095267295837402,-0.49526941776275635,16.262065887451172,0.39745384454727173,0.06400205940008163,0.26503583788871765,-0.014588624238967896,-0.8442704677581787,0.31668639183044434,0.5256001949310303,28.512922286987305,0.29430392384529114,-7.1767258644104,-1.290262222290039,12.551005363464355,1.6586371660232544,4.170099258422852,2.7502224445343018,-8.561782836914062,13.376452445983887,0.07754052430391312,-0.01171962171792984,0.20677410066127777,4.255319118499756,4.024767875671387,0.1838461458683014,0.16532199084758759,0.05999999865889549,0.049216073006391525,-23.872896194458008,SPEAKER_00,14786.62,14789.928,3.3079999999990832,126
26.789621353149414,0.15414181351661682,23.887283325195312,25.309337615966797,28.200111389160156,4.312828063964844,307.5194396972656,402.7791442871094,76.34772491455078,77.84276580810547,0.8662585616111755,0.5204259753227234,0.42133721709251404,0.8570442199707031,1.2267353534698486,0.8053981065750122,8.791712760925293,4.66195821762085,7.827043056488037,4.342761516571045,0.3303843140602112,0.658901572227478,23.902132034301758,0.5539519190788269,-4.58270263671875,-2.315479278564453,15.198983192443848,1.425917625427246,0.46899446845054626,26.231834411621094,0.028239687904715538,1.8267803192138672,1.3393193483352661,0.7263432741165161,4.298025131225586,0.6298909187316895,3.764295816421509,2.1572351455688477,17.29418182373047,0.4787236452102661,732.7191772460938,0.4043762683868408,1178.3280029296875,0.24163895845413208,-50.19230651855469,-1.727786660194397,1738.05322265625,0.1583927571773529,856.1705932617188,0.30247941613197327,-48.52222442626953,-1.6851263046264648,2752.0654296875,0.12476259469985962,803.3849487304688,0.24179325997829437,-50.298500061035156,-1.608254313468933,-9.388577461242676,-0.5736953616142273,15.516010284423828,0.39976900815963745,0.06522250920534134,0.2992587089538574,-0.013299517333507538,-0.9269322752952576,0.3742751479148865,0.5713469386100769,26.211406707763672,0.30935800075531006,-6.454928874969482,-1.5621706247329712,18.8317813873291,1.194248914718628,2.2608325481414795,5.530482292175293,-6.801828384399414,14.110265731811523,0.06576519459486008,-0.006479419767856598,0.2053542584180832,4.640371322631836,1.8779343366622925,0.3974999785423279,0.31247997283935547,0.11249999701976776,0.07048935443162918,-22.038414001464844,SPEAKER_00,14814.498,14818.818,4.319999999999709,137
25.670059204101562,0.10717824846506119,24.002161026000977,25.040517807006836,26.52964210510254,2.5274810791015625,131.05628967285156,160.78431701660156,22.764934539794922,15.678990364074707,0.7328729033470154,0.525697648525238,0.32089656591415405,0.720086932182312,1.07707941532135,0.756182849407196,10.863089561462402,4.983885288238525,6.715310096740723,4.050695419311523,0.2659660279750824,0.6941536068916321,19.691577911376953,0.6819583177566528,0.3734898865222931,34.71194076538086,8.903759002685547,1.6943410634994507,-7.682004451751709,-1.685838222503662,0.019189415499567986,2.2660906314849854,1.3482611179351807,0.7853271961212158,4.170011520385742,0.7566336393356323,5.615017414093018,1.318187952041626,20.53563117980957,0.5043002963066101,763.2261962890625,0.3375430405139923,1217.990234375,0.20216192305088043,-79.53794860839844,-1.1937079429626465,1778.6932373046875,0.14902621507644653,976.9312133789062,0.28622785210609436,-78.70960998535156,-1.1679818630218506,2787.446533203125,0.11723476648330688,840.3828735351562,0.32734012603759766,-81.2455825805664,-1.1088640689849854,-10.855783462524414,-0.5125896334648132,17.46349334716797,0.3756506145000458,0.06693670898675919,0.2468850314617157,-0.017654014751315117,-0.8651578426361084,0.31016993522644043,0.5859118700027466,24.556354522705078,0.3553208112716675,-1.7626161575317383,-6.5410990715026855,10.898900985717773,1.5202088356018066,-7.308787822723389,-1.9712002277374268,-5.687488555908203,11.554086685180664,0.06626825779676437,-0.009050394408404827,0.20587757229804993,4.934210777282715,3.4883720874786377,0.16476190090179443,0.1286049336194992,0.10190476477146149,0.06543765217065811,-23.95376205444336,SPEAKER_00,14821.737,14827.829,6.092000000000553,139
25.460180282592773,0.04341451823711395,24.81090545654297,25.264236450195312,26.400146484375,1.5892410278320312,90.81405639648438,85.6800765991211,18.21177101135254,8.025622367858887,0.8350363969802856,0.5301239490509033,0.385202556848526,0.7995664477348328,1.2525938749313354,0.8673913478851318,9.05599594116211,5.996506214141846,7.310695171356201,2.9506194591522217,0.302013099193573,0.7627400159835815,21.05605697631836,0.630070686340332,2.6984376907348633,5.442041397094727,21.710969924926758,1.0488930940628052,4.381979942321777,2.921396017074585,0.012373209930956364,0.8718424439430237,1.0013545751571655,0.7805625200271606,4.922853946685791,0.48863497376441956,6.84737491607666,1.2812877893447876,18.006271362304688,0.5266150832176208,615.64794921875,0.4951358139514923,1215.627197265625,0.2511034309864044,-71.25691986083984,-1.242494821548462,1633.1175537109375,0.1704016476869583,902.9019165039062,0.2847619652748108,-71.35700988769531,-1.1934882402420044,2580.84912109375,0.12731625139713287,817.70751953125,0.15906503796577454,-71.47303771972656,-1.192556619644165,-10.410542488098145,-0.5241010189056396,16.286537170410156,0.38154521584510803,0.03696167469024658,0.5022610425949097,-0.014743009582161903,-0.6405261754989624,0.3849254548549652,0.5754662752151489,27.29589080810547,0.25727009773254395,-3.063873529434204,-4.03294563293457,29.104124069213867,0.7162659168243408,5.92769718170166,2.2553560733795166,-7.789896011352539,13.199509620666504,0.04377111420035362,-0.00864443089812994,0.14337866008281708,4.049844264984131,2.5316457748413086,0.2574999928474426,0.22100621461868286,0.1314285695552826,0.1084209531545639,-22.249446868896484,SPEAKER_00,14838.933,14842.156,3.2229999999999563,144
26.469608306884766,0.08855871856212616,25.324474334716797,26.860126495361328,27.59051513671875,2.266040802001953,41.04361343383789,17.662704467773438,14.719036102294922,8.097162246704102,0.8341554403305054,0.5993042588233948,0.3106203079223633,0.7878303527832031,1.268510341644287,0.9578900337219238,10.593549728393555,4.716760635375977,5.86087703704834,2.4385571479797363,0.29748886823654175,0.7577065229415894,21.423416137695312,0.5546135902404785,3.7609646320343018,3.115649700164795,18.45442771911621,0.8159276843070984,5.3072991371154785,1.9432287216186523,0.011359854601323605,0.9654701352119446,1.108214259147644,0.688471794128418,5.320061206817627,0.5245230793952942,2.5808265209198,2.9570531845092773,18.69294548034668,0.5639158487319946,662.2197265625,0.43013814091682434,1235.342529296875,0.23448596894741058,-60.167869567871094,-1.3663698434829712,1670.1295166015625,0.1714719533920288,943.0001220703125,0.2701161801815033,-60.489810943603516,-1.2927757501602173,2651.29833984375,0.1261870115995407,879.4511108398438,0.2804551124572754,-62.303775787353516,-1.238656759262085,-10.42956829071045,-0.6130126118659973,17.062541961669922,0.47016972303390503,0.04486164450645447,0.6082610487937927,-0.014306179247796535,-0.7566942572593689,0.3424994647502899,0.6902456879615784,24.792444229125977,0.3872256278991699,1.0875459909439087,10.461827278137207,18.63932228088379,0.848243772983551,6.127458572387695,1.7699202299118042,-7.8546905517578125,13.33499813079834,0.03932499885559082,-0.007577439304441214,0.18877793848514557,3.5326087474823,3.0303032398223877,0.23363634943962097,0.1561044305562973,0.06916666030883789,0.04572715237736702,-22.267873764038086,SPEAKER_00,14846.628,14850.323,3.694999999999709,146
26.577070236206055,0.08270622789859772,25.275419235229492,26.70735740661621,28.39170265197754,3.116283416748047,9.332493782043457,7.697463035583496,11.163080215454102,3.004455089569092,0.8841169476509094,0.5988635420799255,0.32883307337760925,0.8273603320121765,1.3669421672821045,1.0381090641021729,12.505250930786133,7.907243251800537,8.288212776184082,4.887697219848633,0.3406600058078766,0.7634249925613403,21.79930877685547,0.7091010808944702,2.8778600692749023,5.458103179931641,14.389409065246582,1.2284809350967407,0.3000917136669159,46.11473846435547,0.014501459896564484,1.0200021266937256,1.1316882371902466,0.6995599865913391,5.062489032745361,0.4980193078517914,6.557872772216797,1.1504713296890259,21.21321678161621,0.4331916272640228,696.5578002929688,0.3884430229663849,1248.121337890625,0.18440918624401093,-66.16896057128906,-1.3212895393371582,1694.0289306640625,0.15201039612293243,977.2821655273438,0.33028626441955566,-67.77517700195312,-1.24025297164917,2718.09423828125,0.11424988508224487,816.5823364257812,0.18381506204605103,-70.53284454345703,-1.1673482656478882,-10.853116035461426,-0.5758165121078491,18.119190216064453,0.4055652320384979,0.041573889553546906,0.5640090107917786,-0.017220115289092064,-0.785120964050293,0.41809022426605225,0.6312708854675293,28.362728118896484,0.2761571407318115,-1.8796037435531616,-6.668767929077148,15.829779624938965,1.2854417562484741,1.1315513849258423,12.577515602111816,-3.1686642169952393,7.830168724060059,0.0335688516497612,-0.0062478878535330296,0.17477190494537354,4.096385478973389,1.9512195587158203,0.3487499952316284,0.3647066354751587,0.14249999821186066,0.05190134793519974,-21.682039260864258,SPEAKER_00,14857.85,14862.018,4.167999999999665,149
26.480758666992188,0.0575946569442749,25.335556030273438,26.149911880493164,27.594820022583008,2.2592639923095703,92.23213195800781,76.96971893310547,14.278243064880371,8.988224029541016,0.8348640203475952,0.5523041486740112,0.3405579924583435,0.8262383341789246,1.243969202041626,0.9034112095832825,11.266770362854004,5.576483249664307,8.496637344360352,4.175238132476807,0.3118652403354645,0.6865062117576599,21.879634857177734,0.5449914336204529,1.4350091218948364,9.074965476989746,14.617259979248047,1.2046067714691162,-0.9088656306266785,-13.930252075195312,0.015156781300902367,1.0838395357131958,1.1361974477767944,0.734236478805542,4.939933776855469,0.47901850938796997,7.466649532318115,1.0376369953155518,18.46261215209961,0.45513826608657837,607.6968383789062,0.41580697894096375,1263.259765625,0.18216995894908905,-69.96702575683594,-1.2463959455490112,1610.730224609375,0.16274648904800415,930.4109497070312,0.3177996277809143,-71.41439819335938,-1.1732430458068848,2610.4794921875,0.11696847528219223,834.982177734375,0.30578020215034485,-73.29071807861328,-1.1256154775619507,-9.46489143371582,-0.5618338584899902,17.2523250579834,0.35219621658325195,0.04257036745548248,0.4638640880584717,-0.01677006296813488,-0.7590683698654175,0.3673437833786011,0.5669018626213074,25.471315383911133,0.33111637830734253,-1.965107798576355,-5.908076763153076,15.641921043395996,1.249796748161316,-2.20855450630188,-5.942091464996338,-8.055946350097656,14.476834297180176,0.038379985839128494,-0.005833239294588566,0.20643125474452972,4.615384578704834,3.4883720874786377,0.1837037056684494,0.16088062524795532,0.08576922863721848,0.07766659557819366,-22.652259826660156,SPEAKER_00,14869.426,14877.239,7.813000000000102,151
26.7066707611084,0.10479190945625305,25.013317108154297,26.205650329589844,28.188732147216797,3.1754150390625,257.4526062011719,434.6285095214844,33.222389221191406,26.699928283691406,0.8048514723777771,0.5515878796577454,0.33137109875679016,0.8060188293457031,1.2092950344085693,0.8779239654541016,11.995360374450684,7.284735202789307,6.6536173820495605,3.448362112045288,0.3105061650276184,0.6568942070007324,23.154211044311523,0.5301820039749146,2.729414701461792,4.502089977264404,17.83108139038086,1.082947015762329,-0.23335152864456177,-61.512577056884766,0.017312921583652496,1.1040855646133423,1.1921391487121582,0.8467026352882385,5.08254337310791,0.45829057693481445,5.137403964996338,1.6514415740966797,19.897293090820312,0.49408119916915894,808.1692504882812,0.34295085072517395,1170.2147216796875,0.28184613585472107,-73.14019012451172,-1.1729997396469116,1794.231201171875,0.1515040099620819,916.0980224609375,0.2701820433139801,-71.39220428466797,-1.1628605127334595,2834.5224609375,0.11124686151742935,798.283447265625,0.3122135102748871,-73.4404067993164,-1.1132524013519287,-10.641571998596191,-0.575565755367279,17.836408615112305,0.42198288440704346,0.04771129786968231,0.5097547769546509,-0.01528919953852892,-0.9923303723335266,0.3805047273635864,0.512260377407074,26.554052352905273,0.3768029808998108,0.009774625301361084,1196.39453125,20.221961975097656,1.023226261138916,0.4355151355266571,34.1960334777832,-8.168790817260742,14.94823932647705,0.04901038110256195,-0.0036994481924921274,0.1731518805027008,4.063604354858398,3.392857313156128,0.1910526305437088,0.153858944773674,0.09749999642372131,0.09877372533082962,-22.285831451416016,SPEAKER_00,14877.728,14883.398,5.670000000000073,152
28.06403160095215,0.06796864420175552,25.758100509643555,28.6116886138916,29.660964965820312,3.902864456176758,94.63101196289062,98.60637664794922,27.366230010986328,21.886199951171875,0.9210751056671143,0.610530436038971,0.3846493661403656,0.8626942038536072,1.409023642539978,1.02437424659729,18.33736801147461,7.983922004699707,9.195586204528809,4.43346643447876,0.354655921459198,0.8430098295211792,18.239213943481445,0.8639641404151917,0.13813409209251404,93.05807495117188,15.041979789733887,1.2514818906784058,1.8923063278198242,6.202040672302246,0.012290616519749165,0.9524742960929871,1.0749861001968384,0.7243281602859497,5.436586856842041,0.5201316475868225,4.262059211730957,2.2228586673736572,16.71719741821289,0.5290347933769226,656.896728515625,0.42239078879356384,1204.8211669921875,0.24988959729671478,-87.21244812011719,-1.0610812902450562,1659.4642333984375,0.16999268531799316,898.2666625976562,0.3186580240726471,-84.93014526367188,-1.0461515188217163,2672.533935546875,0.12010142207145691,828.4918212890625,0.24693797528743744,-86.46302795410156,-1.0126241445541382,-8.110193252563477,-0.6889594793319702,15.271051406860352,0.4316369295120239,0.05412236228585243,0.4251297116279602,-0.0158830638974905,-0.7639229893684387,0.48494264483451843,0.637566864490509,25.300607681274414,0.3665912449359894,-4.318447589874268,-2.4583356380462646,15.395782470703125,1.2618918418884277,2.020209312438965,6.130595684051514,-3.341371774673462,9.250519752502441,0.04816100746393204,-0.0033648323733359575,0.17215979099273682,4.487179756164551,2.931596040725708,0.1966666579246521,0.13759845495224,0.11100000143051147,0.09246080368757248,-21.661832809448242,SPEAKER_00,14885.93,14889.068,3.1379999999990105,154
27.650659561157227,0.06668345630168915,25.65941619873047,27.869422912597656,29.469860076904297,3.810443878173828,63.37197494506836,59.589256286621094,6.600578308105469,5.644689083099365,1.0182526111602783,0.5619053244590759,0.3894291818141937,0.9663197994232178,1.6292880773544312,1.239858865737915,16.47109603881836,7.526073932647705,8.635478019714355,3.807549238204956,0.4004491865634918,0.7314743399620056,16.972421646118164,0.7479771375656128,-0.10277538746595383,-135.7340850830078,18.30620574951172,1.0366711616516113,2.272145986557007,5.461515426635742,0.013692323118448257,0.9109882116317749,1.2663519382476807,0.6236215233802795,4.854134559631348,0.44636207818984985,6.111645221710205,1.369810700416565,15.632734298706055,0.5430793762207031,718.6009521484375,0.4665193557739258,1208.6053466796875,0.2527814209461212,-77.79187774658203,-1.1682846546173096,1698.3543701171875,0.1640578955411911,906.1821899414062,0.23202741146087646,-78.02887725830078,-1.1392840147018433,2684.978271484375,0.11354906857013702,874.6334838867188,0.3169950246810913,-78.99089050292969,-1.1186671257019043,-7.092620849609375,-0.6686758995056152,13.58831787109375,0.44722646474838257,0.02943921461701393,0.6297066807746887,-0.018000995740294456,-0.5529193878173828,0.5430987477302551,0.49386200308799744,23.274200439453125,0.2891799807548523,-6.770966053009033,-1.5211114883422852,22.636507034301758,0.831003725528717,0.40687501430511475,29.861474990844727,-4.62293815612793,10.453907012939453,0.026609105989336967,-0.005654776934534311,0.17660163342952728,4.501607894897461,2.622950792312622,0.23250000178813934,0.09297177195549011,0.1287499964237213,0.08594147861003876,-21.026763916015625,SPEAKER_00,14894.401,14897.523,3.121999999999389,156
27.245195388793945,0.12345094233751297,25.293621063232422,27.40941619873047,29.172624588012695,3.8790035247802734,489.45867919921875,1039.9986572265625,33.09379577636719,45.57623291015625,0.8567073345184326,0.627190887928009,0.2944090962409973,0.8126670122146606,1.3580772876739502,1.0636682510375977,13.145960807800293,7.494872570037842,8.549286842346191,4.106968879699707,0.33894941210746765,0.7992556095123291,16.25572967529297,0.953522264957428,3.95054030418396,3.6877121925354004,17.091262817382812,1.2097105979919434,4.05606746673584,2.88608455657959,0.01649300381541252,1.0365030765533447,1.1960028409957886,0.6723560094833374,4.720954418182373,0.5467947721481323,5.79463529586792,1.49343740940094,17.442119598388672,0.5340129137039185,680.617431640625,0.47593000531196594,1143.031982421875,0.2729972004890442,-89.4289779663086,-1.0377897024154663,1720.44921875,0.1622316539287567,828.4288330078125,0.3176632821559906,-88.23965454101562,-1.0100353956222534,2702.388916015625,0.12490914762020111,858.4013061523438,0.3048998713493347,-88.13766479492188,-1.0117335319519043,-9.393314361572266,-0.6894097328186035,15.407304763793945,0.47411617636680603,0.03191966935992241,0.6900758743286133,-0.01643388159573078,-0.7244971990585327,0.460523396730423,0.5543677806854248,23.047073364257812,0.44244492053985596,-0.12871965765953064,-95.7131576538086,24.52741050720215,0.8717401027679443,4.510900497436523,3.0473875999450684,-3.748171329498291,9.65174388885498,0.03518157824873924,-0.0012152290437370539,0.16764883697032928,4.301074981689453,2.702702760696411,0.20919999480247498,0.13590937852859497,0.14000000059604645,0.16458432376384735,-21.80463218688965,SPEAKER_00,14902.619,14911.934,9.31499999999869,159
26.316452026367188,0.0641205832362175,24.889883041381836,26.762781143188477,27.596582412719727,2.7066993713378906,17.908756256103516,11.742915153503418,17.345922470092773,11.657247543334961,0.9049856662750244,0.594651460647583,0.35345759987831116,0.8654701113700867,1.3870220184326172,1.0335644483566284,13.887040138244629,6.645975112915039,11.293252944946289,5.734794616699219,0.38316968083381653,0.6925979852676392,22.331817626953125,0.4934329688549042,0.26288989186286926,48.7958869934082,19.836265563964844,0.7676149606704712,6.947516918182373,1.645397663116455,0.017008520662784576,0.8914507627487183,1.3348538875579834,0.6467720866203308,4.440478324890137,0.5016807913780212,7.865005970001221,1.0193660259246826,20.33474349975586,0.4128129780292511,741.3622436523438,0.3830152153968811,1206.164306640625,0.2304317206144333,-61.083011627197266,-1.3404936790466309,1717.1953125,0.16004471480846405,942.0546264648438,0.21216662228107452,-58.782073974609375,-1.3634240627288818,2729.44873046875,0.1177603155374527,813.9452514648438,0.24467812478542328,-61.76795196533203,-1.2678637504577637,-9.488570213317871,-0.6550397276878357,16.45368766784668,0.40717533230781555,0.02542940527200699,0.7585635185241699,-0.008229746483266354,-1.2614727020263672,0.45008549094200134,0.5820004343986511,25.407997131347656,0.3226831555366516,-2.6737191677093506,-4.467214584350586,21.337568283081055,0.7351033091545105,7.773306369781494,1.493366003036499,-7.328189373016357,13.633071899414062,0.027986492961645126,-0.003452221630141139,0.21166189014911652,5.199306964874268,2.7972028255462646,0.25312498211860657,0.2161225974559784,0.08312499523162842,0.05192768573760986,-21.47067642211914,SPEAKER_00,14918.971,14924.759,5.788000000000466,162
27.574819564819336,0.07318195700645447,26.045595169067383,27.56328582763672,28.680910110473633,2.63531494140625,107.49894714355469,148.72857666015625,19.75128936767578,17.780109405517578,1.0083975791931152,0.5537152886390686,0.41802603006362915,0.9648637771606445,1.5393311977386475,1.121305227279663,14.37686824798584,7.135245323181152,10.779728889465332,5.220740795135498,0.4038997292518616,0.6788199543952942,19.99643898010254,0.660440981388092,-1.237998366355896,-12.214998245239258,12.472262382507324,1.4706366062164307,1.7920293807983398,6.98708438873291,0.01681617833673954,1.5519291162490845,1.2444428205490112,0.7391327023506165,4.624534606933594,0.5694224238395691,6.14113187789917,1.4473737478256226,16.61885643005371,0.5922891497612,667.1309814453125,0.4374258816242218,1194.059814453125,0.21716482937335968,-68.6898422241211,-1.2823972702026367,1663.3680419921875,0.16451513767242432,940.971435546875,0.24589738249778748,-66.84761810302734,-1.2732713222503662,2661.831298828125,0.12185472995042801,855.7369995117188,0.3722464144229889,-69.7184829711914,-1.193029761314392,-7.624858379364014,-0.6956154108047485,15.12103271484375,0.4632728397846222,0.031083205714821815,0.6233550310134888,-0.014708655886352062,-0.6930466890335083,0.48450878262519836,0.5329715013504028,24.5428466796875,0.358691930770874,-5.775821208953857,-2.093130350112915,14.782103538513184,1.281101942062378,1.8003555536270142,7.04916524887085,-5.360629081726074,10.926254272460938,0.031375590711832047,-0.0069493395276367664,0.24199837446212769,4.881450653076172,2.9535865783691406,0.22333332896232605,0.1776120364665985,0.09949999302625656,0.07486487179994583,-21.001588821411133,SPEAKER_00,14925.738,14932.927,7.189000000000306,163
27.218246459960938,0.12415236234664917,24.659591674804688,27.448226928710938,29.515892028808594,4.856300354003906,69.78781127929688,78.5068588256836,21.622600555419922,16.338348388671875,0.8847969174385071,0.6047472953796387,0.34275734424591064,0.8139759302139282,1.3682565689086914,1.0254992246627808,12.554946899414062,7.564623832702637,8.929549217224121,4.817615032196045,0.3635058104991913,0.7757019400596619,21.65404510498047,0.5409865975379944,-0.7967641353607178,-16.518728256225586,16.247135162353516,1.2133753299713135,2.897512435913086,4.357241153717041,0.019654473289847374,1.649276614189148,1.2087695598602295,0.661821186542511,4.681543827056885,0.5255170464515686,6.55441951751709,1.2270201444625854,17.761857986450195,0.615074098110199,746.0297241210938,0.3617534041404724,1180.6771240234375,0.2536844313144684,-80.48069763183594,-1.1036070585250854,1761.9503173828125,0.15567168593406677,940.0333251953125,0.2580502927303314,-79.70578002929688,-1.0803260803222656,2763.19287109375,0.11705105006694794,892.1012573242188,0.322252482175827,-81.46004486083984,-1.0423094034194946,-9.010442733764648,-0.7390916347503662,15.419257164001465,0.4612584710121155,0.02802974358201027,0.6421074271202087,-0.014540554955601692,-0.9415885806083679,0.4706982970237732,0.6026206016540527,24.66643524169922,0.37373700737953186,-3.1663591861724854,-3.9115805625915527,17.718097686767578,1.0993260145187378,2.7193186283111572,5.217170238494873,-7.268195152282715,12.940431594848633,0.025124963372945786,-0.006423270795494318,0.19142934679985046,3.846153974533081,3.3766233921051025,0.17846152186393738,0.18940578401088715,0.08999999612569809,0.05756983160972595,-21.70064353942871,SPEAKER_00,14934.057,14937.972,3.914999999999054,164
28.54905891418457,0.08382926881313324,26.718578338623047,28.813112258911133,29.608623504638672,2.890045166015625,88.83932495117188,112.69203186035156,20.345428466796875,17.027557373046875,0.998945415019989,0.5948095917701721,0.34729939699172974,0.9697979092597961,1.5498363971710205,1.2025370597839355,15.046500205993652,8.361048698425293,10.427738189697266,4.90068244934082,0.4033312499523163,0.7794275879859924,20.779285430908203,0.6138853430747986,2.067556381225586,6.348145008087158,18.843997955322266,1.1037920713424683,1.5823763608932495,9.184907913208008,0.011586012318730354,1.2902677059173584,1.0928105115890503,0.7032560706138611,5.930135250091553,0.41448676586151123,6.736227035522461,1.421918272972107,17.786108016967773,0.5511128902435303,780.638427734375,0.37917453050613403,1141.74853515625,0.2905336618423462,-57.248619079589844,-1.3834642171859741,1786.6240234375,0.157226100564003,921.5387573242188,0.3484155535697937,-56.94549560546875,-1.3179813623428345,2793.99755859375,0.11958018690347672,844.3966064453125,0.3010198175907135,-57.932952880859375,-1.2859086990356445,-9.859436988830566,-0.7024874687194824,15.798845291137695,0.5202558040618896,0.040537409484386444,0.5985037088394165,-0.015606795437633991,-0.9897218942642212,0.45876049995422363,0.7019721269607544,23.761207580566406,0.4113076627254486,-0.312499076128006,-39.6235237121582,21.232595443725586,1.0439990758895874,2.356536626815796,6.553093433380127,-6.544699192047119,12.139420509338379,0.03088504821062088,-0.006471422500908375,0.2424660623073578,4.101839065551758,3.1339030265808105,0.2327272742986679,0.17157508432865143,0.06809523701667786,0.06863422691822052,-20.48299789428711,SPEAKER_00,14942.815,14949.903,7.087999999999738,166
28.539852142333984,0.09642907977104187,26.659711837768555,28.46509552001953,29.459352493286133,2.799640655517578,312.6829833984375,482.6475830078125,39.182533264160156,34.191104888916016,1.0550624132156372,0.5300045013427734,0.502159833908081,0.9842278957366943,1.6172329187393188,1.1150730848312378,14.626609802246094,7.938819885253906,10.624561309814453,6.343154430389404,0.4141468107700348,0.6739218235015869,16.317941665649414,1.0112777948379517,2.9666635990142822,4.877932071685791,16.604822158813477,1.1891658306121826,3.103116273880005,4.517857551574707,0.016393784433603287,1.747214674949646,1.1725244522094727,0.7286718487739563,5.233388900756836,0.510643720626831,3.991441488265991,2.148789405822754,16.380699157714844,0.4472549259662628,804.7026977539062,0.3585487902164459,1153.582763671875,0.33487245440483093,-68.90217590332031,-1.2517952919006348,1799.1068115234375,0.15014606714248657,914.3097534179688,0.27487775683403015,-65.6664047241211,-1.267708659172058,2785.580810546875,0.10206494480371475,794.182861328125,0.263712614774704,-67.31271362304688,-1.2170968055725098,-8.108654022216797,-0.6226887106895447,14.315927505493164,0.45188021659851074,0.05241435021162033,0.4423381984233856,-0.013757672160863876,-0.8253583908081055,0.5103234648704529,0.52108234167099,22.69367218017578,0.434337317943573,-2.2468655109405518,-4.7558183670043945,19.793737411499023,1.046960473060608,3.78340744972229,3.880779504776001,-2.5067734718322754,8.063286781311035,0.04457978531718254,-0.0033910442143678665,0.19580774009227753,4.336399555206299,2.5132274627685547,0.27105262875556946,0.23632925748825073,0.1111111044883728,0.08445175737142563,-20.35792350769043,SPEAKER_00,14955.286,14962.913,7.6270000000004075,168
29.027376174926758,0.10689171403646469,27.109710693359375,28.839332580566406,30.447818756103516,3.3381080627441406,23.371906280517578,10.597691535949707,50.616058349609375,36.87006378173828,0.9872554540634155,0.558638870716095,0.40620124340057373,0.9739201664924622,1.5083518028259277,1.102150559425354,12.812580108642578,5.203510761260986,10.90969181060791,5.562887191772461,0.3977665305137634,0.7089687585830688,17.537080764770508,0.7761668562889099,1.3803123235702515,8.874117851257324,16.428985595703125,1.1610455513000488,2.048062324523926,6.949769973754883,0.019794736057519913,2.3921213150024414,1.2543801069259644,0.7905248403549194,5.433382034301758,0.5164547562599182,3.8833017349243164,2.364041566848755,16.996782302856445,0.5495550632476807,846.2735595703125,0.3327176868915558,1125.9521484375,0.3194687068462372,-76.53515625,-1.1491726636886597,1838.5150146484375,0.15392997860908508,937.783935546875,0.27903878688812256,-72.2203140258789,-1.1984469890594482,2846.472412109375,0.11190104484558105,839.4456176757812,0.39819416403770447,-74.48536682128906,-1.1401798725128174,-8.361570358276367,-0.708523690700531,14.121023178100586,0.4711538255214691,0.05467769131064415,0.394428014755249,-0.017211852595210075,-0.8065009117126465,0.49313369393348694,0.5341497659683228,22.717451095581055,0.4426967203617096,-1.6772499084472656,-7.121753215789795,16.6318416595459,1.1782991886138916,3.3251049518585205,4.317997455596924,-3.5814011096954346,8.341546058654785,0.04206976667046547,-0.005876854993402958,0.21720480918884277,5.010438442230225,2.5316457748413086,0.2541666626930237,0.1425633430480957,0.11916666477918625,0.09861188381910324,-20.897863388061523,SPEAKER_00,14964.635,14969.444,4.808999999999287,169
28.221485137939453,0.0698823407292366,26.673051834106445,28.22291374206543,29.981121063232422,3.3080692291259766,59.9831657409668,65.6056137084961,16.368879318237305,7.917114734649658,0.8390017747879028,0.5955512523651123,0.31938040256500244,0.8346468806266785,1.2603580951690674,0.9409776926040649,14.129656791687012,7.59365177154541,8.770429611206055,4.654284954071045,0.33107805252075195,0.7969341278076172,17.744447708129883,0.7713783383369446,4.384714126586914,3.274012804031372,17.356027603149414,1.0868953466415405,3.502309560775757,3.6115264892578125,0.016765490174293518,1.2518175840377808,1.2305302619934082,0.7415615320205688,4.696732521057129,0.5682339668273926,3.712343454360962,2.076831102371216,17.000038146972656,0.42556414008140564,623.0390014648438,0.4674433469772339,1212.2703857421875,0.23397211730480194,-80.72293853759766,-1.111278772354126,1629.182861328125,0.17228300869464874,920.6289672851562,0.2824757397174835,-81.11090850830078,-1.0582786798477173,2602.8984375,0.11823951452970505,857.6931762695312,0.2553446888923645,-81.9117202758789,-1.0400352478027344,-8.774524688720703,-0.5617350339889526,15.360885620117188,0.4274355173110962,0.05236144736409187,0.3506416976451874,-0.01418003998696804,-0.7067714929580688,0.42231816053390503,0.6368126273155212,22.695858001708984,0.44210177659988403,-0.3738318085670471,-28.87146759033203,19.925128936767578,0.9682590961456299,3.127718925476074,4.5286383628845215,-6.46337366104126,11.256484985351562,0.040985554456710815,-0.009187847375869751,0.18600034713745117,4.3723554611206055,3.6931817531585693,0.16038461029529572,0.14372731745243073,0.09708333015441895,0.13039934635162354,-22.40104103088379,SPEAKER_00,14976.599,14983.703,7.10399999999936,172
27.469884872436523,0.05757717788219452,26.1036434173584,27.85944938659668,28.986894607543945,2.883251190185547,81.30567169189453,98.8656234741211,15.535941123962402,7.951719760894775,1.016288161277771,0.4363166093826294,0.6249632239341736,1.0123258829116821,1.3951287269592285,0.7701655030250549,11.814742088317871,5.267987251281738,9.027521133422852,5.011096000671387,0.4097134470939636,0.5174934267997742,20.23972511291504,0.7474731206893921,3.8793022632598877,3.8823025226593018,14.327642440795898,1.3571810722351074,2.457023859024048,5.447341442108154,0.013642060570418835,1.094038724899292,1.234505534172058,0.6228905320167542,5.399980545043945,0.4309833347797394,7.57089900970459,1.199594497680664,19.035818099975586,0.37541434168815613,684.5667724609375,0.43508875370025635,1172.43359375,0.23816393315792084,-60.12833786010742,-1.3159921169281006,1674.2481689453125,0.17690089344978333,953.856201171875,0.2955290377140045,-60.633419036865234,-1.2672165632247925,2671.9765625,0.12003527581691742,850.5503540039062,0.30375048518180847,-63.038875579833984,-1.19602370262146,-9.370457649230957,-0.48398467898368835,17.087993621826172,0.34849801659584045,0.024804674088954926,0.8429235816001892,-0.013385732658207417,-0.712421178817749,0.44373422861099243,0.4643407166004181,24.27760887145996,0.43169841170310974,-0.2583158612251282,-45.9852180480957,16.387821197509766,1.294028878211975,3.753319501876831,3.6893787384033203,-5.524231433868408,11.65485668182373,0.027285752817988396,-0.008895657025277615,0.3384350538253784,5.639913082122803,4.166666507720947,0.16631577908992767,0.1226123794913292,0.05882352590560913,0.026542384177446365,-20.82537269592285,SPEAKER_00,14997.102,15001.726,4.623999999999796,177
27.85262680053711,0.14677445590496063,25.962390899658203,27.62278175354004,28.892566680908203,2.93017578125,102.0548095703125,132.4625701904297,31.41387367248535,14.415067672729492,0.9442371726036072,0.5437545776367188,0.35194554924964905,0.9229269623756409,1.4171466827392578,1.0652011632919312,12.751750946044922,6.281485557556152,9.376739501953125,5.290283203125,0.3849286735057831,0.7427938580513,22.46438217163086,0.6799930930137634,-2.4903783798217773,-5.091128349304199,15.777203559875488,1.383737325668335,4.627243995666504,2.744488477706909,0.016231020912528038,1.2201699018478394,1.1407488584518433,0.6840214133262634,4.968728065490723,0.6378933787345886,7.263305187225342,1.1482458114624023,17.87754249572754,0.5419341921806335,758.7546997070312,0.35975611209869385,1208.78369140625,0.26001331210136414,-63.297725677490234,-1.3483872413635254,1765.2987060546875,0.14742861688137054,915.419921875,0.2785051465034485,-62.375091552734375,-1.3044745922088623,2779.5625,0.11492644995450974,907.2225341796875,0.2888610363006592,-64.0365219116211,-1.2587389945983887,-8.707270622253418,-0.7386447787284851,14.6834077835083,0.5109100937843323,0.02745341882109642,0.6976075172424316,-0.016953498125076294,-0.8485445976257324,0.46611419320106506,0.5808531045913696,27.28373146057129,0.34089505672454834,-5.316554546356201,-2.191464424133301,20.448261260986328,1.1369662284851074,4.414041996002197,2.974787473678589,-3.908675193786621,9.886479377746582,0.026278121396899223,-0.0037350484635680914,0.1848214715719223,4.073319911956787,2.2633745670318604,0.31090909242630005,0.17809365689754486,0.1344444453716278,0.2118758112192154,-21.268321990966797,SPEAKER_00,15026.431,15031.358,4.92699999999968,185
28.159940719604492,0.09734173119068146,25.26712417602539,28.056669235229492,30.535602569580078,5.2684783935546875,91.01762390136719,102.906005859375,15.001862525939941,5.876436233520508,0.948415219783783,0.5347031354904175,0.39558184146881104,0.9472659230232239,1.3554003238677979,0.9598184823989868,13.922834396362305,7.200010776519775,11.200675964355469,4.9493327140808105,0.43237337470054626,0.6919835805892944,22.351329803466797,0.6295250654220581,2.522280693054199,6.309945583343506,10.240352630615234,1.5842273235321045,1.325722575187683,11.32380199432373,0.016129447147250175,1.215069055557251,1.267133355140686,0.7104260325431824,5.1431498527526855,0.4692472517490387,3.9432036876678467,2.5865228176116943,17.766210556030273,0.43273481726646423,710.8438720703125,0.4157227575778961,1210.29931640625,0.20147018134593964,-81.6135025024414,-1.1147366762161255,1688.0416259765625,0.1658848524093628,945.6161499023438,0.21982252597808838,-80.97714233398438,-1.0766446590423584,2723.762939453125,0.1209927573800087,747.4821166992188,0.3235842287540436,-83.88042449951172,-1.01473069190979,-9.160085678100586,-0.5891020894050598,17.124526977539062,0.3759709298610687,0.040156397968530655,0.6588923335075378,-0.012226765975356102,-1.227792501449585,0.4973289370536804,0.5574727058410645,26.665605545043945,0.31234320998191833,-3.963304281234741,-3.146731376647949,11.155925750732422,1.7389730215072632,1.6281505823135376,9.50955867767334,-9.348724365234375,16.556060791015625,0.01720098964869976,-0.008588376455008984,0.34534892439842224,5.250596523284912,3.3898303508758545,0.17499999701976776,0.11210645735263824,0.10846153646707535,0.09709996730089188,-21.212032318115234,SPEAKER_00,15192.481,15196.683,4.202000000001135,231
27.370771408081055,0.17370742559432983,25.17182159423828,26.855361938476562,28.463035583496094,3.2912139892578125,11.121417045593262,4.241162300109863,121.73764038085938,162.7720947265625,0.993341863155365,0.4780086278915405,0.5273333191871643,0.9412602186203003,1.3636221885681152,0.8362888693809509,12.954648971557617,7.309961318969727,11.303972244262695,4.672797203063965,0.4322245121002197,0.6696397066116333,18.59870719909668,0.9181010127067566,3.9354896545410156,3.806549310684204,13.54161262512207,1.4340393543243408,1.1394891738891602,12.039121627807617,0.01497839204967022,0.8526871800422668,1.2847009897232056,0.7523834705352783,4.448265075683594,0.6264117360115051,5.354027271270752,1.2235069274902344,19.519927978515625,0.4330728352069855,762.928955078125,0.34589946269989014,1227.6875,0.22775055468082428,-62.622100830078125,-1.3026145696640015,1763.25048828125,0.1475151628255844,942.6626586914062,0.24021084606647491,-61.30875778198242,-1.2768112421035767,2772.8115234375,0.11472579836845398,879.1529541015625,0.33234912157058716,-63.47860336303711,-1.2019892930984497,-8.878965377807617,-0.718249499797821,14.571256637573242,0.5219237208366394,0.04070507735013962,0.5298129916191101,-0.01473298016935587,-0.9038561582565308,0.46893560886383057,0.6623877286911011,24.300582885742188,0.4955677092075348,-0.4715918004512787,-28.8913631439209,14.398734092712402,1.3930695056915283,1.9105396270751953,7.013863563537598,-1.5575857162475586,6.34464693069458,0.032735951244831085,-0.006894036661833525,0.35873767733573914,5.952381134033203,3.7931036949157715,0.18318182229995728,0.11952125281095505,0.06842105090618134,0.03391369432210922,-21.22275161743164,SPEAKER_00,15207.297,15213.187,5.889999999999418,235
27.282360076904297,0.06042905151844025,25.88936996459961,27.076637268066406,28.603351593017578,2.7139816284179688,89.24819946289062,152.53480529785156,70.81272888183594,82.82292938232422,0.9419904947280884,0.5286113619804382,0.40104010701179504,0.8942323327064514,1.4272853136062622,1.0262452363967896,11.996870040893555,4.771169185638428,10.96260929107666,5.428534984588623,0.36946937441825867,0.6993148326873779,20.045913696289062,0.6356169581413269,-1.452789545059204,-8.859583854675293,12.311190605163574,1.5319240093231201,6.470235824584961,1.7635064125061035,0.018834762275218964,1.8560205698013306,1.260864496231079,0.8261626958847046,4.605196475982666,0.5187077522277832,6.9160895347595215,1.1096696853637695,14.127326965332031,0.5706943273544312,598.5267944335938,0.42714443802833557,1237.6324462890625,0.2266138643026352,-79.3664321899414,-1.1285429000854492,1610.6566162109375,0.15501366555690765,921.996337890625,0.35559892654418945,-77.54788970947266,-1.1113760471343994,2565.92822265625,0.12095628678798676,927.2484741210938,0.22316229343414307,-77.9097900390625,-1.1026890277862549,-6.810687065124512,-0.7193345427513123,11.973934173583984,0.42798617482185364,0.04221903905272484,0.45215633511543274,-0.016893938183784485,-0.6995635628700256,0.46656572818756104,0.5361524224281311,23.785301208496094,0.36436182260513306,-4.935941696166992,-2.424358367919922,14.458695411682129,1.3130226135253906,6.913499355316162,1.7233643531799316,-6.43881368637085,11.090682029724121,0.03312218561768532,-0.007139469496905804,0.21285218000411987,4.424778938293457,3.5928144454956055,0.16833333671092987,0.12680912017822266,0.08230768889188766,0.03598158434033394,-21.98232650756836,SPEAKER_00,15213.794,15217.203,3.4089999999996508,236
28.941938400268555,0.1046108677983284,27.178245544433594,28.24026107788086,30.228286743164062,3.0500411987304688,118.8600082397461,118.44957733154297,20.146684646606445,5.165887832641602,1.0146487951278687,0.5470473766326904,0.42439642548561096,0.9666926264762878,1.5445643663406372,1.1201679706573486,14.333775520324707,6.84904146194458,12.594168663024902,5.942940711975098,0.4462842643260956,0.6684777140617371,23.05990982055664,0.5236395001411438,3.6506171226501465,3.975709915161133,15.348206520080566,1.1163486242294312,5.264096260070801,3.2004542350769043,0.018662620335817337,1.296876311302185,1.1515016555786133,0.6571163535118103,6.2413835525512695,0.41657137870788574,7.5227437019348145,1.2920001745224,20.872798919677734,0.5520342588424683,785.7470703125,0.31807857751846313,1220.720703125,0.15825681388378143,-55.299591064453125,-1.385424017906189,1798.3272705078125,0.13933929800987244,937.5669555664062,0.3398284912109375,-56.73283386230469,-1.2835160493850708,2836.331298828125,0.121610626578331,987.6318359375,0.36668261885643005,-60.03519058227539,-1.1807875633239746,-10.948309898376465,-0.6941745281219482,16.9158878326416,0.5100291967391968,0.034917738288640976,0.6747387051582336,-0.015226748771965504,-0.849450409412384,0.4966452717781067,0.6186615228652954,25.907262802124023,0.3511156737804413,0.8548492789268494,16.29317855834961,14.719010353088379,1.176164984703064,4.073422908782959,4.343873977661133,-8.86532974243164,13.592901229858398,0.008045598864555359,-0.007916565053164959,0.31357666850090027,4.834605693817139,3.875969171524048,0.18799999356269836,0.11799434572458267,0.0663636326789856,0.07035916298627853,-20.172786712646484,SPEAKER_00,15222.586,15226.535,3.949000000000524,238
26.39771270751953,0.11345187574625015,23.511018753051758,26.30487060546875,28.84043312072754,5.329414367675781,125.43549346923828,91.5669937133789,12.653938293457031,8.928932189941406,0.9358236789703369,0.5518919229507446,0.4199938178062439,0.8952960968017578,1.453923225402832,1.0339293479919434,14.286998748779297,6.862884521484375,11.336748123168945,5.617647647857666,0.42867332696914673,0.6582316756248474,24.43451499938965,0.41232529282569885,-0.40451422333717346,-28.545162200927734,15.258769989013672,1.227843999862671,4.074827194213867,3.0990922451019287,0.021609658375382423,1.332319736480713,1.4533964395523071,0.6361075043678284,4.037050724029541,0.5555633902549744,5.925309181213379,1.8247519731521606,19.39960479736328,0.5301951169967651,722.0289916992188,0.40576401352882385,1210.672607421875,0.2364760935306549,-67.0510025024414,-1.2776997089385986,1728.2288818359375,0.15980497002601624,928.127197265625,0.23951555788516998,-68.38610076904297,-1.2075564861297607,2723.22265625,0.12481915205717087,878.355224609375,0.27850499749183655,-70.82844543457031,-1.1437592506408691,-9.399686813354492,-0.5826421976089478,16.496231079101562,0.39652037620544434,0.020587170496582985,0.9928900003433228,-0.01575324311852455,-0.8482711315155029,0.5204626321792603,0.49899065494537354,26.87290382385254,0.30349478125572205,-2.7681562900543213,-4.248971462249756,15.780759811401367,1.3045918941497803,4.353913307189941,3.1289029121398926,-8.903244972229004,14.650749206542969,0.014797106385231018,-0.006817654240876436,0.23994259536266327,5.623472213745117,2.97029709815979,0.2241666615009308,0.12113755196332932,0.08461537957191467,0.047816213220357895,-21.28922462463379,SPEAKER_00,15227.007,15231.108,4.1010000000005675,239
26.808929443359375,0.07049165666103363,25.598474502563477,26.72844123840332,27.474679946899414,1.8762054443359375,17.07645606994629,4.3528289794921875,21.06447982788086,22.997739791870117,0.9778485894203186,0.5005170702934265,0.48365259170532227,0.9323388934135437,1.4280381202697754,0.9443855285644531,14.977309226989746,7.249948024749756,9.589838027954102,5.082070827484131,0.40666836500167847,0.5823282599449158,28.216716766357422,0.25714632868766785,-2.796889066696167,-3.873283863067627,20.847253799438477,0.8109682202339172,5.392960548400879,2.581643581390381,0.015034633688628674,1.3694061040878296,1.2486428022384644,0.7220723032951355,5.364978790283203,0.44497814774513245,6.103677272796631,1.5241012573242188,21.232013702392578,0.4347532093524933,774.9619750976562,0.34381458163261414,1159.96533203125,0.2143445760011673,-34.88508605957031,-1.8559402227401733,1796.248779296875,0.14560841023921967,853.1138916015625,0.2458202987909317,-35.855621337890625,-1.6973745822906494,2826.80859375,0.11117900907993317,825.6647338867188,0.34639403223991394,-38.68599319458008,-1.545522928237915,-11.003575325012207,-0.5545850396156311,17.014097213745117,0.3818293809890747,0.03663770109415054,0.6019126176834106,-0.013925575651228428,-1.0418972969055176,0.4439697861671448,0.5104968547821045,28.505863189697266,0.26540279388427734,-3.0482096672058105,-3.6177210807800293,20.75937271118164,0.8115056157112122,5.806792259216309,2.3942344188690186,-11.076862335205078,16.681873321533203,0.035102371126413345,-0.011389928869903088,0.22016561031341553,5.345211982727051,2.483070135116577,0.33636364340782166,0.366687148809433,0.05444444715976715,0.03337034955620766,-20.43429183959961,SPEAKER_00,15240.372,15244.878,4.506000000001222,242
28.145008087158203,0.05127084255218506,26.933349609375,28.154508590698242,29.459121704101562,2.5257720947265625,64.07955932617188,82.82063293457031,35.09852981567383,54.214866638183594,1.049125075340271,0.5756942629814148,0.41255971789360046,1.0091875791549683,1.6352299451828003,1.2226701974868774,12.829874992370605,6.882701396942139,13.074912071228027,7.9842400550842285,0.4166497588157654,0.7461458444595337,15.736759185791016,0.9928218126296997,1.8828282356262207,8.41609001159668,18.475841522216797,0.9809197783470154,6.749576568603516,1.7076265811920166,0.017558163031935692,1.6444510221481323,0.9836379885673523,0.5806956887245178,5.284026622772217,0.5051729083061218,3.444331645965576,2.5636794567108154,15.42742919921875,0.6038581132888794,778.0242919921875,0.38366395235061646,1101.44384765625,0.23842737078666687,-82.63059997558594,-1.0822253227233887,1790.823486328125,0.1448848843574524,875.2200317382812,0.25179973244667053,-76.98322296142578,-1.144710659980774,2748.65966796875,0.10473352670669556,810.513427734375,0.27116864919662476,-78.22322845458984,-1.1143118143081665,-7.811436176300049,-0.7907093167304993,13.216187477111816,0.5550647377967834,0.04992849752306938,0.3920685052871704,-0.01653534546494484,-0.6900222301483154,0.5503840446472168,0.49636197090148926,22.64679718017578,0.4291019141674042,-3.926872491836548,-3.229735851287842,22.269559860229492,0.9084092974662781,6.113312721252441,2.0652523040771484,-3.1337802410125732,8.260787963867188,0.03963513299822807,-0.0012838711263611913,0.19651290774345398,4.155124664306641,2.542372941970825,0.2433333396911621,0.14959202706813812,0.12777777016162872,0.18712905049324036,-20.0570068359375,SPEAKER_00,15251.527,15255.155,3.628000000000611,245
27.13035774230957,0.10468191653490067,25.472854614257812,27.212968826293945,28.47113800048828,2.9982833862304688,56.86553955078125,49.29428482055664,27.719507217407227,13.327343940734863,0.9877309203147888,0.5033864974975586,0.4790646433830261,0.9569911956787109,1.444871425628662,0.965806782245636,13.47109317779541,6.454914569854736,12.724093437194824,7.174929141998291,0.4325973093509674,0.632915735244751,15.878637313842773,0.8772833943367004,5.478702545166016,2.7768056392669678,34.85226058959961,0.5517110824584961,9.328877449035645,1.228257417678833,0.019552884623408318,1.4100496768951416,1.2850844860076904,0.6336067914962769,4.5044660568237305,0.49912694096565247,4.866726398468018,1.5540851354599,14.237838745117188,0.6978173851966858,697.319091796875,0.4516643285751343,1115.829345703125,0.2767653167247772,-74.02196502685547,-1.1549917459487915,1756.686767578125,0.14817890524864197,750.183349609375,0.3684900999069214,-75.3182601928711,-1.066778540611267,2705.08251953125,0.10617978125810623,924.6575927734375,0.25446629524230957,-72.02313232421875,-1.1472926139831543,-7.629691123962402,-0.6947451233863831,12.516562461853027,0.47884896397590637,0.038182031363248825,0.5524745583534241,-0.017023291438817978,-0.6615490317344666,0.49985864758491516,0.553168535232544,19.551185607910156,0.5105654001235962,1.4323289394378662,8.125201225280762,36.51787567138672,0.5945858955383301,8.000293731689453,1.4851678609848022,-5.185216903686523,8.632095336914062,0.028445972129702568,-0.007131048943847418,0.3219226896762848,5.351170539855957,4.421769142150879,0.14153845608234406,0.09054078161716461,0.06749999523162842,0.031124748289585114,-20.855932235717773,SPEAKER_00,15256.066,15259.07,3.003999999998996,246
26.692005157470703,0.0930103063583374,25.10917091369629,26.96371078491211,28.669775009155273,3.5606040954589844,92.348876953125,106.9058837890625,17.192039489746094,11.849595069885254,0.8653510212898254,0.6490551829338074,0.2614302635192871,0.8154813051223755,1.4244179725646973,1.1629877090454102,15.277118682861328,5.905811786651611,8.560136795043945,4.744076728820801,0.3455720543861389,0.8038589954376221,23.910404205322266,0.3986544907093048,0.14341862499713898,89.9749984741211,22.921005249023438,0.8113749623298645,7.271480083465576,1.7365981340408325,0.015184319578111172,1.3144067525863647,1.2073873281478882,0.7545918226242065,4.952217102050781,0.5364046692848206,4.696662902832031,2.2768027782440186,16.9837703704834,0.6014829277992249,706.1026611328125,0.4028281271457672,1199.201416015625,0.19773821532726288,-68.22769165039062,-1.2738922834396362,1730.0872802734375,0.15363530814647675,880.2740478515625,0.25577622652053833,-69.10511016845703,-1.2050540447235107,2713.2001953125,0.11769850552082062,877.2084350585938,0.289689838886261,-69.78755187988281,-1.1874247789382935,-9.618097305297852,-0.6094544529914856,15.724006652832031,0.42043358087539673,0.03682112321257591,0.7887405157089233,-0.015670297667384148,-0.8248545527458191,0.4427869915962219,0.6122236847877502,26.500076293945312,0.3046610951423645,-3.087528944015503,-4.182986736297607,22.78089714050293,0.8783918023109436,6.753736972808838,2.073352813720703,-10.920439720153809,16.915151596069336,0.015854299068450928,-0.0024126553907990456,0.13431711494922638,3.883495330810547,2.4469821453094482,0.27399998903274536,0.31080108880996704,0.1133333295583725,0.1024152860045433,-21.43105697631836,SPEAKER_00,15266.9,15273.093,6.1930000000011205,250
26.396541595458984,0.08076216280460358,25.09236717224121,26.195337295532227,27.234954833984375,2.142587661743164,92.31436157226562,148.89556884765625,11.16055965423584,10.359142303466797,0.814974844455719,0.6071422696113586,0.32746511697769165,0.7667279839515686,1.2260818481445312,0.8986167311668396,12.983599662780762,11.865765571594238,8.185234069824219,4.131350994110107,0.3465084433555603,0.8931336998939514,23.243206024169922,0.5288373231887817,2.9505717754364014,4.349398136138916,19.1431884765625,0.9567925930023193,2.477773666381836,5.257430076599121,0.015642492100596428,1.2183403968811035,1.2123819589614868,0.6840348839759827,5.279128074645996,0.41136258840560913,7.33058500289917,1.0735357999801636,21.77241325378418,0.4096718728542328,751.7901000976562,0.3560105860233307,1208.33740234375,0.1850065141916275,-67.74833679199219,-1.2861158847808838,1769.8414306640625,0.13902190327644348,885.1632080078125,0.2810423672199249,-70.35419464111328,-1.1812469959259033,2777.855224609375,0.11299847811460495,899.7275390625,0.34809744358062744,-71.80325317382812,-1.1440513134002686,-11.002967834472656,-0.5333691835403442,17.955995559692383,0.35097536444664,0.03779330477118492,0.625938892364502,-0.016271453350782394,-0.9169359803199768,0.42504000663757324,0.7953441143035889,27.039525985717773,0.3345554769039154,-0.14504344761371613,-82.28812408447266,20.59748077392578,1.0207195281982422,2.552250385284424,5.612029075622559,-8.87375259399414,15.090513229370117,0.016009097918868065,-0.0035823886282742023,0.18392308056354523,3.986135244369507,2.622377634048462,0.25333333015441895,0.1802467256784439,0.1066666692495346,0.06384007632732391,-21.74124526977539,SPEAKER_00,15273.295,15279.083,5.788000000000466,251
25.11675453186035,0.07462345063686371,23.007631301879883,25.25861358642578,26.541229248046875,3.533597946166992,77.71742248535156,80.2850112915039,14.225003242492676,7.800282001495361,0.8333770036697388,0.6199511289596558,0.3333045244216919,0.7165855169296265,1.3318830728530884,0.9985785484313965,13.497175216674805,6.380215644836426,10.067289352416992,5.327037334442139,0.3998771905899048,0.7270838022232056,22.247270584106445,0.4968031346797943,0.9136120676994324,15.51388168334961,22.885238647460938,0.7229087948799133,4.856847286224365,2.6433184146881104,0.01624562405049801,0.9503889679908752,1.5425472259521484,0.7739836573600769,3.1736340522766113,0.6421863436698914,3.710747480392456,1.3875564336776733,14.392359733581543,0.48734936118125916,748.0531005859375,0.41066476702690125,1230.7071533203125,0.25709304213523865,-117.15400695800781,-0.7801569104194641,1742.640380859375,0.1563568115234375,976.0606079101562,0.2752632200717926,-116.59683227539062,-0.7738253474235535,2715.68212890625,0.11040946841239929,829.1407470703125,0.2755644917488098,-117.03109741210938,-0.7652711272239685,-7.992201805114746,-0.6946069598197937,14.285327911376953,0.4886440932750702,0.0299107376486063,0.7077026963233948,-0.018719661980867386,-0.7862693071365356,0.5750855803489685,0.42566248774528503,27.807600021362305,0.2441152185201645,-7.6650872230529785,-1.6559717655181885,21.160871505737305,0.9529528617858887,1.2843958139419556,12.335636138916016,-10.394275665283203,16.359333038330078,-0.006195276975631714,-0.006980545818805695,0.2756402790546417,4.857142925262451,3.188405990600586,0.12727272510528564,0.09601996839046478,0.15166667103767395,0.18959753215312958,-22.238557815551758,SPEAKER_00,15279.725,15283.235,3.5100000000002183,252
28.155834197998047,0.09837468713521957,26.45343017578125,27.51805305480957,29.822473526000977,3.3690433502197266,140.5028533935547,172.76278686523438,56.308265686035156,105.41004943847656,0.8773890733718872,0.5781959891319275,0.3665177822113037,0.8417342901229858,1.3309701681137085,0.9644523859024048,17.050989151000977,8.507925033569336,8.895718574523926,3.6079630851745605,0.40052586793899536,0.7128419876098633,16.097679138183594,0.8076525926589966,9.466437339782715,1.2525924444198608,29.312244415283203,0.6049141883850098,7.565537452697754,2.1518988609313965,0.027743780985474586,1.7817870378494263,1.3760906457901,0.7911460995674133,5.638278484344482,0.4193800985813141,8.473642349243164,1.1288774013519287,18.713502883911133,0.5418679714202881,783.6919555664062,0.39824384450912476,1074.2001953125,0.2843245267868042,-82.65652465820312,-1.0474776029586792,1840.6864013671875,0.1348075121641159,848.8080444335938,0.39904141426086426,-79.48772430419922,-1.0456757545471191,2795.451171875,0.10196787863969803,819.3343505859375,0.32107311487197876,-77.71529388427734,-1.0861948728561401,-10.93960952758789,-0.6118229627609253,15.86584186553955,0.48207196593284607,0.038883574306964874,0.6949681043624878,-0.013207931071519852,-1.0694003105163574,0.5131535530090332,0.5512672066688538,19.548416137695312,0.4326583743095398,7.118171691894531,1.5384118556976318,32.263919830322266,0.5822456479072571,10.97422981262207,1.3715773820877075,-7.589934825897217,11.707038879394531,0.040819667279720306,-0.005667787976562977,0.20345455408096313,4.411765098571777,2.9723992347717285,0.21071428060531616,0.13440154492855072,0.10428571701049805,0.11536984145641327,-20.890792846679688,SPEAKER_00,15309.475,15314.251,4.77599999999984,258
27.420719146728516,0.0583040751516819,26.034603118896484,27.45039176940918,28.904510498046875,2.8699073791503906,147.7120819091797,162.17111206054688,15.01341724395752,4.744851589202881,0.9747000336647034,0.5777482986450195,0.3896224796772003,0.896872878074646,1.5216281414031982,1.1320056915283203,15.03534984588623,8.907891273498535,10.740761756896973,6.115888595581055,0.41541588306427,0.7310538291931152,20.741018295288086,0.6015808582305908,2.025001287460327,7.298023700714111,26.374351501464844,0.7262319326400757,6.342818260192871,1.9832026958465576,0.011645443737506866,0.8032165765762329,1.2466920614242554,0.7319667935371399,5.241186618804932,0.5091351270675659,8.60566520690918,0.9857397079467773,17.936237335205078,0.4955470860004425,690.5800170898438,0.4200136959552765,1160.865234375,0.22055481374263763,-67.39768981933594,-1.2731019258499146,1737.182373046875,0.15350854396820068,835.8847045898438,0.3595961034297943,-68.25357055664062,-1.185254693031311,2706.8857421875,0.1143895760178566,864.1904907226562,0.3035808801651001,-67.31140899658203,-1.2080061435699463,-8.845913887023926,-0.7139153480529785,15.221885681152344,0.43998050689697266,0.036824095994234085,0.6450409889221191,-0.014581852592527866,-0.7770205140113831,0.5078258514404297,0.5892583727836609,23.32718276977539,0.40085047483444214,-0.796550989151001,-18.44664192199707,28.355981826782227,0.6728159189224243,5.708714962005615,2.26052188873291,-8.854482650756836,13.833049774169922,0.023854495957493782,-0.0023879962973296642,0.21577587723731995,4.545454978942871,2.6871399879455566,0.25357142090797424,0.20450663566589355,0.10538461804389954,0.06935032457113266,-20.643695831298828,SPEAKER_00,15328.375,15333.674,5.299000000000888,263
24.925832748413086,0.11730296909809113,22.97673797607422,24.490018844604492,26.705181121826172,3.728443145751953,19.632347106933594,15.965954780578613,24.13868522644043,10.41629695892334,0.7919827103614807,0.537831723690033,0.3831776976585388,0.7600621581077576,1.1352908611297607,0.7521131634712219,10.388986587524414,5.940160751342773,9.375321388244629,5.130300521850586,0.340465247631073,0.6696266531944275,23.14521026611328,0.5781967043876648,1.7992455959320068,6.460315704345703,19.542036056518555,0.8469445705413818,4.812798976898193,2.791933298110962,0.016611924394965172,0.8469730019569397,1.2054113149642944,0.5405303239822388,4.216402053833008,0.506697416305542,7.4727301597595215,0.9685882925987244,22.295860290527344,0.455748975276947,727.4035034179688,0.34726059436798096,1190.9970703125,0.192830890417099,-82.57865905761719,-1.092689037322998,1748.7261962890625,0.14935031533241272,807.1953735351562,0.28658217191696167,-84.67191314697266,-1.0256267786026,2801.910888671875,0.12859787046909332,841.5969848632812,0.31266528367996216,-87.08747100830078,-0.9769202470779419,-11.222503662109375,-0.5459892153739929,16.069782257080078,0.3791852295398712,0.030260387808084488,0.7280831336975098,-0.019974570721387863,-0.787815511226654,0.4260738492012024,0.48792019486427307,29.489553451538086,0.2882271409034729,-0.967870831489563,-10.581192016601562,19.380054473876953,0.9635404944419861,5.36744499206543,2.6316606998443604,-6.151220798492432,10.865221977233887,0.019440243020653725,-0.003482026280835271,0.21662740409374237,6.1855669021606445,3.125000238418579,0.18666665256023407,0.1151617243885994,0.1119999960064888,0.15565773844718933,-22.529756546020508,SPEAKER_00,15342.112,15346.972,4.860000000000582,266
25.84879493713379,0.0943298190832138,24.12102699279785,26.364240646362305,27.7949275970459,3.673900604248047,65.59147644042969,72.1727066040039,17.716379165649414,7.644511699676514,0.9391948580741882,0.6138941645622253,0.32387256622314453,0.9008896946907043,1.4615660905838013,1.1376935243606567,12.168147087097168,6.367546558380127,9.446176528930664,3.8442986011505127,0.40021324157714844,0.72139972448349,23.05953025817871,0.5138885974884033,-0.14240045845508575,-95.51968383789062,19.381845474243164,1.0617163181304932,4.778988361358643,2.696080207824707,0.01884036511182785,0.8575223088264465,1.2703393697738647,0.6362871527671814,4.058475971221924,0.5962143540382385,4.105928421020508,1.7859009504318237,16.335132598876953,0.6105968356132507,670.8223876953125,0.41854819655418396,1166.4599609375,0.18381080031394958,-72.3555908203125,-1.2657548189163208,1714.9752197265625,0.15041525661945343,822.18798828125,0.36518919467926025,-75.73788452148438,-1.1473528146743774,2696.87451171875,0.11544577032327652,820.3080444335938,0.2343311458826065,-75.34171295166016,-1.1593024730682373,-8.10820484161377,-0.6469018459320068,14.717647552490234,0.49053826928138733,0.04075998812913895,0.5161207318305969,-0.017231078818440437,-0.771469235420227,0.5317357778549194,0.48862966895103455,25.942710876464844,0.33999863266944885,-3.7587642669677734,-3.470689296722412,23.12301254272461,0.9655007123947144,4.579690933227539,3.105914831161499,-9.020232200622559,14.95370101928711,0.029205171391367912,-0.005787817761301994,0.15872900187969208,3.891709089279175,1.8835617303848267,0.34090906381607056,0.26220932602882385,0.18700000643730164,0.16155803203582764,-20.91522216796875,SPEAKER_00,15362.108,15368.032,5.923999999999069,272
28.972270965576172,0.18574988842010498,26.147438049316406,28.137487411499023,30.06671905517578,3.919281005859375,227.14013671875,179.63685607910156,57.05291748046875,68.86206817626953,1.0157966613769531,0.5572459101676941,0.4144316613674164,0.9914277195930481,1.5320276021957397,1.117595911026001,12.72901439666748,6.816674709320068,11.136526107788086,4.134985446929932,0.458504319190979,0.7246195673942566,20.114736557006836,0.6555338501930237,4.277329444885254,3.0304627418518066,20.514785766601562,1.0856705904006958,2.260779619216919,6.638373851776123,0.014056132175028324,0.8686453700065613,1.1829975843429565,0.7790014743804932,5.231224060058594,0.43790948390960693,9.141498565673828,1.164077877998352,19.812950134277344,0.4802687168121338,773.6034545898438,0.3760931193828583,1160.5250244140625,0.2825080156326294,-64.57865905761719,-1.2762045860290527,1800.8509521484375,0.144902303814888,846.4520874023438,0.3524917960166931,-63.08723449707031,-1.2303463220596313,2816.93505859375,0.10902834683656693,886.1068725585938,0.32995107769966125,-64.82351684570312,-1.1849260330200195,-8.593914031982422,-0.7858166694641113,14.58455753326416,0.5499594211578369,0.04074510186910629,0.5441896915435791,-0.0168873593211174,-0.7372731566429138,0.5511311292648315,0.6063819527626038,22.53543472290039,0.5075708627700806,0.38658979535102844,30.880218505859375,21.284896850585938,1.1200083494186401,2.105086326599121,7.5910515785217285,-8.96987247467041,14.254817962646484,0.029402848333120346,-0.009730719029903412,0.2459201216697693,4.229607105255127,3.395061731338501,0.2054545283317566,0.1587086319923401,0.06727272272109985,0.042872097343206406,-20.19351577758789,SPEAKER_00,15378.967,15382.291,3.323999999998705,276
28.65312385559082,0.05259104445576668,27.454187393188477,28.479368209838867,29.30964469909668,1.8554573059082031,29.54726219177246,15.41845703125,29.667835235595703,28.432231903076172,1.0244066715240479,0.48378613591194153,0.4602583646774292,1.0544214248657227,1.4914064407348633,1.031148076057434,14.611788749694824,7.607888698577881,12.575840950012207,4.966547012329102,0.4258708655834198,0.5753370523452759,18.060232162475586,0.8223493695259094,8.678874015808105,1.4598819017410278,16.474750518798828,0.9243757128715515,3.4136054515838623,3.6864514350891113,0.013672417961061,0.8537049889564514,1.2324641942977905,0.7344784736633301,6.061067581176758,0.3635980784893036,6.318211078643799,1.3696309328079224,19.560266494750977,0.3765295147895813,815.979736328125,0.34245792031288147,1159.6419677734375,0.25760141015052795,-81.5784683227539,-1.0753754377365112,1795.4599609375,0.1551576852798462,959.3065185546875,0.23503507673740387,-78.36829376220703,-1.0847665071487427,2815.93798828125,0.10718753188848495,805.7457275390625,0.5147420763969421,-80.018310546875,-1.0488321781158447,-10.197936058044434,-0.603824257850647,16.912307739257812,0.42354393005371094,0.03868527710437775,0.6377156972885132,-0.01043717097491026,-1.0929083824157715,0.4971328675746918,0.41375598311424255,22.196523666381836,0.48271772265434265,4.584724426269531,2.313420534133911,18.457944869995117,0.8872671127319336,5.5826849937438965,2.4465630054473877,-7.7181501388549805,14.227792739868164,0.025908881798386574,-0.006703576538711786,0.31506067514419556,5.797101974487305,2.941176652908325,0.210999995470047,0.16837161779403687,0.10699999332427979,0.04920365661382675,-20.463987350463867,SPEAKER_00,15398.845,15402.305,3.460000000000946,282
27.842025756835938,0.04943548142910004,26.746267318725586,27.841636657714844,28.819772720336914,2.073505401611328,20.01215362548828,11.178376197814941,19.84063720703125,10.431926727294922,0.9551969170570374,0.5153104066848755,0.4081903100013733,0.9889321327209473,1.4021482467651367,0.9939579367637634,11.99532699584961,6.0191755294799805,11.090346336364746,4.899317264556885,0.39782214164733887,0.6657050251960754,17.322128295898438,0.9635769128799438,3.7870888710021973,3.4692275524139404,20.465322494506836,0.9817724823951721,3.297363758087158,4.142180442810059,0.016508590430021286,1.303442358970642,1.1390265226364136,0.6231012940406799,5.170035362243652,0.4598870277404785,5.169393539428711,1.718802571296692,18.6481876373291,0.43251118063926697,799.479248046875,0.35702815651893616,1127.969482421875,0.2901518642902374,-59.700584411621094,-1.3727883100509644,1808.8994140625,0.14587228000164032,951.5355224609375,0.3575063943862915,-57.994041442871094,-1.3625372648239136,2768.40771484375,0.11126598715782166,859.5941772460938,0.31634894013404846,-59.130001068115234,-1.3248791694641113,-8.844785690307617,-0.5977417230606079,14.721626281738281,0.4490981698036194,0.04434836283326149,0.47990137338638306,-0.01283263135701418,-0.8299829959869385,0.44386202096939087,0.5838472247123718,23.225875854492188,0.44206422567367554,-0.16053520143032074,-67.7809829711914,24.0747013092041,0.885593593120575,4.9214935302734375,2.902567148208618,0.6421326994895935,4.437085151672363,0.03609368950128555,-0.0029633233789354563,0.2811012864112854,5.496828556060791,1.9271948337554932,0.3799999952316284,0.22375580668449402,0.11888889223337173,0.10867324471473694,-20.934856414794922,SPEAKER_00,15415.653,15420.395,4.742000000000189,287
25.61538314819336,0.06686433404684067,24.440914154052734,25.731914520263672,27.281051635742188,2.840137481689453,89.97406768798828,126.44093322753906,16.717126846313477,9.931645393371582,0.8181745409965515,0.6327565908432007,0.2878604531288147,0.7630496621131897,1.3754593133926392,1.0875988006591797,12.33651065826416,4.55858039855957,8.74509048461914,4.073569297790527,0.34729093313217163,0.7204094529151917,23.815139770507812,0.4659392833709717,2.403747081756592,4.824373722076416,20.45079231262207,1.1002589464187622,6.546229839324951,1.8237621784210205,0.01565355248749256,0.8540711998939514,1.2232187986373901,0.689231812953949,4.242271900177002,0.5451815128326416,4.976169586181641,1.4350547790527344,19.68645668029785,0.47661659121513367,734.39501953125,0.41764673590660095,1188.12109375,0.24211929738521576,-83.9062728881836,-1.0764482021331787,1750.73583984375,0.15493106842041016,906.7575073242188,0.3687809705734253,-83.92333984375,-1.0372731685638428,2745.8115234375,0.12122997641563416,894.416259765625,0.26651251316070557,-85.13777160644531,-1.0135374069213867,-9.443781852722168,-0.638809084892273,16.35652732849121,0.47621601819992065,0.03394647687673569,0.7868939638137817,-0.0152743523940444,-0.9683088064193726,0.4433484375476837,0.5424619913101196,26.381628036499023,0.3527795672416687,-0.2419443279504776,-41.9653434753418,22.632417678833008,1.1309692859649658,6.924469947814941,1.8685956001281738,-9.561051368713379,15.364958763122559,0.024824468418955803,-0.006811687722802162,0.19792874157428741,4.107425212860107,3.025477886199951,0.19421052932739258,0.1738818734884262,0.10999999940395355,0.0896102711558342,-22.05544662475586,SPEAKER_00,15420.968,15427.313,6.344999999999345,288
28.70733642578125,0.06064704433083534,27.101259231567383,28.800090789794922,30.047649383544922,2.946390151977539,79.24147033691406,92.78732299804688,13.087199211120605,7.217671871185303,1.091553807258606,0.5206516981124878,0.47455114126205444,1.0835342407226562,1.604203462600708,1.1296522617340088,16.51581573486328,9.207928657531738,13.322675704956055,5.592750072479248,0.43868616223335266,0.6735150814056396,20.498376846313477,0.681306004524231,3.0136871337890625,5.024385452270508,15.641426086425781,0.9364500641822815,3.2788515090942383,4.114139556884766,0.016815485432744026,1.3946846723556519,1.0847374200820923,0.7427362203598022,5.930935859680176,0.5013362765312195,2.7950432300567627,3.066542863845825,18.566871643066406,0.4621117413043976,817.9561157226562,0.35077226161956787,1139.5533447265625,0.24090887606143951,-55.98408508300781,-1.4331971406936646,1848.9400634765625,0.14584708213806152,906.050048828125,0.2640698254108429,-55.722442626953125,-1.3742918968200684,2842.272216796875,0.1103011891245842,820.6710205078125,0.3725605607032776,-58.65732955932617,-1.276176929473877,-9.195389747619629,-0.682960569858551,15.09562873840332,0.4516620934009552,0.04985364153981209,0.4660814702510834,-0.015992093831300735,-0.8165798783302307,0.4992981553077698,0.592664361000061,24.86726188659668,0.39321163296699524,-2.0989484786987305,-6.179254055023193,15.950156211853027,1.006422758102417,3.2940022945404053,4.175566673278809,-6.1854634284973145,11.144730567932129,0.034246012568473816,-0.005477726459503174,0.28299352526664734,4.88505744934082,2.9239766597747803,0.25,0.25861167907714844,0.07199999690055847,0.038678158074617386,-19.739667892456055,SPEAKER_00,15428.866,15432.359,3.493000000000393,289
28.369295120239258,0.05405520647764206,26.906362533569336,28.219894409179688,29.81658172607422,2.910219192504883,32.20375061035156,36.514766693115234,14.854625701904297,5.563200950622559,1.074465036392212,0.5464096069335938,0.45963069796562195,1.0756255388259888,1.6370773315429688,1.1774466037750244,18.22719383239746,8.628564834594727,13.84304428100586,6.836852550506592,0.45536473393440247,0.677923321723938,22.119394302368164,0.38721075654029846,-2.9714298248291016,-3.429438352584839,22.557161331176758,0.93986576795578,2.3432374000549316,4.917518615722656,0.013579477556049824,1.0475047826766968,1.1191773414611816,0.6979188919067383,5.3897013664245605,0.3848213255405426,7.189119815826416,1.098704218864441,15.020231246948242,0.4668785035610199,691.0422973632812,0.41852396726608276,1251.44775390625,0.24551242589950562,-54.34318923950195,-1.4849125146865845,1691.8431396484375,0.1490837037563324,878.8390502929688,0.38010966777801514,-53.17567825317383,-1.4221670627593994,2666.9248046875,0.11401201039552689,843.1450805664062,0.2426697015762329,-52.926876068115234,-1.4305667877197266,-7.498406887054443,-0.6418342590332031,13.09489631652832,0.437453031539917,0.04399427771568298,0.5150904655456543,-0.017770985141396523,-0.5914085507392883,0.5390085577964783,0.5235745906829834,22.94171714782715,0.3764416575431824,-4.091183185577393,-2.645099639892578,24.290626525878906,0.94831782579422,1.7122607231140137,7.285442352294922,-8.421894073486328,13.130792617797852,0.034080713987350464,-0.005719712004065514,0.22537004947662354,4.601226806640625,2.2082021236419678,0.3414285480976105,0.3013507127761841,0.09142857044935226,0.10245954990386963,-20.20555305480957,SPEAKER_00,15450.01,15453.284,3.2739999999994325,295
24.51202964782715,0.08507697284221649,22.955307006835938,24.62774085998535,25.879905700683594,2.9245986938476562,91.95814514160156,165.22080993652344,8.631697654724121,9.568713188171387,0.8572093844413757,0.5225527286529541,0.40261322259902954,0.8174344897270203,1.218540906906128,0.8159276843070984,12.229914665222168,6.83131742477417,8.759693145751953,4.361691951751709,0.3583942651748657,0.6589024662971497,24.27985191345215,0.4851391613483429,0.12799139320850372,93.4584732055664,20.13755226135254,0.9536168575286865,1.1146095991134644,13.931519508361816,0.02190271206200123,1.7108863592147827,1.2249095439910889,0.736229658126831,3.7113828659057617,0.6363922357559204,5.272854328155518,1.283845067024231,19.692235946655273,0.44568106532096863,728.9921875,0.3803333640098572,1224.6007080078125,0.22553738951683044,-60.2103271484375,-1.366899013519287,1741.751220703125,0.1588382124900818,922.64208984375,0.2898670434951782,-61.48191452026367,-1.2809102535247803,2742.315673828125,0.12027382105588913,869.5935668945312,0.32174837589263916,-62.75483322143555,-1.2419195175170898,-10.589432716369629,-0.60392165184021,17.516130447387695,0.40867024660110474,0.021567801013588905,1.1046576499938965,-0.015401171520352364,-1.079308032989502,0.40946710109710693,0.5865934491157532,27.174787521362305,0.28749048709869385,-0.8788179755210876,-13.00737476348877,20.76613426208496,0.9688577055931091,2.1474575996398926,7.381258010864258,-6.268057823181152,12.630675315856934,0.022350171580910683,-0.008176174014806747,0.23178952932357788,4.705882549285889,2.772277355194092,0.2549999952316284,0.20454652607440948,0.0793333351612091,0.05591263249516487,-22.060529708862305,SPEAKER_00,15485.6,15490.713,5.112999999999374,305
26.555776596069336,0.08997482806444168,25.025772094726562,26.452136993408203,27.843421936035156,2.8176498413085938,81.52530670166016,91.90772247314453,24.600786209106445,3.7238430976867676,1.0045329332351685,0.525718629360199,0.514576256275177,0.919136106967926,1.5452488660812378,1.030672550201416,13.708218574523926,7.4464850425720215,10.52231502532959,4.757147789001465,0.41240063309669495,0.659595787525177,19.380962371826172,0.6655106544494629,0.09697568416595459,134.71572875976562,21.761974334716797,0.8173009753227234,3.5334725379943848,3.383800983428955,0.024419473484158516,1.89155912399292,1.3056517839431763,0.6986010074615479,4.080252170562744,0.6556150913238525,7.507726669311523,1.0180696249008179,15.951116561889648,0.5988267660140991,594.6273193359375,0.4341363310813904,1242.6859130859375,0.20027770102024078,-73.01126861572266,-1.204624891281128,1651.854736328125,0.15344199538230896,835.2623291015625,0.32228028774261475,-74.36392974853516,-1.122595191001892,2607.755615234375,0.11287723481655121,955.4963989257812,0.26362696290016174,-73.34442901611328,-1.147874355316162,-8.259636878967285,-0.7652955651283264,14.089744567871094,0.5234313011169434,0.0348343662917614,0.49136364459991455,-0.017982907593250275,-0.6805136799812317,0.5155391097068787,0.4899100661277771,23.84502601623535,0.35869646072387695,-2.5143189430236816,-5.083163738250732,26.871158599853516,0.6734877824783325,4.9997758865356445,2.3843438625335693,-4.828649997711182,9.748289108276367,0.027806434780359268,-0.006014929618686438,0.22244276106357574,4.643962860107422,2.830188751220703,0.22777777910232544,0.18335016071796417,0.09399999678134918,0.06621178239583969,-21.161529541015625,SPEAKER_00,15510.119,15513.359,3.2399999999997817,311
26.846954345703125,0.08272232115268707,25.339529037475586,26.5753173828125,29.039894104003906,3.7003650665283203,42.53218078613281,15.758933067321777,10.853974342346191,13.866650581359863,0.907156229019165,0.5793929100036621,0.33222532272338867,0.903226375579834,1.4053893089294434,1.0731639862060547,13.684683799743652,7.098846435546875,9.124898910522461,3.3101730346679688,0.3925037980079651,0.6739638447761536,23.589740753173828,0.5216017365455627,1.6001681089401245,6.577399730682373,21.528627395629883,0.7329866290092468,2.013162851333618,7.909974575042725,0.014171586371958256,0.8644585013389587,1.1095592975616455,0.6230835914611816,5.012372970581055,0.3847845792770386,6.087876796722412,1.4724633693695068,21.039451599121094,0.452741414308548,845.6581420898438,0.30639952421188354,1129.2484130859375,0.29465344548225403,-71.12577819824219,-1.203740119934082,1847.03466796875,0.13396410644054413,913.4017944335938,0.32056230306625366,-71.11228942871094,-1.1740002632141113,2887.161865234375,0.10432672500610352,774.9434814453125,0.2490396350622177,-73.8432846069336,-1.1070835590362549,-10.260936737060547,-0.6363162994384766,15.956526756286621,0.44317516684532166,0.02921592816710472,0.8055039644241333,-0.01624029502272606,-0.9804580807685852,0.49028944969177246,0.49700120091438293,26.232446670532227,0.3813508152961731,-1.806265950202942,-4.8743977546691895,22.76250648498535,0.7747729420661926,2.8118157386779785,5.976198196411133,-10.239931106567383,16.21251106262207,0.011026052758097649,-0.007220785599201918,0.2003105729818344,4.643962860107422,2.830188751220703,0.23222221434116364,0.11535237729549408,0.10111110657453537,0.11179787665605545,-21.323394775390625,SPEAKER_00,15518.59,15521.83,3.2399999999997817,313
25.681795120239258,0.05619394779205322,24.43545150756836,25.65565299987793,27.135391235351562,2.699939727783203,33.27168273925781,27.29633140563965,16.24020004272461,8.689643859863281,0.904175341129303,0.5669025182723999,0.4203994870185852,0.8101422190666199,1.416198968887329,0.9957994818687439,17.056547164916992,10.562518119812012,9.729491233825684,4.963804244995117,0.39570367336273193,0.6760303378105164,25.987060546875,0.32327544689178467,-3.235753297805786,-3.1016337871551514,17.37563705444336,0.9172775149345398,4.531012058258057,2.9651389122009277,0.016385290771722794,0.9608325958251953,1.2944608926773071,0.5962401032447815,4.393346309661865,0.5027297139167786,7.840498447418213,0.9516238570213318,20.809083938598633,0.45760300755500793,768.3231201171875,0.35586926341056824,1229.0550537109375,0.1661423146724701,-64.76396942138672,-1.305635929107666,1753.029296875,0.14779867231845856,964.4933471679688,0.266513466835022,-64.63326263427734,-1.2686140537261963,2781.75830078125,0.11624996364116669,861.3123779296875,0.2916940748691559,-67.69795227050781,-1.1824054718017578,-10.04599666595459,-0.5757827758789062,17.07314109802246,0.41043326258659363,0.022369185462594032,0.9634604454040527,-0.015729935839772224,-0.877155065536499,0.4737371504306793,0.5149760246276855,28.568408966064453,0.2386278510093689,-4.364607334136963,-2.5591166019439697,17.738439559936523,0.9899880886077881,3.8076608180999756,3.8840315341949463,-8.360249519348145,14.207365989685059,0.017898939549922943,-0.0027685442473739386,0.2178422212600708,5.273833751678467,2.6694045066833496,0.2569230794906616,0.2566765248775482,0.10499999672174454,0.16106416285037994,-21.712772369384766,SPEAKER_00,15537.743,15542.688,4.944999999999709,318
25.702688217163086,0.10311026126146317,23.76365089416504,25.333919525146484,27.941097259521484,4.177446365356445,34.200374603271484,40.84208297729492,14.354517936706543,3.951756477355957,0.8792635202407837,0.6045460104942322,0.3312035799026489,0.8185157775878906,1.3776862621307373,1.0464826822280884,16.027015686035156,7.60574197769165,10.286500930786133,5.377718448638916,0.3822079300880432,0.7288065552711487,24.024070739746094,0.46194785833358765,0.07553558051586151,166.30307006835938,16.34709358215332,1.0521776676177979,4.6694746017456055,2.5607168674468994,0.014553114771842957,0.8989388346672058,1.3474680185317993,0.6836097240447998,4.237358570098877,0.5453660488128662,5.904311180114746,1.175756573677063,19.348894119262695,0.46274927258491516,707.5118408203125,0.3903476297855377,1288.0362548828125,0.22469976544380188,-71.74919128417969,-1.2153890132904053,1695.67822265625,0.14846879243850708,997.2439575195312,0.3491269648075104,-73.00289154052734,-1.1557574272155762,2709.510498046875,0.12714247405529022,869.7549438476562,0.23860831558704376,-75.43588256835938,-1.0980888605117798,-9.575976371765137,-0.5476227402687073,16.634601593017578,0.40077704191207886,0.020210424438118935,0.9884612560272217,-0.016100723296403885,-0.753222644329071,0.4820830225944519,0.5417353510856628,27.807750701904297,0.29190507531166077,-2.938838481903076,-4.036256790161133,16.76740837097168,1.1446954011917114,3.7323238849639893,3.4416263103485107,-9.481844902038574,16.040830612182617,0.007174019701778889,-0.0018526584608480334,0.19218571484088898,4.684684753417969,2.7322404384613037,0.23666664958000183,0.18484827876091003,0.1093333289027214,0.11203967034816742,-21.761972427368164,SPEAKER_00,15553.96,15559.529,5.569000000001324,322
28.5198917388916,0.04441555216908455,27.117366790771484,28.937145233154297,29.708738327026367,2.591371536254883,24.515615463256836,30.020423889160156,8.553571701049805,3.595072031021118,1.1900365352630615,0.5732206106185913,0.544920027256012,1.0496870279312134,1.8832446336746216,1.3383245468139648,14.550395965576172,8.591717720031738,10.459525108337402,5.60158109664917,0.44469696283340454,0.7506624460220337,20.66547203063965,0.6711834073066711,-3.8190419673919678,-3.7627785205841064,6.937329292297363,1.8475863933563232,-3.3383889198303223,-4.448012828826904,0.013363438658416271,1.2144060134887695,1.228822946548462,0.9133465886116028,5.510595798492432,0.542641282081604,1.6393567323684692,4.772013187408447,14.865736961364746,0.6284067630767822,697.1455688476562,0.3992999792098999,1243.2540283203125,0.21230733394622803,-42.3972053527832,-1.8285942077636719,1706.5694580078125,0.1643029898405075,921.9673461914062,0.23596495389938354,-41.29747772216797,-1.7429077625274658,2737.340087890625,0.11983382701873779,857.310791015625,0.3169357478618622,-44.7142219543457,-1.580979824066162,-7.972455978393555,-0.7113174200057983,15.46928596496582,0.38454151153564453,0.05864980071783066,0.42175084352493286,-0.0161422248929739,-0.9065761566162109,0.5075728893280029,0.6614803671836853,25.283832550048828,0.35134193301200867,-8.408515930175781,-1.3275293111801147,8.200517654418945,1.5972555875778198,-4.118602275848389,-3.787803888320923,-3.6107277870178223,9.120965003967285,0.049258988350629807,-0.0105203902348876,0.20406825840473175,3.654484987258911,1.6891891956329346,0.4740000069141388,0.2783953845500946,0.09600000083446503,0.08845337480306625,-19.548442840576172,SPEAKER_00,15588.082,15591.102,3.0200000000004366,334
27.854248046875,0.05931166559457779,26.36335563659668,27.273880004882812,29.942882537841797,3.579526901245117,104.97838592529297,124.8341293334961,18.172109603881836,12.190762519836426,0.8409402966499329,0.6931924819946289,0.2731986939907074,0.7895543575286865,1.3332116603851318,1.060012936592102,14.218955039978027,8.04597282409668,6.901350498199463,3.236168622970581,0.3300078809261322,0.9165948033332825,18.999019622802734,0.7891842126846313,4.880462169647217,2.7671992778778076,7.725581169128418,1.3702985048294067,-4.978048324584961,-2.534222364425659,0.014684444293379784,0.9712712168693542,1.0930635929107666,0.7464984655380249,5.524206638336182,0.5218451023101807,6.530690670013428,1.2553787231445312,22.517070770263672,0.45114341378211975,746.50146484375,0.308391273021698,1224.609130859375,0.1583683043718338,-89.08824157714844,-1.0506764650344849,1786.4317626953125,0.15279893577098846,874.7567749023438,0.2614113390445709,-90.8370590209961,-0.9923387765884399,2853.64306640625,0.11218594014644623,840.010009765625,0.3269466757774353,-93.92572021484375,-0.9341601729393005,-11.837727546691895,-0.5092790126800537,18.258596420288086,0.33322322368621826,0.04704912379384041,0.4885196089744568,-0.01853439025580883,-0.8287715315818787,0.4553791582584381,0.6775555610656738,26.112951278686523,0.27308356761932373,0.8794156908988953,12.57860279083252,9.486101150512695,1.2291014194488525,-5.806395053863525,-2.3090813159942627,-6.216132164001465,12.916349411010742,0.03959830477833748,-0.005879733711481094,0.1731368750333786,3.8216562271118164,2.2653722763061523,0.24571427702903748,0.22758716344833374,0.1525000035762787,0.12477479875087738,-21.546844482421875,SPEAKER_00,15591.642,15594.798,3.1560000000008586,335
28.635366439819336,0.06772065907716751,26.922061920166016,29.219388961791992,30.325111389160156,3.4030494689941406,160.64588928222656,185.8775177001953,15.916997909545898,7.310404300689697,0.8708322644233704,0.6803790926933289,0.27482807636260986,0.8076483607292175,1.301081657409668,1.026253581047058,15.277045249938965,8.92449951171875,6.440497398376465,4.01846170425415,0.3455551266670227,0.9137582778930664,19.166778564453125,0.7539297938346863,2.3205270767211914,5.382235527038574,7.581343173980713,1.9106374979019165,-2.443747043609619,-6.372881889343262,0.012579857371747494,0.9464532136917114,1.2265806198120117,0.7888088822364807,5.166486740112305,0.6652301549911499,2.125221014022827,3.4363741874694824,16.490474700927734,0.46845313906669617,646.6036987304688,0.3847423791885376,1305.081298828125,0.16884425282478333,-83.4566879272461,-1.1319152116775513,1653.8829345703125,0.14914514124393463,998.9515380859375,0.2716480493545532,-82.42096710205078,-1.0958609580993652,2643.376708984375,0.11506886035203934,936.3826293945312,0.232219859957695,-84.51571655273438,-1.0495978593826294,-8.680746078491211,-0.503456175327301,15.295882225036621,0.3548520505428314,0.057104889303445816,0.4273049235343933,-0.018386656418442726,-0.7758745551109314,0.483928918838501,0.667133092880249,24.94066619873047,0.3772025406360626,-2.899106502532959,-2.9712705612182617,7.3202948570251465,2.3269543647766113,-0.9359925389289856,-16.736873626708984,-5.749499320983887,11.432124137878418,0.03392942622303963,-0.0075771743431687355,0.1363738775253296,3.1175060272216797,2.1897809505462646,0.2711111009120941,0.19547346234321594,0.16555555164813995,0.12065663933753967,-21.626911163330078,SPEAKER_00,15616.516,15620.701,4.184999999999491,343
27.63473892211914,0.052630722522735596,26.43596076965332,27.626855850219727,28.753297805786133,2.3173370361328125,25.12066650390625,14.495828628540039,73.14129638671875,228.3859405517578,1.0269643068313599,0.5652368068695068,0.42886102199554443,1.0024341344833374,1.5700204372406006,1.1411594152450562,14.342432022094727,7.445623874664307,12.8793306350708,6.541536331176758,0.44065311551094055,0.7017164826393127,24.308727264404297,0.48834165930747986,-1.1479778289794922,-11.044885635375977,18.257320404052734,0.9800581336021423,4.3455634117126465,3.2202510833740234,0.015861233696341515,1.4432827234268188,1.2526483535766602,0.6458035111427307,5.15962028503418,0.47470104694366455,5.317390441894531,1.4421501159667969,17.759620666503906,0.47423312067985535,699.2979125976562,0.40518924593925476,1191.2193603515625,0.21785280108451843,-54.14634323120117,-1.4854505062103271,1725.9837646484375,0.15811116993427277,909.7222290039062,0.3917701840400696,-54.6556282043457,-1.3886029720306396,2720.626708984375,0.12047098577022552,807.8202514648438,0.29984018206596375,-55.77790069580078,-1.3506770133972168,-9.775529861450195,-0.589465856552124,15.799943923950195,0.41879570484161377,0.039437055587768555,0.6018034815788269,-0.016415396705269814,-0.8737134337425232,0.5045427083969116,0.5846505761146545,27.608928680419922,0.30449533462524414,-3.505490303039551,-3.1545631885528564,20.502626419067383,0.8884269595146179,4.703229904174805,3.178449869155884,-6.555357456207275,13.080923080444336,0.01410745270550251,-0.004379385616630316,0.236228808760643,5.0331130027771,2.0,0.37599998712539673,0.31876426935195923,0.09687499701976776,0.10414645075798035,-20.282371520996094,SPEAKER_00,15644.984,15652.544,7.559999999999491,348
24.905067443847656,0.05860448256134987,23.550344467163086,24.831783294677734,26.529399871826172,2.979055404663086,63.337581634521484,91.42877197265625,11.20954418182373,5.093713283538818,0.7903075814247131,0.5478848218917847,0.29389169812202454,0.8436611294746399,1.2281662225723267,0.9342745542526245,10.325424194335938,5.8277106285095215,6.193298816680908,3.5922224521636963,0.2922924757003784,0.625645101070404,21.07619857788086,0.635063886642456,6.970710277557373,1.5304360389709473,23.6492862701416,0.7937918305397034,5.9407057762146,1.985290288925171,0.01549813337624073,1.0442043542861938,1.1088943481445312,0.7674691081047058,4.762866497039795,0.3991255462169647,5.074828147888184,1.1715506315231323,20.15228843688965,0.4781563878059387,632.6648559570312,0.467384934425354,1174.3712158203125,0.17928975820541382,-73.56109619140625,-1.218743085861206,1673.0828857421875,0.15913529694080353,766.9451904296875,0.31975430250167847,-79.6507797241211,-1.0508127212524414,2690.373779296875,0.1396549493074417,856.9185180664062,0.2166210561990738,-79.51477813720703,-1.0557321310043335,-9.519513130187988,-0.4882037341594696,15.22851848602295,0.44662371277809143,0.03968563303351402,0.5042567253112793,-0.01842314936220646,-0.7051734924316406,0.3506728708744049,0.4948979616165161,26.09584617614746,0.3574471175670624,2.796505928039551,2.7454564571380615,24.618980407714844,0.9037113189697266,6.189898490905762,1.9686598777770996,-8.548849105834961,13.625471115112305,0.03701195493340492,-0.004820845555514097,0.20208361744880676,3.927492618560791,3.692307710647583,0.16499999165534973,0.13060756027698517,0.08583332598209381,0.06157086789608002,-22.588336944580078,SPEAKER_00,15667.917,15671.242,3.3250000000007276,354
27.727943420410156,0.08987975120544434,26.15053367614746,27.36969757080078,28.87841033935547,2.727876663208008,212.25479125976562,175.80117797851562,47.04610061645508,67.27440643310547,1.0537883043289185,0.6103630065917969,0.3284909129142761,0.9865652918815613,1.6796367168426514,1.3511457443237305,16.345136642456055,9.359785079956055,7.9333038330078125,4.700711250305176,0.3730880916118622,0.9104466438293457,20.702442169189453,0.6296737790107727,2.6120898723602295,4.938464164733887,15.73514175415039,1.3433383703231812,1.674666166305542,8.4301176071167,0.011590034700930119,1.3368703126907349,0.892390787601471,0.828138530254364,6.288037300109863,0.43270009756088257,3.262448787689209,2.6064436435699463,17.15629768371582,0.709075927734375,694.6810913085938,0.42642542719841003,1216.3624267578125,0.16467776894569397,-61.93008804321289,-1.367922306060791,1706.5074462890625,0.17474158108234406,886.8819580078125,0.31909430027008057,-63.35172653198242,-1.2722383737564087,2741.1923828125,0.1453363001346588,827.2372436523438,0.2157498300075531,-64.98477172851562,-1.2255327701568604,-9.271075248718262,-0.713534414768219,15.926557540893555,0.4836865961551666,0.04583670571446419,0.5168718099594116,-0.014833387918770313,-0.9067937135696411,0.4496806561946869,0.8119952082633972,24.558713912963867,0.4072037935256958,-0.7591163516044617,-15.419119834899902,14.61501693725586,1.4567843675613403,1.4402961730957031,10.017989158630371,-6.928295612335205,11.646553993225098,0.032171230763196945,-0.00709613086655736,0.2038055807352066,3.7617557048797607,2.875399589538574,0.24222220480442047,0.21668089926242828,0.10999999940395355,0.05126959830522537,-19.574478149414062,SPEAKER_00,15675.68,15678.886,3.206000000000131,356
27.743515014648438,0.10932821035385132,25.471277236938477,27.862876892089844,29.270788192749023,3.799510955810547,87.2786865234375,71.5444107055664,54.54423141479492,101.08338165283203,1.0073635578155518,0.574013352394104,0.38177499175071716,0.9451248049736023,1.5984420776367188,1.2166670560836792,16.266584396362305,8.423299789428711,13.069355964660645,6.11402702331543,0.4207676947116852,0.7205924987792969,17.54909324645996,0.7733060717582703,4.490313529968262,3.1763157844543457,23.86098289489746,0.6448835730552673,7.116563320159912,1.808433175086975,0.016589652746915817,0.9599909782409668,1.3005238771438599,0.818274199962616,4.909603595733643,0.5468539595603943,3.226627826690674,2.67702317237854,16.928056716918945,0.44457578659057617,796.0184326171875,0.39882880449295044,1140.7763671875,0.2400420755147934,-93.23221588134766,-0.9691421985626221,1822.7476806640625,0.13850878179073334,880.75439453125,0.3763415813446045,-88.8110122680664,-0.9953173398971558,2817.415771484375,0.10760416835546494,787.645263671875,0.2454591691493988,-88.93634033203125,-0.9911185503005981,-8.73246955871582,-0.7162497043609619,14.048393249511719,0.4839702844619751,0.047433190047740936,0.5081696510314941,-0.018689308315515518,-0.7454885244369507,0.559269368648529,0.5140400528907776,22.928361892700195,0.34493353962898254,-1.6196354627609253,-6.203373908996582,25.410409927368164,0.6190794110298157,4.445363521575928,2.8745648860931396,-7.423244476318359,11.973003387451172,0.018575215712189674,-0.004536155611276627,0.2348499745130539,4.5731706619262695,3.095975160598755,0.1809999942779541,0.11405699700117111,0.12099999934434891,0.08203048259019852,-20.459487915039062,SPEAKER_00,15705.143,15708.434,3.290999999999258,362
24.650989532470703,0.10418086498975754,22.278640747070312,24.648916244506836,26.79138946533203,4.512748718261719,142.40780639648438,154.90414428710938,21.054553985595703,7.497062683105469,0.8619813323020935,0.5489965677261353,0.3937528729438782,0.8369923233985901,1.2849498987197876,0.8911970257759094,15.595667839050293,9.455384254455566,10.594879150390625,5.124597549438477,0.37650230526924133,0.6753817200660706,20.705623626708984,0.6829073429107666,6.077321529388428,2.105377197265625,17.41543197631836,0.9689112305641174,3.643975257873535,3.5943524837493896,0.01749877631664276,0.7589084506034851,1.340464472770691,0.6852716207504272,3.567260980606079,0.5986647009849548,5.2648186683654785,1.2215791940689087,20.146053314208984,0.5021157264709473,703.9102172851562,0.38018739223480225,1248.5089111328125,0.160843163728714,-77.89736938476562,-1.114332914352417,1729.775390625,0.1456853747367859,859.8604125976562,0.30777114629745483,-80.89242553710938,-1.0243756771087646,2766.21044921875,0.1282109171152115,851.9026489257812,0.3452402353286743,-81.90705871582031,-1.0052448511123657,-10.339245796203613,-0.6019189953804016,15.517107009887695,0.4514077305793762,0.03346947580575943,0.674985408782959,-0.01807864010334015,-0.7887629270553589,0.4590078592300415,0.5499493479728699,25.678421020507812,0.37189313769340515,1.2875854969024658,8.2903470993042,19.84745216369629,0.9499754309654236,4.337137699127197,3.2234771251678467,-8.299015045166016,13.798713684082031,0.033601369708776474,-0.008390304632484913,0.24134260416030884,5.415162563323975,4.1894354820251465,0.14260870218276978,0.1333911269903183,0.08500000089406967,0.08261355012655258,-22.285520553588867,SPEAKER_00,15735.637,15741.188,5.550999999999476,369
27.145559310913086,0.09774001687765121,25.286727905273438,27.1568603515625,28.155664443969727,2.868936538696289,19.686809539794922,9.22715950012207,49.22865676879883,26.35976791381836,0.9642676711082458,0.593687891960144,0.3684723675251007,0.9333502054214478,1.5104193687438965,1.1419470310211182,14.079554557800293,9.738346099853516,9.050122261047363,3.247884750366211,0.3717120587825775,0.7927741408348083,15.822799682617188,0.8100979328155518,3.08390736579895,3.6285574436187744,27.75684356689453,0.7854055166244507,8.069873809814453,1.3769234418869019,0.017596088349819183,1.230285406112671,1.1533005237579346,0.7172204852104187,4.368406772613525,0.5762212872505188,10.236750602722168,0.8730292320251465,15.700850486755371,0.6396262049674988,727.9733276367188,0.4608975648880005,1083.6654052734375,0.3466183543205261,-71.28773498535156,-1.1983104944229126,1779.117431640625,0.16725000739097595,816.5824584960938,0.3786388337612152,-68.48196411132812,-1.1952711343765259,2738.2705078125,0.12019266188144684,900.6390991210938,0.2999770939350128,-66.9754638671875,-1.2332655191421509,-7.212270259857178,-0.818296492099762,12.565186500549316,0.5348081588745117,0.03210940584540367,0.6645122170448303,-0.01561459619551897,-0.7354748249053955,0.4508543312549591,0.6969921588897705,19.65447425842285,0.46831732988357544,0.11623212695121765,85.82332611083984,31.488855361938477,0.75373375415802,7.773314952850342,1.5803534984588623,-3.864305257797241,8.87195110321045,0.028253501281142235,-0.0024208063259720802,0.21426406502723694,3.4810128211975098,2.9220778942108154,0.22999998927116394,0.15238839387893677,0.0819999948143959,0.05827520787715912,-21.59542465209961,SPEAKER_00,15752.815,15755.988,3.172999999998865,372
26.173179626464844,0.07881741225719452,24.49416160583496,25.929899215698242,27.516447067260742,3.0222854614257812,299.9137878417969,469.42388916015625,21.55517578125,22.739044189453125,1.0624709129333496,0.522317111492157,0.45473065972328186,1.1011452674865723,1.5615354776382446,1.1068048477172852,15.807796478271484,8.964960098266602,8.899720191955566,3.721142530441284,0.390323668718338,0.6342126131057739,23.2157039642334,0.4247565269470215,-2.070417881011963,-4.9950642585754395,18.97480583190918,1.0280014276504517,7.1837310791015625,1.7300461530685425,0.010753009468317032,0.9780780673027039,1.0301454067230225,0.7895527482032776,4.913429260253906,0.4953438937664032,4.217415809631348,1.7515170574188232,15.064044952392578,0.649639368057251,728.0840454101562,0.4493173062801361,1213.3663330078125,0.29822617769241333,-50.060508728027344,-1.5455724000930786,1732.851806640625,0.17093218863010406,907.7123413085938,0.36293932795524597,-49.56880569458008,-1.4894005060195923,2735.094970703125,0.13868972659111023,878.8314819335938,0.3215574622154236,-50.77863311767578,-1.442885160446167,-7.604572772979736,-0.7030267715454102,12.830607414245605,0.4860457181930542,0.04264271259307861,0.523589015007019,-0.017171187326312065,-0.7141748666763306,0.4493824243545532,0.5258194208145142,24.308719635009766,0.3709723651409149,-3.4509942531585693,-2.8709449768066406,19.03148651123047,1.0741252899169922,7.3529438972473145,1.769690752029419,-8.184761047363281,12.570167541503906,0.039774078875780106,-0.008792392909526825,0.2077857106924057,4.709141254425049,2.816901445388794,0.26899999380111694,0.23926763236522675,0.07999999821186066,0.042720016092061996,-20.656782150268555,SPEAKER_00,15774.837,15778.465,3.628000000000611,378
25.553865432739258,0.05804765224456787,24.495325088500977,25.317493438720703,26.7772159576416,2.281890869140625,47.203269958496094,51.78430938720703,14.694385528564453,8.82774829864502,1.011338233947754,0.49207496643066406,0.542806088924408,0.9663610458374023,1.4887261390686035,0.9459200501441956,12.241637229919434,4.850811958312988,8.964254379272461,3.868093967437744,0.38485491275787354,0.5855982303619385,21.515640258789062,0.5821300148963928,0.5277813076972961,24.335168838500977,17.655380249023438,1.1714714765548706,2.18918776512146,5.298135280609131,0.014545446261763573,0.8770411014556885,1.156646728515625,0.7331220507621765,4.39060640335083,0.516460120677948,5.499617099761963,1.045578956604004,17.962604522705078,0.5015686750411987,669.5098266601562,0.44635123014450073,1219.930908203125,0.2181379348039627,-55.23472595214844,-1.4665498733520508,1676.7237548828125,0.16043397784233093,920.294189453125,0.33500656485557556,-58.37317657470703,-1.3222708702087402,2669.17626953125,0.11608105152845383,880.0862426757812,0.3220171332359314,-59.26179122924805,-1.2963968515396118,-8.70604133605957,-0.6326808333396912,15.819096565246582,0.43779218196868896,0.03581870347261429,0.6018933057785034,-0.015819143503904343,-0.7166152596473694,0.4292016327381134,0.5165688395500183,24.495101928710938,0.3683532178401947,-2.1889944076538086,-5.255650520324707,19.81253433227539,1.117964744567871,2.584256887435913,4.48654842376709,-6.465907573699951,12.397757530212402,0.03847486898303032,-0.012467619962990284,0.28266051411628723,4.83558988571167,3.143418550491333,0.22749999165534973,0.2309897243976593,0.06937500089406967,0.03976001963019371,-21.437360763549805,SPEAKER_00,15779.866,15785.047,5.181000000000495,379
24.347230911254883,0.056641802191734314,23.242393493652344,24.15018081665039,25.527908325195312,2.2855148315429688,21.763254165649414,12.85712718963623,16.541385650634766,9.127999305725098,0.9412475228309631,0.5188699960708618,0.4307763874530792,0.9060164093971252,1.4185230731964111,0.9877467155456543,13.52490234375,6.765710830688477,9.457555770874023,6.22039270401001,0.35617876052856445,0.6195954084396362,21.68208885192871,0.5887222290039062,-0.48753732442855835,-25.50164222717285,23.321060180664062,1.0232077836990356,0.3769950270652771,34.5184440612793,0.013991986401379108,0.9012446999549866,1.2585434913635254,0.8180588483810425,3.879033088684082,0.5972928404808044,6.589388370513916,1.0928477048873901,16.139131546020508,0.5031771659851074,659.2139892578125,0.42327505350112915,1236.8187255859375,0.23066742718219757,-72.44986724853516,-1.2250862121582031,1704.22314453125,0.1507672220468521,848.4143676757812,0.42422494292259216,-74.52677917480469,-1.1410738229751587,2703.85009765625,0.11015545576810837,842.3328857421875,0.21833167970180511,-73.46753692626953,-1.1648446321487427,-9.100851058959961,-0.6898296475410461,15.096002578735352,0.47769325971603394,0.031893033534288406,0.7454010844230652,-0.02091457135975361,-0.6410892009735107,0.4076049029827118,0.5319879651069641,24.88673210144043,0.37628957629203796,-2.2550337314605713,-4.8474249839782715,25.487672805786133,1.0059138536453247,-0.5548617243766785,-26.59078025817871,-5.474431991577148,10.594898223876953,0.0457758754491806,-0.009288662113249302,0.2692817747592926,4.504504680633545,2.7397260665893555,0.23333333432674408,0.16589821875095367,0.11166666448116302,0.0972825139760971,-21.78491973876953,SPEAKER_00,15788.692,15793.147,4.455000000001746,381
26.334394454956055,0.10481255501508713,24.7296142578125,26.27225685119629,28.215103149414062,3.4854888916015625,141.6600341796875,165.23013305664062,32.099334716796875,38.828861236572266,1.0017644166946411,0.5923420786857605,0.35511869192123413,1.0004167556762695,1.5529009103775024,1.197782278060913,13.035640716552734,6.162318706512451,11.224817276000977,5.794989109039307,0.40440860390663147,0.7382469177246094,22.314960479736328,0.5344792604446411,1.1666814088821411,9.824301719665527,17.920656204223633,1.07538902759552,2.824666976928711,5.478689193725586,0.013517126441001892,0.8665531873703003,1.1411535739898682,0.7266609072685242,5.066590309143066,0.49232015013694763,7.39784049987793,1.3881970643997192,18.586034774780273,0.590050995349884,746.920166015625,0.38280829787254333,1245.3441162109375,0.261434406042099,-62.82829284667969,-1.340857744216919,1750.338623046875,0.1653033196926117,903.8193359375,0.3317824900150299,-63.608577728271484,-1.272215485572815,2771.6484375,0.12123805284500122,874.1754150390625,0.4243386685848236,-65.73075866699219,-1.2108139991760254,-9.55649185180664,-0.656613826751709,16.12824821472168,0.43362921476364136,0.033622320741415024,0.6968686580657959,-0.01790674775838852,-0.8384177684783936,0.4811062514781952,0.6135611534118652,25.98713493347168,0.33151108026504517,-1.038308024406433,-10.569743156433105,17.519289016723633,1.1879851818084717,2.2163140773773193,7.368310451507568,-7.181853294372559,13.512526512145996,0.014546149410307407,-0.003725144313648343,0.2256871461868286,4.9808430671691895,2.330096960067749,0.3008333444595337,0.3557259738445282,0.1066666692495346,0.08419553935527802,-20.351579666137695,SPEAKER_00,15801.23,15806.461,5.230999999999767,385
26.916746139526367,0.05763200670480728,25.428186416625977,27.394006729125977,28.19941520690918,2.771228790283203,17.185495376586914,10.819236755371094,9.944100379943848,8.97805118560791,1.040511965751648,0.5321994423866272,0.4247312843799591,1.0148370265960693,1.6002097129821777,1.175478458404541,11.68498706817627,8.08367919921875,10.949316024780273,6.365548610687256,0.3787367343902588,0.6786859035491943,21.688501358032227,0.5597657561302185,1.5276910066604614,7.806980133056641,20.56475830078125,1.0552330017089844,5.2303876876831055,2.29461669921875,0.00987787265330553,1.0621938705444336,0.9141630530357361,0.7068265080451965,5.351518630981445,0.49494656920433044,8.02212905883789,1.096615195274353,16.24238395690918,0.5493565201759338,644.0193481445312,0.4695286452770233,1208.9107666015625,0.17831315100193024,-62.488155364990234,-1.3867063522338867,1687.5155029296875,0.16141432523727417,775.2181396484375,0.40744027495384216,-63.41058349609375,-1.2842395305633545,2698.379638671875,0.1305617094039917,852.1217651367188,0.2640233337879181,-62.86288070678711,-1.3000121116638184,-8.047284126281738,-0.7575371861457825,13.521795272827148,0.506283164024353,0.03717702999711037,0.5170536041259766,-0.018644001334905624,-0.7357261776924133,0.45623278617858887,0.555719792842865,23.976490020751953,0.3849146068096161,-1.1695743799209595,-9.578261375427246,22.874937057495117,0.9771438241004944,4.6538543701171875,2.7965550422668457,-8.24797248840332,13.788348197937012,0.027937551960349083,-0.008025182411074638,0.1927432119846344,3.826530694961548,1.8087855577468872,0.39142856001853943,0.22787390649318695,0.1224999949336052,0.07048935443162918,-20.6042537689209,SPEAKER_00,15815.303,15819.235,3.9320000000006985,388
27.193326950073242,0.062137920409440994,25.615657806396484,27.080007553100586,29.000146865844727,3.384489059448242,38.63996887207031,47.450496673583984,15.479653358459473,10.487117767333984,1.0266611576080322,0.5568230748176575,0.41209709644317627,1.02253258228302,1.5207133293151855,1.1086162328720093,13.407434463500977,8.828240394592285,9.744235038757324,3.852956533432007,0.41203731298446655,0.7299466133117676,19.642017364501953,0.674185574054718,1.6596413850784302,9.041633605957031,21.320354461669922,0.891008734703064,0.8700389862060547,16.306589126586914,0.011448441073298454,0.9988644123077393,0.9209524393081665,0.6765847206115723,5.40346097946167,0.403811514377594,5.919431209564209,1.4296444654464722,17.35948944091797,0.5283174514770508,795.695556640625,0.38734760880470276,1146.578857421875,0.34709632396698,-74.89603424072266,-1.178892970085144,1809.9117431640625,0.1597667783498764,915.22802734375,0.29789870977401733,-72.20184326171875,-1.1810535192489624,2801.012939453125,0.11100936681032181,794.92578125,0.30390796065330505,-72.93778228759766,-1.1619255542755127,-9.153573989868164,-0.8697589039802551,15.616978645324707,0.5379433035850525,0.040095917880535126,0.6158210039138794,-0.01604539342224598,-1.1064269542694092,0.5046520829200745,0.5873647928237915,23.314950942993164,0.39759254455566406,-0.8458049297332764,-17.401098251342773,24.248451232910156,0.8722196817398071,1.8727118968963623,8.340824127197266,-5.072762966156006,10.627124786376953,0.032541174441576004,-0.007516868878155947,0.23904523253440857,4.3373494148254395,2.4449880123138428,0.2669999897480011,0.13928747177124023,0.14999999105930328,0.0839642807841301,-20.552743911743164,SPEAKER_00,15833.461,15837.629,4.168000000001484,392
25.903173446655273,0.0779280960559845,24.256370544433594,25.728273391723633,27.959630966186523,3.7032604217529297,131.3749542236328,189.75350952148438,16.189163208007812,8.537041664123535,1.0083489418029785,0.5722286701202393,0.42574620246887207,0.9348602294921875,1.4845539331436157,1.0588077306747437,15.362034797668457,6.918435096740723,9.529268264770508,3.8877646923065186,0.3719889521598816,0.7281744480133057,18.01129913330078,0.7953238487243652,1.4317997694015503,10.433843612670898,24.60258674621582,0.7040086984634399,7.543532848358154,1.8994948863983154,0.013493615202605724,1.0815203189849854,1.15932297706604,0.7497739195823669,4.788145542144775,0.5145561099052429,5.897216796875,1.2448420524597168,16.06663703918457,0.6634084582328796,668.2491455078125,0.43265604972839355,1209.4437255859375,0.2342323362827301,-69.22391510009766,-1.293786883354187,1701.4669189453125,0.1614471822977066,806.009521484375,0.29149186611175537,-69.6485366821289,-1.2349783182144165,2711.694091796875,0.1313844621181488,861.7962646484375,0.3274691700935364,-69.2685317993164,-1.2440699338912964,-8.215555191040039,-0.8056049346923828,13.342649459838867,0.5514436960220337,0.03506768122315407,0.7412761449813843,-0.014596635475754738,-0.9772252440452576,0.47495320439338684,0.5419709086418152,24.359495162963867,0.3009764850139618,-3.8566627502441406,-3.1741530895233154,25.752328872680664,0.7163923978805542,8.20763111114502,1.8240966796875,-2.9817259311676025,6.886594295501709,0.02440905198454857,-0.0034889704547822475,0.15788593888282776,4.326123237609863,1.6778523921966553,0.3999999761581421,0.36679694056510925,0.1944444477558136,0.18385447561740875,-20.903362274169922,SPEAKER_00,15839.097,15845.122,6.024999999999636,393
23.47233772277832,0.06033382937312126,22.063262939453125,23.50040054321289,24.87151336669922,2.8082504272460938,23.382844924926758,8.972570419311523,18.39706039428711,9.009748458862305,0.823161244392395,0.5056077837944031,0.37118521332740784,0.8400189280509949,1.2528284788131714,0.8816432952880859,12.384209632873535,4.29946231842041,8.06050968170166,4.094415187835693,0.3231898546218872,0.5809304118156433,26.131515502929688,0.43711453676223755,1.0439549684524536,10.946131706237793,17.241920471191406,1.0563069581985474,6.700745582580566,1.9528372287750244,0.014222819358110428,0.6827572584152222,1.2006779909133911,0.6060661673545837,3.99137282371521,0.5543949604034424,7.321519374847412,0.7495219111442566,21.2542724609375,0.40716299414634705,690.82666015625,0.3903631567955017,1307.03515625,0.18921445310115814,-67.64812469482422,-1.264194130897522,1693.1507568359375,0.15400703251361847,928.8042602539062,0.29613083600997925,-70.15337371826172,-1.180591106414795,2690.30078125,0.12416833639144897,893.5487060546875,0.22170883417129517,-71.8345947265625,-1.137699842453003,-11.241024017333984,-0.5419161319732666,17.342426300048828,0.4189563989639282,0.02500419318675995,0.8626848459243774,-0.01757427304983139,-0.7164689302444458,0.38838133215904236,0.40265825390815735,29.817737579345703,0.25623902678489685,0.3419871926307678,32.316871643066406,20.74653434753418,0.9615973830223083,7.727219104766846,1.7023531198501587,-7.112364768981934,13.535686492919922,0.02150632068514824,-0.0036259815096855164,0.19573310017585754,5.039787769317627,2.1621623039245605,0.3125,0.2839784324169159,0.12999999523162842,0.17993052303791046,-22.333560943603516,SPEAKER_00,15869.253,15873.033,3.779999999998836,401
26.66828155517578,0.11104727536439896,24.211698532104492,26.560544967651367,28.48463249206543,4.2729339599609375,31.809284210205078,14.222456932067871,26.583126068115234,30.399965286254883,1.0072599649429321,0.5797931551933289,0.3817225694656372,0.9750431776046753,1.5092113018035889,1.1274887323379517,15.09595775604248,7.049516201019287,10.28459358215332,5.1502180099487305,0.3976809084415436,0.7321430444717407,17.915313720703125,0.7894185781478882,3.760207414627075,3.7312052249908447,24.95098114013672,0.7612314820289612,1.0542991161346436,13.820850372314453,0.013339018449187279,0.9109095335006714,1.0963040590286255,0.7171207666397095,4.649038314819336,0.5400847792625427,7.86221981048584,1.015392541885376,16.859851837158203,0.5587238669395447,706.996826171875,0.4108482897281647,1151.8984375,0.2664768099784851,-66.80049133300781,-1.269195795059204,1752.570068359375,0.1660047024488449,860.1956176757812,0.3906763792037964,-66.69612121582031,-1.2096000909805298,2731.876953125,0.11687055230140686,832.9278564453125,0.2699967622756958,-65.99256134033203,-1.2260589599609375,-8.740150451660156,-0.7196143269538879,14.890898704528809,0.48047488927841187,0.034371934831142426,0.6054333448410034,-0.015849072486162186,-0.8596951961517334,0.48667654395103455,0.5907135009765625,23.41214370727539,0.4345294237136841,-0.5494289994239807,-22.510719299316406,25.72654151916504,0.8217512965202332,1.600633978843689,9.649909019470215,-4.195217132568359,9.014416694641113,0.028331929817795753,-0.004393748007714748,0.1954616904258728,4.693140983581543,2.7372262477874756,0.25066667795181274,0.21050626039505005,0.10071428120136261,0.06111631914973259,-20.672027587890625,SPEAKER_00,15874.653,15880.205,5.55199999999968,402
28.7032470703125,0.186539426445961,26.27416229248047,28.66411781311035,28.989559173583984,2.7153968811035156,27.70892333984375,11.036407470703125,22.95094871520996,23.37399673461914,0.8905139565467834,0.641730010509491,0.2725293040275574,0.8858451843261719,1.386842966079712,1.1143136024475098,10.287863731384277,3.0080440044403076,8.309468269348145,4.887613773345947,0.3477323353290558,0.7808302640914917,11.283429145812988,1.7625751495361328,8.209624290466309,1.6013013124465942,17.68876838684082,0.9416006803512573,1.0865356922149658,9.818392753601074,0.010700378566980362,0.9174099564552307,1.1079975366592407,0.7254748940467834,5.75263786315918,0.49112462997436523,2.574151039123535,2.8083655834198,18.983985900878906,0.40493693947792053,769.619140625,0.39219188690185547,1155.1109619140625,0.27504751086235046,-104.85591888427734,-0.8775879144668579,1788.84814453125,0.148661807179451,924.2841796875,0.2267170399427414,-104.91512298583984,-0.8475244641304016,2767.2978515625,0.11569903790950775,891.8831787109375,0.2849003076553345,-104.97966766357422,-0.8339465856552124,-8.13900089263916,-1.0042964220046997,14.915456771850586,0.6315729022026062,0.04526178166270256,0.47847965359687805,-0.013433816842734814,-0.8838855624198914,0.4884387254714966,0.5444783568382263,21.658857345581055,0.7177453637123108,2.254472017288208,4.5072102546691895,18.652856826782227,1.1399199962615967,2.361464262008667,5.294497013092041,-1.4358006715774536,7.028630256652832,0.03716236725449562,-0.0007343278266489506,0.21029439568519592,4.204204082489014,3.353658676147461,0.14363636076450348,0.13445328176021576,0.1224999949336052,0.08407586067914963,-20.97395896911621,SPEAKER_00,15891.055,15894.397,3.342000000000553,406
26.009689331054688,0.06263174116611481,24.204439163208008,26.553070068359375,27.472219467163086,3.267780303955078,80.08606719970703,92.6019058227539,15.7512788772583,9.01838493347168,0.9560930132865906,0.5126619338989258,0.4369853436946869,0.9635286927223206,1.4033927917480469,0.9664074182510376,15.147178649902344,8.073105812072754,11.824264526367188,5.793159484863281,0.3841641843318939,0.6262920498847961,15.78756046295166,0.9448407888412476,6.7523298263549805,1.9873534440994263,23.224023818969727,0.7148281335830688,6.959495544433594,1.6277238130569458,0.013869364745914936,0.7672906517982483,1.2300527095794678,0.6250016689300537,4.388485431671143,0.5131516456604004,10.214040756225586,0.6879670023918152,17.837570190429688,0.44257688522338867,667.1732177734375,0.4726056456565857,1154.144775390625,0.21911214292049408,-76.8898696899414,-1.1296076774597168,1684.1168212890625,0.1663956493139267,855.3558349609375,0.2867147922515869,-75.9997329711914,-1.0994603633880615,2656.29931640625,0.12138115614652634,840.2918701171875,0.2524179220199585,-75.6921157836914,-1.1091982126235962,-8.032588005065918,-0.5942448973655701,13.257696151733398,0.43538787961006165,0.01710595190525055,1.0872427225112915,-0.01566869579255581,-0.6382395029067993,0.4703323543071747,0.4766596555709839,20.64162254333496,0.5065959692001343,1.4926093816757202,7.305527687072754,26.721309661865234,0.6726966500282288,9.679072380065918,1.2181692123413086,-5.74658203125,11.267806053161621,0.017520003020763397,-0.006979700643569231,0.23836755752563477,5.898876667022705,3.7037036418914795,0.16769228875637054,0.1848555952310562,0.08153845369815826,0.052012741565704346,-21.512826919555664,SPEAKER_00,15924.653,15928.231,3.57799999999952,414
27.187829971313477,0.05555024743080139,26.102203369140625,27.275863647460938,28.109355926513672,2.007152557373047,105.55230712890625,91.55152130126953,22.584543228149414,12.359932899475098,0.8700862526893616,0.5851925015449524,0.3377845883369446,0.8612599968910217,1.2950685024261475,0.9572839140892029,14.15652847290039,4.882017135620117,11.262857437133789,4.765285015106201,0.3569525182247162,0.7284238934516907,17.30272674560547,0.787907063961029,7.19074010848999,1.6388388872146606,17.475805282592773,1.0083649158477783,4.462738513946533,2.9547646045684814,0.01696537807583809,1.2681645154953003,1.2604583501815796,0.6323732733726501,4.986955642700195,0.4238697588443756,7.112534999847412,1.7434160709381104,19.169105529785156,0.46231478452682495,797.408203125,0.35768336057662964,1177.1129150390625,0.3186575770378113,-73.8370132446289,-1.138607382774353,1817.6383056640625,0.17025232315063477,994.3126831054688,0.3870188593864441,-73.2442626953125,-1.1172994375228882,2802.136474609375,0.11828585714101791,804.8595581054688,0.2760215699672699,-74.72396850585938,-1.0844199657440186,-10.063339233398438,-0.5761451125144958,16.431982040405273,0.4111716151237488,0.03773152083158493,0.4330691993236542,-0.015060853213071823,-0.7932649254798889,0.4247020184993744,0.6165159940719604,22.57046127319336,0.420218288898468,3.45088791847229,3.059380054473877,17.520448684692383,1.0385717153549194,3.5012826919555664,3.739757537841797,-5.613183498382568,11.247453689575195,0.019784364849328995,-0.003457298269495368,0.2399684190750122,5.263157844543457,3.691275119781494,0.17363636195659637,0.16438716650009155,0.09222222119569778,0.05006169155240059,-22.217531204223633,SPEAKER_00,16038.104,16041.158,3.0540000000000873,441
27.18413543701172,0.062221601605415344,25.745258331298828,27.3724365234375,28.484355926513672,2.7390975952148438,189.3686981201172,213.9825439453125,22.73410987854004,27.047950744628906,1.0283955335617065,0.5533736348152161,0.4579121470451355,0.9017429947853088,1.5758482217788696,1.117936134338379,13.726815223693848,8.169720649719238,9.861479759216309,3.8970346450805664,0.3866713345050812,0.7535391449928284,21.02077865600586,0.7019799947738647,-0.28568795323371887,-46.26941680908203,22.482501983642578,0.8766265511512756,6.190206527709961,2.3349835872650146,0.011322282254695892,1.2011617422103882,0.9913312792778015,0.7709702849388123,5.664939880371094,0.49936890602111816,10.629658699035645,0.717103123664856,18.598709106445312,0.5281124114990234,805.1473999023438,0.34846022725105286,1171.667236328125,0.27902066707611084,-53.00990295410156,-1.4698364734649658,1840.980712890625,0.1363636702299118,834.6507568359375,0.2890856862068176,-53.07231140136719,-1.3977696895599365,2842.05859375,0.11771193891763687,885.951904296875,0.24747419357299805,-53.49110412597656,-1.3865320682525635,-8.764196395874023,-0.7194976210594177,14.216423988342285,0.4629201889038086,0.03228415548801422,0.6254751682281494,-0.015968317165970802,-0.8391793370246887,0.4585548937320709,0.6357474327087402,24.466541290283203,0.35641366243362427,-2.695033073425293,-4.4859843254089355,25.565479278564453,0.7445580363273621,6.1246209144592285,2.5069844722747803,-3.016934871673584,8.550068855285645,0.03838280588388443,-0.0067836688831448555,0.1592104583978653,4.075235366821289,2.236421823501587,0.3400000035762787,0.29717719554901123,0.09999999403953552,0.05066227912902832,-20.450843811035156,SPEAKER_00,16042.289,16045.495,3.206000000000131,442
26.82849884033203,0.07483016699552536,25.26111602783203,26.5811824798584,28.546916961669922,3.2858009338378906,52.26667404174805,64.57701110839844,33.47214126586914,20.220373153686523,0.935023307800293,0.6369695663452148,0.3404045104980469,0.8617154359817505,1.4319770336151123,1.0915725231170654,16.178375244140625,7.369358062744141,16.409582138061523,6.857463836669922,0.41474878787994385,0.7376471161842346,17.159862518310547,0.878192126750946,3.852586269378662,3.390477180480957,16.876970291137695,0.8252459168434143,2.354193687438965,4.919802188873291,0.022763842716813087,1.222963809967041,1.4239771366119385,0.6973943114280701,4.195882320404053,0.5773629546165466,4.729224681854248,1.7123353481292725,17.363656997680664,0.5560286045074463,796.0669555664062,0.3732251524925232,1190.574462890625,0.2019791454076767,-88.89604187011719,-1.0028107166290283,1809.0692138671875,0.14304840564727783,892.5294799804688,0.2892772853374481,-88.81598663330078,-0.9696961641311646,2823.73681640625,0.11553294956684113,897.6470336914062,0.47511032223701477,-89.1644287109375,-0.9631767868995667,-8.792625427246094,-0.7100754380226135,14.706672668457031,0.43397724628448486,0.03820054978132248,0.5888858437538147,-0.014145990833640099,-1.0192006826400757,0.5036778450012207,0.5987716317176819,22.855022430419922,0.4480701684951782,-0.595569908618927,-20.842580795288086,20.093297958374023,0.7433437705039978,3.802682399749756,3.535470485687256,-5.0778889656066895,10.985730171203613,0.036077119410037994,-0.003328371560201049,0.29332971572875977,5.864197731018066,3.7617557048797607,0.1483333259820938,0.11081767082214355,0.08923076093196869,0.08128407597541809,-21.623939514160156,SPEAKER_00,16060.16,16063.417,3.256999999999607,446
27.256000518798828,0.11602101475000381,24.772645950317383,26.853919982910156,30.45436668395996,5.681720733642578,96.2971420288086,168.54298400878906,15.527700424194336,15.954436302185059,0.7347611784934998,0.6873154044151306,0.2044755220413208,0.6740767955780029,1.2744052410125732,1.0699297189712524,10.32853889465332,6.6120991706848145,9.898401260375977,5.426588535308838,0.2398943156003952,0.7609102725982666,18.695837020874023,0.6022945046424866,4.072497367858887,2.6768455505371094,29.048198699951172,0.5564343333244324,11.842117309570312,1.082342505455017,0.015578936785459518,1.0076534748077393,0.9773969650268555,0.8207579851150513,5.128608703613281,0.521751344203949,5.979108810424805,1.8937671184539795,16.3087100982666,0.6842954754829407,764.2576904296875,0.42824554443359375,1110.0782470703125,0.3574518859386444,-77.59132385253906,-1.1360456943511963,1806.56884765625,0.16620942950248718,833.9407958984375,0.2940782606601715,-74.2624282836914,-1.1441072225570679,2786.468994140625,0.11980245262384415,822.4752807617188,0.2992330491542816,-73.21654510498047,-1.170072317123413,-8.153217315673828,-0.9431931972503662,13.122447967529297,0.6775473952293396,0.041244421154260635,0.6714243292808533,-0.011342060752213001,-1.0141712427139282,0.30047696828842163,0.5804041624069214,20.84740447998047,0.44932955503463745,1.0656241178512573,8.985068321228027,29.995271682739258,0.600014328956604,11.55211353302002,1.202986240386963,-9.49593734741211,14.531118392944336,0.017404969781637192,0.00011402479140087962,0.12443342804908752,4.264392375946045,2.370689630508423,0.2736363410949707,0.21968045830726624,0.1281818151473999,0.07481105625629425,-24.31283950805664,SPEAKER_00,16109.502,16114.21,4.707999999998719,451
26.658905029296875,0.05698893219232559,25.30453109741211,26.963302612304688,28.031959533691406,2.727428436279297,95.2786636352539,138.80770874023438,14.022477149963379,7.591982364654541,0.591381847858429,0.6296165585517883,0.2439965307712555,0.5447266697883606,0.9088585376739502,0.6648620367050171,10.00636100769043,5.17587423324585,7.536960124969482,3.1874496936798096,0.19547010958194733,0.7382209300994873,16.303312301635742,0.9529176354408264,7.827963352203369,1.644156575202942,17.716218948364258,0.8816056847572327,13.70911979675293,0.7579697966575623,0.015498441644012928,0.9936801791191101,1.2520052194595337,0.7926409244537354,5.153122425079346,0.4812220633029938,4.6859917640686035,1.6102155447006226,20.409164428710938,0.48028793931007385,723.07666015625,0.40700429677963257,1142.6328125,0.18418090045452118,-89.42707824707031,-1.0174174308776855,1731.6866455078125,0.1607043594121933,832.1995849609375,0.23707269132137299,-89.84288024902344,-0.9856800436973572,2749.011962890625,0.13472230732440948,853.628662109375,0.3338255286216736,-91.7696304321289,-0.9475347399711609,-9.666268348693848,-0.6060399413108826,16.368406295776367,0.41656753420829773,0.039623893797397614,0.6456021666526794,-0.008331111632287502,-1.7215765714645386,0.27220574021339417,0.4646633565425873,25.160139083862305,0.3509797155857086,0.9505705237388611,8.870418548583984,20.541479110717773,0.8145114183425903,14.257364273071289,0.8292550444602966,-6.306625843048096,12.597413063049316,0.02388792484998703,0.004176820162683725,0.09040345251560211,4.483430862426758,2.7559056282043457,0.20357142388820648,0.12948288023471832,0.13785713911056519,0.15095782279968262,-26.01079750061035,SPEAKER_00,16156.043,16161.19,5.147000000000844,456
27.69266128540039,0.04765595495700836,26.713703155517578,27.56060218811035,28.519132614135742,1.805429458618164,77.35371398925781,123.9414291381836,19.296157836914062,13.253664016723633,0.7000947594642639,0.6722607016563416,0.19359390437602997,0.6338649988174438,1.1446633338928223,0.9510694146156311,11.326125144958496,4.74087381362915,10.287262916564941,4.972461223602295,0.23187072575092316,0.7401665449142456,20.392494201660156,0.6139543056488037,5.4297709465026855,2.014878034591675,17.54953384399414,1.0383472442626953,5.6553449630737305,2.353073835372925,0.014337459579110146,1.0119085311889648,1.0498114824295044,0.7304317951202393,5.769108772277832,0.44301551580429077,7.766772270202637,1.778363585472107,20.047744750976562,0.510383129119873,828.4978637695312,0.3234458565711975,1102.4569091796875,0.2812890410423279,-68.81842041015625,-1.2119989395141602,1873.7928466796875,0.14295294880867004,849.5831909179688,0.2886984646320343,-69.60687255859375,-1.169251561164856,2889.960205078125,0.10786034166812897,827.3706665039062,0.2932705581188202,-71.3344497680664,-1.1286545991897583,-9.887131690979004,-0.7008455991744995,14.964540481567383,0.5170177221298218,0.041637297719717026,0.549199640750885,-0.014632484875619411,-1.0936532020568848,0.28406938910484314,0.5649128556251526,23.829967498779297,0.35292288661003113,3.257852792739868,3.1476500034332275,20.484546661376953,0.9945079684257507,8.357464790344238,1.6348015069961548,-6.393410682678223,12.702489852905273,0.03268176317214966,-0.003695050487294793,0.12293506413698196,4.9528303146362305,2.863961696624756,0.23416665196418762,0.21108680963516235,0.09416666626930237,0.10507602244615555,-24.805334091186523,SPEAKER_00,16183.938,16188.19,4.2520000000004075,462
25.855703353881836,0.07867397367954254,24.480449676513672,26.2897891998291,27.48395347595215,3.0035037994384766,82.46096801757812,131.81568908691406,17.445209503173828,8.883856773376465,0.6931523084640503,0.6176393032073975,0.21720090508460999,0.6442556381225586,1.0599514245986938,0.8427505493164062,11.432782173156738,5.068361282348633,9.540109634399414,5.279678821563721,0.2377941757440567,0.7061479091644287,19.138858795166016,0.641322910785675,5.294612407684326,2.2540488243103027,23.567903518676758,0.7438623905181885,9.28252124786377,1.3599492311477661,0.014609547331929207,0.8084192276000977,1.2847096920013428,0.7454738616943359,4.705523490905762,0.5652042031288147,8.143823623657227,0.9143644571304321,19.447826385498047,0.46683862805366516,739.8490600585938,0.38378065824508667,1216.771484375,0.26646772027015686,-59.095314025878906,-1.386807918548584,1755.0323486328125,0.1516115814447403,876.6085205078125,0.39068812131881714,-59.45785903930664,-1.3247548341751099,2764.873291015625,0.11281289905309677,812.3436279296875,0.28824445605278015,-59.33443069458008,-1.328275442123413,-9.768013954162598,-0.6651542782783508,14.620139122009277,0.46872279047966003,0.032015059143304825,0.6962528824806213,-0.013320154510438442,-0.8895944356918335,0.296039879322052,0.5186955332756042,23.06974983215332,0.34951528906822205,2.959761381149292,3.960561990737915,26.2862491607666,0.7268978953361511,11.299453735351562,1.1547590494155884,-5.073769569396973,10.773116111755371,0.011250132694840431,0.0016367450589314103,0.07266196608543396,5.299539566040039,1.3986014127731323,0.5299999713897705,0.4330896735191345,0.16499999165534973,0.1433817744255066,-24.650190353393555,SPEAKER_00,16226.902,16231.255,4.352999999999156,469
27.047895431518555,0.0875936895608902,25.38553237915039,26.62579345703125,29.553361892700195,4.167829513549805,18.981826782226562,23.77857208251953,15.42236614227295,5.2681097984313965,0.7908881902694702,0.5782308578491211,0.3046196699142456,0.774468183517456,1.2405444383621216,0.935924768447876,12.802206993103027,6.826572895050049,10.128471374511719,4.302150249481201,0.30210617184638977,0.576949954032898,19.514421463012695,0.507131814956665,3.1689538955688477,4.147809028625488,23.04955291748047,0.7488423585891724,7.456736087799072,1.5285192728042603,0.014450970105826855,0.99147629737854,1.346967101097107,0.7125402092933655,4.499120712280273,0.5569207668304443,2.8626227378845215,2.2937357425689697,14.982852935791016,0.5075951218605042,824.74072265625,0.3837735056877136,1089.0927734375,0.29537105560302734,-83.42375946044922,-1.0453296899795532,1818.979248046875,0.16633331775665283,949.5245971679688,0.41592592000961304,-77.31550598144531,-1.1129519939422607,2811.65625,0.12166436016559601,788.02978515625,0.26385530829429626,-78.8345718383789,-1.0776547193527222,-6.633315086364746,-0.7330053448677063,11.975391387939453,0.49154821038246155,0.03312481567263603,0.7352529168128967,-0.007475549355149269,-1.4611189365386963,0.3654017746448517,0.41945093870162964,20.545866012573242,0.4001403748989105,-1.972808599472046,-5.291179656982422,23.935577392578125,0.8504512906074524,7.9757304191589355,1.613074779510498,-11.602046966552734,17.867969512939453,0.0111689493060112,-0.0006257328786887228,0.20366880297660828,5.747126579284668,3.7900876998901367,0.1592307686805725,0.15193426609039307,0.0778571367263794,0.06899053603410721,-24.37459945678711,SPEAKER_00,16262.963,16266.457,3.4940000000005966,470
26.5656681060791,0.09238949418067932,25.044511795043945,26.464202880859375,28.395957946777344,3.3514461517333984,275.31011962890625,490.2215881347656,26.115489959716797,13.74975872039795,0.7634305357933044,0.534010648727417,0.3386213183403015,0.7515210509300232,1.0719879865646362,0.7333666682243347,11.1038236618042,4.148559093475342,9.866344451904297,4.949372291564941,0.31378698348999023,0.6514246463775635,21.795522689819336,0.5097908973693848,4.069693088531494,3.327836751937866,21.1788387298584,0.8856368064880371,6.496969699859619,2.1923906803131104,0.01793915033340454,0.9447728991508484,1.246993899345398,0.7888251543045044,4.2262773513793945,0.5436482429504395,4.7376389503479,1.4221261739730835,17.116710662841797,0.4730428457260132,739.15283203125,0.3904121518135071,1172.7781982421875,0.2463676631450653,-67.40387725830078,-1.211306095123291,1738.0623779296875,0.15626606345176697,935.0042114257812,0.2992095649242401,-67.98137664794922,-1.160461664199829,2720.212158203125,0.11414511501789093,814.828369140625,0.2908336818218231,-69.03175354003906,-1.1320422887802124,-9.831531524658203,-0.6765257120132446,15.419548034667969,0.4757930040359497,0.02547094225883484,0.9936730265617371,-0.011599131859838963,-1.386581540107727,0.321782648563385,0.5100772976875305,23.235225677490234,0.34908679127693176,0.9702015519142151,12.679960250854492,22.48227882385254,0.9053018093109131,5.582096099853516,2.8028080463409424,-10.820515632629395,16.87099266052246,-0.0020656180568039417,-0.0041478946805000305,0.32020655274391174,5.211726665496826,4.651162624359131,0.14071427285671234,0.106063611805439,0.061666663736104965,0.03869395703077316,-24.26728630065918,SPEAKER_00,16271.924,16275.012,3.087999999999738,473
24.907482147216797,0.08312398195266724,22.761035919189453,24.869747161865234,27.280540466308594,4.519504547119141,24.253976821899414,12.861673355102539,101.25240325927734,213.80201721191406,0.6195886731147766,0.6355550289154053,0.21705110371112823,0.5569157600402832,0.9741762280464172,0.7571251392364502,7.944956302642822,4.8149895668029785,6.1830830574035645,2.5870025157928467,0.191656693816185,0.6553650498390198,23.50146484375,0.4934873878955841,4.7899980545043945,2.589284658432007,23.460586547851562,0.7340808510780334,3.7069971561431885,4.2159881591796875,0.014122304506599903,0.9701470136642456,1.0955668687820435,0.7997636198997498,5.038257122039795,0.4526253342628479,5.884800434112549,1.1481349468231201,19.29878044128418,0.47837379574775696,713.66064453125,0.3459410071372986,1185.633056640625,0.20700013637542725,-64.43795013427734,-1.2907387018203735,1769.7027587890625,0.15398916602134705,834.0072631835938,0.36626604199409485,-67.4125747680664,-1.1886234283447266,2781.016845703125,0.1266636699438095,815.4224243164062,0.22474133968353271,-67.55693817138672,-1.1845484972000122,-11.168264389038086,-0.6123156547546387,16.48731803894043,0.49226805567741394,0.03197040408849716,0.6678987741470337,-0.012920315377414227,-1.481108546257019,0.22180616855621338,0.5440690517425537,26.32270050048828,0.26988229155540466,2.228193759918213,5.629384994506836,23.146757125854492,0.7721556425094604,4.209364414215088,3.8735482692718506,-9.529296875,14.72281265258789,0.020218681544065475,-0.006784123368561268,0.13329733908176422,4.36137056350708,3.18471360206604,0.21299998462200165,0.1748170405626297,0.08100000023841858,0.03645544871687889,-25.74164581298828,SPEAKER_00,16285.812,16289.035,3.2229999999999563,478
25.243152618408203,0.059346042573451996,23.75090980529785,25.188901901245117,26.63556671142578,2.8846569061279297,49.92092514038086,59.6888427734375,16.843534469604492,7.06942892074585,0.6921129822731018,0.6600817441940308,0.20380795001983643,0.6511893272399902,1.1272164583206177,0.9234085083007812,11.083663940429688,5.378000736236572,9.305007934570312,4.590391635894775,0.2282997965812683,0.7570357322692871,21.47279930114746,0.5324405431747437,1.0101406574249268,11.442154884338379,18.185279846191406,0.9368099570274353,8.512884140014648,1.6090943813323975,0.011834905482828617,0.7674553394317627,1.1045674085617065,0.7842133045196533,4.830394268035889,0.48074254393577576,7.993948459625244,0.8021402359008789,18.37024688720703,0.526517391204834,676.6882934570312,0.4403304159641266,1200.613525390625,0.18414448201656342,-76.33665466308594,-1.1577974557876587,1687.53662109375,0.17237097024917603,934.9595336914062,0.37467160820961,-78.34473419189453,-1.0934685468673706,2673.54833984375,0.13593794405460358,907.8494873046875,0.26558876037597656,-79.30691528320312,-1.0716193914413452,-8.714543342590332,-0.7050283551216125,14.82131290435791,0.4812895953655243,0.02973521500825882,0.8103211522102356,-0.014701927080750465,-0.9325636029243469,0.2938258945941925,0.5442773699760437,25.64929962158203,0.3079964816570282,-1.8297454118728638,-5.863429069519043,18.584184646606445,0.9656651020050049,9.005160331726074,1.6956543922424316,-7.077841281890869,12.569491386413574,0.021280208602547646,0.001953393453732133,0.11710454523563385,4.469274044036865,2.8328611850738525,0.21899999678134918,0.10511422902345657,0.11299999803304672,0.10421612858772278,-24.91358184814453,SPEAKER_00,16300.308,16303.902,3.5939999999991414,483
24.86968421936035,0.044959623366594315,23.89091682434082,24.94234275817871,25.962818145751953,2.071901321411133,59.026611328125,96.94850158691406,12.289974212646484,8.776283264160156,0.8146597146987915,0.60845547914505,0.2147882878780365,0.8212155699729919,1.366498589515686,1.1517102718353271,10.31230640411377,4.730126857757568,7.451283931732178,3.540781021118164,0.2352033406496048,0.7288435101509094,21.872276306152344,0.47257745265960693,-1.4711707830429077,-8.728123664855957,24.903202056884766,0.890130341053009,7.687128067016602,1.8201960325241089,0.012508833780884743,1.2298941612243652,1.105690360069275,0.7348519563674927,4.8637542724609375,0.4735938310623169,6.977424144744873,1.1420836448669434,15.144667625427246,0.7479877471923828,789.75390625,0.4132443368434906,1102.722900390625,0.2774071991443634,-47.48500061035156,-1.5456678867340088,1791.9197998046875,0.16965247690677643,910.5901489257812,0.2923106849193573,-45.3619384765625,-1.6020458936691284,2748.8818359375,0.12952256202697754,838.445068359375,0.3339185416698456,-45.408729553222656,-1.5990989208221436,-8.847250938415527,-0.8711885213851929,13.927680969238281,0.6293565630912781,0.029863636940717697,0.8117842078208923,-0.011917938478291035,-0.8439763188362122,0.27247101068496704,0.5976619720458984,23.262052536010742,0.3257722854614258,-2.189614772796631,-5.830772876739502,29.06709098815918,0.7605209350585938,9.617778778076172,1.482285737991333,-6.610818386077881,11.408797264099121,0.03188055753707886,-0.00582910468801856,0.09906227141618729,4.155844211578369,1.8469656705856323,0.4285714328289032,0.3290431499481201,0.12999999523162842,0.026832813397049904,-23.918357849121094,SPEAKER_00,16363.184,16367.048,3.864000000001397,497
24.728778839111328,0.04585563391447067,23.834007263183594,24.580472946166992,25.790081024169922,1.9560737609863281,89.46895599365234,115.78624725341797,11.010787963867188,4.986804008483887,0.6857107281684875,0.6417244076728821,0.2317613810300827,0.655329704284668,1.08944571018219,0.857684314250946,10.862555503845215,5.1702961921691895,8.994565963745117,3.5916144847869873,0.23830772936344147,0.7052925229072571,24.514760971069336,0.4437396824359894,-0.6938925385475159,-15.759218215942383,16.8767032623291,1.0370564460754395,6.636812210083008,2.192814826965332,0.013257944025099277,1.0058495998382568,1.2907483577728271,0.708016037940979,4.428438663482666,0.481453537940979,6.446409702301025,1.0093834400177002,18.68942642211914,0.5555694103240967,710.5529174804688,0.3958681523799896,1201.5711669921875,0.1934814602136612,-56.27518081665039,-1.4253261089324951,1714.9761962890625,0.16396212577819824,916.5758056640625,0.2661460041999817,-56.39329147338867,-1.3859940767288208,2714.672119140625,0.1321413666009903,913.7084350585938,0.4223349094390869,-59.14017868041992,-1.299351453781128,-9.771860122680664,-0.6614985466003418,14.976603507995605,0.4741829037666321,0.022916095331311226,0.9817607998847961,-0.01385900191962719,-1.0282758474349976,0.281628280878067,0.5501423478126526,27.466583251953125,0.2754715383052826,-2.957582950592041,-3.6033544540405273,18.12994384765625,1.0315511226654053,7.728692531585693,1.9631718397140503,-7.920536994934082,13.24158763885498,0.019029513001441956,-0.0029520648531615734,0.11696728318929672,4.4673542976379395,2.430555582046509,0.30071428418159485,0.15364450216293335,0.09769230335950851,0.06576810032129288,-24.920936584472656,SPEAKER_00,16377.106,16382.945,5.838999999999942,500
23.28558921813965,0.06561596691608429,21.67845344543457,23.503917694091797,24.721025466918945,3.042572021484375,28.257776260375977,38.78568649291992,17.652624130249023,8.256299018859863,0.5349277853965759,0.5953884124755859,0.203060120344162,0.5125088691711426,0.8113254308700562,0.6082652807235718,9.709637641906738,3.6205992698669434,8.037257194519043,3.972214460372925,0.18159860372543335,0.7089454531669617,23.780790328979492,0.5787191390991211,5.5021491050720215,2.05804181098938,15.976127624511719,0.7692781686782837,7.549823760986328,1.724848985671997,0.01385414693504572,1.0591070652008057,1.1965007781982422,0.7149813771247864,4.614933013916016,0.3723066449165344,8.399362564086914,0.6256427764892578,24.98543357849121,0.38080742955207825,746.3551025390625,0.33224377036094666,1291.4327392578125,0.16019345819950104,-64.02513122558594,-1.277872920036316,1738.7354736328125,0.1490819901227951,959.4999389648438,0.2622530460357666,-66.7484359741211,-1.1981642246246338,2793.771240234375,0.13474027812480927,859.2208862304688,0.22311651706695557,-70.92694091796875,-1.093004822731018,-13.403631210327148,-0.475986123085022,18.997615814208984,0.3396904766559601,0.010827484540641308,2.224381685256958,-0.013614729978144169,-1.0889418125152588,0.2086097151041031,0.5767046213150024,29.32541847229004,0.2855404019355774,4.0889997482299805,2.5956509113311768,17.508447647094727,0.7573854923248291,9.33236312866211,1.4682508707046509,-5.142073154449463,10.432549476623535,0.01708505116403103,0.0005762332584708929,0.12731856107711792,6.508875846862793,2.710843324661255,0.2544444501399994,0.20581063628196716,0.10749999433755875,0.09807522594928741,-27.006296157836914,SPEAKER_00,16390.606,16393.998,3.3919999999998254,502
24.7729549407959,0.08897095918655396,23.32023048400879,24.446435928344727,25.70949363708496,2.389263153076172,41.14433670043945,33.131309509277344,21.009538650512695,13.429323196411133,0.5753923058509827,0.5688509941101074,0.2591024935245514,0.5527917146682739,0.8684812784194946,0.6093788146972656,8.530742645263672,4.542391777038574,6.9823384284973145,3.655743360519409,0.18465380370616913,0.691887617111206,17.787273406982422,0.935409426689148,5.074172019958496,2.5724103450775146,15.12605094909668,1.1463849544525146,1.3673416376113892,9.692192077636719,0.016518117859959602,1.0837717056274414,1.2611172199249268,0.6727756261825562,4.296727657318115,0.4931124150753021,6.631965637207031,0.7409315705299377,19.15433120727539,0.43783748149871826,640.83447265625,0.4255412518978119,1265.393798828125,0.15770374238491058,-82.15515899658203,-1.1157329082489014,1660.8909912109375,0.182022824883461,928.7301025390625,0.3398507237434387,-84.63996887207031,-1.036954402923584,2678.042724609375,0.14527244865894318,895.3365478515625,0.22364714741706848,-86.1971664428711,-1.0029946565628052,-10.262158393859863,-0.5269730687141418,17.164216995239258,0.40393638610839844,0.02350636199116707,0.8278331160545349,-0.015290159732103348,-0.833281934261322,0.23907427489757538,0.5059980154037476,27.083086013793945,0.32696792483329773,0.4183337390422821,27.554292678833008,13.513425827026367,1.4483195543289185,3.533022403717041,3.784419298171997,-1.3406620025634766,5.960588455200195,0.02269672229886055,0.0011708179954439402,0.10718689858913422,4.625550746917725,2.471910238265991,0.23999999463558197,0.14960554242134094,0.14454545080661774,0.1711120754480362,-27.116825103759766,SPEAKER_00,16435.612,16440.168,4.556000000000495,515
27.176029205322266,0.07903546839952469,25.960142135620117,27.42972755432129,28.072715759277344,2.1125736236572266,93.42362213134766,144.5789794921875,20.764568328857422,21.9440860748291,0.722956120967865,0.6679571866989136,0.21934662759304047,0.64845871925354,1.2041391134262085,0.9847924709320068,10.060023307800293,2.5643393993377686,7.69584321975708,3.9047582149505615,0.24219489097595215,0.8040233850479126,16.806781768798828,0.9746840000152588,6.066845893859863,2.4673311710357666,16.327709197998047,1.128745675086975,0.747233510017395,17.23340606689453,0.013209647499024868,0.9197183847427368,1.1603784561157227,0.6997331976890564,5.249679088592529,0.4743015766143799,5.2573676109313965,1.3968714475631714,17.153005599975586,0.5405700206756592,756.6361083984375,0.3867846429347992,1162.4996337890625,0.26791465282440186,-69.1229248046875,-1.2301758527755737,1807.0318603515625,0.16841313242912292,877.6085815429688,0.34595635533332825,-69.88520050048828,-1.191904067993164,2778.265625,0.12887424230575562,894.37890625,0.43967971205711365,-71.2229995727539,-1.1590088605880737,-9.394356727600098,-0.6806748509407043,14.35515022277832,0.5056089758872986,0.041871000081300735,0.5059142112731934,-0.017526915296912193,-0.8858508467674255,0.3212718963623047,0.5732904672622681,24.337228775024414,0.35051241517066956,1.2739001512527466,9.484002113342285,21.593366622924805,0.8915423154830933,2.0208499431610107,6.792199611663818,-0.11259492486715317,4.451657772064209,0.02657155506312847,0.0004379414895083755,0.07727999985218048,3.81231689453125,2.3809523582458496,0.28125,0.1688518077135086,0.10444444417953491,0.13183416426181793,-24.126420974731445,SPEAKER_00,16501.154,16504.58,3.426000000003114,531
26.75382423400879,0.08938854187726974,24.677467346191406,27.29146385192871,29.003589630126953,4.326122283935547,31.727802276611328,18.31601333618164,14.372766494750977,6.150433540344238,0.6348034143447876,0.7644212245941162,0.12969370186328888,0.5845341682434082,1.0784188508987427,0.948725163936615,9.166202545166016,4.7691569328308105,8.085524559020996,4.626481533050537,0.19589196145534515,0.9220690131187439,14.451741218566895,1.2599153518676758,6.616703033447266,2.0716822147369385,21.895553588867188,0.9174078702926636,3.478625774383545,3.410630226135254,0.013694466091692448,0.9717167615890503,1.126452922821045,0.6973641514778137,5.677003860473633,0.46275827288627625,4.711852550506592,1.8238307237625122,17.82642936706543,0.5816768407821655,770.2294921875,0.37369754910469055,1100.4613037109375,0.26543909311294556,-92.4203109741211,-1.0042248964309692,1833.834228515625,0.15277090668678284,853.981201171875,0.4345628321170807,-91.29553985595703,-0.9896036982536316,2805.46337890625,0.10796990245580673,805.104736328125,0.3172766864299774,-90.47027587890625,-1.0059269666671753,-10.544666290283203,-0.7798816561698914,15.896599769592285,0.5587480664253235,0.04114549607038498,0.6091874241828918,-0.015967780724167824,-1.0233221054077148,0.2923124134540558,0.5877145528793335,23.734050750732422,0.3856780529022217,4.372851848602295,3.0080506801605225,29.330656051635742,0.7753804922103882,5.161153316497803,2.5056471824645996,-0.3347984254360199,5.8130083084106445,0.028603477403521538,0.006095380522310734,0.06443305313587189,4.190476417541504,1.3461538553237915,0.42571428418159485,0.20975203812122345,0.29428571462631226,0.22556956112384796,-24.689958572387695,SPEAKER_00,16511.617,16516.882,5.265000000003056,535
24.608335494995117,0.07510752230882645,23.14154052734375,24.63457489013672,26.50151824951172,3.3599777221679688,63.757476806640625,68.60706329345703,13.4852933883667,8.734088897705078,0.6212835311889648,0.6394442319869995,0.20885902643203735,0.5722811222076416,0.9924068450927734,0.7835478186607361,10.824433326721191,5.763423919677734,8.724411964416504,5.0796427726745605,0.2168850600719452,0.7476742267608643,21.082286834716797,0.7179431319236755,2.7766289710998535,5.003493785858154,19.88474464416504,1.175386905670166,5.4261884689331055,2.180867910385132,0.015901582315564156,0.8558340072631836,1.258617877960205,0.6577559113502502,3.7823853492736816,0.6347532272338867,6.249161720275879,0.9502182602882385,18.57839012145996,0.5990350246429443,665.7501831054688,0.4292895495891571,1231.04150390625,0.16190892457962036,-73.91343688964844,-1.1919124126434326,1685.8592529296875,0.15359748899936676,855.1265869140625,0.42955419421195984,-76.24932098388672,-1.106478214263916,2705.27099609375,0.1363285332918167,870.3804321289062,0.25124993920326233,-77.39682006835938,-1.0813207626342773,-9.012178421020508,-0.655569314956665,14.579998970031738,0.45263057947158813,0.033107418566942215,0.6850971579551697,-0.015544619411230087,-0.7637028694152832,0.2808094024658203,0.5392581820487976,27.33344078063965,0.3437150716781616,-2.054112195968628,-5.907448768615723,23.35791778564453,1.0853981971740723,7.0717973709106445,1.8459174633026123,-5.753615379333496,10.7708158493042,0.02325553260743618,-0.0029234718531370163,0.10565513372421265,5.339806079864502,2.9484031200408936,0.21416665613651276,0.13628756999969482,0.1041666641831398,0.09490857273340225,-25.928836822509766,SPEAKER_00,16523.092,16527.226,4.133999999998196,537
25.842456817626953,0.06707414239645004,24.2083797454834,26.30384635925293,27.21450424194336,3.006124496459961,152.7294158935547,172.53370666503906,9.581560134887695,4.86357307434082,0.5424702763557434,0.8004557490348816,0.10231908410787582,0.4787776470184326,0.9603075981140137,0.8579885363578796,7.408758640289307,2.9024429321289062,6.495821952819824,4.09625244140625,0.16476817429065704,0.9757684469223022,20.319425582885742,0.6929975748062134,2.754509687423706,5.261173725128174,12.810606002807617,1.2175461053848267,6.941300868988037,1.9415614604949951,0.010433767922222614,0.8848235011100769,0.9416276812553406,0.7661727666854858,5.532890796661377,0.426392525434494,9.309335708618164,0.8094795346260071,19.75887107849121,0.5111643671989441,675.5398559570312,0.412679523229599,1213.0335693359375,0.18084688484668732,-103.63269805908203,-0.9057361483573914,1702.4512939453125,0.1671486645936966,892.83837890625,0.2573859691619873,-102.3951416015625,-0.8970967531204224,2729.054443359375,0.13831791281700134,892.0128173828125,0.264572411775589,-104.22354888916016,-0.8654351830482483,-10.109359741210938,-0.68186354637146,15.518437385559082,0.47638261318206787,0.03693602606654167,0.5332859754562378,-0.018382661044597626,-1.0089731216430664,0.2715383470058441,0.5397050976753235,28.88675308227539,0.248213529586792,-1.9992315769195557,-6.61491060256958,15.960222244262695,1.2211039066314697,7.157932758331299,2.3782167434692383,-5.7718634605407715,12.381122589111328,0.018748927861452103,0.007015796843916178,0.05570780485868454,3.9787797927856445,1.886792540550232,0.26571428775787354,0.20728567242622375,0.21249999105930328,0.2611393332481384,-26.12696075439453,SPEAKER_00,16542.228,16546.008,3.780000000002474,541
25.473987579345703,0.04986969754099846,24.10929298400879,25.720043182373047,26.549945831298828,2.440652847290039,59.608558654785156,47.77178192138672,16.11001205444336,7.052937030792236,0.6438789963722229,0.6377928256988525,0.15669259428977966,0.6765271425247192,1.0489795207977295,0.8922868967056274,8.17909049987793,3.7691843509674072,6.402703285217285,3.0743067264556885,0.2013007551431656,0.772673487663269,18.64076805114746,0.6762101054191589,0.549748420715332,21.37596893310547,26.791427612304688,0.9051462411880493,7.4589080810546875,1.4704594612121582,0.015898289158940315,1.0894217491149902,1.1762595176696777,0.7543041706085205,4.350374698638916,0.5320267081260681,6.493649959564209,0.908038854598999,14.734121322631836,0.45281335711479187,737.571533203125,0.47034674882888794,1094.588134765625,0.3615579903125763,-67.676513671875,-1.2217233180999756,1744.4345703125,0.19644810259342194,862.4888305664062,0.34421247243881226,-65.35358428955078,-1.2448575496673584,2696.02978515625,0.13192112743854523,830.3031005859375,0.21812324225902557,-64.59024810791016,-1.2653343677520752,-7.701223373413086,-0.6543246507644653,12.87051773071289,0.44118908047676086,0.03110644221305847,0.6200792193412781,-0.011470207013189793,-1.1254949569702148,0.2530690133571625,0.5830552577972412,22.702760696411133,0.4043770730495453,-2.2817776203155518,-4.713968753814697,30.85032081604004,0.8193193674087524,8.511500358581543,1.397894263267517,-4.425419807434082,10.005105018615723,0.018462760373950005,0.004517579451203346,0.08665093779563904,4.807692527770996,2.941176414489746,0.23222221434116364,0.17567506432533264,0.09749999642372131,0.08196797966957092,-25.675437927246094,SPEAKER_00,16564.267,16567.405,3.1379999999990105,548
24.44502067565918,0.07087508589029312,23.13192367553711,24.619253158569336,25.83081817626953,2.698894500732422,101.1561279296875,110.2518539428711,11.914508819580078,8.69105339050293,0.6688124537467957,0.6361014246940613,0.2606371343135834,0.5894644856452942,1.0856187343597412,0.8249815702438354,11.216277122497559,5.483928203582764,6.767184257507324,3.326353073120117,0.21873825788497925,0.6995317339897156,19.27764129638672,0.6207945942878723,4.565639972686768,2.4949190616607666,23.983413696289062,0.8870729207992554,9.24119758605957,1.520579218864441,0.0160838533192873,0.8412673473358154,1.1427770853042603,0.8475623726844788,4.230510234832764,0.6046158075332642,6.950954914093018,0.9733938574790955,17.930057525634766,0.6180835366249084,676.802001953125,0.46735525131225586,1200.2064208984375,0.2102850079536438,-71.0448989868164,-1.2207767963409424,1713.998046875,0.16197659075260162,811.9379272460938,0.35772037506103516,-74.17794036865234,-1.1167635917663574,2724.857421875,0.12235695123672485,907.3185424804688,0.24042731523513794,-73.52186584472656,-1.1345947980880737,-9.307693481445312,-0.6878111362457275,14.170039176940918,0.5315676331520081,0.031160062178969383,0.7125667929649353,-0.015070287510752678,-0.9089221954345703,0.2703285217285156,0.5357065796852112,22.880657196044922,0.3539070188999176,2.1355140209198,4.421538829803467,28.130199432373047,0.7931217551231384,9.199612617492676,1.6439863443374634,-6.136031627655029,10.861886978149414,0.022646334022283554,-0.00018756106146611273,0.12158636003732681,4.123711585998535,2.8720626831054688,0.22545453906059265,0.13296367228031158,0.09333332628011703,0.04515405371785164,-25.337038040161133,SPEAKER_00,16573.615,16577.513,3.8979999999974098,549
23.88773536682129,0.06124647334218025,23.08402442932129,24.06199836730957,25.284576416015625,2.200551986694336,72.44805908203125,72.46385192871094,12.724428176879883,7.516170978546143,0.5181541442871094,0.6011286973953247,0.1713467836380005,0.5091536641120911,0.7611435055732727,0.5897967219352722,7.878421306610107,4.601681232452393,4.963716506958008,2.7480413913726807,0.1537988781929016,0.7016056180000305,17.017623901367188,0.948769748210907,6.910243988037109,1.8990778923034668,19.244272232055664,0.9489774703979492,7.015010356903076,1.6809767484664917,0.01440244447439909,0.959800660610199,0.9180712103843689,0.8404678106307983,4.634385585784912,0.4347608685493469,7.834177017211914,0.6605185866355896,18.47965431213379,0.46375760436058044,607.9407348632812,0.4190586805343628,1251.97314453125,0.17580613493919373,-98.79090881347656,-0.9287207126617432,1629.6138916015625,0.15399391949176788,865.3944702148438,0.3423101603984833,-100.39720916748047,-0.8866194486618042,2621.482177734375,0.1280032992362976,875.6050415039062,0.26865214109420776,-100.466552734375,-0.8844982385635376,-10.931018829345703,-0.5289238691329956,16.297183990478516,0.3782861530780792,0.029638739302754402,0.670559287071228,-0.013699028640985489,-0.8114901781082153,0.2101580649614334,0.48090216517448425,27.300968170166016,0.2527614235877991,0.4843556582927704,23.1993465423584,22.285724639892578,0.9576613306999207,9.44576644897461,1.300211787223816,-4.206806182861328,9.261463165283203,0.021604573354125023,0.0030063134618103504,0.09507068246603012,5.247813701629639,2.9585800170898438,0.17100000381469727,0.1696142703294754,0.1327272653579712,0.10163131356239319,-27.79637908935547,SPEAKER_00,16705.358,16708.801,3.4429999999993015,585
23.625307083129883,0.07397107779979706,21.8293399810791,24.011783599853516,25.139442443847656,3.3101024627685547,91.7236099243164,92.9625244140625,16.920244216918945,10.396045684814453,0.5074858069419861,0.6408419013023376,0.17528598010540009,0.47219395637512207,0.8035874962806702,0.6283015012741089,9.020752906799316,4.080777645111084,5.690800189971924,3.062174081802368,0.158244326710701,0.7277014851570129,19.601581573486328,0.7717329859733582,8.781944274902344,1.3527805805206299,18.420183181762695,1.280366063117981,5.454548358917236,2.2694473266601562,0.0155522795394063,0.9200786352157593,1.4834892749786377,0.7670966386795044,3.77531361579895,0.5373349189758301,3.469630002975464,1.2664257287979126,18.508623123168945,0.5509475469589233,613.384765625,0.4305829405784607,1248.449462890625,0.2029806673526764,-81.12248992919922,-1.091321349143982,1681.540283203125,0.16246816515922546,817.0823974609375,0.39777088165283203,-86.23184967041016,-0.9620947241783142,2661.95068359375,0.11870133876800537,860.3125,0.20584364235401154,-84.90189361572266,-0.9918450117111206,-11.340568542480469,-0.6323143839836121,17.04229736328125,0.48113298416137695,0.028733991086483,0.7692878842353821,-0.014951215125620365,-0.9480302333831787,0.20438404381275177,0.550135612487793,24.710582733154297,0.4358699321746826,6.059140205383301,1.8320235013961792,24.774017333984375,1.0418643951416016,7.141831398010254,1.8819847106933594,-7.291149139404297,12.551169395446777,0.0183856301009655,-0.004002813249826431,0.08827042579650879,4.207921028137207,3.517587900161743,0.16785714030265808,0.16686943173408508,0.10307691991329193,0.08388495445251465,-27.960180282592773,SPEAKER_00,16712.125,16716.175,4.049999999999272,586
23.793161392211914,0.07140272855758667,22.251510620117188,23.814987182617188,25.165054321289062,2.913543701171875,84.92088317871094,154.43572998046875,16.924365997314453,9.64060115814209,0.5915426015853882,0.5037809014320374,0.3114508092403412,0.5537877678871155,0.8875470161437988,0.5760961771011353,9.351165771484375,4.099065780639648,9.20608901977539,4.167481899261475,0.1895209699869156,0.5744428038597107,26.496078491210938,0.3199709355831146,3.3064260482788086,3.147998094558716,19.836894989013672,0.7186136245727539,7.059112071990967,1.8577088117599487,0.015559067018330097,0.8233190178871155,1.3131630420684814,0.7791818380355835,4.386157989501953,0.5153346657752991,8.188507080078125,0.6255090832710266,20.93326187133789,0.437292218208313,720.4966430664062,0.3329394459724426,1282.11962890625,0.16198743879795074,-53.17410659790039,-1.426924467086792,1740.861083984375,0.15198853611946106,922.1632080078125,0.4187799394130707,-55.95396423339844,-1.3067615032196045,2769.58935546875,0.12290045619010925,792.3223266601562,0.27941447496414185,-57.17180633544922,-1.2727409601211548,-11.829401016235352,-0.5058907270431519,17.224658966064453,0.4136764705181122,0.02622361108660698,0.7918031811714172,-0.0161245446652174,-0.9667002558708191,0.19776248931884766,0.5290636420249939,27.73723793029785,0.23775392770767212,3.1687018871307373,3.222273588180542,20.67426109313965,0.7383241057395935,7.425887107849121,1.9503686428070068,-9.16601276397705,14.173598289489746,0.02774311602115631,-0.004154132213443518,0.1759120374917984,6.92307710647583,3.125,0.23666664958000183,0.22005049884319305,0.07400000095367432,0.04651881754398346,-27.124792098999023,SPEAKER_00,16879.508,16883.423,3.914999999997235,626
23.657690048217773,0.06690772622823715,22.041370391845703,23.586502075195312,25.398969650268555,3.3575992584228516,40.30585861206055,31.480180740356445,12.840946197509766,11.62263298034668,0.561577320098877,0.5955572724342346,0.21376270055770874,0.5444475412368774,0.8564026951789856,0.6426399946212769,7.642553806304932,3.808382987976074,7.2387189865112305,3.566075563430786,0.163376584649086,0.6953983306884766,19.479324340820312,0.6833842992782593,2.7744357585906982,4.209396839141846,19.164213180541992,0.9835992455482483,5.711463451385498,2.1950862407684326,0.013523438014090061,0.9261962175369263,1.2088075876235962,0.7804974913597107,4.053561687469482,0.5542454719543457,7.968975067138672,1.1279844045639038,17.19084930419922,0.5081284046173096,608.6990966796875,0.41831663250923157,1252.891357421875,0.22031722962856293,-83.09622192382812,-1.0885547399520874,1615.7109375,0.16190224885940552,911.9564819335938,0.3231375813484192,-82.978515625,-1.0499731302261353,2604.376708984375,0.121869295835495,831.5716552734375,0.2239152193069458,-83.78426361083984,-1.033595085144043,-8.933974266052246,-0.6390116214752197,14.65593147277832,0.45987850427627563,0.027046609669923782,0.7551226019859314,-0.012664501555263996,-0.9586443305015564,0.2036697268486023,0.5020352005958557,25.106952667236328,0.31110289692878723,-0.59429931640625,-19.16634750366211,20.728300094604492,1.083730697631836,7.940341472625732,1.6793098449707031,-5.542165756225586,10.734807014465332,0.02600795403122902,-0.002051619114354253,0.10316789895296097,5.045871257781982,2.7842228412628174,0.21416665613651276,0.10555080324411392,0.125,0.08159861713647842,-28.01848030090332,SPEAKER_00,16918.49,16922.86,4.369999999998981,637
23.900014877319336,0.06529291719198227,22.36337661743164,24.005041122436523,25.47270393371582,3.1093273162841797,21.13526153564453,13.275175094604492,19.710498809814453,16.57088851928711,0.4360153079032898,0.7229725122451782,0.11438632756471634,0.3971516489982605,0.7021965980529785,0.5878102779388428,6.679264545440674,3.475897789001465,7.154186248779297,4.302689552307129,0.133551225066185,0.8464877009391785,21.081819534301758,0.606049656867981,1.576219916343689,7.353385925292969,17.4156551361084,0.9842187166213989,2.7498767375946045,4.049649715423584,0.01609092950820923,0.9502188563346863,1.1138120889663696,0.7310181260108948,4.468495845794678,0.4560362696647644,8.790138244628906,0.6536444425582886,20.114667892456055,0.4619022607803345,724.4678955078125,0.34080052375793457,1280.2034912109375,0.22274616360664368,-102.48905944824219,-0.8852114677429199,1712.24609375,0.1580164134502411,906.5010375976562,0.41948625445365906,-104.93498229980469,-0.8377062678337097,2749.576416015625,0.1286715567111969,837.7666625976562,0.3584800362586975,-105.90743255615234,-0.8207828402519226,-10.908770561218262,-0.45015519857406616,16.61834716796875,0.354470819234848,0.02084319293498993,1.2007777690887451,-0.010296653024852276,-1.4129199981689453,0.173577681183815,0.6238856911659241,28.07929039001465,0.23390322923660278,-2.117182970046997,-4.086410045623779,18.47534942626953,1.0666450262069702,4.918591022491455,2.192753314971924,-5.899984836578369,11.752859115600586,0.016184749081730843,0.0035151569172739983,0.09916959702968597,4.458599090576172,3.883495330810547,0.12083332985639572,0.12304866313934326,0.10692307353019714,0.08488767594099045,-29.605436325073242,SPEAKER_00,16947.16,16950.316,3.1559999999990396,642
23.534883499145508,0.0788971558213234,21.796852111816406,23.54073715209961,25.363752365112305,3.5669002532958984,74.98783111572266,122.74897003173828,11.068815231323242,2.4320640563964844,0.505330502986908,0.6954576373100281,0.15378469228744507,0.4650459587574005,0.7599958181381226,0.6062111258506775,8.99889087677002,4.59437894821167,6.472879409790039,3.821699857711792,0.14385183155536652,0.7940469980239868,19.912172317504883,0.598339319229126,4.081799507141113,3.047441005706787,29.6283016204834,0.6221486926078796,12.559507369995117,0.7691395282745361,0.01374788861721754,0.8049418330192566,1.2197133302688599,0.7311989068984985,4.150032043457031,0.5472514629364014,6.553834438323975,0.7602953910827637,16.378965377807617,0.5870895981788635,592.3479614257812,0.4421584904193878,1232.4976806640625,0.19590865075588226,-76.77330017089844,-1.147876262664795,1644.480224609375,0.159841388463974,815.1051025390625,0.38024309277534485,-78.46917724609375,-1.077214002609253,2621.81640625,0.11383716017007828,818.510498046875,0.22068244218826294,-76.65768432617188,-1.1189910173416138,-9.579153060913086,-0.7501296401023865,14.471287727355957,0.5094708800315857,0.025846313685178757,0.8370047211647034,-0.011943957768380642,-0.8735293745994568,0.18362544476985931,0.5919458866119385,24.297229766845703,0.3052668273448944,1.643539547920227,7.965633392333984,32.29204559326172,0.584973156452179,13.72885799407959,0.7214941382408142,-7.085781097412109,12.126734733581543,0.015296392142772675,0.0023679137229919434,0.07424682378768921,4.752475738525391,2.5999999046325684,0.24230769276618958,0.19977502524852753,0.12076923251152039,0.1415008306503296,-28.52938461303711,SPEAKER_00,16958.247,16963.31,5.063000000001921,645
23.06314468383789,0.0602240264415741,21.869964599609375,23.310258865356445,24.44753646850586,2.5775718688964844,64.9830322265625,87.60661315917969,9.356035232543945,4.754055976867676,0.5032509565353394,0.6499624252319336,0.12818977236747742,0.5014050602912903,0.8003215789794922,0.6721317768096924,6.724776268005371,3.7059452533721924,5.352078437805176,3.89205265045166,0.1291482001543045,0.8074761629104614,14.388862609863281,1.0603227615356445,4.661012649536133,2.742544174194336,24.99005699157715,0.9016936421394348,8.97068977355957,1.2363855838775635,0.011119886301457882,0.7704240083694458,1.0110715627670288,0.6771298050880432,4.054874897003174,0.5220029354095459,4.3546648025512695,0.8958637714385986,14.93118667602539,0.47851619124412537,584.5198364257812,0.512004554271698,1165.4991455078125,0.2166689783334732,-93.1614990234375,-1.0129956007003784,1618.44873046875,0.17240047454833984,784.7933349609375,0.4393792152404785,-95.93753051757812,-0.9410735368728638,2579.499755859375,0.1134742945432663,813.3130493164062,0.15955640375614166,-94.42988586425781,-0.9695345163345337,-7.737639427185059,-0.6833937764167786,12.970749855041504,0.48496678471565247,0.0247806366533041,0.8494889140129089,-0.008995672687888145,-1.0268406867980957,0.17599156498908997,0.542280375957489,22.237903594970703,0.349579393863678,1.2965764999389648,8.803367614746094,34.06319046020508,0.768412172794342,11.829570770263672,0.9778923392295837,-1.6260371208190918,6.795537948608398,0.01915038749575615,0.007001292891800404,0.073098324239254,3.9215686321258545,1.9841270446777344,0.2720000147819519,0.15848027169704437,0.21199999749660492,0.249591663479805,-28.989904403686523,SPEAKER_00,16964.93,16970.043,5.113000000001193,646
21.67962646484375,0.05002328380942345,20.822132110595703,21.80905532836914,22.463600158691406,1.6414680480957031,56.11858367919922,71.59876251220703,13.717363357543945,7.781695365905762,0.4828244149684906,0.5879329442977905,0.18177147209644318,0.47162479162216187,0.7418714165687561,0.5600999593734741,7.7024993896484375,3.193213939666748,6.497748374938965,3.303925037384033,0.14791350066661835,0.6963729858398438,21.607479095458984,0.551720142364502,0.891392707824707,11.465743064880371,20.907442092895508,0.94081711769104,8.474264144897461,1.7350454330444336,0.016544288024306297,0.8236593008041382,1.2840304374694824,0.6580215692520142,2.922520399093628,0.6391913294792175,7.3304123878479,1.4610587358474731,15.409868240356445,0.4380910396575928,670.4478759765625,0.4418913722038269,1264.9515380859375,0.2680394649505615,-95.28602600097656,-0.9435802102088928,1701.4000244140625,0.18140611052513123,894.9081420898438,0.5070006251335144,-95.5284423828125,-0.9163438677787781,2654.02197265625,0.12153887003660202,913.3405151367188,0.2956337034702301,-94.51358795166016,-0.9359199404716492,-8.411324501037598,-0.627072811126709,13.736503601074219,0.4394037127494812,0.021034087985754013,1.0398763418197632,-0.009516471065580845,-1.7417190074920654,0.18330977857112885,0.5273898839950562,25.76725196838379,0.2990565299987793,-1.7118350267410278,-5.219659805297852,26.717796325683594,0.8220571279525757,11.993155479431152,1.31703519821167,-7.613192558288574,13.731553077697754,0.01815960370004177,-0.0012067938223481178,0.1101352795958519,6.481481552124023,3.4482760429382324,0.15272726118564606,0.11817482858896255,0.1066666692495346,0.07728014141321182,-29.718698501586914,SPEAKER_00,16971.68,16974.937,3.257000000001426,647
23.96636390686035,0.03934668004512787,23.216796875,23.9937686920166,24.883974075317383,1.6671772003173828,25.746131896972656,17.530031204223633,16.31513786315918,6.862466812133789,0.4070208668708801,0.7828291654586792,0.09599356353282928,0.32689544558525085,0.6995305418968201,0.6035369634628296,6.544300079345703,3.6007440090179443,3.9849014282226562,1.6818771362304688,0.1048675924539566,0.8922240138053894,19.760868072509766,0.5898847579956055,7.021139144897461,1.5170053243637085,20.482669830322266,0.8311827778816223,10.096878051757812,1.281529426574707,0.015448958612978458,1.1450307369232178,1.1340140104293823,0.8029292225837708,5.176809787750244,0.35606908798217773,11.41812801361084,0.8565168976783752,22.76859474182129,0.46640342473983765,613.9288940429688,0.43233612179756165,1305.8741455078125,0.16558706760406494,-81.0912857055664,-1.0956854820251465,1633.0555419921875,0.15634411573410034,897.5577392578125,0.31385472416877747,-85.14017486572266,-0.993923008441925,2653.954345703125,0.13735119998455048,896.65771484375,0.20080967247486115,-85.48731994628906,-0.9892500638961792,-12.414448738098145,-0.5588434338569641,18.441741943359375,0.4376431703567505,0.018932819366455078,1.293778419494629,-0.011456659995019436,-1.0167080163955688,0.14850667119026184,0.6002215147018433,25.90424346923828,0.28582707047462463,5.1679816246032715,2.222547769546509,22.958585739135742,0.8903249502182007,12.278227806091309,1.196262240409851,-7.118174076080322,13.296195983886719,0.010491660796105862,0.006445540115237236,0.03467201814055443,3.244837999343872,2.395209550857544,0.2537499964237213,0.10319127142429352,0.12666666507720947,0.1549910455942154,-29.394908905029297,SPEAKER_00,16995.457,16998.865,3.408000000003085,653
23.247753143310547,0.04694132134318352,22.510494232177734,23.415767669677734,24.127389907836914,1.6168956756591797,90.37138366699219,125.71595001220703,9.729954719543457,3.6092817783355713,0.5185964107513428,0.6498752236366272,0.18562626838684082,0.47019532322883606,0.8269269466400146,0.6413006782531738,6.810600757598877,3.663968563079834,5.316095352172852,3.3540563583374023,0.1435873657464981,0.7497536540031433,20.106489181518555,0.6309713125228882,2.8994221687316895,3.5353715419769287,28.150320053100586,0.616819441318512,14.988367080688477,0.8113960027694702,0.013676906935870647,1.0449039936065674,1.224463939666748,0.7323383688926697,3.978180408477783,0.5975114107131958,5.853295803070068,1.043867588043213,16.45442771911621,0.6291795372962952,603.4346923828125,0.5129599571228027,1237.8338623046875,0.21656373143196106,-66.38082122802734,-1.3081183433532715,1631.93017578125,0.1698509305715561,843.3286743164062,0.3361397385597229,-68.05561828613281,-1.221451997756958,2606.54052734375,0.13351485133171082,865.2879028320312,0.22010914981365204,-67.05510711669922,-1.2505394220352173,-9.871342658996582,-0.5784250497817993,15.111841201782227,0.4588540196418762,0.0247658621519804,0.9265211224555969,-0.006845828145742416,-1.557706356048584,0.18336492776870728,0.5575369596481323,24.910024642944336,0.33168840408325195,0.5543144345283508,18.12442398071289,31.094850540161133,0.6225427985191345,17.390384674072266,0.6389039754867554,-5.09060525894165,9.49261474609375,0.0178210586309433,0.006991819012910128,0.055735960602760315,4.234527587890625,1.3245033025741577,0.5249999761581421,0.3372313678264618,0.16599999368190765,0.11689310520887375,-28.19362449645996,SPEAKER_00,17001.937,17005.025,3.087999999999738,655
22.876203536987305,0.04629203677177429,21.870454788208008,23.189010620117188,23.743053436279297,1.872598648071289,132.77349853515625,162.29661560058594,9.096163749694824,2.778844118118286,0.4186943769454956,0.6514793038368225,0.13778410851955414,0.3935635983943939,0.6203736662864685,0.4825895428657532,5.312225341796875,2.678934097290039,5.231048583984375,4.599417209625244,0.10478529334068298,0.8512637615203857,17.745113372802734,0.8652044534683228,4.629402160644531,2.426819324493408,22.90859031677246,0.9618379473686218,7.941393852233887,1.4666166305541992,0.014076029881834984,0.9268196225166321,1.2054318189620972,0.7703120112419128,4.358362674713135,0.45799556374549866,8.048447608947754,0.6532512903213501,19.547176361083984,0.4678210914134979,577.5319213867188,0.4869743585586548,1256.348876953125,0.1730407327413559,-87.18457794189453,-1.0486931800842285,1597.840576171875,0.17433863878250122,825.1032104492188,0.38746586441993713,-88.89712524414062,-0.9874011278152466,2590.56640625,0.14346955716609955,830.0989379882812,0.28154513239860535,-88.79946899414062,-0.9879726767539978,-10.163823127746582,-0.5221608281135559,15.580680847167969,0.3767712116241455,0.01605158858001232,1.460766077041626,-0.008192848414182663,-1.5182623863220215,0.14726568758487701,0.6142609119415283,27.283287048339844,0.318665474653244,-0.2618308365345001,-36.050113677978516,28.824886322021484,0.8612022399902344,13.029586791992188,0.7808856964111328,-2.244366407394409,7.175353527069092,0.015065991319715977,0.008001409471035004,0.04592422395944595,3.987730026245117,2.187500238418579,0.26571428775787354,0.10499756783246994,0.17142856121063232,0.15347671508789062,-30.393749237060547,SPEAKER_00,17005.835,17009.108,3.2730000000010477,656
23.10097312927246,0.07351353019475937,21.78148651123047,23.2408504486084,23.978078842163086,2.196592330932617,83.76749420166016,126.98462677001953,22.8168888092041,28.33693504333496,0.4448868930339813,0.6547300219535828,0.16354301571846008,0.3829023838043213,0.700431227684021,0.5368882417678833,6.15566349029541,3.309458017349243,5.042312145233154,3.1345982551574707,0.11509312689304352,0.785342276096344,23.643735885620117,0.464213490486145,5.841847896575928,2.036588668823242,20.756317138671875,0.8029969334602356,8.3628568649292,1.6546916961669922,0.012335781008005142,1.0280503034591675,0.9984627962112427,0.7373016476631165,4.880044460296631,0.3649841547012329,7.000711917877197,0.7057141065597534,20.908586502075195,0.5116251111030579,591.9714965820312,0.3991994857788086,1207.9140625,0.14387400448322296,-70.5457534790039,-1.2142000198364258,1657.8717041015625,0.16728824377059937,789.0380859375,0.3219173848628998,-75.25222778320312,-1.0867477655410767,2666.254150390625,0.14331384003162384,816.0925903320312,0.2777288556098938,-75.67760467529297,-1.0779927968978882,-12.910868644714355,-0.6110379099845886,17.968040466308594,0.4304536283016205,0.02248268574476242,1.0112533569335938,-0.01638208143413067,-1.0084644556045532,0.14024785161018372,0.5577395558357239,27.77359390258789,0.26144370436668396,4.217015743255615,2.8837332725524902,24.13079261779785,0.7646037936210632,9.435198783874512,1.605974555015564,-9.756672859191895,16.325523376464844,0.017370441928505898,0.0009479325963184237,0.06715462356805801,4.454343318939209,2.9279279708862305,0.2215384691953659,0.18756930530071259,0.11454544961452484,0.13878457248210907,-28.887760162353516,SPEAKER_00,17023.587,17028.093,4.506000000001222,660
23.821510314941406,0.06371656805276871,22.591108322143555,23.924047470092773,24.922937393188477,2.331829071044922,57.262535095214844,77.87413787841797,10.52419662475586,9.749242782592773,0.5038849115371704,0.6479529142379761,0.18444517254829407,0.4580393433570862,0.7532700300216675,0.5688248872756958,7.193166732788086,4.363135814666748,6.37070369720459,3.6256861686706543,0.14912988245487213,0.7245696187019348,22.104402542114258,0.6359680891036987,8.054509162902832,1.6266335248947144,20.98171615600586,0.7561283111572266,5.478092670440674,2.4501686096191406,0.014429531991481781,1.068484902381897,1.1089565753936768,0.7491179704666138,4.799678325653076,0.45877987146377563,9.716551780700684,0.6339479088783264,23.33113670349121,0.4270751476287842,661.373291015625,0.3935176134109497,1298.281494140625,0.15893003344535828,-55.97781753540039,-1.4316574335098267,1678.809814453125,0.17261233925819397,910.179931640625,0.402709037065506,-61.80769729614258,-1.2343541383743286,2720.464111328125,0.14051799476146698,888.9273681640625,0.30798977613449097,-62.69927215576172,-1.2072393894195557,-13.90700912475586,-0.5005831122398376,19.930091857910156,0.3622558116912842,0.01520676352083683,1.3793929815292358,-0.013452308252453804,-1.1846563816070557,0.1803613156080246,0.5626584887504578,27.464012145996094,0.21833215653896332,5.525326251983643,2.3069705963134766,22.82158088684082,0.7054248452186584,4.838342666625977,3.0613837242126465,-5.936242580413818,11.073984146118164,0.008095790632069111,0.00464567681774497,0.06276185065507889,4.245283126831055,2.1479713916778564,0.3400000035762787,0.31116268038749695,0.09399999678134918,0.08357032388448715,-27.726112365722656,SPEAKER_00,17055.768,17060.02,4.2520000000004075,670
23.67983055114746,0.1604582667350769,21.91320037841797,23.56471061706543,24.577945709228516,2.664745330810547,136.6884307861328,182.3035430908203,32.33503341674805,33.2387580871582,0.483575701713562,0.6239511966705322,0.17000406980514526,0.4649156332015991,0.7593069076538086,0.5893028378486633,7.373636722564697,3.3253684043884277,4.742502689361572,2.3717055320739746,0.13654087483882904,0.7633265852928162,14.781858444213867,1.0250747203826904,8.511065483093262,1.5342665910720825,29.036043167114258,0.617184042930603,9.693235397338867,1.0730022192001343,0.014497661031782627,0.8959341645240784,1.1322593688964844,0.5654218196868896,3.9942727088928223,0.5562047362327576,6.656377792358398,0.8878071904182434,16.929386138916016,0.5631440281867981,567.199951171875,0.49033454060554504,1161.1951904296875,0.23286846280097961,-75.42906951904297,-1.1964081525802612,1612.8612060546875,0.15606524050235748,770.5031127929688,0.3607688546180725,-79.5484390258789,-1.0637065172195435,2552.037353515625,0.11043711006641388,854.7134399414062,0.35692915320396423,-77.37311553955078,-1.1121206283569336,-9.738242149353027,-0.6639182567596436,15.270959854125977,0.4977675974369049,0.015652619302272797,1.3300334215164185,-0.01232319138944149,-0.9365250468254089,0.1713957041501999,0.5633620619773865,21.309850692749023,0.4546060264110565,4.326258182525635,2.7026848793029785,33.26463317871094,0.553643524646759,9.94606876373291,1.0514646768569946,-4.937553405761719,10.7538423538208,0.00745014101266861,0.0070669520646333694,0.07585012167692184,4.477612018585205,2.591792583465576,0.24166665971279144,0.16881120204925537,0.12416666746139526,0.11206086724996567,-29.009937286376953,SPEAKER_00,17065.336,17070.044,4.708000000002357,672
25.44307518005371,0.0696479082107544,24.220855712890625,26.070085525512695,26.90013313293457,2.6792774200439453,136.12960815429688,206.645751953125,16.751379013061523,10.198116302490234,0.6442323923110962,0.6340977549552917,0.248630091547966,0.5921404361724854,1.0061596632003784,0.7575295567512512,6.610225200653076,2.6669952869415283,7.801788330078125,3.660320997238159,0.196608766913414,0.6549256443977356,22.491729736328125,0.38898828625679016,2.8950695991516113,3.9532811641693115,27.432518005371094,0.6403042078018188,9.589111328125,1.2150219678878784,0.012079443782567978,0.9618392586708069,1.110815167427063,0.7343142032623291,5.166055202484131,0.4095001816749573,8.974310874938965,0.920375645160675,18.67998504638672,0.5637518167495728,657.0491333007812,0.4360058009624481,1205.4571533203125,0.20935167372226715,-55.67743682861328,-1.4270470142364502,1699.7230224609375,0.1495368629693985,798.8135986328125,0.3837635815143585,-59.189476013183594,-1.2773526906967163,2699.253662109375,0.12771958112716675,871.969970703125,0.20176519453525543,-57.7139778137207,-1.324509859085083,-10.509437561035156,-0.6897991299629211,15.48244571685791,0.4773665964603424,0.02055569738149643,1.0191513299942017,-0.016203956678509712,-0.8888170719146729,0.23564070463180542,0.4997057616710663,24.334768295288086,0.3140639662742615,2.0464634895324707,6.120635509490967,30.663959503173828,0.5882296562194824,8.836308479309082,1.3966197967529297,-10.291116714477539,15.15403938293457,0.012714681215584278,0.0015722576063126326,0.08578778803348541,3.858520984649658,2.2875816822052,0.3228571116924286,0.22262807190418243,0.09285713732242584,0.05034574493765831,-25.737659454345703,SPEAKER_00,17075.95,17079.072,3.121999999999389,674
24.72317123413086,0.08947249501943588,23.32773780822754,24.646392822265625,25.601543426513672,2.273805618286133,39.884368896484375,32.369144439697266,19.92181396484375,16.92673110961914,0.4953077435493469,0.7711393237113953,0.0976838767528534,0.4713892936706543,0.8430559635162354,0.7453720569610596,8.864108085632324,5.529877185821533,6.4761738777160645,4.510849952697754,0.15434162318706512,0.8695095777511597,19.922773361206055,0.6454334259033203,4.67241907119751,2.692948579788208,22.84682846069336,0.7376824617385864,5.409023761749268,2.116410493850708,0.020814748480916023,1.4423917531967163,1.3118383884429932,0.7651256322860718,4.3360114097595215,0.5131430625915527,8.333975791931152,0.6976273655891418,19.659557342529297,0.504962146282196,722.4115600585938,0.3768831193447113,1209.61962890625,0.20789484679698944,-82.19977569580078,-1.1172387599945068,1759.304443359375,0.16588300466537476,877.2553100585938,0.34793129563331604,-83.40845489501953,-1.06890869140625,2775.59619140625,0.13038326799869537,876.4359130859375,0.30178019404411316,-84.01679229736328,-1.0552781820297241,-11.744026184082031,-0.5892327427864075,17.012014389038086,0.4640001654624939,0.021453237161040306,1.0104179382324219,-0.015991900116205215,-0.9312246441841125,0.22425901889801025,0.5250411629676819,26.922319412231445,0.22775964438915253,1.4199163913726807,8.691352844238281,26.12689971923828,0.7251014709472656,4.550265312194824,3.04569149017334,-5.327591419219971,10.784370422363281,0.020740823820233345,0.007086420897394419,0.04301954060792923,3.9119808673858643,1.485148549079895,0.4099999964237213,0.297209233045578,0.20714284479618073,0.28353452682495117,-27.359012603759766,SPEAKER_00,17113.244,17117.345,4.1010000000023865,685
24.51671600341797,0.0770956352353096,23.38390350341797,24.295692443847656,25.315500259399414,1.9315967559814453,84.01274871826172,81.50607299804688,18.59328269958496,11.509203910827637,0.5804507732391357,0.6935601830482483,0.15824560821056366,0.5602437257766724,0.9606847763061523,0.8024391531944275,10.412638664245605,5.74502420425415,7.453127384185791,4.280226230621338,0.184065043926239,0.8264212608337402,20.190126419067383,0.5722517371177673,1.12306809425354,10.290122985839844,20.156299591064453,0.965813159942627,7.635383129119873,1.3368247747421265,0.016103634610772133,1.4268550872802734,1.251023530960083,0.8207967281341553,3.9613089561462402,0.6302005648612976,6.759704113006592,0.8191908597946167,15.815382957458496,0.5332984924316406,611.4322509765625,0.4475080072879791,1252.47314453125,0.18968594074249268,-81.27649688720703,-1.120967149734497,1631.5228271484375,0.1610289067029953,878.7149047851562,0.3676387369632721,-81.83815002441406,-1.072529673576355,2611.921630859375,0.12446972727775574,880.8805541992188,0.24245579540729523,-82.01274871826172,-1.0675973892211914,-8.972719192504883,-0.6231691241264343,14.984792709350586,0.4486894905567169,0.03126149997115135,0.6580671072006226,-0.012402817606925964,-1.0413168668746948,0.2503396272659302,0.5674115419387817,24.68380355834961,0.3431055545806885,-1.3606034517288208,-8.136423110961914,22.51393699645996,1.0002262592315674,7.446188449859619,1.5147011280059814,-6.568416595458984,12.30256175994873,0.01680806092917919,0.001610513310879469,0.0782591924071312,4.710144996643066,2.3765997886657715,0.2546153664588928,0.22612504661083221,0.13499999046325684,0.09737628698348999,-26.923492431640625,SPEAKER_00,17119.623,17125.158,5.5349999999998545,686
22.70629119873047,0.06021423637866974,21.66026496887207,22.518638610839844,23.811304092407227,2.1510391235351562,83.90572357177734,135.2650909423828,10.070965766906738,6.181185245513916,0.41526365280151367,0.669414758682251,0.11466941237449646,0.4165986180305481,0.5932337045669556,0.4785642921924591,5.054510593414307,2.9170262813568115,5.828797817230225,3.7231853008270264,0.113772913813591,0.7860103249549866,19.074600219726562,0.7298495769500732,7.471853256225586,1.4589378833770752,17.68104362487793,0.6866787075996399,5.566141128540039,2.358541488647461,0.015878090634942055,0.7794631719589233,0.8856132626533508,0.6263257265090942,4.134731292724609,0.44083142280578613,7.28554105758667,0.6618403792381287,20.745290756225586,0.3833525776863098,704.8294677734375,0.3795401453971863,1253.9112548828125,0.16039830446243286,-101.76822662353516,-0.9155604839324951,1750.33642578125,0.18319576978683472,895.83056640625,0.3934914171695709,-104.87039947509766,-0.8575199842453003,2756.8271484375,0.1398719698190689,894.291015625,0.45153579115867615,-105.21542358398438,-0.8505407571792603,-12.58978271484375,-0.49447697401046753,17.842145919799805,0.3069654107093811,0.027169514447450638,0.8358073830604553,-0.016812045127153397,-0.9867173433303833,0.15221534669399261,0.4812784194946289,26.82330894470215,0.24080434441566467,5.256763935089111,1.7915595769882202,20.53002166748047,0.6615189909934998,5.095054626464844,3.0034170150756836,-6.194007396697998,11.435160636901855,0.02027585357427597,0.0021071401424705982,0.07755183428525925,4.320987701416016,2.194357395172119,0.22428570687770844,0.15600889921188354,0.1837499886751175,0.08499080687761307,-30.262067794799805,SPEAKER_00,17125.428,17128.685,3.257000000001426,687
23.722614288330078,0.057778965681791306,22.633230209350586,23.61061668395996,24.936893463134766,2.3036632537841797,98.12503814697266,110.25083923339844,18.2420597076416,9.462386131286621,0.5718917846679688,0.5710556507110596,0.26853498816490173,0.5152759552001953,0.8446037173271179,0.5760687589645386,8.66158390045166,5.399681568145752,5.918398857116699,2.6098263263702393,0.1692693531513214,0.6842206716537476,18.387514114379883,0.7772361636161804,5.284907817840576,2.277526617050171,23.380054473876953,0.7874088287353516,9.771135330200195,1.3453863859176636,0.015103273093700409,0.854009747505188,1.1235942840576172,0.6873145699501038,4.3765435218811035,0.4908251464366913,9.224419593811035,1.1390433311462402,20.156391143798828,0.537132203578949,649.0145263671875,0.44966134428977966,1219.409912109375,0.17647527158260345,-70.43626403808594,-1.2070841789245605,1675.2882080078125,0.16542740166187286,869.7167358398438,0.392607718706131,-73.7013931274414,-1.1014355421066284,2680.506103515625,0.1314006745815277,868.3577270507812,0.22086597979068756,-73.30131530761719,-1.1159418821334839,-11.313188552856445,-0.6129070520401001,17.18093490600586,0.46645745635032654,0.02560962550342083,1.0212491750717163,-0.009924564510583878,-1.4367154836654663,0.20273016393184662,0.5893957018852234,23.8770694732666,0.3460979461669922,3.6453216075897217,2.484604597091675,28.018024444580078,0.6489677429199219,11.732009887695312,1.1652584075927734,-3.3182754516601562,9.141764640808105,0.02535155415534973,0.007146159186959267,0.10630369186401367,4.398827075958252,3.2738096714019775,0.19818182289600372,0.12769410014152527,0.0854545459151268,0.047167714685201645,-27.329561233520508,SPEAKER_00,17129.191,17132.617,3.425999999999476,688
25.453895568847656,0.0892946645617485,23.19483184814453,26.00222396850586,27.54692840576172,4.3520965576171875,89.00081634521484,127.44258880615234,20.960561752319336,11.402976989746094,0.632046639919281,0.7172157764434814,0.1759244054555893,0.5867821574211121,1.0287432670593262,0.8528188467025757,9.712065696716309,3.885746479034424,8.015393257141113,4.46477746963501,0.21129289269447327,0.818548321723938,23.080265045166016,0.37707996368408203,1.3767166137695312,7.462231159210205,25.162019729614258,0.8717342019081116,6.378829479217529,1.9227725267410278,0.016787128522992134,1.1085095405578613,1.1274409294128418,0.7904884815216064,4.503640651702881,0.5891915559768677,6.044142246246338,1.1585851907730103,17.062435150146484,0.5227031707763672,729.5453491210938,0.4116545021533966,1178.436279296875,0.25075680017471313,-66.17191314697266,-1.2552685737609863,1764.47119140625,0.1662587821483612,881.7425537109375,0.41947248578071594,-66.8233871459961,-1.2051905393600464,2732.933837890625,0.11927705258131027,826.0384521484375,0.3189665973186493,-66.32395935058594,-1.2195295095443726,-9.51411247253418,-0.7501070499420166,14.882939338684082,0.5142369270324707,0.03347518667578697,0.7061544060707092,-0.012317509390413761,-1.258694052696228,0.2646508514881134,0.6172604560852051,23.987390518188477,0.3730332851409912,1.5223119258880615,7.264167308807373,28.247356414794922,0.850141167640686,7.229773044586182,1.8273959159851074,-9.559786796569824,15.097900390625,0.02198849618434906,-0.0008553073857910931,0.08534084260463715,4.1666669845581055,2.451838970184326,0.2814285457134247,0.16919375956058502,0.10499999672174454,0.10788551717996597,-25.314529418945312,SPEAKER_00,17137.257,17143.028,5.770999999997002,690
24.07495880126953,0.0453902930021286,23.028289794921875,24.162288665771484,24.996967315673828,1.9686775207519531,88.7206802368164,132.66542053222656,11.798667907714844,8.17318344116211,0.5417177677154541,0.6849690079689026,0.13311107456684113,0.5236188769340515,0.8929952383041382,0.7598841786384583,8.229879379272461,3.7732675075531006,6.787561416625977,3.4962005615234375,0.1575319468975067,0.788213312625885,21.34766387939453,0.5117889642715454,2.347768545150757,4.60626745223999,24.1760196685791,0.7097530961036682,9.193214416503906,1.3027617931365967,0.01241092849522829,0.9529132843017578,1.0749256610870361,0.7149158716201782,4.652922630310059,0.4341951608657837,7.4810099601745605,0.8032216429710388,18.620311737060547,0.5160011053085327,648.3963623046875,0.4708501994609833,1225.9659423828125,0.17060385644435883,-76.37129974365234,-1.1549514532089233,1651.2939453125,0.16709481179714203,854.967529296875,0.29864734411239624,-77.83502960205078,-1.09658682346344,2665.99365234375,0.14137491583824158,808.3214111328125,0.23280945420265198,-78.18827819824219,-1.0889334678649902,-9.923125267028809,-0.6136144399642944,15.604574203491211,0.43436193466186523,0.029479581862688065,0.7601248025894165,-0.013285668566823006,-0.9803832173347473,0.20720002055168152,0.5491962432861328,25.737672805786133,0.29256537556648254,-0.1671692430973053,-61.96746826171875,26.378225326538086,0.7102490663528442,9.70949649810791,1.3356590270996094,-7.534305095672607,13.612610816955566,0.014015975408256054,0.0024468100164085627,0.0702870786190033,4.061895370483398,2.5390625,0.2476922869682312,0.16724711656570435,0.124615378677845,0.1349424570798874,-27.335800170898438,SPEAKER_00,17188.068,17193.248,5.180000000000291,704
25.064231872558594,0.05791691318154335,23.580917358398438,25.517440795898438,26.23480796813965,2.653890609741211,32.52423095703125,29.091842651367188,12.833779335021973,5.884653568267822,0.6366788148880005,0.5972738265991211,0.23813849687576294,0.6053750514984131,0.9747904539108276,0.7366519570350647,10.814225196838379,6.029293060302734,6.657670974731445,2.770991086959839,0.21251334249973297,0.7349057197570801,21.887786865234375,0.5703216791152954,6.533900260925293,1.9487019777297974,21.22801399230957,0.7073230743408203,1.9503110647201538,7.510249614715576,0.015491792000830173,1.1349983215332031,1.0544301271438599,0.7702574729919434,4.967301845550537,0.5100188851356506,9.635884284973145,1.0889071226119995,22.33220672607422,0.45219743251800537,826.0875854492188,0.2760968506336212,1227.03564453125,0.23577027022838593,-62.43266296386719,-1.279693603515625,1864.74267578125,0.12930966913700104,911.0020141601562,0.3699105679988861,-63.9505729675293,-1.2157443761825562,2921.159912109375,0.10329384356737137,884.7551879882812,0.38669899106025696,-66.20639038085938,-1.152970790863037,-12.348884582519531,-0.505710780620575,18.09318733215332,0.3895043432712555,0.029997849836945534,0.8327537775039673,-0.017471937462687492,-0.9471485614776611,0.25063759088516235,0.6507290601730347,25.97547149658203,0.30381470918655396,4.731352806091309,2.6686480045318604,19.098026275634766,0.7840282917022705,1.174742341041565,12.559946060180664,-7.000790596008301,11.81457805633545,0.01424479205161333,-0.002174891298636794,0.12999358773231506,5.167173385620117,3.395061731338501,0.20454545319080353,0.30119046568870544,0.07599999755620956,0.04317406564950943,-25.470930099487305,SPEAKER_00,17201.163,17204.47,3.3070000000006985,706
23.27821159362793,0.05293853580951691,22.341474533081055,23.159753799438477,24.642868041992188,2.301393508911133,68.2326889038086,69.62410736083984,25.68951988220215,33.31333541870117,0.4814152419567108,0.6049613952636719,0.17794527113437653,0.4739286005496979,0.7598609328269958,0.5819156765937805,5.998323917388916,3.795180082321167,5.733480930328369,3.7620017528533936,0.15238022804260254,0.7081499099731445,20.285430908203125,0.601874828338623,7.072813987731934,1.5960355997085571,25.303977966308594,0.8089784383773804,5.66939115524292,2.1502556800842285,0.018132396042346954,1.0150530338287354,1.303794264793396,0.7684459686279297,3.6532838344573975,0.5907375812530518,3.701672315597534,2.2517685890197754,19.039880752563477,0.4968990385532379,595.0614013671875,0.4175127148628235,1251.936767578125,0.19884078204631805,-77.75170135498047,-1.1326069831848145,1668.072509765625,0.1513231098651886,845.6939086914062,0.3668409585952759,-82.56649780273438,-1.005244493484497,2664.34423828125,0.11482176184654236,908.4884033203125,0.23623217642307281,-82.22595977783203,-1.0166130065917969,-11.469090461730957,-0.5634586215019226,17.571186065673828,0.46327564120292664,0.028201865032315254,0.8103355169296265,-0.010932495817542076,-1.1308602094650269,0.18128003180027008,0.5833615064620972,24.348552703857422,0.37139344215393066,6.0079169273376465,1.7985663414001465,28.77271842956543,0.7874844670295715,7.15531063079834,1.7216111421585083,-7.362499713897705,13.090035438537598,0.0220938753336668,0.001525085885077715,0.10773353278636932,4.530744552612305,3.28947377204895,0.1850000023841858,0.13850992918014526,0.09699999541044235,0.05780138447880745,-28.918970108032227,SPEAKER_00,17223.033,17226.138,3.1049999999995634,713
26.26781463623047,0.06198557838797569,24.3660888671875,26.91307258605957,27.618471145629883,3.252382278442383,60.91377258300781,89.30699157714844,11.548099517822266,7.523606777191162,0.6403376460075378,0.5639016032218933,0.2559750974178314,0.5924584269523621,1.0275380611419678,0.771562933921814,7.245800495147705,2.346343517303467,5.637964725494385,2.8735461235046387,0.17353498935699463,0.6644834280014038,17.13412857055664,0.8369391560554504,5.04275369644165,2.404984951019287,17.165082931518555,0.8724715113639832,8.392034530639648,1.514816403388977,0.010693635791540146,0.9216967225074768,1.0557910203933716,0.781481146812439,5.376654148101807,0.39522942900657654,7.2679853439331055,1.0008392333984375,17.60481834411621,0.4768740236759186,668.4447631835938,0.41723501682281494,1240.884521484375,0.21487091481685638,-58.443565368652344,-1.3656229972839355,1669.7518310546875,0.16530416905879974,912.036376953125,0.35981106758117676,-58.12158966064453,-1.3217767477035522,2684.446533203125,0.1343657374382019,842.64599609375,0.2195819616317749,-59.60340881347656,-1.274917483329773,-8.384391784667969,-0.7114311456680298,13.538764953613281,0.5079717040061951,0.04089432209730148,0.41059520840644836,-0.012612633407115936,-1.1960420608520508,0.19723297655582428,0.5536741018295288,22.24468231201172,0.4757503569126129,1.462568998336792,6.782972812652588,18.4249267578125,0.8455471992492676,8.90760326385498,1.4875781536102295,-2.786928176879883,7.271001815795898,0.0385710671544075,-0.0034224819391965866,0.11838214099407196,4.491018295288086,3.3434650897979736,0.2136363536119461,0.175254225730896,0.07099999487400055,0.03207802772521973,-27.035877227783203,SPEAKER_00,17268.258,17271.616,3.3580000000001746,725
26.818920135498047,0.06346693634986877,24.93092918395996,26.975873947143555,28.404325485229492,3.4733963012695312,55.684288024902344,74.14994049072266,14.577258110046387,3.726987838745117,0.6604706645011902,0.5498294234275818,0.2820962071418762,0.6316555142402649,0.963760256767273,0.6816640496253967,6.650084018707275,2.156053304672241,7.794876575469971,3.2095835208892822,0.19259212911128998,0.652244508266449,17.665313720703125,0.8022846579551697,6.311738967895508,2.0617425441741943,19.885711669921875,0.8915755748748779,7.83573055267334,1.432496190071106,0.012783076614141464,1.052057147026062,0.9810637831687927,0.7310115694999695,5.298031330108643,0.48943617939949036,5.334747314453125,1.3844473361968994,14.690339088439941,0.6043894290924072,610.7548217773438,0.4462321996688843,1253.6512451171875,0.20225350558757782,-66.20111083984375,-1.3173799514770508,1663.6566162109375,0.16539183259010315,807.521484375,0.3824057877063751,-68.60166931152344,-1.1915028095245361,2626.00537109375,0.12378928065299988,881.1608276367188,0.2929380536079407,-66.35033416748047,-1.2589625120162964,-8.527820587158203,-0.7510757446289062,12.913942337036133,0.5220953822135925,0.046158045530319214,0.46047869324684143,-0.01530875451862812,-0.8782686591148376,0.22871634364128113,0.51526939868927,21.62418556213379,0.43614083528518677,2.45849609375,4.533605098724365,23.17848014831543,0.767979085445404,9.800769805908203,1.2255593538284302,-6.223970890045166,11.2427978515625,0.03184010460972786,-0.005683436524122953,0.11625101417303085,4.629629611968994,2.194357395172119,0.3114285469055176,0.19059517979621887,0.12142857164144516,0.09077893942594528,-26.583412170410156,SPEAKER_00,17277.978,17281.235,3.257000000001426,728
26.702985763549805,0.0632481798529625,24.977811813354492,27.415225982666016,28.002803802490234,3.024991989135742,69.60643005371094,104.39403533935547,15.073250770568848,8.781445503234863,0.5738101601600647,0.7332459688186646,0.13516442477703094,0.4829254746437073,0.9862233400344849,0.8510589003562927,7.917267322540283,2.852478265762329,6.300743103027344,3.7119762897491455,0.1671256422996521,0.8633423447608948,17.409542083740234,0.7594746351242065,4.024798393249512,3.186082363128662,17.340023040771484,1.015567660331726,4.878643989562988,2.4629533290863037,0.01203469280153513,0.9899545311927795,0.9660836458206177,0.728887140750885,5.239004135131836,0.49561798572540283,5.870876789093018,1.3187652826309204,17.128694534301758,0.5824573040008545,665.2200927734375,0.41701674461364746,1228.015869140625,0.2571295499801636,-80.83025360107422,-1.1234970092773438,1685.58349609375,0.16371427476406097,912.7630615234375,0.3126133680343628,-80.44902038574219,-1.0918235778808594,2681.597412109375,0.12208443135023117,861.6732788085938,0.2686217427253723,-81.54077911376953,-1.0669971704483032,-9.192206382751465,-0.7309598922729492,15.090338706970215,0.5160556435585022,0.03954187035560608,0.614524781703949,-0.013380051590502262,-0.9296346306800842,0.225169837474823,0.6097292900085449,23.373085021972656,0.3826035261154175,0.5495994687080383,22.77801513671875,18.459959030151367,1.0900079011917114,5.729702472686768,2.298360586166382,-4.038969039916992,9.39699935913086,0.026507649570703506,0.004788429941982031,0.07014015316963196,3.258145332336426,2.4020228385925293,0.25421053171157837,0.18717612326145172,0.1576470583677292,0.17062270641326904,-27.27883529663086,SPEAKER_00,17281.775,17289.773,7.9979999999995925,729
26.498836517333984,0.06363461166620255,24.80074691772461,26.825950622558594,27.750450134277344,2.9497032165527344,56.06525421142578,65.70384216308594,21.544002532958984,18.53716278076172,0.621654212474823,0.6392722129821777,0.2502780258655548,0.5620281100273132,0.9695489406585693,0.7192709445953369,7.7073235511779785,3.581361770629883,6.26949405670166,3.2866594791412354,0.17988698184490204,0.7367239594459534,17.248151779174805,0.762558102607727,5.166182994842529,2.8094217777252197,20.412221908569336,0.8388555645942688,8.74024772644043,1.3349884748458862,0.015160570852458477,1.325208067893982,1.1248955726623535,0.7413696646690369,5.20911169052124,0.4295613765716553,7.519858360290527,0.9341047406196594,16.82056427001953,0.5441257953643799,657.2208862304688,0.42846250534057617,1179.9927978515625,0.22606243193149567,-71.31124877929688,-1.219840168952942,1681.6966552734375,0.1645784080028534,888.0626220703125,0.3590864837169647,-73.30265808105469,-1.1286171674728394,2659.315185546875,0.12066195905208588,874.8751220703125,0.232016921043396,-72.755615234375,-1.1437445878982544,-8.631381034851074,-0.744951069355011,14.001276016235352,0.5376787781715393,0.03403451293706894,0.6503399610519409,-0.01063673198223114,-1.3321473598480225,0.2169605791568756,0.5734250545501709,21.25269889831543,0.4715573489665985,1.5625547170639038,8.018442153930664,23.581621170043945,0.8133180737495422,9.65960693359375,1.313827633857727,-6.113550662994385,11.641151428222656,0.018429940566420555,0.0027827152516692877,0.10660503804683685,3.6290321350097656,3.054989814758301,0.21199999749660492,0.1628168672323227,0.11499999463558197,0.10981044173240662,-27.353105545043945,SPEAKER_00,17291.748,17296.726,4.977999999999156,730
24.69453239440918,0.12493076175451279,22.972299575805664,25.032812118530273,27.556344985961914,4.58404541015625,104.6340103149414,150.50559997558594,94.5769271850586,155.8201141357422,0.5653207302093506,0.6890758275985718,0.19258485734462738,0.4717978537082672,0.9624606370925903,0.7698757648468018,7.111268043518066,3.124656915664673,7.695066928863525,4.006155014038086,0.20245584845542908,0.7995837330818176,21.358963012695312,0.37838393449783325,3.488835573196411,3.0743978023529053,23.911252975463867,0.6591858267784119,14.329222679138184,0.7229107022285461,0.01577184721827507,1.0382293462753296,1.2002966403961182,0.6618696451187134,4.155362129211426,0.5412833094596863,8.0138578414917,1.3842791318893433,16.9588680267334,0.566989004611969,749.9542236328125,0.415504515171051,1203.3414306640625,0.2509196102619171,-82.74317169189453,-1.0505257844924927,1736.3359375,0.1789834350347519,898.9254150390625,0.3044278025627136,-81.62467956542969,-1.0478549003601074,2744.00927734375,0.13060949742794037,853.6051635742188,0.24156247079372406,-82.3637466430664,-1.0336614847183228,-10.091367721557617,-0.9331573247909546,15.264939308166504,0.7099698781967163,0.009888741187751293,3.754427194595337,-0.008348656818270683,-1.6539483070373535,0.2583298981189728,0.6385066509246826,23.842687606811523,0.32551613450050354,1.0530484914779663,10.714786529541016,24.193613052368164,0.7045830488204956,16.212791442871094,0.7016008496284485,-12.01374626159668,18.195152282714844,-0.011278483085334301,0.0030525834299623966,0.11055555194616318,4.589372158050537,2.933985471725464,0.20749999582767487,0.15540939569473267,0.10384614765644073,0.07333154231309891,-26.53547477722168,SPEAKER_00,17309.77,17313.922,4.151999999998225,731
26.17715072631836,0.07281863689422607,23.986167907714844,26.214752197265625,28.09425163269043,4.108083724975586,104.36669921875,106.40164947509766,15.86172103881836,12.001029014587402,0.8367192149162292,0.586656928062439,0.32492929697036743,0.8055262565612793,1.3325932025909424,1.0076639652252197,12.379026412963867,6.0086212158203125,8.978760719299316,3.5718536376953125,0.28070664405822754,0.6837796568870544,14.783515930175781,0.9257080554962158,0.8702495098114014,16.757631301879883,32.234378814697266,0.679068386554718,6.693048477172852,1.7293164730072021,0.013444152660667896,0.9446849822998047,1.1355401277542114,0.8970619440078735,4.022106647491455,0.6155131459236145,6.880487442016602,1.044625163078308,12.12845516204834,0.572740912437439,700.8058471679688,0.4774297773838043,1082.604248046875,0.28284168243408203,-67.5956039428711,-1.2616009712219238,1727.6640625,0.1786106526851654,785.4083251953125,0.35785767436027527,-66.0881118774414,-1.2564617395401,2679.87451171875,0.11412007361650467,816.1279907226562,0.17699283361434937,-64.2533950805664,-1.3087130784988403,-5.0311994552612305,-0.9185702800750732,10.640336990356445,0.5068280696868896,0.03385622054338455,0.6135367155075073,-0.013518610037863255,-0.7817458510398865,0.35922297835350037,0.4778671860694885,19.67770004272461,0.4166524112224579,-4.330646514892578,-2.7465364933013916,37.79825973510742,0.5925107002258301,7.690035820007324,1.5252777338027954,-2.661959171295166,7.077870845794678,0.029103029519319534,0.0014015346532687545,0.10762587934732437,4.113924026489258,2.2508039474487305,0.3042857050895691,0.1701979637145996,0.11714285612106323,0.07886955887079239,-24.089359283447266,SPEAKER_00,17349.072,17352.245,3.172999999998865,740
25.906888961791992,0.06381332129240036,24.171377182006836,26.077396392822266,27.629222869873047,3.457845687866211,27.325220108032227,20.00128173828125,26.125879287719727,16.259521484375,0.7478811144828796,0.6495208144187927,0.2579534649848938,0.7014387845993042,1.2087781429290771,0.9508246779441833,12.08316707611084,8.691683769226074,7.029303073883057,4.076931953430176,0.2525942325592041,0.8254901766777039,23.93840217590332,0.44904574751853943,-0.43641188740730286,-33.38446807861328,20.363697052001953,0.9447659254074097,1.117303729057312,16.991044998168945,0.014579570852220058,1.063435435295105,1.1128801107406616,0.8082213997840881,4.695725440979004,0.5809201598167419,6.763970851898193,1.2010066509246826,16.951513290405273,0.567054033279419,701.2589721679688,0.4428054094314575,1226.51806640625,0.2433358132839203,-51.13514709472656,-1.529515027999878,1725.1480712890625,0.16477926075458527,942.2874145507812,0.36894357204437256,-52.73887252807617,-1.4038527011871338,2720.549560546875,0.1185925081372261,849.9862060546875,0.32145628333091736,-53.38582992553711,-1.380722999572754,-8.8824462890625,-0.7822327613830566,15.34998893737793,0.5254080295562744,0.03357663378119469,0.694858729839325,-0.016732925549149513,-1.0159045457839966,0.30141252279281616,0.6724544167518616,26.365280151367188,0.3286750018596649,-2.424002170562744,-5.944197654724121,23.10564613342285,0.913807213306427,3.7212297916412354,5.2346110343933105,-6.752896785736084,12.626113891601562,0.026845837011933327,-0.005943894386291504,0.10076586902141571,3.18471360206604,1.9480520486831665,0.3933333158493042,0.2018800526857376,0.11399999260902405,0.0902441069483757,-24.456510543823242,SPEAKER_00,17370.301,17373.457,3.1559999999990396,747
27.648042678833008,0.06026347726583481,26.7325496673584,28.17105484008789,28.936189651489258,2.2036399841308594,139.25076293945312,216.66552734375,14.684866905212402,7.038495063781738,0.7134575247764587,0.7775986194610596,0.1594761610031128,0.6227032542228699,1.0998473167419434,0.9403711557388306,12.766458511352539,7.170955181121826,7.833829402923584,5.08104944229126,0.22204862534999847,0.943179726600647,18.311426162719727,0.7108846306800842,3.419180393218994,4.60837984085083,20.17608070373535,0.7282940149307251,6.645320892333984,2.0757951736450195,0.0116431824862957,1.0156468152999878,1.0643774271011353,0.6801996827125549,6.23938512802124,0.38623490929603577,8.254680633544922,1.0092557668685913,16.125791549682617,0.633867621421814,732.0746459960938,0.40569356083869934,1278.908203125,0.19619345664978027,-75.77409362792969,-1.1454524993896484,1742.8251953125,0.14324532449245453,940.5411376953125,0.37590503692626953,-77.25737762451172,-1.0838923454284668,2705.81689453125,0.11857765913009644,939.8789672851562,0.3539169430732727,-76.7055892944336,-1.0946481227874756,-9.471672058105469,-0.7322515249252319,13.869166374206543,0.49145418405532837,0.030701417475938797,0.8332030177116394,-0.012209543026983738,-1.1881277561187744,0.29212701320648193,0.7587403655052185,23.23274803161621,0.35636231303215027,-0.583169162273407,-27.084754943847656,22.483366012573242,0.6447767615318298,7.528684616088867,2.080406427383423,-5.5382819175720215,10.448057174682617,0.016186658293008804,0.0006537276785820723,0.0951523706316948,4.057971000671387,2.6470589637756348,0.24111109972000122,0.23033523559570312,0.1274999976158142,0.1151900514960289,-24.679628372192383,SPEAKER_00,17388.458,17391.918,3.460000000002765,751
26.19175910949707,0.07338395714759827,24.786245346069336,26.823822021484375,27.77359962463379,2.987354278564453,92.24978637695312,59.5252799987793,18.205059051513672,9.665687561035156,0.6863962411880493,0.7031345367431641,0.18889577686786652,0.6504925489425659,1.1135880947113037,0.9246923327445984,10.880644798278809,6.419334411621094,9.249271392822266,4.117859840393066,0.244032084941864,0.8420915603637695,16.520231246948242,0.8487330675125122,5.821479320526123,2.279611825942993,23.315547943115234,0.720863401889801,6.051787376403809,2.280470371246338,0.022289304062724113,1.5422031879425049,1.2024996280670166,0.6072977781295776,4.68554162979126,0.5172564387321472,7.76727294921875,1.0602431297302246,17.81301498413086,0.4763967990875244,689.6663818359375,0.4387102425098419,1190.2926025390625,0.27539271116256714,-79.75786590576172,-1.0940803289413452,1719.61279296875,0.16360291838645935,908.404541015625,0.36242127418518066,-79.91883850097656,-1.0526279211044312,2702.075439453125,0.11350053548812866,870.9126586914062,0.3243942856788635,-79.07715606689453,-1.0698691606521606,-9.156042098999023,-0.7678391337394714,14.791376113891602,0.5310057401657104,0.03205716982483864,0.7547741532325745,-0.012616605497896671,-0.90427166223526,0.32001298666000366,0.6472704410552979,22.113550186157227,0.4464590847492218,1.672768473625183,7.529189586639404,27.374561309814453,0.6698074340820312,6.936722755432129,2.0626707077026367,-4.951940536499023,10.606910705566406,0.021925227716565132,0.0024806312285363674,0.11360225826501846,4.155124664306641,3.0898876190185547,0.19999998807907104,0.149969682097435,0.11100000143051147,0.08584287762641907,-24.857271194458008,SPEAKER_00,17396.423,17400.052,3.629000000000815,754
26.326852798461914,0.06486443430185318,24.453514099121094,26.600950241088867,27.999549865722656,3.5460357666015625,107.17496490478516,88.57160949707031,16.668983459472656,9.006999969482422,0.6883654594421387,0.6707962155342102,0.21332301199436188,0.6251906156539917,1.155711054801941,0.9423880577087402,13.382420539855957,5.738213062286377,8.740571022033691,4.273585796356201,0.2604168653488159,0.7913258075714111,20.056480407714844,0.6240538954734802,0.3987831473350525,31.754348754882812,24.11656951904297,0.8851449489593506,6.642431735992432,1.5515581369400024,0.017142724245786667,0.9548256993293762,1.403316617012024,0.9365794658660889,4.144444942474365,0.6525285840034485,7.196994781494141,1.1157912015914917,15.662528991699219,0.5916042327880859,689.7620239257812,0.48745396733283997,1154.2178955078125,0.271325945854187,-94.92144012451172,-0.9640275239944458,1708.55615234375,0.17900168895721436,865.7552490234375,0.34500056505203247,-92.21259307861328,-0.961010217666626,2721.814453125,0.13100597262382507,815.1387329101562,0.21805360913276672,-92.44779968261719,-0.9553713798522949,-7.732700824737549,-0.7731956243515015,13.504149436950684,0.53731769323349,0.03691728040575981,0.5051965713500977,-0.015465129166841507,-0.9410446882247925,0.3673660159111023,0.5084071755409241,23.67824935913086,0.42165300250053406,-2.2003579139709473,-5.636707782745361,27.839616775512695,0.811819314956665,6.68269681930542,1.7971856594085693,-6.039702415466309,10.294339179992676,0.028552163392305374,-0.00313114863820374,0.12580493092536926,4.1666669845581055,3.2679738998413086,0.16599999368190765,0.10021975636482239,0.13333332538604736,0.09649410098791122,-24.653837203979492,SPEAKER_00,17449.31,17452.448,3.1379999999990105,769
26.30329704284668,0.06010516732931137,24.9000244140625,26.30596923828125,28.040042877197266,3.1400184631347656,118.39363098144531,210.6533660888672,41.0147705078125,63.585540771484375,0.751164972782135,0.7039573788642883,0.2220815122127533,0.654502272605896,1.2686618566513062,1.0465803146362305,12.313377380371094,8.79646110534668,10.73637580871582,6.467479228973389,0.254397451877594,0.8481898903846741,23.315555572509766,0.4823143184185028,2.6715221405029297,4.8089094161987305,16.68474769592285,0.9242474436759949,-4.3049540519714355,-4.176512241363525,0.014405041001737118,1.457826852798462,1.138473391532898,0.8435786366462708,5.591207504272461,0.47529101371765137,7.517369747161865,1.1225045919418335,19.380308151245117,0.5444823503494263,794.25732421875,0.315267413854599,1259.1820068359375,0.19945128262043,-64.1679916381836,-1.3078809976577759,1808.65087890625,0.14930547773838043,960.8656005859375,0.3081977367401123,-65.75782775878906,-1.2278058528900146,2844.629150390625,0.11002739518880844,778.01025390625,0.3390565812587738,-67.30123138427734,-1.1859766244888306,-11.129611015319824,-0.5855535268783569,17.626497268676758,0.39237749576568604,0.036764826625585556,0.586583137512207,-0.016542667523026466,-0.9625043272972107,0.30218493938446045,0.7250341773033142,26.44240379333496,0.262874573469162,0.697965681552887,18.634620666503906,17.018301010131836,0.9865679144859314,-4.63163423538208,-4.261117458343506,-7.893666744232178,14.29710578918457,0.026471858844161034,-0.004212216939777136,0.14233960211277008,4.18410062789917,2.3255813121795654,0.2990908920764923,0.19764314591884613,0.10083332657814026,0.0912376418709755,-23.609041213989258,SPEAKER_00,17462.843,17467.636,4.792999999997846,774
26.16526985168457,0.0847676545381546,24.672664642333984,26.224435806274414,28.18623924255371,3.5135746002197266,121.57868957519531,150.65081787109375,17.31165313720703,5.3124213218688965,0.6802785992622375,0.6607083082199097,0.20510607957839966,0.6654911041259766,1.0537992715835571,0.8486931920051575,11.51168441772461,4.2157721519470215,10.596075057983398,5.510960102081299,0.23599326610565186,0.7430126667022705,17.704011917114258,0.8499199151992798,3.5470778942108154,3.802335023880005,20.065135955810547,0.7922899127006531,5.272305965423584,2.390028715133667,0.014389232732355595,0.8041207790374756,1.2629643678665161,0.76947420835495,4.815155506134033,0.5257465839385986,8.122661590576172,0.8413669466972351,17.33651351928711,0.486468106508255,619.212646484375,0.4638616442680359,1193.6810302734375,0.19691717624664307,-90.89569091796875,-1.0139753818511963,1634.5528564453125,0.17252369225025177,853.279052734375,0.37303099036216736,-92.19297790527344,-0.9529918432235718,2633.056640625,0.13417324423789978,856.0375366210938,0.44210341572761536,-92.4418716430664,-0.94832843542099,-8.436211585998535,-0.683160126209259,13.677007675170898,0.460004061460495,0.03391141816973686,0.5440964102745056,-0.013272097334265709,-0.9414350986480713,0.314742773771286,0.4608684182167053,24.319955825805664,0.3876485824584961,-1.3103995323181152,-7.78127384185791,23.89118003845215,0.7422215342521667,5.950253486633301,2.3661601543426514,-4.378564834594727,9.590325355529785,0.024630224332213402,0.001301383483223617,0.13613325357437134,5.040322303771973,3.054989814758301,0.17933331429958344,0.1296902298927307,0.12666666507720947,0.13704824447631836,-25.159971237182617,SPEAKER_00,17474.386,17479.364,4.978000000002794,777
25.600156784057617,0.08784240484237671,23.746009826660156,25.770906448364258,27.853878021240234,4.107868194580078,176.58367919921875,203.93685913085938,17.609779357910156,10.121870994567871,0.6230167746543884,0.6447432041168213,0.21439442038536072,0.5798308849334717,0.9574242234230042,0.7430298328399658,10.230252265930176,4.78054141998291,7.731687545776367,4.556612014770508,0.20499902963638306,0.7578513622283936,20.398273468017578,0.678662896156311,6.528933525085449,1.9622327089309692,21.761093139648438,0.7518644332885742,11.606073379516602,1.139702558517456,0.013936720788478851,1.0299322605133057,1.0907928943634033,0.7713167667388916,5.302384376525879,0.45415282249450684,9.406821250915527,0.8237752914428711,20.677682876586914,0.49511340260505676,669.4951782226562,0.431050568819046,1218.1187744140625,0.21216969192028046,-78.57351684570312,-1.125313639640808,1708.2491455078125,0.16953079402446747,839.0902709960938,0.3255588114261627,-79.59423065185547,-1.0693464279174805,2713.308349609375,0.13845138251781464,897.02490234375,0.3708740770816803,-80.82112884521484,-1.0423951148986816,-10.425431251525879,-0.6150426864624023,15.282276153564453,0.4355003237724304,0.025156933814287186,0.933277428150177,-0.011160089634358883,-1.339273452758789,0.2529231011867523,0.6061158180236816,25.853702545166016,0.30631858110427856,1.7086840867996216,5.858531951904297,23.65359115600586,0.7751526236534119,13.314567565917969,1.0902070999145508,-8.09506893157959,13.753815650939941,0.005830022506415844,0.0012037314008921385,0.12356806546449661,4.678362846374512,2.65486741065979,0.23444443941116333,0.1427983045578003,0.12222222238779068,0.10506905615329742,-25.751100540161133,SPEAKER_00,17528.369,17535.22,6.8510000000023865,778
25.59038543701172,0.11488239467144012,23.69373893737793,25.244171142578125,27.38844108581543,3.6947021484375,57.75596237182617,77.99100494384766,88.6359634399414,151.01255798339844,0.6124246716499329,0.7087850570678711,0.16298478841781616,0.5282180309295654,1.0372110605239868,0.8742262721061707,9.976242065429688,5.954739093780518,8.666238784790039,4.916345119476318,0.20989522337913513,0.9204912185668945,15.943316459655762,0.9082333445549011,8.412075996398926,1.4547119140625,26.368730545043945,0.6961767077445984,9.60619831085205,1.3786343336105347,0.017619580030441284,1.3030308485031128,1.3558841943740845,0.8090692162513733,4.874096870422363,0.4364408254623413,7.0036091804504395,2.016488790512085,16.091835021972656,0.9454919099807739,701.6693115234375,0.4268871545791626,1180.2911376953125,0.2570492923259735,-85.7269287109375,-1.0360469818115234,1735.181396484375,0.16818173229694366,823.4422607421875,0.36720579862594604,-85.90716552734375,-0.9995832443237305,2729.751708984375,0.1208643913269043,818.1513061523438,0.3413700759410858,-85.10700225830078,-1.0161511898040771,-10.562493324279785,-0.6920967698097229,15.633411407470703,0.5107560157775879,0.02127351425588131,1.289834976196289,-0.013265368528664112,-1.2009801864624023,0.26509320735931396,0.6506186127662659,22.478315353393555,0.35734322667121887,4.798714637756348,2.4999475479125977,30.531103134155273,0.6338693499565125,10.65758228302002,1.410671353340149,-5.962723731994629,11.592333793640137,0.003990367986261845,0.0044711860828101635,0.12499509006738663,3.4926469326019287,2.782931327819824,0.21266666054725647,0.15411971509456635,0.12600000202655792,0.09272180497646332,-25.773279190063477,SPEAKER_00,17536.553,17542.004,5.451000000000931,779
24.867416381835938,0.09486521780490875,22.8795223236084,25.063358306884766,26.730684280395508,3.8511619567871094,155.87051391601562,317.3156433105469,27.148027420043945,25.552579879760742,0.5388009548187256,0.7672971487045288,0.14967043697834015,0.46136030554771423,0.8435659408569336,0.6938955187797546,9.761846542358398,4.34642219543457,7.440724849700928,4.323592185974121,0.18638324737548828,0.8608958721160889,19.455751419067383,0.6335951685905457,5.465023517608643,2.35377836227417,22.263635635375977,0.7202346324920654,3.7346818447113037,3.4248437881469727,0.01593482866883278,0.9204837083816528,1.2998591661453247,0.8107438087463379,4.1772990226745605,0.5658940672874451,6.7424139976501465,1.8792550563812256,18.38791275024414,0.7610924243927002,652.1174926757812,0.4286440312862396,1265.4942626953125,0.18191859126091003,-94.01134490966797,-0.964346170425415,1681.8057861328125,0.1637023687362671,869.4547729492188,0.33562928438186646,-95.51026916503906,-0.9114768505096436,2688.794677734375,0.12321798503398895,848.6923828125,0.3053280711174011,-95.2627944946289,-0.9158151149749756,-11.17514705657959,-0.5452016592025757,17.246694564819336,0.4007536768913269,0.02454533986747265,0.9881611466407776,-0.012610177509486675,-1.2604029178619385,0.2531747817993164,0.6398707628250122,24.83060073852539,0.3175753057003021,2.5696187019348145,4.589477062225342,25.789844512939453,0.7273342609405518,3.813906669616699,4.0513715744018555,-7.802618980407715,13.790329933166504,0.009397535584867,0.0009777662344276905,0.10277995467185974,3.9397449493408203,3.2634031772613525,0.16357143223285675,0.18930727243423462,0.11827585846185684,0.10332636535167694,-26.907575607299805,SPEAKER_00,17542.375,17551.015,8.639999999999418,780
27.06644630432129,0.0704522430896759,25.475236892700195,26.871978759765625,28.959449768066406,3.484212875366211,68.33872985839844,60.322357177734375,22.073251724243164,11.048415184020996,0.7883283495903015,0.5157037973403931,0.3855295181274414,0.7347469925880432,1.2069817781448364,0.821452260017395,12.569350242614746,5.299548149108887,10.311319351196289,3.6157941818237305,0.27208685874938965,0.5989675521850586,19.574594497680664,0.6328318119049072,1.6738759279251099,7.716495037078857,23.600439071655273,0.7343551516532898,6.201424598693848,2.070463180541992,0.014573260210454464,0.8451575040817261,1.0785861015319824,0.7811233401298523,5.14610481262207,0.4775491952896118,8.918900489807129,0.7780507802963257,15.990018844604492,0.5297805666923523,625.5755004882812,0.4514929950237274,1245.2640380859375,0.2194981873035431,-70.28467559814453,-1.1912647485733032,1660.6578369140625,0.15451665222644806,832.356689453125,0.37121543288230896,-71.84944915771484,-1.1083801984786987,2656.28564453125,0.12667027115821838,902.6552734375,0.26244932413101196,-70.663818359375,-1.1402078866958618,-7.379956245422363,-0.793501615524292,12.370565414428711,0.5504909157752991,0.034033581614494324,0.5331040024757385,-0.017365969717502594,-0.7266493439674377,0.3170139789581299,0.4994261562824249,22.796493530273438,0.3967697024345398,-1.2591753005981445,-9.241872787475586,26.315673828125,0.661704421043396,6.326503276824951,2.249392509460449,-6.29779052734375,11.956964492797852,0.0208108089864254,-0.0041436729952692986,0.18786367774009705,5.466238021850586,3.9215686321258545,0.16583333909511566,0.07488416135311127,0.0630769208073616,0.02671346627175808,-24.53681755065918,SPEAKER_00,17563.604,17566.726,3.121999999999389,784
25.778352737426758,0.0651644915342331,24.26165008544922,26.061647415161133,26.885465621948242,2.6238155364990234,28.605546951293945,33.07685470581055,21.167808532714844,14.146390914916992,0.7309978604316711,0.5856779217720032,0.2523355484008789,0.7194340825080872,1.151829481124878,0.899493932723999,9.792076110839844,3.838777780532837,7.4934821128845215,4.076291084289551,0.23934423923492432,0.6484328508377075,22.11684799194336,0.5061964392662048,-0.5332223773002625,-21.705366134643555,23.027366638183594,0.8693432211875916,9.04445743560791,1.4467395544052124,0.014957723207771778,1.2556042671203613,1.0334209203720093,0.6989055275917053,4.49121618270874,0.486502081155777,7.187748432159424,1.173250436782837,16.29349136352539,0.5504361987113953,736.218505859375,0.41964465379714966,1152.5142822265625,0.29379773139953613,-65.69762420654297,-1.2600833177566528,1724.942626953125,0.1750207245349884,893.827880859375,0.28494793176651,-64.50314331054688,-1.2687382698059082,2727.12451171875,0.12398357689380646,831.1564331054688,0.28551432490348816,-65.96842956542969,-1.229515552520752,-7.636935710906982,-0.7625929713249207,13.601096153259277,0.5094985961914062,0.036247726529836655,0.5436410903930664,-0.014869668520987034,-0.8768160343170166,0.2956899106502533,0.4494715631008148,25.11181640625,0.34156563878059387,-2.8397886753082275,-3.6824636459350586,24.122486114501953,0.9267059564590454,8.374218940734863,1.6676501035690308,-6.714278221130371,11.846471786499023,0.022424081340432167,0.0020881982054561377,0.11003252863883972,4.387568950653076,2.5830256938934326,0.26642856001853943,0.1956530213356018,0.09928571432828903,0.10944432765245438,-25.092554092407227,SPEAKER_00,17567.806,17573.29,5.484000000000378,785
25.05314064025879,0.05087743699550629,24.261159896850586,25.045814514160156,26.0728702545166,1.8117103576660156,162.06478881835938,222.349365234375,6.556252479553223,8.34280014038086,0.6393553018569946,0.5897870659828186,0.2246076762676239,0.6373530626296997,0.9702334403991699,0.7456257343292236,10.259969711303711,7.8299078941345215,7.6237921714782715,3.978853225708008,0.20420363545417786,0.7733747959136963,18.741172790527344,0.7811275720596313,5.855194568634033,2.0491256713867188,25.62079620361328,0.9222767353057861,8.09687614440918,1.876869797706604,0.013205383904278278,1.0283266305923462,0.9410714507102966,0.8603832125663757,5.0546040534973145,0.46337440609931946,6.162070274353027,1.203550100326538,17.742530822753906,0.6517664790153503,658.2445678710938,0.4713069200515747,1175.5211181640625,0.1708584874868393,-80.94271087646484,-1.1078362464904785,1705.4085693359375,0.1589849442243576,777.0818481445312,0.4287669062614441,-83.84259796142578,-1.002202033996582,2715.705322265625,0.1309196949005127,929.2910766601562,0.30430224537849426,-81.2265396118164,-1.0622365474700928,-9.242849349975586,-0.692756175994873,14.73147201538086,0.5068255066871643,0.02967090532183647,0.8073771595954895,-0.012691555544734001,-1.2293137311935425,0.2513904869556427,0.638968825340271,23.03143882751465,0.4168950915336609,2.51472544670105,4.340755939483643,32.54991912841797,0.8083189129829407,11.89455795288086,1.2565898895263672,-6.215963363647461,12.502849578857422,0.026807352900505066,-0.0025603065732866526,0.13276056945323944,4.088050365447998,2.875399589538574,0.21111109852790833,0.16010026633739471,0.1287499964237213,0.09713875502347946,-25.652036666870117,SPEAKER_00,17584.917,17588.107,3.1899999999986903,790
24.751544952392578,0.09967687726020813,23.381683349609375,24.23614501953125,26.30563735961914,2.9239540100097656,99.23970794677734,134.58453369140625,115.8546371459961,197.35226440429688,0.6390378475189209,0.6310774087905884,0.2514331042766571,0.5754719972610474,0.9917780756950378,0.7403450012207031,10.74310302734375,5.992675304412842,8.348920822143555,3.222363233566284,0.22542700171470642,0.6912217736244202,23.10494041442871,0.5525020956993103,-0.19219031929969788,-72.32501983642578,23.257064819335938,0.8570300936698914,8.23684310913086,1.463672161102295,0.020582932978868484,1.042288064956665,1.5484368801116943,0.8098633289337158,3.6181681156158447,0.5949071049690247,7.964652061462402,0.7273125648498535,17.74652671813965,0.554911732673645,676.9466552734375,0.3978007137775421,1236.5360107421875,0.19205954670906067,-74.51030731201172,-1.1584848165512085,1707.2491455078125,0.15474911034107208,933.1290283203125,0.3817504346370697,-73.7524642944336,-1.1307475566864014,2690.714111328125,0.11887156218290329,861.5939331054688,0.3162260055541992,-74.03487396240234,-1.1200509071350098,-9.831522941589355,-0.6964265704154968,15.616921424865723,0.4376083314418793,0.02355894260108471,0.9287576675415039,-0.010829368606209755,-1.2516216039657593,0.27500322461128235,0.5661669969558716,27.487468719482422,0.2919405400753021,-2.754075050354004,-5.001595497131348,25.82377815246582,0.8253763318061829,7.483959197998047,1.776560664176941,-5.90288782119751,10.767814636230469,0.013093960471451283,0.002492340747267008,0.13401152193546295,5.570291996002197,2.6881721019744873,0.24199999868869781,0.11574108898639679,0.1080000028014183,0.0664529874920845,-25.926321029663086,SPEAKER_00,17588.545,17592.325,3.780000000002474,791
24.071964263916016,0.06360878795385361,23.048307418823242,24.235605239868164,24.944259643554688,1.8959522247314453,48.96107482910156,46.4310417175293,26.664461135864258,26.444931030273438,0.5727982521057129,0.6602064967155457,0.19517500698566437,0.5367215275764465,0.8568528294563293,0.6616778373718262,11.411537170410156,5.990787982940674,7.85014533996582,3.9460062980651855,0.2086172103881836,0.8181533217430115,16.81052589416504,0.9082798361778259,5.96711540222168,2.60601544380188,20.257741928100586,0.834522008895874,-0.21418322622776031,-54.102821350097656,0.0157055351883173,0.9057085514068604,1.163473129272461,0.6422451734542847,3.628303289413452,0.5369746685028076,3.8869121074676514,1.0347498655319214,16.644298553466797,0.554512083530426,640.2997436523438,0.41666004061698914,1244.968017578125,0.1770658642053604,-99.021240234375,-0.9080589413642883,1687.94921875,0.1573779135942459,914.3518676757812,0.48586562275886536,-101.9770278930664,-0.8498225808143616,2661.614990234375,0.10978151857852936,835.6587524414062,0.24792493879795074,-101.9285888671875,-0.8506178855895996,-9.843087196350098,-0.6480363607406616,15.711919784545898,0.43758130073547363,0.03104381263256073,0.6893869042396545,-0.015228073112666607,-0.7997268438339233,0.2783427834510803,0.6469284296035767,25.26169204711914,0.327212929725647,-0.45465144515037537,-32.137916564941406,24.317371368408203,0.7663307189941406,-0.4823790192604065,-23.688793182373047,-4.427718162536621,9.086278915405273,0.023621564731001854,-0.0017114110523834825,0.14146137237548828,4.6728973388671875,4.126984119415283,0.11846154183149338,0.08429309725761414,0.10384614765644073,0.0973920226097107,-27.082014083862305,SPEAKER_00,17604.577,17607.8,3.2229999999981374,794
25.063261032104492,0.1733558624982834,23.36390495300293,24.419477462768555,25.95342445373535,2.589519500732422,60.54640579223633,61.15126419067383,175.46115112304688,165.6149139404297,0.7006756067276001,0.5553469657897949,0.3234021067619324,0.6597681641578674,1.0219385623931885,0.6985364556312561,11.100946426391602,5.1816816329956055,6.01627779006958,2.5403451919555664,0.23314161598682404,0.6802681684494019,19.818735122680664,0.7047981023788452,5.484334945678711,2.46299147605896,24.85431671142578,0.7281553745269775,3.0834078788757324,4.726901531219482,0.015466520562767982,1.0273797512054443,1.0738394260406494,0.6754421591758728,4.479602336883545,0.5862826108932495,8.374119758605957,0.7169493436813354,18.17205810546875,0.5274381637573242,634.3490600585938,0.41926220059394836,1231.7591552734375,0.17069610953330994,-57.10773468017578,-1.408645749092102,1682.30859375,0.1664218306541443,812.5706787109375,0.43702343106269836,-61.35973358154297,-1.2218692302703857,2682.549560546875,0.12645629048347473,788.947021484375,0.2936747670173645,-58.67298889160156,-1.288413166999817,-10.526450157165527,-0.732700526714325,15.637304306030273,0.5258315205574036,0.02180001325905323,1.1520200967788696,-0.014766283333301544,-0.9936926960945129,0.2634192109107971,0.5926832556724548,23.54298973083496,0.42133572697639465,3.7413148880004883,3.516620635986328,27.236495971679688,0.7125754952430725,3.664043426513672,4.34094762802124,-3.2145447731018066,7.0850911140441895,0.033877644687891006,-0.003256776137277484,0.1589866429567337,5.095541477203369,2.9220778942108154,0.24888889491558075,0.189762681722641,0.09285713732242584,0.051745057106018066,-25.148733139038086,SPEAKER_00,17611.343,17614.499,3.1559999999990396,796
23.36574935913086,0.08876150846481323,21.658571243286133,22.77695083618164,25.725173950195312,4.06660270690918,50.16248321533203,50.294189453125,17.865066528320312,15.672093391418457,0.5214731097221375,0.6889574527740479,0.20132575929164886,0.43686026334762573,0.7777516841888428,0.5764259099960327,11.080299377441406,5.296999931335449,8.556081771850586,5.319796562194824,0.18141929805278778,0.8177587389945984,21.880247116088867,0.5071725845336914,-0.1303979754447937,-78.38387298583984,25.707836151123047,0.7200507521629333,10.629727363586426,0.9500632882118225,0.016356851905584335,0.7565232515335083,1.4099420309066772,0.6719157695770264,3.5432450771331787,0.5927287340164185,6.5955376625061035,0.7478637099266052,18.618104934692383,0.5643171072006226,660.5618896484375,0.39305686950683594,1272.01806640625,0.20696114003658295,-92.99005126953125,-0.9645767211914062,1699.963134765625,0.13857567310333252,874.1507568359375,0.4428446292877197,-94.61127471923828,-0.9177522659301758,2699.821044921875,0.11892048269510269,934.135009765625,0.370295912027359,-94.2266845703125,-0.9239393472671509,-10.258477210998535,-0.6351937055587769,14.974437713623047,0.45348215103149414,0.02110697142779827,1.1607558727264404,-0.013823644258081913,-1.0640368461608887,0.239562526345253,0.6279916167259216,26.540958404541016,0.32380831241607666,-0.00018620201444718987,-56604.4921875,29.671104431152344,0.6887445449829102,11.95431137084961,0.9875757694244385,-5.858575344085693,11.408860206604004,0.026685522869229317,0.0019875075668096542,0.111846424639225,4.597701072692871,3.2069971561431885,0.16818182170391083,0.10919691622257233,0.12272726744413376,0.0834582969546318,-27.985246658325195,SPEAKER_00,17620.76,17624.253,3.493000000002212,799
25.160724639892578,0.07009181380271912,23.540420532226562,25.09300994873047,26.958572387695312,3.41815185546875,124.68843841552734,166.53082275390625,18.85892105102539,13.049943923950195,0.5405076146125793,0.7261667251586914,0.13616235554218292,0.4906247854232788,0.8526100516319275,0.7164477109909058,8.368165969848633,5.008320331573486,6.0922651290893555,4.389629364013672,0.16907277703285217,0.9038804173469543,16.98419952392578,0.7906901836395264,7.924116611480713,1.4673548936843872,29.24396324157715,0.7058469653129578,6.87918758392334,2.007903575897217,0.016409890726208687,1.0791404247283936,1.0553314685821533,0.7579601407051086,5.1177778244018555,0.4135618805885315,9.697287559509277,0.668893575668335,19.15141487121582,0.4418887794017792,574.927734375,0.4402633309364319,1216.59521484375,0.1814829260110855,-85.05240631103516,-1.0645556449890137,1633.7364501953125,0.13960285484790802,759.8359985351562,0.4495479166507721,-88.46028900146484,-0.95772784948349,2625.4638671875,0.11217755824327469,828.1703491210938,0.2474251240491867,-86.28154754638672,-1.0011069774627686,-11.274934768676758,-0.6084963083267212,17.32428550720215,0.42070817947387695,0.026431405916810036,0.8770257234573364,-0.013557667843997478,-1.0289303064346313,0.2286972850561142,0.6579539179801941,23.051929473876953,0.4019526243209839,6.2024922370910645,1.8171093463897705,33.27339172363281,0.7121759057044983,8.985810279846191,1.7620142698287964,-5.232816696166992,10.73084545135498,0.021186139434576035,0.004278296604752541,0.08010922372341156,3.7280702590942383,2.6666667461395264,0.22083333134651184,0.17060960829257965,0.1230769231915474,0.1315811723470688,-26.20252799987793,SPEAKER_00,17668.769,17673.342,4.57300000000032,805
24.77482032775879,0.06471309065818787,23.23612403869629,25.030094146728516,26.263484954833984,3.0273609161376953,46.279808044433594,29.752574920654297,15.893756866455078,10.756948471069336,0.7117810845375061,0.6668972373008728,0.23701924085617065,0.6188865303993225,1.1106338500976562,0.8736146092414856,9.361396789550781,4.714189052581787,7.764541149139404,4.146584987640381,0.22846655547618866,0.8083120584487915,22.596166610717773,0.3221290409564972,-1.9339337348937988,-6.6356048583984375,28.103267669677734,0.6637415885925293,11.137906074523926,0.9930112361907959,0.016247369349002838,0.8577317595481873,1.0934451818466187,0.7362713813781738,4.534568786621094,0.5320424437522888,7.511026859283447,0.9505623579025269,15.561419486999512,0.6060936450958252,585.9785766601562,0.46623337268829346,1237.7064208984375,0.15933258831501007,-55.24245834350586,-1.4329407215118408,1623.003173828125,0.15101467072963715,804.0035400390625,0.3724585175514221,-57.76566696166992,-1.3068513870239258,2604.21728515625,0.11500746011734009,957.7051391601562,0.41487666964530945,-56.348358154296875,-1.3522748947143555,-8.551546096801758,-0.7826336026191711,13.948894500732422,0.49566391110420227,0.022465279325842857,0.9984780550003052,-0.008833624422550201,-1.13832688331604,0.26871612668037415,0.6862117052078247,23.64981460571289,0.2858211100101471,-2.4514784812927246,-5.539860248565674,31.836124420166016,0.603511393070221,11.91253662109375,0.986642599105835,-8.136072158813477,14.502119064331055,0.015317870303988457,0.001265146885998547,0.11884073168039322,3.8922157287597656,2.7439024448394775,0.26777777075767517,0.20269176363945007,0.09857141971588135,0.09876791387796402,-25.14360237121582,SPEAKER_00,17674.456,17677.814,3.3580000000001746,806
26.827312469482422,0.06749024987220764,24.93646240234375,27.278318405151367,28.56133270263672,3.6248703002929688,38.5618782043457,53.05082321166992,17.095195770263672,16.163040161132812,0.7392622828483582,0.6146247386932373,0.289323091506958,0.6910262107849121,1.1576130390167236,0.8682899475097656,10.50243091583252,6.158002853393555,9.42898941040039,5.912888050079346,0.23861078917980194,0.7371037602424622,15.945981979370117,1.02756667137146,4.721446990966797,3.0540053844451904,22.170684814453125,0.9033357501029968,2.981785774230957,4.143581390380859,0.014114170335233212,1.1752032041549683,1.0416709184646606,0.8027644753456116,5.427058696746826,0.42264723777770996,8.492718696594238,0.8079797029495239,16.88788414001465,0.4948626756668091,698.6171264648438,0.4481298625469208,1195.7000732421875,0.29509681463241577,-77.30921936035156,-1.147335171699524,1723.684814453125,0.18377520143985748,861.419189453125,0.38924652338027954,-75.61123657226562,-1.1353179216384888,2726.269775390625,0.12671904265880585,858.0579833984375,0.28371211886405945,-75.799072265625,-1.1310925483703613,-8.80688762664795,-0.7007455825805664,14.592894554138184,0.44486933946609497,0.03222062066197395,0.6465202569961548,-0.011495901271700859,-1.2138100862503052,0.3034496009349823,0.5471667051315308,23.370075225830078,0.37211963534355164,-0.7425426840782166,-16.549097061157227,27.840730667114258,0.7693474888801575,4.4536638259887695,2.9851865768432617,-2.0488739013671875,7.542795658111572,0.0283155869692564,0.0022834453266113997,0.1169971227645874,4.244482040405273,1.8835617303848267,0.3436363637447357,0.2565956115722656,0.1525000035762787,0.12376894056797028,-24.694143295288086,SPEAKER_00,17700.815,17706.721,5.9060000000026776,817
25.38204574584961,0.08148150891065598,23.450292587280273,25.958969116210938,26.978904724121094,3.5286121368408203,122.5091781616211,140.57315063476562,22.945018768310547,20.851421356201172,0.5846095681190491,0.5624054670333862,0.2555091977119446,0.530376672744751,0.9038927555084229,0.6483835577964783,8.706048011779785,4.311778545379639,6.913703918457031,3.516571521759033,0.22795437276363373,0.7776139974594116,23.596113204956055,0.6341980695724487,8.151132583618164,1.4743428230285645,24.126113891601562,0.7048701047897339,13.532939910888672,0.8516676425933838,0.022867975756525993,1.4320499897003174,1.222114086151123,0.8897985219955444,5.418230056762695,0.39514052867889404,7.861090183258057,0.7727583646774292,22.28989028930664,0.380903035402298,586.2300415039062,0.40403130650520325,1264.013916015625,0.17168273031711578,-83.42597198486328,-1.0540164709091187,1630.7330322265625,0.14475098252296448,841.6693725585938,0.3290378451347351,-87.00906372070312,-0.9465793371200562,2631.516845703125,0.12160536646842957,895.9627685546875,0.2086842954158783,-87.07630157470703,-0.9458387494087219,-13.47102165222168,-0.406464159488678,19.380334854125977,0.3507111370563507,0.023097386583685875,0.862013041973114,-0.012564651668071747,-0.9869846105575562,0.27054986357688904,0.5583621859550476,29.8820858001709,0.27907443046569824,4.578435897827148,2.0875227451324463,26.241010665893555,0.64337557554245,13.769611358642578,0.9227363467216492,-8.415423393249512,12.871965408325195,0.015500926412642002,-0.0010042188223451376,0.17110669612884521,5.339806079864502,3.4567904472351074,0.17142856121063232,0.13658367097377777,0.09785714000463486,0.06591970473527908,-24.797786712646484,SPEAKER_00,17829.436,17833.57,4.133999999998196,821
23.978805541992188,0.0379982553422451,23.2906436920166,23.996749877929688,24.667356491088867,1.3767127990722656,77.21317291259766,97.30677032470703,8.725786209106445,4.347938060760498,0.64951092004776,0.4625970423221588,0.3967445492744446,0.6358906626701355,0.9199392795562744,0.5231947302818298,7.645178318023682,4.922398090362549,5.749701023101807,2.7202844619750977,0.2075776755809784,0.5519934296607971,21.45343017578125,0.6928883194923401,8.583913803100586,1.2954765558242798,32.34257125854492,0.5219272971153259,10.0925874710083,1.1603024005889893,0.010363807901740074,1.027446985244751,0.9662367701530457,0.6691194176673889,5.350395202636719,0.3252115547657013,8.447782516479492,0.7565007209777832,20.10317611694336,0.4834078550338745,558.7421875,0.39947083592414856,1268.2607421875,0.17601007223129272,-54.340431213378906,-1.4392821788787842,1646.493408203125,0.13227039575576782,777.013427734375,0.3989330232143402,-62.56666564941406,-1.157617211341858,2610.86962890625,0.11503957211971283,886.0258178710938,0.18185696005821228,-59.50780487060547,-1.2491354942321777,-12.128348350524902,-0.5346371531486511,16.664485931396484,0.4625898003578186,0.013030930422246456,1.4636166095733643,-0.018578888848423958,-0.6423541307449341,0.22603170573711395,0.5125254392623901,26.26220703125,0.3187064230442047,5.865766525268555,1.48044753074646,33.8155403137207,0.5285050868988037,11.449143409729004,1.0346879959106445,-5.011672496795654,9.49200439453125,0.012843065895140171,-0.0034318144898861647,0.1667284369468689,4.651163101196289,2.3684210777282715,0.31333333253860474,0.20672042667865753,0.08888889104127884,0.03381138667464256,-25.382959365844727,SPEAKER_00,17880.652,17884.533,3.8810000000012224,834
24.754676818847656,0.06487241387367249,23.268882751464844,24.86553955078125,26.34853172302246,3.079648971557617,74.1757583618164,93.67525482177734,5.6733174324035645,6.107291221618652,0.6672675609588623,0.6263944506645203,0.2306298464536667,0.6052711009979248,1.054652452468872,0.8240225911140442,10.657917976379395,6.589764595031738,6.809935569763184,4.139165878295898,0.21762226521968842,0.771772027015686,20.15688133239746,0.7711362838745117,2.3904287815093994,5.654290199279785,23.636356353759766,0.787909984588623,7.489319324493408,1.5414478778839111,0.013073019683361053,0.8081209063529968,1.0915313959121704,0.6489837169647217,4.754725933074951,0.429741770029068,7.017310619354248,0.875478208065033,16.618337631225586,0.5524783134460449,565.39501953125,0.42927542328834534,1261.5186767578125,0.16590000689029694,-70.7110366821289,-1.2541165351867676,1592.2464599609375,0.14240051805973053,884.2669677734375,0.42937418818473816,-74.26718139648438,-1.1403809785842896,2561.198486328125,0.11791794747114182,897.4283447265625,0.23070286214351654,-73.83248138427734,-1.1500638723373413,-9.733126640319824,-0.5546765327453613,15.362105369567871,0.3985554575920105,0.026869872584939003,0.7313205599784851,-0.015906300395727158,-0.7046699523925781,0.28256112337112427,0.5799115300178528,27.743967056274414,0.3060399293899536,-2.406160593032837,-5.058959007263184,25.691728591918945,0.8179780840873718,7.449952125549316,1.6343846321105957,-3.41129207611084,8.761019706726074,0.022932132706046104,0.003962323069572449,0.09197143465280533,4.697986602783203,2.040816307067871,0.32111111283302307,0.32807329297065735,0.16624999046325684,0.1436956375837326,-25.09381866455078,SPEAKER_00,17896.075,17900.564,4.488999999997759,839
23.505237579345703,0.07100675255060196,22.2108211517334,23.82404327392578,24.767236709594727,2.556415557861328,75.40159606933594,63.92342758178711,12.942802429199219,4.962878704071045,0.46462148427963257,0.555988073348999,0.20179714262485504,0.44128063321113586,0.7000559568405151,0.4982588291168213,7.567971229553223,3.8446526527404785,5.760441780090332,3.183190107345581,0.1730392724275589,0.7415370345115662,28.02949333190918,0.3873833119869232,6.6226396560668945,1.5269898176193237,21.768144607543945,0.6529178619384766,14.978248596191406,0.7448948621749878,0.017400244250893593,1.2068604230880737,1.2205443382263184,0.802885890007019,4.8083086013793945,0.40489041805267334,4.5989580154418945,3.913818597793579,22.888288497924805,0.3617618680000305,564.219970703125,0.4167938232421875,1306.634765625,0.16278791427612305,-72.98584747314453,-1.171350121498108,1585.376708984375,0.16317205131053925,931.2928466796875,0.27933040261268616,-79.03346252441406,-1.019737958908081,2584.226318359375,0.13269701600074768,936.3930053710938,0.2886682450771332,-80.98584747314453,-0.9797245264053345,-14.963489532470703,-0.35738682746887207,20.811969757080078,0.2944079339504242,0.006764181423932314,3.2004542350769043,-0.0061716195195913315,-2.0328381061553955,0.20267599821090698,0.599964439868927,31.197622299194336,0.20987971127033234,5.844217777252197,1.6167880296707153,24.6035099029541,0.6269856691360474,17.357784271240234,0.6629092693328857,-12.273789405822754,19.473522186279297,-0.0002161072479793802,0.0036607803776860237,0.11944162100553513,4.429301738739014,2.920962333679199,0.21941177546977997,0.2153921276330948,0.09666667133569717,0.0808977410197258,-27.074153900146484,SPEAKER_00,17991.757,17997.646,5.888999999999214,844
38.70634078979492,0.08025801181793213,38.23286819458008,38.82569885253906,39.77007293701172,1.5372047424316406,77.60609436035156,74.64689636230469,16.660429000854492,11.050394058227539,0.9143418669700623,0.3511192500591278,0.6243159174919128,0.8579947352409363,1.1674498319625854,0.5431339144706726,10.812400817871094,4.886813640594482,11.220376014709473,5.599139213562012,0.46646296977996826,0.5887161493301392,33.138282775878906,0.19974946975708008,-3.7775559425354004,-2.363556385040283,9.538082122802734,1.165529489517212,-10.495779037475586,-0.7704107761383057,0.01888957805931568,0.8345953822135925,1.1118521690368652,0.7328133583068848,8.579349517822266,0.3253467082977295,4.270776271820068,2.098142385482788,24.51030921936035,0.2644880712032318,761.6896362304688,0.18911457061767578,1365.68798828125,0.1681913286447525,-66.91939544677734,-1.193436622619629,1830.3143310546875,0.09988857060670853,1075.8629150390625,0.2940346598625183,-71.54074096679688,-1.005698800086975,2830.567138671875,0.0579705610871315,986.5390014648438,0.32887282967567444,-77.1944351196289,-0.8867946863174438,-15.635492324829102,-0.3621934652328491,26.01184844970703,0.2402838170528412,0.0018179239705204964,14.221303939819336,-0.026645755395293236,-0.36325910687446594,0.4946291744709015,0.5818962454795837,35.58835220336914,0.12196072190999985,-4.590280055999756,-2.152369976043701,8.235520362854004,1.4668779373168945,-11.461625099182129,-0.6757057905197144,-12.720218658447266,20.952152252197266,-0.01000547967851162,-0.01971161551773548,0.4099433720111847,6.094182968139648,4.2134833335876465,0.1626666635274887,0.1407819390296936,0.05999999865889549,0.03162277489900589,-19.900039672851562,SPEAKER_00,24090.14,24093.768,3.628000000000611,851
36.046783447265625,0.09492388367652893,34.18640899658203,35.34513854980469,36.835289001464844,2.6488800048828125,247.96490478515625,749.3756713867188,130.75677490234375,193.1486358642578,0.7622886300086975,0.4890362620353699,0.37785568833351135,0.7260844707489014,1.0850887298583984,0.7072330713272095,11.347867012023926,6.094275951385498,10.60130500793457,6.251327037811279,0.3810289800167084,0.9295341968536377,30.38425636291504,0.42971155047416687,-3.556544780731201,-2.9392032623291016,1.479690432548523,8.488936424255371,-12.111501693725586,-0.8726609349250793,0.017947733402252197,1.3458436727523804,1.042642593383789,0.7979832887649536,8.24948501586914,0.45238372683525085,4.360882759094238,2.033527374267578,26.98314666748047,0.3227789103984833,707.5972900390625,0.2729269564151764,1398.0439453125,0.15757182240486145,-62.94518280029297,-1.3055981397628784,1729.244140625,0.15177050232887268,1163.2352294921875,0.2339545339345932,-69.2752685546875,-1.082459807395935,2798.731689453125,0.08191581070423126,1021.061767578125,0.2894771993160248,-76.09646606445312,-0.9273810386657715,-13.923110961914062,-0.5158630013465881,26.27155113220215,0.320263534784317,0.04306192696094513,0.6124228835105896,-0.02002968266606331,-0.7201947569847107,0.45506182312965393,0.7979450225830078,35.6697883605957,0.28615108132362366,-2.5283100605010986,-4.3075971603393555,-0.3440834581851959,-39.074153900146484,-13.69560718536377,-0.7773432731628418,-4.572829723358154,11.654807090759277,0.02308100275695324,-0.004300537519156933,0.18695847690105438,5.1669816970825195,2.6599113941192627,0.26595237851142883,0.2180984765291214,0.09789473563432693,0.10768270492553711,-20.739078521728516,SPEAKER_00,24094.105,24109.985,15.880000000001019,852
25.466251373291016,0.07758457958698273,23.715452194213867,25.199495315551758,26.844884872436523,3.1294326782226562,237.0139617919922,351.3531188964844,15.022985458374023,10.430314064025879,0.3525162637233734,0.510286271572113,0.17932581901550293,0.33978471159935,0.5215930342674255,0.3422672152519226,4.312961578369141,2.619297742843628,3.880035400390625,2.3721160888671875,0.1255359649658203,0.7315760254859924,30.648847579956055,0.437939316034317,9.310933113098145,1.1832720041275024,15.328485488891602,0.7855466604232788,-4.776811599731445,-1.8917300701141357,0.017389126121997833,0.9278532862663269,1.294199824333191,0.6346755623817444,5.033102512359619,0.4176482856273651,2.166551351547241,2.0127334594726562,27.813318252563477,0.35040482878685,515.0610961914062,0.35599029064178467,1326.03369140625,0.2020999789237976,-82.83705139160156,-1.1397793292999268,1560.4337158203125,0.15368956327438354,972.6104125976562,0.27266645431518555,-91.57862854003906,-0.9398086667060852,2623.695556640625,0.11547684669494629,899.1299438476562,0.25802236795425415,-94.59513092041016,-0.8869033455848694,-17.18695068359375,-0.3283211290836334,25.51286506652832,0.3016180992126465,0.05154252424836159,0.28048238158226013,-0.01714015007019043,-0.6413415670394897,0.1585654318332672,0.6261106729507446,36.40599822998047,0.22817164659500122,7.40336275100708,1.4902544021606445,17.904541015625,0.7402034401893616,-5.002683162689209,-1.8999123573303223,-13.188480377197266,20.772226333618164,0.05066435784101486,-0.004215221386402845,0.08199276030063629,4.212860584259033,2.466367721557617,0.2327272742986679,0.1578313708305359,0.16899999976158142,0.1793014109134674,-30.63218879699707,SPEAKER_00,29437.028,29441.551,4.523000000001048,854
26.9596004486084,0.06014908850193024,25.913440704345703,26.79399299621582,28.701473236083984,2.7880325317382812,113.91194915771484,201.54055786132812,10.69011116027832,16.690649032592773,0.30540671944618225,0.6048203706741333,0.11151542514562607,0.28835922479629517,0.48307591676712036,0.3715604841709137,5.084249973297119,2.786778450012207,4.003749370574951,2.1963798999786377,0.10978811234235764,0.7862783074378967,29.142221450805664,0.48035669326782227,12.368175506591797,0.7353752851486206,18.224287033081055,0.6788259744644165,-2.974468231201172,-3.277268409729004,0.02005035988986492,0.9321419596672058,1.1782166957855225,0.902306318283081,6.0435028076171875,0.39951837062835693,3.8149657249450684,1.2829551696777344,29.67011070251465,0.2711161673069,509.24066162109375,0.35605576634407043,1327.622314453125,0.15854379534721375,-96.12399291992188,-0.9574913382530212,1585.77783203125,0.1476317048072815,928.0602416992188,0.26463231444358826,-103.6727066040039,-0.8107355237007141,2682.79443359375,0.10057853162288666,912.0734252929688,0.27717188000679016,-106.71562957763672,-0.7632370591163635,-18.416854858398438,-0.3382052779197693,26.617145538330078,0.29854729771614075,0.048705004155635834,0.3523399829864502,-0.018735596910119057,-0.7194619178771973,0.1528722494840622,0.5575889945030212,35.39986801147461,0.2764931917190552,10.307101249694824,0.9110391139984131,21.915149688720703,0.6032394170761108,-1.880232810974121,-4.671553611755371,-13.935968399047852,21.003314971923828,0.041688185185194016,-0.003881982294842601,0.06242141127586365,4.534005165100098,3.5714287757873535,0.14142857491970062,0.14618271589279175,0.1261538416147232,0.10506688803434372,-31.07575798034668,SPEAKER_00,29449.398,29453.38,3.981999999999971,859
27.37630844116211,0.052204132080078125,26.0988826751709,27.41166114807129,28.2091064453125,2.1102237701416016,26.2652645111084,11.419723510742188,14.150864601135254,6.460445880889893,0.39777496457099915,0.4399259388446808,0.25193172693252563,0.379530668258667,0.5381568074226379,0.2862250804901123,5.156336784362793,3.1412909030914307,3.842240333557129,2.1293678283691406,0.13726407289505005,0.5346825122833252,30.875699996948242,0.21933773159980774,18.1552734375,0.6853931546211243,4.689319610595703,3.4493134021759033,0.4205173850059509,31.31136131286621,0.019273757934570312,0.9011387228965759,1.062957525253296,0.7513457536697388,5.651473045349121,0.5492415428161621,4.362288475036621,1.2772902250289917,30.270278930664062,0.296021968126297,534.9426879882812,0.3463067412376404,1406.507568359375,0.12683020532131195,-21.098983764648438,-2.351038932800293,1578.0601806640625,0.17445717751979828,1087.0643310546875,0.25520920753479004,-34.43223190307617,-1.3124701976776123,2623.233642578125,0.11069539189338684,1028.8289794921875,0.33602237701416016,-39.7491340637207,-1.0826945304870605,-19.286163330078125,-0.37220877408981323,28.165857315063477,0.2431470900774002,0.05645047128200531,0.25312161445617676,-0.01947321742773056,-0.5557007789611816,0.14190708100795746,0.5123728513717651,31.292537689208984,0.20945771038532257,17.925294876098633,0.7177649140357971,5.300070285797119,3.133790969848633,1.4054076671600342,9.362470626831055,-19.327383041381836,28.932207107543945,0.058568693697452545,-0.014187270775437355,0.098634734749794,5.732484340667725,2.2727272510528564,0.3928571343421936,0.23590035736560822,0.03400000184774399,0.00800000037997961,-29.758132934570312,SPEAKER_00,36307.358,36310.514,3.1560000000026776,877
27.309865951538086,0.059877343475818634,26.01447868347168,27.32573890686035,28.540924072265625,2.5264453887939453,73.15328979492188,135.48143005371094,18.46944808959961,4.725364685058594,0.41303321719169617,0.37518125772476196,0.2699836790561676,0.40691831707954407,0.5373681783676147,0.26738449931144714,4.431696891784668,1.750565767288208,4.022270202636719,1.5202662944793701,0.14324449002742767,0.49003806710243225,26.211645126342773,0.4837139844894409,21.92742156982422,0.48631271719932556,8.282055854797363,1.9908469915390015,-7.167604446411133,-1.9931024312973022,0.015761174261569977,0.9076005816459656,1.3170291185379028,0.8388341665267944,6.1476240158081055,0.32788220047950745,2.3068630695343018,1.9737306833267212,29.769960403442383,0.28893211483955383,573.0689697265625,0.32260817289352417,1391.125732421875,0.1426714062690735,-41.04176330566406,-1.754290223121643,1678.31103515625,0.15356262028217316,1158.561767578125,0.3385082483291626,-55.84283447265625,-1.148610234260559,2709.05712890625,0.11242163181304932,1043.35888671875,0.3270414471626282,-58.77180862426758,-1.0640110969543457,-20.076194763183594,-0.30685660243034363,27.78288459777832,0.23759996891021729,0.060684602707624435,0.21104370057582855,-0.027537371963262558,-0.4869554042816162,0.15428633987903595,0.4422134757041931,30.06455421447754,0.2449062019586563,21.239757537841797,0.5016219019889832,7.86049747467041,2.1391420364379883,-5.462428569793701,-2.654794692993164,-9.836527824401855,16.674209594726562,0.068236343562603,-0.017009515315294266,0.11155356466770172,6.896552085876465,3.18471360206604,0.2449999898672104,0.16237302124500275,0.0533333346247673,0.030550502240657806,-29.765792846679688,SPEAKER_00,36316.167,36319.373,3.205999999998312,880
27.595441818237305,0.05518098920583725,26.13008689880371,27.822546005249023,28.732250213623047,2.602163314819336,76.52301025390625,128.85784912109375,20.441835403442383,11.246088027954102,0.4083404541015625,0.5294564962387085,0.18168103694915771,0.3670683801174164,0.6303994655609131,0.44871842861175537,6.21505880355835,3.757856845855713,4.5200066566467285,1.5912290811538696,0.13635903596878052,0.6983451247215271,30.436309814453125,0.2950513958930969,15.557433128356934,0.800214946269989,-1.8079513311386108,-6.346707820892334,-6.702538013458252,-1.7481180429458618,0.01382902730256319,1.110280990600586,1.1226985454559326,0.6949048638343811,5.784423828125,0.45400482416152954,1.2807420492172241,3.4314677715301514,29.632844924926758,0.31321340799331665,576.263916015625,0.32817283272743225,1426.6114501953125,0.19071020185947418,-44.019317626953125,-1.7079812288284302,1597.953857421875,0.16156604886054993,1160.2364501953125,0.2498280107975006,-54.86469650268555,-1.2475169897079468,2675.6337890625,0.09120699018239975,976.2545166015625,0.3235107958316803,-61.17397689819336,-1.0697115659713745,-17.6946964263916,-0.4243438243865967,28.43953514099121,0.2848430573940277,0.06252256780862808,0.23872973024845123,-0.019924888387322426,-0.710146963596344,0.14959251880645752,0.65560382604599,31.772977828979492,0.22700342535972595,15.231611251831055,0.8763402700424194,-1.7351181507110596,-6.72280740737915,-4.769576072692871,-2.3653364181518555,-16.029403686523438,25.750097274780273,0.0722593441605568,-0.01665748469531536,0.09681243449449539,4.6753249168396,3.166226863861084,0.2408333271741867,0.16918717324733734,0.059090908616781235,0.03088233806192875,-29.680261611938477,SPEAKER_00,36322.917,36326.782,3.8649999999979627,882
27.833683013916016,0.05258050933480263,26.849260330200195,28.20954132080078,29.000516891479492,2.151256561279297,14.840234756469727,4.869022846221924,5.403220176696777,5.511754035949707,0.46094799041748047,0.38459312915802,0.3012440502643585,0.44053059816360474,0.5889001488685608,0.28765609860420227,6.537879943847656,4.3059000968933105,4.116541862487793,2.795440196990967,0.15535104274749756,0.6368708610534668,27.08310890197754,0.3510676622390747,19.516313552856445,0.6579546928405762,5.129039287567139,3.4198031425476074,-4.5323286056518555,-2.6028103828430176,0.01239807903766632,0.9035112857818604,0.9994494318962097,0.8222417235374451,6.84007453918457,0.3526870608329773,4.771567344665527,1.2647781372070312,29.170644760131836,0.304461270570755,540.0075073242188,0.3199591636657715,1379.707763671875,0.14375852048397064,-40.35248947143555,-1.7628893852233887,1614.314697265625,0.1553644835948944,1105.441162109375,0.32165199518203735,-53.859519958496094,-1.1830565929412842,2657.9306640625,0.10530411452054977,1032.17822265625,0.41542357206344604,-57.21013259887695,-1.085410237312317,-19.35786247253418,-0.389397531747818,27.619152069091797,0.2504018247127533,0.054849669337272644,0.2728363871574402,-0.024334968999028206,-0.5077934265136719,0.17083661258220673,0.6177117824554443,29.556148529052734,0.21521848440170288,19.878883361816406,0.642519474029541,6.472986698150635,2.7602243423461914,-2.372683048248291,-4.758153438568115,-12.387969970703125,19.850387573242188,0.06862938404083252,-0.012636268511414528,0.09829910844564438,5.555555820465088,3.0,0.26222220063209534,0.17190292477607727,0.044999998062849045,0.024186773225665092,-28.403024673461914,SPEAKER_00,36331.439,36334.51,3.0710000000035507,885
27.90801429748535,0.0547315813601017,26.731887817382812,27.470470428466797,28.758529663085938,2.026641845703125,20.530765533447266,16.265419006347656,11.265935897827148,6.312243938446045,0.41697603464126587,0.4735490381717682,0.21053645014762878,0.4279120862483978,0.601696789264679,0.39116033911705017,4.907611846923828,2.432166576385498,3.8657050132751465,2.3127260208129883,0.13623255491256714,0.5644026398658752,27.730396270751953,0.2743927240371704,22.441082000732422,0.5295177698135376,7.875936985015869,2.141294240951538,-8.085761070251465,-1.9352200031280518,0.014579798094928265,0.9692469835281372,1.105263113975525,0.745752215385437,6.798490047454834,0.32250529527664185,2.8308212757110596,2.3351213932037354,29.756303787231445,0.24672827124595642,558.4547119140625,0.32571378350257874,1408.106201171875,0.13450244069099426,-35.020992279052734,-1.9184595346450806,1636.0206298828125,0.17293690145015717,1085.2021484375,0.3004973530769348,-49.302188873291016,-1.2209824323654175,2657.733642578125,0.09804301708936691,935.20166015625,0.3399406373500824,-52.564579010009766,-1.1114590167999268,-19.381059646606445,-0.316371351480484,26.857439041137695,0.23385272920131683,0.05717970430850983,0.31401827931404114,-0.026564529165625572,-0.5676301717758179,0.14977021515369415,0.5024985074996948,28.4161319732666,0.25460246205329895,22.57491683959961,0.5687611699104309,8.868061065673828,2.044487714767456,-7.1726226806640625,-2.1653318405151367,-19.712087631225586,26.749736785888672,0.07776226848363876,-0.019797762855887413,0.07050061970949173,4.863222122192383,2.167182683944702,0.3814285695552826,0.346963495016098,0.07999999821186066,0.07694153487682343,-28.959394454956055,SPEAKER_00,36338.476,36341.783,3.3070000000006985,887
28.283493041992188,0.0615171417593956,26.73804473876953,28.03780174255371,29.805583953857422,3.0675392150878906,33.03422546386719,28.557933807373047,28.603439331054688,42.09265899658203,0.4438813328742981,0.4469830393791199,0.25517037510871887,0.4668840765953064,0.5982356071472168,0.3430652320384979,5.220231533050537,3.232530355453491,4.307210445404053,2.0344836711883545,0.1373964101076126,0.6192572116851807,27.331703186035156,0.31698229908943176,17.698352813720703,0.5919300317764282,12.059917449951172,1.35243821144104,-1.9306138753890991,-6.437182426452637,0.015743307769298553,1.315845251083374,0.9971441626548767,0.8396379947662354,7.184994220733643,0.35196202993392944,2.139014482498169,3.1044728755950928,28.060575485229492,0.29839393496513367,540.8112182617188,0.3306298851966858,1406.567138671875,0.15221671760082245,-35.912132263183594,-1.9707754850387573,1633.568359375,0.13709281384944916,990.9978637695312,0.2953741252422333,-49.730953216552734,-1.2877553701400757,2669.37939453125,0.08881928026676178,998.0997924804688,0.35915613174438477,-52.648040771484375,-1.1909587383270264,-18.53974151611328,-0.29971158504486084,26.10717010498047,0.2612636685371399,0.06171545758843422,0.24121016263961792,-0.020582422614097595,-0.583642303943634,0.14916718006134033,0.5675684809684753,29.175188064575195,0.23548714816570282,17.746694564819336,0.5929191708564758,13.9725341796875,1.172348976135254,-0.4564608037471771,-26.855449676513672,-14.237884521484375,21.67702293395996,0.06812088191509247,-0.01204424723982811,0.08668530732393265,4.148471832275391,1.5452539920806885,0.5314285755157471,0.476967453956604,0.09285713732242584,0.06204014644026756,-28.0012149810791,SPEAKER_00,36350.778,36355.368,4.5900000000037835,891
29.198915481567383,0.06583868712186813,27.653911590576172,28.970691680908203,31.272092819213867,3.6181812286376953,25.447412490844727,16.190107345581055,20.12889862060547,14.94561767578125,0.4700992703437805,0.4354584515094757,0.2855108380317688,0.4674415588378906,0.6673992276191711,0.38188838958740234,5.2165117263793945,2.30989670753479,4.315977573394775,2.070009231567383,0.14716990292072296,0.5553117394447327,29.005327224731445,0.28852546215057373,17.890491485595703,0.7635492086410522,3.9273440837860107,3.6932153701782227,-4.377906322479248,-2.8909239768981934,0.01647794432938099,1.0584434270858765,0.9570440649986267,0.7596262693405151,6.909330368041992,0.406108021736145,4.170398235321045,1.425150752067566,29.07292366027832,0.3198397159576416,567.3939208984375,0.3353080451488495,1352.4490966796875,0.1275116205215454,-29.500112533569336,-2.0077946186065674,1635.973876953125,0.163507342338562,1057.33203125,0.222844660282135,-43.749935150146484,-1.2243050336837769,2683.658447265625,0.10879737883806229,912.3975830078125,0.29196274280548096,-47.61012649536133,-1.0884207487106323,-18.265172958374023,-0.41240739822387695,25.9805965423584,0.28745192289352417,0.06429584324359894,0.255702406167984,-0.023243973031640053,-0.5638989210128784,0.15745189785957336,0.5262426137924194,30.406923294067383,0.2244981825351715,17.196083068847656,0.8136267066001892,3.742438316345215,4.101377964019775,-3.9232516288757324,-3.358765125274658,-15.335542678833008,23.296106338500977,0.06458382308483124,-0.012897658161818981,0.08623971790075302,5.694760799407959,3.002309560775757,0.2807692289352417,0.29108449816703796,0.039000000804662704,0.018138356506824493,-28.328508377075195,SPEAKER_00,36416.708,36421.113,4.404999999998836,915
29.640851974487305,0.0641980841755867,28.36832046508789,29.152751922607422,30.966672897338867,2.5983524322509766,23.693384170532227,12.867027282714844,15.96467113494873,9.795611381530762,0.41018563508987427,0.44149917364120483,0.23783791065216064,0.4112832844257355,0.545619010925293,0.3077811002731323,5.945233345031738,3.7638068199157715,3.348785161972046,1.8736557960510254,0.12214916199445724,0.7835310697555542,25.67789077758789,0.39037758111953735,27.321027755737305,0.4455990493297577,11.957130432128906,1.518963098526001,-0.8579279780387878,-18.6106014251709,0.015060571022331715,2.036792278289795,0.8865350484848022,1.0827893018722534,8.307025909423828,0.32769033312797546,7.911690711975098,1.1265385150909424,31.508636474609375,0.24627475440502167,590.95703125,0.28669804334640503,1387.1512451171875,0.11331665515899658,-40.40092468261719,-1.6097567081451416,1724.5960693359375,0.13945049047470093,1002.7932739257812,0.33727267384529114,-53.72842025756836,-1.0740433931350708,2758.125,0.08448579907417297,965.61669921875,0.41122981905937195,-55.641597747802734,-1.0189261436462402,-21.88968849182129,-0.29603275656700134,29.126609802246094,0.2047354131937027,0.05824147164821625,0.2978909909725189,-0.021524781361222267,-0.7785717844963074,0.1331639438867569,0.7722755670547485,27.135257720947266,0.3282654285430908,27.95089340209961,0.4488714337348938,13.196980476379395,1.4481520652770996,0.6618468165397644,24.835214614868164,-16.507593154907227,23.86022186279297,0.06318496912717819,-0.015101294033229351,0.07348605245351791,4.308390140533447,2.752293586730957,0.2966666519641876,0.36686357855796814,0.044999998062849045,0.02020725980401039,-27.9207820892334,SPEAKER_00,36422.733,36427.154,4.4210000000020955,916
29.656871795654297,0.10743765532970428,28.008338928222656,29.6059513092041,31.39874267578125,3.3904037475585938,80.70970916748047,106.81391906738281,167.6112518310547,248.4940643310547,0.42605453729629517,0.4860154688358307,0.1955110877752304,0.42004770040512085,0.6006057262420654,0.40509462356567383,4.9588236808776855,4.297343730926514,2.6318652629852295,0.9522725939750671,0.13482479751110077,0.6955139636993408,27.948816299438477,0.3865871727466583,22.42085075378418,0.5161755681037903,6.022507667541504,3.253143548965454,-9.724611282348633,-1.8879141807556152,0.01896386407315731,3.4505834579467773,0.7923272252082825,0.8600041270256042,8.170382499694824,0.3093608319759369,1.9092762470245361,7.829367160797119,27.00536346435547,0.526829719543457,595.8109741210938,0.32418307662010193,1355.6102294921875,0.14453226327896118,-61.780784606933594,-1.3687448501586914,1685.55126953125,0.1752280443906784,1024.9134521484375,0.34025466442108154,-71.2622299194336,-1.059139370918274,2741.376220703125,0.09755708277225494,909.0533447265625,0.31166908144950867,-73.62674713134766,-0.9998553395271301,-19.707860946655273,-0.3906524181365967,27.838563919067383,0.2633174955844879,0.06419728696346283,0.2682262361049652,-0.026787282899022102,-0.708759069442749,0.1564071774482727,0.6346389651298523,30.34322166442871,0.28556403517723083,21.428810119628906,0.5607055425643921,5.936569690704346,3.6771953105926514,-9.042890548706055,-2.1743602752685547,-18.467639923095703,25.94487190246582,0.06920631229877472,-0.016627272590994835,0.08115679770708084,3.005464553833008,2.222222328186035,0.3199999928474426,0.21354156732559204,0.12428571283817291,0.09084636718034744,-27.996801376342773,SPEAKER_00,36434.393,36438.072,3.6790000000037253,919
28.664981842041016,0.05754832923412323,27.35348129272461,28.63163948059082,30.108219146728516,2.7547378540039062,73.83831787109375,131.11306762695312,25.750097274780273,12.21430492401123,0.42357152700424194,0.524691104888916,0.16746532917022705,0.41907891631126404,0.6255984902381897,0.45813316106796265,4.390686511993408,1.974460482597351,4.7241387367248535,2.4878828525543213,0.1442158967256546,0.6949820518493652,26.905961990356445,0.4256327450275421,18.043302536010742,0.6762300133705139,2.8501763343811035,4.589406967163086,-3.217646360397339,-4.329894542694092,0.01224791444838047,1.1010937690734863,0.9582583904266357,0.7509886026382446,6.86093807220459,0.39550459384918213,1.6327534914016724,5.167757034301758,28.35141944885254,0.3327670991420746,585.644775390625,0.3430112600326538,1364.85546875,0.1275879293680191,-55.01211166381836,-1.502596139907837,1622.78369140625,0.16236937046051025,1116.7789306640625,0.28500688076019287,-65.83452606201172,-1.1374253034591675,2662.292724609375,0.1004410907626152,974.9548950195312,0.32403644919395447,-69.9909896850586,-1.0357013940811157,-18.854108810424805,-0.39959749579429626,26.77423667907715,0.24782519042491913,0.06582684069871902,0.2347715198993683,-0.022890063002705574,-0.5462179183959961,0.1782124936580658,0.5612258911132812,30.581510543823242,0.22399921715259552,17.56022071838379,0.7588576674461365,2.47145676612854,5.62153959274292,-2.880326271057129,-5.1904730796813965,-13.797865867614746,22.91387367248535,0.056775499135255814,-0.0012971613323315978,0.05595910921692848,5.228758335113525,2.3333332538604736,0.3100000023841858,0.2592296302318573,0.0957142785191536,0.0989743322134018,-28.658206939697266,SPEAKER_00,36442.342,36445.413,3.0710000000035507,921
29.682785034179688,0.04081111028790474,28.725238800048828,29.875476837158203,30.62007713317871,1.8948383331298828,77.70074462890625,103.6443862915039,24.418415069580078,16.607646942138672,0.42907705903053284,0.480425626039505,0.24528275430202484,0.40391457080841064,0.5904164910316467,0.3451337218284607,4.351752281188965,1.9326131343841553,4.745019435882568,1.9477072954177856,0.1348240077495575,0.6855940222740173,24.61427879333496,0.5611729621887207,20.313966751098633,0.47791483998298645,2.450976848602295,4.6258111000061035,-3.7511446475982666,-3.5400779247283936,0.016646835952997208,0.9557461738586426,0.9693167209625244,0.7730071544647217,7.1908488273620605,0.37206071615219116,3.2482478618621826,1.9901906251907349,29.883684158325195,0.23407082259655,542.4392700195312,0.33068954944610596,1346.82861328125,0.10880652815103531,-59.73466873168945,-1.4028598070144653,1581.7003173828125,0.15348933637142181,1052.22998046875,0.20816859602928162,-69.34636688232422,-1.0938085317611694,2657.27685546875,0.0937580093741417,987.19287109375,0.5533013343811035,-75.98461151123047,-0.9437448978424072,-17.235122680664062,-0.31623977422714233,27.458995819091797,0.22390156984329224,0.062178824096918106,0.2433234304189682,-0.016088351607322693,-0.7177765369415283,0.153028205037117,0.635863721370697,29.19105339050293,0.2574210464954376,17.82307243347168,0.47779011726379395,1.2760895490646362,9.085437774658203,-0.2550061345100403,-48.68810272216797,-11.763151168823242,16.94404411315918,0.06334055960178375,-0.01446035597473383,0.0951787531375885,4.5751633644104,2.6755852699279785,0.26249998807907104,0.1615356057882309,0.09999999403953552,0.07250615954399109,-29.34756851196289,SPEAKER_00,36455.875,36458.947,3.0720000000001164,926
29.387226104736328,0.07419251650571823,27.27369499206543,29.636510848999023,31.1772403717041,3.903545379638672,51.76866149902344,61.59849166870117,20.19659996032715,9.151875495910645,0.4338779151439667,0.4132978618144989,0.26097846031188965,0.44187289476394653,0.5891650319099426,0.328186571598053,4.179397106170654,2.074125289916992,4.5984673500061035,1.9049619436264038,0.1413222998380661,0.6112023591995239,22.557374954223633,0.6751412153244019,21.205698013305664,0.5219487547874451,12.621231079101562,1.086341142654419,-0.09996918588876724,-168.60755920410156,0.017114534974098206,0.8295535445213318,1.1596126556396484,0.8440256118774414,6.953579425811768,0.38419458270072937,2.8342156410217285,2.6406123638153076,27.627174377441406,0.24752235412597656,498.95098876953125,0.30775704979896545,1318.58740234375,0.1298227459192276,-45.52912521362305,-1.69894540309906,1589.071044921875,0.13482969999313354,957.8587646484375,0.3240083158016205,-59.39902877807617,-1.151901364326477,2594.158447265625,0.09042172133922577,954.5227661132812,0.3120380640029907,-61.53774642944336,-1.0933291912078857,-17.812755584716797,-0.28831684589385986,24.336057662963867,0.2876773178577423,0.06538665294647217,0.2325827181339264,-0.019823065027594566,-0.8253075480461121,0.1612188220024109,0.5265190601348877,26.860382080078125,0.3727853298187256,19.069400787353516,0.5536330938339233,14.374727249145508,0.9644622206687927,1.7712337970733643,9.557469367980957,-7.925311088562012,12.559741973876953,0.060463160276412964,-0.007981903851032257,0.06956789642572403,4.726367950439453,2.020202159881592,0.38374999165534973,0.1684441715478897,0.10285714268684387,0.06064281240105629,-28.952497482299805,SPEAKER_00,36464.515,36468.548,4.033000000003085,929
27.76665496826172,0.05570794641971588,26.531583786010742,27.74996566772461,29.27802276611328,2.746438980102539,73.25936889648438,117.07010650634766,21.961091995239258,8.882965087890625,0.41965118050575256,0.3857680559158325,0.2986030578613281,0.4149869382381439,0.5610150694847107,0.26241201162338257,5.08181619644165,2.340182304382324,2.9353063106536865,1.1719911098480225,0.13736487925052643,0.47277674078941345,26.836978912353516,0.4978470504283905,21.992265701293945,0.5312564373016357,8.014718055725098,1.6744511127471924,-6.974087715148926,-2.213848352432251,0.016696354374289513,0.7890196442604065,1.0847606658935547,0.7728562951087952,6.482911109924316,0.3820384442806244,4.095437526702881,1.6058623790740967,31.840896606445312,0.28235504031181335,588.7238159179688,0.29543837904930115,1413.9141845703125,0.1282835602760315,-35.67287826538086,-1.8739041090011597,1670.282958984375,0.1473693549633026,1101.669189453125,0.21919669210910797,-51.4101676940918,-1.1741257905960083,2733.512451171875,0.10961189866065979,974.4720458984375,0.3448282480239868,-54.7978515625,-1.0711733102798462,-20.498554229736328,-0.3564680814743042,27.839143753051758,0.2686766982078552,0.0588320828974247,0.27583786845207214,-0.024005062878131866,-0.5860369801521301,0.14532485604286194,0.4584091305732727,30.959897994995117,0.22921477258205414,21.036100387573242,0.5749475359916687,7.507633209228516,1.776422142982483,-5.848886013031006,-2.661613941192627,-6.159796714782715,10.41016674041748,0.056876473128795624,-0.009804733097553253,0.10922733694314957,6.514657974243164,1.9933555126190186,0.41499999165534973,0.4945620894432068,0.06666666269302368,0.029249882325530052,-29.18239402770996,SPEAKER_00,36480.58,36483.668,3.0879999999961,935
29.61656951904297,0.06664355099201202,27.960914611816406,29.640560150146484,31.246784210205078,3.285869598388672,35.73973846435547,25.536951065063477,25.81133270263672,17.112060546875,0.41908055543899536,0.5656821727752686,0.17711710929870605,0.4105764627456665,0.6028726100921631,0.42575550079345703,6.445403099060059,3.8115227222442627,5.150993347167969,3.0078792572021484,0.1438567340373993,0.7651721835136414,28.006120681762695,0.3257046937942505,15.660540580749512,0.8041195869445801,7.176644325256348,2.034750461578369,-2.3291850090026855,-5.890926837921143,0.017482280731201172,1.1453251838684082,1.002585530281067,0.9046786427497864,6.839366436004639,0.4053013324737549,3.1114695072174072,2.1940817832946777,28.22783088684082,0.33292216062545776,565.0104370117188,0.31488218903541565,1355.873291015625,0.12922018766403198,-57.096763610839844,-1.4202897548675537,1642.804931640625,0.15144358575344086,1074.7259521484375,0.3122527301311493,-68.49009704589844,-1.0706466436386108,2645.138671875,0.09963692724704742,983.8057250976562,0.33504384756088257,-71.073486328125,-1.009637713432312,-18.700607299804688,-0.4065503478050232,26.469654083251953,0.29351043701171875,0.06513365358114243,0.2750283479690552,-0.021755719557404518,-0.5788862705230713,0.17052946984767914,0.6460472345352173,30.454402923583984,0.2430279701948166,16.51915740966797,0.8057469129562378,9.067415237426758,1.6559165716171265,-0.7097589373588562,-19.992834091186523,-13.638931274414062,22.2745304107666,0.0684572160243988,-0.007668249309062958,0.07106515765190125,4.34782600402832,2.9919447898864746,0.23769229650497437,0.21773850917816162,0.08434782922267914,0.0790611281991005,-28.465923309326172,SPEAKER_00,36489.71,36498.468,8.75800000000163,938
28.495223999023438,0.07011155039072037,26.4240665435791,28.879619598388672,30.0939884185791,3.669921875,53.636844635009766,53.3559455871582,24.221179962158203,15.301112174987793,0.3865119516849518,0.4560706615447998,0.22836482524871826,0.35970520973205566,0.5550654530525208,0.3267006278038025,4.903733253479004,3.016702175140381,4.245952129364014,1.9913452863693237,0.13933414220809937,0.6124699711799622,24.825151443481445,0.6064805388450623,23.237106323242188,0.5144779682159424,5.372308254241943,2.3083128929138184,0.20527687668800354,55.89214324951172,0.02371601015329361,1.3102632761001587,1.2077927589416504,0.6363366842269897,6.073401927947998,0.469568133354187,2.4825055599212646,2.192166566848755,31.456472396850586,0.2514575123786926,524.5845947265625,0.3174218237400055,1401.871826171875,0.140495166182518,-52.49953079223633,-1.5007528066635132,1582.0584716796875,0.15509817004203796,1117.3714599609375,0.3286623954772949,-66.41035461425781,-1.058485746383667,2651.225341796875,0.0911141186952591,993.1768798828125,0.32953643798828125,-70.09607696533203,-0.9687608480453491,-20.170148849487305,-0.34517234563827515,28.68447494506836,0.2346532791852951,0.06439943611621857,0.20107142627239227,-0.019403936341404915,-0.6460714936256409,0.15714988112449646,0.5642151236534119,30.666847229003906,0.25476008653640747,21.380956649780273,0.5540193915367126,6.479812145233154,2.058774471282959,1.8111588954925537,6.892879009246826,-8.813597679138184,13.995157241821289,0.07202047109603882,-0.006304513197392225,0.08915755897760391,6.25,3.3557047843933105,0.2160000056028366,0.14987993240356445,0.07625000178813934,0.026427967473864555,-29.485145568847656,SPEAKER_00,36505.69,36508.745,3.055000000000291,941
29.390180587768555,0.05494522675871849,27.685964584350586,29.437366485595703,31.017845153808594,3.331880569458008,52.1035041809082,91.5939712524414,37.62142562866211,85.32066345214844,0.44394341111183167,0.448692262172699,0.24458420276641846,0.4587816298007965,0.5911396145820618,0.3465554118156433,5.250025749206543,2.7121121883392334,4.511980056762695,2.7704970836639404,0.1362469345331192,0.6331121325492859,26.909997940063477,0.36580681800842285,16.854724884033203,0.7383390069007874,12.849710464477539,1.3077844381332397,1.0232654809951782,9.820304870605469,0.013330546207726002,1.0461959838867188,1.1098291873931885,0.8383123278617859,7.572287559509277,0.32460567355155945,3.83628511428833,1.957406759262085,26.69875717163086,0.3644004166126251,506.4712829589844,0.3406122922897339,1353.8148193359375,0.14183078706264496,-24.348831176757812,-2.3577730655670166,1605.29052734375,0.13089756667613983,976.1832275390625,0.3290073573589325,-39.582183837890625,-1.300148606300354,2613.74560546875,0.09893407672643661,1040.9818115234375,0.3283652365207672,-42.051902770996094,-1.200380802154541,-17.52112579345703,-0.37587669491767883,24.806049346923828,0.3057047426700592,0.06397763639688492,0.256887823343277,-0.01797974668443203,-0.5548473000526428,0.14401671290397644,0.609252393245697,28.373218536376953,0.2877327501773834,15.827351570129395,0.7744817733764648,13.260223388671875,1.3157891035079956,1.635858416557312,6.131711959838867,-14.644631385803223,22.189748764038086,0.06800158321857452,-0.00554141029715538,0.07434477657079697,4.735883712768555,1.841620683670044,0.47599998116493225,0.33398205041885376,0.05111110955476761,0.031426966190338135,-28.725072860717773,SPEAKER_00,36555.522,36561.023,5.501000000003842,960
30.0760498046875,0.06377417594194412,28.324867248535156,30.4189453125,31.63114356994629,3.306276321411133,48.18556594848633,58.747867584228516,23.11831283569336,8.373038291931152,0.4710145592689514,0.4302240312099457,0.30712229013442993,0.45154744386672974,0.6510611772537231,0.3439388871192932,6.409398555755615,4.126885414123535,5.889517307281494,2.676934242248535,0.16411864757537842,0.6973376870155334,25.51035499572754,0.5411121845245361,15.84564208984375,0.8197875618934631,4.35020112991333,2.6492433547973633,-5.508957386016846,-2.5198140144348145,0.016275811940431595,0.9579087495803833,1.3214653730392456,0.7634015679359436,6.505494594573975,0.48268353939056396,1.8194701671600342,3.468141555786133,26.96112823486328,0.31409966945648193,536.0767211914062,0.32636550068855286,1369.901123046875,0.1268056333065033,-39.604156494140625,-1.7742267847061157,1575.191162109375,0.15538553893566132,1094.3232421875,0.22040119767189026,-51.367027282714844,-1.23063063621521,2623.250732421875,0.10085581988096237,922.4932250976562,0.3119012415409088,-56.63228988647461,-1.070322036743164,-17.128376007080078,-0.3542722761631012,25.400249481201172,0.267100065946579,0.06758343428373337,0.1858062893152237,-0.02078728936612606,-0.606833815574646,0.18036320805549622,0.661018967628479,30.231895446777344,0.2563392221927643,13.97132682800293,0.8757898807525635,3.492201805114746,3.409604787826538,-4.37664270401001,-3.1802871227264404,-7.118826866149902,12.782222747802734,0.06501904875040054,-0.00971628725528717,0.09774547815322876,5.670103073120117,2.610966205596924,0.3070000112056732,0.2681809067726135,0.05400000140070915,0.02457641065120697,-28.55756187438965,SPEAKER_00,36562.205,36566.103,3.8980000000010477,961
28.037458419799805,0.06552999466657639,26.369840621948242,28.033843994140625,29.76980209350586,3.399961471557617,48.682823181152344,60.4896125793457,23.822784423828125,10.768170356750488,0.41508790850639343,0.3679027259349823,0.2883574664592743,0.4177597463130951,0.5344405174255371,0.24608305096626282,4.120327949523926,1.8384287357330322,3.0876004695892334,1.397034764289856,0.13828617334365845,0.48980212211608887,27.935043334960938,0.42216140031814575,21.9477596282959,0.557607114315033,7.982210636138916,2.0377659797668457,-7.2360453605651855,-1.9095386266708374,0.019309941679239273,1.3072257041931152,0.9589133858680725,0.814727783203125,6.628880977630615,0.37098562717437744,1.5717514753341675,4.062275409698486,29.928760528564453,0.2436729222536087,558.8707275390625,0.3354591727256775,1409.611328125,0.14259064197540283,-39.260398864746094,-1.8100860118865967,1633.7344970703125,0.16041213274002075,1185.4317626953125,0.2626558840274811,-54.677528381347656,-1.1514182090759277,2668.76123046875,0.09284146875143051,922.5731201171875,0.29152339696884155,-57.76987075805664,-1.0590734481811523,-19.49251937866211,-0.33945536613464355,27.635784149169922,0.2527260482311249,0.06110064685344696,0.24030381441116333,-0.023600604385137558,-0.5332908630371094,0.14824321866035461,0.4699363112449646,30.843673706054688,0.25352442264556885,21.005041122436523,0.5992607474327087,8.229750633239746,2.0935466289520264,-5.494287490844727,-2.492753028869629,-12.573501586914062,19.875598907470703,0.06641331315040588,-0.012330879457294941,0.10057869553565979,5.070422649383545,2.0,0.4042856991291046,0.2715488374233246,0.06499999761581421,0.029999999329447746,-29.541147232055664,SPEAKER_00,36596.461,36600.022,3.5609999999942374,971
29.04360580444336,0.06488953530788422,27.092975616455078,29.25629425048828,30.502079010009766,3.4091033935546875,89.8834457397461,147.87060546875,19.752479553222656,12.327665328979492,0.46356186270713806,0.4212026000022888,0.28552737832069397,0.47834616899490356,0.6072576642036438,0.32173028588294983,5.168501377105713,2.7982935905456543,3.4336323738098145,2.2691798210144043,0.12912136316299438,0.5613536834716797,25.837976455688477,0.46646854281425476,17.601764678955078,0.7430581450462341,11.045466423034668,1.6037499904632568,-0.03585217520594597,-358.0094909667969,0.011559007689356804,0.760341465473175,0.9728891253471375,0.8265872597694397,7.565600872039795,0.2918708622455597,3.4314770698547363,1.8956828117370605,26.87305450439453,0.320033997297287,517.081787109375,0.3110371232032776,1346.7257080078125,0.1351676732301712,-28.85357666015625,-2.1135709285736084,1611.46630859375,0.14234811067581177,1035.4404296875,0.29580751061439514,-43.28185272216797,-1.278733253479004,2614.169677734375,0.09366288781166077,1020.7340698242188,0.35988742113113403,-46.976192474365234,-1.1419516801834106,-17.58018684387207,-0.39236757159233093,24.898244857788086,0.2447933405637741,0.061406005173921585,0.194374680519104,-0.01945328153669834,-0.552675187587738,0.13820898532867432,0.5231065154075623,28.95828628540039,0.24980410933494568,16.084299087524414,0.8016233444213867,12.671735763549805,1.4386541843414307,1.4291489124298096,9.012218475341797,-7.455309867858887,12.167198181152344,0.06899948418140411,-0.012296952307224274,0.08031928539276123,4.761904716491699,2.1212122440338135,0.40285712480545044,0.37878429889678955,0.048571426421403885,0.03719775751233101,-28.846481323242188,SPEAKER_00,36635.408,36638.783,3.375,985
28.467514038085938,0.07205551862716675,26.531755447387695,28.83544921875,29.870441436767578,3.338685989379883,134.88906860351562,189.08734130859375,13.512261390686035,10.13253116607666,0.4081335961818695,0.4996241629123688,0.24891993403434753,0.3962790369987488,0.5050731897354126,0.25615325570106506,5.210836410522461,4.011465072631836,3.2992966175079346,2.2089426517486572,0.1443260908126831,0.5782321691513062,26.52532958984375,0.5134688019752502,25.163593292236328,0.5468213558197021,5.437180042266846,2.7319881916046143,-5.620676517486572,-2.5084097385406494,0.01674528606235981,0.8261829018592834,1.1694446802139282,0.7348969578742981,6.476443290710449,0.4324173331260681,3.9855830669403076,2.0414154529571533,32.204463958740234,0.30764278769493103,617.6228637695312,0.3246314525604248,1367.0211181640625,0.17413458228111267,-48.51201629638672,-1.5153521299362183,1740.4715576171875,0.16484202444553375,1154.98046875,0.32068851590156555,-63.335838317871094,-1.03633713722229,2756.32470703125,0.10725639760494232,905.6973876953125,0.2757386267185211,-64.84358215332031,-0.9947856664657593,-22.01992416381836,-0.39731869101524353,29.58003044128418,0.27424371242523193,0.05860879272222519,0.31197667121887207,-0.025746691972017288,-0.6186579465866089,0.15822665393352509,0.5226315855979919,30.485647201538086,0.2729599177837372,24.585813522338867,0.5727694034576416,6.793283462524414,2.2816731929779053,-4.127406120300293,-3.5768377780914307,-10.94312858581543,17.324996948242188,0.07264304906129837,-0.018090547993779182,0.0945139154791832,4.1666669845581055,2.816901683807373,0.27166664600372314,0.27233046293258667,0.07499999552965164,0.029068881645798683,-28.692352294921875,SPEAKER_00,36642.496,36646.833,4.336999999999534,988
29.431228637695312,0.07777034491300583,27.48491096496582,29.05999755859375,31.42817497253418,3.9432640075683594,74.29936981201172,103.47180938720703,13.194559097290039,10.110760688781738,0.41149184107780457,0.44578105211257935,0.24434538185596466,0.4096217453479767,0.5590654611587524,0.314720094203949,5.234845161437988,2.5402002334594727,3.7710399627685547,1.7556191682815552,0.1513073593378067,0.6147680878639221,22.458694458007812,0.6963492631912231,22.90260124206543,0.5011751651763916,10.77134895324707,1.361325979232788,-5.3566484451293945,-2.397719383239746,0.01930266059935093,1.0084388256072998,1.1869474649429321,0.8129188418388367,6.7045578956604,0.3464984893798828,3.877472162246704,1.9321739673614502,30.204509735107422,0.25247922539711,584.8253173828125,0.3356701731681824,1330.1773681640625,0.13923576474189758,-66.43726348876953,-1.2559162378311157,1652.365478515625,0.15734338760375977,1079.8399658203125,0.2984262704849243,-77.29109954833984,-0.9762428998947144,2689.419677734375,0.10310117155313492,926.3549194335938,0.3902106285095215,-79.70703887939453,-0.9247509241104126,-18.29722023010254,-0.35602033138275146,26.544509887695312,0.2831341028213501,0.0631101131439209,0.2674340009689331,-0.020540772005915642,-0.6578096151351929,0.17654018104076385,0.5458407998085022,29.07908058166504,0.3320234417915344,19.879152297973633,0.5053885579109192,9.669788360595703,1.5586512088775635,-4.712470531463623,-2.9862465858459473,-9.655207633972168,15.364165306091309,0.06007697060704231,-0.005377667024731636,0.10105376690626144,5.621302127838135,3.3333334922790527,0.19999998807907104,0.14466261863708496,0.0860000029206276,0.05695612356066704,-29.158103942871094,SPEAKER_00,36662.78,36666.172,3.3919999999998254,995
31.248022079467773,0.06916344910860062,29.733400344848633,31.5396728515625,32.357093811035156,2.6236934661865234,66.65213012695312,110.96141052246094,60.33406066894531,104.49908447265625,0.5154573321342468,0.4715587794780731,0.2952573895454407,0.4971609115600586,0.7215531468391418,0.42629575729370117,6.025167942047119,1.9553391933441162,5.594168186187744,2.126631736755371,0.17744362354278564,0.5767087936401367,27.37899398803711,0.33874666690826416,16.287181854248047,0.8080713152885437,6.571571350097656,2.447173595428467,2.8021292686462402,4.679671764373779,0.01573931984603405,1.296912670135498,1.0572260618209839,0.718049943447113,8.045062065124512,0.30758631229400635,6.165277481079102,1.0780457258224487,27.80447769165039,0.32732024788856506,549.31787109375,0.3799101412296295,1378.458740234375,0.15356844663619995,-31.9305419921875,-1.9627631902694702,1611.2528076171875,0.1704738289117813,1053.720947265625,0.3315257132053375,-44.72462844848633,-1.2258784770965576,2659.178955078125,0.11005944758653641,989.8330078125,0.3214501142501831,-48.899227142333984,-1.0785270929336548,-17.49076271057129,-0.39736834168434143,26.465343475341797,0.2788999378681183,0.06442609429359436,0.24495181441307068,-0.01691117323935032,-0.7348331212997437,0.18679866194725037,0.5571476221084595,28.751911163330078,0.26142632961273193,15.997385025024414,0.816213071346283,5.365008354187012,3.0056843757629395,4.08087158203125,3.1528704166412354,-12.488178253173828,18.97930145263672,0.07475068420171738,-0.012292243540287018,0.13148534297943115,5.597964763641357,2.583979368209839,0.3279999792575836,0.24632497131824493,0.061666663736104965,0.04374801367521286,-27.128416061401367,SPEAKER_00,36669.563,36673.512,3.949000000000524,997
30.80446434020996,0.06997115910053253,28.132022857666016,31.301786422729492,32.45884323120117,4.326820373535156,31.219242095947266,31.743717193603516,22.151887893676758,15.607970237731934,0.45821747183799744,0.3651134669780731,0.31741178035736084,0.47381824254989624,0.5918756127357483,0.27446383237838745,5.190099716186523,3.374357223510742,4.305097579956055,2.9498178958892822,0.13572542369365692,0.5693274140357971,28.401700973510742,0.35887905955314636,19.722328186035156,0.608721137046814,10.844956398010254,1.268466591835022,-0.85488361120224,-17.240081787109375,0.013292732648551464,1.161408543586731,0.8992825150489807,0.767008364200592,8.643481254577637,0.31085681915283203,6.387248992919922,0.838703453540802,30.168058395385742,0.23477484285831451,509.7801513671875,0.3217726945877075,1375.5736083984375,0.12482095509767532,-24.93811798095703,-2.257551670074463,1584.212158203125,0.1541415899991989,1039.9658203125,0.3037475645542145,-41.246822357177734,-1.212661862373352,2633.801025390625,0.09470733255147934,921.287353515625,0.31450986862182617,-45.50613021850586,-1.0564520359039307,-19.025583267211914,-0.30374646186828613,26.355745315551758,0.2441249042749405,0.06667561829090118,0.19793272018432617,-0.019465021789073944,-0.6962150931358337,0.14082910120487213,0.5717149972915649,30.096885681152344,0.21868303418159485,18.19741439819336,0.6435494422912598,10.534233093261719,1.3351081609725952,-0.49310994148254395,-31.003042221069336,-14.435762405395508,20.638492584228516,0.06153916195034981,-0.009908835403621197,0.10841989517211914,5.660377502441406,2.5641026496887207,0.3387500047683716,0.3849817216396332,0.057499997317790985,0.030310887843370438,-28.15299415588379,SPEAKER_00,36686.185,36689.375,3.1900000000023283,1003
29.064395904541016,0.055532071739435196,27.52726936340332,28.784530639648438,30.699495315551758,3.1722259521484375,84.82759857177734,190.10028076171875,16.98170280456543,8.624709129333496,0.45017462968826294,0.44726601243019104,0.27827560901641846,0.42014279961586,0.6124547123908997,0.3341791033744812,5.2632951736450195,3.336019992828369,2.5065133571624756,1.1022602319717407,0.14044088125228882,0.713452160358429,24.311113357543945,0.4839446246623993,21.127605438232422,0.5644662380218506,7.51432991027832,1.8105249404907227,-4.407675266265869,-3.007329225540161,0.013943160884082317,0.9492697715759277,0.9956526160240173,0.7747514247894287,7.1252617835998535,0.371286004781723,5.244184970855713,1.1402807235717773,30.74196434020996,0.25411248207092285,609.4884643554688,0.29748135805130005,1398.216552734375,0.1290583312511444,-44.75736618041992,-1.5639959573745728,1685.1873779296875,0.14301873743534088,1055.911376953125,0.30585646629333496,-56.25673294067383,-1.1341665983200073,2737.529541015625,0.08474186807870865,952.166015625,0.33392253518104553,-60.093048095703125,-1.025185465812683,-18.011960983276367,-0.41033923625946045,25.921859741210938,0.30284199118614197,0.058501243591308594,0.3161318302154541,-0.01868445612490177,-0.7470235824584961,0.15651176869869232,0.6531984210014343,27.42633056640625,0.3505703806877136,21.206716537475586,0.5894379019737244,7.531230926513672,1.990498423576355,-3.1624679565429688,-4.392760276794434,-11.197443962097168,17.71796989440918,0.07681293040513992,-0.005481130443513393,0.07860450446605682,4.075235366821289,3.1948883533477783,0.24399998784065247,0.20601941645145416,0.0533333346247673,0.040824826806783676,-28.220212936401367,SPEAKER_00,36714.907,36718.113,3.205999999998312,1014
30.172212600708008,0.09971823543310165,27.513750076293945,29.757614135742188,32.944480895996094,5.430730819702148,97.42718505859375,136.18527221679688,31.28009033203125,19.494150161743164,0.4345785081386566,0.4486510753631592,0.24532343447208405,0.42158421874046326,0.5942462086677551,0.3489227890968323,5.169632911682129,3.325739622116089,5.635260581970215,3.6812744140625,0.13479149341583252,0.6579698920249939,23.29045295715332,0.5262768864631653,21.624237060546875,0.47424739599227905,8.366527557373047,2.315001964569092,-6.834626197814941,-2.019559860229492,0.023715104907751083,1.4692109823226929,0.9851154685020447,0.8434509038925171,6.797821998596191,0.4887233078479767,4.931658744812012,1.4802731275558472,26.99470329284668,0.29279059171676636,560.6429443359375,0.33471035957336426,1364.870849609375,0.1446339190006256,-51.109519958496094,-1.5236737728118896,1650.070556640625,0.15307281911373138,1028.5323486328125,0.3280303478240967,-61.416683197021484,-1.1153916120529175,2683.701904296875,0.08809240162372589,909.2294921875,0.346824049949646,-63.30152893066406,-1.0627822875976562,-17.571197509765625,-0.37158432602882385,24.83231544494629,0.2991238236427307,0.06308041512966156,0.28433147072792053,-0.02116808481514454,-0.6555033922195435,0.14648780226707458,0.6255305409431458,25.404041290283203,0.40853598713874817,20.93833351135254,0.5029007196426392,9.314055442810059,2.249985456466675,-5.021276950836182,-2.8108327388763428,-11.657692909240723,17.939014434814453,0.06443634629249573,-0.011254843324422836,0.09766588360071182,4.883227348327637,2.5751073360443115,0.29499998688697815,0.328646183013916,0.07727272063493729,0.10136261582374573,-28.967670440673828,SPEAKER_00,36721.876,36726.601,4.725000000005821,1016
30.446870803833008,0.10532926768064499,28.80341339111328,30.36058807373047,32.287193298339844,3.4837799072265625,42.03900909423828,66.23502349853516,14.749900817871094,8.823391914367676,0.5073951482772827,0.5456750392913818,0.21159251034259796,0.4997890591621399,0.7480894923210144,0.5364969968795776,7.735363483428955,3.7642338275909424,6.061822891235352,2.1329541206359863,0.18350139260292053,0.8248626589775085,25.907758712768555,0.29698446393013,14.034640312194824,0.9188210368156433,0.6907799243927002,23.97020149230957,-3.7942521572113037,-3.8162713050842285,0.017230113968253136,1.201013207435608,1.2207822799682617,0.7023942470550537,6.654503345489502,0.47585251927375793,2.353463888168335,2.8511643409729004,22.824127197265625,0.35670891404151917,534.6085815429688,0.35986337065696716,1321.5074462890625,0.1467398852109909,-45.34461212158203,-1.6385101079940796,1602.7548828125,0.18776047229766846,1015.6784057617188,0.3125777542591095,-55.41019821166992,-1.2356677055358887,2620.644287109375,0.10566487163305283,922.2398681640625,0.3647719919681549,-58.900779724121094,-1.1313408613204956,-15.625840187072754,-0.4182993471622467,23.23167610168457,0.27766793966293335,0.06728877872228622,0.23979423940181732,-0.020914331078529358,-0.6456001400947571,0.21237273514270782,0.7727411389350891,26.960996627807617,0.24761314690113068,12.749223709106445,1.0589933395385742,2.5525519847869873,6.8155598640441895,-2.380676746368408,-6.10986852645874,-15.381574630737305,25.224628448486328,0.06919895857572556,-0.01277528703212738,0.08456522226333618,4.644808769226074,3.047091484069824,0.25090909004211426,0.19920086860656738,0.051666662096977234,0.03210226818919182,-27.582197189331055,SPEAKER_00,36738.65,36742.328,3.6779999999998836,1021
28.564619064331055,0.06323892623186111,27.164630889892578,28.281370162963867,30.129283905029297,2.9646530151367188,63.17799377441406,91.6037368774414,13.787070274353027,6.566982746124268,0.3867393136024475,0.48267555236816406,0.17723774909973145,0.39812129735946655,0.5447744131088257,0.36753666400909424,5.3594231605529785,3.2715542316436768,4.239533424377441,2.857717514038086,0.1380963921546936,0.743607223033905,24.00090789794922,0.49340859055519104,22.652740478515625,0.5013841986656189,13.066376686096191,1.0067945718765259,-6.4686102867126465,-2.6294281482696533,0.013052735477685928,0.7927041053771973,1.0528597831726074,0.8648079037666321,7.053714275360107,0.37139692902565,4.34002685546875,1.805904507637024,28.00349998474121,0.319039523601532,584.4125366210938,0.3486641049385071,1339.162841796875,0.16534337401390076,-70.57108306884766,-1.2446720600128174,1719.295166015625,0.167387455701828,1029.448974609375,0.36966970562934875,-83.29277801513672,-0.937663197517395,2697.274169921875,0.10215649753808975,902.17333984375,0.3677634298801422,-82.4774169921875,-0.9527128338813782,-20.388694763183594,-0.34423360228538513,25.569339752197266,0.2669072449207306,0.05773782357573509,0.29097864031791687,-0.025470932945609093,-0.836076021194458,0.1676904261112213,0.6120248436927795,27.7703800201416,0.31249433755874634,23.675857543945312,0.5093691945075989,16.58350372314453,0.6945611238479614,-3.9245715141296387,-4.776305198669434,-13.876076698303223,21.218826293945312,0.0626939982175827,-0.012731208465993404,0.08387850970029831,4.918032646179199,2.691511392593384,0.23923076689243317,0.19986385107040405,0.10357142239809036,0.11486681550741196,-28.587919235229492,SPEAKER_00,36748.69,36753.584,4.894000000000233,1024
29.647048950195312,0.08784199506044388,27.225614547729492,29.9951171875,31.99933624267578,4.773721694946289,70.95121002197266,110.50487518310547,25.484350204467773,3.9617111682891846,0.45490238070487976,0.4518328905105591,0.2524218261241913,0.4490966796875,0.6073957085609436,0.3549738824367523,6.8685503005981445,4.124505996704102,5.705624103546143,2.766153573989868,0.17843613028526306,0.71746426820755,22.696800231933594,0.6559545397758484,18.774492263793945,0.6780461668968201,5.537260055541992,2.9725615978240967,-2.7300913333892822,-5.558616638183594,0.021769201382994652,0.9916102290153503,0.9566091299057007,0.7028878331184387,6.157600402832031,0.46009498834609985,3.4091544151306152,2.0760087966918945,26.924589157104492,0.2708028256893158,546.5172729492188,0.3541770875453949,1346.73974609375,0.1331878900527954,-68.24578094482422,-1.2536835670471191,1625.9652099609375,0.1671193540096283,1038.987548828125,0.3727823793888092,-77.07736206054688,-1.001308798789978,2662.529296875,0.1103890910744667,992.655517578125,0.3524479269981384,-80.09963989257812,-0.9343443512916565,-17.018583297729492,-0.4004107117652893,24.53236961364746,0.2641069293022156,0.06428764760494232,0.22044840455055237,-0.018409363925457,-0.7077745795249939,0.22085079550743103,0.6118573546409607,28.72991371154785,0.2477177232503891,16.18686866760254,0.7820660471916199,5.7645721435546875,2.9360663890838623,0.8054373264312744,20.30173683166504,-8.776575088500977,15.29979133605957,0.06515637785196304,-0.011649656109511852,0.10083385556936264,6.312292575836182,3.7542665004730225,0.17363636195659637,0.07595126330852509,0.06583333015441895,0.03796013817191124,-28.470897674560547,SPEAKER_00,36754.192,36757.212,3.0199999999967986,1025
28.19242286682129,0.075395368039608,26.468460083007812,27.928016662597656,30.26546859741211,3.797008514404297,50.632423400878906,55.96393966674805,27.330780029296875,23.360471725463867,0.38651636242866516,0.4720538556575775,0.18762847781181335,0.38183069229125977,0.5436490774154663,0.35602059960365295,5.166656970977783,3.798788070678711,3.6477508544921875,2.0621793270111084,0.1331758052110672,0.6096757650375366,22.02668571472168,0.4688003659248352,23.25924301147461,0.4889993369579315,15.970434188842773,0.864867627620697,3.2023162841796875,3.3006625175476074,0.022586200386285782,0.8932297229766846,1.1454168558120728,0.7692441344261169,5.911581993103027,0.4408608675003052,2.8049705028533936,2.2988193035125732,27.29022789001465,0.2631179988384247,516.2407836914062,0.29344114661216736,1338.3177490234375,0.14041955769062042,-47.35797882080078,-1.5915197134017944,1660.440673828125,0.11696018278598785,1001.823974609375,0.32785892486572266,-62.12616729736328,-1.0829952955245972,2644.147705078125,0.08242450654506683,1015.3251953125,0.39468511939048767,-62.71747589111328,-1.0699299573898315,-18.902210235595703,-0.28443053364753723,25.092430114746094,0.2470969557762146,0.05988074839115143,0.28773847222328186,-0.018354913219809532,-0.5273975729942322,0.15140379965305328,0.5399113297462463,24.021194458007812,0.3298807740211487,22.347856521606445,0.48543086647987366,17.2817440032959,0.834306538105011,5.257629871368408,1.9160672426223755,-15.520050048828125,21.8608455657959,0.06673852354288101,-0.013068274594843388,0.0739598199725151,4.576659202575684,3.0162413120269775,0.25,0.22596798837184906,0.06583333015441895,0.0363910086452961,-29.868101119995117,SPEAKER_00,36763.27,36767.658,4.388000000006286,1028
29.399532318115234,0.09624267369508743,27.117034912109375,29.27153968811035,31.85750389099121,4.740468978881836,131.93069458007812,154.7371063232422,87.02906036376953,133.59701538085938,0.40975114703178406,0.43805044889450073,0.23780442774295807,0.4079458713531494,0.5533702373504639,0.315565824508667,5.151167869567871,2.561204671859741,4.121571063995361,1.6861752271652222,0.14855024218559265,0.5622991323471069,26.390634536743164,0.4092369079589844,17.67138671875,0.6145939230918884,9.632892608642578,1.758012056350708,-3.434300184249878,-3.8644297122955322,0.017077399417757988,0.6798398494720459,1.1121397018432617,0.6732814311981201,6.223843097686768,0.45910152792930603,3.600206136703491,1.950827717781067,27.595483779907227,0.28194761276245117,497.98468017578125,0.32865631580352783,1338.5235595703125,0.13811367750167847,-48.74208068847656,-1.5962730646133423,1572.759033203125,0.14345645904541016,987.5574951171875,0.23179636895656586,-60.69563293457031,-1.1352779865264893,2612.274658203125,0.095493383705616,937.4954223632812,0.31266364455223083,-64.1190414428711,-1.044762372970581,-18.006454467773438,-0.33608803153038025,25.758312225341797,0.2751547694206238,0.06420031934976578,0.2251652181148529,-0.019908657297492027,-0.6195151209831238,0.16712674498558044,0.49312928318977356,29.147048950195312,0.24656294286251068,16.89244842529297,0.6756684184074402,9.814804077148438,1.7091072797775269,-1.5991748571395874,-8.775151252746582,-13.038140296936035,20.873138427734375,0.06369461864233017,-0.011682220734655857,0.09441014379262924,6.1224493980407715,3.2544379234313965,0.22909089922904968,0.194536954164505,0.05636363476514816,0.02422347664833069,-29.799304962158203,SPEAKER_00,36768.35,36771.792,3.4420000000027358,1029
28.32044792175293,0.09064523130655289,25.8272705078125,28.51164436340332,30.679519653320312,4.8522491455078125,78.00421905517578,92.16748046875,59.855712890625,62.991703033447266,0.35869914293289185,0.5893971920013428,0.15328870713710785,0.3139999508857727,0.5491976737976074,0.3959089517593384,4.375657558441162,2.183053731918335,3.769810438156128,2.317134141921997,0.14236830174922943,0.7104479670524597,24.469221115112305,0.4335099756717682,21.994163513183594,0.5156557559967041,13.605425834655762,1.2461488246917725,-1.3120651245117188,-9.513227462768555,0.027638224884867668,1.421016812324524,1.4123356342315674,0.7896737456321716,5.686364650726318,0.4751356244087219,5.99570894241333,1.22963547706604,29.69365692138672,0.290890097618103,564.8441162109375,0.3712292015552521,1381.9609375,0.1882978230714798,-76.77262115478516,-1.1595982313156128,1695.79296875,0.1547427624464035,1057.5341796875,0.4161308705806732,-87.83222198486328,-0.9000011086463928,2702.678955078125,0.11406565457582474,1020.1273803710938,0.2878846228122711,-87.86729431152344,-0.8953843116760254,-19.619359970092773,-0.4173153340816498,26.751325607299805,0.3142375946044922,0.05647982284426689,0.2957507073879242,-0.02045050449669361,-0.6003285646438599,0.18480640649795532,0.5427970290184021,27.432653427124023,0.31863564252853394,21.276647567749023,0.6052724719047546,16.835861206054688,1.1271004676818848,0.44582605361938477,28.16729736328125,-16.840347290039062,25.12978172302246,0.057276904582977295,-0.005976349581032991,0.07161147892475128,3.8567495346069336,3.3519554138183594,0.1824999898672104,0.10560342669487,0.10363635420799255,0.09305645525455475,-29.91483497619629,SPEAKER_00,36775.775,36779.42,3.6449999999967986,1031
27.469501495361328,0.07678956538438797,25.7742862701416,26.926673889160156,28.684783935546875,2.9104976654052734,73.23802185058594,87.52484130859375,25.17416000366211,8.307867050170898,0.415167897939682,0.4442727565765381,0.26430273056030273,0.38182950019836426,0.585747241973877,0.3214445114135742,6.498941898345947,4.65040397644043,4.283791542053223,2.845264196395874,0.15163621306419373,0.5439729690551758,28.78334617614746,0.3137162923812866,20.78640365600586,0.6167756915092468,10.54617977142334,1.338204026222229,-2.154710054397583,-4.703707695007324,0.023900605738162994,1.1907168626785278,1.1412651538848877,0.7689344882965088,5.943449974060059,0.36143937706947327,2.497302293777466,2.34146785736084,30.873659133911133,0.2830577492713928,557.6185913085938,0.281125009059906,1430.4954833984375,0.13878968358039856,-36.07477951049805,-1.8298091888427734,1655.244384765625,0.13875067234039307,1064.5472412109375,0.30838751792907715,-50.96753692626953,-1.1499228477478027,2713.2734375,0.10109278559684753,971.6100463867188,0.3000377118587494,-53.62187957763672,-1.0689481496810913,-20.80851936340332,-0.305450439453125,28.077621459960938,0.23738132417201996,0.05590486153960228,0.24488089978694916,-0.024626879021525383,-0.38593441247940063,0.16302888095378876,0.5225134491920471,30.59341812133789,0.20745398104190826,20.62552833557129,0.635433554649353,12.102890968322754,1.207118272781372,-0.8721889853477478,-11.925630569458008,-15.917866706848145,22.982267379760742,0.07227542996406555,-0.019733930006623268,0.10130365192890167,4.966887474060059,2.6936025619506836,0.3037499785423279,0.257193386554718,0.044999998062849045,0.015811387449502945,-28.829801559448242,SPEAKER_00,36779.943,36782.98,3.0370000000039,1032
28.45646858215332,0.06621310114860535,26.502431869506836,28.630064010620117,29.962818145751953,3.460386276245117,61.81938552856445,109.65961456298828,30.532934188842773,37.18198776245117,0.3907453119754791,0.5104929208755493,0.19478103518486023,0.3679081201553345,0.542534589767456,0.3477535545825958,5.845127105712891,3.4224605560302734,4.409265041351318,2.5230343341827393,0.14532600343227386,0.6460908651351929,28.19405174255371,0.34069564938545227,16.94119644165039,0.6478177905082703,12.5989351272583,1.3697509765625,-2.320159435272217,-5.976031303405762,0.018149953335523605,0.8252163529396057,1.239478588104248,0.6418185830116272,6.486526012420654,0.39246147871017456,3.2877590656280518,1.9477989673614502,27.047788619995117,0.28952687978744507,543.435302734375,0.3154961168766022,1364.75537109375,0.1374347060918808,-58.09515380859375,-1.4355335235595703,1647.7718505859375,0.1462963968515396,984.19140625,0.29801124334335327,-69.97386932373047,-1.0761526823043823,2662.853759765625,0.09034790098667145,906.2659912109375,0.34003663063049316,-70.94789123535156,-1.052445411682129,-19.21713638305664,-0.33592790365219116,25.411731719970703,0.27067485451698303,0.05688748508691788,0.242213636636734,-0.01890876702964306,-0.6489405035972595,0.1585417538881302,0.6056066155433655,30.593996047973633,0.21644285321235657,16.73236656188965,0.6833431720733643,16.520172119140625,1.0021717548370361,0.5624805688858032,24.407268524169922,-15.295267105102539,24.568897247314453,0.065871961414814,-0.0136431735008955,0.11678668111562729,5.1724138259887695,2.046783685684204,0.3499999940395355,0.19309508800506592,0.11857142299413681,0.10588788986206055,-29.45950698852539,SPEAKER_00,36784.162,36787.655,3.493000000002212,1033
28.868417739868164,0.10894698649644852,27.050167083740234,28.62303924560547,31.014625549316406,3.964458465576172,106.4038314819336,63.957664489746094,44.64444351196289,42.142120361328125,0.377077579498291,0.5541152954101562,0.1783193200826645,0.32209768891334534,0.6148933172225952,0.43657398223876953,6.383940696716309,3.610048770904541,4.718383312225342,2.5433976650238037,0.14181341230869293,0.6738850474357605,24.1014347076416,0.4127237796783447,19.418819427490234,0.7051085233688354,8.104485511779785,1.8219631910324097,-4.7125115394592285,-2.8853371143341064,0.02694251574575901,1.1657332181930542,1.6452763080596924,0.6982160210609436,5.326451301574707,0.5764692425727844,4.624449729919434,1.5266132354736328,27.068592071533203,0.366460382938385,601.0217895507812,0.3414672613143921,1405.560546875,0.14817968010902405,-68.6487045288086,-1.1819875240325928,1660.2442626953125,0.16687636077404022,1068.3193359375,0.24617861211299896,-76.06440734863281,-0.9812068939208984,2705.989990234375,0.11072255671024323,951.3322143554688,0.3679305911064148,-79.225341796875,-0.9133356213569641,-17.522993087768555,-0.4338916540145874,25.0864315032959,0.34625422954559326,0.0541626513004303,0.32884255051612854,-0.019092505797743797,-0.48103848099708557,0.15723638236522675,0.6607337594032288,26.52557373046875,0.27393242716789246,18.007802963256836,0.7982344627380371,7.903994083404541,1.878956913948059,-4.380976676940918,-3.2045834064483643,-15.395895957946777,22.439496994018555,0.05979539826512337,-0.013948453590273857,0.11640843749046326,4.885993480682373,4.651162624359131,0.14000000059604645,0.12398155778646469,0.0663636326789856,0.0314130038022995,-30.78875732421875,SPEAKER_00,36802.336,36805.424,3.0879999999961,1040
28.4210262298584,0.06679578870534897,27.134437561035156,28.595277786254883,29.859859466552734,2.725421905517578,57.474369049072266,75.22148132324219,37.509517669677734,46.10283660888672,0.4210514724254608,0.4727136492729187,0.18998932838439941,0.4430314004421234,0.5924574732780457,0.40246814489364624,5.050114631652832,2.499722480773926,4.32846212387085,1.9884977340698242,0.1272040754556656,0.5714178681373596,22.472204208374023,0.5534213185310364,19.87227439880371,0.5878618955612183,6.310739517211914,2.2565317153930664,0.4443075656890869,28.234670639038086,0.01730683632194996,0.7417038679122925,1.1878818273544312,0.8660579919815063,6.251224994659424,0.33658161759376526,4.451479434967041,1.2732545137405396,28.80687713623047,0.2151891142129898,532.0579833984375,0.3394426703453064,1342.0616455078125,0.1332775056362152,-57.73280334472656,-1.433247685432434,1593.4427490234375,0.14535316824913025,1013.5635375976562,0.26492369174957275,-69.13487243652344,-1.0814629793167114,2635.8583984375,0.09180900454521179,963.413330078125,0.33964207768440247,-73.33932495117188,-0.9831235408782959,-15.481884956359863,-0.38721764087677,23.96583366394043,0.2723532021045685,0.05376816168427467,0.28831496834754944,-0.01414938922971487,-0.8574621677398682,0.14611293375492096,0.4540683329105377,24.949539184570312,0.4103981852531433,19.190387725830078,0.6435269117355347,8.543985366821289,1.7795127630233765,2.30391788482666,5.777939796447754,-12.825297355651855,20.825000762939453,0.05411221459507942,-0.00974566861987114,0.08350303024053574,4.722222328186035,3.11614727973938,0.22545453906059265,0.24058124423027039,0.09222222119569778,0.072230763733387,-30.01659393310547,SPEAKER_00,36809.525,36813.136,3.610999999997148,1043
28.813735961914062,0.07797703146934509,26.311931610107422,29.307464599609375,30.864246368408203,4.552314758300781,27.750635147094727,11.9629545211792,22.58876609802246,6.4170026779174805,0.4456814229488373,0.48364996910095215,0.24870145320892334,0.4473733901977539,0.60704106092453,0.3583396077156067,4.782835006713867,2.9221560955047607,5.234105110168457,2.2694251537323,0.14552859961986542,0.6269634962081909,23.671833038330078,0.48357146978378296,16.06096649169922,0.6498017907142639,7.307709217071533,1.904237985610962,-1.2881306409835815,-10.051587104797363,0.01821104995906353,1.184279203414917,1.2755728960037231,0.6945789456367493,6.21517276763916,0.4251314401626587,1.5124322175979614,4.294523239135742,24.446781158447266,0.3213842809200287,483.1658020019531,0.3148875832557678,1339.229248046875,0.18887698650360107,-51.17390823364258,-1.6010404825210571,1551.751708984375,0.12359651923179626,975.8464965820312,0.2937101423740387,-63.216041564941406,-1.1790093183517456,2575.628662109375,0.07693107426166534,1006.9510498046875,0.2957605719566345,-66.63924407958984,-1.084561824798584,-15.627128601074219,-0.3673228323459625,23.566089630126953,0.2818823456764221,0.06646504253149033,0.19140784442424774,-0.020529543980956078,-0.588424563407898,0.1660183221101761,0.5563563108444214,26.791440963745117,0.2758006155490875,14.515803337097168,0.7602770924568176,7.479398250579834,2.006110191345215,0.7445685267448425,17.724891662597656,-12.472810745239258,18.944622039794922,0.06938587874174118,-0.010269708931446075,0.09072510153055191,5.54016637802124,2.5352113246917725,0.28777778148651123,0.31526979804039,0.08666666597127914,0.08576452732086182,-29.67450714111328,SPEAKER_00,36816.089,36819.717,3.627999999996973,1045
29.484268188476562,0.06344703584909439,27.617002487182617,29.95294952392578,31.35350799560547,3.7365055084228516,25.650344848632812,18.154314041137695,22.596651077270508,6.939844131469727,0.4594208598136902,0.5205870270729065,0.23654019832611084,0.42380425333976746,0.6468912959098816,0.41035109758377075,6.31019401550293,3.3451449871063232,5.880284786224365,2.2866973876953125,0.16545748710632324,0.6237446069717407,29.928918838500977,0.31279733777046204,14.233979225158691,0.9067961573600769,-1.1028114557266235,-10.533062934875488,-5.84937047958374,-2.0780229568481445,0.01747450977563858,0.8350983262062073,1.212185025215149,0.7787023782730103,5.915445804595947,0.5200622081756592,4.268852710723877,1.6230332851409912,27.280351638793945,0.4280700385570526,579.5579833984375,0.34990864992141724,1330.0386962890625,0.1274031400680542,-42.1851806640625,-1.6559165716171265,1590.2821044921875,0.18253304064273834,1092.574462890625,0.23732717335224152,-53.26972198486328,-1.195854663848877,2638.949462890625,0.11477242410182953,913.6226196289062,0.31161487102508545,-58.37051010131836,-1.0512206554412842,-16.119461059570312,-0.46770086884498596,25.87078857421875,0.33324652910232544,0.06127283349633217,0.21997803449630737,-0.0207840446382761,-0.7454826831817627,0.18535956740379333,0.5564794540405273,31.896211624145508,0.23508761823177338,12.850149154663086,1.059301495552063,-0.8530567288398743,-14.680441856384277,-5.514944076538086,-2.2957961559295654,-13.80022144317627,22.716938018798828,0.0649397000670433,-0.010520857758820057,0.08609256148338318,5.315614700317383,3.3898303508758545,0.23099999129772186,0.13374975323677063,0.047777775675058365,0.022986846044659615,-28.57756805419922,SPEAKER_00,36820.527,36823.548,3.0210000000006403,1046
27.133832931518555,0.09763271361589432,25.22749137878418,27.07197380065918,28.785776138305664,3.5582847595214844,60.95552062988281,55.60852813720703,35.98740005493164,32.302268981933594,0.3980438709259033,0.4917197525501251,0.21462149918079376,0.3836691379547119,0.5522866249084473,0.3376651406288147,3.5647616386413574,2.1405436992645264,3.2171740531921387,1.3758233785629272,0.15530383586883545,0.9238021969795227,26.038042068481445,0.38866427540779114,22.904747009277344,0.5228794813156128,10.758538246154785,1.356419324874878,-0.4715583920478821,-23.40950584411621,0.02060517854988575,1.5876491069793701,1.1190568208694458,0.6585282683372498,6.335849285125732,0.3905177116394043,4.169249057769775,2.8310208320617676,28.720001220703125,0.45987364649772644,609.6871337890625,0.3631906807422638,1394.04638671875,0.14848478138446808,-41.50474548339844,-1.6978380680084229,1694.7137451171875,0.15508897602558136,1106.978515625,0.25363901257514954,-54.59577178955078,-1.1753454208374023,2753.07568359375,0.11112578958272934,968.2369384765625,0.3689204156398773,-56.39614486694336,-1.123425841331482,-20.424793243408203,-0.3570040464401245,27.429302215576172,0.3059796988964081,0.04679667204618454,0.3778066039085388,-0.02190222777426243,-0.5547044277191162,0.1390102207660675,0.8011800050735474,27.48048973083496,0.2636590003967285,22.127986907958984,0.5204866528511047,10.840668678283691,1.4061896800994873,0.424906462430954,26.697792053222656,-14.720989227294922,22.484882354736328,0.02685302309691906,-0.010900977067649364,0.19559937715530396,3.8690476417541504,2.1148035526275635,0.37857142090797424,0.21996289491653442,0.09600000083446503,0.0741889476776123,-29.209579467773438,SPEAKER_00,36842.448,36845.823,3.375,1052
28.463106155395508,0.0951470136642456,26.78533935546875,28.547775268554688,29.57329559326172,2.7879562377929688,42.35329055786133,35.98130416870117,24.643220901489258,11.13429069519043,0.3402652442455292,0.5566471219062805,0.14835244417190552,0.32569921016693115,0.5206535458564758,0.3723011016845703,4.514779090881348,2.4257986545562744,4.1944732666015625,2.264766216278076,0.12039396166801453,0.7375215291976929,27.536218643188477,0.32653549313545227,19.509374618530273,0.48287197947502136,7.075863361358643,1.4679843187332153,-2.897056818008423,-4.731838226318359,0.017837677150964737,1.0087900161743164,1.219871997833252,0.7565439343452454,6.790922164916992,0.3793732523918152,3.7196617126464844,1.951891303062439,31.801570892333984,0.228841170668602,566.2030639648438,0.3455619812011719,1387.1800537109375,0.11659249663352966,-61.396751403808594,-1.3897438049316406,1637.357421875,0.16465288400650024,1061.5482177734375,0.2367068976163864,-71.83222198486328,-1.057403326034546,2704.07275390625,0.0973946675658226,967.5255126953125,0.3184471130371094,-75.379638671875,-0.9766697287559509,-20.51009178161621,-0.2853381633758545,28.908771514892578,0.2226874679327011,0.05989342927932739,0.2664583921432495,-0.01661396399140358,-0.8635807633399963,0.14635060727596283,0.5956007838249207,30.85823631286621,0.19060373306274414,20.83148765563965,0.47567248344421387,8.065258979797363,1.3236429691314697,-0.3528193235397339,-41.411380767822266,-13.122358322143555,21.662338256835938,0.06576512008905411,-0.0038134038913995028,0.05820835381746292,5.747126579284668,2.046783685684204,0.3457143008708954,0.26975423097610474,0.1433333307504654,0.14313940703868866,-29.704668045043945,SPEAKER_00,36884.095,36887.588,3.493000000002212,1067
29.683883666992188,0.09615839272737503,27.713333129882812,29.540597915649414,32.22048568725586,4.507152557373047,146.4625701904297,127.94212341308594,32.31395721435547,45.55445098876953,0.37636905908584595,0.5514672994613647,0.19731096923351288,0.35021188855171204,0.5470803380012512,0.34976935386657715,5.1148176193237305,3.7872776985168457,5.079761505126953,3.0687224864959717,0.13183359801769257,0.6978166699409485,20.666292190551758,0.7375218272209167,19.745513916015625,0.5624116659164429,9.8218412399292,1.1942410469055176,-6.907834529876709,-1.8984235525131226,0.02185065671801567,0.8511536717414856,1.3613255023956299,0.7257131338119507,6.244831085205078,0.4341212511062622,3.8796849250793457,1.8546870946884155,28.99991798400879,0.3428395092487335,582.2852172851562,0.410016268491745,1358.9451904296875,0.12847188115119934,-81.36580657958984,-1.0947526693344116,1631.1563720703125,0.18862619996070862,1107.2525634765625,0.3113696277141571,-89.37493896484375,-0.9032748937606812,2693.262939453125,0.10193715989589691,946.4073486328125,0.4492112994194031,-91.89656066894531,-0.8582935929298401,-17.927453994750977,-0.4260041415691376,26.01851463317871,0.3385050296783447,0.06257954239845276,0.2743588387966156,-0.016186561435461044,-0.9783596992492676,0.16845515370368958,0.5483588576316833,28.060882568359375,0.35484057664871216,18.64226722717285,0.6258437633514404,10.74914264678955,1.171215295791626,-5.124946594238281,-2.943389654159546,-8.424942970275879,14.367852210998535,0.06204891577363014,-0.006124250590801239,0.0756545215845108,4.558404445648193,3.468208074569702,0.17083333432674408,0.11116491258144379,0.11299999803304672,0.1567832976579666,-30.062355041503906,SPEAKER_00,36888.23,36891.757,3.5269999999945867,1068
28.671728134155273,0.06160880997776985,27.140151977539062,28.895536422729492,30.06755828857422,2.9274063110351562,39.28712844848633,19.808361053466797,16.46337127685547,13.41861343383789,0.32707977294921875,0.5276399254798889,0.16709467768669128,0.30245286226272583,0.46003609895706177,0.2929414212703705,3.8254942893981934,2.5439529418945312,4.40619421005249,2.959233283996582,0.11434993147850037,0.5817968249320984,27.51446533203125,0.29390060901641846,20.279541015625,0.5060369372367859,10.859786987304688,1.2748141288757324,0.6621268391609192,22.13263511657715,0.022387361153960228,0.8929275274276733,1.3981527090072632,0.7165616750717163,6.056678771972656,0.42885586619377136,4.088461875915527,1.9306098222732544,29.01241683959961,0.30809342861175537,586.5321655273438,0.3343064486980438,1398.2452392578125,0.13983668386936188,-50.389060974121094,-1.4767943620681763,1678.6104736328125,0.1545991599559784,1110.78759765625,0.32827791571617126,-62.925357818603516,-1.0751200914382935,2678.433349609375,0.10965503007173538,1075.8740234375,0.38230305910110474,-65.26568603515625,-1.0172666311264038,-19.7198429107666,-0.3518161177635193,26.782894134521484,0.26278090476989746,0.056231241673231125,0.23807327449321747,-0.017646197229623795,-0.753964900970459,0.1239924505352974,0.5318883657455444,28.7512149810791,0.24836665391921997,20.437103271484375,0.5391441583633423,11.826868057250977,1.2396327257156372,1.8032851219177246,8.5756196975708,-18.009958267211914,26.582948684692383,0.0602346807718277,-0.010802929289638996,0.0874146819114685,5.152225017547607,2.857142925262451,0.2641666531562805,0.1871478259563446,0.07090909034013748,0.042309366166591644,-31.432514190673828,SPEAKER_00,36936.712,36940.998,4.286000000000058,1086
25.857332229614258,0.06998986005783081,25.17517852783203,25.99034881591797,26.822542190551758,1.6473636627197266,214.3842315673828,435.4547119140625,39.302703857421875,60.934814453125,0.3971104323863983,0.3852938413619995,0.2794276475906372,0.38446640968322754,0.5072494149208069,0.22782176733016968,3.899658203125,2.659247636795044,3.851034164428711,1.749213695526123,0.1271359920501709,0.579510509967804,22.57916831970215,0.6662695407867432,26.183345794677734,0.398269385099411,7.776055335998535,1.5875539779663086,-3.490886926651001,-4.2003173828125,0.017531143501400948,1.0534656047821045,1.1672857999801636,0.7625156044960022,5.749791145324707,0.42484474182128906,-0.3898290991783142,-10.973047256469727,30.170787811279297,0.2725497782230377,540.1343383789062,0.32095783948898315,1401.7467041015625,0.15307463705539703,-50.359344482421875,-1.602079153060913,1628.70361328125,0.15544624626636505,1116.6790771484375,0.3246726095676422,-64.9258041381836,-1.1087535619735718,2690.638916015625,0.09871417284011841,961.93115234375,0.30813950300216675,-68.76103210449219,-1.0136375427246094,-20.72663116455078,-0.3096274137496948,28.33587646484375,0.2535797357559204,0.05413663387298584,0.2515198886394501,-0.02594594471156597,-0.5192283391952515,0.1367466151714325,0.5874923467636108,28.710599899291992,0.23395951092243195,25.888574600219727,0.38940465450286865,7.11695671081543,1.787001609802246,-2.0776610374450684,-7.587219715118408,-6.612590312957764,11.39773941040039,0.05865802988409996,-0.0060097347013652325,0.10360652953386307,5.630026817321777,2.4456522464752197,0.30222219228744507,0.21518868207931519,0.11142857372760773,0.12005101889371872,-30.283105850219727,SPEAKER_00,37006.372,37010.118,3.745999999999185,1111
27.217334747314453,0.07779920101165771,25.44868278503418,27.10795021057129,28.73866081237793,3.28997802734375,24.388582229614258,12.507125854492188,19.387605667114258,10.830437660217285,0.3995465934276581,0.40616893768310547,0.24461746215820312,0.38706934452056885,0.5135549902915955,0.26893752813339233,4.847728729248047,3.1457784175872803,4.417957782745361,2.347254753112793,0.1375788003206253,0.4573168456554413,33.02313995361328,0.21731474995613098,14.713617324829102,0.7546535730361938,3.8335838317871094,3.836425542831421,-5.722336769104004,-2.001356363296509,0.01670164242386818,0.9788112640380859,1.148755431175232,0.5943323373794556,5.460511207580566,0.48208948969841003,1.0987091064453125,5.775047779083252,28.694883346557617,0.311816543340683,569.4400634765625,0.35253554582595825,1392.37744140625,0.14869974553585052,-29.142833709716797,-2.1097662448883057,1611.2269287109375,0.16645856201648712,1184.3292236328125,0.32142144441604614,-43.94932556152344,-1.2629741430282593,2651.6015625,0.10450904816389084,988.3829956054688,0.24742016196250916,-48.6295051574707,-1.107888102531433,-19.333093643188477,-0.33168306946754456,27.079936981201172,0.26295119524002075,0.0591818131506443,0.23965923488140106,-0.023100348189473152,-0.5736861824989319,0.14745424687862396,0.40350401401519775,33.767417907714844,0.20951220393180847,15.115548133850098,0.7636693716049194,5.576638698577881,2.688002586364746,-4.730922222137451,-2.472524404525757,-16.686742782592773,26.694562911987305,0.06430011987686157,-0.01934543065726757,0.08940201252698898,5.698005676269531,2.312138795852661,0.3662499785423279,0.2706906497478485,0.05666666477918625,0.0334995836019516,-29.95317268371582,SPEAKER_00,37014.185,37017.712,3.5270000000018626,1113
27.56780433654785,0.05777068808674812,25.929527282714844,27.790435791015625,28.90209197998047,2.972564697265625,80.92764282226562,103.47531127929688,20.246829986572266,9.35826587677002,0.35766464471817017,0.36215823888778687,0.260598748922348,0.3502110242843628,0.458096444606781,0.19749769568443298,3.3977980613708496,2.263714075088501,3.1970012187957764,1.9390544891357422,0.1333528459072113,0.6275391578674316,21.00600814819336,0.7551097869873047,27.99417495727539,0.3809860944747925,9.512939453125,1.4566466808319092,0.6399510502815247,20.43052101135254,0.019306140020489693,0.9646182656288147,1.2468335628509521,0.8039951324462891,6.286397933959961,0.35115179419517517,3.61204195022583,1.8478214740753174,35.365966796875,0.20298543572425842,547.0116577148438,0.34496161341667175,1367.083740234375,0.12217573076486588,-61.02983093261719,-1.3751990795135498,1642.21728515625,0.14286473393440247,1133.863525390625,0.29942625761032104,-75.3267593383789,-0.9871552586555481,2705.30322265625,0.08740519732236862,1038.2515869140625,0.3806834816932678,-79.36358642578125,-0.9032533168792725,-22.007678985595703,-0.30764278769493103,30.353673934936523,0.24052685499191284,0.05258825793862343,0.3240692615509033,-0.014025705866515636,-0.9298688173294067,0.15163931250572205,0.5947094559669495,28.853063583374023,0.30460649728775024,27.09881019592285,0.38921889662742615,10.902359008789062,1.353779911994934,4.590290069580078,2.4766883850097656,-4.932413578033447,8.281970024108887,0.06311502307653427,-0.006110779941082001,0.09759966284036636,5.865921974182129,2.5641026496887207,0.2711111009120941,0.28838416934013367,0.11124999821186066,0.06173279136419296,-29.918594360351562,SPEAKER_00,37037.32,37040.915,3.595000000001164,1119
26.61077880859375,0.06681374460458755,25.313289642333984,26.436744689941406,28.39794921875,3.0846595764160156,266.37591552734375,467.0286560058594,56.944217681884766,104.80895233154297,0.3623141050338745,0.44904327392578125,0.20053087174892426,0.356541246175766,0.48352351784706116,0.2829926609992981,3.8840994834899902,1.7717663049697876,2.21817684173584,1.7845972776412964,0.11829344928264618,0.6996593475341797,30.056354522705078,0.2805674970149994,22.776988983154297,0.43976038694381714,9.128949165344238,1.805361032485962,-2.5597047805786133,-5.409607410430908,0.01471601240336895,1.6039981842041016,0.9967591762542725,0.8439515233039856,6.759546279907227,0.32824745774269104,1.8322778940200806,2.9697906970977783,34.046913146972656,0.17730046808719635,558.8798217773438,0.35126766562461853,1408.1419677734375,0.1302524209022522,-38.977909088134766,-1.818332314491272,1621.7127685546875,0.14966610074043274,1129.4205322265625,0.232644185423851,-55.63524627685547,-1.1281527280807495,2692.224853515625,0.08823788911104202,998.970703125,0.39195412397384644,-60.198665618896484,-1.0057697296142578,-21.954896926879883,-0.29483890533447266,30.37504005432129,0.1946423351764679,0.04987596347928047,0.32189619541168213,-0.01729986071586609,-0.7386941909790039,0.12495547533035278,0.6929059624671936,32.257381439208984,0.2003251314163208,23.59856414794922,0.41802114248275757,9.959258079528809,1.728969693183899,-1.5793344974517822,-8.677051544189453,-16.612422943115234,24.86334991455078,0.06114485487341881,-0.008104538545012474,0.09280367940664291,3.6281180381774902,2.522935628890991,0.31727272272109985,0.24610015749931335,0.06199999526143074,0.039949968457221985,-29.285123825073242,SPEAKER_00,37048.306,37052.727,4.4210000000020955,1122
28.94231414794922,0.13114401698112488,25.75100326538086,27.8139705657959,32.162200927734375,6.411197662353516,211.3041534423828,444.52178955078125,57.53604507446289,80.42135620117188,0.38251742720603943,0.5541389584541321,0.15539392828941345,0.38940760493278503,0.592249870300293,0.4368559420108795,5.325477600097656,3.279750347137451,4.592667579650879,2.6674792766571045,0.12800808250904083,0.7646346092224121,27.67519760131836,0.43946823477745056,17.39748191833496,0.7925007939338684,1.4265772104263306,10.03098201751709,-7.629465579986572,-1.8146971464157104,0.01920953579246998,1.0791871547698975,1.1996859312057495,0.8363105058670044,6.605040073394775,0.4237799048423767,4.117875576019287,1.8234541416168213,28.654132843017578,0.36784687638282776,601.6190795898438,0.3732028901576996,1365.7762451171875,0.1550953984260559,-49.449989318847656,-1.5311111211776733,1638.28076171875,0.19702857732772827,1153.150634765625,0.42603981494903564,-59.308170318603516,-1.1589208841323853,2719.301025390625,0.09491753578186035,939.8226928710938,0.3681126832962036,-64.49925231933594,-1.0129013061523438,-16.82303237915039,-0.4759216606616974,27.528493881225586,0.2978042662143707,0.055050723254680634,0.3375660181045532,-0.01876424066722393,-0.7057884335517883,0.14118143916130066,0.7042236924171448,31.030378341674805,0.2797126770019531,17.042400360107422,0.858772873878479,-0.1460137963294983,-98.41305541992188,-7.304993152618408,-1.9098339080810547,-13.225720405578613,21.613018035888672,0.058319926261901855,-0.005421498324722052,0.0896311104297638,4.5714287757873535,2.6086957454681396,0.2933333218097687,0.24680174887180328,0.07625000178813934,0.04846067726612091,-29.87522315979004,SPEAKER_00,37068.303,37071.813,3.5100000000020373,1127
27.8638916015625,0.08044923841953278,26.210193634033203,27.297229766845703,29.671241760253906,3.461048126220703,124.01042938232422,164.80239868164062,21.42033576965332,8.87855052947998,0.31123074889183044,0.4951746463775635,0.14325974881649017,0.3091008961200714,0.4379621744155884,0.294702410697937,4.483800888061523,1.9164308309555054,3.57696270942688,1.6562880277633667,0.11268754303455353,0.6379396915435791,25.72968292236328,0.38516679406166077,20.573875427246094,0.42426934838294983,16.56695556640625,0.7797904014587402,2.909426689147949,3.8234310150146484,0.029911214485764503,2.0142579078674316,1.3564732074737549,0.7575458884239197,6.07910680770874,0.37635132670402527,0.9122297167778015,5.645174503326416,29.98651123046875,0.20494167506694794,515.8111572265625,0.33681851625442505,1358.1160888671875,0.13446389138698578,-45.16254425048828,-1.655220627784729,1643.609619140625,0.12671665847301483,987.1359252929688,0.3627234399318695,-60.83549499511719,-1.0926501750946045,2657.045166015625,0.0896533653140068,1142.32373046875,0.33817553520202637,-63.67471694946289,-1.0243265628814697,-19.700353622436523,-0.24883407354354858,26.29864501953125,0.2417895793914795,0.06306730955839157,0.2158573418855667,-0.012371144257485867,-0.8268669843673706,0.1243119016289711,0.5698368549346924,27.782629013061523,0.28030186891555786,20.475669860839844,0.4418770670890808,18.618560791015625,0.7233132123947144,5.571746349334717,1.723660945892334,-15.168431282043457,22.894813537597656,0.06532235443592072,-0.0013691044878214598,0.07782965153455734,4.958677768707275,3.0726258754730225,0.24727271497249603,0.17756387591362,0.060999996960163116,0.04592384770512581,-30.93484878540039,SPEAKER_00,37073.298,37076.943,3.6449999999967986,1128
28.880172729492188,0.07507988810539246,27.111499786376953,28.617530822753906,30.915416717529297,3.8039169311523438,50.06072998046875,59.3199577331543,26.777677536010742,20.46308135986328,0.36070430278778076,0.5442208647727966,0.1936301290988922,0.3327624201774597,0.5085914731025696,0.31496134400367737,3.430544376373291,1.7911105155944824,3.4514787197113037,2.141057014465332,0.11046152561903,0.5606502294540405,24.965259552001953,0.46679219603538513,20.61696434020996,0.6205667853355408,12.044389724731445,1.1318355798721313,-0.16495336592197418,-88.38733673095703,0.017900699749588966,1.0384615659713745,1.1701894998550415,0.8934482336044312,7.240166664123535,0.31383076310157776,5.188025951385498,1.3216676712036133,30.96050453186035,0.2873181104660034,566.19384765625,0.3130704462528229,1359.6275634765625,0.12813296914100647,-60.75434494018555,-1.3713769912719727,1667.34228515625,0.13595063984394073,1054.21728515625,0.32515236735343933,-73.06802368164062,-1.025018334388733,2696.73388671875,0.0967671275138855,968.831298828125,0.2871878445148468,-75.0382080078125,-0.9784796237945557,-20.496980667114258,-0.37532180547714233,27.576858520507812,0.26653891801834106,0.052691102027893066,0.330534964799881,-0.017866170033812523,-0.7636011838912964,0.13376863300800323,0.41300538182258606,29.64472198486328,0.2428089678287506,21.03486442565918,0.6684820055961609,12.738045692443848,1.1536437273025513,3.3786773681640625,4.265676021575928,-11.473676681518555,18.125125885009766,0.056659091264009476,-0.0019045614171773195,0.051888465881347656,4.497354507446289,1.8766756057739258,0.3799999952316284,0.3136422038078308,0.12999999523162842,0.17776387929916382,-30.12251853942871,SPEAKER_00,37121.712,37125.509,3.7969999999986612,1144
28.48886489868164,0.07169535011053085,27.03066635131836,28.434993743896484,29.825504302978516,2.7948379516601562,34.22219467163086,10.961636543273926,32.884708404541016,42.72370910644531,0.4432681202888489,0.4236229658126831,0.2344776690006256,0.4703505039215088,0.6050417423248291,0.3705640733242035,4.880606651306152,2.920548915863037,4.928181171417236,2.7475733757019043,0.15833760797977448,0.5678244829177856,27.856552124023438,0.41160592436790466,21.04684829711914,0.43891003727912903,13.073159217834473,0.9441941976547241,0.6799244284629822,18.838623046875,0.018133919686079025,1.1489474773406982,1.0326979160308838,0.7500035762786865,7.205711364746094,0.30095309019088745,4.2152485847473145,1.7613722085952759,31.535402297973633,0.2668793797492981,548.8484497070312,0.34733664989471436,1406.780517578125,0.1700599044561386,-37.472537994384766,-1.8156381845474243,1665.1318359375,0.1399107128381729,1032.96044921875,0.2777096927165985,-51.982177734375,-1.143907070159912,2684.69873046875,0.09429232776165009,1015.4791870117188,0.30796048045158386,-55.26401901245117,-1.0487016439437866,-21.095726013183594,-0.29922595620155334,29.54726791381836,0.23909375071525574,0.057380788028240204,0.2808568775653839,-0.0234815813601017,-0.5598191618919373,0.17589324712753296,0.49260619282722473,31.14645767211914,0.22914259135723114,21.222042083740234,0.43241310119628906,13.727508544921875,0.9432887434959412,2.4251480102539062,4.968903064727783,-10.755210876464844,17.604360580444336,0.06257469952106476,-0.007630861364305019,0.07929499447345734,5.015674114227295,2.555910587310791,0.3199999928474426,0.18874585628509521,0.05714285746216774,0.03534090518951416,-26.88718605041504,SPEAKER_00,37178.598,37181.804,3.205999999998312,1163
28.323617935180664,0.08998184651136398,26.328847885131836,27.858253479003906,30.21908950805664,3.8902416229248047,125.72920227050781,170.04425048828125,24.620254516601562,15.524528503417969,0.5239630937576294,0.47792842984199524,0.2991831302642822,0.5057920217514038,0.7311046123504639,0.43192148208618164,6.490149974822998,2.8222293853759766,7.459310531616211,4.871517658233643,0.1986546665430069,0.5668578147888184,25.698522567749023,0.5044756531715393,16.090240478515625,0.7948789596557617,10.599884033203125,1.730565071105957,-1.5702342987060547,-7.351119041442871,0.01819818653166294,0.9350740313529968,1.185666799545288,0.7645213603973389,6.2758564949035645,0.40239980816841125,3.2836148738861084,1.9967454671859741,26.239116668701172,0.39832204580307007,533.5078735351562,0.3569102883338928,1330.728759765625,0.17774830758571625,-64.8639144897461,-1.3105353116989136,1579.0245361328125,0.14951157569885254,1067.65966796875,0.38039523363113403,-73.53951263427734,-1.0533760786056519,2598.879150390625,0.10272468626499176,1000.0108642578125,0.3648093044757843,-76.80303955078125,-0.9765926599502563,-16.72515106201172,-0.47010576725006104,25.04655647277832,0.310530424118042,0.05324793979525566,0.2662407457828522,-0.01843218132853508,-0.5098605155944824,0.22438904643058777,0.4796392023563385,28.80963706970215,0.3401411175727844,14.766250610351562,0.9236724972724915,12.833443641662598,1.4848867654800415,0.09389490634202957,111.25386047363281,-12.00438117980957,20.935409545898438,0.0557248592376709,-0.011606802232563496,0.1466304361820221,5.263157844543457,3.0456855297088623,0.22166664898395538,0.12687483429908752,0.08500000089406967,0.06525590270757675,-26.573286056518555,SPEAKER_00,37206.053,37210.053,4.0,1175
29.374738693237305,0.08453716337680817,27.264524459838867,29.21902084350586,31.24531364440918,3.9807891845703125,42.871646881103516,35.1224250793457,17.41413116455078,9.48252010345459,0.4178086817264557,0.47836819291114807,0.2019079029560089,0.41409119963645935,0.6073994636535645,0.40549156069755554,5.119686603546143,2.495696783065796,4.019021987915039,2.2294023036956787,0.1663402020931244,0.6128910183906555,28.975269317626953,0.27217450737953186,24.306833267211914,0.4356289207935333,9.151023864746094,1.432103157043457,0.05115562304854393,283.1263427734375,0.023262569680809975,1.367070198059082,1.0531469583511353,0.6900013089179993,7.491441249847412,0.305327832698822,4.783475875854492,1.588780164718628,33.20176315307617,0.19238045811653137,572.7203369140625,0.32314279675483704,1388.2869873046875,0.11885879188776016,-42.27944564819336,-1.6127655506134033,1698.7957763671875,0.1442573219537735,1092.7166748046875,0.2593939006328583,-57.53246307373047,-1.035855770111084,2756.4775390625,0.08992394059896469,1051.251708984375,0.35250845551490784,-60.8203125,-0.9502453207969666,-22.839143753051758,-0.26049572229385376,30.856592178344727,0.2048581838607788,0.05354428291320801,0.3226688802242279,-0.023442039266228676,-0.6419166326522827,0.18888598680496216,0.5151404738426208,30.94809341430664,0.2138744443655014,25.679224014282227,0.41291695833206177,9.719758033752441,1.3928639888763428,0.7266637086868286,20.62026023864746,-16.831945419311523,25.64772605895996,0.05540551617741585,-0.006113843061029911,0.07031101733446121,4.373178005218506,2.366863965988159,0.3425000011920929,0.21258820593357086,0.06428571045398712,0.07365113496780396,-26.38855743408203,SPEAKER_00,37286.159,37289.602,3.4429999999993015,1202
28.82494354248047,0.05699721351265907,27.607664108276367,28.814651489257812,30.206165313720703,2.598501205444336,63.90764617919922,73.41836547851562,28.270437240600586,22.174074172973633,0.4335664212703705,0.5162379741668701,0.19603018462657928,0.42825937271118164,0.6508206725120544,0.45479047298431396,6.153646469116211,3.15681529045105,4.233683109283447,2.323253870010376,0.181130051612854,0.7445462942123413,28.341089248657227,0.3328421413898468,23.831449508666992,0.417097806930542,5.465304374694824,2.0304460525512695,-1.9077013731002808,-6.953863620758057,0.014948174357414246,0.9166070222854614,1.0734012126922607,0.9069283604621887,7.063326835632324,0.3671986162662506,3.52316951751709,1.780286431312561,33.1260871887207,0.2189386785030365,560.7338256835938,0.2883470356464386,1354.67724609375,0.11454904079437256,-67.36973571777344,-1.2708353996276855,1663.0367431640625,0.1395760178565979,1095.67724609375,0.3127630352973938,-81.0561752319336,-0.9363458156585693,2734.68896484375,0.08931499719619751,918.4033813476562,0.29218390583992004,-84.37995910644531,-0.8740295767784119,-22.389047622680664,-0.2732091248035431,30.23187255859375,0.19582265615463257,0.056856051087379456,0.27977633476257324,-0.029898900538682938,-0.5702840089797974,0.21797427535057068,0.6551095843315125,31.774930953979492,0.2087247222661972,25.327857971191406,0.40294349193573,6.21550178527832,1.932659387588501,-1.0392910242080688,-14.22635269165039,-16.5471248626709,24.84888458251953,0.06123333424329758,-0.013648854568600655,0.1005416214466095,4.918032646179199,2.843601942062378,0.23250000178813934,0.19070592522621155,0.09749999642372131,0.07107800990343094,-26.59079360961914,SPEAKER_00,37331.435,37335.721,4.286000000000058,1216
27.957828521728516,0.06552106142044067,26.16217041015625,28.135597229003906,29.618648529052734,3.4564781188964844,111.21460723876953,163.94969177246094,17.140132904052734,11.869210243225098,0.4593813419342041,0.5517110824584961,0.21503666043281555,0.4055619239807129,0.6954047679901123,0.48036810755729675,6.6590375900268555,4.145443439483643,4.269718647003174,2.823559045791626,0.16684125363826752,0.7297689914703369,27.722808837890625,0.37279221415519714,17.022357940673828,0.733092188835144,5.968729496002197,2.4473633766174316,-1.0558016300201416,-11.132874488830566,0.01732024736702442,0.9797086715698242,1.1206657886505127,0.7408021092414856,6.251535415649414,0.41526052355766296,3.198333740234375,2.6607234477996826,28.845626831054688,0.3495329022407532,527.3829345703125,0.35260260105133057,1395.6025390625,0.16058138012886047,-48.4016227722168,-1.5743507146835327,1562.6798095703125,0.15214508771896362,1090.9609375,0.2575376331806183,-59.7265510559082,-1.1698791980743408,2637.187255859375,0.09554772078990936,973.0370483398438,0.3186244070529938,-65.09503936767578,-1.0293611288070679,-17.39243507385254,-0.44751182198524475,26.761157989501953,0.3076615631580353,0.05174494534730911,0.36206361651420593,-0.016440851613879204,-0.7910426259040833,0.18557386100292206,0.6852317452430725,29.876903533935547,0.28000274300575256,16.383031845092773,0.814452052116394,6.716322898864746,2.282752275466919,0.70257967710495,17.08940315246582,-13.948253631591797,22.97353172302246,0.056674569845199585,-0.009787481278181076,0.10595948249101639,4.841402530670166,2.6981451511383057,0.2800000011920929,0.29931169748306274,0.07062499970197678,0.05043172836303711,-27.69905662536621,SPEAKER_00,37362.485,37368.492,6.006999999997788,1227
29.359588623046875,0.10234542191028595,26.59705352783203,28.77227783203125,32.10712432861328,5.51007080078125,32.40886688232422,22.230939865112305,26.151586532592773,13.663395881652832,0.4461655616760254,0.4112098813056946,0.28322339057922363,0.4483832120895386,0.6068992614746094,0.32367587089538574,5.510084629058838,3.0949299335479736,3.937725305557251,2.229592800140381,0.18946772813796997,0.5880075097084045,22.074209213256836,0.7259902358055115,24.023807525634766,0.4414973855018616,13.822582244873047,0.8668714165687561,1.1812459230422974,12.580953598022461,0.021259455010294914,0.8294268846511841,1.1111291646957397,0.7037144303321838,7.122222423553467,0.3199452757835388,5.872834205627441,1.5306768417358398,28.670320510864258,0.28462523221969604,585.3789672851562,0.33731958270072937,1338.8697509765625,0.12082348763942719,-81.65162658691406,-1.0893429517745972,1719.2889404296875,0.1483738273382187,1072.4024658203125,0.35356786847114563,-92.54483032226562,-0.8560177683830261,2699.505126953125,0.10684283822774887,975.7227783203125,0.3451276421546936,-92.83528137207031,-0.8494077920913696,-21.135889053344727,-0.2966052293777466,27.749536514282227,0.24400794506072998,0.05438661202788353,0.27022406458854675,-0.019796326756477356,-0.9465920329093933,0.20969140529632568,0.5389093160629272,29.076885223388672,0.31587961316108704,22.772109985351562,0.4444150924682617,15.511812210083008,0.8022294640541077,4.767856121063232,3.133063316345215,-10.061875343322754,15.306657791137695,0.055730633437633514,-0.008794374763965607,0.1643713265657425,6.707317352294922,2.7863776683807373,0.21555554866790771,0.11086639016866684,0.13499999046325684,0.1569235473871231,-27.081819534301758,SPEAKER_00,37380.052,37383.342,3.289999999993597,1232
29.160114288330078,0.08537976443767548,27.209259033203125,29.32299041748047,30.964488983154297,3.755229949951172,36.776695251464844,19.1650390625,23.59122657775879,16.15064239501953,0.42495042085647583,0.49801596999168396,0.20832520723342896,0.42078372836112976,0.5816100239753723,0.37328481674194336,5.200843811035156,2.776528835296631,4.716310501098633,2.919329881668091,0.15755005180835724,0.6241598725318909,25.393373489379883,0.4743100702762604,23.07472038269043,0.5036519765853882,9.680566787719727,1.3223631381988525,-2.790745258331299,-3.9550232887268066,0.021986648440361023,1.0016101598739624,1.105951189994812,0.747258186340332,7.129337787628174,0.3851269483566284,4.606985092163086,1.592032551765442,32.132442474365234,0.2506360411643982,583.8753051757812,0.3290185332298279,1386.6158447265625,0.1580849587917328,-59.823951721191406,-1.3464643955230713,1688.30859375,0.16624656319618225,1113.1519775390625,0.30883052945137024,-73.62356567382812,-0.9777148962020874,2730.107177734375,0.10680960863828659,1028.98779296875,0.41767072677612305,-76.2463150024414,-0.9202744960784912,-21.115219116210938,-0.33010929822921753,28.61033821105957,0.2507905662059784,0.057016659528017044,0.2844478487968445,-0.021544698625802994,-0.6181808710098267,0.18198920786380768,0.5047913193702698,29.66242218017578,0.24948379397392273,24.07105827331543,0.4646720290184021,10.13132381439209,1.3259624242782593,-1.1888223886489868,-9.753255844116211,-11.084817886352539,16.990665435791016,0.055557508021593094,-0.009433095343410969,0.09212081134319305,5.09337854385376,2.7444255352020264,0.2581250071525574,0.18665538728237152,0.09133332967758179,0.11032477021217346,-27.117443084716797,SPEAKER_00,37384.22,37390.126,5.905999999995402,1233
28.732852935791016,0.10609740018844604,26.744314193725586,28.303802490234375,31.313262939453125,4.568948745727539,148.90304565429688,184.00502014160156,38.05198669433594,36.410125732421875,0.518454909324646,0.5025863647460938,0.26394686102867126,0.5257366299629211,0.7250237464904785,0.46107688546180725,6.492763519287109,4.03175163269043,5.115594387054443,2.786266326904297,0.1989513784646988,0.7031392455101013,23.59977912902832,0.6342338919639587,20.13189125061035,0.6574452519416809,9.379055976867676,1.6259101629257202,-2.0576672554016113,-6.620266437530518,0.0230274461209774,1.9242101907730103,0.9298564195632935,0.8062987327575684,7.073193550109863,0.43788057565689087,2.8983168601989746,2.349963665008545,27.7238826751709,0.36276835203170776,520.1923828125,0.3096493184566498,1379.2882080078125,0.15750786662101746,-78.50469970703125,-1.1576660871505737,1601.4775390625,0.15152324736118317,1106.42138671875,0.3150559961795807,-89.1878890991211,-0.916551947593689,2641.453125,0.08676290512084961,926.7855224609375,0.3060664236545563,-91.44068908691406,-0.8741886615753174,-19.504018783569336,-0.36440446972846985,26.860748291015625,0.29425421357154846,0.05197892710566521,0.3675769567489624,-0.024501457810401917,-0.539778470993042,0.23630531132221222,0.60633784532547,29.816667556762695,0.24662582576274872,19.755033493041992,0.7376387119293213,10.56247329711914,1.542231798171997,-0.25532054901123047,-55.42721176147461,-10.968366622924805,18.10911750793457,0.05810379236936569,-0.009091210551559925,0.14085647463798523,4.935622692108154,2.6086957454681396,0.2316666543483734,0.1647135317325592,0.12076923251152039,0.10163748264312744,-25.845287322998047,SPEAKER_00,37438.709,37443.383,4.673999999999069,1240
28.53077507019043,0.060776665806770325,27.05923080444336,29.05040740966797,30.10924530029297,3.0500144958496094,29.103174209594727,14.290026664733887,20.274492263793945,7.5169548988342285,0.435425728559494,0.5537830591201782,0.1797502040863037,0.41917848587036133,0.6755297183990479,0.49577951431274414,6.069258689880371,2.8320677280426025,5.31185245513916,3.654306650161743,0.18443970382213593,0.6732174158096313,27.78060531616211,0.4003865420818329,20.789749145507812,0.545141339302063,5.763819694519043,2.565185785293579,-5.222888946533203,-2.587869882583618,0.021607179194688797,1.064833402633667,1.3847299814224243,0.7298620939254761,5.954165458679199,0.47933176159858704,2.4430034160614014,2.4253897666931152,30.740236282348633,0.287579208612442,568.0257568359375,0.3287884593009949,1354.66015625,0.1158076748251915,-52.78090286254883,-1.4856737852096558,1673.674560546875,0.16368570923805237,1019.3984985351562,0.26621997356414795,-65.6134033203125,-1.0723693370819092,2745.484130859375,0.10043530911207199,979.5731201171875,0.2975807189941406,-69.17919921875,-0.9855861067771912,-20.15201759338379,-0.3555901348590851,27.83038902282715,0.276812881231308,0.05632193014025688,0.3243069052696228,-0.025134162977337837,-0.5510739684104919,0.20858141779899597,0.5478663444519043,30.624671936035156,0.2979118227958679,21.277156829833984,0.5347314476966858,8.42432975769043,1.8060216903686523,-3.461275339126587,-4.014544486999512,-13.068659782409668,20.280611038208008,0.062941774725914,-0.011139901354908943,0.11757390946149826,5.063291549682617,2.827763557434082,0.2609090805053711,0.2720445990562439,0.08666666597127914,0.0687992200255394,-26.969356536865234,SPEAKER_00,37450.96,37454.926,3.9660000000003492,1243
28.151409149169922,0.08296743780374527,26.096805572509766,27.876365661621094,29.786712646484375,3.6899070739746094,165.577392578125,243.67843627929688,24.42323875427246,18.602991104125977,0.45592182874679565,0.4890080690383911,0.24199658632278442,0.43810105323791504,0.6805386543273926,0.43854206800460815,5.723843574523926,3.7249178886413574,4.718767166137695,3.1583609580993652,0.17979466915130615,0.6250423789024353,26.873083114624023,0.4791692793369293,22.242984771728516,0.5367175936698914,7.947190761566162,1.4959518909454346,-3.73583722114563,-3.6639108657836914,0.0168099757283926,0.9565911293029785,1.2729988098144531,0.8848556876182556,6.303567409515381,0.46266403794288635,3.136350393295288,1.738847255706787,31.254947662353516,0.29432883858680725,510.46435546875,0.34412112832069397,1357.7130126953125,0.1470172107219696,-56.89682388305664,-1.4303126335144043,1577.16259765625,0.15976053476333618,1133.370361328125,0.25809943675994873,-70.69952392578125,-1.0173852443695068,2638.83056640625,0.10092250257730484,986.1414794921875,0.3187120258808136,-74.6856460571289,-0.9320845603942871,-20.545827865600586,-0.3505842983722687,28.51340103149414,0.2606407105922699,0.05148497223854065,0.27410927414894104,-0.022209206596016884,-0.584685206413269,0.1909429132938385,0.5879535675048828,30.53476905822754,0.25938594341278076,21.750600814819336,0.5785025358200073,8.952716827392578,1.3334518671035767,-0.725963830947876,-17.784879684448242,-12.699091911315918,19.563329696655273,0.05877961963415146,-0.017369916662573814,0.15788066387176514,5.555555820465088,3.186274528503418,0.2223076969385147,0.20222432911396027,0.07666666060686111,0.06141841784119606,-27.40445327758789,SPEAKER_00,37456.36,37460.512,4.152000000001863,1244
29.052444458007812,0.09150366485118866,26.836544036865234,28.714618682861328,31.846162796020508,5.009618759155273,41.1422119140625,20.93708610534668,18.382051467895508,9.79201889038086,0.5131165385246277,0.520350992679596,0.24037471413612366,0.4848119020462036,0.7427839040756226,0.5024092197418213,4.727059364318848,3.050954818725586,4.269840240478516,2.4051856994628906,0.15483681857585907,0.7044467329978943,23.764230728149414,0.4809418022632599,23.378414154052734,0.6158735156059265,10.01290512084961,1.883762240409851,-3.446179151535034,-4.866271495819092,0.014935370534658432,1.1260147094726562,1.0093225240707397,0.9571924805641174,7.598206996917725,0.3969217538833618,7.6550445556640625,1.0365725755691528,28.493196487426758,0.2986999750137329,541.998046875,0.3476976752281189,1374.2393798828125,0.15726344287395477,-51.6688232421875,-1.4690327644348145,1633.51025390625,0.16937893629074097,1064.49560546875,0.35599276423454285,-61.77075958251953,-1.1265276670455933,2644.272216796875,0.09853806346654892,987.1744384765625,0.3155660331249237,-64.62439727783203,-1.0446640253067017,-18.723522186279297,-0.41923636198043823,26.03217887878418,0.2940223515033722,0.04813721403479576,0.40117624402046204,-0.023778865113854408,-0.6417405009269714,0.17255523800849915,0.663605272769928,25.647775650024414,0.37750887870788574,23.380245208740234,0.6171419620513916,10.800015449523926,1.793154239654541,-2.620753765106201,-6.908989906311035,-13.82046127319336,21.245729446411133,0.0553707480430603,-0.00753099424764514,0.10469697415828705,3.9634146690368652,2.7950310707092285,0.26999998092651367,0.20248456299304962,0.07750000059604645,0.060156043618917465,-26.34617042541504,SPEAKER_00,37477.285,37480.576,3.290999999997439,1247
29.479578018188477,0.0739796981215477,27.559144973754883,29.41071128845215,30.840423583984375,3.281278610229492,115.98873901367188,142.185302734375,25.336233139038086,15.452096939086914,0.46174755692481995,0.5140118598937988,0.21239590644836426,0.4698975086212158,0.665416419506073,0.45302051305770874,4.933003902435303,3.425020456314087,4.135950088500977,2.26488995552063,0.17878729104995728,0.7142416834831238,24.04143714904785,0.6943026185035706,22.838468551635742,0.5143440961837769,13.657222747802734,1.2298266887664795,-4.7569684982299805,-2.630455493927002,0.012176728807389736,0.6367524266242981,0.8758021593093872,0.7424755096435547,7.813669204711914,0.29463404417037964,6.535150051116943,0.9793197512626648,31.864225387573242,0.21666179597377777,574.7384643554688,0.28790292143821716,1392.5784912109375,0.11635179817676544,-67.63277435302734,-1.247917652130127,1669.4144287109375,0.14425130188465118,1085.3531494140625,0.227524995803833,-79.2725830078125,-0.9538515210151672,2720.06982421875,0.0861392542719841,935.7874145507812,0.40180402994155884,-81.55448150634766,-0.9065468311309814,-20.75509262084961,-0.33570072054862976,27.95181655883789,0.24598708748817444,0.052767664194107056,0.3247259855270386,-0.023099228739738464,-0.6196677684783936,0.20987945795059204,0.6453638672828674,31.31831932067871,0.28074386715888977,22.180370330810547,0.5518226623535156,15.366133689880371,1.140380859375,-3.894486904144287,-3.4500532150268555,-8.084098815917969,14.204894065856934,0.05741795152425766,-0.0037039602175354958,0.11317773908376694,5.214724063873291,2.4922118186950684,0.2712499797344208,0.2789013087749481,0.09666667133569717,0.05754224956035614,-26.37608528137207,SPEAKER_00,37483.867,37487.14,3.2730000000010477,1249
27.185232162475586,0.043064724653959274,26.095365524291992,27.321086883544922,28.115785598754883,2.0204200744628906,44.95852279663086,48.92339324951172,9.822514533996582,6.439764499664307,0.42319443821907043,0.44836193323135376,0.24858435988426208,0.40569010376930237,0.6097415685653687,0.36115720868110657,5.058342933654785,2.5252511501312256,3.817797899246216,2.2609052658081055,0.15379756689071655,0.5704300999641418,24.438833236694336,0.45527490973472595,22.422779083251953,0.43178796768188477,15.559762954711914,1.3366854190826416,-1.9439507722854614,-6.6024980545043945,0.016274375841021538,0.8536606431007385,1.1888138055801392,0.8250925540924072,6.4199981689453125,0.35630425810813904,3.9079248905181885,1.823730230331421,28.82389259338379,0.22383391857147217,519.35546875,0.32716530561447144,1394.7587890625,0.1503489762544632,-53.2817268371582,-1.4837397336959839,1625.8233642578125,0.14452874660491943,1029.420654296875,0.33024919033050537,-65.96017456054688,-1.0741876363754272,2631.142333984375,0.08671324700117111,977.4414672851562,0.2735118865966797,-67.51382446289062,-1.0320119857788086,-18.847440719604492,-0.28998661041259766,25.841449737548828,0.23732773959636688,0.047181982547044754,0.3283928632736206,-0.02127930335700512,-0.6023951172828674,0.17509132623672485,0.48964712023735046,27.57294464111328,0.27277639508247375,22.625690460205078,0.4608570337295532,18.89826202392578,1.141809105873108,-0.03243143483996391,-408.945556640625,-11.795513153076172,18.27045249938965,0.048669952899217606,-0.010363549925386906,0.09739265590906143,5.016722202301025,2.749140977859497,0.26749998331069946,0.15489915013313293,0.09999999403953552,0.07895145565271378,-28.23918342590332,SPEAKER_00,37492.355,37495.358,3.002999999996973,1251
27.164962768554688,0.0781703069806099,25.20823860168457,27.292190551757812,29.405559539794922,4.197320938110352,97.23667907714844,103.0433120727539,18.908523559570312,10.966961860656738,0.46282991766929626,0.5155903697013855,0.2529098689556122,0.41009530425071716,0.666252851486206,0.41334298253059387,6.068816661834717,3.7443389892578125,6.276700973510742,3.820039749145508,0.18011868000030518,0.6992736458778381,24.725540161132812,0.5136963129043579,21.059446334838867,0.6033873558044434,6.730450630187988,2.0538675785064697,-5.996761322021484,-1.7608181238174438,0.019351808354258537,0.9887389540672302,1.4039924144744873,0.8075999617576599,6.057058811187744,0.4141586422920227,2.3254892826080322,2.9342687129974365,29.47265625,0.27641797065734863,518.8455200195312,0.28879061341285706,1382.3338623046875,0.1312536746263504,-59.73567581176758,-1.3679043054580688,1575.205810546875,0.15454059839248657,1142.299072265625,0.29303422570228577,-71.63259887695312,-1.0350455045700073,2641.0107421875,0.09507105499505997,990.4025268554688,0.3358895480632782,-76.03346252441406,-0.9381646513938904,-19.322507858276367,-0.36863258481025696,27.594894409179688,0.2521040141582489,0.049317989498376846,0.278498113155365,-0.02079114131629467,-0.6056352853775024,0.21160700917243958,0.6326349973678589,29.896406173706055,0.23675765097141266,21.062519073486328,0.6579263210296631,7.691543102264404,1.9631483554840088,-3.4212920665740967,-2.961252450942993,-7.956410884857178,13.866220474243164,0.05135355889797211,-0.01042083092033863,0.10888274759054184,6.027397632598877,3.342618465423584,0.20666664838790894,0.14278966188430786,0.06615384668111801,0.034538377076387405,-27.18730926513672,SPEAKER_00,37510.883,37514.545,3.661999999996624,1257
27.589557647705078,0.0690469816327095,25.734464645385742,27.57412338256836,29.249263763427734,3.514799118041992,64.9854507446289,74.7381820678711,10.279669761657715,8.440925598144531,0.481105238199234,0.5632671117782593,0.16872474551200867,0.497185081243515,0.7521869540214539,0.5834622383117676,5.6896233558654785,2.2917723655700684,3.9505953788757324,2.1953489780426025,0.1772254854440689,0.8110610842704773,25.685884475708008,0.4843662977218628,18.256839752197266,0.6860090494155884,7.969515323638916,2.1330227851867676,-5.935699462890625,-2.7106614112854004,0.01893032155930996,1.3811949491500854,1.177918553352356,0.9324228763580322,6.589476585388184,0.40679776668548584,3.8826940059661865,1.8168648481369019,29.13136863708496,0.2742084860801697,540.2627563476562,0.33310726284980774,1355.373046875,0.1503734290599823,-60.89205551147461,-1.3775830268859863,1583.2236328125,0.1663922667503357,1083.5047607421875,0.27865758538246155,-70.83265686035156,-1.0893239974975586,2660.6796875,0.09371233731508255,885.565185546875,0.3514345586299896,-75.38236236572266,-0.9802467823028564,-17.97199058532715,-0.39693811535835266,27.16684913635254,0.2545904517173767,0.04814804717898369,0.42332640290260315,-0.020753024145960808,-0.7912086248397827,0.21007247269153595,0.6964952349662781,30.171897888183594,0.2553011178970337,18.88645362854004,0.7035136818885803,9.29495620727539,1.9069126844406128,-5.217469215393066,-3.438084602355957,-9.397056579589844,17.917648315429688,0.05305025354027748,-0.0029986093286424875,0.0975821390748024,3.846153974533081,2.351314067840576,0.2970588207244873,0.21678844094276428,0.1070588156580925,0.09208465367555618,-26.098594665527344,SPEAKER_00,37517.903,37525.193,7.290000000000873,1258
