w_facial,w_vocal,w_verbal,kendall_tau
0.33731443963447294,0.44099420154269797,0.2216913588228292,0.8953707541885056
0.4758138109391298,0.3754572486321568,0.14872894042871343,0.8842596383143981
0.31004326713437264,0.47084570887090654,0.2191110239947208,0.8601855539204983
0.42474639837650513,0.29250070576210846,0.28275289586138636,0.8527781433377598
0.49347085120907663,0.36227662096549057,0.1442525278254328,0.8805559330230288
0.3730616350188586,0.39984065457159845,0.22709771040954302,0.926852249165144
0.3995727422494199,0.37046931079283857,0.22995794695774158,0.9398152176849363
0.38145503168832234,0.416971731400797,0.20157323691088072,0.9768522705986283
0.3958918768147048,0.4625001188645347,0.1416080043207605,0.917592985936721
0.4328801636513268,0.4496818958714615,0.11743794047721172,0.8787040803773444
0.4852604984423482,0.38463682905210717,0.13010267250554472,0.8750003750859752
0.3935270800497337,0.39621818157381056,0.21025473837645575,0.9768522705986283
0.393460444556325,0.34834089763159914,0.2581986578120758,0.8953707541885056
0.4257177931545778,0.35591559940707734,0.21836660743834496,0.94537077562199
0.3262928530359667,0.5123500450203226,0.16135710194371072,0.9009263121255595
0.43299795489154164,0.3627556564280288,0.20424638868042957,0.9564818914960976
0.3935111523709484,0.32393887159442725,0.28254997603462423,0.8509262906920753
0.3723951303060118,0.399298676937501,0.22830619275648714,0.9231485438737749
0.4106872439308734,0.47410880631807395,0.11520394975105265,0.8898151962514519
0.4170579070557451,0.3799857140768578,0.20295637886739723,0.9750004179529437
0.37858622973870765,0.35506772657855407,0.26634604368273823,0.8694448171489213
0.39670962011090444,0.3805103470791159,0.2227800328099797,0.9601855967874668
0.36322342119416723,0.5095980977581251,0.1271784810477077,0.8953707541885056
0.4556534399124951,0.416326182833422,0.12802037725408302,0.8898151962514519
0.29943710436219934,0.46052798395518685,0.24003491168261376,0.8212966483611216
0.4392719056692374,0.4476007380252709,0.11312735630549162,0.8768522277316597
0.3841838688888739,0.3340340461335561,0.28178208497757007,0.8435188801093368
0.4699897096895039,0.4052672680766076,0.12474302223388856,0.8824077856687135
0.3721880901807958,0.3751066405835586,0.2527052692356456,0.8953707541885056
0.38885996910439513,0.4342767320942773,0.17686329880132767,0.9768522705986283
0.3179650127170158,0.4345127853350236,0.2475222019479606,0.8324077642352292
0.3870187245449069,0.4263894358826166,0.1865918395724766,0.9842596811813666
0.4519373515818307,0.4306687320482476,0.11739391636992155,0.8805559330230288
0.3760506491145527,0.3581678026776776,0.2657815482077696,0.8694448171489213
0.34688048150983186,0.3840117241404996,0.2691077943496686,0.8305559115895447
0.35589251149003437,0.38866632176010235,0.2554411667498632,0.865741111857552
0.4221183496721133,0.3850490880256744,0.1928325623022122,0.9601855967874668
0.30768831065156177,0.4500240707119255,0.24228761863651285,0.82870405894386
0.3672876609404467,0.40827162253018295,0.22444071652937037,0.9212966912280902
0.3295065968464915,0.46743624386857063,0.20305715928493792,0.9138892806453518
0.4178983171150982,0.4339538425953067,0.14814784028959518,0.9194448385824056
0.3774949846256322,0.40513405044946843,0.21737096492489943,0.9509263335590439
0.44700154125691716,0.4552387779065643,0.09775968083651852,0.856481848629129
0.4323940291447079,0.41232285534592417,0.15528311550936796,0.917592985936721
0.3305584427206269,0.37499363936574137,0.2944479179136318,0.7916670060301679
0.3613871972459626,0.40015572145315303,0.23845708130088444,0.9027781647712442
0.32143410331199124,0.42632669942981244,0.2522391972581963,0.8324077642352292
0.38501478884147455,0.43896448411005423,0.1760207270484712,0.9712967126615745
0.40278108161603254,0.34682594266942135,0.25039297571454605,0.9009263121255595
0.4622131333176944,0.35807727877176215,0.1797095879105434,0.917592985936721
0.502483882852557,0.36295901477415965,0.1345571023732833,0.8694448171489213
0.3813287952923851,0.4764375973680943,0.14223360733952056,0.9194448385824056
0.4200291237949004,0.43733279284452364,0.14263808336057596,0.908333722708298
0.42618328802064315,0.35724446475212973,0.21657224722722718,0.9472226282676747
0.448258745776947,0.4277202243611418,0.12402102986191113,0.8842596383143981
0.48224135363805365,0.37599216584042755,0.14176648052151877,0.8805559330230288
0.32037859651570066,0.4347664552319246,0.24485494825237475,0.8398151748179676
0.35641007395061597,0.47285770202371946,0.17073222402566468,0.9379633650392516
0.4281374425225488,0.3341730624053751,0.23768949507207615,0.9212966912280902
0.38031456652429074,0.4911785382196012,0.12850689525610812,0.8972226068341903
0.37732696223877665,0.33068176064111565,0.29199127712010764,0.8305559115895447
0.448955687996856,0.33198369084613016,0.2190606211570139,0.926852249165144
0.42895050604706886,0.38044665206788714,0.19060284188504398,0.9564818914960976
0.3680873659015509,0.33665369014097235,0.2952589439574767,0.8212966483611216
0.44679311825254664,0.3970371114315137,0.15616977031593973,0.908333722708298
0.33792333190690044,0.4067696652708904,0.25530700282220903,0.8453707327550215
0.4109294280469524,0.39247341217062504,0.19659715978242256,0.9787041232443129
0.3410916962816494,0.35777631346015515,0.3011319902581955,0.8027781219042757
0.4994973397380414,0.35787576560723416,0.14262689465472433,0.8731485224402905
0.4997265346473543,0.34763974796119745,0.15263371739144824,0.8731485224402905
0.3799164586392939,0.4064642588207339,0.2136192825399722,0.9583337441417822
0.36893043801279024,0.47332527733145724,0.15774428465575252,0.926852249165144
0.34959136400534413,0.43023672860987255,0.22017190738478337,0.917592985936721
0.4213744126921537,0.3870057063320455,0.19161988097580085,0.9620374494331515
0.3770589671139632,0.4418963051813729,0.1810447277046639,0.9712967126615745
0.34128301839352526,0.4839458249360171,0.17477115667045773,0.9305559544565132
0.4111460983967694,0.3663011195685319,0.22255278203469864,0.9527781862047284
0.3948371307962474,0.40947946763232057,0.19568340157143202,0.9935189444097898
0.36080764637528345,0.47301638919081146,0.16617596443390514,0.936111512393567
0.35066744979797115,0.4935638772972182,0.15576867290481067,0.9212966912280902
0.3868063532422204,0.3889413121259423,0.22425233463183727,0.9490744809133592
0.38848865545685496,0.3148062799579944,0.2967050645851507,0.82870405894386
0.32912821726674346,0.4210415814862628,0.24983020124699362,0.8416670274636522
0.4675575234270732,0.3565680868570352,0.17587438971589142,0.9064818700626134
0.4860179181070518,0.3755871196289207,0.13839496226402745,0.8805559330230288
0.36154093589426234,0.42822303404298856,0.2102360300627491,0.9416670703306208
0.432863899164993,0.3339804904018565,0.2331556104331506,0.9231485438737749
0.483649521249086,0.31855770859903676,0.1977927701518772,0.9046300174169287
0.4088235099855253,0.3853324083597801,0.20584408165469448,0.9805559758899974
0.45359976454632794,0.382960655426102,0.16343958002757,0.9064818700626134
0.38575846913321143,0.3858841240753944,0.22835740679139405,0.936111512393567
0.4447468509332803,0.3706792499796015,0.18457389908711808,0.9287041018108285
0.4067616382519503,0.3805093700187449,0.2127289917293048,0.973148565307259
0.4156188690576215,0.4326746619727973,0.15170646896958104,0.926852249165144
0.41241135940949053,0.3504917005982972,0.23709693999221232,0.9324078071021978
0.3380017095680823,0.43255238285102743,0.22944590758089017,0.8824077856687135
0.4053067177116793,0.47434044140548265,0.12035284088283804,0.8898151962514519
0.32569974347348596,0.4920618584223846,0.1822383981041294,0.9138892806453518
0.3307505940160938,0.41108376382266315,0.258165642161243,0.8342596168809139
0.3878386431527248,0.4798513064644198,0.1323100503828554,0.9101855753539825
0.3355951498236145,0.4393380115431095,0.22506683863327598,0.8916670488971365
0.36603754997535953,0.3812209313840308,0.2527415186406098,0.8898151962514519
0.3927008912190873,0.35504464014043485,0.2522544686404778,0.9009263121255595
0.4129488951807443,0.4521580773090017,0.134893027510254,0.9027781647712442
0.286505762624787,0.4625578511498116,0.2509363862254014,0.782407742801745
0.4595798289416014,0.39951118971114313,0.1409089813472555,0.899074459479875
0.3717396232252666,0.39279164782938264,0.23546872894535073,0.917592985936721
0.4296242726991041,0.4190711349849094,0.15130459231598642,0.9194448385824056
0.4271473159636484,0.3893947537160482,0.18345793032030344,0.9546300388504131
0.44187023606773534,0.40166964985931664,0.15646011407294808,0.9138892806453518
0.4010128678789536,0.4878441123630287,0.11114301975801777,0.8768522277316597
0.43644562430945183,0.4175221282563122,0.14603224743423598,0.9120374279996671
0.4256888065947037,0.39825437567081695,0.1760568177344794,0.94537077562199
0.35017785278675984,0.4364781952341587,0.21334395197908154,0.9324078071021978
0.3713639411039455,0.42921465896401445,0.19942139993204003,0.9620374494331515
0.44114695580890484,0.4451591657245735,0.11369387846652171,0.8787040803773444
0.3746521148450532,0.42486533328133214,0.2004825518736147,0.9675930073702053
0.4550861696754674,0.4168876942074544,0.12802613611707825,0.8898151962514519
0.3704609018354769,0.5053472375709174,0.12419186059360568,0.8898151962514519
0.3723615153601577,0.435640266710721,0.1919982179291213,0.9657411547245207
0.37841268019509594,0.42954155127383026,0.19204576853107386,0.9712967126615745
0.38070847741476577,0.4543795078656293,0.16491201471960493,0.9546300388504131
0.4424745615922735,0.4324356213691987,0.12508981703852776,0.8861114909600827
0.42549014222122344,0.43400793628010215,0.14050192149867433,0.9046300174169287
0.3666533798542035,0.5019977706435181,0.1313488495022783,0.899074459479875
0.3880793565750022,0.5002803153457702,0.11164032807922752,0.8768522277316597
0.49092678587113125,0.3779529702172214,0.13112024391164734,0.8712966697946058
0.3851794859186945,0.37329231926434087,0.24152819481696464,0.917592985936721
0.4200798209296919,0.4329374045776115,0.14698277449269662,0.917592985936721
0.32043459425109816,0.4299259710621663,0.24963943468673544,0.8305559115895447
0.47212106500878465,0.362571865180998,0.1653070698102173,0.9009263121255595
0.4103142934503799,0.33179744493884905,0.257888261610771,0.8972226068341903
0.42583864822102974,0.34830214024321776,0.22585921153575264,0.9287041018108285
0.4286024204818225,0.3047636744518421,0.26663390506633533,0.8731485224402905
0.3892364144644376,0.45158503485842166,0.15917855067714073,0.9379633650392516
0.4995291374408142,0.3939478748541433,0.10652298770504258,0.8527781433377598
0.4994582270404879,0.33041788376742204,0.17012388919209007,0.8842596383143981
0.4101135058653603,0.410204762999951,0.17968173113468872,0.9712967126615745
0.4374351191014153,0.3998046821322298,0.1627601987663549,0.9231485438737749
0.3480811877702977,0.41353281910500234,0.2383859931246999,0.8824077856687135
0.4430395147932785,0.442660406510046,0.11430007869667547,0.8787040803773444
0.4334275475899685,0.33848876888663604,0.22808368352339534,0.9231485438737749
0.3748020067096347,0.46093343292508865,0.16426456036527673,0.9527781862047284
0.35763402003543426,0.36336757485501614,0.27899840510954954,0.82870405894386
0.4922142168328789,0.37205581319956654,0.13572996996755457,0.8768522277316597
0.43193588621668544,0.3086516631482135,0.2594124506351011,0.8879633436057673
0.5045804900408015,0.3616637071125712,0.13375580284662733,0.8694448171489213
0.4753158012588906,0.3582628269746804,0.16642137176642888,0.9009263121255595
0.3702819958772258,0.39180744430695635,0.23791055981581777,0.9157411332910363
0.4781056595813486,0.39809133351621745,0.12380300690243387,0.8787040803773444
0.4329363339829396,0.3913484823936236,0.17571518362343683,0.9398152176849363
0.48029329077415833,0.3215849442863315,0.19812176493951017,0.9064818700626134
0.3744387356510477,0.4877368075078806,0.13782445684107159,0.9120374279996671
0.36912502834657057,0.36883050014010815,0.2620444715133213,0.8750003750859752
0.3878116986402223,0.35972334620070284,0.25246495515907486,0.899074459479875
0.37279833108485927,0.35507010074959866,0.27213156816554207,0.8583337012748137
0.36680268062146165,0.5242044626947636,0.10899285668377469,0.8638892592118675
0.4570310352585088,0.28554921986530496,0.2574197448761863,0.8731485224402905
0.3980206196532808,0.4893479559087167,0.1126314244380024,0.8768522277316597
0.3703137358012147,0.4452198258334886,0.1844664383652967,0.9620374494331515
0.4033189991680429,0.4158860383424198,0.1807949624895372,0.9787041232443129
0.37903911568645093,0.3713349407470604,0.24962594356648868,0.9027781647712442
0.32353030663437177,0.3728343953971381,0.3036352979684902,0.7750003322190064
0.43729245308902587,0.357782243361309,0.20492530354966515,0.9490744809133592
0.4012871134653839,0.3811344881176091,0.217578398417007,0.9694448600158899
0.41051112710794535,0.46152264315795055,0.1279662297341041,0.899074459479875
0.40176787021321225,0.40368642571349067,0.1945457040732971,0.9935189444097898
0.39463675375496693,0.3507231367459298,0.2546401094991032,0.9009263121255595
0.41548436500703795,0.3161905464488542,0.26832508854410775,0.8842596383143981
0.38721495524196053,0.40843227236398355,0.204352772394056,0.9898152391184206
0.38676164516502465,0.3510445245065099,0.2621938303284653,0.8842596383143981
0.5331795292343241,0.34820655805083417,0.1186139127148417,0.847222585400706
0.33069554640493604,0.4071967029614285,0.26210775063363545,0.8250003536524908
0.35681306848522176,0.4527420983036196,0.1904448332111586,0.9509263335590439
0.4015884573150753,0.3808099284828395,0.2176016142020852,0.9694448600158899
0.42274577880199143,0.4111772612981911,0.16607695989981747,0.9398152176849363
0.2973587751408704,0.45180032123643893,0.2508409036226906,0.800926269258591
0.4130545237524551,0.4125454449280745,0.17440003131947032,0.9546300388504131
0.3742103794407281,0.40320043438857506,0.22258918617069676,0.9435189229763054
0.4038195617223247,0.4507790274045428,0.14540141087313252,0.9231485438737749
0.4640030362774116,0.39822783408351903,0.13776912963906932,0.8935189015428212
0.42185396462374936,0.4114474900868526,0.16669854528939806,0.9398152176849363
0.33577738972108007,0.45189907241575694,0.21232353786316305,0.9101855753539825
0.402560477651629,0.35788909991652396,0.23955042243184707,0.9250003965194594
0.3737876731919852,0.3754328385753226,0.2507794882326921,0.9009263121255595
0.4681139777161382,0.401845155433841,0.1300408668500208,0.8861114909600827
0.40418075356556,0.38001603232895537,0.21580321410548456,0.9694448600158899
0.44332743959064874,0.42350470184503075,0.1331678585643205,0.8972226068341903
0.38292645603289804,0.4324490183776025,0.1846245255894994,0.9805559758899974
0.37331721176243243,0.46323893551372824,0.1634438527238393,0.94537077562199
0.38773924666828385,0.4396556702892236,0.17260508304249264,0.9657411547245207
0.3576166261274338,0.39810839920781005,0.2442749746647561,0.8861114909600827
0.3251373582263759,0.47901584178551626,0.1958467999881079,0.9138892806453518
0.33829223944311637,0.3769444263616407,0.2847633341952429,0.8064818271956448
0.4021615270429516,0.36908906046404333,0.228749412493005,0.94537077562199
0.44111399962742937,0.399469658186583,0.15941634218598785,0.917592985936721
0.41544756869623806,0.4215354023335027,0.16301702897025933,0.94537077562199
0.45858636884159637,0.3602673545492718,0.18114627660913193,0.9212966912280902
0.43276547663180226,0.3564196349458963,0.21081488842230156,0.94537077562199
0.4281985668881518,0.4333116798365549,0.13848975327529325,0.899074459479875
0.4046358448675287,0.43122193333432407,0.1641422217981473,0.9472226282676747
0.3809731160757523,0.38863077556578807,0.2303961083584596,0.9305559544565132
0.37304895938343235,0.40757791056467224,0.21937313005189535,0.94537077562199
0.4355425949764027,0.30607997932710396,0.2583774256964933,0.8842596383143981
0.4186112022346011,0.31117154415671266,0.27021725360868637,0.8824077856687135
0.5087118921277521,0.3280383231029623,0.16324978476928556,0.8805559330230288
0.44020026875461576,0.4291405648798623,0.13065916636552177,0.8935189015428212
0.37450051295377634,0.40980082444103033,0.21569866260519335,0.9509263335590439
0.42795592323015896,0.37758095617634696,0.19446312059349413,0.9583337441417822
0.49540963596706,0.33873081659195164,0.16585954744098833,0.8861114909600827
0.39381805789212204,0.4261756529937991,0.1800062891140788,0.9824078285356821
0.44304498481753396,0.35039849128811346,0.2065565238943526,0.9398152176849363
0.44728635876000944,0.383438288988255,0.16927535225173543,0.9212966912280902
0.4449136848385127,0.36025471855135927,0.19483159661012803,0.9416670703306208
0.4115336341165941,0.4394387814328436,0.14902758445056227,0.926852249165144
0.42211434730666847,0.36968221161007114,0.20820344108326036,0.9564818914960976
0.46961850455027493,0.4099760739009568,0.12040542154876822,0.8805559330230288
0.3793927483660437,0.38865536530181694,0.23195188633213934,0.9287041018108285
0.4447737828452741,0.37475809314938424,0.1804681240053417,0.9305559544565132
0.36676452281990196,0.4224431280085464,0.21079234917155149,0.9472226282676747
0.34066904499614564,0.4563764179719147,0.20295453703193958,0.9250003965194594
0.43519139814205776,0.4012613419820267,0.16354725987591556,0.926852249165144
0.4265501601358759,0.405716526913834,0.16773331295029006,0.936111512393567
0.36766407125730255,0.34465352860190057,0.2876824001407968,0.8324077642352292
0.34998539556088043,0.448382665818584,0.2016319386205355,0.9416670703306208
0.49724415274824385,0.32290679296295033,0.17984905428880585,0.8916670488971365
0.40140612994823166,0.38450715909591354,0.21408671095585471,0.973148565307259
0.38236611267361326,0.36343919679503356,0.25419469053135313,0.8953707541885056
0.4371148940043774,0.3700710379930839,0.19281406800253872,0.9490744809133592
0.3757992537259738,0.4791481841936035,0.14505256208042266,0.917592985936721
0.3833895868322585,0.40478186401267596,0.21182854915506555,0.9657411547245207
0.3899869643763911,0.36143353628446584,0.24857949933914308,0.9064818700626134
0.39534461426621975,0.4600202766042728,0.14463510912950747,0.9194448385824056
0.43393211533111986,0.4452011401117081,0.12086674455717196,0.8824077856687135
0.4552367250350251,0.40512025029722604,0.1396430246677489,0.8972226068341903
0.44288095678516615,0.32413602593518703,0.2329830172796468,0.917592985936721
0.33766653204288155,0.41981271598578956,0.2425207519713289,0.8583337012748137
0.42089078864732843,0.39597390561527773,0.18313530573739392,0.9601855967874668
0.32962430428431827,0.4331470599625555,0.23722863575312608,0.856481848629129
0.46333423524289913,0.3053080307538499,0.23135773400325096,0.908333722708298
0.5203380585241159,0.35877251969797125,0.12088942177791298,0.8509262906920753
0.39613810595730786,0.36668166444977984,0.23718022959291238,0.9250003965194594
0.35365325428982486,0.49502526440552713,0.15132148130464804,0.917592985936721
0.35835373420991007,0.35848509781361076,0.28316116797647917,0.8268522062981755
0.4289988643170916,0.4008377441876003,0.1701633914953081,0.9398152176849363
0.42554533563953373,0.33876872169232436,0.23568594266814194,0.9231485438737749
0.4057820991578114,0.3927681602803862,0.20144974056180237,0.9879633864727358
0.3565879106541949,0.44492071560261043,0.19849137374319473,0.9472226282676747
0.34535959565019,0.47841475049825943,0.17622565385155073,0.936111512393567
0.366605033319757,0.43171126385363107,0.2016837028266118,0.9583337441417822
0.31187526457231907,0.47060684712725276,0.21751788830042826,0.8638892592118675
0.3848212129700804,0.3437924339820572,0.27138635304786246,0.8620374065661829
0.3821723068012343,0.36655936176623916,0.25126833143252647,0.9027781647712442
0.4816077492454615,0.3475751073242557,0.17081714343028281,0.8972226068341903
0.38632380766899904,0.49579368622409464,0.11788250610690626,0.8824077856687135
0.3625588282521414,0.3962889307900583,0.24115224095780038,0.8972226068341903
0.3858594510972088,0.4862319872939929,0.12790856160879824,0.8953707541885056
0.4816962322228969,0.3341023209345935,0.1842014468425096,0.9009263121255595
0.4912462221986396,0.35281301446831886,0.1559407633330414,0.8824077856687135
0.3980080141928781,0.3976111203171081,0.20438086549001366,0.9898152391184206
0.439803705002076,0.40948901089642187,0.1507072841015021,0.9120374279996671
0.37394481803066226,0.3406979017255752,0.28535728024376256,0.8361114695265984
0.42120641083268945,0.3843016012603265,0.19449198790698405,0.963889302078836
0.47182325745072595,0.3187573878767524,0.2094193546725217,0.9194448385824056
0.43272763986962975,0.455501153982531,0.11177120614783914,0.8712966697946058
0.4041527006504149,0.41437429489276434,0.18147300445682074,0.9787041232443129
0.3770175462774852,0.41578058862275336,0.2072018650997615,0.9675930073702053
0.34174843054008597,0.42938065002345105,0.22887091943646293,0.8935189015428212
0.3439053878005368,0.3997260859763738,0.2563685262230894,0.8490744380463907
0.48612036742916737,0.39097751598274927,0.12290211658808331,0.8675929645032366
0.45606789186806357,0.4292814848792331,0.11465062325270328,0.8787040803773444
0.41669852616704467,0.4079292944866878,0.17537217934626745,0.9564818914960976
0.4601225814714561,0.4178187202848075,0.12205869824373639,0.8842596383143981
0.3952881028050701,0.4960178394329019,0.10869405776202795,0.8712966697946058
0.38445686116554734,0.3980170753104717,0.21752606352398093,0.9546300388504131
0.47326077638294933,0.3610972211889756,0.16564200242807509,0.9009263121255595
0.45530193830802645,0.3972505549383433,0.14744750675363022,0.9009263121255595
0.45727968024016347,0.384304132035457,0.15841618772437954,0.8972226068341903
0.37477787554390884,0.35987910388815625,0.26534302056793485,0.8712966697946058
0.36695634102184954,0.4099482330525523,0.2230954259255982,0.9212966912280902
0.3474649566060317,0.4968317845657425,0.15570325882822578,0.9194448385824056
0.4898278993139284,0.3281340621924351,0.18203803849363637,0.8972226068341903
0.3118054766582488,0.49108350159500164,0.19711102174674952,0.8879633436057673
0.42654825505693833,0.31900282356018805,0.2544489213828736,0.8972226068341903
0.3552608012608266,0.49823492698877087,0.14650427175040262,0.9138892806453518
0.4026113818727457,0.3659057657587946,0.23148285236845972,0.9379633650392516
0.42087414636584886,0.3191365555740467,0.25998929806010446,0.8972226068341903
0.39713569742527244,0.4115917867180423,0.19127251585668523,0.9879633864727358
0.41180888515299074,0.4462303619587265,0.14196075288828278,0.9212966912280902
0.30637166750390343,0.4302111284526659,0.2634172040434308,0.7916670060301679
0.3912465271118488,0.3698255796565747,0.23892789323157643,0.9194448385824056
0.4666520090896347,0.37293019545896366,0.16041779545140156,0.8953707541885056
0.45205544094000144,0.4404176649017601,0.10752689415823848,0.8694448171489213
0.3723231594011307,0.3742913222835462,0.253385518315323,0.8953707541885056
0.3435356022209843,0.3626140597499698,0.29385033802904587,0.8083336798413293
0.36733874117824444,0.4711146883436787,0.16154657047807688,0.9379633650392516
0.35037968404394293,0.3818658966071127,0.26775441934894434,0.8398151748179676
0.4219334287779204,0.41737026419772666,0.16069630702435295,0.9324078071021978
0.4646344268140296,0.36538897272295323,0.16997660046301705,0.9009263121255595
0.5331296496114282,0.33660815780006104,0.13026219258851074,0.8509262906920753
0.4361465727092335,0.389833800022539,0.17401962726822742,0.9324078071021978
0.3859530049857238,0.35600805718408246,0.25803893783019377,0.8916670488971365
0.47115110430175705,0.3744532524984674,0.15439564319977556,0.8916670488971365
0.3967227055043193,0.44117189668549045,0.16210539781019023,0.9416670703306208
0.41767847936231445,0.3754539770808596,0.20686754355682593,0.9712967126615745
0.3738384791911236,0.346485800598629,0.2796757202102475,0.8453707327550215
0.4293485450004132,0.311087826099474,0.25956362890011286,0.8879633436057673
0.34978662890652934,0.421439671432969,0.2287736996605017,0.9046300174169287
0.4566055616345597,0.36108616108452823,0.18230827728091212,0.9231485438737749
0.41387272755506993,0.4324910131688083,0.1536362592761218,0.9324078071021978
0.3003205031030478,0.42774564630364365,0.2719338505933085,0.7805558901560603
0.4532073067829241,0.3740045114317021,0.17278818178537386,0.9101855753539825
0.33367992714666267,0.5305637490577662,0.13575632379557115,0.8898151962514519
0.42336849035483465,0.3617014791093575,0.2149300305358078,0.9527781862047284
0.4147249684475924,0.44909962797818576,0.13617540357422186,0.9046300174169287
0.33224032965616634,0.3599211930494496,0.30783847729438407,0.7805558901560603
0.4260528984155036,0.3764323124311892,0.1975147891533072,0.9583337441417822
0.4120096818007526,0.3188256326181786,0.26916468558106893,0.8842596383143981
0.3980169006361858,0.3906256380108884,0.21135746135292582,0.9787041232443129
0.34753260654768264,0.3743377778362329,0.2781296156160844,0.8250003536524908
0.35718608721168477,0.4746129043538189,0.16820100843449642,0.936111512393567
0.4167261666188678,0.394536185147292,0.18873764823384015,0.9750004179529437
0.4365989879113104,0.3535850792277186,0.20981593286097103,0.9416670703306208
0.3543499007637332,0.38799448732601494,0.257655611910252,0.8583337012748137
0.49848712464306294,0.38291067926819344,0.11860219608874356,0.8583337012748137
0.3997180456867894,0.47520713977555884,0.12507481453765165,0.8953707541885056
0.4051517594372811,0.4255429436823794,0.16930529688033957,0.9564818914960976
0.5100138349244462,0.3608185886324046,0.12916757644314925,0.8620374065661829
0.41170635684755125,0.368710441442111,0.2195832017103378,0.9564818914960976
0.38693979894574104,0.34925723765492434,0.2638029633993345,0.8787040803773444
0.4366318746513802,0.41674689782068103,0.14662122752793869,0.9120374279996671
0.46012080994122784,0.40965469998683035,0.1302244900719418,0.8898151962514519
0.43916265959684747,0.2973671395092322,0.26347020089392026,0.8787040803773444
0.4164325404988892,0.36060745368084873,0.22296000582026196,0.9472226282676747
0.4013960524595367,0.3775923765557887,0.22101157098467467,0.9620374494331515
0.3787169426625296,0.384592678815174,0.23669037852229644,0.9212966912280902
0.39227564553494,0.44602916547881205,0.16169518898624796,0.94537077562199
0.45468797545777756,0.44671732300634087,0.09859470153588155,0.8583337012748137
0.415253164186703,0.4566119760029032,0.12813485981039374,0.8953707541885056
0.4121564310174807,0.48142427622820955,0.10641929275430984,0.865741111857552
0.4054905279075182,0.33166527527602946,0.2628441968164524,0.8898151962514519
0.4195673491169527,0.41501830779553067,0.16541434308751654,0.9398152176849363
0.4274654518428114,0.42429964911633594,0.14823489904085269,0.917592985936721
0.46933190226348714,0.30974362315901455,0.22092447457749836,0.9120374279996671
0.4404827744005492,0.4126174286300033,0.14689979696944752,0.908333722708298
0.41747154257462804,0.3497242474235136,0.23280421000185844,0.936111512393567
0.3541419636824297,0.4106863518149221,0.2351716845026481,0.8972226068341903
0.4375477679971305,0.3473973243087475,0.21505490769412205,0.9398152176849363
0.4557915413821751,0.4041917593776113,0.14001669924021357,0.8972226068341903
0.34521750541432433,0.5367352409764115,0.1180472536092642,0.8750003750859752
0.4064386377376373,0.34725980711388116,0.24630155514848145,0.908333722708298
0.40704950339877877,0.44231349149945515,0.15063700510176617,0.9305559544565132
0.44031667673706154,0.36937906893420136,0.19030425432873727,0.9435189229763054
0.3554571253228586,0.3965867341073578,0.24795614056978357,0.8787040803773444
0.4441153342480494,0.37548808281492446,0.18039658293702607,0.9305559544565132
0.4878272281042927,0.379080060969792,0.13309271092591532,0.8750003750859752
0.4178799962140453,0.40269734726778783,0.1794226565181669,0.9620374494331515
0.45698524689277936,0.4065013187503671,0.13651343435685345,0.8898151962514519
0.46939733252211585,0.36374298451340886,0.1668596829644752,0.9009263121255595
0.4075735570971796,0.32129732853287457,0.2711291143699459,0.8694448171489213
0.4769840120533269,0.33158759150722356,0.19142839643944956,0.9101855753539825
0.4108124413924392,0.42214223960006536,0.16704531900749534,0.9527781862047284
0.4009040503856436,0.3162283805843746,0.28286756902998167,0.847222585400706
0.32525458267403395,0.45881081451304195,0.21593460281292412,0.8861114909600827
0.4344868001507924,0.41489363993481276,0.15061955991439485,0.9138892806453518
0.4105663113954454,0.421331265078635,0.16810242352591956,0.9527781862047284
0.4863059171446543,0.39468897574293865,0.11900510711240692,0.865741111857552
0.39312909453591854,0.37954501165054066,0.2273258938135408,0.9416670703306208
0.49257366478209424,0.3304798317136969,0.17694650350420887,0.8916670488971365
0.4420849554606081,0.4299048517540627,0.12801019278532924,0.8898151962514519
0.4861017502598198,0.3619663140418381,0.1519319356983421,0.8824077856687135
0.39097393508044914,0.4017158747873473,0.20731019013220342,0.9842596811813666
0.3361433707959867,0.502151629231714,0.16170499997229928,0.9194448385824056
0.2976873170866869,0.43638753950922465,0.2659251434040884,0.7805558901560603
0.4053842395365813,0.3963551379724808,0.19826062249093776,0.9879633864727358
0.4511049796380255,0.34907236372221195,0.1998226566397626,0.936111512393567
0.38565518484116595,0.3623977851019029,0.25194703005693125,0.899074459479875
0.4644698381921095,0.3679328663454541,0.1675972954624364,0.9009263121255595
0.4272023329895521,0.3084044784240089,0.264393188586439,0.8805559330230288
0.39366437727574366,0.39079153889058216,0.21554408383367402,0.973148565307259
0.4344786874581978,0.34535221438569086,0.22016909815611138,0.936111512393567
0.3963878881803486,0.3390704198683051,0.2645416919513462,0.8824077856687135
0.3956672715676274,0.3717328611225927,0.23259986730977994,0.9305559544565132
0.4003764793830682,0.3734967092212684,0.22612681139566349,0.9490744809133592
0.39981478501230067,0.3966615854459175,0.2035236295417819,0.9898152391184206
0.4256679321158174,0.3134060418293346,0.26092602605484794,0.8879633436057673
0.45377567900494997,0.29257209259717243,0.2536522283978777,0.8750003750859752
0.34601612599592274,0.38982900314667185,0.26415487085740547,0.837963322172283
0.312710098299239,0.43645785142777915,0.2508320502729819,0.8212966483611216
0.4667561649412155,0.35024966059451806,0.18299417446426638,0.917592985936721
0.369450964646434,0.4330223301440044,0.19752670520956164,0.963889302078836
0.35668358757361834,0.4325282766067859,0.21078813581959574,0.9379633650392516
0.44287297644462664,0.3121651582689891,0.24496186528638414,0.899074459479875
0.38182129743472276,0.4607055307272568,0.15747317183802056,0.9379633650392516
0.412726140850869,0.4706702006856657,0.11660365846346539,0.8861114909600827
0.4693339800728771,0.4213183619712225,0.10934765795590033,0.8694448171489213
0.39352539607612386,0.4825038172546427,0.12397078666923346,0.8898151962514519
0.4123951733086576,0.3655960343972916,0.2220087922940508,0.9509263335590439
0.2867387519809451,0.4399256080238608,0.27333563999519406,0.7620373636992143
0.4615919125449263,0.4206044820529407,0.11780360540213304,0.8824077856687135
0.5245707342781681,0.3541454688184264,0.1212837969034055,0.8509262906920753
0.35879046056591396,0.39126025874065856,0.2499492806934276,0.8768522277316597
0.44531377078771717,0.3968941999545257,0.15779202925775712,0.9138892806453518
0.46460785400457283,0.358379792917441,0.1770123530779863,0.908333722708298
0.32290110543573386,0.4454111143497856,0.23168778021448067,0.8583337012748137
0.38378767922480833,0.35292252061681484,0.2632898001583768,0.8787040803773444
0.4005684515244375,0.3296858323003107,0.2697457161752518,0.8675929645032366
0.3284374503584768,0.3843905888780347,0.28717196076348844,0.7935188586758525
0.3873660870231786,0.43151567466914936,0.18111823830767207,0.9787041232443129
0.34333932876895407,0.4806898380752408,0.17597083315580506,0.9342596597478824
0.494939166651307,0.3576386014700326,0.1474222318786604,0.8768522277316597
0.3364148517813153,0.47275590311328697,0.19082924510539773,0.9305559544565132
0.40724342800674684,0.33987098470904126,0.25288558728421184,0.9009263121255595
0.3161894530845387,0.4443324393857262,0.23947810752973506,0.837963322172283
0.38642615986328177,0.39899461123685637,0.21457922889986195,0.9675930073702053
0.49562344860088237,0.38024432537129216,0.12413222602782553,0.8638892592118675
0.4149525430876692,0.3628106704971927,0.22223678641513817,0.9509263335590439
0.46910859131468224,0.3828839809284602,0.1480074277568575,0.8898151962514519
0.4537760866424387,0.40077807793190023,0.14544583542566106,0.899074459479875
0.4294288954966251,0.3372757358033336,0.2332953687000414,0.9231485438737749
0.36272799482025103,0.4711091649441606,0.1661628402355883,0.936111512393567
0.4840507420960321,0.37422949249665716,0.14171976540731088,0.8805559330230288
0.38059556913468806,0.398181513009654,0.22122291785565787,0.9472226282676747
0.33509270647920564,0.41052507856967024,0.2543822149511243,0.8453707327550215
0.4749712555235608,0.32075547483846,0.20427326963797923,0.9231485438737749
0.3320336047009372,0.3604004049186904,0.30756599038037247,0.7805558901560603
0.34509547968383114,0.41997512208225524,0.23492939823391362,0.8824077856687135
0.46155035183160087,0.43162165447654394,0.10682799369185518,0.8638892592118675
0.41210402762214,0.45525579494391777,0.13264017743394213,0.9027781647712442
0.467045968091332,0.3869371606724791,0.14601687123618906,0.8935189015428212
0.41262759481536165,0.3551559428154434,0.23221646236919485,0.9398152176849363
0.42184581757174466,0.4432557225899642,0.13489845983829107,0.899074459479875
0.3782442764914565,0.36397297837228604,0.25778274513625743,0.8898151962514519
0.42643193544778824,0.29600019442901054,0.27756787012320117,0.856481848629129
0.3231706036996105,0.4250639016057954,0.2517654946945942,0.8324077642352292
0.4027613494538068,0.37611145234348314,0.22112719820271007,0.9601855967874668
0.38852949022460276,0.48893839314005294,0.12253211663534426,0.8879633436057673
0.4157879451703093,0.3555028834766194,0.22870917135307117,0.9398152176849363
0.3811410504308669,0.4184796407973825,0.20037930877175067,0.9768522705986283
0.5102441967549609,0.3616334957111533,0.12812230753388573,0.8620374065661829
0.36562274484022317,0.34729904296224906,0.28707821219752777,0.8305559115895447
0.3416578928587061,0.4920265380141294,0.16631556912716444,0.9324078071021978
0.3278647270069518,0.44628938849696204,0.22584588449608614,0.8768522277316597
0.3789657257646258,0.389807831824318,0.23122644241105614,0.9287041018108285
0.30325992258013906,0.4379854514064125,0.25875462601344834,0.7972225639672218
0.42749194528794143,0.33787472895857634,0.23463332575348214,0.9212966912280902
0.40724896880915795,0.3964872687622268,0.1962637624286153,0.9861115338270514
0.3531126609757906,0.4260966190316667,0.22079071999254268,0.9194448385824056
0.4472768661192483,0.3840130735895967,0.16871006029115496,0.9212966912280902
0.3819383748887068,0.5078082028350629,0.11025342227623032,0.8675929645032366
0.43961548988671834,0.3860607303079817,0.1743237798052999,0.9305559544565132
0.39840971903138866,0.3556928390098165,0.24589744195879476,0.9101855753539825
0.4707950359616399,0.37686340250676853,0.15234156153159154,0.8935189015428212
0.4011887893547238,0.4625483203677031,0.13626289027757307,0.9138892806453518
0.3868633239152211,0.38842932255970397,0.22470735352507495,0.9472226282676747
0.31039492282543524,0.42154599234632667,0.2680590848282381,0.7953707113215371
0.34359033508856107,0.35542602654558636,0.3009836383658525,0.8064818271956448
0.33434712614651657,0.46828832991522845,0.19736454393825506,0.9212966912280902
0.34507847172785483,0.4682235594164484,0.18669796885569673,0.9435189229763054
0.40564057079552385,0.3743170485078739,0.22004238069660226,0.9601855967874668
0.3311142518727711,0.3764082130458605,0.2924775350813684,0.7935188586758525
0.3709095186161015,0.45500196011726407,0.17408852126663452,0.9583337441417822
0.4230372398063026,0.30346533860818414,0.27349742158551316,0.8768522277316597
0.458277085533892,0.40720462968532223,0.1345182847807857,0.8898151962514519
0.3688821347881918,0.44620751527081887,0.18491034994098934,0.9601855967874668
0.4649875741852522,0.3855232592602616,0.14948916655448616,0.8972226068341903
0.42419559414828517,0.4421544951303332,0.13364991072138155,0.899074459479875
0.3755313291443625,0.3460431840662761,0.2784254867893613,0.8453707327550215
0.39466716847755196,0.3601628366020036,0.2451699949204445,0.9101855753539825
0.4003389014689526,0.3620849557981708,0.2375761427328765,0.926852249165144
0.41733011687174665,0.3943524163873468,0.18831746674090652,0.973148565307259
0.3098765363942931,0.40422393632387565,0.28589952728183143,0.7768521848646911
0.37420359328946745,0.39432351680860794,0.2314728899019246,0.9212966912280902
0.4629545184478766,0.3454563890711544,0.191589092480969,0.9231485438737749
0.32963918215192867,0.35247020695832937,0.3178906108897421,0.7583336584078452
0.4546620420669104,0.2775684132001502,0.2677695447329394,0.8638892592118675
0.3916526639057936,0.4335434827965307,0.17480385329767562,0.973148565307259
0.3897653109085971,0.3845926439187065,0.22564204517269643,0.9435189229763054
0.4122259385179838,0.3846517954128777,0.20312226606913847,0.9842596811813666
0.4339951254452742,0.3350127215365006,0.23099215301822518,0.9212966912280902
0.4716799762149122,0.3043877829161503,0.22393224086893737,0.9064818700626134
0.3896038792193595,0.47466870984012216,0.1357274109405183,0.9101855753539825
0.3669448564874856,0.3912930878794164,0.241762055633098,0.9046300174169287
0.41206809296199076,0.376948466529239,0.21098344050877033,0.9694448600158899
0.47665026074701194,0.41662991217770773,0.10671982707528024,0.8638892592118675
0.41934679638426364,0.3777007019275018,0.2029525016882346,0.9712967126615745
0.35979912491461374,0.45274602356689003,0.18745485151849628,0.9583337441417822
0.4376275060968257,0.3268308494104435,0.23554164449273085,0.917592985936721
0.45239895542096076,0.280229520198665,0.26737152438037426,0.865741111857552
0.3429661649791287,0.4263909091160234,0.2306429259048479,0.8935189015428212
0.36365643191227826,0.3938171497812172,0.24252641830650454,0.899074459479875
0.3886978851324839,0.37295776886378895,0.23834434600372723,0.9212966912280902
0.3932971508545557,0.38553279565092574,0.22117005349451854,0.9583337441417822
0.39715461997656787,0.4755871577569594,0.12725822226647265,0.8953707541885056
0.4673295696094407,0.34418649991732564,0.1884839304732336,0.9212966912280902
0.3764468234523124,0.3824392697824913,0.2411139067651964,0.9157411332910363
0.4128180057045296,0.42596296850970483,0.1612190257857656,0.94537077562199
0.448820952123954,0.4138444186452594,0.13733462923078665,0.8953707541885056
0.3901668318062917,0.4021798873316614,0.20765328086204682,0.9824078285356821
0.3771153848417326,0.3610380892931845,0.26184652586508284,0.8768522277316597
0.4463138505260989,0.43749405853651685,0.11619209093738417,0.8787040803773444
0.39851552638744714,0.4069452984489558,0.19453917516359703,0.9935189444097898
0.3983722414515078,0.3894536898699407,0.21217406867855154,0.9768522705986283
0.39076714247611355,0.39906640799255977,0.21016644953132668,0.9750004179529437
0.5258605156236565,0.32513576231336017,0.14900372206298332,0.8601855539204983
0.2983460412133194,0.42498431754166127,0.27666964124501925,0.782407742801745
0.3685398046496246,0.5130300656184366,0.1184301297319388,0.8750003750859752
0.4980964126067891,0.3788502174056454,0.1230533699875655,0.8638892592118675
0.43862229657231544,0.38802171848887285,0.17335598493881182,0.9287041018108285
0.3509657225364169,0.4472349008399923,0.2017993766235909,0.9416670703306208
0.35254592710556243,0.41074720793502173,0.23670686495941598,0.8953707541885056
0.4114669553625686,0.44417892481180155,0.14435411982562987,0.9212966912280902
0.3699952231923191,0.48003063345317504,0.14997414335450598,0.9231485438737749
0.41832827300610465,0.45631207590945716,0.12535965108443814,0.8935189015428212
0.39103266343487836,0.33225432388951237,0.2767130126756093,0.8546299959834445
0.3714668611450671,0.4318528367145963,0.19668030214033655,0.9675930073702053
0.30097940517415117,0.41598381411686,0.28303678070898886,0.7712966269276373
0.36203432113067774,0.3995152464635202,0.238450432405802,0.9027781647712442
0.37970548775665497,0.37618218299347583,0.24411232924986917,0.9101855753539825
0.33818048604770895,0.41406784105509964,0.24775167289719144,0.856481848629129
0.38051546726779906,0.3565870771278683,0.2628974556043326,0.8750003750859752
0.3534654397936591,0.46256541566861326,0.18396914453772772,0.9509263335590439
0.4435388784391756,0.3264893434931552,0.2299717780676691,0.9194448385824056
0.41470586452295405,0.44335643840662176,0.1419376970704242,0.9120374279996671
0.4207488668095793,0.44443464684776235,0.1348164863426583,0.899074459479875
0.3744644422978242,0.3575504600202777,0.2679850976818981,0.8675929645032366
0.43127441567256214,0.41891259507585354,0.14981298925158434,0.9157411332910363
0.37953620492126733,0.42039614939889675,0.20006764567983587,0.9750004179529437
0.4676842560695748,0.3076378980656931,0.22467784586473202,0.908333722708298
0.3770841525296394,0.38181292432779423,0.2411029231425664,0.9157411332910363
0.41272599351796985,0.468978813584711,0.11829519289731927,0.8898151962514519
0.3269132799465661,0.453314334652365,0.21977238540106894,0.8842596383143981
0.45038165709602407,0.40094537437477207,0.1486729685292038,0.9046300174169287
0.487671886751548,0.34461585294223185,0.1677122603062201,0.8898151962514519
0.4159538811425044,0.4468711388789488,0.13717497997854675,0.9027781647712442
0.413146688466373,0.3207700645432888,0.2660832469903382,0.8861114909600827
0.33639470768044033,0.3958265151626558,0.26777877715690374,0.8212966483611216
0.42947380734399754,0.4059283589685072,0.16459783368749517,0.9287041018108285
0.3334775132194854,0.3946941405939684,0.2718283461865462,0.8194447957154369
0.3966478639252852,0.377556018390786,0.22579611768392865,0.9490744809133592
0.4283691764471825,0.3400747923081908,0.23155603124462673,0.9250003965194594
0.4617050844281179,0.31473304385358764,0.22356187171829445,0.9138892806453518
0.39251369425864213,0.4697950605802364,0.13769124516112136,0.9101855753539825
0.3858983205993897,0.446402078411278,0.16769960098933231,0.9583337441417822
0.36771077675797137,0.3898827275698602,0.24240649567216835,0.9027781647712442
0.4046875231619644,0.4431055038448077,0.15220697299322797,0.9324078071021978
0.4182411154102857,0.4072530835399694,0.17450580104974497,0.9509263335590439
0.4268660244082865,0.36834587250563466,0.20478810308607884,0.9620374494331515
0.3553412199869102,0.5042969111944413,0.1403618688186486,0.9064818700626134
0.3998850688748436,0.39231402696289164,0.20780090416226485,0.9824078285356821
0.37445395167347384,0.43952997800110805,0.18601607032541811,0.9657411547245207
0.3808058481200931,0.32502113300116925,0.2941730188787377,0.82870405894386
0.43180597454108377,0.37960625860982794,0.1885877668490883,0.9490744809133592
0.38455843861739303,0.4148522098765701,0.20058935150603688,0.9861115338270514
0.4094755787749863,0.33798069391334146,0.25254372731167224,0.9009263121255595
0.4282691586482207,0.3111740215716357,0.2605568197801436,0.8879633436057673
0.33573304462711606,0.4813540094744637,0.18291294589842028,0.9305559544565132
0.392926544588538,0.3912877967746685,0.2157856586367935,0.973148565307259
0.48978019976185805,0.38597570374605195,0.12424409649209005,0.8675929645032366
0.39882590669353846,0.35073667057134655,0.250437422735115,0.9046300174169287
0.3379474999523841,0.4531858524275144,0.20886664762010135,0.9157411332910363
0.4368011943774684,0.30703754342229667,0.2561612622002349,0.8861114909600827
0.43921782925124364,0.3602313207402031,0.2005508500085532,0.9472226282676747
0.4582580943790893,0.3388842442375672,0.20285766138334352,0.9342596597478824
0.4302849376223263,0.37310987792906336,0.19660518444861028,0.9583337441417822
0.4205173020174264,0.4091580387284691,0.17032465925410464,0.94537077562199
0.4119977898063396,0.34281858568386664,0.24518362450979378,0.9120374279996671
0.40680261631373255,0.38139837123929904,0.21179901244696853,0.973148565307259
0.4138947025727217,0.3426512512499848,0.24345404617729355,0.9194448385824056
0.34418324250207016,0.4251226240305324,0.23069413346739742,0.8935189015428212
0.36759564658350474,0.34741930463921733,0.28498504877727787,0.8342596168809139
0.3909568475377471,0.31083512282675935,0.29820802963549353,0.8250003536524908
0.2974853686949943,0.4191802624227322,0.2833343688822735,0.7620373636992143
0.43448931803098473,0.4102736723517201,0.15523700961729506,0.9157411332910363
0.39231634753836403,0.3483198033669734,0.25936384909466265,0.8935189015428212
0.30824095873482443,0.3964599980779633,0.2952990431872123,0.7601855110535296
0.44198172424082804,0.4040191642810673,0.1539991114781047,0.9138892806453518
0.4183350765037885,0.39925806689391397,0.1824068566022976,0.9620374494331515
0.328302354691207,0.4804824907937868,0.19121515451500626,0.9138892806453518
0.37855872104887617,0.41723545282984476,0.20420582612127905,0.973148565307259
0.39920332622198895,0.38309420951456213,0.217702464263449,0.9712967126615745
0.34275177104332855,0.43464698046218453,0.22260124849448687,0.908333722708298
0.33467579734560304,0.3876842304962999,0.27763997215809705,0.8138892377783832
0.37312006691386623,0.4638754811485869,0.16300445193754687,0.94537077562199
0.3197416175500989,0.3681812854297827,0.3120770970201183,0.7620373636992143
0.40033918990306244,0.4278292608049137,0.17183154929202388,0.963889302078836
0.34902660710817424,0.4440431621769604,0.2069302307148653,0.9379633650392516
0.47546316169568,0.32410992425374563,0.20042691405057442,0.9212966912280902
0.3501740378481212,0.387233510595795,0.26259245155608385,0.8435188801093368
0.41632086098910726,0.39522482834747363,0.18845431066341903,0.9750004179529437
0.34763241047439686,0.40539290064723377,0.24697468887836924,0.8583337012748137
0.4417940873188635,0.4114878512776877,0.14671806140344876,0.9064818700626134
0.4483507328378544,0.3970165905246569,0.15463267663748864,0.9046300174169287
0.44325790933154213,0.291310148363129,0.2654319423053288,0.8712966697946058
0.3730439720506621,0.4064640773905776,0.22049195055876034,0.9435189229763054
0.42423593682153293,0.3784582481631895,0.1973058150152775,0.9620374494331515
0.36990963585131426,0.47657588096582737,0.1535144831828583,0.926852249165144
0.4120592608665402,0.37058289232101654,0.21735784681244327,0.963889302078836
0.35499609753716155,0.3649249986066991,0.28007890385613937,0.82870405894386
0.4300659383275872,0.42983953437245515,0.14009452729995756,0.9009263121255595
0.442831394570057,0.40335370778429164,0.15381489764565154,0.9120374279996671
0.3650832931002734,0.375887766102474,0.2590289407972526,0.8768522277316597
0.47810788548014,0.37277516657571047,0.14911694794414954,0.8805559330230288
0.31821083947376594,0.4300760841515575,0.25171307637467644,0.8268522062981755
0.4563009372646272,0.39319566902549896,0.15050339370987384,0.9009263121255595
0.4460637257716452,0.3245252062721264,0.22941106795622845,0.9231485438737749
0.4508770378362151,0.3993683435588922,0.14975461860489264,0.9027781647712442
0.3235632980619725,0.422071237132576,0.2543654648054514,0.8305559115895447
0.45458706657605663,0.4304992116566731,0.1149137217672702,0.8787040803773444
0.44397080497889696,0.4134359448374176,0.14259325018368546,0.899074459479875
0.43782664409317995,0.3710769245007963,0.1910964314060238,0.94537077562199
0.39327269293593964,0.40441562949514887,0.20231167756891147,0.9935189444097898
0.3326414162954532,0.3755822764654421,0.29177630723910464,0.7935188586758525
0.3808057204581267,0.4133859785533129,0.20580830098856032,0.9750004179529437
0.3529129429640589,0.3844909806491079,0.2625960763868331,0.8490744380463907
0.42877747123948523,0.39941757382882237,0.1718049549316924,0.9416670703306208
0.448784609844559,0.4034508451745896,0.1477645449808513,0.9046300174169287
0.3844641115623704,0.39200467093871033,0.22353121749891935,0.9472226282676747
0.44578568914716915,0.32292174229641835,0.23129256855641253,0.9194448385824056
0.3544619986492164,0.42342910665415934,0.2221088946966243,0.9194448385824056
0.4454854195994644,0.4219463368067788,0.13256824359375682,0.8972226068341903
0.3427179289673732,0.41639592096765765,0.2408861500649692,0.8712966697946058
0.40189774537755674,0.43357744198986586,0.16452481263257734,0.9472226282676747
0.4234093194526031,0.44087186265685524,0.13571881789054163,0.899074459479875
0.35951321942988057,0.4195291530063447,0.2209576275637747,0.9250003965194594
0.39724934415039687,0.40660763933201144,0.19614301651759158,0.9935189444097898
0.3558476094066752,0.40879740348136867,0.23535498711195615,0.9046300174169287
0.41126868310795955,0.37019392768442533,0.21853738920761517,0.9583337441417822
0.4018609093084931,0.47484292468666794,0.12329616600483896,0.8916670488971365
0.3196147622231312,0.40740747834585056,0.27297775943101826,0.8046299745499601
0.33311051468982816,0.3960833070436829,0.2708061782664889,0.8194447957154369
0.3413401719331067,0.4116598477617809,0.24699998030511247,0.8601855539204983
0.45413311431551473,0.36228412141409594,0.1835827642703894,0.9250003965194594
0.4715413759331418,0.4241423423678782,0.10431628169897986,0.8620374065661829
0.4484281361542217,0.3045022657694141,0.2470695980763643,0.8916670488971365
0.3385666348931492,0.4888288806089733,0.17260448449787744,0.9287041018108285
0.4267112219255589,0.38512609256065716,0.18816268551378387,0.9546300388504131
0.4139572892540803,0.43480338469298185,0.15123932605293774,0.9287041018108285
0.35066648197426387,0.3998776288185934,0.24945588920714265,0.8601855539204983
0.427396840551697,0.3862470058655729,0.18635615358273008,0.9527781862047284
0.455671263090071,0.3119729020137342,0.23235583489619482,0.917592985936721
0.3912329371642119,0.48373427186143403,0.1250327909743541,0.8898151962514519
0.40069116250227566,0.38011563472437365,0.21919320277335058,0.9657411547245207
0.33250032711340105,0.4419552679871815,0.22554440489941743,0.8805559330230288
0.3858469155711114,0.39386613556374367,0.2202869488651449,0.9527781862047284
0.42686095029398397,0.32775312791017286,0.24538592179584318,0.9120374279996671
0.48338679060051076,0.3814972963205626,0.13511591307892665,0.8805559330230288
0.34434045390509166,0.4289423321960962,0.2267172138988121,0.899074459479875
0.43625214400025575,0.3845286186110358,0.17921923738870854,0.9379633650392516
0.37360041154553986,0.41458770681456103,0.21181188163989909,0.9546300388504131
0.3604362775601446,0.39038826615815164,0.2491754562817037,0.8842596383143981
0.3625130822464511,0.4051073934661299,0.23237952428741904,0.9101855753539825
0.41203251257976753,0.3694714461242426,0.21849604129598987,0.9583337441417822
0.47480319174906416,0.336180362175595,0.18901644607534088,0.9101855753539825
0.44184665619852326,0.3557417204685281,0.20241162333294868,0.94537077562199
0.4504861139345463,0.36346599174911665,0.18604789431633698,0.926852249165144
0.47221586180427844,0.3928535618314775,0.1349305763642441,0.8879633436057673
0.45515652071719126,0.346110461923567,0.19873301735924165,0.936111512393567
0.3598385592090539,0.4882626432566262,0.1518987975343199,0.9212966912280902
0.34187583222636464,0.42037481674356103,0.2377493510300743,0.8712966697946058
0.34083782620828434,0.46546899963248367,0.19369317415923196,0.9342596597478824
0.4724672574355751,0.3891971344117397,0.13833560815268528,0.8898151962514519
0.4316665159411657,0.38681728319596687,0.18151620086286746,0.9416670703306208
0.4325841704270137,0.4395700385434927,0.1278457910294937,0.8916670488971365
0.42230226959795497,0.3272701686420048,0.2504275617600402,0.9027781647712442
0.4161975086532604,0.4740186100046484,0.10978388134209122,0.8620374065661829
0.3796817025587911,0.4345793462528242,0.1857389511883847,0.9750004179529437
0.35632415668799766,0.49079395504756373,0.15288188826443863,0.917592985936721
0.35573549117159714,0.453595346855321,0.19066916197308192,0.9509263335590439
0.4714030091288849,0.324115999203362,0.2044809916677532,0.926852249165144
0.34059834105357195,0.347047710502395,0.31235394844403297,0.7805558901560603
0.357698151064375,0.44349255641893054,0.19880929251669446,0.9472226282676747
0.38736491919448607,0.5032152046771894,0.10941987612832461,0.8712966697946058
0.38045641813158976,0.43313554402908255,0.18640803783932786,0.9750004179529437
0.4965128751577979,0.31627910306917695,0.1872080217730252,0.899074459479875
0.321650048417628,0.40765871962247363,0.27069123195989836,0.8064818271956448
0.38112506229879317,0.4674044280499432,0.15147050965126357,0.926852249165144
0.3754280336745929,0.35699632546175486,0.2675756408636524,0.8675929645032366
0.46116963772132114,0.4045175012072693,0.13431286107140955,0.8879633436057673
0.4000568525729596,0.4180022324196878,0.18194091500735263,0.9824078285356821
0.4324777723698629,0.3792337914398226,0.18828843619031457,0.9490744809133592
0.3106685201856206,0.4540718605229578,0.23525961929142153,0.8342596168809139
0.32530707703850975,0.45814816418975746,0.21654475877173274,0.8861114909600827
0.3495740179886746,0.4328001859044408,0.2176257961068847,0.9231485438737749
0.3050060207982271,0.44781129853085444,0.24718268067091848,0.8157410904240678
0.43009844337733194,0.38910630458138584,0.1807952520412822,0.94537077562199
0.4520106775796692,0.4298319153412318,0.11815740707909896,0.8805559330230288
0.3812896789927911,0.43697229187740577,0.18173802912980305,0.973148565307259
0.34187088513631625,0.503630039007294,0.1544990758563898,0.9101855753539825
0.4134485401122748,0.39136941737985803,0.19518204250786725,0.973148565307259
0.4530702792122402,0.40541624228296,0.1415134785047997,0.899074459479875
0.3880277120524152,0.3883135768624273,0.22365871108515745,0.9490744809133592
0.33599763097756974,0.3770492440825659,0.2869531249398645,0.800926269258591
0.5205802747541033,0.34991587591469137,0.1295038493312053,0.8546299959834445
0.36289441688180774,0.4451747001288143,0.19193088298937783,0.9583337441417822
0.41970266311157906,0.3372796920219466,0.2430176448664743,0.9194448385824056
0.42388571156650207,0.3432591568068825,0.23285513162661542,0.9231485438737749
0.4747071408453402,0.32817925185070385,0.19711360730395602,0.9120374279996671
0.3465066888146785,0.44455963182889335,0.20893367935642806,0.9342596597478824
0.40059972175655006,0.4312523917530442,0.16814788649040563,0.9546300388504131
0.47298378022685345,0.39815893060031793,0.12885728917282852,0.8842596383143981
0.4138581490418044,0.43220787781587283,0.1539339731423227,0.9342596597478824
0.42546618710093714,0.4343040917165049,0.14022972118255805,0.9027781647712442
0.5145863056294082,0.33995586230995467,0.14545783206063714,0.865741111857552
0.32187721995301316,0.4575224961069174,0.2206002839400696,0.8768522277316597
0.35093469312925457,0.41215727742592595,0.2369080294448195,0.8953707541885056
0.3004969914214472,0.45211568598628216,0.24738732259227073,0.810185532487014
0.37201700687095995,0.4577149205133186,0.17026807261572152,0.9527781862047284
0.42927914632052727,0.3746382917239297,0.196082561955543,0.9583337441417822
0.3348402453004107,0.47874361852814695,0.18641613617144237,0.9305559544565132
0.39253642297213465,0.3572022696611206,0.2502613073667446,0.9009263121255595
0.3596586054419222,0.39371104743920626,0.2466303471188715,0.8861114909600827
0.3511107109981171,0.4960738589615867,0.1528154300402962,0.917592985936721
0.41241044043445746,0.4055700583918052,0.18201950117373747,0.9750004179529437
0.4424236632529998,0.36317793864014924,0.19439839810685097,0.9435189229763054
0.45179456574035176,0.3812764045058036,0.1669290297538447,0.9101855753539825
0.38664989133662014,0.451414954159309,0.1619351545040709,0.94537077562199
0.3211513146936708,0.42442795536917843,0.25442072993715076,0.8268522062981755
0.40191941685428056,0.43688167881947215,0.16119890432624734,0.94537077562199
0.3661378920078414,0.3864285910885364,0.24743351690362209,0.8972226068341903
0.41978107378449747,0.41388404855787014,0.1663348776576323,0.9416670703306208
0.40426663912376615,0.340355963498712,0.25537739737752185,0.8972226068341903
0.43231148244248874,0.3294311604901529,0.2382573570673584,0.9212966912280902
0.39840104497281204,0.4772522729923372,0.1243466820348508,0.8916670488971365
0.35202867966980705,0.4951318096281769,0.1528395107020161,0.9194448385824056
0.4443720555638237,0.33831692746093867,0.21731101697523764,0.9324078071021978
0.43776931181213613,0.4015578952680236,0.16067279291984024,0.9212966912280902
0.42289811310117015,0.37858582553203635,0.1985160613667935,0.9620374494331515
0.36110702677974915,0.40892820888633835,0.22996476433391255,0.9138892806453518
0.396200009776711,0.4001133900314699,0.20368660019181908,0.9898152391184206
0.32975200910960395,0.45093638816998266,0.21931160272041345,0.8916670488971365
0.44612905393720553,0.3488133542877286,0.20505759177506588,0.9416670703306208
0.3649507005165865,0.4401997116487484,0.19484958783466508,0.9601855967874668
0.37850850904549577,0.49855867148160266,0.12293281947290154,0.8916670488971365
0.4086635638072045,0.3277781146909786,0.26355832150181685,0.8898151962514519
0.4351832794701063,0.32035482166537854,0.24446189886451525,0.908333722708298
0.32842854219751416,0.4417797544431403,0.22979170335934554,0.8712966697946058
0.4360626684692495,0.28718991849902725,0.2767474130317231,0.856481848629129
0.41536040028016963,0.33665599455655193,0.24798360516327844,0.9046300174169287
0.37373090608194043,0.49776081427458607,0.12850827964347358,0.8953707541885056
0.45522059177616325,0.42155188065652494,0.12322752756731177,0.8861114909600827
0.4124713888863454,0.35812940104631963,0.22939921006733502,0.9398152176849363
0.38350409609224695,0.44675745867350897,0.16973844523424414,0.9601855967874668
0.3920320379036362,0.48857951198376076,0.11938845011260309,0.8842596383143981
0.4056913357253679,0.3971430608036374,0.19716560347099465,0.9898152391184206
0.404811559136053,0.46265131127389714,0.13253712959004985,0.9046300174169287
0.3422825586426639,0.3770839899846083,0.2806334513727278,0.810185532487014
0.30015566098508595,0.40736194337187875,0.2924823956430353,0.7509262478251066
0.47678601561890926,0.4091347090103813,0.11407927537070946,0.8694448171489213
0.4620895559553848,0.41602773679062954,0.12188270725398564,0.8842596383143981
0.30812962316638065,0.4658368167052603,0.22603356012835912,0.8509262906920753
0.4029881427256166,0.41158533542945175,0.18542652184493158,0.9805559758899974
0.4234044945285902,0.4051416986528806,0.17145380681852923,0.94537077562199
0.36430331195761695,0.4281937450173559,0.20750294302502723,0.9546300388504131
0.43956024587211323,0.35704254187619155,0.20339721225169513,0.94537077562199
0.39282151909232216,0.38552092380390807,0.2216575571037699,0.9564818914960976
0.3990410358353627,0.46218502226768776,0.13877394189694953,0.9138892806453518
0.37507171632931624,0.3956026626015333,0.22932562106915044,0.9250003965194594
0.4228862405817959,0.3625077231195481,0.21460603629865596,0.9527781862047284
0.4258410793363981,0.4529753966760102,0.12118352398759161,0.8842596383143981
0.3823255042527931,0.40574403712237544,0.21193045862483154,0.9657411547245207
0.39007034891507253,0.41388754969281155,0.196042101392116,0.9935189444097898
0.46765747396321344,0.3465230779446696,0.1858194480921169,0.9157411332910363
0.3697166561896513,0.4601094288193616,0.17017391499098708,0.9527781862047284
0.4036329907912483,0.47683584067602297,0.11953116853272874,0.8879633436057673
0.400606451101726,0.45677952110050263,0.14261402779777152,0.9194448385824056
0.33856936645015645,0.38717158816484004,0.2742590453850035,0.8194447957154369
0.42475635230363007,0.41258365454508406,0.16265999315128593,0.9342596597478824
0.49467498338718097,0.3858967610536294,0.11942825555918965,0.8620374065661829
0.46263270867372025,0.3526646053166243,0.18470268600965545,0.9212966912280902
0.37345940953086704,0.4417009409290229,0.18483964954011015,0.963889302078836
0.413448231601304,0.4679970990181539,0.11855466938054197,0.8916670488971365
0.386556096507452,0.41265956105955165,0.20078434243299634,0.9861115338270514
0.34540699124000485,0.43516300433988436,0.21943000442011068,0.9120374279996671
0.4021899900799555,0.34522975254468,0.2525802573753646,0.8972226068341903
0.46516529508396565,0.43980214703456294,0.09503255788147132,0.8527781433377598
0.4806146625756584,0.34895053821134764,0.17043479921299398,0.8972226068341903
0.32155744722500523,0.4337803018978296,0.24466225087716517,0.8398151748179676
0.36243457038744153,0.42290093783158067,0.2146644917809778,0.9379633650392516
0.42391519153508495,0.36766058296003934,0.20842422550487572,0.9564818914960976
0.5113564359945272,0.35685532783063917,0.13178823617483365,0.8620374065661829
0.3393865788655838,0.44678766565024036,0.21382575548417593,0.9120374279996671
0.4243403891910737,0.36264687596898065,0.2130127348399456,0.9509263335590439
0.2984735551468806,0.42219390464248513,0.2793325402106343,0.7787040375103758
0.3699619587174798,0.41569119095857043,0.21434685032394982,0.94537077562199
0.3531047184958153,0.5234723970340276,0.12342288447015703,0.8842596383143981
0.48568748015978386,0.3921230071260888,0.12218951271412723,0.8675929645032366
0.4086760409925842,0.3816738052192217,0.20965015378819413,0.9750004179529437
0.48945055383232206,0.36375119637716735,0.1467982497905106,0.8805559330230288
0.4012179150257478,0.3592230315272575,0.2395590534469946,0.9250003965194594
0.37823279037174573,0.41220458384542014,0.20956262578283405,0.9657411547245207
0.39561720992630645,0.44543714668670975,0.1589456433869838,0.936111512393567
0.358273397291227,0.4540089470342371,0.187717655674536,0.9546300388504131
0.3844496481204209,0.3884711544923836,0.22707919738719545,0.9379633650392516
0.4677520929329931,0.3737520519944618,0.15849585507254504,0.8935189015428212
0.41195395495150305,0.3702033158420586,0.21784272920643838,0.9583337441417822
0.41863292015807796,0.4153718968264447,0.16599518301547728,0.9416670703306208
0.39312891884309287,0.4553152753008626,0.15155580585604456,0.9231485438737749
0.4887289995840453,0.37744653520804566,0.13382446520790905,0.8750003750859752
0.31726144838588116,0.4462864846280674,0.23645206698605142,0.8398151748179676
0.4258740422973768,0.3636584701824493,0.21046748752017394,0.9509263335590439
0.3555507968196669,0.4273793624123714,0.21706984076796168,0.9250003965194594
0.36773208690867654,0.3387999243522811,0.2934679887390423,0.8231485010068061
0.4085451712518763,0.45752719071729864,0.13392763803082522,0.9027781647712442
0.43942765737599915,0.3380566904044677,0.2225156522195332,0.9305559544565132
0.5041756540987465,0.38553751659088276,0.11028682931037072,0.8490744380463907
0.37532924586307387,0.46285898718525403,0.16181176695167224,0.94537077562199
0.3215119400715178,0.4761864430326777,0.2023016168958045,0.9009263121255595
0.372335259726169,0.49944848760274,0.12821625267109096,0.8953707541885056
0.43403911218681485,0.3205857189839645,0.24537516882922067,0.908333722708298
0.35560746942101157,0.39344602534618317,0.25094650523280526,0.8712966697946058
0.3480049614704662,0.4789111806870223,0.17308385784251135,0.9379633650392516
0.39550883894790784,0.386043368376378,0.21844779267571418,0.9657411547245207
0.34827322450136955,0.43240024455579373,0.21932653094283672,0.9157411332910363
0.40858103714934857,0.42154134033516516,0.1698776225154862,0.9527781862047284
0.42345150576887747,0.4133492025898744,0.16319929164124816,0.9342596597478824
0.3735058453562684,0.44179768114690204,0.18469647349682963,0.963889302078836
0.459175613996166,0.3830858958151504,0.15773849018868358,0.8972226068341903
0.4460973066926852,0.35147926997785744,0.20242342332945737,0.9398152176849363
0.42381344635623275,0.39643873492693554,0.17974781871683185,0.9509263335590439
0.41580986287776056,0.39687992231626495,0.18731021480597457,0.973148565307259
0.4230687607370169,0.4335532116920289,0.14337802757095428,0.908333722708298
0.42972248484579295,0.3490724503507261,0.22120506480348096,0.9379633650392516
0.3902772499161876,0.3300505636812018,0.2796721864026105,0.847222585400706
0.42532413310273437,0.39225936897095,0.1824164979263156,0.9546300388504131
0.4479135039905866,0.3081859534497101,0.24390054255970342,0.899074459479875
0.3460895340723313,0.4886706844473611,0.16523978148030763,0.9305559544565132
0.4345743309682029,0.44681425531851493,0.1186114137132822,0.8805559330230288
0.36164550180173766,0.4571503935870884,0.18120410461117398,0.9564818914960976
0.443641330202435,0.3920579646007067,0.16430070519685833,0.9157411332910363
0.37589074197405686,0.35851253612152617,0.265596721904417,0.8694448171489213
0.3857844453966015,0.41129187839786857,0.2029236762055299,0.9898152391184206
0.3506787427950179,0.39934818950080697,0.24997306770417524,0.8601855539204983
0.3468567681126123,0.4232136580991742,0.22992957378821358,0.899074459479875
0.39646441417883643,0.469602940100821,0.13393264572034247,0.9101855753539825
0.328262094199306,0.4801675697427175,0.19157033605797655,0.9138892806453518
0.4426141411304538,0.45131215266089814,0.10607370620864807,0.865741111857552
0.4461565436245019,0.3647023900333868,0.18914106634211117,0.9324078071021978
0.41927331786854083,0.4783791349943546,0.10234754713710456,0.8527781433377598
0.36694699959882116,0.40609084750105084,0.22696215290012797,0.9194448385824056
0.47392138506481885,0.35328725321734594,0.17279136171783513,0.9027781647712442
0.3761125851040405,0.46630472686013635,0.15758268803582312,0.9379633650392516
0.36576844420339705,0.5254307186917475,0.10880083710485543,0.8620374065661829
0.4160877029898248,0.3626155062323734,0.22129679077780187,0.9527781862047284
0.3946990722136043,0.3330504709527699,0.27225045683362586,0.8601855539204983
0.4473708794411405,0.4294180312594578,0.1232110892994016,0.8842596383143981
0.39666802883143726,0.399395569150468,0.20393640201809488,0.9898152391184206
0.39578376292948925,0.40972202767543503,0.1944942093950757,0.9935189444097898
0.3824385883272511,0.4784988782701187,0.1390625334026303,0.9157411332910363
0.4354465555068292,0.435346903406426,0.12920654108674479,0.8916670488971365
0.387751605777883,0.3378733025916084,0.2743750916305086,0.856481848629129
0.4470565314139492,0.2871748124178729,0.26576865616817796,0.8694448171489213
0.4597805406026908,0.4090847686713113,0.13113469072599787,0.8898151962514519
0.36360268783729116,0.4170158447922599,0.21938146737044897,0.9324078071021978
0.38505354609032716,0.3906858902389603,0.22426056367071248,0.9472226282676747
0.41666839473895295,0.4020685216970879,0.18126308356395926,0.9712967126615745
0.40857732289080595,0.43088123743596196,0.1605414396732321,0.9416670703306208
0.4623541126073881,0.3500154514160942,0.1876304359765176,0.9212966912280902
0.32289467182469744,0.4004268236869303,0.2766785044883724,0.8046299745499601
0.4117130134736057,0.36362669146993126,0.22466029505646293,0.9490744809133592
0.3236349977741114,0.4763348488823204,0.2000301533435682,0.908333722708298
0.3777810753928456,0.40423748797460074,0.2179814366325538,0.9509263335590439
0.34956901655967015,0.4854225090669899,0.16500847437333993,0.9305559544565132
0.3790725327068056,0.39766394902953134,0.22326351826366314,0.94537077562199
0.4352625570892664,0.4284062843548387,0.13633115855589495,0.8972226068341903
0.4511486621572901,0.3512296236683883,0.19762171417432148,0.9379633650392516
0.3923499190724495,0.35926791099087213,0.24838216993667844,0.9064818700626134
0.336394434364061,0.4866603304007115,0.1769452352352276,0.9250003965194594
0.3696628654361881,0.495582005962198,0.1347551286016139,0.9046300174169287
0.3907245417502606,0.48549412015183674,0.12378133809790269,0.8898151962514519
0.5096617693711487,0.32763087731945045,0.16270735330940073,0.8787040803773444
0.48097703927718843,0.3898356276102232,0.1291873331125882,0.8750003750859752
0.3740412384212661,0.35597678906907737,0.26998197250965655,0.8638892592118675
0.3300505230436714,0.41661247254050077,0.25333700441582785,0.8416670274636522
0.37038657359687766,0.46157955481183993,0.16803387159128239,0.9472226282676747
0.4702092267065,0.30327711705067434,0.22651365624282568,0.9064818700626134
0.3976355332515177,0.3764625106045146,0.2259019561439678,0.9490744809133592
0.5037187935070992,0.3438408298165554,0.15244037667634527,0.8712966697946058
0.37859105511138874,0.3706087088740929,0.2508002360145184,0.9009263121255595
0.3822968556373235,0.41437728466428725,0.2033258596983892,0.9787041232443129
0.38376941780620966,0.342642977005049,0.2735876051887414,0.8601855539204983
0.4709946307019097,0.340082346816846,0.18892302248124418,0.9157411332910363
0.4558129272871449,0.3711367512436047,0.17305032146925053,0.9101855753539825
0.4316592370005634,0.37679683380612006,0.19154392919331656,0.9509263335590439
0.39870331591939634,0.33101118095673154,0.2702855031238721,0.8675929645032366
0.3429045176748371,0.4154887203949501,0.24160676193021274,0.8694448171489213
0.3535987441644647,0.44558418875377787,0.20081706708175745,0.9435189229763054
0.4513248660373645,0.325338419880865,0.2233367140817705,0.9231485438737749
0.4642979153235008,0.39547094964986507,0.14023113502663417,0.8916670488971365
0.4133107449680765,0.43001454058419164,0.15667471444773193,0.9379633650392516
0.4082929817197435,0.3607594586015042,0.2309475596787522,0.9416670703306208
0.34842548018740094,0.49011553883104375,0.1614589809815553,0.926852249165144
0.46262211908302114,0.3859156270165342,0.15146225390044465,0.8972226068341903
0.39380495736562937,0.3453047839051265,0.26089025872924426,0.8916670488971365
0.35798765823442463,0.4441113185841925,0.19790102318138283,0.9490744809133592
0.3744640863003163,0.40035316673564947,0.22518274696403418,0.9342596597478824
0.40438867219956404,0.3864152177651122,0.20919611003532373,0.9768522705986283
0.4585385409407919,0.33046050239437647,0.2110009566648316,0.9287041018108285
0.43524154153312855,0.35671483369003043,0.2080436247768411,0.9435189229763054
0.338111467090841,0.42434896952087914,0.23753956338827983,0.8712966697946058
0.39456397673205634,0.48332645863054363,0.12210956463740011,0.8861114909600827
0.297775779766087,0.44563049032252605,0.256593729911387,0.7916670060301679
0.41508201242055465,0.45232588907619453,0.1325920985032508,0.9009263121255595
0.35270724699534073,0.4470806684136252,0.20021208459103396,0.94537077562199
0.4378140391339535,0.4434152345462885,0.11877072631975794,0.8805559330230288
0.33203872274423263,0.395992449208135,0.2719688280476324,0.8194447957154369
0.4454288172013746,0.2891501980662914,0.26542098473233405,0.8712966697946058
0.4135052695073154,0.412994130542055,0.17350059995062952,0.9546300388504131
0.4448502855673984,0.4225634036968017,0.13258631073579996,0.8972226068341903
0.3875909160582985,0.39171036374546137,0.22069872019624004,0.9546300388504131
0.47026532720765435,0.4130088032757347,0.11672586951661092,0.8768522277316597
0.39733390650410294,0.3948983740708821,0.20776771942501493,0.9824078285356821
0.4153197072307758,0.3408277984459488,0.2438524943232753,0.9194448385824056
0.3781451743338272,0.4477633376486299,0.1740914880175428,0.9657411547245207
0.3803126692660312,0.36797144428368844,0.2517158864502803,0.8972226068341903
0.45566444655103083,0.4151131448436309,0.12922240860533826,0.8916670488971365
0.4331805050648709,0.400348069143656,0.1664714257914732,0.9324078071021978
0.45491249436134523,0.36824047095526463,0.17684703468339016,0.917592985936721
0.466878297877304,0.34579217840072174,0.18732952372197434,0.9194448385824056
0.46319974782312856,0.4278475261179615,0.10895272605891003,0.8675929645032366
0.3843391307616834,0.351800798484684,0.26386007075363266,0.8768522277316597
0.3864521573810918,0.3242684495485997,0.2892793930703086,0.8361114695265984
0.4253128928194389,0.3650117638742601,0.209675343306301,0.9527781862047284
0.4810925610729496,0.34791240972089277,0.17099502920615775,0.8972226068341903
0.43419450293310086,0.36882897368087664,0.1969765233860224,0.9546300388504131
0.4665858767877229,0.3727007162539688,0.16071340695830832,0.8953707541885056
0.4627057343105974,0.40649344125885095,0.1308008244305516,0.8879633436057673
0.3830754142588285,0.40555714044829044,0.2113674452928811,0.9675930073702053
0.4236177326750143,0.3135088493056564,0.26287341801932934,0.8935189015428212
0.30070408271118626,0.43440614431210245,0.2648897729767112,0.782407742801745
0.38381930812147513,0.4305742419493851,0.18560644992913986,0.9805559758899974
0.36732892755605895,0.40437495043608446,0.22829612200785654,0.917592985936721
0.30388300287119596,0.4099876700253831,0.286129327103421,0.7675929216362681
0.3135285795135292,0.42529485639659137,0.2611765640898794,0.8046299745499601
0.41241842568881243,0.41519195957922034,0.17238961473196723,0.9546300388504131
0.45907616417021707,0.4183078364585394,0.12261599937124351,0.8861114909600827
0.39997399479337564,0.4488212525687375,0.15120475263788694,0.9287041018108285
0.43071461151844953,0.4359431301898636,0.13334225829168692,0.8953707541885056
0.3870384323236854,0.42574847302807034,0.18721309464824426,0.9842596811813666
0.3899011013535134,0.38911087117741516,0.22098802746907134,0.9546300388504131
0.4587041946244491,0.32682929212937994,0.21446651324617105,0.926852249165144
0.35203403915114306,0.3723934905388831,0.27557247030997384,0.8324077642352292
0.4689414926915337,0.33566416662505105,0.1953943406834152,0.9212966912280902
0.32727057310056434,0.42394707830386896,0.2487823485955668,0.8435188801093368
0.3759392201005143,0.4155149327394862,0.20854584715999952,0.963889302078836
0.4433245147790275,0.45683277406616024,0.09984271115481229,0.856481848629129
0.4499347973409223,0.372468304840322,0.1775968978187557,0.9231485438737749
0.36812620204207164,0.3949341128527556,0.23693968510517274,0.9157411332910363
0.3977795851318634,0.3556481881481648,0.24657222671997192,0.9101855753539825
0.37465362874760666,0.44164032781368007,0.18370604343871325,0.9694448600158899
0.4699952699338206,0.3792856677389738,0.15071906232720553,0.8935189015428212
0.48114579402438673,0.31870343554966335,0.20015077042595003,0.908333722708298
0.453356887520376,0.4054295086671387,0.14121360381248527,0.899074459479875
0.3472343013445031,0.4905761518707486,0.1621895467847484,0.926852249165144
0.4480884155770678,0.38064328771348105,0.17126829670945123,0.9231485438737749
0.38839775588554815,0.3765613824105554,0.23504086170389643,0.9231485438737749
0.3543982862774363,0.36842599302481793,0.2771757206977458,0.8305559115895447
0.42484541897844036,0.4154855797039522,0.15966900131760742,0.9287041018108285
0.4340047334367402,0.3761410449254017,0.18985422163785806,0.9490744809133592
0.38034371478916346,0.46656745944514755,0.15308882576568883,0.926852249165144
0.3742721583948535,0.4812400223122142,0.14448781929293222,0.917592985936721
0.34297648928050894,0.3425070031753069,0.3145165075441841,0.7805558901560603
0.3839371326516993,0.3652831383034168,0.2507797290448839,0.9027781647712442
0.4356555266911913,0.3417224460064454,0.22262202730236327,0.9342596597478824
0.44730312191795213,0.4243636549070956,0.1283332231749522,0.8935189015428212
0.4571247544258246,0.39232595372102735,0.1505492918531482,0.9009263121255595
0.47063929178541875,0.37587303911746883,0.1534876690971124,0.8935189015428212
0.4838715606606344,0.3203698932952596,0.19575854604410609,0.9064818700626134
0.40047939973643565,0.3078348208845155,0.2916857793790488,0.8342596168809139
0.3982508473126244,0.4162639037892501,0.1854852488981254,0.9861115338270514
0.38787836869701675,0.33656010688171356,0.27556152442126963,0.8546299959834445
0.460732111141242,0.32204585850457357,0.2172220303541845,0.917592985936721
0.40665994788982734,0.42598336542155707,0.16735668668861547,0.9546300388504131
0.3724411795721948,0.3770610790774836,0.25049774135032166,0.899074459479875
0.47578976016160085,0.345347806284766,0.17886243355363313,0.9046300174169287
0.38781678421784044,0.37243827477257196,0.23974494100958763,0.9212966912280902
0.4303576315169028,0.36142913683715056,0.2082132316459467,0.9509263335590439
0.4517201395506172,0.32994705158462695,0.21833280886475592,0.926852249165144
0.428389279447664,0.32329508816632646,0.24831563238600968,0.9009263121255595
0.4103193645078351,0.48287130638660897,0.10680932910555599,0.8694448171489213
0.3785459155492623,0.45064456951692294,0.17080951493381474,0.9601855967874668
0.4362584671263171,0.44504128783141517,0.11870024504226773,0.8805559330230288
0.4116606393036341,0.41064594542654026,0.1776934152698255,0.963889302078836
0.40837053465881246,0.390675854767041,0.20095361057414649,0.9861115338270514
0.3956247773228064,0.3504918831945536,0.25388333948264,0.9009263121255595
0.37934209057023544,0.3852857457323012,0.2353721636974634,0.9231485438737749
0.37142573232169446,0.48301630280010077,0.14555796487820474,0.9231485438737749
0.35766059996512134,0.35577445989223144,0.2865649401426472,0.8250003536524908
0.4073696500141397,0.3805116198044038,0.21211873018145652,0.973148565307259
0.37455307042781566,0.4444873747758731,0.18095955479631134,0.9675930073702053
0.38936059274242896,0.3443309367100237,0.26630847054754736,0.8750003750859752
0.4811471998759099,0.4057618709258702,0.11309092919821992,0.8638892592118675
0.4627906736780014,0.2990470055193176,0.23816232080268096,0.9009263121255595
0.4803245304780555,0.3767649383555396,0.14291053116640481,0.8805559330230288
0.3959592238098559,0.4161187917121794,0.18792198447796463,0.9861115338270514
0.49109892983852715,0.3088820238255495,0.2000190463359233,0.9009263121255595
0.4217312411741724,0.449141303811435,0.1291274550143926,0.8972226068341903
0.4381573067838066,0.39104662712215527,0.1707960660940382,0.9342596597478824
0.3505834689283935,0.5081975575857781,0.1412189734858284,0.908333722708298
0.3640510528556463,0.3600797503721005,0.2758691967722532,0.8398151748179676
0.4162384054987617,0.4399897294999042,0.143771865001334,0.9138892806453518
0.3842830522048201,0.3746748430614327,0.24104210473374726,0.917592985936721
0.4724985150269409,0.2969517773259989,0.23054970764706012,0.899074459479875
0.35362809808484313,0.4668883095666077,0.17948359234854921,0.9472226282676747
0.37790549831849846,0.3875649080223107,0.23452959365919088,0.9231485438737749
0.3689293890383064,0.4491198778983764,0.18195073306331724,0.9583337441417822
0.3381622895663995,0.4924155203060108,0.1694221901275897,0.9250003965194594
0.39040535565075407,0.4414443384196001,0.1681503059296458,0.963889302078836
0.3193025504590007,0.3843975866713211,0.2962998628696782,0.7768521848646911
0.3933038451310394,0.39876611211452356,0.20793004275443722,0.9787041232443129
0.34899329828336595,0.39404871105040046,0.25695799066623354,0.847222585400706
0.385358113441036,0.42782664351111704,0.18681524304784694,0.9842596811813666
0.3879641606735611,0.4980769924126435,0.11395884691379538,0.8787040803773444
0.3905594258242177,0.3249078034745846,0.28453277070119776,0.8435188801093368
0.3393007214026555,0.4003544227552006,0.26034485584214384,0.837963322172283
0.44323278422544576,0.3865707991628157,0.1701964166117386,0.9250003965194594
0.43451250265417257,0.4039813942734845,0.1615061030723429,0.9250003965194594
0.4368857357957265,0.38962768735810005,0.17348657684617344,0.9324078071021978
0.3764674798261012,0.43088972548177557,0.19264279469212336,0.9694448600158899
0.3425247956234247,0.3422216120083118,0.31525359236826345,0.7805558901560603
0.4004299625423366,0.35470683266166575,0.24486320479599763,0.9101855753539825
0.4213960388137536,0.4263282280129105,0.15227573317333606,0.926852249165144
0.32025038419722707,0.5210326396247073,0.15871697617806563,0.8916670488971365
0.39616959209963837,0.4017413117959611,0.20208909610440043,0.9972226497011588
0.3872350350594017,0.3783042212243738,0.23446074371622447,0.9231485438737749
0.4366509085086636,0.4515322586443371,0.1118168328469993,0.8750003750859752
0.31011948458124317,0.45815037444919393,0.23173014096956282,0.8398151748179676
0.46064102394874,0.32912483105266577,0.21023414499859427,0.926852249165144
0.41614139126271493,0.41216595050091825,0.17169265823636698,0.9527781862047284
0.34825276009936085,0.4786770447374098,0.17307019516322944,0.9379633650392516
0.36749610098056623,0.46309420562645615,0.16940969339297757,0.9472226282676747
0.44989239871916925,0.32466922891732164,0.22543837236350917,0.9231485438737749
0.5399799782368832,0.3492078212364596,0.11081220052665727,0.8324077642352292
0.40497335466117124,0.3335625901552624,0.2614640551835663,0.8935189015428212
0.47276594573172265,0.3786791576899815,0.14855489657829596,0.8879633436057673
0.4144938016322018,0.47642874146057085,0.10907745690722738,0.8620374065661829
0.3912517260373826,0.3957153512322848,0.2130329227303326,0.9750004179529437
0.38307531469338973,0.48687611569489575,0.1300485696117145,0.9009263121255595
0.3196843183376528,0.44727426526684083,0.23304141639550635,0.8527781433377598
0.3806701325402027,0.4396740396702943,0.17965582778950295,0.9712967126615745
0.43392624873290525,0.42822980895641793,0.13784394231067681,0.9009263121255595
0.36972263385646925,0.4213972267169899,0.20888013942654068,0.9564818914960976
0.4174175092448495,0.3037452056590914,0.278837285096059,0.8583337012748137
0.39193262096606574,0.38633450714549433,0.22173287188843993,0.9546300388504131
0.4698850077619899,0.39485351320001455,0.13526147903799568,0.8879633436057673
0.3781603236380705,0.4006875281823289,0.2211521481796007,0.9472226282676747
0.4531359902353248,0.3515918959279067,0.19527211383676843,0.9379633650392516
0.43668185855462993,0.3760135408315316,0.1873046006138385,0.94537077562199
0.3514756705419437,0.37126552971257215,0.27725879974548434,0.8305559115895447
0.40058889302164996,0.42294828799633616,0.17646281898201388,0.973148565307259
0.41900252051943665,0.34389301495499475,0.23710446452556852,0.9305559544565132
0.38402493714585234,0.3870021804749899,0.22897288237915778,0.936111512393567
0.45751489240138254,0.2937084460132045,0.24877666158541314,0.8861114909600827
0.42092349358488695,0.45651030925541464,0.12256619715969848,0.8879633436057673
0.4130978529549227,0.4593345371739354,0.127567609871142,0.899074459479875
0.39634841494076156,0.4831417377063691,0.12050984735286939,0.8861114909600827
0.42490512654752555,0.35833528806403653,0.21675958538843798,0.9490744809133592
0.4314102925947745,0.4067192122702014,0.16187049513502413,0.926852249165144
0.35528614040279904,0.3813371431343467,0.26337671646285427,0.8490744380463907
0.40498395087410155,0.3934951745241738,0.20152087460172458,0.9898152391184206
0.38257752782041204,0.4250430741983428,0.1923793979812452,0.9842596811813666
0.36453514433303796,0.41974768608237045,0.21571716958459147,0.9342596597478824
0.36848599994603026,0.36787145844168445,0.26364254161228534,0.8694448171489213
0.41541351709734764,0.32804139723043124,0.2565450856722211,0.899074459479875
0.47776068836692387,0.3558139396161912,0.16642537201688476,0.8953707541885056
0.34442873574355376,0.4192151164875772,0.23635614776886896,0.8824077856687135
0.3523157317113945,0.4161064193953262,0.23157784889327934,0.9027781647712442
0.3962038835842769,0.335032822328383,0.26876329408734023,0.8731485224402905
0.37063058477939304,0.398035791740332,0.23133362348027503,0.9194448385824056
0.42436916022318666,0.3660190948005462,0.20961174497626725,0.9546300388504131
0.3678857201648125,0.4816127262368602,0.15050155359832723,0.9212966912280902
0.4831318510497677,0.3808765545898581,0.13599159436037425,0.8805559330230288
0.3796804201805858,0.34245019898008905,0.2778693808393252,0.8509262906920753
0.45478483558653604,0.4104823067721854,0.13473285764127862,0.8898151962514519
0.4202157702830117,0.40311969957037913,0.17666453014660918,0.9490744809133592
0.479449924227357,0.3492388789600823,0.1713111968125606,0.8972226068341903
0.36930545976639206,0.3962246380500297,0.23446990218357824,0.917592985936721
0.47785774181116586,0.39569638421117775,0.12644587397765644,0.8768522277316597
0.43524147267408375,0.39914548361427105,0.16561304371164517,0.9287041018108285
0.43668464034661064,0.3756940897445187,0.18762126990887074,0.94537077562199
0.39212492215487127,0.394820428137048,0.21305464970808072,0.9750004179529437
0.43319781568707055,0.43432522889364333,0.13247695541928609,0.8935189015428212
0.3786229470300785,0.3619351997972225,0.259441853172699,0.8824077856687135
0.44596720417212554,0.4252707653781509,0.1287620304497235,0.8935189015428212
0.46175779689382723,0.3546462173773606,0.18359598572881214,0.9231485438737749
0.361766414291644,0.4827114476813581,0.1555221380269979,0.9231485438737749
0.378989587173012,0.4799171692347036,0.14109324359228437,0.917592985936721
0.45167927604954294,0.43176264968105,0.11655807426940702,0.8805559330230288
0.4740963859620333,0.32444721891446526,0.20145639512350155,0.9250003965194594
0.38318693015012906,0.39578482578457164,0.22102824406529928,0.9490744809133592
0.3907714816519856,0.3365459065934293,0.2726826117545851,0.8583337012748137
0.35756164349551417,0.41033742411439267,0.2321009323900931,0.9120374279996671
0.4539526971328853,0.38455554644895285,0.1614917564181619,0.9046300174169287
0.465168738287602,0.3960977380192256,0.1387335236931723,0.8916670488971365
0.41287492488333283,0.41771128767509835,0.16941378744156876,0.9527781862047284
0.3305388600371848,0.39601446449125266,0.2734466754715625,0.8138892377783832
0.514054096688082,0.36459597425466816,0.12134992905724985,0.8509262906920753
0.4478370779202671,0.3559195850848921,0.1962433369948409,0.9398152176849363
0.47618952599495123,0.30225357508033157,0.22155689892471725,0.9009263121255595
0.33115435259709647,0.39455406856192005,0.27429157884098343,0.8138892377783832
0.35219909051294307,0.4548838814385743,0.19291702804848265,0.9435189229763054
0.41467385476572594,0.39166484604717794,0.19366129918709618,0.973148565307259
0.43437971750791415,0.36390135958034514,0.2017189229117407,0.9527781862047284
0.367579842373726,0.415954368268137,0.216465789358137,0.9342596597478824
0.4980534140284929,0.3401201388552994,0.1618264471162077,0.8805559330230288
0.46477967513856683,0.4265738243874329,0.10864650047400026,0.8694448171489213
0.4096352570676712,0.40400308018862985,0.18636166274369906,0.9768522705986283
0.31860107111686015,0.4609837399964126,0.22041518888672723,0.8694448171489213
0.3909668892055923,0.3857905159193382,0.22324259487506942,0.9509263335590439
0.4178511690009756,0.3396475608193592,0.24250127017966527,0.9194448385824056
0.42134690287708537,0.44554497327560866,0.13310812384730603,0.899074459479875
0.31768697908593213,0.4480313212537525,0.23428169966031534,0.847222585400706
0.4177978969994334,0.39185920917826883,0.1903428938222977,0.9712967126615745
0.3831566891383542,0.42495540294692574,0.19188790791472005,0.9861115338270514
0.4477190166771663,0.3477955091902925,0.20448547413254112,0.9379633650392516
0.4726202558913795,0.37763241376352863,0.14974733034509174,0.8935189015428212
0.4247599144566122,0.40782265121359407,0.16741743432979378,0.9398152176849363
0.36047590282050784,0.45092728371870006,0.18859681346079216,0.9583337441417822
0.3783685597884247,0.35349801220041793,0.2681334280111573,0.8675929645032366
0.3509972886755649,0.4328430538663738,0.21615965745806123,0.9250003965194594
0.43650246010939586,0.3368368797649309,0.22666066012567332,0.9287041018108285
0.3303793270568439,0.45679676217627646,0.2128239107668797,0.899074459479875
0.42579532894766153,0.41295972183305046,0.1612449492192881,0.9305559544565132
0.43816929676927546,0.3431488000084041,0.2186819032223204,0.9398152176849363
0.33666322897162987,0.4124679805086284,0.25086879051974176,0.8509262906920753
0.4358523108359669,0.432566443242078,0.1315812459219552,0.8916670488971365
0.34117134542649397,0.4723151851591843,0.18651346941432181,0.936111512393567
0.4575688816916815,0.36256762298583234,0.17986349532248627,0.9212966912280902
0.3293795405471023,0.5109650997276124,0.1596553597252852,0.9009263121255595
0.43192659768572333,0.32310022475305256,0.24497317756122414,0.9064818700626134
0.32501449639525404,0.427507847735099,0.2474776558696471,0.8398151748179676
0.3189724045481817,0.4195716903491834,0.2614559051026349,0.8120373851326986
0.429099235816237,0.43268931182168535,0.13821145236207757,0.9009263121255595
0.48991814729925137,0.36973382133954963,0.14034803136119897,0.8787040803773444
0.44833513468888453,0.3277237885196719,0.22394107679144362,0.9250003965194594
0.3743178409565752,0.3826520797072681,0.24303007933615653,0.9064818700626134
0.4153303977894958,0.36735906564902154,0.21731053656148255,0.9601855967874668
0.4062067602372928,0.37937980591033704,0.21441343385237016,0.9712967126615745
0.4423537312710296,0.40021343856426683,0.15743283016470352,0.9138892806453518
0.48954066966560555,0.3935741575383975,0.11688517279599692,0.8620374065661829
0.400742203877065,0.3758571826266368,0.22340061349629806,0.9583337441417822
0.3080596912341222,0.4678371338673862,0.2241031748984916,0.8546299959834445
0.37161939030784275,0.382644933714284,0.24573567597787335,0.9009263121255595
0.3688101350255394,0.36775224745743545,0.2634376175170253,0.8694448171489213
0.41741665669868416,0.3592568568581305,0.22332648644318526,0.94537077562199
0.40068873304845914,0.36667888277322724,0.23263238417831364,0.9324078071021978
0.42605464606402804,0.4262226376037479,0.14772271633222397,0.9157411332910363
0.38733504742598684,0.32696352501463,0.2857014275593832,0.8435188801093368
0.41804562947769525,0.3621725556604652,0.21978181486183954,0.9546300388504131
0.45563132622604613,0.4305486821820311,0.11381999159192281,0.8768522277316597
0.36833126891591483,0.40978944666660894,0.22187928441747615,0.9305559544565132
0.3759650920880407,0.4900858831055518,0.13394902480640755,0.908333722708298
0.37123583202470467,0.4065942435711589,0.22216992440413633,0.9305559544565132
0.46912144475532846,0.387606195507164,0.14327235973750757,0.8898151962514519
0.43461136187268395,0.4271563864488008,0.13823225167851527,0.9027781647712442
0.413871895456402,0.3669567699559862,0.2191713345876118,0.9546300388504131
0.5164036563294874,0.36889963628614286,0.11469670738436966,0.847222585400706
0.4078245015075243,0.3775110018655208,0.214664496626955,0.9694448600158899
0.3831856172412819,0.3773933032197688,0.23942107953894937,0.9194448385824056
0.41327724184012155,0.4036474438763306,0.18307531428354784,0.9750004179529437
0.36721672482055506,0.4602407706032626,0.17254250457618225,0.9546300388504131
0.43258193398728834,0.37217524103541344,0.1952428249772983,0.9564818914960976
0.47095349870982645,0.3940401627571874,0.1350063385329861,0.8879633436057673
0.41678014959857396,0.3433698995932683,0.23984995080815769,0.926852249165144
0.4019922076208935,0.4023200537746334,0.1956877386044731,0.9935189444097898
0.3133939355068949,0.432757773055482,0.253848291437623,0.8175929430697524
0.359414876376326,0.47397077821323863,0.16661434541043532,0.9287041018108285
0.43202283162151556,0.46853335406366403,0.0994438143148204,0.8583337012748137
0.40000237902010255,0.35416257290376263,0.24583504807613482,0.9101855753539825
0.40309611412022506,0.4815360662156751,0.11536781966409991,0.8861114909600827
0.3762638348061018,0.32126539649308217,0.3024707687008161,0.8138892377783832
0.37936619008952177,0.3851907651622527,0.23544304474822544,0.9231485438737749
0.3921838286311367,0.46653161106835733,0.141284560300506,0.9138892806453518
0.38799951437985003,0.392211706411377,0.21978877920877307,0.9564818914960976
0.43808482230350154,0.39657311591532685,0.16534206178117156,0.926852249165144
0.3062052614724486,0.45971004748789535,0.234084691039656,0.8342596168809139
0.4758625378213575,0.3740433764021273,0.15009408577651523,0.8861114909600827
0.46675987858972245,0.3708935213722884,0.16234660003798912,0.8935189015428212
0.4206491982269194,0.39568299252096006,0.18366780925212056,0.9601855967874668
0.4040437105924822,0.4734432905100555,0.12251299889746231,0.8935189015428212
0.36655402329016573,0.4948134880917883,0.138632488618046,0.9064818700626134
0.3789712501599158,0.4863322433565616,0.13469650648352263,0.9101855753539825
0.36220767672784193,0.4541594536752557,0.1836328695969024,0.9546300388504131
0.41232198438104506,0.4603593842213174,0.12731863139763747,0.899074459479875
0.43986744290232965,0.4239719316932757,0.13616062540439466,0.899074459479875
0.43475798331942594,0.36304372929481127,0.20219828738576284,0.9546300388504131
0.3638813102598262,0.4506531545566618,0.1854655351835121,0.9601855967874668
0.4840344062468777,0.3245079963752091,0.19145759737791326,0.9064818700626134
0.37248646439305483,0.42318798422124343,0.2043255513857017,0.9620374494331515
0.3732412901473619,0.3921576111947173,0.23460109865792078,0.9194448385824056
0.3493592647462777,0.3925308628782319,0.2581098723754903,0.8490744380463907
0.43291506817981457,0.41553694410401126,0.15154798771617425,0.9157411332910363
0.34411236712660065,0.4038391321663157,0.2520485007070837,0.8527781433377598
0.37496733852669933,0.37320063883791843,0.25183202263538224,0.8972226068341903
0.3629880260535624,0.4601780766400119,0.1768338973064258,0.9490744809133592
0.3624088621333373,0.3873375108121988,0.2502536270544638,0.8879633436057673
0.3406048691409272,0.3553554270711975,0.3040397037878752,0.7972225639672218
0.34742976030422346,0.4287637101273135,0.22380652956846295,0.9120374279996671
0.4090345626569048,0.4409248838135462,0.15004055352954887,0.9305559544565132
0.4035508001248345,0.36806688902870843,0.2283823108464572,0.94537077562199
0.3732283279222519,0.4709353084409299,0.15583636363681813,0.9305559544565132
0.42549328843713796,0.4111558411995562,0.16335087036330584,0.9324078071021978
0.419913909677035,0.3224147204420098,0.25767136988095524,0.899074459479875
0.47643458708493547,0.39953420339170403,0.12403120952336057,0.8805559330230288
0.3719584385193628,0.45592899933570874,0.17211256214492843,0.9564818914960976
0.31810818175259153,0.4122703274582248,0.26962149078918374,0.8064818271956448
0.44634707318387234,0.3256577889459259,0.2279951378702018,0.9250003965194594
0.3574863149255257,0.35700910067945524,0.28550458439501913,0.8268522062981755
0.4359383511120026,0.43932147257904625,0.12474017630895103,0.8861114909600827
0.40940006027026943,0.39591711925715917,0.19468282047257132,0.9824078285356821
0.46295687895712,0.339883075553564,0.1971600454893159,0.9342596597478824
0.41777625387564105,0.3596775137538791,0.2225462323704799,0.9490744809133592
0.5093870730717248,0.32406880554032935,0.16654412138794578,0.8805559330230288
0.3517713164897477,0.3580764148301355,0.2901522686801169,0.8212966483611216
0.3788431622558289,0.3785025154159157,0.24265432232825543,0.9120374279996671
0.36189529604688014,0.43468441973003386,0.20342028422308608,0.9527781862047284
0.35747362051618814,0.4261154020046145,0.21641097747919727,0.9342596597478824
0.38762590452483403,0.4753865649096359,0.13698753056553015,0.9120374279996671
0.37554408703103975,0.41823632514428616,0.20621958782467412,0.9657411547245207
0.3631622358981812,0.38204634409358734,0.25479142000823146,0.8787040803773444
0.4406248201146372,0.43874416585623094,0.1206310140291318,0.8824077856687135
0.33926319484804845,0.4533701506252248,0.20736665452672678,0.9194448385824056
0.5169651779673748,0.3670146684281594,0.11602015360446576,0.8490744380463907
0.4600987190366531,0.4101568791083307,0.1297444018550162,0.8898151962514519
0.4499127179135267,0.32593578403256346,0.22415149805390988,0.9250003965194594
0.4109200678353139,0.38610550349285794,0.2029744286718282,0.9842596811813666
0.42272504650900167,0.3475360373725721,0.22973891611842612,0.9287041018108285
0.35068377598486333,0.4903296108789719,0.1589866131361648,0.9231485438737749
0.3838629272434097,0.36418639509860956,0.25195067765798074,0.9009263121255595
0.47507979614289175,0.39423756753337885,0.1306826363237294,0.8842596383143981
0.4135286029909874,0.35983540800957287,0.2266359889994397,0.9435189229763054
0.42204107980920585,0.4489677368055738,0.12899118338522045,0.8972226068341903
0.40601497799057584,0.35758260614438303,0.2364024158650411,0.9305559544565132
0.3492256712519504,0.4176600381918208,0.23311429055622873,0.8972226068341903
0.3238211044217732,0.4183474738973932,0.2578314216808337,0.8212966483611216
0.44152644825549664,0.41453557574926186,0.14393797599524144,0.9027781647712442
0.3746621047982549,0.51802843077459,0.10730946442715497,0.8583337012748137
0.39964935933651,0.39788130955993545,0.2024693311035546,0.9935189444097898
0.48427229608079203,0.35237134953267024,0.16335635438653776,0.8916670488971365
0.36867108903307244,0.45362950815867853,0.17769940280824909,0.9583337441417822
0.32838788961074344,0.4158894617397215,0.25572264864953514,0.8398151748179676
0.33803411853924836,0.37548762413590375,0.286478257324848,0.8046299745499601
0.4091760117183046,0.4171803050821847,0.1736436831995107,0.9583337441417822
0.401862041353141,0.3165607546975637,0.2815772039492954,0.8509262906920753
0.41464529940702616,0.42631829285554157,0.15903640773743216,0.9379633650392516
0.366073843723187,0.40154033158169744,0.23238582469511562,0.9101855753539825
0.39292561649110713,0.3622468647211418,0.24482751878775114,0.9101855753539825
0.4517310084247552,0.439965119692341,0.10830387188290377,0.8694448171489213
0.3438124424371816,0.3907155693286704,0.2654719882341479,0.8324077642352292
0.3676659096523489,0.3659747001146197,0.26635939023303157,0.8620374065661829
0.42636171749007046,0.42878445210382155,0.14485383040610783,0.9101855753539825
0.47086075796047044,0.38072628625551086,0.14841295578401878,0.8898151962514519
0.37800016323899477,0.41333465846114537,0.20866517829985975,0.9675930073702053
0.4494898382894568,0.3123725710938632,0.23813759061668,0.9120374279996671
0.4221450767301385,0.3715427394432026,0.2063121838266589,0.9620374494331515
0.37266900238351114,0.43398328440065154,0.1933477132158373,0.9657411547245207
0.3845949517565335,0.3735445951764272,0.24186045306703927,0.9157411332910363
0.4384468781377088,0.33652726649729564,0.22502585536499567,0.9287041018108285
0.3651817475035134,0.41134727812972255,0.2234709743667642,0.9212966912280902
0.3675910867418626,0.38367519949173234,0.248733713766405,0.8953707541885056
0.44830373791863676,0.4311401928168387,0.1205560692645245,0.8824077856687135
0.4446783580912374,0.43979104142838576,0.11553060048037676,0.8787040803773444
0.44572076588047443,0.42149616754365243,0.13278306657587308,0.8972226068341903
0.520854407415896,0.3600412601516954,0.11910433243240859,0.8490744380463907
0.4304931310479102,0.46008923383573463,0.10941763511635509,0.8694448171489213
0.4502699267890435,0.4238997716895686,0.1258303015213879,0.8898151962514519
0.36865264297200523,0.4558166258861711,0.17553073114182366,0.9564818914960976
0.39071670638014655,0.37155587964658904,0.2377274139732643,0.9194448385824056
0.3409799587360562,0.4785703347242021,0.18044970653974174,0.936111512393567
0.46765126601465673,0.39243060524822176,0.1399181287371214,0.8916670488971365
0.44950853948997527,0.40150605993719146,0.14898540057283333,0.9046300174169287
0.42754319578463656,0.3545095025182434,0.2179473016971201,0.9472226282676747
0.3378256069942958,0.4221986598395632,0.23997573316614093,0.865741111857552
0.4215443420342469,0.3945695838278756,0.18388607413787741,0.9601855967874668
0.47609678304064407,0.37749268649318335,0.14641053046617256,0.8842596383143981
0.3495497080388612,0.4338121181567165,0.2166381738044224,0.9250003965194594
0.47356727409434063,0.3482076485594192,0.17822507734624016,0.9064818700626134
0.41844411830297173,0.4212026580447691,0.16035322365225924,0.9324078071021978
0.3771197883947613,0.3471218695136316,0.275758342091607,0.8509262906920753
0.3091221361900966,0.4647877664700064,0.22609009733989704,0.8527781433377598
0.4474998653732979,0.3376029359612843,0.21489719866541773,0.936111512393567
0.40372404119228694,0.35155268681254215,0.24472327199517088,0.9120374279996671
0.4299079554855513,0.35876051638387596,0.21133152813057282,0.9490744809133592
0.38231801428503226,0.46744137610546393,0.15024060960950383,0.9250003965194594
0.3698188739589932,0.42682625114643763,0.20335487489456916,0.9601855967874668
0.3517974985381839,0.41379101355399833,0.2344114879078178,0.8972226068341903
0.3428262540804215,0.4203610624695255,0.23681268345005313,0.8787040803773444
0.44547519980751443,0.3951921552881513,0.15933264490433427,0.9120374279996671
0.3671455619227359,0.42407892360507154,0.20877551447219247,0.9546300388504131
0.44367508154578944,0.4400733740721445,0.11625154438206606,0.8787040803773444
0.44764432323736564,0.39722203538102857,0.1551336413816057,0.9064818700626134
0.48602916045972455,0.322010512629521,0.19196032691075443,0.9046300174169287
0.3268056315841139,0.4661172580422636,0.20707711037362247,0.9027781647712442
0.34869647952565275,0.4032847144474138,0.24801880602693352,0.8583337012748137
0.4417305127244869,0.30916884088254215,0.24910064639297086,0.8935189015428212
0.4066567962820967,0.40366929973566934,0.1896739039822339,0.9824078285356821
0.40296077876794456,0.36008629990056135,0.23695292133149426,0.9287041018108285
0.3954095567712222,0.4238578043665659,0.18073263886221194,0.9842596811813666
0.42893561550564174,0.4468071705220348,0.12425721397232362,0.8879633436057673
0.40800519697466703,0.35682668996949807,0.23516811305583485,0.936111512393567
0.36959861934884947,0.35959724305008905,0.2708041376010615,0.856481848629129
0.34475893235947813,0.4615134318917246,0.19372763574879717,0.936111512393567
0.4114088171202705,0.3694064247246721,0.21918475815505745,0.9583337441417822
0.44124752018021657,0.37212066927327775,0.18663181054650568,0.9379633650392516
0.2763754304020701,0.4547038635195559,0.2689207060783741,0.7490743951794221
0.381370212745887,0.4484246055875871,0.1702051816665258,0.9601855967874668
0.3665356627709153,0.3892151407883483,0.24424919644073634,0.9027781647712442
0.38392480186212863,0.4613246303266955,0.15475056781117583,0.9342596597478824
0.48642811275177283,0.2980233703310908,0.21554851691713642,0.9046300174169287
0.43468849568585816,0.4404332471306142,0.12487825718352771,0.8861114909600827
0.465149333695966,0.32068555708069413,0.21416510922333987,0.9231485438737749
0.3764300563629724,0.39490336341449794,0.22866658022252967,0.926852249165144
0.4512789604781227,0.3907925387772284,0.15792850074464898,0.9027781647712442
0.34416108644893634,0.4050105951439009,0.2508283184071628,0.8546299959834445
0.38850681693055233,0.4642831450816912,0.1472100379877566,0.9157411332910363
0.3172282835014422,0.45217045176308607,0.23060126473547168,0.8527781433377598
0.42418116913356074,0.4422383053151435,0.13358052555129574,0.899074459479875
0.4288164307309675,0.4544805064427302,0.1167030628263024,0.8787040803773444
0.3133127059558278,0.428566802955086,0.25812049108908636,0.810185532487014
0.4787528492094008,0.386723451278073,0.13452369951252624,0.8842596383143981
0.46133935366023804,0.4210646652412124,0.11759598109854964,0.8824077856687135
0.42672748701712715,0.3095709074623182,0.2637016055205546,0.8861114909600827
0.4073089716793661,0.3472926839248543,0.24539834439577968,0.9120374279996671
0.35040533994169376,0.456784525497242,0.19281013456106424,0.9416670703306208
0.3732497288871634,0.4645416043237958,0.1622086667890408,0.94537077562199
0.451176255537845,0.35180717436165,0.19701657010050494,0.9379633650392516
0.322427623466398,0.4005194542130365,0.27705292232056566,0.8046299745499601
0.4847826523066921,0.362552927591648,0.15266442010165993,0.8824077856687135
0.43370340102993243,0.45486973819538556,0.11142686077468206,0.8712966697946058
0.37805011826661755,0.3562199584297215,0.26572992330366096,0.8694448171489213
0.34824794487075655,0.376309894076586,0.2754421610526575,0.82870405894386
0.34581272616392617,0.44417380526287925,0.21001346857319456,0.9287041018108285
0.3854663369992126,0.3981102165278221,0.21642344647296538,0.9583337441417822
0.32971517431823255,0.4112085618785991,0.25907626380316817,0.8305559115895447
0.4952897741136206,0.362434240591165,0.14227598529521426,0.8750003750859752
0.38966272470172403,0.4101357094461535,0.20020156585212243,0.9916670917641051
0.5103421960800265,0.3644725075625301,0.12518529635744352,0.8620374065661829
0.39558949630125334,0.45941647310842504,0.14499403059032165,0.9194448385824056
0.4050188932288728,0.33283313247305746,0.26214797429806985,0.8916670488971365
0.4866349998218732,0.36508182556279967,0.14828317461532717,0.8805559330230288
0.39618927195828785,0.3607903042274598,0.24302042381425237,0.917592985936721
0.39942676803090266,0.37315865386254976,0.22741457810654758,0.9435189229763054
0.39592761202877175,0.34569548363994,0.2583769043312883,0.8935189015428212
0.38740601805280145,0.45212303753242705,0.16047094441477158,0.9416670703306208
0.3342971056227255,0.5269714539984153,0.13873144037885926,0.8935189015428212
0.39754188490571146,0.39576202588733345,0.2066960892069552,0.9861115338270514
0.3853819713934916,0.3708163668080198,0.24380166179848847,0.9120374279996671
0.36695080364446864,0.4035018750362581,0.22954732131927316,0.9138892806453518
0.40933951500232063,0.4128297939177942,0.1778306910798852,0.9675930073702053
0.40345910276816094,0.45942547847454496,0.13711541875729416,0.9157411332910363
0.40936899404437294,0.3681122447913962,0.22251876116423072,0.9546300388504131
0.4237901421534316,0.46981863618008934,0.10639122166647906,0.8638892592118675
0.44172814530860827,0.2934473887331022,0.2648244659582895,0.8731485224402905
0.4987567650091592,0.3590757063423271,0.14216752864851373,0.8750003750859752
0.4207621700289672,0.32560214360814926,0.25363568636288336,0.899074459479875
0.3404545111182293,0.34536378318869393,0.3141817056930768,0.7787040375103758
0.4067009029652688,0.439076306019047,0.15422279101568426,0.9342596597478824
0.40501192663518826,0.3897079027146774,0.20528017065013443,0.9861115338270514
0.4207734363383624,0.40011135096649886,0.17911521269513883,0.9527781862047284
0.3722502429156498,0.4755161664291404,0.15223359065520975,0.9250003965194594
0.4340421298286605,0.343165093312088,0.22279277685925153,0.9324078071021978
0.49651118332704414,0.37976454993350306,0.12372426673945278,0.8638892592118675
0.3206527710254651,0.41404330770338593,0.26530392127114893,0.8120373851326986
0.3343811161901827,0.48353367558302046,0.18208520822679689,0.9287041018108285
0.3776279139520924,0.4635794861653193,0.15879259988258845,0.9398152176849363
0.4839994554243469,0.3727714326118383,0.14322911196381471,0.8805559330230288
0.3980678086264816,0.34583856563095045,0.25609362574256794,0.8972226068341903
0.4143513274212025,0.440538002176627,0.1451106704021704,0.9194448385824056
0.33104376449826756,0.3988572997907069,0.2700989357110255,0.8194447957154369
0.308990622006827,0.4763921228873003,0.21461725510587268,0.8638892592118675
0.4454253812322364,0.43169067412648404,0.12288394464127951,0.8842596383143981
0.3508308608775115,0.4635986534229961,0.18557048569949236,0.9472226282676747
0.4866518833964629,0.38384070376831936,0.12950741283521774,0.8731485224402905
0.43999207438717297,0.3562805716342135,0.2037273539786135,0.94537077562199
0.37312823267056033,0.4074951978430641,0.21937656948637552,0.94537077562199
0.37511056385342983,0.37567453494334535,0.24921490120322484,0.9027781647712442
0.4413547100066652,0.368924157964605,0.18972113202872987,0.9379633650392516
0.34265737979643596,0.43120803985257133,0.22613458035099282,0.8972226068341903
0.43266896555535095,0.3133716664292771,0.25395936801537194,0.8953707541885056
0.36144119645889955,0.4291348374061125,0.20942396613498793,0.9416670703306208
0.452567506902408,0.40144553707610303,0.14598695602148892,0.9009263121255595
0.395192430663267,0.4099184593112436,0.19488911002548934,0.9935189444097898
0.33867732653211235,0.40174615647558043,0.25957651699230716,0.8398151748179676
0.5183684587333088,0.367938331916283,0.1136932093504082,0.847222585400706
0.45864371600102244,0.3849292117110362,0.15642707228794142,0.8953707541885056
0.3084808805344156,0.4160185142217169,0.2755006052438675,0.7879633007387988
0.44378901653006875,0.37302372852540383,0.1831872549445275,0.9324078071021978
0.3511494456875194,0.4539021798419185,0.19494837447056207,0.9435189229763054
0.44490366588594393,0.3987884800985753,0.15630785401548075,0.9138892806453518
0.3980915782053271,0.4529902682783477,0.14891815351632515,0.9250003965194594
0.3282667256219115,0.48691703798297176,0.18481623639511663,0.917592985936721
0.3443232306454867,0.4022360139097721,0.25344075544474115,0.8527781433377598
0.3988247574506192,0.4428220157972389,0.15835322675214208,0.936111512393567
0.3699571045486037,0.3898220212948152,0.24022087415658105,0.9138892806453518
0.4712504525001337,0.3920060777367576,0.13674346976310867,0.8898151962514519
0.4406492418458295,0.3364855638232742,0.2228651943308963,0.9287041018108285
0.38838776460550994,0.38966078116810443,0.22195145422638565,0.9490744809133592
0.42349291310884163,0.35694000744744603,0.21956707944371234,0.9490744809133592
0.4892465890101906,0.38938913457279667,0.12136427641701272,0.8675929645032366
0.36835064522371114,0.40106535223299755,0.2305840025432913,0.9157411332910363
0.5030142660392682,0.3630853449827567,0.133900388977975,0.8694448171489213
0.4878163066891571,0.31842368303051377,0.19376001028032902,0.9046300174169287
0.44251577944667736,0.433139673719313,0.12434454683400963,0.8842596383143981
0.366523301655687,0.3779299389715877,0.25554675937272536,0.8842596383143981
0.41586720570961955,0.3526831225838016,0.23144967170657887,0.936111512393567
0.47740210834672797,0.31721191084381956,0.2053859808094525,0.9194448385824056
0.4609663381009556,0.3689549036840986,0.17007875821494578,0.9027781647712442
0.363074597318903,0.4119103796504179,0.22501502303067913,0.9212966912280902
0.4022904706063105,0.4306965239939653,0.16701300539972413,0.9546300388504131
0.4463056849309446,0.4098702245365255,0.14382409053252987,0.9009263121255595
0.430293881842538,0.40190251592368076,0.16780360223378138,0.9342596597478824
0.5078592239613096,0.32032839840776445,0.17181237763092605,0.8824077856687135
0.30979532165393664,0.4510038850541877,0.23920079329187566,0.8324077642352292
0.3735202973785441,0.4437454717414249,0.18273423088003096,0.9657411547245207
0.44044082686321606,0.3814740485004221,0.17808512463636197,0.9305559544565132
0.5065962060068354,0.3643068184026483,0.12909697559051633,0.8638892592118675
0.3837733167733426,0.45461272355229415,0.1616139596743632,0.9472226282676747
0.354422455962676,0.4173340252187978,0.22824351881852617,0.9101855753539825
0.31252227244663594,0.40582807185868525,0.2816496556946788,0.7879633007387988
0.41463099144102594,0.3940218199174974,0.19134718864147668,0.973148565307259
0.32873305428156757,0.4850711475316219,0.1861957981868106,0.917592985936721
0.37828725760088955,0.43289057789820057,0.18882216450090983,0.973148565307259
0.42764504956210697,0.31083436033705925,0.26152059010083367,0.8861114909600827
0.40380054132884285,0.3555301047950059,0.24066935387615127,0.9231485438737749
0.349091665183245,0.4180004862078525,0.23290784860890246,0.8953707541885056
0.43178065222193807,0.3943891789421154,0.17383016883594649,0.9398152176849363
0.38907811281497806,0.4524371243564802,0.1584847628285417,0.936111512393567
0.4963313737050174,0.3795915836727246,0.1240770426222579,0.8638892592118675
0.3718385391110421,0.3796043739763651,0.2485570869125928,0.899074459479875
0.39747235834098144,0.35317001499533396,0.24935762666368463,0.908333722708298
0.4354536758189497,0.3370634315667926,0.2274828926142576,0.9250003965194594
0.47209968407079356,0.37177811321233084,0.1561222027168757,0.8916670488971365
0.3887396738823074,0.3906263002881645,0.22063402582952815,0.9564818914960976
0.40964339524480575,0.3089635418945625,0.2813930628606319,0.8527781433377598
0.39771703398786784,0.36799853871545113,0.23428442729668114,0.9324078071021978
0.3371339275256169,0.4217599293643138,0.2411061431100694,0.8583337012748137
0.4320968762822405,0.42371280897658603,0.14419031474117344,0.9101855753539825
0.44866154734951447,0.29857324736213214,0.25276520528835345,0.8824077856687135
0.4601241535802617,0.31230979600597214,0.2275660504137661,0.9138892806453518
0.3452013454921569,0.4270341537011525,0.22776450080669067,0.9009263121255595
0.36574200136648666,0.4281962889603625,0.2060617096731508,0.9564818914960976
0.3450810499795912,0.4022782801049247,0.25264066991548406,0.8527781433377598
0.33155284891365144,0.540769532925891,0.12767761816045756,0.8805559330230288
0.4896203001606042,0.37663887632731397,0.13374082351208175,0.8750003750859752
0.3907246375930868,0.43183453467885824,0.17744082772805495,0.9768522705986283
0.30744328753225153,0.4152062250863522,0.27735048738139617,0.7861114480931142
0.41461103844359887,0.37786996013085616,0.20751900142554497,0.9694448600158899
0.2980376812544437,0.4466606784851961,0.25530164026036034,0.7916670060301679
0.39840595232308873,0.35358575543967946,0.24800829223723175,0.9064818700626134
0.37276086765277905,0.42197012731223055,0.2052690050349903,0.9620374494331515
0.43125509455136557,0.3961713420294444,0.17257356341919003,0.9416670703306208
0.4385939365173955,0.36421475425036093,0.19719130923224365,0.9472226282676747
0.3498528821969522,0.43224085903827164,0.2179062587647761,0.9212966912280902
0.3874274008982523,0.35862595269565806,0.25394664640608966,0.899074459479875
0.4514863678923937,0.40356109711336907,0.1449525349942371,0.899074459479875
0.46209657883670124,0.3370200987211267,0.20088332244217202,0.9305559544565132
0.4106956972962732,0.4159035167975583,0.17340078590616845,0.9546300388504131
0.43516122170087124,0.3577664142396834,0.20707236405944537,0.9435189229763054
0.412422258008449,0.4065972457745876,0.18098049621696347,0.973148565307259
0.46875088169699985,0.32971355240867906,0.2015355658943211,0.926852249165144
0.3712902414790508,0.37345666067443734,0.25525309784651173,0.8879633436057673
0.37550824385173126,0.4322184049628073,0.1922733511854615,0.9694448600158899
0.5339833849306577,0.33619820160053937,0.12981841346880307,0.8509262906920753
0.36155604022692406,0.3946217838615968,0.2438221759114791,0.8935189015428212
0.4176598452852897,0.30086559824550724,0.281474556469203,0.8583337012748137
0.4966460063715968,0.38096388203670134,0.12239011159170188,0.8620374065661829
0.42597907454050227,0.4150246365846734,0.15899628887482425,0.9287041018108285
0.4366772002150307,0.37768069089556355,0.18564210888940574,0.9435189229763054
0.4065958763959185,0.35675085907871223,0.2366532645253694,0.9305559544565132
0.35868161152000766,0.4109988285455148,0.23031955993447753,0.9138892806453518
0.370881483538132,0.3538115859981143,0.27530693046375376,0.847222585400706
0.4247743559203851,0.37895540669999006,0.19627023737962493,0.9601855967874668
0.44807574510208276,0.35650744804054324,0.19541680685737392,0.9398152176849363
0.3543959954786811,0.3377742086714697,0.30782979584984915,0.8027781219042757
0.4081673580496222,0.43330580113861683,0.15852684081176094,0.9416670703306208
0.44786625279006304,0.4109081795114303,0.1412255676985066,0.899074459479875
0.32576675081849926,0.4457650879268452,0.22846816125465555,0.8675929645032366
0.3759659351937536,0.36277103706720826,0.2612630277390381,0.8768522277316597
0.3741690624946595,0.42362238971510435,0.20220854779023606,0.9657411547245207
0.4138119664512663,0.4519018190465492,0.1342862145021845,0.9046300174169287
0.4372905561505906,0.4292449037381449,0.13346454011126446,0.8953707541885056
0.3592304429210056,0.36118615445338315,0.2795834026256113,0.8305559115895447
0.3491498135215864,0.4775741832115304,0.17327600326688314,0.9379633650392516
0.42661455027380796,0.3671681918535589,0.20621725787263318,0.9564818914960976
0.38856136236598726,0.38382285525820165,0.22761578237581098,0.9416670703306208
0.3551320025703966,0.4991399428475296,0.14572805458207383,0.9120374279996671
0.393622542630515,0.42090132865310764,0.18547612871637734,0.9861115338270514
0.39205443205670987,0.4846348512624397,0.12331071668085042,0.8898151962514519
0.4624235078927872,0.4030214353094705,0.13455505679774238,0.8879633436057673
0.30226935776669767,0.4463277267178062,0.2514029155154962,0.8064818271956448
0.42930071861859403,0.4443698235073784,0.12632945787402766,0.8898151962514519
0.3704609802814719,0.43311090375654276,0.19642811596198537,0.9675930073702053
0.39392132536778873,0.38148220519775783,0.22459646943445344,0.9472226282676747
0.4407911467004537,0.35284169518279135,0.20636715811675496,0.9398152176849363
0.42480942073166944,0.42828803657292003,0.14690254269541056,0.9138892806453518
0.485098383024209,0.329965238482801,0.18493637849298997,0.9027781647712442
0.4466391671498625,0.4042673019723302,0.1490935308778072,0.9027781647712442
0.394876045586592,0.3719273790021628,0.23319657541124522,0.9305559544565132
0.41906899427069016,0.3956469082112785,0.18528409751803135,0.9657411547245207
0.3786110422177731,0.4083195126334106,0.2130694451488163,0.9601855967874668
0.4283242584931217,0.410860866406918,0.1608148750999603,0.9287041018108285
0.3512939791153932,0.4655050854018572,0.18320093548274968,0.9490744809133592
0.4613735044314898,0.31464504483830896,0.22398145073020131,0.9157411332910363
0.47989354363477454,0.32912008013234134,0.19098637623288414,0.908333722708298
0.3337969027944733,0.44585662526184505,0.22034647194368162,0.8972226068341903
0.35816937303273305,0.37957870751743583,0.2622519194498312,0.8601855539204983
0.37032759000608323,0.33239965817277833,0.29727275182113855,0.8194447957154369
0.37326528526770164,0.4296097788237049,0.1971249359085934,0.9675930073702053
0.420817795693506,0.3515083405676061,0.22767386373888795,0.9398152176849363
0.4671051137787659,0.4011117280883573,0.1317831581328767,0.8861114909600827
0.4197133432851642,0.40306691300612796,0.17721974370870774,0.9527781862047284
0.3649662662485593,0.41521705600006625,0.21981667775137448,0.9342596597478824
0.4166760337414506,0.457537116987398,0.12578684927115133,0.8935189015428212
0.37117844177975423,0.3908248213041225,0.2379967369161232,0.9157411332910363
0.38975755607082385,0.4055138440758379,0.20472859985333827,0.9916670917641051
0.46468670658965877,0.30428734729147094,0.23102594611887028,0.908333722708298
0.36758841970775297,0.38958383921834105,0.242827741073906,0.9027781647712442
0.3333567757163449,0.3626644808450564,0.30397874343859854,0.7842595954474295
0.3776450153447264,0.39809802090921204,0.2242569637460616,0.9398152176849363
0.35677038388376575,0.3981397151454674,0.24508990097076683,0.8842596383143981
0.41212241378216613,0.33175751344747506,0.2561200727703587,0.9009263121255595
0.3311937617783898,0.3700719337216016,0.2987343045000087,0.7898151533844833
0.4267813434066415,0.41814447041891195,0.1550741861744465,0.9250003965194594
0.42628926774220854,0.3614086394969051,0.21230209276088643,0.9509263335590439
0.33080259052463223,0.42952105084656433,0.23967635862880335,0.8583337012748137
0.4088901216235215,0.431016277994151,0.16009360038232753,0.9416670703306208
0.40889559732781006,0.35425230354196613,0.23685209913022393,0.9342596597478824
0.3370099071983812,0.4264311907914797,0.23655890201013907,0.8731485224402905
0.39483244302777365,0.44419124847463415,0.16097630849759223,0.9416670703306208
0.32408642444643915,0.4316023071256245,0.24431126842793643,0.8435188801093368
0.433538569698997,0.35660230722435576,0.2098591230766472,0.9472226282676747
0.37097976830738655,0.39457848789788913,0.2344417437947242,0.917592985936721
0.4598244718524683,0.3547630827815189,0.18541244536601273,0.9231485438737749
0.3723625331477453,0.3575178101273833,0.2701196567248714,0.8620374065661829
0.4356093985569917,0.3381507964893521,0.22623980495365636,0.9287041018108285
0.4417664830455129,0.43239093788486066,0.12584257906962648,0.8861114909600827
0.47490190159200674,0.36283847898555294,0.1622596194224403,0.8916670488971365
0.37579958113433326,0.47771906146628496,0.1464813573993817,0.9212966912280902
0.3587256993355112,0.3727590329056726,0.26851526775881623,0.8509262906920753
0.4290477680589533,0.3255516082467494,0.2454006236942973,0.9064818700626134
0.44741320788857,0.4298411031335635,0.12274568897786642,0.8842596383143981
0.37648079104659166,0.4202597782622522,0.20325943069115615,0.9712967126615745
0.3679481397714633,0.40189051475066484,0.2301613454778719,0.9157411332910363
0.45256744097839974,0.36464177238550743,0.18279078663609286,0.926852249165144
0.4343230466377471,0.44545693553812354,0.12022001782412936,0.8805559330230288
0.45051462137709675,0.3359630484221358,0.21352233020076739,0.9379633650392516
0.3747095841620402,0.38471389030435016,0.24057652553360964,0.9138892806453518
0.3774467899261502,0.4910370629841303,0.13151614708971948,0.9046300174169287
0.3920252617001259,0.3985921093826797,0.20938262891719434,0.9787041232443129
0.36550597834552023,0.4949804046155245,0.13951361703895518,0.9101855753539825
0.3273169872433621,0.46717154121801846,0.20551147153861946,0.9046300174169287
0.4793320687751659,0.3843060784515791,0.136361852773255,0.8842596383143981
0.46042374001432984,0.4037620269790904,0.1358142330065797,0.8898151962514519
0.4161287116428744,0.37690873645496914,0.20696255190215634,0.9694448600158899
0.3489658303713724,0.41442223107525183,0.23661193855337576,0.8879633436057673
0.4287041936967081,0.3115080045023601,0.25978780180093175,0.8879633436057673
0.415026703387238,0.41999919164695126,0.16497410496581072,0.9472226282676747
0.4560416649487823,0.4265417937436648,0.11741654130755283,0.8824077856687135
0.39405868724010457,0.4929157877542556,0.11302552500563988,0.8787040803773444
0.4264441682273628,0.3775432250938411,0.19601260667879622,0.9583337441417822
0.3568661970863284,0.35247884127925583,0.2906549616344158,0.8231485010068061
0.36205130311889894,0.4581339473844885,0.1798147494966125,0.9564818914960976
0.3908358288399,0.36018923243133383,0.24897493872876622,0.9046300174169287
0.47591844106897807,0.3593036570304991,0.16477790190052297,0.8972226068341903
0.38376198945244777,0.42048232054992307,0.19575568999762916,0.9861115338270514
0.441281169332717,0.3718614735814769,0.1868573570858061,0.9379633650392516
0.33634640375888686,0.5096893273455632,0.15396426889555007,0.908333722708298
0.32562173447547654,0.4476824201614822,0.22669584536304127,0.8694448171489213
0.3738764988443159,0.37525213866149343,0.25087136249419073,0.9009263121255595
0.3283265916521698,0.4492511561003892,0.22242225224744097,0.8842596383143981
0.414138227315955,0.4225676252882558,0.16329414739578915,0.9472226282676747
0.4428202087921053,0.39577991255557854,0.16139987865231625,0.917592985936721
0.37923509128945776,0.45154935735604856,0.1692155513544937,0.9601855967874668
0.5021721927679015,0.3827485617954474,0.11507924543665123,0.8546299959834445
0.39244992055359473,0.4418337944777509,0.16571628496865443,0.9527781862047284
0.28526264185305855,0.45920364130701324,0.2555337168399281,0.773148479573322
0.4949358525402561,0.36813276484829804,0.13693138261144572,0.8750003750859752
0.3002820029072112,0.42602316658814016,0.2736948305046486,0.7805558901560603
0.4231710849154526,0.3549136500742335,0.22191526501031406,0.9398152176849363
0.38159684091290236,0.38696177057012354,0.23144138851697402,0.9305559544565132
0.5083076456673815,0.3689887951754772,0.12270355915714125,0.8601855539204983
0.5217293709591263,0.36242805154929886,0.11584257749157478,0.847222585400706
0.4100998048760557,0.3734750733580041,0.2164251217659402,0.9657411547245207
0.45253122586062783,0.36189192241983076,0.18557685171954152,0.926852249165144
0.3922855382112947,0.3622287564263008,0.2454857053624045,0.9120374279996671
0.4590684976319622,0.2929594180882967,0.24797208427974116,0.8879633436057673
0.3609062281578181,0.4581132552313345,0.1809805166108474,0.9564818914960976
0.4529807195126945,0.41066312135982475,0.13635615912748067,0.8916670488971365
0.34619119959331346,0.42325233104829213,0.23055646935839438,0.8972226068341903
0.343570117184858,0.4745581547006053,0.18187172811453672,0.9416670703306208
0.36354719779873945,0.45919928180809527,0.17725352039316522,0.9490744809133592
0.4228639973397748,0.33505164588983394,0.2420843567703913,0.9194448385824056
0.37055622691274176,0.4464211404251632,0.18302263266209517,0.963889302078836
0.43460021887800615,0.39313975533752393,0.1722600257844699,0.936111512393567
0.4314478998505776,0.37599627081380915,0.19255582933561327,0.9546300388504131
0.3317149864759041,0.41991431481735375,0.24837069870674217,0.8527781433377598
0.44988619190464424,0.41313580914645515,0.13697799894890064,0.8953707541885056
0.5099272599902023,0.3242852030793534,0.16578753693044435,0.8805559330230288
0.4198387445037956,0.4250538661862882,0.1551073893099162,0.9324078071021978
0.4529573569012371,0.32188803348727546,0.2251546096114873,0.9212966912280902
0.3527177739170103,0.341138152779726,0.3061440733032636,0.8064818271956448
0.33428114973151096,0.45910713192035296,0.2066117183481361,0.9138892806453518
0.3300771463063766,0.5136635187424974,0.15625933495112607,0.9009263121255595
0.438400364128219,0.31004952317842605,0.2515501126933549,0.8879633436057673
0.31562081768609995,0.4196059361890529,0.26477324612484715,0.8064818271956448
0.3950267084510174,0.3908743806292263,0.21409891091975627,0.973148565307259
0.49022777699971126,0.3488014849983421,0.16097073800194658,0.8824077856687135
0.3923741809644683,0.41169393901741613,0.19593188001811562,0.9935189444097898
0.4176242305578757,0.33904976824805705,0.2433260011940673,0.9212966912280902
0.3721233241697801,0.4039766895385513,0.22389998629166857,0.9342596597478824
0.4042001470787073,0.39417253318884965,0.20162731973244313,0.9935189444097898
0.3859372833381222,0.47713726170454207,0.1369254549573358,0.9120374279996671
0.4335019776923778,0.441850149443729,0.12464787286389317,0.8861114909600827
0.312142137357634,0.43208388688893345,0.25577397575343264,0.8120373851326986
0.4546121011597421,0.37871928783759107,0.16666861100266683,0.908333722708298
0.379872139668327,0.4914039570556027,0.12872390327607022,0.8972226068341903
0.4228139468031851,0.300494213693732,0.27669183950308285,0.8638892592118675
0.37636529309409633,0.45509768568461484,0.1685370212212889,0.9601855967874668
0.476446251974043,0.3788910626594713,0.14466268536648574,0.8842596383143981
0.3905163714462995,0.3872461052527938,0.2222375233009067,0.9527781862047284
0.42485398915132,0.46140092388663173,0.11374508696204835,0.8768522277316597
0.38351511557988865,0.3791076508730808,0.23737723354703064,0.9194448385824056
0.4033873837976824,0.3582984738798537,0.23831414232246392,0.9287041018108285
0.47928996048943473,0.3897723654402023,0.13093767407036297,0.8787040803773444
0.4007228410904761,0.4103578061646509,0.18891935274487298,0.9861115338270514
0.3939091562587356,0.38621596369656974,0.21987488004469463,0.9620374494331515
0.38083401260580435,0.475198071412817,0.14396791598137876,0.9194448385824056
0.397774910732013,0.4648231356890883,0.13740195357889867,0.9120374279996671
0.3328586487416419,0.49285545941112635,0.17428589184723176,0.9194448385824056
0.4457545876001472,0.3113422956268767,0.24290311677297613,0.9027781647712442
0.40523006372811254,0.3471353504539122,0.24763458581797543,0.9064818700626134
0.4136702578399593,0.4483653075132593,0.13796443464678146,0.9101855753539825
0.4082290159211633,0.445606394513238,0.14616458956559858,0.9250003965194594
0.4919317182896632,0.30731053524296975,0.20075774646736705,0.899074459479875
0.334208791672225,0.37218123533709546,0.29360997299067954,0.7935188586758525
0.3437997325917999,0.5101734795152811,0.14602678789291898,0.9027781647712442
0.39514823193738535,0.36079279549947035,0.24405897256314435,0.9138892806453518
0.4293454761909103,0.42528318651820446,0.14537133729088517,0.9101855753539825
0.33931577614693476,0.49210085390152125,0.16858336995154394,0.9305559544565132
0.376621237225144,0.45462616821012464,0.16875259456473132,0.9601855967874668
0.4236883924423351,0.38668836519592786,0.1896232423617371,0.9601855967874668
0.5079173920387277,0.33057809713746056,0.16150451082381173,0.8787040803773444
0.3981094324742685,0.34987976266445786,0.2520108048612737,0.9027781647712442
0.4665682465012175,0.3710181348631918,0.16241361863559062,0.8935189015428212
0.45622700941594124,0.3604614756055491,0.18331151497850962,0.9250003965194594
0.34739145095476237,0.45205983738536787,0.20054871165986973,0.9398152176849363
0.41769672276511743,0.4268609926896015,0.15544228454528097,0.9324078071021978
0.3758087354610131,0.4564197109699611,0.16777155356902568,0.9601855967874668
0.3915809426775655,0.41668400331096844,0.19173505401146598,0.9898152391184206
0.38046791978558364,0.39124058853358956,0.22829149168082688,0.9324078071021978
0.43582548155134637,0.3567604829914694,0.20741403545718415,0.9435189229763054
0.4045650483392655,0.3629862388848836,0.2324487127758509,0.9416670703306208
0.3969483381757799,0.4563226478584333,0.14672901396578683,0.9231485438737749
0.44995219754898297,0.40921041323360174,0.1408373892174153,0.8972226068341903
0.35673262330246364,0.44765170018297423,0.19561567651456216,0.9490744809133592
0.3178761579232468,0.45703514987463045,0.22508869220212266,0.865741111857552
0.45847711328641794,0.3595787852159683,0.18194410149761367,0.9212966912280902
0.42590310588637054,0.3596709387074345,0.21442595540619497,0.9472226282676747
0.4053751308727144,0.4503862074110454,0.1442386617162402,0.9212966912280902
0.4553908685067341,0.4006588067174115,0.14395032477585432,0.899074459479875
0.46020948341560536,0.32368018814164434,0.2161103284427502,0.9212966912280902
0.46383976247363146,0.4066427184845884,0.1295175190417802,0.8879633436057673
0.40076786971470413,0.37776898432526584,0.22146314596003003,0.9601855967874668
0.39007660057789856,0.425421785646842,0.1845016137752594,0.9842596811813666
0.4039974499857735,0.4713047490042277,0.12469780100999882,0.8953707541885056
0.4948575410564381,0.33426370304999786,0.17087875589356408,0.8861114909600827
0.4363819913406168,0.39522019984417517,0.16839780881520786,0.9287041018108285
0.3818576733799991,0.4556023831635171,0.16253994345648387,0.9490744809133592
0.4526912434412239,0.30339275670937194,0.24391599984940426,0.8953707541885056
0.47332339439759935,0.33909584154547023,0.18758076405693042,0.9157411332910363
0.3393817985537244,0.449643578093769,0.2109746233525066,0.9138892806453518
0.4699674140974777,0.3733830729381295,0.1566495129643928,0.8916670488971365
0.34849411234491645,0.4119240415162465,0.239581846138837,0.8805559330230288
0.43183575176340133,0.39685435663858526,0.17130989159801335,0.9398152176849363
0.4019840797560535,0.3636598283434816,0.23435609190046497,0.9324078071021978
0.4672594948447805,0.4053410918559673,0.12739941329925228,0.8861114909600827
0.47871114671243553,0.3486550913933882,0.17263376189417634,0.8972226068341903
0.3910499987537803,0.39719638836998755,0.21175361287623223,0.9750004179529437
0.35732115049747804,0.4031014454327659,0.23957740406975617,0.899074459479875
0.4035616289855682,0.3639888186060799,0.2324495524083519,0.936111512393567
0.44832211654508003,0.4145336310363099,0.13714425241861017,0.8953707541885056
0.4017935716069991,0.3937628233884086,0.20444360500459233,0.9898152391184206
0.4100212282712357,0.4180310484108596,0.17194772331790475,0.9527781862047284
0.402089885406968,0.3380209821258674,0.2598891324671646,0.8935189015428212
0.4007086412939449,0.37674597861128284,0.22254538009477218,0.9601855967874668
0.44293158110876557,0.3976615941264099,0.1594068247648245,0.917592985936721
0.38556674689113046,0.3460075078007267,0.26842574530814284,0.8694448171489213
0.46120137444168796,0.3811935229051128,0.15760510265319919,0.8953707541885056
0.47111267471203655,0.3236129164962992,0.20527440879166428,0.9250003965194594
0.3850652998958168,0.5075709319032877,0.10736376820089541,0.865741111857552
0.3889014414192854,0.42448898179753175,0.18660957678318288,0.9861115338270514
0.3123408430121894,0.48710054174498635,0.20055861524282428,0.8879633436057673
0.4373309102176333,0.3592271679021118,0.20344192188025495,0.9509263335590439
0.469355949222109,0.383167160414525,0.147476890363366,0.8898151962514519
0.4898050511886273,0.3645701045026735,0.14562484430869915,0.8805559330230288
0.4146143883329241,0.4691754359352927,0.11621017573178323,0.8879633436057673
0.4906835253846676,0.3825678248429797,0.12674864977235273,0.8694448171489213
0.3446803831970064,0.5181411771990162,0.13717843960397746,0.899074459479875
0.32010297250629544,0.40146714980898074,0.27842987768472377,0.7972225639672218
0.4172325321459618,0.45494621573710464,0.12782125211693346,0.8953707541885056
0.38235228948422,0.4075670180975585,0.21008069241822155,0.9694448600158899
0.4306947309218911,0.4267240692710169,0.142581199807092,0.908333722708298
0.39443104340446006,0.3379531383684909,0.2676158182270491,0.8731485224402905
0.3913839031475944,0.39198696706123526,0.21662912979117038,0.9675930073702053
0.41298377432302735,0.4326567112846347,0.15435951439233803,0.936111512393567
0.42039987674806695,0.3858486215893366,0.19375150166259653,0.9657411547245207
0.4647797337454589,0.36682085969260875,0.1683994065619324,0.9009263121255595
0.48819925570689315,0.31334424129742383,0.19845650299568304,0.9027781647712442
0.4332112565468648,0.37890944425763706,0.18787929919549817,0.9490744809133592
0.35383621609900234,0.3727502751664306,0.27341350873456705,0.8324077642352292
0.44061206591915986,0.4310955243596756,0.12829240972116462,0.8898151962514519
0.31215193622240417,0.5072756060740661,0.18057245770352975,0.8916670488971365
0.4322225085869742,0.3246406291828938,0.24313686223013203,0.9101855753539825
0.47378304857740344,0.40427052128590824,0.12194643013668852,0.8787040803773444
0.39617991442955164,0.43131669298976105,0.17250339258068734,0.9675930073702053
0.4014727124477656,0.36247747318943424,0.23604981436280023,0.9324078071021978
0.4652234181670944,0.3573870817893879,0.17738950004351772,0.908333722708298
0.31684753897411727,0.44848572878946324,0.2346667322364195,0.8398151748179676
0.46689705920699726,0.3863566019799856,0.14674633881301707,0.8935189015428212
0.45526021542215706,0.3983049207236746,0.14643486385416832,0.9009263121255595
0.4721308163773079,0.34358477168139134,0.18428441194130069,0.9120374279996671
0.38590305152423504,0.323054984775638,0.29104196370012697,0.8324077642352292
0.4227315235660503,0.4032547687997627,0.17401370763418708,0.94537077562199
0.4313818597304674,0.3660669164349736,0.20255122383455904,0.9583337441417822
0.38013197601393844,0.3834864522060585,0.2363815717800031,0.9212966912280902
0.4380469200102402,0.4510151207749615,0.11093795921479815,0.8731485224402905
0.3817469952883959,0.4519524420003028,0.16630056271130134,0.9583337441417822
0.4315084795182771,0.30261155032192266,0.26587997015980036,0.8731485224402905
0.38358825923745526,0.41594452835839807,0.20046721240414672,0.9824078285356821
0.3670175672770264,0.48022616414708014,0.15275626857589344,0.9231485438737749
0.34580402706963015,0.4153803228624674,0.23881565006790242,0.8787040803773444
0.4472224378895658,0.31383254966364543,0.23894501244678865,0.908333722708298
0.4773463316254265,0.3334626927646657,0.1891909756099077,0.908333722708298
0.3516162057233866,0.3559010377741231,0.2924827565024904,0.8157410904240678
0.36709804230709564,0.3799296048556849,0.25297235283721947,0.8879633436057673
0.3671017924158877,0.45014321826800346,0.18275498931610895,0.9583337441417822
0.43099063577568236,0.30569207387381364,0.263317290350504,0.8824077856687135
0.3579891017497523,0.38036874571058227,0.2616421525396655,0.8620374065661829
0.3828443991431859,0.42619919549778956,0.19095640535902458,0.9824078285356821
0.4950962970407106,0.3816009075728044,0.12330279538648482,0.8620374065661829
0.40518343398013257,0.44443807945533137,0.15037848656453603,0.9305559544565132
0.4301306219770784,0.4406092687119991,0.1292601093109225,0.8935189015428212
0.4069441452238442,0.46574723870498114,0.12730861607117464,0.9009263121255595
0.4048351649841706,0.41775155189096497,0.1774132831248645,0.9712967126615745
0.4301987753232306,0.37344749033395025,0.19635373434281925,0.9583337441417822
0.3101284118291081,0.4509326336163178,0.23893895455457415,0.8324077642352292
0.31487940013067994,0.3823928351711841,0.30272776469813595,0.7638892163448989
0.36018681224800175,0.37541552955324275,0.2643976581987556,0.8583337012748137
0.39614217042230154,0.3719884374925017,0.23186939208519677,0.9305559544565132
0.4464132082685536,0.3694777305532005,0.18410906117824613,0.9287041018108285
0.33983369202060837,0.4444576966860462,0.2157086112933454,0.9101855753539825
0.32135290698009006,0.4796190506792563,0.19902804234065372,0.9046300174169287
0.3458730153648062,0.4519140221969782,0.20221296243821557,0.9379633650392516
0.4396556369820065,0.31507560524742106,0.2452687577705725,0.9027781647712442
0.4047266504445791,0.30577619610852586,0.28949715344689503,0.8361114695265984
0.42167564603129015,0.3752178448827573,0.20310650908595257,0.9657411547245207
0.48561182766916083,0.37172823192536214,0.14265994040547691,0.8805559330230288
0.3460970060754235,0.3819561337784844,0.27194686014609204,0.8268522062981755
0.45165957460889633,0.39573096609085323,0.1526094593002505,0.9009263121255595
0.3582572160836485,0.47695010337753235,0.16479268053881918,0.9287041018108285
0.48289474362769874,0.38529322602647803,0.13181203034582323,0.8787040803773444
0.4299709349066142,0.35250792516458535,0.21752113992880034,0.9435189229763054
0.5363714226374996,0.3347690462973902,0.12885953106511028,0.8490744380463907
0.47379010983540726,0.3801970325540776,0.14601285761051525,0.8861114909600827
0.35504392390527006,0.3510041630166847,0.29395191307804514,0.8212966483611216
0.3471571307288891,0.41794803733059865,0.23489483194051225,0.8898151962514519
0.40691455903392254,0.32224510582034877,0.27084033514572875,0.8694448171489213
0.2924116767325163,0.43786641907749513,0.2697219041899887,0.7657410689905835
0.39083861627120514,0.4116060491505535,0.1975553345782414,0.9972226497011588
0.33316046355579715,0.4210204511389713,0.24581908530523158,0.8546299959834445
0.341369802117013,0.3932969317073607,0.2653332661756264,0.8268522062981755
0.45393253389286337,0.37039406988009116,0.17567339622704536,0.917592985936721
0.36445812335002264,0.5038279036683796,0.1317139729815977,0.899074459479875
0.44810507461132537,0.38405541964778206,0.16783950574089262,0.917592985936721
0.38416478029688994,0.5039181462394757,0.11191707346363437,0.8712966697946058
0.4816306085962826,0.3667066906937864,0.15166270070993082,0.8842596383143981
0.4119003918076005,0.4269566601732493,0.1611429480191502,0.9435189229763054
0.4318067226399051,0.3772525188218754,0.19094075853821948,0.9509263335590439
0.4292545386352531,0.42545180461305726,0.1452936567516898,0.9101855753539825
0.41528098698538773,0.4832108796886647,0.10150813332594764,0.8509262906920753
0.4318728882377723,0.45760676356126473,0.11052034820096295,0.8712966697946058
0.32200257675791255,0.4769133911955037,0.2010840320465837,0.9046300174169287
0.3586637374498551,0.4163256260029407,0.22501063654720424,0.9212966912280902
0.3703305441683502,0.3771280666939016,0.25254138913774826,0.8916670488971365
0.3678722004363645,0.41946842856508004,0.21265937099855559,0.94537077562199
0.3771864190765928,0.33037901176851114,0.29243456915489624,0.8305559115895447
0.4314137873557245,0.3663375362314018,0.20224867641287358,0.9583337441417822
0.34781609010389747,0.4115544817985455,0.24062942809755714,0.8768522277316597
0.3587753227785008,0.44336417443394516,0.19786050278755407,0.9509263335590439
0.38868586483203205,0.4720287462832061,0.1392853888847618,0.9138892806453518
0.40411793037810145,0.39606418958723466,0.19981788003466383,0.9935189444097898
0.410394468057143,0.3568677515748469,0.23273778036801007,0.9398152176849363
0.3971452952862554,0.35231067618933687,0.2505440285244077,0.9046300174169287
0.3891249944398171,0.38601191089929826,0.22486309466088472,0.9472226282676747
0.39854143587630514,0.3415588899225519,0.25989967420114296,0.8916670488971365
0.37080558701725724,0.35871467932187134,0.2704797336608714,0.8601855539204983
0.40819198290225617,0.46578514981151664,0.12602286728622722,0.899074459479875
0.37483642539685186,0.4289591369988216,0.19620443760432663,0.9694448600158899
0.47368088367196615,0.39979512314142296,0.12652399318661098,0.8805559330230288
0.37511693678117536,0.3629660344069853,0.2619170288118392,0.8750003750859752
0.3076443851087621,0.4351370291153467,0.2572185857758912,0.8064818271956448
0.3501398198375304,0.3702591340152187,0.2796010461472509,0.8231485010068061
0.4715340657136915,0.3715192921980277,0.15694664208828082,0.8916670488971365
0.40624760561852896,0.43866473910837556,0.15508765527309545,0.936111512393567
0.5156223247634921,0.35773698642645196,0.1266406888100558,0.8546299959834445
0.4140778291694174,0.40687438808969767,0.17904778274088506,0.9712967126615745
0.44205479209757825,0.4042471201365281,0.15369808776589355,0.9138892806453518
0.34827716167654477,0.4763565300060742,0.17536630831738106,0.936111512393567
0.35328875746599825,0.37723822666874124,0.2694730158652605,0.8361114695265984
0.3389075666373103,0.4244674267481856,0.23662500661450414,0.8712966697946058
0.43246905569060495,0.32601101612949773,0.24151992817989726,0.9138892806453518
0.31921482376691307,0.42780005695633655,0.2529851192767504,0.82870405894386
0.3733340958502321,0.5109425594229643,0.11572334472680358,0.8694448171489213
0.4667341596806035,0.3903692766329202,0.14289656368647627,0.8916670488971365
0.3506149105392623,0.5264889089885582,0.12289618047217951,0.8824077856687135
0.36405369348717725,0.3959208732127953,0.24002543330002743,0.9046300174169287
0.45845784151051994,0.36447995453618437,0.17706220395329567,0.9120374279996671
0.39848197401313135,0.3927046692737057,0.20881335671316306,0.9805559758899974
0.46030833345369343,0.3586872120561078,0.18100445449019884,0.9212966912280902
0.32478604151338386,0.42535887699704544,0.24985508148957083,0.8361114695265984
0.49896323245730095,0.3778138192630472,0.12322294827965194,0.8620374065661829
0.3958720681284196,0.3849540532830998,0.21917387858848056,0.963889302078836
0.38083268781895957,0.3943080556674621,0.22485925651357844,0.94537077562199
0.38266944145848025,0.45007191684577325,0.16725864169574645,0.9601855967874668
0.36535499424267615,0.5153116845700421,0.11933332118728171,0.8805559330230288
0.38710584912820584,0.37092492885315215,0.24196922201864207,0.9138892806453518
0.4210812554021712,0.3352110101531948,0.24370773444463406,0.9194448385824056
0.36114803040539867,0.3918308513029372,0.247021118291664,0.8898151962514519
0.40568691607234186,0.46015939440926656,0.13415368951839152,0.9064818700626134
0.3802146206174456,0.3709592846435436,0.2488260947390108,0.9064818700626134
0.3328415150246778,0.4524927812910334,0.21466570368428894,0.899074459479875
0.38723834880320945,0.43082865850411306,0.1819329926926776,0.9787041232443129
0.3754887079688368,0.4314129613595443,0.19309833067161872,0.9694448600158899
0.45340016150828344,0.42937138159142957,0.11722845690028703,0.8805559330230288
0.3820996779690551,0.43924140046487603,0.178658921566069,0.9694448600158899
0.3730035870167199,0.4445028658538845,0.18249354712939567,0.9657411547245207
0.403663681588856,0.4509334722871754,0.14540284612396867,0.9231485438737749
0.4044174686244467,0.3944153112296084,0.2011672201459449,0.9935189444097898
0.3094795463645244,0.4385079048610239,0.2520125487744517,0.8175929430697524
0.4512391082060402,0.3211464372844344,0.22761445450952542,0.9231485438737749
0.4199871998060335,0.3737534037998759,0.2062593963940906,0.9657411547245207
0.4331275351839243,0.44868534891611267,0.11818711589996306,0.8805559330230288
0.4594560325740895,0.3396998707766341,0.20084409664927644,0.9324078071021978
0.4009069316483705,0.4574367063102139,0.14165636204141566,0.917592985936721
0.42556104981198434,0.4456324957365422,0.1288064544514736,0.8953707541885056
0.34673185601293605,0.35563671576515743,0.2976314282219065,0.8083336798413293
0.44070357103490526,0.427464518448052,0.13183191051704277,0.8972226068341903
0.3677131495692702,0.4050811355356047,0.22720571489512517,0.9194448385824056
0.49285757008684133,0.36517782784181063,0.14196460207134803,0.8787040803773444
0.3929812975418679,0.44578355166484157,0.16123515079329045,0.9435189229763054
0.3459153489153911,0.37048449823919044,0.2836001528454184,0.8194447957154369
0.3731413542916683,0.4128530915553569,0.2140055541529749,0.9509263335590439
0.34876074658762574,0.48359674810851905,0.16764250530385516,0.9324078071021978
0.3905090481132696,0.33608044070805965,0.27341051117867066,0.856481848629129
0.3546000157053439,0.3577325075071983,0.2876674767874578,0.8231485010068061
0.30821695274058974,0.44407521117856147,0.24770783608084881,0.8250003536524908
0.37165487655349233,0.3936166190813824,0.23472850436512524,0.917592985936721
0.31097641114025015,0.46128408688349665,0.2277395019762531,0.847222585400706
0.43593073139390265,0.3305704121907845,0.23349885641531296,0.9212966912280902
0.425561258116234,0.4134476321492328,0.1609911097345331,0.9305559544565132
0.3256645995284633,0.3938334762902458,0.28050192418129083,0.8027781219042757
0.4668204213306727,0.4154721799464808,0.11770739872284658,0.8824077856687135
0.361893830901074,0.3698063875960768,0.26829978150284917,0.8546299959834445
0.4301047539505272,0.36392769569512207,0.20596755035435074,0.9546300388504131
0.31968901956542856,0.5047413786188253,0.17556960181574616,0.9027781647712442
0.3943381625803385,0.36989804783823177,0.2357637895814297,0.926852249165144
0.4202019405400028,0.4305193270851397,0.14927873237485761,0.9212966912280902
0.39501713415573736,0.35358992583222354,0.2513929400120391,0.9027781647712442
0.3075181155857942,0.41893526586451746,0.2735466185496882,0.7879633007387988
0.45117075419091646,0.3678003229636023,0.18102892284548125,0.926852249165144
0.31110103868366934,0.42824378651797473,0.26065517479835587,0.800926269258591
0.34859668766386037,0.3838920029350978,0.26751130940104184,0.8361114695265984
0.4597137367671078,0.33711534332669274,0.20317091990619948,0.9305559544565132
0.35968459853865314,0.3404274457303873,0.29988795573095955,0.8157410904240678
0.4524016058909932,0.44061198555950837,0.10698640854949847,0.8694448171489213
0.4573871887904209,0.3782163424315101,0.164396468778069,0.9027781647712442
0.41811958971924895,0.325132494866731,0.25674791541402003,0.899074459479875
0.46720099432778295,0.37839190235883813,0.154407103313379,0.8935189015428212
0.38905737992792094,0.359663799568335,0.251278820503744,0.9009263121255595
0.5310704079124497,0.34434978659418675,0.12457980549336344,0.8509262906920753
0.39715814321149756,0.4444325596309851,0.1584092971575174,0.9342596597478824
0.3918530297586822,0.4441248548873935,0.16402211535392436,0.9509263335590439
0.31235038158609946,0.45733699360955643,0.23031262480434414,0.8453707327550215
0.3784795438053227,0.40775159936172906,0.2137688568329482,0.9583337441417822
0.407669476204587,0.4427035300916592,0.14962699370375385,0.9305559544565132
0.3155791987315752,0.42136341057188137,0.26305739069654355,0.8083336798413293
0.4668527150625691,0.40346428066733875,0.12968300427009222,0.8879633436057673
0.32130628673729883,0.46282402613219864,0.21586968713050259,0.8805559330230288
0.3780610065953308,0.407184040498441,0.2147549529062281,0.9583337441417822
0.4543344996901211,0.3028718398724381,0.24279366043744083,0.9009263121255595
0.44545365778249235,0.3384475635398253,0.21609877867768232,0.936111512393567
0.37751340293143326,0.5114851865286176,0.11100141053994902,0.8620374065661829
0.4194385162461085,0.33608913366828924,0.2444723500856023,0.9194448385824056
0.3803961799590758,0.39389998863436615,0.22570383140655798,0.9416670703306208
0.5061709449416324,0.35879060025258935,0.13503845480577842,0.8675929645032366
0.3983115650369451,0.35275700296287976,0.24893143200017515,0.9064818700626134
0.36385881892053884,0.4741940275268727,0.16194715355258846,0.9342596597478824
0.3357929839591583,0.44253850218800866,0.22166851385283295,0.8935189015428212
0.44986227720817157,0.36100720351980065,0.1891305192720278,0.926852249165144
0.36772317793356263,0.4793864339774362,0.15289038808900118,0.9231485438737749
0.38074515224591793,0.3934162348297096,0.22583861292437243,0.9416670703306208
0.35520308232693,0.48958928048177985,0.15520763719129016,0.9231485438737749
0.4646787835752965,0.3110008972114872,0.22432031921321627,0.9138892806453518
0.43415559827813305,0.30099761932683616,0.26484678239503096,0.8750003750859752
0.35026668510029835,0.43866036297789224,0.21107295192180947,0.936111512393567
0.41959582041305504,0.39321150419893247,0.1871926753880125,0.963889302078836
0.4146813510976432,0.427918355032229,0.1574002938701278,0.936111512393567
0.39567509161316994,0.47235041678010264,0.13197449160672742,0.9027781647712442
0.364648869676458,0.4794143088499659,0.1559368214735761,0.9231485438737749
0.3407733120787567,0.35554202663950096,0.3036846612817423,0.800926269258591
0.43543725070169503,0.34776600170683947,0.21679674759146567,0.9435189229763054
0.3774780135078757,0.40338995490951185,0.21913203158261235,0.9490744809133592
0.4801105021308279,0.3983230449946528,0.12156645287451931,0.8712966697946058
0.3610696248804638,0.4414618061602073,0.19746856895932885,0.9509263335590439
0.4250268998490367,0.454043662122996,0.12092943802796734,0.8842596383143981
0.3749174895255938,0.3719267290555827,0.25315578141882356,0.8953707541885056
0.458945590658671,0.4037520963563854,0.1373023129849436,0.8898151962514519
0.4431989678120606,0.3098613667377759,0.24693966545016335,0.8935189015428212
0.44438515410639434,0.3471515035266089,0.2084633423669969,0.9379633650392516
0.4125754076855186,0.41420470842172546,0.17321988389275586,0.9546300388504131
0.3684816095194963,0.3968323712851816,0.23468601919532203,0.9157411332910363
0.31677607413041403,0.4491702750670004,0.23405365080258547,0.8435188801093368
0.42876376162819413,0.3833754607892191,0.18786077758258682,0.9527781862047284
0.4183183348729023,0.36992981686332077,0.21175184826377677,0.9657411547245207
0.3900741822700608,0.49268694281362085,0.11723887491631829,0.8824077856687135
0.40345358226556455,0.45754625413864664,0.13900016359578882,0.917592985936721
0.44584696602937873,0.33299924677278064,0.22115378719784062,0.9287041018108285
0.41339222404142495,0.45480234263369906,0.13180543332487604,0.9027781647712442
0.32301494060245306,0.513098254842503,0.16388680455504395,0.8935189015428212
0.41943664835190525,0.45192460494751174,0.12863874670058295,0.8972226068341903
0.3272786799948452,0.401013839509068,0.27170748049608673,0.8120373851326986
0.4228034380690872,0.35053300206712673,0.22666355986378608,0.9342596597478824
0.293273854305763,0.4441813767761436,0.26254476891809325,0.7675929216362681
0.4094519378047514,0.4428469444449147,0.14770111775033373,0.9231485438737749
0.3567703433316636,0.466363455803829,0.17686620086450738,0.9472226282676747
0.3233703345149033,0.37504546818025153,0.3015841973048451,0.773148479573322
0.45193346345773766,0.40662249311564685,0.14144404342661548,0.899074459479875
0.4448734748453191,0.41528992003716647,0.1398366051175145,0.8953707541885056
0.4190121051917663,0.4154244674577614,0.16556342735047236,0.9416670703306208
0.3778903923348676,0.4410900709264042,0.18101953673872823,0.9712967126615745
0.4261903469629134,0.35396388856608696,0.21984576447099954,0.94537077562199
0.46818715260059984,0.3511527731534034,0.1806600742459969,0.9120374279996671
0.4677281841257874,0.3437319660728733,0.1885398498013393,0.9212966912280902
0.36959008386876874,0.4534008559702216,0.17700906016100962,0.9564818914960976
0.41772036965575576,0.348464629823397,0.2338150005208472,0.936111512393567
0.38854684642877063,0.4425396498011154,0.16891350377011385,0.963889302078836
0.4084674868029141,0.41345889364688154,0.1780736195502043,0.9694448600158899
0.43795264647712895,0.42443498620291387,0.13761236731995716,0.899074459479875
0.4922796690479223,0.36015123437820745,0.1475690965738701,0.8787040803773444
0.44172123750013625,0.3595380330695855,0.19874072943027815,0.9472226282676747
0.3037194393713794,0.4493639814571173,0.24691657917150317,0.8157410904240678
0.42722245469765135,0.34462312276173107,0.22815442254061769,0.9287041018108285
0.44762163069994054,0.4107915890324062,0.14158678026765312,0.899074459479875
0.41237090759558476,0.3864407650632264,0.20118832734118888,0.9824078285356821
0.32430991101285545,0.41363951781542674,0.2620505711717177,0.8157410904240678
0.3958273570957306,0.4548187025047076,0.14935394039956185,0.9231485438737749
0.4524627975683398,0.4085081848645114,0.13902901756714875,0.8953707541885056
0.3343260709388756,0.4096549064454294,0.25601902261569487,0.8435188801093368
0.3800140154745173,0.34880409062326584,0.271181893902217,0.8620374065661829
0.4249089864412978,0.3815844416526102,0.19350657190609205,0.9601855967874668
0.3633962820157449,0.45349522380437635,0.18310849417987873,0.9564818914960976
0.45693440565551235,0.36255713997002265,0.180508454374465,0.9212966912280902
0.3572020851591927,0.4178761946504553,0.22492172019035203,0.917592985936721
0.37121499281588843,0.4221217461755607,0.2066632610085509,0.9601855967874668
0.4285933117548078,0.3640469872583709,0.20735970098682127,0.9527781862047284
0.3494385473016835,0.48334857875821496,0.16721287394010148,0.9342596597478824
0.4365895547407649,0.36195560453742787,0.2014548407218073,0.9509263335590439
0.44918129612271523,0.35825190077397556,0.19256680310330923,0.936111512393567
0.34250479694937097,0.4546938758461873,0.20280132720444174,0.9305559544565132
0.4885212230304704,0.3689604426959938,0.1425183342735358,0.8805559330230288
0.34389599542179855,0.4377479341132392,0.2183560704649624,0.9157411332910363
0.424502231382907,0.4462587912844916,0.12923897733260145,0.8953707541885056
0.4570270242334814,0.3985012835335477,0.14447169223297085,0.899074459479875
0.4041381312265474,0.3118470505100872,0.2840148182633652,0.847222585400706
0.3666125410193386,0.4702065392191361,0.1631809197615253,0.9379633650392516
0.3912559393068238,0.40171148796318584,0.20703257272999046,0.9842596811813666
0.4157820962917895,0.4704403258994604,0.11377757780875,0.8787040803773444
0.36132556630971413,0.3450193179148981,0.2936551157753876,0.8231485010068061
0.3560366965948425,0.42071363927532046,0.22324966412983704,0.917592985936721
0.4045213141700621,0.4108809859830972,0.1845976998468408,0.9805559758899974
0.45884265021873494,0.41639419755896817,0.12476315222229688,0.8879633436057673
0.4184230012784439,0.43358446502839587,0.14799253369316018,0.9194448385824056
0.4062236112705293,0.3329964579152235,0.2607799308142473,0.8953707541885056
0.502068914851434,0.3555072930753895,0.14242379207317665,0.8694448171489213
0.46252772396287944,0.42742688201057744,0.1100453940265431,0.8675929645032366
0.44217979881764863,0.3768429525277685,0.180977248654583,0.9324078071021978
0.41410724235572777,0.4216247755950502,0.16426798204922208,0.9472226282676747
0.4350144790523218,0.3388994916827873,0.22608602926489102,0.9287041018108285
0.34268763544866954,0.41414088389588893,0.24317148065544153,0.865741111857552
0.2967442068472028,0.4554665652418044,0.24778922791099264,0.8064818271956448
0.43253975922290266,0.321087741060808,0.2463724997162892,0.899074459479875
0.42030127867924166,0.31997434111790823,0.2597243802028501,0.8972226068341903
0.36576160801679014,0.38937284951259826,0.24486554247061168,0.899074459479875
0.4381239266757089,0.45276278379426615,0.10911328953002493,0.8712966697946058
0.5293368913798282,0.3323112098177963,0.13835189880237547,0.8527781433377598
0.3020092332222446,0.4122882068780006,0.2857025598997546,0.7657410689905835
0.4330261097958375,0.46435635352287413,0.1026175366812884,0.8601855539204983
0.40835844896871837,0.3918697860620476,0.19977176496923407,0.9879633864727358
0.33030598071716005,0.4589276257070788,0.21076639357576119,0.899074459479875
0.4622921519617011,0.4051761452877646,0.13253170275053436,0.8879633436057673
0.4136802010519946,0.3220439366897154,0.2642758622582901,0.8898151962514519
0.40383227154078477,0.3167040205028144,0.27946370795640074,0.8546299959834445
0.4277922943296038,0.3333756198749768,0.23883208579541942,0.9212966912280902
0.3261938711433231,0.4286169025029465,0.24518922635373047,0.8435188801093368
0.4560431434956611,0.36827682993770045,0.17568002656663848,0.9138892806453518
0.456829262194524,0.3309378471586052,0.21223289064687081,0.9324078071021978
0.4493588596991617,0.34905054009244413,0.2015906002083942,0.936111512393567
0.44329033466613144,0.44383073746736923,0.11287892786649929,0.8768522277316597
0.3364339064508361,0.37280614823297775,0.2907599453161861,0.8027781219042757
0.36604017747971396,0.49886839832197927,0.13509142419830678,0.9046300174169287
0.40301629615149254,0.3523206780843108,0.2446630257641968,0.9101855753539825
0.3761879798530046,0.4641786053798138,0.15963341476718151,0.9398152176849363
0.42454944315360194,0.45523863597621655,0.12021192087018152,0.8842596383143981
0.46519849930771573,0.4115312434796561,0.12327025721262815,0.8842596383143981
0.40251461032217817,0.34682543052066456,0.2506599591571572,0.899074459479875
0.4637566814666703,0.3296778833636206,0.2065654351697091,0.9250003965194594
0.4015444479098701,0.42262903055995926,0.17582652153017062,0.9712967126615745
0.4554288015282198,0.378369689121617,0.16620150935016328,0.908333722708298
0.4419657596585057,0.3751081441394287,0.18292609620206557,0.9324078071021978
0.35108463318657734,0.41396522201069613,0.2349501448027264,0.8972226068341903
0.402542077144858,0.3876924521688931,0.20976547068624884,0.9787041232443129
0.4060227614885967,0.34051227104853937,0.25346496746286395,0.899074459479875
0.44868444478492286,0.41425363602369847,0.13706191919137864,0.8953707541885056
0.3482408274318654,0.4905207900556338,0.16123838251250083,0.926852249165144
0.3761555768640589,0.4419294123151476,0.18191501082079345,0.9712967126615745
0.3487085873969156,0.41412406773084975,0.23716734487223468,0.8861114909600827
0.422547849363475,0.3823562162309918,0.19509593440553327,0.963889302078836
0.4833312816197264,0.3680286559005115,0.14864006247976205,0.8805559330230288
0.3514521815298333,0.39465078872487724,0.25389702974528944,0.8601855539204983
0.3845404061908929,0.49798916428650947,0.1174704295225978,0.8805559330230288
0.381229991109617,0.45214086605853565,0.1666291428318474,0.9601855967874668
0.41186506319752214,0.3402668774944662,0.24786805930801156,0.9064818700626134
0.3372307164319138,0.511086981649997,0.15168230191808904,0.9064818700626134
0.4357004744301775,0.3399378952271477,0.22436163034267478,0.9324078071021978
0.37496084160921067,0.4958828717813881,0.12915628660940123,0.8935189015428212
0.3946219314091784,0.4685636728105999,0.1368143957802217,0.908333722708298
0.3019780714044318,0.4351252837267911,0.26289664486877706,0.7861114480931142
0.35107212266297083,0.45342781454441705,0.1955000627926121,0.9416670703306208
0.3449089138612941,0.4292302215861477,0.22586086455255835,0.899074459479875
0.4587207603776828,0.3252804620029595,0.21599877761935765,0.9212966912280902
0.42294221686159666,0.43973491425289135,0.13732286888551196,0.899074459479875
0.41052445960411776,0.37813744082645084,0.21133809956943142,0.9712967126615745
0.450504415404144,0.40350681560235785,0.14598876899349825,0.9027781647712442
0.3629633289139035,0.3815310122550361,0.25550565883106047,0.8787040803773444
0.4932468572206468,0.38147934395238386,0.12527379882696926,0.8675929645032366
0.3239637011458714,0.386269615145473,0.28976668370865566,0.7879633007387988
0.3954050067793252,0.42582222746845083,0.17877276575222406,0.9824078285356821
0.3841655558588247,0.3319027127398588,0.28393173140131656,0.8398151748179676
0.45998634671608474,0.33607436178341815,0.20393929150049714,0.9287041018108285
0.3575281128170678,0.3823033125745526,0.26016857460837967,0.8620374065661829
0.44531748658753256,0.43684820701471105,0.1178343063977565,0.8805559330230288
0.413169728142886,0.4460664663473787,0.14076380550973527,0.9157411332910363
0.4396369684535098,0.4357130777992754,0.12464995374721481,0.8842596383143981
0.4874914746148498,0.34531970817619445,0.1671888172089557,0.8898151962514519
0.3996795651218598,0.4278632195148306,0.1724572153633096,0.9657411547245207
0.3694923684875973,0.3543439138620003,0.27616371765040226,0.847222585400706
0.4148104199061436,0.43780603512830035,0.1473835449655559,0.9231485438737749
0.4237452845529486,0.3098613281427808,0.2663933873042705,0.8842596383143981
0.3944559457864547,0.3974103372127502,0.208133717000795,0.9805559758899974
0.39901731291087317,0.405435878546378,0.19554680854274883,0.9935189444097898
0.47364751837169017,0.386909208239277,0.13944327338903287,0.8879633436057673
0.46651784822387654,0.2874486163731193,0.24603353540300424,0.8916670488971365
0.48466327181906865,0.3806950573890263,0.13464167079190503,0.8787040803773444
0.33005868278364225,0.44073210960714754,0.22920920760921018,0.8731485224402905
0.38611064481746693,0.4122830842792394,0.20160627090329375,0.9898152391184206
0.34922614525130813,0.3676994773262526,0.28307437742243935,0.8231485010068061
0.3811069667762346,0.35060965316581905,0.2682833800579463,0.865741111857552
0.3476317220916702,0.4421923977923614,0.21017588011596824,0.936111512393567
0.331556058179036,0.5103068347142216,0.15813710710674247,0.9027781647712442
0.42818507215906587,0.44334529443477555,0.12846963340615858,0.8935189015428212
0.44162837323678156,0.3590773687376822,0.19929425802553613,0.94537077562199
0.3410365114392485,0.4188238794327814,0.24013960912796994,0.8694448171489213
0.37634725550832926,0.42486146329098,0.19879128120069076,0.9694448600158899
0.32022123226257526,0.44568787631708445,0.23409089142034029,0.8527781433377598
0.40605785523916704,0.44841768923222813,0.14552445552860482,0.9231485438737749
0.4064944014078362,0.3096873258588287,0.28381827273333515,0.847222585400706
0.43445828826025107,0.3600807906416316,0.20546092109811742,0.9472226282676747
0.469138163449815,0.3996349076136122,0.13122692893657267,0.8861114909600827
0.35010844504848493,0.43666010537631533,0.21323144957519966,0.9324078071021978
0.36381925030034207,0.4003745086029038,0.2358062410967541,0.908333722708298
0.4783363623779286,0.3152643621354271,0.2063992754866444,0.917592985936721
0.399794526274262,0.40272401895108795,0.19748145477465,0.9935189444097898
0.32150553690920447,0.44314797281553736,0.23534649027525817,0.8527781433377598
0.3755124733918589,0.46492557431859766,0.15956195228954345,0.936111512393567
0.43174938884205843,0.3567013722983251,0.2115492388596164,0.9435189229763054
0.38437956015163743,0.3974503133955997,0.21817012645276274,0.9546300388504131
0.5000370896702442,0.3671610106071531,0.13280189972260273,0.8712966697946058
0.42888487001964,0.3021411612280246,0.2689739687523354,0.8712966697946058
0.4021637904915249,0.34350778571368334,0.25432842379479176,0.8953707541885056
0.3519484382593335,0.39726769969837633,0.25078386204229025,0.8675929645032366
0.3819167557048716,0.5013149856360707,0.11676825865905784,0.8768522277316597
0.38719240930894927,0.3950243357389973,0.21778325495205347,0.9546300388504131
0.3536859246899802,0.3756243027856091,0.2706897725244107,0.837963322172283
0.33335708331097325,0.4576425192545552,0.2090003974344715,0.9101855753539825
0.4364371596953353,0.4270647357180179,0.13649810458664674,0.9009263121255595
0.3853504916809568,0.4410274864561147,0.1736220218629284,0.963889302078836
0.48731525782267504,0.38569195032918113,0.12699279184814388,0.8712966697946058
0.3661086399933684,0.4750571391201568,0.15883422088647473,0.9305559544565132
0.4229097603876846,0.42525861988323627,0.15183161972907916,0.9250003965194594
0.342746326717232,0.4815761023210333,0.17567757096173467,0.9324078071021978
0.43811004251826224,0.3728099323404086,0.18908002514132907,0.9416670703306208
0.44635132845592673,0.36884494658431866,0.18480372495975464,0.9287041018108285
0.3933744199011518,0.39151888050941547,0.21510669958943268,0.973148565307259
0.4444424144887449,0.3583892077504731,0.19716837776078192,0.9416670703306208
0.46012508669225366,0.37506483153574277,0.16481008177200354,0.9027781647712442
0.42437323006645733,0.3877716194467874,0.18785515048675525,0.9583337441417822
0.4478968099260023,0.31892813059028596,0.23317505948371176,0.9157411332910363
0.4088786859288127,0.4162526734532017,0.17486864061798552,0.9620374494331515
0.33466395920663383,0.35833636775167305,0.3069996730416932,0.7805558901560603
0.4310432898233003,0.4441377754185674,0.12481893475813226,0.8861114909600827
0.3208046750220488,0.4626026247960107,0.21659270018194046,0.8750003750859752
0.4020160756349646,0.34886344172314376,0.24912048264189163,0.9027781647712442
0.3862657053334707,0.3912897270701257,0.2224445675964035,0.9490744809133592
0.3817668970263765,0.3734708844699683,0.2447622185036551,0.9101855753539825
0.3988305253579081,0.4310090851786323,0.1701603894634596,0.9583337441417822
0.32590932397457545,0.36746544466269565,0.30662523136272896,0.7712966269276373
0.4355089605897927,0.4590847295026955,0.10540630990751185,0.865741111857552
0.43637214680400627,0.3324411730484359,0.2311866801475578,0.9212966912280902
0.40824214308531104,0.4162776150496691,0.17548024186501995,0.963889302078836
0.35113213012909555,0.4384240393051981,0.21044383056570645,0.9379633650392516
0.3664123059457146,0.4602635142001426,0.17332417985414272,0.9546300388504131
0.3933775093395129,0.3905140058527733,0.21610848480771389,0.973148565307259
0.41035775084497417,0.3678140524023674,0.22182819675265839,0.9546300388504131
0.4369745194423136,0.4058093867189709,0.15721609383871563,0.9157411332910363
0.43827396113226225,0.43407833038139493,0.12764770848634274,0.8916670488971365
0.301353986488567,0.43875509851359357,0.2598909149978395,0.7898151533844833
0.41419384504241785,0.40109799327993423,0.18470816167764778,0.9750004179529437
0.47160618785550074,0.3549363136689587,0.17345749847554048,0.9027781647712442
0.3808500782196926,0.4136735938127031,0.2054763279676042,0.9750004179529437
0.4408254892430978,0.3498412723494748,0.20933323840742743,0.9379633650392516
0.3342072259094167,0.40271005233745877,0.26308272175312464,0.8250003536524908
0.401579470872702,0.4560000927157922,0.14242043641150567,0.917592985936721
0.4190549532125843,0.3836842596754939,0.19726078711192183,0.9694448600158899
0.39789148020511755,0.36872998329088885,0.23337853650399357,0.9324078071021978
0.36740250028391663,0.5118715131980768,0.12072598651800653,0.8824077856687135
0.47465730136192774,0.3634695996357327,0.16187309900233948,0.8898151962514519
0.4023726392146136,0.48808335960573596,0.10954400117965053,0.8750003750859752
0.36283696389357617,0.4616332612285841,0.17552977487783983,0.9490744809133592
0.37679466648494325,0.4268306138371177,0.1963747196779391,0.973148565307259
0.42506477732602765,0.39805505617106407,0.17688016650290822,0.9472226282676747
0.49649385521999323,0.39212335619528027,0.1113827885847265,0.8527781433377598
0.4046324236876966,0.4445374259522288,0.15083015036007455,0.9305559544565132
0.44641592274913455,0.41345475614453686,0.14012932110632853,0.8953707541885056
0.3633949213078685,0.38610177503249915,0.2505033036596325,0.8898151962514519
0.41993188149194066,0.3553203320496338,0.2247477864584256,0.9398152176849363
0.43600914482184366,0.4340130177622139,0.12997783741594243,0.8916670488971365
0.36752753904190333,0.45870009298106573,0.17377236797703088,0.9564818914960976
0.35568472743795315,0.5197966959898871,0.1245185765721598,0.8898151962514519
0.37393720277870635,0.36392824486995645,0.2621345523513372,0.8750003750859752
0.4313973349439631,0.33995011886157744,0.22865254619445943,0.9250003965194594
0.40585628101444937,0.43285789686519816,0.16128582212035247,0.94537077562199
0.37011526591328403,0.4893367798192965,0.14054795426741945,0.9101855753539825
0.46368352909406274,0.4177159456270019,0.1186005252789354,0.8805559330230288
0.38496339277385244,0.3678626107918593,0.2471739964342883,0.9027781647712442
0.442955138527948,0.31981730880915205,0.2372275526629,0.9120374279996671
0.3735226413465396,0.4894586672249706,0.13701869142848977,0.908333722708298
0.4154821003961243,0.3868593374504887,0.19765856215338687,0.9768522705986283
0.39120459987758704,0.36151337426150015,0.24728202586091275,0.9101855753539825
0.39145269059430565,0.42870693971807633,0.17984036968761818,0.9787041232443129
0.3785161277700484,0.4747479267859758,0.14673594544397583,0.9212966912280902
0.40259135039149685,0.38142750088461214,0.21598114872389107,0.9712967126615745
0.3598590481660749,0.4038971593416108,0.2362437924923143,0.9046300174169287
0.4660094561352972,0.35820377420639304,0.17578676965830983,0.9064818700626134
0.4327763315205978,0.41110458283523305,0.15611908564416907,0.917592985936721
0.37507160129321987,0.3371650021388408,0.28776339656793926,0.8361114695265984
0.4047936543008535,0.4646704747852436,0.13053587091390287,0.9046300174169287
0.3660692317112067,0.4848532123175181,0.14907755597127517,0.917592985936721
0.3887486569342303,0.4857817861077937,0.12546955695797593,0.8916670488971365
0.3068953276718746,0.44687955721769174,0.2462251151104338,0.8250003536524908
0.405712727158938,0.39552876653318747,0.1987585063078745,0.9898152391184206
0.2996381123536864,0.4406454759143568,0.25971641173195664,0.7879633007387988
0.4561251886528777,0.39847113795824013,0.14540367338888224,0.899074459479875
0.38744945962243293,0.3679281960618757,0.24462234431569133,0.908333722708298
0.4045027525200301,0.42159762912329235,0.17389961835667755,0.9657411547245207
0.5042863753820056,0.3710663510168595,0.12464727360113495,0.8601855539204983
0.4662692703699199,0.28455397473379823,0.2491767548962819,0.8879633436057673
0.35452445102899693,0.44503843260211035,0.20043711636889283,0.94537077562199
0.45000302622998145,0.45460525858420064,0.09539171518581804,0.8509262906920753
0.35047428751432147,0.38939379674035646,0.260131915745322,0.847222585400706
0.4377983891107351,0.3592804163111706,0.20292119457809424,0.9509263335590439
0.3092040472578225,0.42209365470259147,0.26870229803958584,0.7935188586758525
0.4066173729455441,0.4586290723282809,0.134753554726175,0.9064818700626134
0.43752244871012197,0.4255485972543584,0.13692895403551958,0.899074459479875
0.4047656333096107,0.3822642740208081,0.21297009266958106,0.9712967126615745
0.4295751526173909,0.31069972017660524,0.2597251272060038,0.8879633436057673
0.4777420664019479,0.40289098806228185,0.11936694553577024,0.8694448171489213
0.4137294057407459,0.4504694230147064,0.13580117124454774,0.9046300174169287
0.39777830956044535,0.36730200390415557,0.23491968653539905,0.9305559544565132
0.351492013443176,0.39425974515658246,0.2542482414002416,0.8583337012748137
0.4232974577849727,0.387616432410792,0.18908610980423535,0.9583337441417822
0.4973153512980462,0.3631665263333809,0.13951812236857286,0.8750003750859752
0.46095343088199786,0.3054388532619281,0.23360771585607404,0.9101855753539825
0.4781537678541993,0.34985358893553975,0.17199264321026098,0.8972226068341903
0.35110882970010276,0.4041908245782853,0.24470034572161198,0.8768522277316597
0.44833074812780316,0.3176201542770629,0.23404909759513404,0.9138892806453518
0.43120489827399566,0.4448381240554635,0.1239569776705408,0.8861114909600827
0.3426299850524142,0.464086224185086,0.19328379076249977,0.9324078071021978
0.3574669341198987,0.37380731339739287,0.26872575248270847,0.847222585400706
0.48482175060902266,0.38206199595592766,0.13311625343504963,0.8805559330230288
0.3334380818701289,0.46071530081633416,0.20584661731353684,0.9138892806453518
0.4070296372006084,0.41962263642546965,0.1733477263739219,0.9601855967874668
0.4663515634435807,0.40898090003834986,0.12466753651806946,0.8842596383143981
0.31926837514719575,0.3991888968685835,0.28154272798422075,0.7935188586758525
0.33229618114087495,0.4354182307913327,0.23228558806779237,0.8712966697946058
0.4497715485452071,0.3953526937444416,0.1548757577103513,0.9046300174169287
0.46432426381626946,0.3541395773440514,0.1815361588396792,0.917592985936721
0.4135401542122328,0.45976961233961045,0.12669023344815686,0.8972226068341903
0.38650921483666617,0.40246668708716093,0.21102409807617295,0.9712967126615745
0.43760237892770915,0.3155377734985386,0.24685984757375218,0.9009263121255595
0.40249025196364435,0.37734329069979256,0.22016645733656323,0.9620374494331515
0.4054165680309558,0.34739924888855567,0.24718418308048848,0.9064818700626134
0.4047688389742422,0.4276999548455372,0.16753120618022074,0.9546300388504131
0.4738263113599084,0.4109287879032,0.11524490073689161,0.8750003750859752
0.35449082821110445,0.41022458175205456,0.23528459003684093,0.8972226068341903
0.3867737058743179,0.46436717196615934,0.14885912215952282,0.917592985936721
0.3348724323061925,0.42040433855910964,0.24472322913469782,0.8546299959834445
0.4257771495200019,0.4595297366849018,0.11469311379509617,0.8768522277316597
0.4862296546993979,0.3743092046310521,0.13946114066955007,0.8805559330230288
0.3945464131265914,0.4350584789477912,0.1703951079256174,0.963889302078836
0.4281952647280232,0.38454493590095407,0.18725979937102263,0.9527781862047284
0.4263207331224729,0.39948799032286025,0.17419127655466687,0.9435189229763054
0.3809643659275085,0.40590315586067055,0.213132478211821,0.9601855967874668
0.3874443301295697,0.47467033785913987,0.13788533201129044,0.9120374279996671
0.34081065215586404,0.3858200416872089,0.273369306156927,0.8194447957154369
0.44308814058534496,0.3966328292804207,0.16027903013423442,0.917592985936721
0.4496505216308561,0.40676579275627917,0.1435836856128647,0.899074459479875
0.3923584640368398,0.3870674073111484,0.22057412865201179,0.9583337441417822
0.35321010788863966,0.4818468907583678,0.16494300135299253,0.9287041018108285
0.4787634956176969,0.3308211401872276,0.1904153641950755,0.908333722708298
0.41444463259019704,0.4573671020124795,0.1281882653973234,0.8953707541885056
0.4416882280402037,0.33130132498020537,0.22701044697959086,0.926852249165144
0.4108497162768179,0.3678000623218138,0.2213502214013683,0.9564818914960976
0.40588798137769844,0.3483746102820801,0.24573740834022142,0.908333722708298
0.3511234220260746,0.40522138090968857,0.24365519706423677,0.8787040803773444
0.4048540748285324,0.3884379660540457,0.20670795911742185,0.9842596811813666
0.400133960021438,0.4194605393916067,0.18040550058695531,0.9805559758899974
0.4186221567214096,0.4654542293816172,0.11592361389697332,0.8805559330230288
0.3289970930516977,0.41956623110825186,0.25143667584005036,0.8416670274636522
0.4848381389153102,0.3939353263321257,0.12122653475256422,0.8694448171489213
0.4345081588828323,0.3880820975508907,0.17740974356627692,0.9379633650392516
0.43905362975635737,0.3044275678793182,0.25651880236432434,0.8824077856687135
0.41784264312043184,0.45434400518282897,0.12781335169673916,0.8935189015428212
0.37584537088682296,0.32518506509922174,0.2989695640139553,0.8194447957154369
0.46233104067895237,0.39267286869469153,0.1449960906263561,0.8953707541885056
0.4926983807946361,0.37347299071731344,0.1338286284880505,0.8750003750859752
0.4117460755208962,0.4877044258531049,0.10054949862599895,0.8583337012748137
0.3585493617164779,0.503015562110827,0.13843507617269502,0.9046300174169287
0.3197533562549489,0.4103220190698567,0.2699246246751943,0.8064818271956448
0.34987856628825426,0.44144971504957775,0.20867171866216794,0.9379633650392516
0.3164096051249055,0.5010918011684666,0.18249859370662788,0.8972226068341903
0.38442159403020826,0.4425937532776166,0.1729846526921752,0.9620374494331515
0.3929336491023535,0.371873633591826,0.23519271730582048,0.926852249165144
0.39551638283089086,0.3507413392285357,0.25374227794057347,0.9009263121255595
0.4227170605498381,0.42120499442403925,0.15607794502612257,0.9305559544565132
0.3509135228798944,0.3764556365642716,0.27263084055583403,0.82870405894386
0.4285942498228258,0.440945706929222,0.1304600432479522,0.8953707541885056
0.4937999572042913,0.3791177992462357,0.12708224354947292,0.865741111857552
0.45834237594161187,0.41310440295472334,0.12855322110366477,0.8898151962514519
0.3895592718910725,0.3607791114313713,0.24966161667755613,0.9027781647712442
0.3908832878404208,0.49811090644386186,0.11100580571571736,0.8787040803773444
0.3832637377715603,0.40947936106141986,0.2072569011670199,0.9768522705986283
0.33504826061421167,0.41130477120612574,0.2536469681796625,0.8453707327550215
0.4001578748800464,0.3782318310730053,0.22161029404694824,0.9601855967874668
0.3958629473575936,0.44901859435110036,0.1551184582913061,0.9324078071021978
0.40541710743889614,0.3879988721664858,0.20658402039461798,0.9824078285356821
0.35287885834539495,0.48648104376468104,0.16064009788992398,0.9250003965194594
0.3821280545617436,0.48465714324253906,0.1332148021957174,0.9046300174169287
0.3750435728844483,0.40039034854419836,0.22456607857135336,0.9379633650392516
0.353271831070993,0.42023326688297885,0.22649490204602823,0.9138892806453518
0.42091597552915205,0.4006790558815784,0.17840496858926952,0.9490744809133592
0.5240961481924736,0.3577119292655804,0.118191922541946,0.8490744380463907
0.4681371938072613,0.40320533963835703,0.12865746655438162,0.8861114909600827
0.3139833662098643,0.44006727966273707,0.24594935412739863,0.8268522062981755
0.42395308699643186,0.3802951356913864,0.1957517773121817,0.9601855967874668
0.43760966110679944,0.4359346936974766,0.12645564519572391,0.8879633436057673
0.4894453609247345,0.35944178443080893,0.1511128546444566,0.8787040803773444
0.39474618523063476,0.3455697457421898,0.2596840690271755,0.8935189015428212
0.3165952816652435,0.4007776118946295,0.282627106440127,0.7861114480931142
0.4879189695771429,0.3361954304286246,0.17588559999423237,0.8935189015428212
0.4039084850839765,0.31628375516822566,0.27980775974779787,0.8546299959834445
0.5134645539003845,0.35445494067207667,0.1320805054275388,0.8620374065661829
0.33815007210665715,0.513907650656521,0.14794227723682174,0.9064818700626134
0.38602499037793736,0.39258531884676956,0.22138969077529308,0.9490744809133592
0.33229186992760124,0.36506645484064615,0.3026416752317526,0.7861114480931142
0.46234650562291624,0.43794317087236995,0.09971032350471395,0.8583337012748137
0.386246643522925,0.44987075759880524,0.16388259887826967,0.9509263335590439
0.47104718342893537,0.41715146535635445,0.11180135121471015,0.8694448171489213
0.4424671455396781,0.45142319415349197,0.10610966030682982,0.865741111857552
0.42980499144192474,0.3813767641131915,0.18881824444488376,0.9509263335590439
0.322037378890592,0.39842610520795224,0.2795365159014559,0.7972225639672218
0.4256433252707439,0.33636176040395915,0.23799491432529693,0.9231485438737749
0.35866016022514036,0.4591707138347251,0.18216912594013462,0.9527781862047284
0.3638395306715635,0.36346684755352987,0.2726936217749067,0.8453707327550215
0.37258836909263093,0.4784496637221388,0.14896196718523025,0.9250003965194594
0.3482902071030813,0.37578360164019764,0.27592619125672113,0.82870405894386
0.4866555700003475,0.34159146729589474,0.17175296270375776,0.8935189015428212
0.3570154033270318,0.4350648113463491,0.2079197853266192,0.9416670703306208
0.4201295569115448,0.4252474273073021,0.15462301578115312,0.9305559544565132
0.34975402367514163,0.4207849093564708,0.22946106696838747,0.9046300174169287
0.3541773198715432,0.4287042282106696,0.2171184519177872,0.9250003965194594
0.43601832953461694,0.42841961070599865,0.13556205975938432,0.8972226068341903
0.4807672717895448,0.39533882276377247,0.12389390544668274,0.8712966697946058
0.3214814935985871,0.42751679999423525,0.2510017064071777,0.8324077642352292
0.3688059714732954,0.356346292880741,0.27484773564596354,0.847222585400706
0.404146643999429,0.4076626510554946,0.18819070494507636,0.9842596811813666
0.3370485115875561,0.3786785869539603,0.2842729014584836,0.8046299745499601
0.3873053871340865,0.3500640338989885,0.26263057896692493,0.8824077856687135
0.3580571251160036,0.39547350114429514,0.24646937373970124,0.8842596383143981
0.4641253884705541,0.33775937217179897,0.19811523935764688,0.9305559544565132
0.3917978465466103,0.4007155004858648,0.2074866529675248,0.9824078285356821
0.4193690657119283,0.36706939725259846,0.21356153703547331,0.963889302078836
0.3224267347795407,0.48452933485862154,0.19304393036183765,0.9064818700626134
0.3576217535786274,0.44599011934704036,0.19638812707433215,0.9490744809133592
0.3297473620248475,0.4211883611170534,0.249064276858099,0.847222585400706
0.45400627278970274,0.3232070465501775,0.22278668066011983,0.9231485438737749
0.4889943241907478,0.35357331481108173,0.15743236099817048,0.8824077856687135
0.46214086225088025,0.2948632976282155,0.24299584012090425,0.8972226068341903
0.445784302279706,0.43968599221459453,0.11452970550569941,0.8787040803773444
0.44433011953005336,0.3562890621247324,0.1993808183452143,0.9398152176849363
0.3730867279226546,0.37742690601081164,0.24948636606653374,0.9009263121255595
0.3772384975774239,0.35279537926982174,0.26996612315275426,0.865741111857552
0.4690692589595129,0.3937505368888633,0.1371802041516237,0.8916670488971365
0.43661968945857427,0.34708483948565994,0.21629547105576583,0.9416670703306208
0.4130449906266791,0.35606281136860407,0.23089219800471678,0.9398152176849363
0.3452349462052055,0.42324588146514974,0.23151917232964475,0.8916670488971365
0.3512011545863568,0.40791172672548626,0.24088711868815685,0.8861114909600827
0.5042517522639122,0.3416407227442193,0.15410752499186856,0.8731485224402905
0.3507530149310316,0.4193351775546162,0.22991180751435208,0.9027781647712442
0.4615658195626362,0.35529861559236875,0.1831355648449951,0.9231485438737749
0.47382470054790354,0.3984884681791031,0.12768683127299332,0.8805559330230288
0.49657451559607974,0.3532602414294549,0.15016524297446543,0.8750003750859752
0.31097722032186265,0.4769613368523596,0.2120614428257777,0.8712966697946058
0.39951021503998646,0.44459308462984387,0.1558967003301697,0.9324078071021978
0.48803050683211385,0.35398467583006116,0.1579848173378249,0.8824077856687135
0.4278569687968868,0.4160233278661936,0.15611970333691966,0.9250003965194594
0.42552216173565477,0.46106009086226557,0.1134177474020797,0.8750003750859752
0.4145860228984429,0.40672582076041663,0.17868815634114038,0.9657411547245207
0.48269982827115826,0.37254264640303913,0.14475752532580258,0.8805559330230288
0.392127218382281,0.4628302745316978,0.14504250708602123,0.9157411332910363
0.33710730553200074,0.396448039337967,0.2664446551300323,0.8212966483611216
0.3519244511172124,0.3975910636779164,0.2504844852048713,0.8675929645032366
0.42537003934429707,0.39032993626186163,0.18430002439384127,0.9564818914960976
0.31379567915322515,0.506191254332435,0.1800130665143399,0.8916670488971365
0.35892837853326387,0.4706936303777733,0.17037799108896284,0.9416670703306208
0.40751578677313627,0.4077091403385958,0.18477507288826803,0.9768522705986283
0.46262355466773886,0.3495179270671368,0.18785851826512442,0.9231485438737749
0.37148311421448876,0.39444135744778547,0.23407552833772566,0.917592985936721
0.4038839062343289,0.4574364003010157,0.13867969346465542,0.917592985936721
0.43869214326969425,0.33958183409572734,0.22172602263457844,0.9342596597478824
0.3609023394779902,0.4047815562283327,0.23431610429367714,0.908333722708298
0.40755756130725446,0.3474076769693297,0.24503476172341573,0.9120374279996671
0.4318241213685991,0.43327214283251597,0.13490373579888482,0.8953707541885056
0.42256511327303325,0.3205891627453948,0.256845723981572,0.8935189015428212
0.41039742911196075,0.415927540457092,0.1736750304309473,0.9583337441417822
0.4280036549676991,0.44794263406766854,0.12405371096463251,0.8879633436057673
0.4534941266907028,0.33118003950373315,0.21532583380556405,0.9287041018108285
0.3937464295937274,0.40042772690043005,0.2058258435058425,0.9879633864727358
0.4173696117987277,0.45856479365611597,0.12406559454515638,0.8879633436057673
0.4209178204271982,0.35347098596880244,0.2256111936039993,0.9379633650392516
0.39345425998428957,0.3785998279865962,0.22794591202911418,0.9416670703306208
0.3646797405091055,0.45000780348751995,0.18531245600337456,0.9601855967874668
0.4266471627557216,0.4618933766896413,0.11145946055463703,0.8712966697946058
0.423812174524452,0.41684521249617834,0.1593426129793697,0.9324078071021978
0.344741374271404,0.345859030142033,0.3093995955865629,0.7916670060301679
0.4684849307602311,0.3481844678116993,0.18333060142806962,0.917592985936721
0.4208774496757377,0.469771781007647,0.10935076931661532,0.8638892592118675
0.3746338630015147,0.5155267854877895,0.10983935151069583,0.8638892592118675
0.3226119680448533,0.466269570483379,0.21111846147176766,0.8879633436057673
0.456763843618141,0.4062873977215076,0.13694875866035136,0.8916670488971365
0.34603234023065343,0.4723160540736137,0.18165160569573272,0.94537077562199
0.40030105019017426,0.4359895017410823,0.16370944806874335,0.9472226282676747
0.3305549333220463,0.39423946335196935,0.2752056033259842,0.8120373851326986
0.4551601597167504,0.30928279589544116,0.2355570443878084,0.9101855753539825
0.4061077304021351,0.47188116013210346,0.12201110946576157,0.8935189015428212
0.38208462113115527,0.44697146517906194,0.17094391368978282,0.9601855967874668
0.45767220880793974,0.36264281041447377,0.17968498077758646,0.9212966912280902
0.36112422621511936,0.48396258391626773,0.15491318986861294,0.9212966912280902
0.40899518475355406,0.45288755840648337,0.13811725683996265,0.917592985936721
0.35523970300892743,0.40032268174738433,0.24443761524368826,0.8824077856687135
0.43202635105113957,0.4407215463437797,0.12725210260508077,0.8916670488971365
0.456896274003563,0.3049816750947103,0.23812205090172658,0.9064818700626134
0.32570988062993406,0.4491375802429404,0.22515253912712543,0.8750003750859752
0.45847308036959,0.3496927673622372,0.19183415226817283,0.9250003965194594
0.424262996259695,0.45474540018510157,0.12099160355520344,0.8842596383143981
0.4379146302547362,0.42508420427243915,0.13700116547282462,0.899074459479875
0.43801775246272634,0.38060824881242394,0.1813739987248498,0.936111512393567
0.3540157659353855,0.4060195328804257,0.23996470118418875,0.8916670488971365
0.3647190883013841,0.40638103036010437,0.22889988133851139,0.9157411332910363
0.4316206760298726,0.3029505888350577,0.2654287351350697,0.8731485224402905
0.43883077193269804,0.3949450276764342,0.16622420039086772,0.926852249165144
0.37784700837591706,0.45479109343918256,0.16736189818490027,0.9601855967874668
0.46649632902466387,0.3311115042304003,0.20239216674493576,0.9287041018108285
0.45529771377287426,0.41486972380555315,0.12983256242157262,0.8916670488971365
0.43091542179067555,0.3732538053556585,0.19583077285366604,0.9583337441417822
0.4318824190449503,0.4302043508974471,0.13791323005760264,0.9009263121255595
0.4489992451131476,0.38789220108941636,0.1631085537974361,0.9120374279996671
0.3874541023263501,0.4074149541393291,0.20513094353432082,0.9916670917641051
0.4255594541060017,0.4295287689890478,0.14491177690495052,0.9101855753539825
0.46388506685862857,0.4095337255600166,0.12658120758135483,0.8861114909600827
0.36872616857482327,0.3957826877022536,0.23549114372292307,0.917592985936721
0.413231242439426,0.3616052742422423,0.2251634833183316,0.9472226282676747
0.3409194785822747,0.5145659013312278,0.14451462008649743,0.9009263121255595
0.3858536188343345,0.4197266848412888,0.1944196963243768,0.9898152391184206
0.4662292553394384,0.39748415223657096,0.13628659242399063,0.8879633436057673
0.3994798599362539,0.4541624261842465,0.1463577138794996,0.9250003965194594
0.3916198884696006,0.38310589132882467,0.22527422020157473,0.9435189229763054
0.3871809313204167,0.3831386959915642,0.22968037268801905,0.936111512393567
0.417540156748573,0.39046136518860697,0.19199847806282005,0.9712967126615745
0.3846621978740207,0.3970236773302255,0.21831412479575388,0.9546300388504131
0.32324456113063615,0.49137210028820416,0.1853833385811598,0.9064818700626134
0.3775377478428712,0.48586891826978723,0.13659333388734154,0.9157411332910363
0.42090896862444327,0.37862529431758685,0.2004657370579698,0.9675930073702053
0.37441847971685427,0.4197119747296813,0.20586954555346434,0.9620374494331515
0.3417615749226013,0.4098610583782545,0.24837736669914423,0.8583337012748137
0.3651228925587333,0.4580340677784068,0.17684303966285994,0.9509263335590439
0.30463683357818855,0.42701555670360447,0.2683476097182069,0.7879633007387988
0.31206464906253406,0.4339535778662883,0.2539817730711777,0.8157410904240678
0.4324001893675464,0.31615657565073496,0.25144323498171867,0.8953707541885056
0.41158796510754386,0.4639616120412672,0.12445042285118896,0.8935189015428212
0.32787602715836484,0.47154353614674943,0.2005804366948857,0.9120374279996671
0.3804249431372361,0.36615512719999255,0.25341992966277144,0.8972226068341903
0.34212451614125444,0.5257938474385772,0.13208163642016832,0.8935189015428212
0.3707305634019291,0.413413996382378,0.21585544021569286,0.9435189229763054
0.36092044301900306,0.354250119363727,0.28482943761726986,0.82870405894386
0.4660482720666507,0.3315278449252668,0.20242388300808242,0.9287041018108285
0.4977988117821689,0.37758293229390716,0.12461825592392398,0.8620374065661829
0.4155482647223704,0.3875116429899749,0.1969400922876546,0.9750004179529437
0.35990538255752597,0.3800420520343714,0.2600525654081026,0.865741111857552
0.3590297256949985,0.4213085176226435,0.219661756682358,0.926852249165144
0.31994624089280904,0.4392269506375739,0.2408268084696172,0.8435188801093368
0.5043401389471015,0.3581061613222274,0.13755369973067105,0.8694448171489213
0.3883231648172489,0.3236147633307879,0.2880620718519632,0.8416670274636522
0.3677339477982722,0.44066956692020404,0.1915964852815238,0.963889302078836
0.4553107341795784,0.34669649012382586,0.19799277569659574,0.936111512393567
0.37735255842235504,0.5077036071095958,0.11494383446804908,0.8675929645032366
0.43535357482397063,0.42079204913746593,0.14385437603856335,0.9101855753539825
0.4329734359978527,0.28959835008800267,0.27742821391414446,0.8601855539204983
0.43188333969694187,0.38429338570934835,0.18382327459370978,0.9472226282676747
0.3408899663757806,0.5417462793169374,0.11736375430728191,0.8694448171489213
0.38851241258252217,0.35025965350256605,0.26122793391491184,0.8879633436057673
0.36677255113177715,0.426869289457084,0.20635815941113878,0.9564818914960976
0.49340007511355793,0.35120439022246774,0.1553955346639743,0.8805559330230288
0.36937066954214615,0.4821673891613883,0.1484619412964656,0.9212966912280902
0.4025915758734299,0.3330337379333569,0.26437468619321325,0.8879633436057673
0.4596633325698604,0.37991676918929845,0.16041989824084113,0.8972226068341903
0.4279152948539461,0.3824411180412284,0.18964358710482565,0.9546300388504131
0.38250645057383414,0.36108934846569307,0.2564042009604727,0.8953707541885056
0.37332236320493284,0.43190848917869856,0.19476914761636857,0.9657411547245207
0.42501544997605706,0.37331823253836866,0.2016663174855743,0.963889302078836
0.35079411037990205,0.39277607730763026,0.25642981231246764,0.8509262906920753
0.41881821772149697,0.35308267583776265,0.22809910644074047,0.9416670703306208
0.41108197765880233,0.3354750860680047,0.25344293627319303,0.9027781647712442
0.4415446094254692,0.4345873041189075,0.12386808645562324,0.8842596383143981
0.429253801835381,0.3983758183405896,0.17237037982402936,0.9416670703306208
0.37997755692610147,0.43751373325243464,0.18250870982146392,0.9750004179529437
0.37876358318565506,0.40303576373127986,0.21820065308306513,0.9509263335590439
0.32086291005900314,0.4560845615317781,0.22305252840921874,0.8731485224402905
0.4410369618696582,0.3306835581690943,0.22827947996124756,0.9231485438737749
0.3834805916149991,0.37348217792597027,0.24303723045903072,0.9101855753539825
0.4153811711290836,0.45599067302071905,0.12862815585019732,0.8972226068341903
0.3791542125524102,0.3288493049751901,0.2919964824723996,0.8305559115895447
0.40621758721371465,0.4311065338532126,0.16267587893307275,0.9472226282676747
0.3283471257301702,0.5097668802962233,0.16188599397360637,0.9009263121255595
0.4183674724490105,0.4675274499629353,0.11410507758805419,0.8787040803773444
0.45077747506582383,0.3973768838951279,0.15184564103904818,0.9027781647712442
0.3380732988222401,0.3599151188388213,0.3020115823389386,0.7953707113215371
0.4856184056018703,0.3887351634609314,0.1256464309371983,0.8694448171489213
0.4239181943369052,0.4010431846041296,0.1750386210589652,0.94537077562199
0.39233619788368146,0.3614317704386225,0.24623203167769603,0.9101855753539825
0.47118681756582037,0.31957953272152634,0.2092336497126532,0.9194448385824056
0.41603811783222233,0.42090375319222134,0.1630581289755564,0.94537077562199
0.434296475149965,0.37081268711674137,0.19489083773329363,0.9546300388504131
0.44316019138244506,0.4129691396952811,0.14387066892227376,0.9027781647712442
0.4341045111727585,0.33256699699501496,0.23332849183222643,0.9231485438737749
0.3958631013135546,0.40118176235427144,0.202955136332174,0.9953707970554744
0.4365885560360107,0.3741549399047242,0.18925650405926506,0.9490744809133592
0.4229560263953065,0.4233567581652802,0.15368721543941333,0.926852249165144
0.4491607905135116,0.3880562605859916,0.16278294890049685,0.9138892806453518
0.32891631327436155,0.5175999120772036,0.15348377464843488,0.899074459479875
0.41782942337948936,0.4304227259300087,0.15174785069050198,0.926852249165144
0.49194196256720335,0.36221771611244735,0.14584032132034935,0.8805559330230288
0.4130596856753302,0.3543010860972943,0.23263922822737548,0.9398152176849363
0.4144462612832134,0.35373172787721474,0.23182201083957185,0.936111512393567
0.35214221805630613,0.44367861576558565,0.20417916617810825,0.9398152176849363
0.33717376381520203,0.4012816816026153,0.2615445545821827,0.8342596168809139
0.45340871400255356,0.38243875666368005,0.16415252933376628,0.9064818700626134
0.3866653089093609,0.39381248900740556,0.21952220208323361,0.9546300388504131
0.36262130822675065,0.4687575819122377,0.1686211098610116,0.9435189229763054
0.36780368373610617,0.36978458577936535,0.2624117304845286,0.8712966697946058
0.4217976190324013,0.4146160636328167,0.16358631733478193,0.9342596597478824
0.44344275104214287,0.29430737888208225,0.26224987007577494,0.8731485224402905
0.4100817534236732,0.38675335908817393,0.20316488748815287,0.9861115338270514
0.42904397571016756,0.29945475787481685,0.2715012664150155,0.8712966697946058
0.4396478770524747,0.41621198282051725,0.144140140127008,0.908333722708298
0.4007627829335168,0.4125115508793903,0.1867256661870929,0.9842596811813666
0.39177669510809393,0.3454244633269045,0.2627988415650015,0.8824077856687135
0.4185069605896472,0.46001329947006275,0.12147973994029004,0.8879633436057673
0.39497103161506186,0.38238810996378836,0.2226408584211498,0.9564818914960976
0.5232933586032494,0.3498069448871989,0.12689969650955157,0.8546299959834445
0.44922652431193605,0.3273845438630446,0.22338893182501937,0.9250003965194594
0.40850531150810626,0.4664984218091177,0.12499626668277597,0.899074459479875
0.3175120441295866,0.4007064840597809,0.28178147181063257,0.7898151533844833
0.3949565303013369,0.3767955914433676,0.22824787825529555,0.9379633650392516
0.3880732737794111,0.3731406763652044,0.23878604985538437,0.9212966912280902
0.3586823150326716,0.3799524694960684,0.26136521547125996,0.8638892592118675
0.47895999484717333,0.36846906074666946,0.15257094440615712,0.8842596383143981
0.4852751591223312,0.3302498662155035,0.18447497466216542,0.9027781647712442
0.3788281768143478,0.3891287980505151,0.23204302513513705,0.9287041018108285
0.36708498244673654,0.4181127765957652,0.21480224095749825,0.9379633650392516
0.4138647804683081,0.43263512527057635,0.15350009426111552,0.9324078071021978
0.4033721829714373,0.41218544342836144,0.18444237360020124,0.9805559758899974
0.3609205604686517,0.4223151590500378,0.21676428048131055,0.9342596597478824
0.4537542828204826,0.3669170897235182,0.1793286274559991,0.9250003965194594
0.456664125724119,0.4079976654516052,0.13533820882427586,0.8898151962514519
0.39850029427879446,0.4744109934729714,0.12708871224823412,0.8953707541885056
0.33779242871015697,0.49784450795553875,0.1643630633343043,0.9231485438737749
0.38962114699853645,0.3685972637314961,0.24178158926996743,0.9157411332910363
0.3790749207537743,0.4293241409156917,0.191600938330534,0.9750004179529437
0.44677483411845514,0.4088220917202158,0.1444030741613291,0.9027781647712442
0.37551249720676616,0.3793812936879067,0.24510620910532716,0.908333722708298
0.44597142500027737,0.4316619530438531,0.12236662195586966,0.8842596383143981
0.39547782587770286,0.3562417954209455,0.24828037870135167,0.9064818700626134
0.45695282224963196,0.29366574187599437,0.2493814358743737,0.8879633436057673
0.34577010336674024,0.4198559732889609,0.23437392334429885,0.8879633436057673
0.37433276208095967,0.5102047487993694,0.115462489119671,0.8675929645032366
0.33615468291357453,0.4191957314151721,0.24464958567125342,0.856481848629129
0.4170999098045813,0.3806571411272021,0.20224294906821663,0.973148565307259
0.4717237666494836,0.373845833094001,0.1544304002565154,0.8916670488971365
0.3968211197270854,0.4242390448942856,0.17893983537862904,0.9824078285356821
0.46215238625294747,0.41888971009881026,0.11895790364824226,0.8805559330230288
0.3218641194539429,0.4451266157859552,0.23300926476010192,0.856481848629129
0.43521014229152105,0.29396546478208774,0.2708243929263912,0.8675929645032366
0.3622691607218234,0.3203867297987836,0.31734410947939307,0.7935188586758525
0.3850324830655076,0.46868236065715857,0.1462851562773339,0.9157411332910363
0.3921670703169491,0.45321143469782854,0.1546214949852223,0.926852249165144
0.43553571384571094,0.33873560540134207,0.22572868075294703,0.9287041018108285
0.4211230114861486,0.39240329825596937,0.18647369025788202,0.9620374494331515
0.3372559127572339,0.4825116710036001,0.180232416239166,0.9324078071021978
0.38661784852931347,0.43161529813836186,0.18176685333232454,0.9787041232443129
0.3969842833710293,0.4370999153145192,0.16591580131445158,0.9509263335590439
0.4643926112845431,0.4063354407853542,0.12927194793010258,0.8879633436057673
0.40910556465551867,0.37601511251587894,0.21487932282860245,0.9675930073702053
0.41695384584054374,0.33856798700140417,0.2444781671580522,0.9212966912280902
0.4212766808513224,0.3722239375858883,0.2064993815627893,0.9601855967874668
0.33334634657740403,0.4534983800446374,0.21315527337795848,0.9064818700626134
0.34355169943306874,0.40647753300567024,0.24997076756126102,0.8546299959834445
0.38616375649638995,0.37811235689658845,0.23572388660702168,0.9212966912280902
0.40423879315677685,0.42753297789819616,0.16822822894502687,0.9564818914960976
0.34194123932521947,0.44966084726437844,0.20839791341040212,0.9250003965194594
0.36867292810140334,0.3945720672177501,0.23675500468084662,0.917592985936721
0.4145160056217268,0.43434861561441857,0.15113537876385452,0.9287041018108285
0.39743926344713626,0.3871423069681183,0.21541842958474544,0.973148565307259
0.4132851427133131,0.40453210854658106,0.18218274874010593,0.9750004179529437
0.4461123916988755,0.3203515604064014,0.233536047894723,0.9157411332910363
0.4435336560704278,0.38949687899211555,0.16696946493745668,0.9194448385824056
0.3476268945233069,0.4190865410603982,0.2332865644162949,0.8898151962514519
0.4324157588083768,0.3360038704417935,0.23158037074982962,0.9231485438737749
0.37670945868822814,0.43545953299882456,0.18783100831294727,0.973148565307259
0.37749240823539765,0.3887644861560565,0.233743105608546,0.9212966912280902
0.5367721511346043,0.3426981983516502,0.12052965051374559,0.8435188801093368
0.4366547273074291,0.36362522411389725,0.19972004857867368,0.9509263335590439
0.40923902847121063,0.32898459597451624,0.2617763755542731,0.8935189015428212
0.46190080366274583,0.37238253951375994,0.16571665682349415,0.9009263121255595
0.4418270949870169,0.2971587572808382,0.2610141477321448,0.8787040803773444
0.3323460328273727,0.39597560627963213,0.27167836089299513,0.8194447957154369
0.41236024667332594,0.3624381774444445,0.22520157588222953,0.9472226282676747
0.3602985503687111,0.34726176928959307,0.2924396803416959,0.8231485010068061
0.42865664179075175,0.4084558615682883,0.16288749664096006,0.926852249165144
0.3747003721468655,0.37032151241604394,0.2549781154370906,0.8935189015428212
0.4010556240655677,0.36122482892569757,0.23771954700873466,0.926852249165144
0.37063916936985003,0.45120612177635444,0.17815470885379542,0.9583337441417822
0.39150758085509046,0.3161330167673811,0.2923594023775284,0.8398151748179676
0.3397949796659717,0.477635538414332,0.1825694819196963,0.9379633650392516
0.41630673490664066,0.3440394432243993,0.23965382186896003,0.926852249165144
0.29192447829740703,0.43598922609410945,0.2720862956084836,0.7657410689905835
0.3941238987641157,0.3836454553728511,0.22223064586303323,0.9564818914960976
0.4422039081641288,0.3711053732775259,0.18669071855834526,0.9342596597478824
0.3686220976247016,0.33710034317510706,0.29427755920019133,0.8212966483611216
0.30910473915730696,0.4154658981058306,0.2754293627368625,0.7879633007387988
0.3837405026249828,0.48629149102806796,0.12996800634694922,0.9009263121255595
0.42044490911014243,0.33254422370917,0.2470108671806876,0.908333722708298
0.37031491062306204,0.40365330540562583,0.2260317839713121,0.9250003965194594
0.3544173753346003,0.47537128698082076,0.170211337684579,0.9379633650392516
0.43171691862046746,0.3310757331430345,0.23720734823649792,0.9212966912280902
0.3785823006337136,0.44767917421220954,0.1737385251540768,0.9657411547245207
0.4169736758398187,0.3267791766407858,0.2562471475193956,0.899074459479875
0.45977908462046785,0.32610654902308456,0.2141143663564476,0.9231485438737749
0.33834667406955454,0.4030913745066661,0.25856195142377947,0.8398151748179676
0.4262021153261401,0.4193489724892731,0.15444891218458684,0.9250003965194594
0.39958029384106236,0.34105281279869964,0.259366893360238,0.8972226068341903
0.40387972088760055,0.4451722313764733,0.15094804773592613,0.9287041018108285
0.4360099376959597,0.4383465016067276,0.1256435606973126,0.8861114909600827
0.33222010770196486,0.4156350873744976,0.2521448049235377,0.8435188801093368
0.44804047503365985,0.4341175093236032,0.11784201564273696,0.8824077856687135
0.44579728403424995,0.2834963912960373,0.2707063246697127,0.8638892592118675
0.3785112294972396,0.35048622304193994,0.2710025474608204,0.865741111857552
0.32749159740266215,0.44716163161239203,0.22534677098494585,0.8768522277316597
0.3581565435756615,0.4018120501985433,0.24003140622579508,0.899074459479875
0.4312216694531577,0.2905718487056237,0.27820648184121866,0.8583337012748137
0.39997444995653114,0.4165679250876925,0.18345762495577633,0.9824078285356821
0.3309116878786005,0.34925210365396187,0.31983620846743777,0.7601855110535296
0.449588272722848,0.40007367284534023,0.15033805443181167,0.9046300174169287
0.4163323779073731,0.4416764371163741,0.14199118497625293,0.9101855753539825
0.4001850864062593,0.4533832698952361,0.14643164369850456,0.9250003965194594
0.37595828194624964,0.45289308186876365,0.17114863618498677,0.9601855967874668
0.38693950174725356,0.3365645905625944,0.27649590769015203,0.8527781433377598
0.4516360716965864,0.3879742016727037,0.16038972663070977,0.908333722708298
0.3746872769319218,0.38080318592275747,0.24450953714532075,0.908333722708298
0.3392701089160298,0.4096905357356636,0.2510393553483065,0.8509262906920753
0.40874219326103567,0.45877858694723994,0.13247921979172433,0.9027781647712442
0.39361456338114664,0.44291778982846525,0.16346764679038803,0.9472226282676747
0.47621618807608207,0.33228809561558437,0.1914957163083336,0.9101855753539825
0.4064560134312818,0.4230880882591752,0.17045589830954305,0.9564818914960976
0.44060473746792994,0.38466572740292126,0.1747295351291488,0.9305559544565132
0.32296487175502464,0.40486806456408675,0.27216706368088867,0.8064818271956448
0.3886513009446689,0.42864998306751506,0.1826987159878162,0.9787041232443129
0.4112654761669603,0.38462931188516297,0.2041052119478769,0.9824078285356821
0.4159706919392487,0.4334327238071015,0.15059658425364988,0.9231485438737749
0.4134103403334329,0.39797001463639525,0.18861964503017187,0.9768522705986283
0.42597803981197446,0.4026099135378632,0.17141204665016238,0.9435189229763054
0.41335935820017466,0.45131075477724264,0.13532988702258283,0.9046300174169287
0.39271651831386833,0.3353239200874545,0.2719595615986772,0.8601855539204983
0.38516444779990083,0.41975579196697554,0.19507976023312348,0.9898152391184206
0.3444225336796238,0.5341079458586822,0.12146952046169397,0.8787040803773444
0.4158611017784804,0.40766285378807543,0.17647604443344414,0.9601855967874668
0.40193260277618764,0.4236031712944163,0.17446422592939595,0.9694448600158899
0.5057001684801183,0.36381404965038894,0.1304857818694927,0.8638892592118675
0.3628081585386175,0.3799346695768772,0.2572571718845054,0.8750003750859752
0.3460292177410126,0.5008560865467188,0.1531146957122687,0.9157411332910363
0.41078916019567036,0.3939850223611761,0.19522581744315357,0.9787041232443129
0.33304937337231566,0.40429541223643006,0.2626552143912543,0.8250003536524908
0.3676510504913007,0.37694481188016593,0.25540413762853337,0.8842596383143981
0.44528974930785514,0.4017704423547874,0.15293980833735749,0.908333722708298
0.4601356637106689,0.40072977601379206,0.13913456027553917,0.8972226068341903
0.383225102762957,0.49890258325828385,0.11787231397875907,0.8805559330230288
0.4599218395520426,0.3008854758881028,0.2391926845598545,0.9046300174169287
0.3597008469608095,0.3781988513965228,0.2621003016426677,0.865741111857552
0.4251192816475329,0.45280611334021603,0.12207460501225113,0.8842596383143981
0.3393041862637428,0.3940619007252141,0.2666339130110432,0.8231485010068061
0.3910443311570191,0.3892346453761012,0.2197210234668798,0.9583337441417822
0.42629688318921044,0.43904606296225,0.13465705384853968,0.8972226068341903
0.3304127327133927,0.5104737296447234,0.15911353764188388,0.9027781647712442
0.3929211611084469,0.39461499015524115,0.2124638487363118,0.9750004179529437
0.31727564543867814,0.4414167198148369,0.241307634746485,0.837963322172283
0.44645004177581,0.3911908865511275,0.16235907167306246,0.9157411332910363
0.3438459055816099,0.42607518042565984,0.23007891399273026,0.8935189015428212
0.3957545522590778,0.42044906677511734,0.18379638096580486,0.9842596811813666
0.41124275079126876,0.4612319701761609,0.1275252790325703,0.8972226068341903
0.4048459789851758,0.3530859709255486,0.2420680500892756,0.917592985936721
0.4097448166307014,0.4470711207483501,0.1431840626209484,0.9212966912280902
0.4788853858100456,0.305534333499576,0.21558028069037832,0.908333722708298
0.31263230638793293,0.4806084516723268,0.20675924193974038,0.8824077856687135
0.4211318713851432,0.45262444380876593,0.12624368480609072,0.8953707541885056
0.32511825548570017,0.502679013261161,0.1722027312531387,0.9064818700626134
0.34690522685034897,0.41920094156820514,0.23389383158144583,0.8879633436057673
0.3988287986501417,0.46237302109495143,0.13879818025490678,0.9138892806453518
0.3312015004913335,0.41308446843022745,0.255714031078439,0.8435188801093368
0.4106126104326215,0.31926729469334386,0.2701200948740346,0.8842596383143981
0.39598530880981664,0.32479163747229395,0.27922305371788947,0.8546299959834445
0.39616153081571814,0.39164026496324156,0.2121982042210402,0.9768522705986283
0.3696680613653782,0.37198712801941447,0.25834481061520725,0.8805559330230288
0.34809409109152095,0.3924121851503057,0.25949372375817337,0.8435188801093368
0.41305580557141464,0.3532499509291269,0.23369424349945833,0.9379633650392516
0.44785539784661743,0.4126481472679854,0.13949645488539725,0.8953707541885056
0.421815607412744,0.4315238110538414,0.14666058153341457,0.9120374279996671
0.39953956423395415,0.3851997068311841,0.21526072893486176,0.973148565307259
0.46022397162565104,0.30659723953566775,0.2331787888386813,0.9120374279996671
0.420178071182892,0.30654511552622515,0.27327681329088266,0.8750003750859752
0.3986466221940941,0.359186786712902,0.24216659109300387,0.9194448385824056
0.3913443059653111,0.48846845185390536,0.12018724218078364,0.8842596383143981
0.43128517970753294,0.3591580435524258,0.20955677674004125,0.9490744809133592
0.3328924810354347,0.42105248982112886,0.24605502914343655,0.8527781433377598
0.3909469350915376,0.4195790175262455,0.18947404738221701,0.9861115338270514
0.4175423288237598,0.3484390616953608,0.23401860948087944,0.936111512393567
0.4656777337653585,0.38658994062038393,0.1477323256142576,0.8935189015428212
0.38429601768560884,0.46900186435352986,0.14670211796086133,0.9194448385824056
0.3905154742516296,0.44484800277504594,0.1646365229733244,0.9509263335590439
0.4763513813988241,0.3881664975025549,0.13548212109862098,0.8879633436057673
0.4918574360908162,0.34277807478720757,0.1653644891219762,0.8898151962514519
0.41502474836765024,0.32539059292984784,0.2595846587025019,0.8972226068341903
0.5177991750567316,0.3692378864234065,0.112962938519862,0.8453707327550215
0.4635599698674835,0.41014661613462233,0.1262934139978942,0.8861114909600827
0.4320940379877067,0.29970768304443546,0.26819827896785775,0.8694448171489213
0.41572896017793326,0.4128518177082051,0.1714192221138615,0.9527781862047284
0.41315633797430884,0.36830232560482273,0.2185413364208684,0.9583337441417822
0.42467583810901033,0.4109523972979888,0.1643717645930009,0.936111512393567
0.3835305054082274,0.39731385886566944,0.21915563572610322,0.9509263335590439
0.36039530341344683,0.5022333032367086,0.1373713933498446,0.9064818700626134
0.4969436849320213,0.30531389871246994,0.19774241635550877,0.8935189015428212
0.3777681784696304,0.4016197875759422,0.22061203395442744,0.9472226282676747
0.3807846649423583,0.3767040713622531,0.2425112636953887,0.9101855753539825
0.4148476139497579,0.4428210485114377,0.14233133753880436,0.9138892806453518
0.41653563243810543,0.41173083211447636,0.1717335354474182,0.9546300388504131
0.4471406576577891,0.4083546036781539,0.14450473866405694,0.9027781647712442
0.3806430207037521,0.35659186161440737,0.26276511768184047,0.8750003750859752
0.36992345284316897,0.41955166275272093,0.21052488440411002,0.9527781862047284
0.29289597014107555,0.4499453468666695,0.25715868299225497,0.7750003322190064
0.35299326813851667,0.37888535782019855,0.2681213740412849,0.8398151748179676
0.4047878884716703,0.4790843149889117,0.11612779653941786,0.8861114909600827
0.3585347309560868,0.41147646880268374,0.22998880024122942,0.9138892806453518
0.40683100894619206,0.4370477567706286,0.15612123428317934,0.9398152176849363
0.3124219014421439,0.46460457023514135,0.22297352832271483,0.856481848629129
0.3441354224067956,0.4041647403621841,0.2516998372310203,0.8546299959834445
0.44735020835698597,0.3939944807972696,0.15865531084574439,0.908333722708298
0.4460937241143137,0.39012243664253254,0.16378383924315365,0.9157411332910363
0.3745387019182219,0.46933539751898645,0.15612590056279166,0.9305559544565132
0.37219155077993127,0.4519246926449649,0.1758837565751038,0.9601855967874668
0.43431223070223335,0.33007133112511516,0.23561643817265157,0.9194448385824056
0.4560306077428621,0.3836471873358502,0.16032220492128782,0.899074459479875
0.4397110161938438,0.4277388791743413,0.13255010463181505,0.8953707541885056
0.38894348627523984,0.35995667997566255,0.25109983374909767,0.9009263121255595
0.4056651042404819,0.4723205452919892,0.12201435046752884,0.8935189015428212
0.3512189724074481,0.4563431604081853,0.19243786718436665,0.9416670703306208
0.38768517459600255,0.3513408090767192,0.26097401632727824,0.8879633436057673
0.3921315399366373,0.34260130220082297,0.2652671578625398,0.8750003750859752
0.32066653618269214,0.37997162716943306,0.29936183664787486,0.773148479573322
0.39521899704524693,0.38031200502367574,0.22446899793107727,0.9527781862047284
0.4327402364008571,0.29853928301392013,0.2687204805852227,0.8694448171489213
0.44235281786400366,0.32404451909825865,0.23360266303773766,0.9157411332910363
0.37174687983309956,0.37516583392789676,0.25308728623900384,0.8935189015428212
0.49156685572587067,0.3246772150666006,0.18375592920752876,0.9009263121255595
0.4196516719828629,0.39748642157495573,0.1828619064421813,0.9601855967874668
0.33210557533781815,0.4675927409815926,0.2003016836805893,0.917592985936721
0.3189666905009673,0.43588638344452496,0.24514692605450777,0.8361114695265984
0.40349743029779467,0.3653208209443866,0.23118174875781874,0.9416670703306208
0.37608295856871454,0.3651160242308187,0.2588010172004668,0.8824077856687135
0.4229476101788417,0.43789681310087586,0.13915557672028248,0.899074459479875
0.3503679179161758,0.3325726903871047,0.31705939169671954,0.7879633007387988
0.42803976836961477,0.39464912985725253,0.1773111017731327,0.94537077562199
0.45782334295689453,0.37965058838443266,0.16252606865867286,0.9027781647712442
0.465061717628358,0.3713198794803569,0.16361840289128501,0.8972226068341903
0.3878632834355369,0.42660100605880236,0.1855357105056607,0.9842596811813666
0.4316547699921696,0.35478827265606905,0.21355695735176133,0.94537077562199
0.376001826336426,0.4061121359323607,0.21788603773121334,0.9509263335590439
0.4448387664730399,0.3426720750731406,0.21248915845381952,0.936111512393567
0.44537929714487334,0.41288379360332406,0.14173690925180257,0.899074459479875
0.4363974900612921,0.40068334043724063,0.1629191695014673,0.9250003965194594
0.46763937587332066,0.3135519852962385,0.21880863883044083,0.9138892806453518
0.3797780421715424,0.40545852037882857,0.21476343744962897,0.9583337441417822
0.3745173965888985,0.3707463737028224,0.25473622970827914,0.8935189015428212
0.5086964484109638,0.36309982738857177,0.12820372420046433,0.8638892592118675
0.45249894082533226,0.34910217780286573,0.19839888137180184,0.936111512393567
0.4064862051197137,0.35539171216522514,0.2381220827150612,0.9287041018108285
0.4327220847114365,0.3638872439610402,0.2033906713275232,0.9564818914960976
0.46083736570419104,0.4194029061923899,0.11975972810341909,0.8842596383143981
0.3694480187727411,0.3973577922147789,0.23319418901248004,0.917592985936721
0.4265102817495338,0.3310647126619016,0.24242500558856453,0.9157411332910363
0.4719484356184997,0.33042624148035704,0.1976253229011433,0.9194448385824056
0.38846052260211505,0.4597674953894169,0.1517719820084681,0.9250003965194594
0.36037833087862814,0.41593515462575403,0.223686514495618,0.9231485438737749
0.44753679739347485,0.45808052156830437,0.09438268103822085,0.8509262906920753
0.3934328208326093,0.3545292157998294,0.25203796336756135,0.9009263121255595
0.32765315840297987,0.4640428849393506,0.20830395665766957,0.9027781647712442
0.5026826800873924,0.3475214452503602,0.1497958746622474,0.8694448171489213
0.4430615758980187,0.29858866906831966,0.25834975503366175,0.8805559330230288
0.333751107828527,0.4755383393798374,0.1907105527916355,0.9231485438737749
0.4099988827910793,0.4264137429841019,0.16358737422481884,0.9472226282676747
0.3768770040968752,0.36789629809142804,0.2552266978116967,0.8953707541885056
0.38323758076848186,0.4252559392398503,0.19150647999166784,0.9842596811813666
0.44224860642118236,0.4366450350869994,0.12110635849181824,0.8842596383143981
0.3228697063971001,0.4355254636326766,0.24160482997022337,0.847222585400706
0.34749518781695515,0.3965822426105128,0.2559225695725321,0.8490744380463907
0.48125884550951914,0.3763149984579159,0.142426156032565,0.8805559330230288
0.35437651425678746,0.43529371591307386,0.2103297698301386,0.9379633650392516
0.3466581601388697,0.37279565657560904,0.2805461832855212,0.8212966483611216
0.41784879576319606,0.37791966625256185,0.2042315379842422,0.9768522705986283
0.2970447030725355,0.45256862571763545,0.25038667120982905,0.800926269258591
0.3756562037479904,0.4716808045081667,0.1526629917438428,0.9250003965194594
0.3929317868560331,0.4339528227570537,0.1731153903869132,0.9694448600158899
0.38569772765665344,0.40263497117085056,0.21166730117249602,0.9712967126615745
0.46222566253053754,0.41403801100824306,0.12373632646121936,0.8861114909600827
0.4386068257101124,0.3949864526217319,0.16640672166815565,0.926852249165144
0.3963762708997101,0.3762475354894944,0.22737619361079536,0.9398152176849363
0.41371355113557645,0.3382176336375934,0.24806881522683016,0.9064818700626134
0.4050214997661749,0.4608474505686824,0.13413104966514264,0.9064818700626134
0.4342842549474585,0.3036674271465781,0.26204831790596345,0.8824077856687135
0.4242156068558355,0.35250650627645885,0.2232778868677057,0.936111512393567
0.39583789748317944,0.4301336379363584,0.17402846458046217,0.9694448600158899
0.40177810470780867,0.34494236326715255,0.2532795320250387,0.8972226068341903
0.37950861728217283,0.3749704931082693,0.24552088960955779,0.908333722708298
0.4591850981870308,0.40635762009249093,0.13445728172047844,0.8879633436057673
0.34589937701293527,0.4338463576207587,0.22025426536630596,0.9120374279996671
0.4803066956090108,0.31855238097371263,0.20114092341727666,0.9101855753539825
0.42710945315067445,0.4636025285150964,0.10928801833422908,0.8694448171489213
0.46142956473584784,0.40179269200756446,0.13677774325658762,0.8898151962514519
0.3924920138925032,0.38486235287738635,0.22264563323011044,0.9527781862047284
0.34307204987641016,0.3666963013561504,0.29023164876743945,0.8083336798413293
0.3779726357072132,0.4013075800411574,0.22071978425162944,0.9472226282676747
0.3858256072308057,0.43297300274750766,0.18120139002168667,0.9768522705986283
0.4560292665925437,0.4218711900767738,0.1220995433306824,0.8842596383143981
0.36887250319382087,0.43138617218472686,0.1997413246214522,0.9620374494331515
0.4304232278061303,0.3991887336693648,0.17038803852450488,0.9398152176849363
0.3735129729909017,0.38604943291360155,0.24043759409549673,0.9157411332910363
0.4173184091148941,0.4371682324062189,0.14551335847888702,0.9138892806453518
0.4101552337686964,0.4461155337452775,0.14372923248602615,0.9212966912280902
0.37573731720319925,0.46705566307516877,0.15720701972163198,0.9342596597478824
0.4372644431531153,0.3318953010454007,0.230840255801484,0.9231485438737749
0.3019513262088374,0.4671329635114802,0.23091571027968238,0.8398151748179676
0.4099180547713878,0.39485973696652416,0.19522220826208814,0.9787041232443129
0.3382257720007581,0.40907606984947714,0.2526981581497646,0.847222585400706
0.36254460089091906,0.44098246739959024,0.19647293170949057,0.9546300388504131
0.43350002818226624,0.4156568350875596,0.15084313673017413,0.9138892806453518
0.35340485629064816,0.4092895596620132,0.23730558404733862,0.8972226068341903
0.35410187967708606,0.36700903172401017,0.27888908859890366,0.82870405894386
0.41710652041857194,0.44008019898304856,0.14281328059837958,0.908333722708298
0.3162937850918808,0.46493381112641957,0.2187724037816997,0.8675929645032366
0.4537384494100636,0.33113840697147445,0.215123143618462,0.9287041018108285
0.43915385296368403,0.4327478469270576,0.12809830010925843,0.8916670488971365
0.40190945617915286,0.446018401100387,0.15207214272046013,0.9305559544565132
0.504761787482907,0.367248848014844,0.12798936450224901,0.8620374065661829
0.390519206208942,0.4798403240245558,0.1296404697665023,0.899074459479875
0.4240835245426138,0.441866905964921,0.13404956949246524,0.899074459479875
0.4227445603276041,0.32997057611700104,0.24728486355539486,0.9064818700626134
0.43589246324566683,0.4031269346230165,0.1609806021313168,0.9212966912280902
0.45348814728418585,0.40342265605703564,0.14308919665877853,0.899074459479875
0.39001714776655577,0.36791844160397474,0.24206441062946943,0.9157411332910363
0.31861029216892434,0.45023045125563405,0.23115925657544156,0.8509262906920753
0.33990362627917836,0.46193341983263503,0.19816295388818664,0.9305559544565132
0.46754330906212466,0.3139178646820689,0.2185388262558064,0.9138892806453518
0.3641060033576445,0.4753190517911285,0.16057494485122692,0.9342596597478824
0.4370184372147902,0.42624465910378684,0.13673690368142294,0.899074459479875
0.4149173332137932,0.4495118997129743,0.13557076707323257,0.9027781647712442
0.4075804700677315,0.42513213562886765,0.16728739430340084,0.9546300388504131
0.3771819776976196,0.4281771299949761,0.19464089230740436,0.973148565307259
0.3896585078730244,0.3350274739185493,0.27531401820842627,0.856481848629129
0.4463198494057114,0.32087753012787673,0.23280262046641192,0.9157411332910363
0.421220266232398,0.48039701225450365,0.09838272151309846,0.8490744380463907
0.3116934305842597,0.4329267158086105,0.2553798536071298,0.8120373851326986
0.43730988224427914,0.4462067688415083,0.11648334891421255,0.8787040803773444
0.4549407815536867,0.3911699548591269,0.15388926358718633,0.9009263121255595
0.4701478542798991,0.3327310625915905,0.19712108312851037,0.9194448385824056
0.43527356505278,0.3009122762576405,0.26381415868957964,0.8768522277316597
0.4778285645656778,0.393792777708776,0.12837865772554632,0.8768522277316597
0.39915077882739664,0.42297271380703494,0.17787650736556834,0.9768522705986283
0.36293356356950807,0.503895995603168,0.13317044082732396,0.899074459479875
0.4623943062333934,0.3106490417922005,0.22695665197440618,0.9138892806453518
0.4941181914709675,0.3656753324050794,0.14020647612395312,0.8750003750859752
0.3875286372503927,0.39850093410255516,0.2139704286470521,0.9694448600158899
0.36187753092047253,0.3485278930402108,0.28959457603931654,0.82870405894386
0.42314997614835104,0.3417813084863885,0.23506871536526042,0.9250003965194594
0.4306460908522175,0.4244842708730153,0.1448696382747672,0.9101855753539825
0.42939489653860063,0.4541391637592694,0.11646593970212987,0.8787040803773444
0.3596535953544158,0.4220423216375525,0.21830408300803164,0.9287041018108285
0.42173904284476355,0.4759385868910778,0.10232237026415866,0.8546299959834445
0.3819439318503344,0.42470530022697056,0.19335076792269504,0.9842596811813666
0.3762386482537347,0.33753067709587764,0.2862306746503877,0.837963322172283
0.36262380962686974,0.43757745519882163,0.19979873517430868,0.9546300388504131
0.38565856336133164,0.4087302311584444,0.2056112054802239,0.9805559758899974
0.36397924264872394,0.3861430862515914,0.24987767109968462,0.8898151962514519
0.42998661895742435,0.43330762573382364,0.1367057553087519,0.8972226068341903
0.4685029326023527,0.3087095106534654,0.22278755674418194,0.9101855753539825
0.3827640055723579,0.3812484925039921,0.23598750192365003,0.9212966912280902
0.3176864637832434,0.42444301354720787,0.25787052266954874,0.8175929430697524
0.4314571491246631,0.3095774975428854,0.25896535333245163,0.8898151962514519
0.39037410079367274,0.43123906566775233,0.178386833538575,0.9768522705986283
0.3484115180448246,0.41273606052107703,0.2388524214340983,0.8824077856687135
0.4220686630097023,0.3844261412389764,0.1935051957513213,0.9601855967874668
0.4248649029203088,0.40215667278889167,0.1729784242907995,0.94537077562199
0.4621799510334658,0.30730172178854653,0.23051832717798765,0.9101855753539825
0.4101186039745209,0.4522101354314394,0.13767126059403964,0.9101855753539825
0.32635807107379117,0.4182647186023718,0.25537721032383703,0.8342596168809139
0.3697915339682108,0.42177863224355466,0.2084298337882346,0.9564818914960976
0.42014260559759564,0.4005342858564637,0.17932310854594055,0.9546300388504131
0.43176255235597993,0.46688993040799537,0.10134751723602478,0.8601855539204983
0.3428355041166181,0.43370263720878965,0.2234618586745923,0.9027781647712442
0.4151900581514878,0.41250791167339923,0.17230203017511297,0.9546300388504131
0.3966263692612204,0.42309978965128275,0.18027384108749692,0.9842596811813666
0.4233505579231594,0.4514723755335815,0.1251770665432592,0.8916670488971365
0.38667221734787527,0.37804795416939335,0.23527982848273135,0.9212966912280902
0.332193965619047,0.4063041647288371,0.2615018696521157,0.8250003536524908
0.3294450583354301,0.41409943301739716,0.25645550864717276,0.8416670274636522
0.33533430841210726,0.36184239393572326,0.3028232976521694,0.7879633007387988
0.5378056640333281,0.3495286763011286,0.11266565966554322,0.8361114695265984
0.34340736330055543,0.5160129773675051,0.14057965933193947,0.9027781647712442
0.41108535444122196,0.48208598397618224,0.10682866158259578,0.8694448171489213
0.40132521794024395,0.338878051424921,0.25979673063483516,0.8953707541885056
0.3466776484796764,0.42507196258221414,0.2282503889381093,0.9009263121255595
0.41326996956807593,0.36845123180558387,0.21827879862634023,0.9583337441417822
0.33142197320686406,0.427704499666181,0.2408735271269549,0.856481848629129
0.3786960762889874,0.4076229693003613,0.21368095441065124,0.9583337441417822
0.4628758843429222,0.3828863953236598,0.15423772033341804,0.8953707541885056
0.37155693381263494,0.4286381828298834,0.1998048833574816,0.9620374494331515
0.4084583577251897,0.33498602466374827,0.25655561761106205,0.899074459479875
0.3963818773591717,0.3925000091616727,0.2111181134791556,0.9787041232443129
0.36893902771809284,0.4449741176423412,0.186086854639566,0.963889302078836
0.4155801854762485,0.43439997548602033,0.15001983903773122,0.9250003965194594
0.33315610901309484,0.4789680336223498,0.18787585736455542,0.9231485438737749
0.43010129441429146,0.34541654771681896,0.22448215786888953,0.9287041018108285
0.3861190970955451,0.38699712579395296,0.226883777110502,0.9398152176849363
0.353866613771297,0.3696333719674766,0.27650001426122633,0.8305559115895447
0.4816551121446526,0.3219862830449886,0.19635860481035863,0.9064818700626134
0.4181169825141903,0.3805285976931757,0.201354419792634,0.973148565307259
0.3363149626442322,0.45217445678280604,0.21151058057296163,0.9101855753539825
0.3684708758858111,0.3383014408184597,0.2932276832957293,0.8231485010068061
0.36286503271109216,0.4559568794439678,0.18117808784494,0.9564818914960976
0.4646722751028123,0.4045502710654584,0.13077745383172917,0.8879633436057673
0.39708202790015246,0.38904072402705886,0.2138772480727887,0.973148565307259
0.48674019066829705,0.3977768409390746,0.11548296839262838,0.865741111857552
0.36132671673706324,0.37686516481162835,0.2618081184513083,0.8675929645032366
0.4069833450674531,0.38394142705093726,0.20907522788160962,0.9750004179529437
0.43516554416436437,0.41732759993918445,0.14750685589645107,0.9120374279996671
0.3856872069804777,0.391321644720042,0.22299114829948027,0.9490744809133592
0.4660475873015875,0.41603159762486125,0.11792081507355114,0.8824077856687135
0.41804104986889934,0.4335305542835397,0.14842839584756093,0.9194448385824056
0.3949252032199694,0.3515783229387641,0.25349647384126645,0.9009263121255595
0.42163912043458884,0.3641446611800982,0.21421621838531302,0.9583337441417822
0.4590146352266341,0.3843595906231524,0.1566257741502134,0.8953707541885056
0.463501436942882,0.353758335060742,0.18274022799637601,0.9212966912280902
0.4306050619637054,0.4048850199808051,0.16450991805548953,0.9287041018108285
0.39375810411464535,0.42618745465834645,0.1800544412270082,0.9824078285356821
0.35879099359288125,0.4802176416300785,0.16099136477704035,0.9305559544565132
0.36717947669098644,0.3543446994041864,0.2784758239048272,0.8416670274636522
0.46568298181321544,0.3890719535645093,0.1452450646222753,0.8935189015428212
0.40923945178708415,0.41092472070749014,0.17983582750542568,0.973148565307259
0.42907711959603534,0.34514019915028127,0.22578268125368342,0.926852249165144
0.47080298915699803,0.3873883661572309,0.14180864468577106,0.8898151962514519
0.3745862410447198,0.36938489419596965,0.25602886475931047,0.8916670488971365
0.4116192764262815,0.42495124305188303,0.16342948052183548,0.9472226282676747
0.4434166583593116,0.42479518677901795,0.13178815486167042,0.8972226068341903
0.40349549223284886,0.3775151995119245,0.21898930825522653,0.9675930073702053
0.32235181795101425,0.4606077742623274,0.21704040778665834,0.8787040803773444
0.4469118645204083,0.31010788204549833,0.24298025343409344,0.9009263121255595
0.47573745463511335,0.33775052555520696,0.18651201980967966,0.908333722708298
0.3987834431057071,0.41897576641923345,0.18224079047505942,0.9824078285356821
0.37970305772506213,0.3529596973709931,0.2673372449039447,0.8694448171489213
0.33667373946080803,0.5120772693956301,0.1512489911435619,0.9064818700626134
0.4780041353060618,0.38675054315304963,0.13524532154088853,0.8861114909600827
0.4427457479238822,0.33965356672988756,0.21760068534623017,0.9324078071021978
0.41049576756332545,0.39168627023934904,0.1978179621973254,0.9805559758899974
0.4475044549692269,0.318306327503913,0.23418921752686003,0.9157411332910363
0.521480155506381,0.33907318138751497,0.13944666310610404,0.8583337012748137
0.4382893725191534,0.38305410291313635,0.1786565245677104,0.9305559544565132
0.38333923608212805,0.4699385303081874,0.1467222336096845,0.9194448385824056
0.3954427151270372,0.45285890721545113,0.15169837765751168,0.9250003965194594
0.3499960723858459,0.4403280957950227,0.20967583181913146,0.9398152176849363
0.4238466860420554,0.346637395147523,0.22951591881042163,0.9287041018108285
0.398425650932238,0.41973748398720595,0.1818368650805561,0.9824078285356821
0.3733737326378305,0.4604950891246914,0.16613117823747806,0.9527781862047284
0.3953347901490106,0.40537000459198175,0.19929520525900787,0.9972226497011588
0.38882409457621353,0.43484284698453735,0.1763330584392492,0.9768522705986283
0.33671786175294527,0.5299485715770434,0.13333356667001137,0.8898151962514519
0.33083169995260076,0.5004573917835902,0.16871090826380913,0.9120374279996671
0.441470799162774,0.37550749077121465,0.18302171006601137,0.9342596597478824
0.3902056297098005,0.4081271509171318,0.20166721937306772,0.9916670917641051
0.39122706902542137,0.35442339859786876,0.25434953237671,0.899074459479875
0.33307898096120553,0.4327053890586729,0.23421562998012166,0.8694448171489213
0.47992594287530405,0.30719869886223833,0.21287535826245757,0.9101855753539825
0.43013421901252347,0.3183434718555956,0.2515223091318809,0.8953707541885056
0.2929908016668394,0.4305924817429823,0.2764167165901783,0.7583336584078452
0.46480230536572503,0.4177944741922547,0.1174032204420203,0.8805559330230288
0.4919523677101512,0.40051500326454686,0.10753262902530197,0.856481848629129
0.45659287077958555,0.4132268032653614,0.13018032595505316,0.8898151962514519
0.39380880873181306,0.359400538348836,0.24679065291935096,0.9101855753539825
0.38972977411229853,0.36837258883938273,0.24189763704831888,0.9157411332910363
0.47320593586768006,0.42402468535560356,0.10276937877671631,0.8601855539204983
0.4238888235366446,0.3703568915789106,0.2057542848844447,0.9601855967874668
0.3967717236845849,0.3415979698487055,0.2616303064667096,0.8916670488971365
0.3791260222422214,0.5038490190391339,0.11702495871864459,0.8731485224402905
0.5234521686919292,0.34811968768889207,0.12842814361917856,0.8527781433377598
0.41462562303565664,0.42379997477370784,0.1615744021906355,0.94537077562199
0.45704188207689184,0.42587112911578995,0.11708698880731817,0.8805559330230288
0.34205358778940315,0.43430932969401237,0.2236370825165845,0.9027781647712442
0.42508359137600427,0.4199719884191706,0.1549444202048251,0.9250003965194594
0.3400706526025889,0.3768066927509779,0.28312265464643316,0.8064818271956448
0.4976849430413142,0.400048103308302,0.1022669536503838,0.847222585400706
0.36118680697182765,0.40127651401638026,0.23753667901179204,0.9027781647712442
0.32253147956899575,0.5003255817629075,0.17714293866809666,0.9064818700626134
0.40557563406889574,0.38337483487175045,0.21104953105935384,0.973148565307259
0.39220273269551736,0.3959380417333755,0.21185922557110723,0.9750004179529437
0.3755111294557618,0.3622821720437362,0.262206698500502,0.8750003750859752
0.37953153924471733,0.3871238718536933,0.23334458890158938,0.926852249165144
0.40063152864899815,0.36984563725123265,0.22952283409976912,0.9416670703306208
0.38094631193369344,0.44054501432091775,0.17850867374538867,0.9694448600158899
0.44667739649702853,0.43723371874350564,0.11608888475946573,0.8787040803773444
0.414686325775609,0.4564111750430215,0.1289024991813695,0.8972226068341903
0.4316316595353759,0.43148302586520443,0.13688531459941966,0.9009263121255595
0.3248723895561502,0.4962848652567153,0.17884274518713447,0.908333722708298
0.378293930671011,0.36600901843221706,0.2556970508967719,0.8916670488971365
0.43574546477022746,0.4427908688951624,0.12146366633461006,0.8824077856687135
0.46967318630619503,0.3707227689493333,0.1596040447444716,0.8916670488971365
0.37621927687708556,0.3623589780072357,0.2614217451156787,0.8768522277316597
0.43405626143948745,0.32223798464031495,0.24370575392019755,0.9101855753539825
0.41800828566917353,0.4453593894164294,0.136632324914397,0.9009263121255595
0.40129837357732895,0.34286753095520306,0.2558340954674679,0.8953707541885056
0.3413939216086069,0.4682823247283154,0.1903237536630777,0.9342596597478824
0.34266933351718104,0.403248033436334,0.254082633046485,0.8509262906920753
0.40352196674888485,0.45019868349730435,0.14627934975381088,0.9231485438737749
0.4506123531237121,0.4352240913515192,0.11416355552476874,0.8787040803773444
0.38732862021638603,0.4070474966942114,0.2056238830894027,0.9879633864727358
0.4587834006520866,0.42494510337716285,0.11627149597075054,0.8805559330230288
0.3601786533822238,0.46713939872326643,0.17268194789450975,0.9435189229763054
0.3461423767251509,0.4228274233724755,0.23103019990237347,0.8916670488971365
0.3521593474167553,0.42758616480339373,0.22025448777985088,0.9212966912280902
0.35001590499747365,0.4306161841317327,0.21936791087079363,0.9194448385824056
0.4545567726541403,0.4366892730181764,0.10875395432768335,0.8694448171489213
0.3982672682750862,0.34016098145977447,0.2615717502651394,0.8916670488971365
0.4494081308349235,0.4047597210358137,0.14583214812926276,0.9027781647712442
0.37687274839793505,0.4071044262517465,0.21602282535031844,0.9546300388504131
0.4012329953276259,0.4501262299685141,0.14864077470386003,0.9250003965194594
0.4490577637108441,0.2914183601629488,0.259523876126207,0.8731485224402905
0.4261374396669402,0.35759437898738783,0.21626818134567208,0.9472226282676747
0.39457569229560036,0.4341110027717264,0.17131330493267333,0.9675930073702053
0.3692777438198734,0.42608342636362784,0.20463882981649884,0.9620374494331515
0.4393552429231302,0.3774777423264803,0.18316701475038957,0.936111512393567
0.40721029122401653,0.39908057799515023,0.19370913078083332,0.9824078285356821
0.3505376075594562,0.35711257487803183,0.292349817562512,0.8175929430697524
0.34423822581282465,0.4829445317417876,0.17281724244538774,0.9324078071021978
0.4594136211704978,0.3845308571838059,0.15605552164569633,0.8953707541885056
0.4064626081765212,0.3791290658447144,0.2144083259787644,0.9712967126615745
0.32052957449489555,0.49572190141534134,0.18374852408976322,0.9027781647712442
0.3754780611077624,0.4490160971568293,0.1755058417354084,0.963889302078836
0.42368448846568924,0.3548636310739785,0.2214518804603323,0.9416670703306208
0.30976358924120906,0.45210790103979803,0.23812850971899288,0.8324077642352292
0.4101595315685654,0.39424147005207416,0.19559899837936043,0.9787041232443129
0.47717413213422105,0.33856651204903554,0.1842593558167433,0.9027781647712442
0.3401127433662264,0.421740346320043,0.23814691031373073,0.8731485224402905
0.4237585385593265,0.34837574687655337,0.2278657145641201,0.9305559544565132
0.46494762784978366,0.34994610112555785,0.18510627102465851,0.9194448385824056
0.35266829828919233,0.41639421295510726,0.23093748875570053,0.9027781647712442
0.4165075225512062,0.41452041347268836,0.1689720639761054,0.9509263335590439
0.4004098320281485,0.3888673223420683,0.21072284562978325,0.9768522705986283
0.3893357049669285,0.4123012082702977,0.19836308676277378,0.9935189444097898
0.4088201699044955,0.46748990030038656,0.12368992979511792,0.8972226068341903
0.3096367521983515,0.4528564491254464,0.23750679867620209,0.8324077642352292
0.39976327449435434,0.41936444021599034,0.18087228528965538,0.9824078285356821
0.3871254699291546,0.39462467872260815,0.21824985134823718,0.9546300388504131
0.46643685022390086,0.3577069382156973,0.1758562115604018,0.9064818700626134
0.3896379782585373,0.3621332248312585,0.24822879691020416,0.9064818700626134
0.41893981710861533,0.3751711420025879,0.20588904088879675,0.9712967126615745
0.46632862891355475,0.3245385817839341,0.20913278930251109,0.9231485438737749
0.43032661950608175,0.3497481206029235,0.21992525989099487,0.9398152176849363
0.3941240491746538,0.3603084467540999,0.24556750407124642,0.9101855753539825
0.37178497378003306,0.32966146995141843,0.29855355626854857,0.8175929430697524
0.3579831795651783,0.39576174320798346,0.24625507722683845,0.8842596383143981
0.390152658118424,0.4739549467392213,0.1358923951423547,0.9101855753539825
0.37733412590438753,0.3464565491954593,0.2762093249001532,0.8509262906920753
0.31999570065313326,0.41190022311723035,0.2681040762296364,0.8064818271956448
0.40322902250653403,0.40566636301707504,0.19110461447639096,0.9861115338270514
0.3722999247060532,0.40283706110127565,0.22486301419267107,0.9287041018108285
0.3954864024698889,0.38781416092716126,0.21669943660294982,0.9712967126615745
0.4332511456681172,0.35685488943441684,0.20989396489746598,0.9472226282676747
0.41654928310042416,0.32922142692328965,0.2542292899762862,0.9009263121255595
0.36654022559325233,0.40199233589344807,0.2314674385132997,0.9138892806453518
0.4503655981668923,0.3206225873759494,0.2290118144571583,0.9250003965194594
0.39889927694987753,0.3491046731207352,0.25199604992938734,0.9027781647712442
0.40750251854607644,0.429096927235525,0.1634005542183986,0.9472226282676747
0.39597451824841895,0.42317132808557434,0.18085415366600668,0.9842596811813666
0.3284112772221727,0.4760030436052514,0.19558567917257574,0.9157411332910363
0.44677519861181764,0.3822018460521961,0.1710229553359863,0.9231485438737749
0.39237695467085965,0.3927950861698413,0.21482795915929911,0.973148565307259
0.43706757295842136,0.427161263278395,0.1357711637631836,0.899074459479875
0.46514306259293814,0.38894926989970213,0.14590766750735978,0.8935189015428212
0.4269982597424112,0.36947837741091877,0.20352336284667014,0.9620374494331515
0.34903589976766375,0.44211989252505346,0.20884420770728276,0.9379633650392516
0.405372196477173,0.3338063326583846,0.2608214708644426,0.8935189015428212
0.43400657337225307,0.44026983370109246,0.1257235929266545,0.8879633436057673
0.40923480173331184,0.4126232234771386,0.17814197478954963,0.9694448600158899
0.5277169611652027,0.34321082943876813,0.1290722093960292,0.8527781433377598
0.42179352593269526,0.4041881758173031,0.1740182982500016,0.94537077562199
0.4721632474882803,0.42391498497751834,0.1039217675342014,0.8620374065661829
0.43344337572207353,0.42862713169791666,0.1379294925800099,0.899074459479875
0.3886569761905679,0.3932925873655323,0.2180504364439,0.9583337441417822
0.43000381629424644,0.28944888938732677,0.28054729431842673,0.8453707327550215
0.4421632160357961,0.4593156388427079,0.09852114512149601,0.856481848629129
0.4002486831146221,0.3798452968929182,0.21990601999245973,0.9657411547245207
0.30107573185737724,0.4230509448491646,0.27587332329345815,0.782407742801745
0.3825544176562204,0.36359201258026375,0.25385356976351586,0.8953707541885056
0.38714962948232784,0.41830521290684536,0.19454515761082686,0.9916670917641051
0.48559313903734913,0.31458458949820356,0.19982227146444737,0.9027781647712442
0.3932039839693555,0.4120742475872657,0.1947217684433788,0.9916670917641051
0.4448413916955362,0.4509489277462219,0.10420968055824197,0.8620374065661829
0.4470647388650371,0.35801900605628045,0.19491625507868243,0.9416670703306208
0.35153465125948513,0.41606911418124015,0.2323962345592746,0.9009263121255595
0.3776278930194825,0.3696299876864342,0.2527421192940833,0.899074459479875
0.3909461386311153,0.33982206133724413,0.26923180003164043,0.8675929645032366
0.4243439547781264,0.33260807227305067,0.2430479729488229,0.9157411332910363
0.36964034727823447,0.4388748299028532,0.19148482281891227,0.963889302078836
0.32421744661114066,0.4851391585744233,0.190643394814436,0.9064818700626134
0.48359849759695916,0.4041027918788341,0.11229871052420683,0.8638892592118675
0.334369317529059,0.41703335483171183,0.2485973276392291,0.856481848629129
0.35088633962603016,0.4198790408469039,0.22923461952706597,0.9064818700626134
0.3927643612830226,0.3550881723623645,0.2521474663546128,0.9009263121255595
0.42881311553625984,0.42042065034087783,0.15076623412286236,0.9194448385824056
0.4031772184524363,0.3440004318114696,0.25282234973609397,0.8972226068341903
0.36250310829938137,0.37403403955401915,0.2634628521465995,0.865741111857552
0.4311034650204977,0.4110431143819428,0.15785342059755955,0.9250003965194594
0.4682398734136906,0.3354465716243349,0.1963135549619745,0.9231485438737749
0.37670410568228696,0.4105767082948262,0.212719186022887,0.9620374494331515
0.49672484342858514,0.33206800940379116,0.17120714716762367,0.8861114909600827
0.42230013393530524,0.3904835890508734,0.18721627701382135,0.9620374494331515
0.3622896839263548,0.4047529682014192,0.232957347872226,0.908333722708298
0.38104133617698877,0.4495825164179519,0.1693761474050593,0.9601855967874668
0.4110691981354211,0.46867965563047714,0.12025114623410173,0.8953707541885056
0.31975191276083725,0.38820018507793136,0.29204790216123144,0.782407742801745
0.4308631849878384,0.3080178453733198,0.2611189696388419,0.8824077856687135
0.39415289189136393,0.3727256150644268,0.23312149304420918,0.9305559544565132
0.4105778355121226,0.3712024157268233,0.21821974876105407,0.9601855967874668
0.3976602395172339,0.395619305929738,0.20672045455302815,0.9861115338270514
0.3932609036224237,0.3857995618112939,0.22093953456628246,0.9583337441417822
0.4307075725076707,0.4572848271937937,0.11200760029853558,0.8712966697946058
0.3456475857200312,0.39067315357177346,0.2636792607081952,0.8398151748179676
0.40987325957479703,0.45951779494154305,0.13060894548365992,0.9027781647712442
0.37695041783870903,0.48006294250668835,0.14298663965460265,0.9194448385824056
0.4145367578455045,0.3951708706307353,0.19029237152376025,0.9750004179529437
0.4303521805341214,0.36400097514897606,0.2056468443169025,0.9546300388504131
0.33507562170709104,0.48274257653294567,0.1821818017599633,0.9305559544565132
0.42264155966553907,0.4377599155942643,0.13959852474019668,0.9027781647712442
0.4391970454675926,0.3897551845501592,0.1710477699822482,0.9287041018108285
0.31271889341002623,0.45398423223265133,0.23329687435732235,0.8361114695265984
0.35177764699814945,0.37848728074562,0.26973507225623056,0.8361114695265984
0.40640655165521855,0.4193828614390957,0.17421058690568572,0.963889302078836
0.46040071337571137,0.39185759415713045,0.14774169246715813,0.899074459479875
0.3935342590261665,0.45688882546694287,0.14957691550689048,0.9212966912280902
0.37882318403954685,0.41997699748408973,0.20119981847636345,0.9750004179529437
0.4538476715884929,0.4380278594215712,0.10812446898993587,0.8694448171489213
0.40859080582256696,0.3683569932507396,0.22305220092669348,0.9527781862047284
0.4201668148729776,0.4602240006194714,0.1196091845075512,0.8861114909600827
0.3751131973616718,0.482442282274793,0.1424445203635351,0.917592985936721
0.3034003190922813,0.4398666194021009,0.2567330615056177,0.8027781219042757
0.31950941285328477,0.45243117856080606,0.22805940858590917,0.8601855539204983
0.38334779403311564,0.44220777613200857,0.1744444298348758,0.9675930073702053
0.3777854443315183,0.39804826872163734,0.22416628694684443,0.9398152176849363
0.36091602472150647,0.40964330849248193,0.22944066678601147,0.9138892806453518
0.4118316658353056,0.45128989018106164,0.1368784439836327,0.9046300174169287
0.34451598543429945,0.5275617764111045,0.1279222381545962,0.8916670488971365
0.3600339105721478,0.4525073006307428,0.1874587887971095,0.9583337441417822
0.5070913878412397,0.3836782853312162,0.10923032682754408,0.8490744380463907
0.37871313773640425,0.437059871194162,0.1842269910694337,0.973148565307259
0.34939700448069777,0.40807281989766947,0.24253017562163273,0.8768522277316597
0.36966265170721363,0.4107251997005196,0.21961214859226674,0.9324078071021978
0.4309437633054183,0.4396545971387904,0.12940163955579143,0.8935189015428212
0.4827492653807163,0.4071065604680795,0.11014417415120419,0.8620374065661829
0.33853758999812394,0.4397708676087755,0.22169154239310063,0.9009263121255595
0.33808582810563564,0.4856061225775186,0.17630804931684585,0.9287041018108285
0.454928764348375,0.39773417758215956,0.14733705806946554,0.9027781647712442
0.4080172266922093,0.3705993637967445,0.22138340951104624,0.9546300388504131
0.3892277555424329,0.460156711858124,0.15061553259944302,0.9212966912280902
0.43115044818466414,0.4476266990035091,0.12122285281182682,0.8842596383143981
0.4243828523319057,0.3387794470081872,0.23683770065990717,0.9250003965194594
0.3668589360727136,0.4215882674190374,0.21155279650824907,0.9472226282676747
0.4363146313645835,0.36877653313925096,0.19490883549616547,0.9509263335590439
0.33789634284931175,0.43516613521705494,0.2269375219336333,0.8898151962514519
0.3527067023305337,0.4630984556064107,0.18419484206305548,0.9509263335590439
0.43604525290222,0.4349631152804459,0.12899163181733406,0.8916670488971365
0.4595978133604032,0.37388588194940564,0.1665163046901912,0.9027781647712442
0.3780398722047366,0.4683688794610014,0.15359124833426194,0.9287041018108285
0.34210025540970324,0.5049171477470744,0.1529825968432224,0.9101855753539825
0.38003807783678184,0.4115484773233052,0.20841344483991298,0.9694448600158899
0.3958899321622195,0.30946797433433165,0.2946420935034488,0.8342596168809139
0.4561720596542293,0.3753007797521858,0.16852716059358497,0.9064818700626134
0.41272534044544307,0.4503648732893502,0.1369097862652067,0.9064818700626134
0.35152208762161796,0.4910762800233909,0.15740163235499108,0.9212966912280902
0.34724446884496885,0.437939168680349,0.21481636247468208,0.9231485438737749
0.4052086975157611,0.48045194181248363,0.11433936067175521,0.8842596383143981
0.4038487957786865,0.35893662681823113,0.23721457740308252,0.9287041018108285
0.3902636165129426,0.38567688858173715,0.22405949490532023,0.9490744809133592
0.41596556784312266,0.3845376323679355,0.19949679978894183,0.9768522705986283
0.41468391041228314,0.45143948344183993,0.13387660614587696,0.9009263121255595
0.38926333858147655,0.37268105873218604,0.23805560268633735,0.9231485438737749
0.49940817288004036,0.37345429573479655,0.12713753138516307,0.8638892592118675
0.35687619555792055,0.3964946523407905,0.24662915210128894,0.8824077856687135
0.395433704938606,0.41172419789903797,0.19284209716235612,0.9898152391184206
0.39708877829513006,0.4447419915730574,0.15816923013181255,0.9342596597478824
0.42270729737334606,0.4540195122784719,0.12327319034818199,0.8879633436057673
0.39541938018297423,0.35920373131326655,0.24537688850375927,0.9120374279996671
0.40191510291046384,0.4082673614567803,0.18981753563275588,0.9861115338270514
0.47345696680645044,0.33055650479926185,0.19598652839428765,0.917592985936721
0.390783505781499,0.3594698690553672,0.24974662516313378,0.9009263121255595
0.4239046919677353,0.4432510191507053,0.1328442888815594,0.899074459479875
0.46275146482676627,0.3923651287872645,0.1448834063859693,0.8953707541885056
0.4394277502424515,0.43680110445410975,0.12377114530343876,0.8842596383143981
0.4386775677863802,0.4238216129570173,0.1375008192566025,0.899074459479875
0.37734467114869036,0.42541494357733717,0.1972403852739725,0.973148565307259
0.39258536814962125,0.37743473357249496,0.22997989827788373,0.936111512393567
0.4703619562968143,0.4188030457405111,0.11083499796267472,0.8694448171489213
0.3964205942704721,0.4833881708831613,0.12019123484636665,0.8861114909600827
0.4511922836108348,0.44397605193843215,0.10483166445073312,0.8620374065661829
0.4313602712333068,0.33026916254796407,0.23837056621872912,0.9212966912280902
0.3841775165905561,0.38867773849044,0.22714474491900397,0.9379633650392516
0.46404434401736105,0.3129273451478317,0.22302831083480726,0.9138892806453518
0.3850416126542333,0.42138701366703757,0.1935713736787291,0.9861115338270514
0.4464424678269793,0.4158513425532469,0.13770618961977374,0.8953707541885056
0.39660243136743634,0.36956405730350533,0.23383351132905839,0.9305559544565132
0.44493751286110617,0.2928864677413149,0.26217601939757895,0.8731485224402905
0.4048777396758639,0.3874991478912729,0.20762311243286324,0.9768522705986283
0.4711499237008051,0.3253926913266789,0.20345738497251592,0.9250003965194594
0.39117182580745863,0.37153914528914617,0.23728902890339526,0.9212966912280902
0.3277614242334724,0.4566814302265176,0.21555714554000996,0.8916670488971365
0.38823484113277373,0.38020101368813547,0.2315641451790908,0.9342596597478824
0.4185993612749023,0.3494770322517185,0.23192360647337923,0.936111512393567
0.4678135544614939,0.3940905471515448,0.13809589838696132,0.8916670488971365
0.36341890508177804,0.44044799020123226,0.1961331047169897,0.9564818914960976
0.4425595606722795,0.44752492421383105,0.10991551511388942,0.8731485224402905
0.3788519398247722,0.3905487527729346,0.2305993074022932,0.926852249165144
0.3482485784005502,0.3460093884046085,0.3057420331948414,0.8046299745499601
0.47106980409778515,0.3435920391284164,0.18533815677379842,0.9157411332910363
0.3598371023271252,0.4442651939679377,0.19589770370493706,0.9527781862047284
0.3417174803623904,0.4700082009941759,0.1882743186434337,0.936111512393567
0.38025367072400174,0.4045353828555403,0.215210946420458,0.9583337441417822
0.41108641257522427,0.3885127051020967,0.20040088232267914,0.9824078285356821
0.34042208197092483,0.5092300175762605,0.15034790045281451,0.9064818700626134
0.31054860042944216,0.4332055937416878,0.2562458058288701,0.8083336798413293
0.4615927806825612,0.39769118401023257,0.14071603530720617,0.8953707541885056
0.4316296339075495,0.4243919203435419,0.14397844574890856,0.908333722708298
0.4377419183706339,0.29221035761705433,0.27004772401231175,0.865741111857552
0.3942356231125623,0.36544789144423,0.24031648544320786,0.9231485438737749
0.4577437318099706,0.3481943056914415,0.19406196249858795,0.9305559544565132
0.33416586557541994,0.40181851283963393,0.2640156215849462,0.8231485010068061
0.39202136229558926,0.38035301495518586,0.22762562274922488,0.9416670703306208
0.49366848811568265,0.32206036433962,0.18427114754469737,0.899074459479875
0.37185959026142573,0.49230700438717107,0.13583340535140315,0.9064818700626134
0.4655595226749066,0.38413272971873363,0.15030774760635982,0.8953707541885056
0.49796130186671295,0.3103682481110496,0.19167045002223743,0.9009263121255595
0.337669039849257,0.4401853827010548,0.22214557744968824,0.8953707541885056
0.42068669181704416,0.3769242378756997,0.2023890703072561,0.9694448600158899
0.3960074446495689,0.41608486488667756,0.18790769046375366,0.9861115338270514
0.4565168908996548,0.3714935979733491,0.1719895111269962,0.9101855753539825
0.40180473250458,0.4229358004970988,0.17525946699832112,0.9712967126615745
0.36537321208354456,0.37319649862408555,0.2614302892923698,0.8712966697946058
0.3289492281212048,0.41549585264870115,0.2555549192300941,0.8398151748179676
0.45005101974389994,0.3833731129806783,0.16657586727542184,0.9138892806453518
0.3354003293636451,0.3934028826669611,0.27119678796939384,0.8212966483611216
0.3459651246507813,0.38436793629869626,0.2696669390505226,0.8268522062981755
0.4199104039772531,0.3596950830541521,0.22039451296859483,0.9527781862047284
0.424639189939888,0.3733485558798507,0.20201225418026134,0.963889302078836
0.4080951233657206,0.4803144531178565,0.11159042351642298,0.8787040803773444
0.41435484876175,0.3775151976492802,0.20812995358896974,0.9694448600158899
0.32725323900423653,0.38932282061648266,0.2834239403792808,0.7972225639672218
0.42879344363880967,0.40721553606417477,0.16399102029701565,0.926852249165144
0.3584103626329636,0.37536546501696544,0.2662241723500711,0.8509262906920753
0.4655803198336223,0.36583777599988465,0.168581904166493,0.9009263121255595
0.44062756806256176,0.36182792806694586,0.1975445038704924,0.94537077562199
0.34574353257556373,0.4481239939662003,0.20613247345823585,0.9342596597478824
0.43527498054817665,0.42993981817876503,0.13478520127305835,0.8972226068341903
0.4132262874191738,0.4289707951384817,0.15780291744234448,0.9379633650392516
0.40536848431000205,0.3641733831796705,0.23045813251032735,0.9435189229763054
0.4031073071195948,0.44716828599698377,0.1497244068834214,0.9250003965194594
0.4871466639574509,0.3628838799608029,0.14996945608174628,0.8787040803773444
0.4219087527523375,0.425772079318982,0.15231916792868042,0.926852249165144
0.3802254905650215,0.3583038351044139,0.2614706743305647,0.8768522277316597
0.41679741746864785,0.3602913536454234,0.22291122888592876,0.9490744809133592
0.4186839975880838,0.30677082600518285,0.2745451764067334,0.8694448171489213
0.4926123438683593,0.3617570167247869,0.1456306394068538,0.8805559330230288
0.36028114945742146,0.3630996000390684,0.2766192505035101,0.8361114695265984
0.3581942857582477,0.41516625192039325,0.2266394623213592,0.9194448385824056
0.4376099178052169,0.45460891918849144,0.10778116300629158,0.8675929645032366
0.40632430684364584,0.4794457623839056,0.11422993077244845,0.8861114909600827
0.3024285411291833,0.4639848331502683,0.23358662572054853,0.8342596168809139
0.33653081577481886,0.4170893528171441,0.2463798314080369,0.856481848629129
0.3783378429148359,0.3216420781668982,0.3000200789182659,0.8157410904240678
0.4152519787007626,0.36153371996891726,0.22321430133032016,0.9490744809133592
0.47660839906020996,0.36172061685625717,0.16167098408353284,0.8861114909600827
0.3533634563024136,0.5052267344883683,0.14140980920921808,0.9064818700626134
0.4031951561489232,0.47113728303004154,0.1256675608210353,0.8972226068341903
0.3920184133384119,0.38830949350943067,0.2196720931521573,0.9620374494331515
0.3355622855002673,0.4176639166278126,0.24677379787192,0.856481848629129
0.4576232224884134,0.30932917361273166,0.23304760389885498,0.9138892806453518
0.41453610909328287,0.37775029007503974,0.20771360083167745,0.9694448600158899
0.4331090392800866,0.37099175503569903,0.1958992056842144,0.9564818914960976
0.4528691650727903,0.34468661174780973,0.20244422317940008,0.936111512393567
0.3765377942352845,0.3820975996663537,0.2413646060983618,0.9157411332910363
0.4240802159950733,0.35527652978057706,0.22064325422434955,0.9472226282676747
0.36936849475616484,0.397712849264008,0.23291865597982703,0.917592985936721
0.35429295474932687,0.4085653814499955,0.23714166380067767,0.8972226068341903
0.35284678766220823,0.4109771850874853,0.23617602725030654,0.8953707541885056
0.36730309783039644,0.42977422503186946,0.20292267713773404,0.9583337441417822
0.3400969836599993,0.43168102016232984,0.22822199617767092,0.8953707541885056
0.37722122820539766,0.36187360602479585,0.2609051657698065,0.8787040803773444
0.36860232541175586,0.40972179033345585,0.22167588425478835,0.9305559544565132
0.376464566316229,0.44044311402717573,0.1830923196565952,0.9712967126615745
0.3437088815384646,0.4960916540363385,0.16019946442519692,0.9212966912280902
0.3839527112987813,0.41426779148722515,0.20177949721399355,0.9842596811813666
0.4259508616324847,0.3983855748921132,0.1756635634754021,0.94537077562199
0.35358296168411746,0.4076541024245812,0.23876293589130132,0.8935189015428212
0.4472501285342889,0.3486840414073653,0.20406583005834575,0.9398152176849363
0.43206149026759155,0.37249551476770115,0.19544299496470732,0.9564818914960976
0.4251673387529977,0.4045990196597844,0.17023364158721788,0.9416670703306208
0.43133417448338485,0.29937304362374595,0.2692927818928692,0.8712966697946058
0.35785067914545515,0.33488279491225914,0.3072665259422856,0.8046299745499601
0.3301291983821539,0.42183871782995297,0.24803208378789315,0.847222585400706
0.41791763667068565,0.44141042036935396,0.14067194295996047,0.9046300174169287
0.4670397316965715,0.3413451822622829,0.19161508604114563,0.9231485438737749
0.44245210374748034,0.351941735035963,0.2056061612165567,0.9416670703306208
0.3563772174361031,0.3816640238473752,0.2619587587165216,0.8601855539204983
0.3116004326245312,0.41539663721213776,0.27300293016333105,0.7935188586758525
0.42882901737371987,0.3416393299645258,0.2295316526617544,0.926852249165144
0.3788368232452087,0.34220938999968975,0.2789537867551016,0.8453707327550215
0.35091776796125773,0.42237838007858136,0.22670385196016093,0.9120374279996671
0.47407193458220126,0.32535318238095984,0.20057488303683896,0.9231485438737749
0.35490969407876677,0.5040485795640005,0.14104172635723278,0.9064818700626134
0.3911428346580022,0.4416823777236816,0.1671747876183162,0.9601855967874668
0.38879174029705427,0.47729653142009887,0.1339117282828469,0.9101855753539825
0.3350122108053121,0.4025401193161699,0.26244766987851786,0.82870405894386
0.40742209296626203,0.38126327555803335,0.21131463147570478,0.973148565307259
0.3841141652056515,0.5016256512976214,0.11426018349672717,0.8787040803773444
0.3703450086505633,0.40747357654447597,0.2221814148049606,0.9324078071021978
0.3585342859648032,0.38235479888130774,0.259110915153889,0.865741111857552
0.3097279407086707,0.4519734077887968,0.23829865150253246,0.8324077642352292
0.44171544223855197,0.31702960914589784,0.2412549486155501,0.9064818700626134
0.4314475280945858,0.46135534667309824,0.1071971252323159,0.8675929645032366
0.37655032003551075,0.4630533010431539,0.16039637892133532,0.9398152176849363
0.3835108529529052,0.45039182388120896,0.16609732316588588,0.9583337441417822
0.519517760282187,0.33237452978422016,0.14810770993359293,0.8620374065661829
0.3210615676563877,0.3835198456339989,0.2954185867096134,0.782407742801745
0.34307215787786133,0.45251860516263376,0.20440923695950483,0.9342596597478824
0.510886328123238,0.3399358838621956,0.14917778801456633,0.8694448171489213
0.3606295993753378,0.45597591213893385,0.18339448848572829,0.9546300388504131
0.42403514804447257,0.3766262941432301,0.1993385578122974,0.963889302078836
0.44473816256647597,0.3484191481184454,0.20684268931507865,0.9398152176849363
0.40132105333175483,0.3749448821439653,0.2237340645242799,0.9564818914960976
0.4992195927114466,0.34446485083512796,0.15631555645342543,0.8768522277316597
0.383915664611116,0.46063855683313615,0.15544577855574793,0.9342596597478824
0.3571037605112396,0.3940911576642002,0.24880508182456018,0.8787040803773444
0.4291006188818917,0.4652279044396919,0.10567147667841634,0.8638892592118675
0.3388357074289808,0.484293277587043,0.17687101498397623,0.9305559544565132
0.4027163186006365,0.420489124874855,0.1767945565245086,0.9712967126615745
0.40520366127841767,0.3908427091087374,0.20395362961284488,0.9879633864727358
0.45159947105848425,0.39224089873546025,0.1561596302060554,0.9027781647712442
0.3502274608607317,0.3887506998720281,0.2610218392672403,0.847222585400706
0.4375461603828748,0.4201351836513762,0.14231865596574897,0.9027781647712442
0.4060021681729826,0.4026196206610526,0.1913782111659648,0.9824078285356821
0.4013879535332711,0.38999461516716666,0.20861743129956226,0.9787041232443129
0.4365735518066125,0.31718312309340907,0.24624332509997854,0.9027781647712442
0.34965338046099226,0.3348501822857909,0.3154964372532168,0.7916670060301679
0.4952931653501735,0.3145609055202554,0.19014592912957112,0.9009263121255595
0.337129840685783,0.3969286985982753,0.2659414607159416,0.8212966483611216
0.45058197565893693,0.3924145746212354,0.15700344971982774,0.9027781647712442
0.3949795523476262,0.3402723175290701,0.2647481301233038,0.8824077856687135
0.45120996259499724,0.39178809045569096,0.1570019469493118,0.9027781647712442
0.38628756691385124,0.33029090905409714,0.2834215240320516,0.8453707327550215
0.4108988171921742,0.3845115957133491,0.20458958709447675,0.9824078285356821
0.4374145273726873,0.3064726841724794,0.2561127884548333,0.8861114909600827
0.4175604533153625,0.42612917674009865,0.1563103699445388,0.9342596597478824
0.3881689530250721,0.4235467252061129,0.1882843217688149,0.9861115338270514
0.35212986494044757,0.4426989206667365,0.2051712143928159,0.9398152176849363
0.46922884752657745,0.30388879028527843,0.22688236218814412,0.9046300174169287
0.38299826904649614,0.38241228211135064,0.23458944884215333,0.926852249165144
0.40605402653477185,0.4422643014557041,0.15168167200952407,0.9324078071021978
0.49778494767985576,0.3762392786634382,0.12597577365670615,0.8620374065661829
0.42430261347311565,0.3903317548446241,0.18536563168226017,0.9601855967874668
0.36340009912883914,0.3312164512145066,0.30538344965665426,0.8083336798413293
0.34305452044923934,0.5086104779498116,0.14833500160094898,0.9046300174169287
0.4048094128725943,0.4015481406062718,0.19364244652113388,0.9861115338270514
0.42077624257492047,0.29159423168865234,0.2876295257364271,0.847222585400706
0.400835991864518,0.40374784085628074,0.19541616727920136,0.9935189444097898
0.3667603076752794,0.4758789762496959,0.1573607160750247,0.9287041018108285
0.4056943386777209,0.3146352678260305,0.2796703934962485,0.856481848629129
0.37089604649720326,0.38991280153233315,0.23919115197046362,0.9138892806453518
0.44258789589536335,0.41429359795255766,0.143118506152079,0.899074459479875
0.28625918237373976,0.4304827440521518,0.2832580735741084,0.7472225425337374
0.4071129933258009,0.3454786142558631,0.247408392418336,0.9064818700626134
0.3888196404784873,0.41224970646095627,0.19893065306055646,0.9879633864727358
0.3710054053624118,0.43340404966563373,0.19559054497195447,0.9657411547245207
0.4417417535679387,0.42750291865222495,0.1307553277798364,0.8953707541885056
0.46694900549733176,0.38777152388357017,0.1452794706190981,0.8916670488971365
0.38549402793553456,0.3903943935637346,0.22411157850073085,0.9472226282676747
0.3434325913663044,0.41036427323559027,0.24620313539810543,0.8620374065661829
0.4397768828705792,0.4070366963539687,0.153186420775452,0.9120374279996671
0.5006201771569841,0.357707637646942,0.14167218519607375,0.8731485224402905
0.39018751333895746,0.3127762862068227,0.29703620045421986,0.82870405894386
0.3939562129330827,0.38801763825672864,0.2180261488101886,0.9657411547245207
0.4302633500857929,0.33008661772384834,0.2396500321903587,0.9212966912280902
0.41114731675314636,0.35559765475034816,0.23325502849650545,0.9398152176849363
0.42022616047353295,0.4188331840015439,0.16094065552492304,0.9324078071021978
0.33748371085621964,0.42311995104971706,0.23939633809406335,0.865741111857552
0.36258646194426214,0.40231380489836255,0.23509973315737534,0.908333722708298
0.3566991297658218,0.3417310811878649,0.3015697890463133,0.8138892377783832
0.38949105327347666,0.4564170315850547,0.1540919151414687,0.9250003965194594
0.4700467290377068,0.3675408777795504,0.1624123931827428,0.8935189015428212
0.44717464039950877,0.4044367130668451,0.1483886465336461,0.9027781647712442
0.3914856903559977,0.3410460615639687,0.2674682480800335,0.8731485224402905
0.46784676513374474,0.3744065182133116,0.15774671665294349,0.8935189015428212
0.3718749018888721,0.49023607580650236,0.13788902230462555,0.9101855753539825
0.49827544305463717,0.33608623058926573,0.16563832635609704,0.8842596383143981
0.46132573234167834,0.4281088599161824,0.11056540774213927,0.8675929645032366
0.41002454726090515,0.3520676114087549,0.23790784133034004,0.9324078071021978
0.36369680184459013,0.3777363124934606,0.25856688566194924,0.8750003750859752
0.35965922910604925,0.4409634322168384,0.19937733867711246,0.9509263335590439
0.4191093371151548,0.41230827986257007,0.16858238302227524,0.94537077562199
0.4078217178951939,0.3922745529100189,0.19990372919478708,0.9879633864727358
0.3109874905491549,0.3997949494691295,0.28921755998171556,0.7787040375103758
0.357878666625025,0.4007523601193062,0.24136897325566878,0.8935189015428212
0.4034378759166845,0.35669033254384586,0.23987179153946975,0.9231485438737749
0.3767461442689439,0.4758070116541673,0.14744684407688882,0.9250003965194594
0.3845857872775522,0.33552556624523894,0.27988864647720874,0.8453707327550215
0.43788757880673446,0.39495924438154917,0.16715317681171635,0.9287041018108285
0.4148321356698883,0.403174661255743,0.1819932030743686,0.973148565307259
0.4247424906730123,0.3962835783788841,0.17897393094810365,0.9490744809133592
0.48703683143846965,0.32777513476730674,0.18518803379422355,0.9027781647712442
0.3842561522236644,0.4162515250920473,0.19949232268428835,0.9879633864727358
0.4321299515535626,0.35101381084546834,0.2168562376009691,0.9435189229763054
0.4365231064367195,0.42197062317571443,0.14150627038756608,0.9027781647712442
0.42557156087437903,0.36252338591682215,0.21190505320879868,0.9509263335590439
0.414250176544393,0.40527249556822426,0.18047732788738272,0.9712967126615745
0.3849784341914857,0.3825439225382908,0.23247764327022358,0.9324078071021978
0.34882390498080307,0.41078594494195975,0.24039015007723719,0.8768522277316597
0.3764901913770094,0.3687540592475068,0.2547557493754838,0.8953707541885056
0.38255262433309856,0.3225210467504942,0.2949263289164073,0.82870405894386
0.32136661962507423,0.45207560617329096,0.22655777420163492,0.8638892592118675
0.48158886353018726,0.36214334707143164,0.15626778939838099,0.8861114909600827
0.4492904927327688,0.3716769167638131,0.17903259050341808,0.926852249165144
0.435103372693714,0.3964454882404741,0.16845113906581186,0.9287041018108285
0.5103584240445863,0.3717929536408297,0.11784862231458405,0.8527781433377598
0.39167380187737594,0.4554326300148633,0.15289356810776064,0.9250003965194594
0.3176701691867387,0.4063250082354547,0.27600482257780656,0.7990744166129063
0.4374227907333825,0.40648498334694777,0.1560922259196697,0.9157411332910363
0.4243246642415035,0.3306777948331216,0.24499754092537485,0.9138892806453518
0.408235173432292,0.45225581437751106,0.13950901219019696,0.9212966912280902
0.3182776034051857,0.4287718444850465,0.2529505521097677,0.8268522062981755
0.48260768755185895,0.35688471959275797,0.160507592855383,0.8861114909600827
0.3867612812403157,0.35178808858512867,0.2614506301745558,0.8879633436057673
0.36865435775000194,0.42950998201642004,0.201835660233578,0.9583337441417822
0.4180641888075539,0.3370631597206471,0.24487265147179899,0.9212966912280902
0.39133367857901036,0.45121146444991667,0.15745485697107303,0.9305559544565132
0.43319101078697375,0.3986872098009347,0.1681217794120915,0.9342596597478824
0.4556353188423982,0.306604372879438,0.23776030827816377,0.9064818700626134
0.4774399669947195,0.29211494649817804,0.2304450865071023,0.8972226068341903
0.41772902636525905,0.367107162462165,0.2151638111725759,0.963889302078836
0.48367057918440354,0.30025909622102487,0.2160703245945717,0.9046300174169287
0.4036064368853624,0.4786223700234803,0.11777119309115736,0.8861114909600827
0.39443828437340517,0.39418219971481344,0.21137951591178145,0.9750004179529437
0.4601757754781119,0.43770769621493094,0.10211652830695724,0.8601855539204983
0.42124507564387953,0.4056163232521155,0.173138601104005,0.9490744809133592
0.40926846773807407,0.3951861598488323,0.19554537241309353,0.9787041232443129
0.4515856278124643,0.28936185774379836,0.2590525144437373,0.8731485224402905
0.36440517242346643,0.3908132062644859,0.2447816213120477,0.8953707541885056
0.3958092239947504,0.41069281434318966,0.19349796166205988,0.9916670917641051
0.3330374253039698,0.43088423382888674,0.2360783408671434,0.8638892592118675
0.38817919482557817,0.3879677017262936,0.22385310344812817,0.9490744809133592
0.3665433009721352,0.48586982396150774,0.14758687506635706,0.917592985936721
0.46532099816047306,0.3467911204539432,0.18788788138558377,0.9212966912280902
0.3860610075118919,0.3518111959043754,0.2621277965837328,0.8824077856687135
0.49681359237386147,0.389035910621973,0.11415049700416557,0.8583337012748137
0.3859532587525619,0.3967485100402822,0.21729823120715583,0.9546300388504131
0.3332924229468466,0.511401589531371,0.15530598752178243,0.908333722708298
0.41435081974916305,0.4485968083464283,0.13705237190440872,0.9046300174169287
0.4229353169828465,0.3177788629817716,0.25928582003538186,0.8953707541885056
0.37200721681732085,0.5123877605545315,0.11560502262814765,0.8694448171489213
0.4232921750272008,0.38934849905092367,0.18735932592187568,0.9601855967874668
0.37305882490229303,0.4774120614948092,0.1495291136028978,0.9250003965194594
0.39014737909645936,0.33320837710976225,0.27664424379377833,0.8546299959834445
0.38498066142703535,0.42807089124063324,0.18694844733233135,0.9842596811813666
0.412679408523057,0.37358242049656964,0.21373817098037334,0.9694448600158899
0.4188311985288583,0.39051407277697536,0.19065472869416636,0.9675930073702053
0.3571267496821605,0.4930973589946547,0.14977589132318486,0.917592985936721
0.46156856909819943,0.3532989487279612,0.18513248217383932,0.9231485438737749
0.38265835385773517,0.4877786459439148,0.12956300019835,0.899074459479875
0.42048730860196193,0.33426174682851373,0.2452509445695244,0.917592985936721
0.4514223582266053,0.3631171641616721,0.1854604776117226,0.926852249165144
0.44654473543150275,0.371778270925969,0.1816769936425282,0.926852249165144
0.42637270304883346,0.4491241541454568,0.12450314280570977,0.8879633436057673
0.48066427839470155,0.4008116443534313,0.11852407725186714,0.8675929645032366
0.4799375677414766,0.3940274835953808,0.12603494866314258,0.8750003750859752
0.3615554994039588,0.4032983566667367,0.2351461439293045,0.908333722708298
0.4613156131471238,0.4444300479376903,0.09425433891518589,0.8527781433377598
0.3712196492065211,0.4577543447922106,0.17102600600126822,0.9546300388504131
0.41427040453242,0.41521038948823646,0.17051920597934353,0.9527781862047284
0.4475532766544377,0.37286801062481284,0.17957871272074935,0.9287041018108285
0.4831330083441826,0.38563384473961204,0.1312331469162054,0.8768522277316597
0.3592235272322132,0.4129262728681517,0.2278501998996351,0.9157411332910363
0.43585197982887436,0.42051000861623994,0.14363801155488584,0.9101855753539825
0.43343535371246766,0.4391897059147811,0.1273749403727512,0.8916670488971365
0.29783359500290135,0.45221612356252466,0.24995028143457398,0.8046299745499601
0.41111717520547747,0.4099387849241674,0.1789440398703551,0.9712967126615745
0.452543725173133,0.43124085702294745,0.11621541780391949,0.8805559330230288
0.4159460411688777,0.3714579267051664,0.212596032125956,0.9675930073702053
0.42917631826845326,0.42685571707699776,0.14396796465454906,0.908333722708298
0.43034444055732046,0.40134509989145567,0.16831045955122387,0.9342596597478824
0.5051674950789132,0.33768977633757397,0.1571427285835128,0.8750003750859752
0.4306283425794514,0.4346633493893803,0.13470830803116837,0.8972226068341903
0.4314549925512055,0.4298533791780368,0.13869162827075762,0.9009263121255595
0.32214722748401753,0.4390930998826772,0.23875967263330525,0.8490744380463907
0.4677861530444108,0.3367675817080115,0.19544626524757777,0.9231485438737749
0.4386215766691677,0.35941063797429634,0.20196778535653603,0.9490744809133592
0.4033184438696989,0.3507880254520505,0.24589353067825068,0.908333722708298
0.4253262378444527,0.33140169351087195,0.24327206864467535,0.9157411332910363
0.34905463330366265,0.5088595022725051,0.1420858644238322,0.9064818700626134
0.33703396014180736,0.45602290992897726,0.20694312992921535,0.917592985936721
0.4760340316297728,0.36834790772973497,0.15561806064049222,0.8898151962514519
0.4167234796340104,0.4073946518388186,0.17588186852717097,0.9583337441417822
0.3778217060740597,0.3891577860961726,0.2330205078297678,0.9231485438737749
0.4532688904032788,0.32382398979652116,0.22290711980019992,0.9231485438737749
0.3752996685871924,0.4313340848939586,0.19336624651884898,0.9694448600158899
0.4038390036966671,0.3609460767926464,0.2352149195106865,0.9305559544565132
0.38579936567794015,0.3970234584428268,0.21717717587923302,0.9546300388504131
0.42764562853873417,0.3823807176166869,0.18997365384457904,0.9564818914960976
0.33417020418377363,0.4449033614096329,0.2209264344065935,0.8953707541885056
0.34263932104776246,0.41856570033985596,0.2387949786123816,0.8731485224402905
0.3730370579470458,0.4195444884226378,0.20741845363031647,0.9601855967874668
0.3589637330388292,0.4434625604058946,0.1975737065552762,0.9509263335590439
0.3615572852422919,0.4105734615474984,0.22786925321020973,0.917592985936721
0.3413552814596332,0.4630107222081282,0.19563399633223857,0.9342596597478824
0.41428512717973104,0.35781357749286485,0.22790129532740408,0.9416670703306208
0.3864187754170722,0.3647753280669742,0.24880589651595347,0.9027781647712442
0.49728822586774835,0.3823171937040237,0.12039458042822797,0.8620374065661829
0.44351026121273496,0.2851226691856801,0.271367069601585,0.8638892592118675
0.4530760341801862,0.38796171179600486,0.15896225402380898,0.9046300174169287
0.3886980505856283,0.4470323555531578,0.16426959386121384,0.9509263335590439
0.439362619901494,0.3466667674190715,0.2139706126794345,0.936111512393567
0.47253244735890204,0.40650034375606503,0.12096720888503291,0.8805559330230288
0.3572744170804503,0.3547396173454464,0.28798596557410333,0.8250003536524908
0.3602842479999642,0.455069510076155,0.18464624192388082,0.9583337441417822
0.37710585555433984,0.38866899851425235,0.2342251459314077,0.9212966912280902
0.39843722224141853,0.3643077051740167,0.23725507258456463,0.9250003965194594
0.37160764163798643,0.3951031511230209,0.2332892072389926,0.917592985936721
0.38656301676354005,0.4110179007313999,0.20241908250506005,0.9898152391184206
0.4087277175953347,0.40254884337448427,0.18872343903018104,0.9805559758899974
0.39726686038886205,0.4327574757175895,0.16997566389354848,0.9601855967874668
0.363673416107269,0.4305007512812089,0.20582583261152204,0.9527781862047284
0.3495863540921677,0.5323017880464063,0.11811185786142603,0.8731485224402905
0.37722862248639727,0.3789731292613799,0.24379824825222293,0.908333722708298
0.33941722753144354,0.4579458111022769,0.2026369613662796,0.9250003965194594
0.4082948198295283,0.35469635151339496,0.2370088286570767,0.9324078071021978
0.42142355939619075,0.3416791995366995,0.23689724106710974,0.9287041018108285
0.3786335354981771,0.38359498745407916,0.2377714770477438,0.9194448385824056
0.3333588985189703,0.4282619357266847,0.23837916575434506,0.8638892592118675
0.4091164616073828,0.37786774918245564,0.21301578921016154,0.9694448600158899
0.37579472682795256,0.410139807159755,0.2140654660122924,0.9601855967874668
0.4625130391657448,0.41315808259638737,0.1243288782378679,0.8861114909600827
0.4181847061253892,0.3209170380969634,0.26089825577764725,0.8972226068341903
0.34665040502375244,0.5267165930680486,0.12663300190819893,0.8898151962514519
0.38615674746697987,0.3450085570380356,0.26883469549498457,0.8712966697946058
0.4114026276734947,0.33854501676115256,0.25005235556535266,0.9027781647712442
0.3755663311042929,0.3827007225400268,0.24173294635568032,0.9138892806453518
0.355308258724931,0.36667177731051015,0.27801996396455875,0.82870405894386
0.3823625863950503,0.39438931955160034,0.2232480940533493,0.9472226282676747
0.3347858185507117,0.4780406200887869,0.18717356136050134,0.9305559544565132
0.4514841754215876,0.3574968524704021,0.19101897210801025,0.9324078071021978
0.4585472289747524,0.41154931055817284,0.12990346046707468,0.8898151962514519
0.4488042028915183,0.43138607550359376,0.11980972160488802,0.8824077856687135
0.4286279533929016,0.4002152160861221,0.1711568305209763,0.9416670703306208
0.33007932831659503,0.44406402526524885,0.22585664641815614,0.8768522277316597
0.43125070597713594,0.44427171407071503,0.12447757995214905,0.8861114909600827
0.4510781711995252,0.38704269837047717,0.1618791304299976,0.908333722708298
0.3946637988592468,0.44030618992560744,0.16503001121514588,0.9509263335590439
0.3266742052239707,0.411032350616152,0.26229344415987726,0.8157410904240678
0.3976769830510405,0.4189798299733236,0.18334318697563595,0.9842596811813666
0.47505778646677344,0.3459894570937729,0.17895275643945363,0.908333722708298
0.3545172749113689,0.37735937249117546,0.26812335259745557,0.8435188801093368
0.5071536706031881,0.3491373474556075,0.14370898194120446,0.8694448171489213
0.39000209017345866,0.3759574750977601,0.2340404347287813,0.9305559544565132
0.3992203977619847,0.4091088762046905,0.1916707260333248,0.9898152391184206
0.4610218611118609,0.39931519073584143,0.13966294815229768,0.8953707541885056
0.3804211680347346,0.38613196923392945,0.23344686273133589,0.926852249165144
0.38629777163473117,0.4196356040738239,0.19406662429144497,0.9879633864727358
0.4346468022428988,0.3435455224049051,0.2218076753521961,0.936111512393567
0.4423568667522371,0.3469862468996772,0.21065688634808577,0.9379633650392516
0.41177302513376407,0.3396951749286704,0.24853179993756555,0.9046300174169287
0.36633165459203076,0.3363536655172013,0.2973146798907679,0.8212966483611216
0.3900019965861524,0.41407454688840356,0.19592345652544405,0.9935189444097898
0.39892971192725174,0.380963476728798,0.22010681134395024,0.9657411547245207
0.3841657800396084,0.34948795887313583,0.2663462610872558,0.8712966697946058
0.3929422807615522,0.4146427257821635,0.19241499345628435,0.9898152391184206
0.4505099797930166,0.42993235642910055,0.1195576637778829,0.8805559330230288
0.4398667682141153,0.3590499261458757,0.20108330564000898,0.94537077562199
0.4216163598564767,0.38668718181798595,0.19169645832553725,0.9620374494331515
0.42292853314653983,0.3067900217902221,0.270281445063238,0.8805559330230288
0.41818352934631847,0.415640579000268,0.16617589165341362,0.9435189229763054
0.2933605920249471,0.4402022768757792,0.2664371310992738,0.7657410689905835
0.4608387730239956,0.3679887111875296,0.17117251578847484,0.9064818700626134
0.3816280767828654,0.4740293891098778,0.14434253410725673,0.9194448385824056
0.44911897531709594,0.3903141610395676,0.16056686364333647,0.908333722708298
0.4053031359894885,0.32558403858438023,0.2691128254261313,0.8712966697946058
0.38423582609090084,0.49049625416126486,0.12526791974783436,0.8898151962514519
0.44389127575017157,0.30610363068666013,0.25000509356316836,0.8879633436057673
0.40128295475933845,0.4288034683166774,0.1699135769239842,0.9546300388504131
0.46574142888867576,0.39115942937223863,0.1430991417390856,0.8935189015428212
0.3816785925848105,0.32720323947050556,0.29111816794468404,0.8324077642352292
0.3317274195156158,0.43417405625583594,0.23409852422854824,0.8675929645032366
0.4231500688934622,0.4489172710154488,0.12793266009108906,0.8953707541885056
0.38903069424448145,0.3383329829481797,0.2726363228073386,0.8583337012748137
0.4290611985292593,0.46897719861493203,0.10196160285580869,0.8583337012748137
0.44721009768892284,0.4247358746877744,0.12805402762330284,0.8935189015428212
0.37451726866063006,0.46833334100856583,0.15714939033080422,0.9324078071021978
0.35935513525626916,0.4271145993303578,0.2135302654133731,0.9398152176849363
0.40116361087041014,0.3964714849508366,0.20236490417875322,0.9916670917641051
0.35871047756649554,0.4564517105333193,0.18483781190018517,0.9583337441417822
0.41129358461336324,0.3945414485531143,0.1941649668335226,0.9768522705986283
0.38434893406314347,0.3525424810889214,0.26310858484793526,0.8787040803773444
0.45080768064731824,0.3914251927269274,0.15776712662575443,0.9027781647712442
0.3564986265883461,0.4874531031977757,0.1560482702138782,0.9250003965194594
0.40069644002654875,0.38584889571407444,0.21345466425937676,0.973148565307259
0.41733917321634373,0.4156875675234981,0.16697325926015816,0.9435189229763054
0.3331937232363109,0.42358009749805553,0.24322617926563353,0.8546299959834445
0.42313181886307133,0.44237260620209595,0.13449557493483275,0.899074459479875
0.42257034431751755,0.33124949799463604,0.24618015768784646,0.9120374279996671
0.4000757377650276,0.4807413956342977,0.11918286660067483,0.8842596383143981
0.394205090596045,0.45560776050486157,0.15018714889909343,0.9250003965194594
0.41629337630580776,0.38645688837432735,0.19724973531986492,0.9750004179529437
0.3757181215374923,0.4018469439320863,0.22243493453042137,0.9435189229763054
0.3864184132204437,0.43066416353745185,0.18291742324210444,0.9787041232443129
0.4340307300159768,0.4370038481055721,0.12896542187845103,0.8916670488971365
0.33700316010021997,0.4208273992769934,0.24216944062278656,0.8583337012748137
0.3296854735560487,0.47619767458574713,0.19411685185820415,0.9157411332910363
0.41342890599481835,0.3774714844463934,0.20909960955878817,0.9675930073702053
0.4156020281963291,0.4509855698665472,0.13341240193712386,0.9009263121255595
0.41444494240862567,0.3449341573392293,0.2406209002521452,0.9287041018108285
0.38399424117271086,0.48430760924963234,0.13169814957765683,0.9027781647712442
0.3783569143976966,0.4162301543391016,0.20541293126320187,0.973148565307259
0.3925641444878173,0.4806757773790936,0.1267600781330891,0.8935189015428212
0.3892992849811517,0.491506857914693,0.11919385710415527,0.8861114909600827
0.44267579222967474,0.4506459776971094,0.1066782300732159,0.865741111857552
0.3626010351905019,0.37902352174800735,0.2583754430614907,0.8750003750859752
0.3812299322968731,0.3900405234059229,0.22872954429720393,0.9324078071021978
0.3137558966118203,0.45245224158705183,0.23379186180112788,0.8361114695265984
0.36654335404851807,0.42166466608513214,0.21179197986634984,0.94537077562199
0.3678962922693688,0.41719820550740266,0.21490550222322857,0.9379633650392516
0.3352894884155656,0.5291954913215713,0.13551502026286297,0.8898151962514519
0.46464590080604995,0.4242109023227311,0.11114319687121892,0.8694448171489213
0.4179992123562594,0.4054302328230425,0.17657055482069808,0.9546300388504131
0.41028943730841266,0.3848218239766186,0.2048887387149687,0.9842596811813666
0.33574038807500683,0.3837965297967459,0.2804630821282473,0.8083336798413293
0.36948734310548736,0.42557545454749846,0.20493720234701407,0.9620374494331515
0.3726021004695667,0.44416315221767333,0.18323474731275993,0.963889302078836
0.49459579472464865,0.37410107132501835,0.13130313395033305,0.8712966697946058
0.403872829743235,0.3579353338187517,0.2381918364380134,0.926852249165144
0.48830523366950246,0.3111971480258707,0.20049761830462687,0.9027781647712442
0.35414013681393514,0.40152854301008895,0.24433132017597584,0.8824077856687135
0.35286342991450154,0.40760020247295903,0.23953636761253946,0.8935189015428212
0.3233546925599233,0.45781336441468545,0.21883194302539125,0.8768522277316597
0.500190166928877,0.37562776677325277,0.12418206629787021,0.8620374065661829
0.39639771252967104,0.3132875086671656,0.29031477880316336,0.8416670274636522
0.31940874570526995,0.4677948209163588,0.21279643337837126,0.8787040803773444
0.4100883237474016,0.3436404214187852,0.24627125483381318,0.9101855753539825
0.39520314031092185,0.33752340322189134,0.26727345646718687,0.8750003750859752
0.37604444031773604,0.4063961719713742,0.2175593877108898,0.9527781862047284
0.3261167287402376,0.49565855702182454,0.17822471423793793,0.9101855753539825
0.34603431898451925,0.41313012612787886,0.2408355548876019,0.8731485224402905
0.42270960029186433,0.46068220882897387,0.11660819087916173,0.8824077856687135
0.3810137270568097,0.49517432155900715,0.12381195138418317,0.8898151962514519
0.44595966970652395,0.3013906552974747,0.2526496749960013,0.8805559330230288
0.4022556916206471,0.4566065207066945,0.14113778767265842,0.917592985936721
0.40055868189140303,0.43886328188976226,0.16057803621883468,0.9398152176849363
0.36870877338493846,0.4097982559531125,0.22149297066194912,0.9305559544565132
0.41222740082182213,0.3881713378501973,0.1996012613279806,0.9805559758899974
0.3982786879831899,0.4112005566031648,0.19052075541364522,0.9861115338270514
0.5116259571655217,0.3779036695398848,0.11047037329459343,0.847222585400706
0.4102521098583337,0.32465590249612547,0.26509198764554087,0.8861114909600827
0.5193663885411914,0.34713146179465887,0.13350214966414978,0.856481848629129
0.4089050749412765,0.43227953642641526,0.15881538863230826,0.9398152176849363
0.4315742982086257,0.4078459232988641,0.16057977849251007,0.9250003965194594
0.3397055503758764,0.5011163154216116,0.1591781342025119,0.9157411332910363
0.4378363023433282,0.3601551695505385,0.2020085281061332,0.9509263335590439
0.4231294750190624,0.4214665688751986,0.15540395610573893,0.926852249165144
0.34753891910749174,0.4626993668437326,0.1897617140487757,0.9398152176849363
0.35290786318034734,0.5014890959940178,0.14560304082563488,0.9101855753539825
0.36604122772984843,0.364715253468506,0.2692435188016456,0.856481848629129
0.45103230794877447,0.3778728518763592,0.17109484017486645,0.9120374279996671
0.40183045110864973,0.47624734453332007,0.12192220435803018,0.8879633436057673
0.42983239176130356,0.3048002782812989,0.2653673299573975,0.8750003750859752
0.35819763210675865,0.48677924939581046,0.1550231184974308,0.9212966912280902
0.2974574213730578,0.4468753973250021,0.25566718130194005,0.7916670060301679
0.36869231490756044,0.4265702678280179,0.20473741726442163,0.9620374494331515
0.45321631570299176,0.3496082967416464,0.1971753875553618,0.9379633650392516
0.37955909272243854,0.35442560983155647,0.266015297446005,0.8694448171489213
0.37927268265222436,0.3755458653405043,0.2451814520072714,0.908333722708298
0.4548958761951703,0.35730121536341697,0.1878029084414127,0.9231485438737749
0.4563172045799839,0.32576774241154727,0.217915053008469,0.9250003965194594
0.39819186055418354,0.34628449049936594,0.2555236489464504,0.899074459479875
0.4249035348597777,0.3719520576725248,0.20314440746769752,0.963889302078836
0.38714804906400496,0.3694163916822256,0.2434355592537695,0.908333722708298
0.4248576889085255,0.4118153723230859,0.16332693876838872,0.9342596597478824
0.3455030463123305,0.34667832604931104,0.3078186276383586,0.7953707113215371
0.399443629254618,0.39616857524917515,0.20438779549620675,0.9898152391184206
0.41215116454826384,0.3474215342459135,0.24042730120582267,0.9287041018108285
0.33901724801705235,0.4424415286707903,0.21854122331215722,0.9120374279996671
0.36198418057326365,0.42520817832943814,0.2128076410972982,0.9435189229763054
0.36045884873105166,0.46022806795080123,0.17931308331814716,0.9527781862047284
0.30186683277035764,0.4761610887156868,0.22197207851395556,0.8527781433377598
0.4393599091717211,0.4022315426478123,0.15840854818046657,0.917592985936721
0.35631077028615393,0.38517742256498844,0.2585118071488576,0.8620374065661829
0.3158214521555021,0.42771384287340813,0.2564647049710898,0.8175929430697524
0.3946525225190884,0.44208378577278296,0.16326369170812874,0.94537077562199
0.471933106511948,0.42379099508030554,0.1042758984077466,0.8620374065661829
0.44974216477520057,0.37081356574937185,0.17944426947542758,0.926852249165144
0.44107983326041494,0.3520551741639556,0.2068649925756295,0.9398152176849363
0.5046246724795732,0.32806010504548244,0.1673152224749444,0.8824077856687135
0.3233531903249317,0.41229290332251095,0.26435390635255734,0.8138892377783832
0.3927868610078998,0.4178050203493428,0.18940811864275742,0.9879633864727358
0.32170842127380894,0.44446419034867357,0.23382738837751754,0.8546299959834445
0.3642936793753538,0.38557986419989504,0.2501264564247513,0.8898151962514519
0.41792198261919855,0.3529365784014264,0.22914143897937497,0.9379633650392516
0.3554747764259725,0.43535847375601755,0.20916674981800995,0.9398152176849363
0.43596790094359983,0.3983688196020717,0.16566327945432846,0.9287041018108285
0.36241888154027496,0.387257316162877,0.2503238022968479,0.8879633436057673
0.3430061351250526,0.3900098501607489,0.2669840147141983,0.8268522062981755
0.3243482647771466,0.4314765867737189,0.24417514844913435,0.8435188801093368
0.30189548165908464,0.44862271593568237,0.24948180240523285,0.8083336798413293
0.4174099061435134,0.43311144782730115,0.14947864602918548,0.9212966912280902
0.37625112021075474,0.41204518259238143,0.2117036971968638,0.9620374494331515
0.3502045570462924,0.47777796055983646,0.17201748239387116,0.9379633650392516
0.3531163279777254,0.4113031108695331,0.23558056115274162,0.8953707541885056
0.4423951667060736,0.4112411605705519,0.14636367272337458,0.9046300174169287
0.4108459444368389,0.44219853719280494,0.14695551837035628,0.9231485438737749
0.3605950496269887,0.405902053809634,0.23350289656337742,0.9101855753539825
0.3531907015817942,0.44893524531885676,0.19787405309934894,0.94537077562199
0.35143007744715815,0.3867971750998987,0.2617727474529432,0.8490744380463907
0.4916677925529195,0.3299880583386512,0.17834414910842938,0.8935189015428212
0.3952750126663493,0.36397726061006386,0.24074772672358688,0.9212966912280902
0.384701394811149,0.36900354822377196,0.2462950569650791,0.908333722708298
0.32739108388411464,0.43866261418342173,0.23394630193246374,0.8601855539204983
0.396176277591641,0.47530729356121126,0.12851642884714773,0.8953707541885056
0.44766405153542055,0.3974088347685409,0.15492711369603843,0.9064818700626134
0.43056270268467284,0.4277351347965604,0.14170216251876686,0.9064818700626134
0.3375728809985187,0.42651571487697115,0.23591140412451014,0.8750003750859752
0.40739751776026223,0.4162447605977034,0.1763577216420344,0.9657411547245207
0.4143638913733606,0.3565427315478604,0.22909337707877905,0.9379633650392516
0.3619463712095019,0.39724570934107584,0.24080791944942226,0.9009263121255595
0.29907637419208993,0.4378237874690345,0.26309983833887557,0.7805558901560603
0.3653343290889564,0.37472203925715136,0.2599436316538922,0.8768522277316597
0.4655803918780649,0.36584081209732594,0.168578796024609,0.9009263121255595
0.4442786152871247,0.42069115104711624,0.135030233665759,0.8972226068341903
0.3352909466631193,0.44459879953197246,0.2201102538049082,0.8972226068341903
0.40128972650524997,0.36594458424933746,0.23276568924541263,0.9324078071021978
0.38070764926107437,0.5038908195696353,0.1154015311692903,0.8731485224402905
0.4353009924772605,0.39489880113866244,0.16980020638407717,0.9324078071021978
0.4509288393287064,0.44937573751448323,0.0996954231568103,0.8583337012748137
0.43112729093704283,0.3817357152758983,0.18713699378705892,0.9472226282676747
0.4175595795437645,0.3240577753773898,0.25838264507884573,0.899074459479875
0.3349579785888919,0.4312970599937009,0.23374496141740733,0.8694448171489213
0.35673582898768585,0.3715076582309569,0.2717565127813573,0.8416670274636522
0.44134011034272347,0.35690666819218025,0.20175322146509625,0.94537077562199
0.3669148882956758,0.4014677690883661,0.23161734261595798,0.9138892806453518
0.3081168661931217,0.4552535805463006,0.23662955326057758,0.8324077642352292
0.4020786321756673,0.36091587043755086,0.23700549738678173,0.9305559544565132
0.36481200087099386,0.37292785174064635,0.2622601473883598,0.8694448171489213
0.4374621800719047,0.3126147789076544,0.24992304102044102,0.8935189015428212
0.4158198218944299,0.3968240259097573,0.18735615219581275,0.973148565307259
0.41341173759841293,0.4741274116399847,0.11246085076160248,0.8805559330230288
0.42572353780497296,0.3503223843540707,0.2239540778409565,0.9305559544565132
0.47173347368566315,0.3700807601151201,0.1581857661992167,0.8916670488971365
0.4699026785715858,0.36062356100548837,0.16947376042292583,0.9009263121255595
0.45341076668798985,0.3547476886735767,0.19184154463843342,0.9324078071021978
0.482637632727747,0.34147448862432905,0.17588787864792385,0.8935189015428212
0.36548555847738934,0.3913175083667925,0.2431969331558182,0.899074459479875
0.44562272625390886,0.42000989531246125,0.13436737843362995,0.8972226068341903
0.3764838499356393,0.46511419345058586,0.1584019566137748,0.9398152176849363
0.4496779981751304,0.4396572145185048,0.11066478730636475,0.8750003750859752
0.4656828936957762,0.34852434849859343,0.18579275780563034,0.917592985936721
0.4302616570293297,0.38292449199793216,0.18681385097273814,0.9490744809133592
0.3308653107708952,0.4018334577009869,0.2673012315281179,0.8194447957154369
0.4598357009272983,0.3643188630561401,0.17584543601656166,0.908333722708298
0.4069548942486057,0.45132379354146607,0.14172131220992815,0.9194448385824056
0.36292794479150253,0.4294901625202585,0.2075818926882389,0.9490744809133592
0.36396893863351015,0.48083645335794856,0.1551946080085413,0.9212966912280902
0.37119519129231554,0.37468282029929545,0.25412198840838895,0.8879633436057673
0.43875180268913017,0.3978271839444677,0.16342101336640213,0.9212966912280902
0.4776079602870328,0.3361429735545662,0.186249066158401,0.9064818700626134
0.3418894566215458,0.4606632693076795,0.19744727407077473,0.9324078071021978
0.36551667709748625,0.36748252437631856,0.2670007985261952,0.856481848629129
0.3623019534971907,0.3912494134923062,0.2464486330105031,0.8953707541885056
0.4226407928441942,0.3217675423454095,0.25559166481039647,0.8935189015428212
0.31784733882553434,0.39121032440619535,0.29094233676827025,0.782407742801745
0.4079305591861479,0.4075730171835234,0.18449642363032862,0.9768522705986283
0.40025789044260707,0.36729066496891444,0.23245144458847844,0.9324078071021978
0.4541340273749116,0.4122817364916178,0.13358423613347054,0.8898151962514519
0.5018871954800672,0.36403295424265325,0.1340798502772796,0.8694448171489213
0.3726095604358859,0.48355492521265087,0.14383551435146316,0.917592985936721
0.3882932493215821,0.4265010798391009,0.18520567083931694,0.9842596811813666
0.37031250629933177,0.407710123627161,0.22197737007350724,0.9324078071021978
0.35436891683864,0.35091588414485725,0.2947151990165028,0.8194447957154369
0.3287575640026167,0.5187192190993267,0.15252321689805662,0.8972226068341903
0.4679370586689887,0.35226142050312914,0.17980152082788217,0.9120374279996671
0.43169129755344104,0.40832773523964927,0.1599809672069096,0.9231485438737749
0.42549928781800667,0.4621432968478195,0.11235741533417377,0.8712966697946058
0.36848607705246667,0.4774488728758483,0.15406505007168503,0.9250003965194594
0.44985092369453894,0.3562594378979262,0.1938896384075348,0.9379633650392516
0.38917698190374134,0.4695978720405233,0.1412251460557353,0.9138892806453518
0.3363382763686841,0.3425268165703235,0.32113490706099235,0.7694447742819527
0.37166806618573633,0.4998037688283593,0.1285281649859044,0.8972226068341903
0.35098053384369726,0.438436663461817,0.21058280269448587,0.9379633650392516
0.39695120172353815,0.3958590984582615,0.20718969981820018,0.9842596811813666
0.4278442613025746,0.39789630591786673,0.17425943277955874,0.9416670703306208
0.43472332573939415,0.373580223298136,0.1916964509624698,0.9509263335590439
0.3666340017732041,0.3274274745696279,0.305938523657168,0.8064818271956448
0.4149508358264911,0.44443031857324206,0.14061884560026683,0.9101855753539825
0.44953414169100436,0.2938574672759737,0.2566083910330218,0.8731485224402905
0.3120416660772271,0.4540110018074091,0.23394733211536373,0.8361114695265984
0.3664136672210655,0.45471104015205954,0.178875292626875,0.9546300388504131
0.33965880099922935,0.47747657802148896,0.18286462097928177,0.9379633650392516
0.42649565146935386,0.3751293161504612,0.19837503238018506,0.9583337441417822
0.4170719729943663,0.3276493706937577,0.2552786563118759,0.899074459479875
0.5130123201008563,0.34494960052473994,0.1420380793744038,0.8620374065661829
0.4963800195468041,0.39765480720804697,0.10596517324514883,0.8509262906920753
0.3430577892155771,0.4056707801579981,0.25127143062642476,0.8546299959834445
0.35006015719090916,0.34516364157935964,0.30477620122973115,0.810185532487014
0.40126601053446614,0.3725021128268064,0.22623187663872749,0.9490744809133592
0.3812633406729853,0.44641337379037793,0.17232328553663673,0.9601855967874668
0.35646288420174077,0.45557194294970016,0.18796517284855913,0.9546300388504131
0.43134957134791296,0.3215047963536149,0.2471456322984721,0.899074459479875
0.44453613086381893,0.3182607846051494,0.23720308453103148,0.9120374279996671
0.36468125592996065,0.4560744820863314,0.17924426198370805,0.9546300388504131
0.4543978647930348,0.39824636208413966,0.14735577312282558,0.9027781647712442
0.3482077931317597,0.39453326042668263,0.2572589464415578,0.847222585400706
0.4147084783049705,0.43116973878461956,0.15412178291040998,0.936111512393567
0.4091032067922318,0.3188683681971667,0.27202842501060154,0.8712966697946058
0.5073403971765769,0.38854565497704346,0.10411394784637969,0.847222585400706
0.3383983936474766,0.43622879899006484,0.2253728073624586,0.8935189015428212
0.4312347920351495,0.33058589533107685,0.2381793126337736,0.9212966912280902
0.4327254693995464,0.36050457928035107,0.20676995132010254,0.9490744809133592
0.3307090982185038,0.39199970448950294,0.27729119729199325,0.8120373851326986
0.35903331495676705,0.4372195289907551,0.20374715605247778,0.94537077562199
0.3540256640269259,0.43547204975637105,0.210502286216703,0.9379633650392516
0.4281059097101658,0.36519449453131425,0.20669959575851984,0.9527781862047284
0.3847785687820432,0.3911411391217743,0.2240802920961824,0.9472226282676747
0.353536659526782,0.4749793033018658,0.1714840371713523,0.9398152176849363
0.4111033268360803,0.36966074361834167,0.21923592954557813,0.9583337441417822
0.33640656773420036,0.4667151929603442,0.19687823930545548,0.9287041018108285
0.48603870464571897,0.38882813596243854,0.12513315939184252,0.8694448171489213
0.46678584537758977,0.32377839204815506,0.20943576257425514,0.9212966912280902
0.3194208565579727,0.4014221066131938,0.2791570368288334,0.7953707113215371
0.371364793256724,0.43811646691129064,0.1905187398319852,0.963889302078836
0.34315015729880904,0.41786926356301257,0.23898057913817833,0.8731485224402905
0.4458302417191672,0.35034778795742794,0.20382197032340485,0.9416670703306208
0.37056905180814353,0.417864449035512,0.2115664991563444,0.9509263335590439
0.41324367824124103,0.4246554175597966,0.16210090419896253,0.9472226282676747
0.3332862199901152,0.5186429268822165,0.14807085312766832,0.9027781647712442
0.46672112901749674,0.33542682980560523,0.1978520411768981,0.9287041018108285
0.4961652904913971,0.31947758976826063,0.1843571197403422,0.899074459479875
0.32377042682737595,0.4308975069750139,0.24533206619761025,0.8416670274636522
0.3908432325960142,0.355640782020942,0.2535159853830438,0.899074459479875
0.4044354686265452,0.47837232399263235,0.11719220738082244,0.8861114909600827
0.3604033569020626,0.48241475516737026,0.1571818879305672,0.9250003965194594
0.5090156440041965,0.3365080130860002,0.15447634290980322,0.8694448171489213
0.44343153997454465,0.3430723407921755,0.2134961192332797,0.936111512393567
0.3352828194438015,0.4204066515888591,0.24431052896733943,0.8546299959834445
0.34582595781277103,0.4438707330126825,0.2103033091745465,0.9287041018108285
0.3760551683126612,0.4096012025779161,0.2143436291094226,0.9601855967874668
0.3775270197762908,0.4312925004824789,0.1911804797412303,0.9712967126615745
0.369498223865052,0.43951557146185743,0.19098620467309066,0.963889302078836
0.47387575588595887,0.34830723267835006,0.17781701143569112,0.9064818700626134
0.42508415442937664,0.3803012939327351,0.19461455163788838,0.9620374494331515
0.3678570321896778,0.4496202788529867,0.1825226889573354,0.9583337441417822
0.43908171712355404,0.3176907499634949,0.24322753291295118,0.9064818700626134
0.4300275437678396,0.36376826118452815,0.20620419504763218,0.9546300388504131
0.4346965671135313,0.4426516278587221,0.12265180502774659,0.8842596383143981
0.4362443568421165,0.4352127882168373,0.12854285494104634,0.8916670488971365
0.39332379083013935,0.4414212572511768,0.16525495191868386,0.9527781862047284
0.4272117925334457,0.405787554304155,0.16700065316239932,0.936111512393567
0.31528836418240785,0.4244660089208281,0.260245626896764,0.810185532487014
0.4945410340900115,0.34341407341018926,0.16204489249979917,0.8787040803773444
0.32054121621266457,0.42284328871973886,0.2566154950675966,0.8212966483611216
0.32183095355107233,0.4672539522231042,0.2109150942258235,0.8842596383143981
0.41753047923826764,0.47118730562801664,0.11128221513371589,0.8675929645032366
0.4880253413106664,0.3304894985313874,0.1814851601579463,0.8972226068341903
0.40794801183055684,0.417457887959262,0.17459410021018112,0.9620374494331515
0.37162390127845313,0.39186214102315786,0.236513957698389,0.917592985936721
0.33005464889901576,0.4702089808467884,0.19973637025419586,0.917592985936721
0.39941223674667115,0.3939402620364178,0.20664750121691108,0.9861115338270514
0.4111794449394226,0.3444424857597576,0.24437806930081976,0.917592985936721
0.32210040742048995,0.4263520280739147,0.2515475645055954,0.8324077642352292
0.40724803976589996,0.39375366716420895,0.19899829306989109,0.9879633864727358
0.4450499920596598,0.4376447367924379,0.11730527114790226,0.8787040803773444
0.4681862714175874,0.3815657667664596,0.15024796181595299,0.8935189015428212
0.42240673856038885,0.34437974469171106,0.23321351674790003,0.926852249165144
0.4136733764435971,0.35280381423015644,0.23352280932624647,0.9379633650392516
0.3455709489477079,0.4868348218459782,0.16759422920631392,0.9324078071021978
0.45019533783307375,0.3675953552734086,0.18220930689351766,0.9287041018108285
0.44909123758989494,0.3251005177586732,0.2258082446514317,0.9250003965194594
0.40915868791989873,0.36894581377431845,0.2218954983057828,0.9546300388504131
0.33842861285171427,0.3682462341524036,0.2933251529958822,0.8027781219042757
0.4014016936938879,0.38771087228401657,0.21088743402209556,0.9787041232443129
0.40356743709842263,0.3256360781390234,0.27079648476255397,0.8675929645032366
0.39247061753787776,0.35537847452415766,0.2521509079379644,0.9009263121255595
0.3669913529682442,0.3586292505674364,0.27437939646431936,0.8453707327550215
0.4647230521996701,0.4076676536702875,0.1276092941300424,0.8861114909600827
0.3605863372167773,0.45333758167036653,0.18607608111285615,0.9583337441417822
0.38352728397297053,0.40215509167266544,0.21431762435436405,0.9601855967874668
0.37418644584583666,0.4561250183994786,0.1696885357546848,0.9583337441417822
0.4079819895613751,0.37526049880996354,0.21675751162866147,0.9675930073702053
0.49567540336171273,0.35862351180620805,0.14570108483207922,0.8768522277316597
0.4677153142742269,0.2887933335785708,0.24349135214720244,0.8935189015428212
0.38130613924327483,0.3218750782174469,0.29681878253927824,0.82870405894386
0.3671819971266676,0.4594760705923137,0.1733419322810186,0.9564818914960976
0.41954715069328247,0.41545396947128943,0.16499887983542816,0.9379633650392516
0.32617952077087503,0.46923968511337744,0.2045807941157475,0.9064818700626134
0.3550709691622396,0.369613126741827,0.2753159040959334,0.8342596168809139
0.4010493143399215,0.3685968536690543,0.23035383199102424,0.936111512393567
0.37795400182493716,0.3907199561981247,0.23132604197693818,0.926852249165144
0.4242175170092365,0.39586622390309517,0.1799162590876684,0.9509263335590439
0.43296016931468967,0.4042160874140283,0.16282374327128202,0.9287041018108285
0.4845075251027582,0.3849364038516333,0.13055607104560857,0.8750003750859752
0.4336274885658369,0.44545859184170306,0.12091391959246013,0.8824077856687135
0.44054324546709744,0.3538352883804279,0.20562146615247465,0.9416670703306208
0.33931465356868534,0.3610954647939361,0.2995898816373785,0.800926269258591
0.34809911428594625,0.40448937850441585,0.24741150720963778,0.8583337012748137
0.37221176297431896,0.3576846657726343,0.2701035712530467,0.8601855539204983
0.42182095045025797,0.3595306096102832,0.21864843993945876,0.9509263335590439
0.4378411073611251,0.35601861146784225,0.20614028117103264,0.9416670703306208
0.4626937939989103,0.4339485647359666,0.10335764126512295,0.8620374065661829
0.4358421294072895,0.39022680742992455,0.17393106316278595,0.9342596597478824
0.5159577027919595,0.32965096634293584,0.15439133086510468,0.8694448171489213
0.36479170386096077,0.42674338318871247,0.20846491295032674,0.9509263335590439
0.41712570144582367,0.4040098072321045,0.17886449132207183,0.963889302078836
0.3835301216892605,0.3392209646386108,0.2772489136721288,0.8509262906920753
0.4132775935650004,0.32803445956824107,0.25868794686675867,0.899074459479875
0.38405558868437495,0.4522304127414001,0.16371399857422497,0.9490744809133592
0.35882478500790876,0.39372550915463234,0.24744970583745873,0.8842596383143981
0.38619087665533497,0.40235880565655463,0.21145031768811032,0.9712967126615745
0.44794716728295714,0.44318786736526994,0.10886496535177294,0.8712966697946058
0.38542923111062466,0.47129941236135714,0.14327135652801806,0.9157411332910363
0.3986130107630437,0.3560222518544183,0.24536473738253806,0.9120374279996671
0.42076920279225827,0.42888370580278157,0.15034709140496016,0.9250003965194594
0.41378262224483187,0.46449582586892946,0.12172155188623872,0.8935189015428212
0.4557268593175434,0.39729880632660636,0.14697433435585022,0.9009263121255595
0.4070826571760072,0.33716719542694273,0.2557501473970501,0.899074459479875
0.41879247525831603,0.4328091438128291,0.14839838092885485,0.9194448385824056
0.4354604292432127,0.36709989039431107,0.19743968036247608,0.9546300388504131
0.4429004382650917,0.40888415682474055,0.1482154049101678,0.9064818700626134
0.5015865162625506,0.3635016612936344,0.13491182244381505,0.8712966697946058
0.4676808524216462,0.36160086364456717,0.17071828393378666,0.9009263121255595
0.3847977214215346,0.3797567406584351,0.2354455379200303,0.9212966912280902
0.3873545038934646,0.3911788050628985,0.22146669104363703,0.9490744809133592
0.3937260838789306,0.4002538570662669,0.20602005905480253,0.9879633864727358
0.32238966519515655,0.4432282454153594,0.23438208938948416,0.8546299959834445
0.4483275764579083,0.4054891286449743,0.14618329489711746,0.9027781647712442
0.3971278297249486,0.36757836677612316,0.23529380349892826,0.9305559544565132
0.4440372520784056,0.4212054427028473,0.1347573052187471,0.8972226068341903
0.3640317984754055,0.3848457992730873,0.25112240225150717,0.8879633436057673
0.40623254708255385,0.41849299595961986,0.17527445695782629,0.9657411547245207
0.45044359474486556,0.3308724918832514,0.21868391337188303,0.926852249165144
0.3632166637641267,0.4012323718313718,0.2355509644045015,0.908333722708298
0.4600156322539285,0.40639448236545883,0.13358988538061262,0.8879633436057673
0.41807642299733627,0.41428342309936755,0.1676401539032962,0.94537077562199
0.3515889470848989,0.3478967439123515,0.3005143090027495,0.8138892377783832
0.4032173177300175,0.36334552867325015,0.23343715359673228,0.9305559544565132
0.44221929262223925,0.40848078785594505,0.14929991952181565,0.908333722708298
0.37452765212115563,0.40236627165733196,0.2231060762215125,0.9398152176849363
0.36674654278886865,0.4013252221617257,0.23192823504940563,0.9120374279996671
0.4036485329201266,0.3747029646544389,0.2216485024254346,0.9583337441417822
0.4360934101025114,0.2832376678405812,0.2806689220569074,0.847222585400706
0.33489273745920095,0.3920758916177226,0.2730313709230766,0.8194447957154369
0.39798664489615837,0.4560693762550576,0.14594397884878407,0.9231485438737749
0.42721931508549593,0.3780874947902151,0.19469319012428904,0.9583337441417822
0.31962481035125956,0.42535065983960185,0.2550245298091386,0.8231485010068061
0.36762346750253655,0.5067657386139244,0.12561079388353905,0.8916670488971365
0.3325773024455247,0.3489089020992645,0.3185137954552108,0.7601855110535296
0.5088881514931527,0.35316181355937465,0.13795003494747254,0.8638892592118675
0.3606738528169716,0.4176618475080001,0.2216642996750283,0.9231485438737749
0.3595815276272207,0.47133071901456736,0.16908775335821197,0.9416670703306208
0.4391733808895543,0.39105030873123536,0.1697763103792103,0.9287041018108285
0.4241906728394093,0.4293779691428658,0.14643135801772486,0.9120374279996671
0.37238088939796016,0.493067334667885,0.13455177593415485,0.9027781647712442
0.32145441061305374,0.4073141602307465,0.27123142915619985,0.8064818271956448
0.3968395542897322,0.4226697789614436,0.18049066674882414,0.9842596811813666
0.3221293719456591,0.42050054566479217,0.2573700823895488,0.8231485010068061
0.42170768977661693,0.44270384701750665,0.13558846320587645,0.899074459479875
0.37048910785963,0.4223523540871215,0.20715853805324852,0.9601855967874668
0.4555811304373233,0.28689650980156356,0.25752235976111326,0.8731485224402905
0.4130910185139586,0.3238654976685313,0.26304348381751014,0.8916670488971365
0.32168777034453033,0.42988639289485175,0.24842583676061802,0.8324077642352292
0.45691111806058265,0.4176109762353897,0.12547790570402773,0.8898151962514519
0.3921979556697472,0.3583867251694596,0.2494153191607933,0.9046300174169287
0.4356318886636483,0.46504853504467003,0.09931957629168157,0.8583337012748137
0.38250034443107966,0.40392848981673746,0.2135711657521827,0.9601855967874668
0.4367779241946285,0.42367203544518567,0.13955004036018587,0.9009263121255595
0.37051738298742853,0.3706788055297101,0.25880381148286136,0.8842596383143981
0.3909964545596909,0.37737227069064205,0.23163127474966713,0.9342596597478824
0.3834153935872599,0.40174284435056545,0.2148417620621745,0.9601855967874668
0.35561350534706143,0.3940491969440553,0.2503372977088832,0.8712966697946058
0.45478654246723654,0.39220445262305725,0.15300900490970623,0.9009263121255595
0.34649732946917144,0.5123551467610823,0.1411475237697463,0.9046300174169287
0.37892285780599505,0.3906647337137703,0.23041240848023462,0.926852249165144
0.41007921027854705,0.4698675802296161,0.12005320949183675,0.8935189015428212
0.3641024990252606,0.44824209372335533,0.18765540725138397,0.9620374494331515
0.3773858331257931,0.32930715931027726,0.2933070075639296,0.82870405894386
0.5005886139012788,0.3703607545525125,0.1290506315462086,0.8638892592118675
0.4440427057643646,0.3913469271459049,0.1646103670897305,0.9157411332910363
0.3837088596491852,0.39322445873466794,0.22306668161614676,0.9472226282676747
0.447606275609144,0.43674480275274014,0.11564892163811591,0.8787040803773444
0.463701191848665,0.40193011075143426,0.13436869739990065,0.8879633436057673
0.3826234583851087,0.3818847289614192,0.23549181265347222,0.9212966912280902
0.4226911941044899,0.4447204341699625,0.1325883717255476,0.899074459479875
0.43405390132310395,0.4304919111474814,0.13545418752941454,0.8972226068341903
0.3279597962298525,0.5087156810987289,0.16332452267141861,0.899074459479875
0.5393239749249348,0.3421547280703088,0.11852129700475648,0.8398151748179676
0.40165502474804743,0.35524374678871445,0.2431012284632381,0.917592985936721
0.47973028275701474,0.3663733432499207,0.15389637399306447,0.8861114909600827
0.38801839457813153,0.34641330242940416,0.26556830299246426,0.8787040803773444
0.42637657363860904,0.3545809579964038,0.21904246836498714,0.9435189229763054
0.4017891801599917,0.41141166478665747,0.1867991550533509,0.9842596811813666
0.38614959582406955,0.3968010832456602,0.21704932093027035,0.9546300388504131
0.39394405838686963,0.3807062961432009,0.22534964546992942,0.9435189229763054
0.41554846791112676,0.4663302059991439,0.11812132608972932,0.8898151962514519
0.30522666624186295,0.43231097363714915,0.26246236012098784,0.7916670060301679
0.39244292153025323,0.36436296555010694,0.24319411291963983,0.9157411332910363
0.3412744706120755,0.4096327280726108,0.24909280131531375,0.856481848629129
0.48363770363364716,0.37290530852722803,0.1434569878391248,0.8805559330230288
0.3807697987280527,0.36308859335440574,0.2561416079175415,0.8916670488971365
0.34711077955400965,0.3813240287476451,0.2715651916983453,0.82870405894386
0.3706765792794864,0.4231475710399961,0.2061758496805175,0.9601855967874668
0.4128490899293597,0.3225103902951046,0.2646405197755356,0.8879633436057673
0.36522576486454056,0.4532680151115851,0.18150622002387426,0.9583337441417822
0.45274545680530287,0.4187682726046473,0.12848627059004983,0.8916670488971365
0.44849672755376135,0.35469914342943565,0.19680412901680297,0.9379633650392516
0.46017357542339987,0.3911045672310202,0.14872185734557986,0.899074459479875
0.427422326291493,0.4597543560545414,0.11282331765396551,0.8750003750859752
0.35578176756010554,0.52864989516215,0.1155683372777444,0.8712966697946058
0.46259476463729376,0.28092976114631196,0.2564754742163943,0.8712966697946058
0.356977167242937,0.4816623769866128,0.16136045577045027,0.9287041018108285
0.4812297859363321,0.35294829139221573,0.1658219226714521,0.8935189015428212
0.39677953196878063,0.354025744562796,0.24919472346842336,0.908333722708298
0.36755490176489475,0.45160622957990426,0.1808388686552011,0.9583337441417822
0.4298117185804399,0.4264460530132294,0.14374222840633072,0.908333722708298
0.4382493117424882,0.43121206338051654,0.13053862487699514,0.8916670488971365
0.4220150963779425,0.31243170836755807,0.26555319525449944,0.8861114909600827
0.40393527867991263,0.37891316111998175,0.21715156020010565,0.9694448600158899
0.3516582179669902,0.3987274658575955,0.24961431617541427,0.8638892592118675
0.40839546112122255,0.3285805109004289,0.26302402797834856,0.8916670488971365
0.42825185459460174,0.40393128201925493,0.16781686338614332,0.936111512393567
0.3927742601297174,0.36066048352221036,0.24656525634807208,0.9101855753539825
0.37404592776075335,0.43497870381183856,0.190975368427408,0.9657411547245207
0.3377514121212035,0.45682665468491385,0.2054219331938827,0.917592985936721
0.36408215648584885,0.45296034339805685,0.18295750011609416,0.9564818914960976
0.4243923515740453,0.35359302377830254,0.2220146246476523,0.9416670703306208
0.3207235605983235,0.38112559051736455,0.2981508488843119,0.7750003322190064
0.48638431675693294,0.3497435830698468,0.1638721001732202,0.8916670488971365
0.3493897787358055,0.4105963801089762,0.24001384115521826,0.8842596383143981
0.40384870310277104,0.36082481881349354,0.23532647808373539,0.9305559544565132
0.4187914294271724,0.3510789106606595,0.2301296599121681,0.936111512393567
0.4210685443106487,0.3937148610558951,0.18521659463345616,0.9620374494331515
0.3899234562801749,0.4414620120439524,0.16861453167587273,0.963889302078836
0.3228788229898571,0.436743147616871,0.24037802939327188,0.8490744380463907
0.38772468333902754,0.4176566137437594,0.19461870291721295,0.9916670917641051
0.32908019052976245,0.4904625376374834,0.18045727183275403,0.9194448385824056
0.4646069454184964,0.33043279872394626,0.20496025585755723,0.9287041018108285
0.31298652932361776,0.4650186794617889,0.22199479121459337,0.8620374065661829
0.4843711569359228,0.35360017049844755,0.1620286725656297,0.8861114909600827
0.35057706213501744,0.3983611934816472,0.25106174438333534,0.8583337012748137
0.3952465934591602,0.40403914662303386,0.20071425991780606,0.9972226497011588
0.4267632293682772,0.41989823010183314,0.1533385405298896,0.9250003965194594
0.45594777755226207,0.410802445371838,0.1332497770758998,0.8898151962514519
0.3168745576971668,0.4483367525128972,0.234788689789936,0.837963322172283
0.44724364120036236,0.39493989539327234,0.1578164634063653,0.908333722708298
0.4444679200772595,0.41180462666162254,0.143727453261118,0.9009263121255595
0.434446417292881,0.418043793099908,0.147509789607211,0.9138892806453518
0.45614444382325475,0.39917840559973167,0.14467715057701355,0.899074459479875
0.4185729832216179,0.3328438672614068,0.24858314951697524,0.9064818700626134
0.4946438648956166,0.3124950296234215,0.19286110548096194,0.9009263121255595
0.3934469976401243,0.3912060748946098,0.2153469274652659,0.973148565307259
0.37751412635758086,0.3989233235679027,0.22356255007451634,0.9435189229763054
0.43215715786988745,0.31924276586340306,0.24860007626670944,0.8972226068341903
0.32592674578486974,0.4585032743887017,0.21556997982642856,0.8898151962514519
0.4048950565961883,0.43580154510958036,0.15930339829423135,0.9416670703306208
0.4433463194574085,0.40320933894279704,0.15344434159979442,0.9120374279996671
0.35406195507977145,0.4336219559920355,0.21231608892819295,0.936111512393567
0.3169550528115031,0.46521929042227206,0.21782565676622487,0.8731485224402905
0.4637684593875893,0.4089892882383702,0.12724225237404035,0.8861114909600827
0.42441973613989215,0.4619882814200996,0.11359198244000823,0.8768522277316597
0.38883956246285095,0.4182269833532917,0.19293345418385738,0.9879633864727358
0.4236096234469802,0.4363189827354767,0.14007139381754308,0.9027781647712442
0.42918528158854563,0.4139298287995022,0.15688488961195216,0.926852249165144
0.38002985315708276,0.3960951282163773,0.22387501862653988,0.94537077562199
0.3550080858355179,0.4028394608220969,0.2421524533423853,0.8898151962514519
0.44291064226352783,0.3745321435754473,0.18255721416102488,0.9324078071021978
0.3690632708925475,0.41215327351470776,0.2187834555927447,0.936111512393567
0.429514715036587,0.3895403896142193,0.18094489534919383,0.9472226282676747
0.4400913980628644,0.2846948513052949,0.2752137506318407,0.8620374065661829
0.44320068783296296,0.44663311347958523,0.11016619868745176,0.8731485224402905
0.4483583065651383,0.42264514701451794,0.12899654642034364,0.8935189015428212
0.3407139497979392,0.4580704185574741,0.20121563164458656,0.9287041018108285
0.40709083191312473,0.33459754423731425,0.25831162384956113,0.8953707541885056
0.4135133978077524,0.39684273930328645,0.189643862888961,0.9768522705986283
0.4062187435114722,0.439721176906712,0.1540600795818158,0.9342596597478824
0.4570579686726583,0.3910687720490958,0.15187325927824588,0.9009263121255595
0.3965197281921265,0.4689228877074949,0.13455738410037862,0.9101855753539825
0.3744566023919429,0.4552180684361665,0.17032532917189055,0.9583337441417822
0.442086432858739,0.3144169410174891,0.24349662612377182,0.9027781647712442
0.350143546446582,0.3376950059819719,0.31216144757144604,0.7990744166129063
0.44608785748257923,0.3968970969410889,0.15701504557633197,0.9120374279996671
0.3768386570721779,0.3576336951599154,0.26552764776790677,0.8694448171489213
0.44653234944464043,0.38392050500848,0.16954714554687944,0.9231485438737749
0.4169758814935187,0.4570450543643656,0.12597906414211565,0.8935189015428212
0.45973319980793964,0.39609709655963377,0.1441697036324267,0.8972226068341903
0.34149913885460814,0.39977980229695514,0.25872105884843666,0.8416670274636522
0.45090827256456645,0.41683873106112873,0.13225299637430482,0.8916670488971365
0.41533398853599185,0.3588107365373481,0.22585527492666002,0.9435189229763054
0.5160133253658392,0.3356466076836116,0.14834006695054916,0.865741111857552
0.3453379324793868,0.43206545587157147,0.22259661164904168,0.9101855753539825
0.4189791262819789,0.3203564727070335,0.2606644010109875,0.8972226068341903
0.3552843573473178,0.34423239615047935,0.3004832465022028,0.8120373851326986
0.5241026453788806,0.34344418024710105,0.13245317437401835,0.8546299959834445
0.39852708407382886,0.4170692005730182,0.18440371535315297,0.9842596811813666
0.41749021372041745,0.36640985974686985,0.21609992653271268,0.9620374494331515
0.40582283573885,0.36284218740453933,0.23133497685661078,0.9416670703306208
0.42156749853152603,0.364992322775207,0.21344017869326706,0.9564818914960976
0.34828171800944524,0.3979408923056594,0.2537773896848953,0.8527781433377598
0.4002857164200908,0.4740883199840694,0.12562596359583977,0.8953707541885056
0.485709680148578,0.39922381690003184,0.1150665029513901,0.8638892592118675
0.4056585570665827,0.45952075612607807,0.1348206868073393,0.9064818700626134
0.44627435456723585,0.29045574233805066,0.26326990309471354,0.8712966697946058
0.4479132842651235,0.37131913308065134,0.1807675826542252,0.926852249165144
0.40639109531115886,0.3811208378066188,0.21248806688222224,0.973148565307259
0.3520065162156401,0.3703876795601532,0.27760580422420666,0.8268522062981755
0.3874495887584754,0.4335507761497136,0.17899963509181102,0.9768522705986283
0.42564725859696806,0.42544076223267596,0.1489119791703558,0.9194448385824056
0.39335391141681086,0.3759526974200972,0.230693391163092,0.9342596597478824
0.355840007401628,0.4635142372001661,0.1806457553982058,0.9490744809133592
0.3418010358071241,0.4653360007813048,0.1928629634115712,0.9324078071021978
0.45855948977877764,0.3485697039526282,0.19287080626859424,0.926852249165144
0.4544661085871078,0.3885116533054019,0.15702223810749036,0.9027781647712442
0.4003087779836013,0.4539321708022213,0.14575905121417732,0.9250003965194594
0.39038887620964247,0.47869805906353735,0.13091306472682016,0.9009263121255595
0.4025637216039136,0.38348748840172125,0.2139487899943651,0.9712967126615745
0.3817491842312837,0.37404906454653103,0.2442017512221853,0.9101855753539825
0.39680670940568497,0.44401787417219934,0.1591754164221157,0.9379633650392516
0.3071863174694747,0.5030599940283721,0.18975368850215318,0.8805559330230288
0.47514540112274317,0.31562650028164285,0.209228098595614,0.9157411332910363
0.3224747452341817,0.434157756922388,0.24336749784343034,0.8453707327550215
0.34170464310587906,0.5111062688203496,0.14718908807377135,0.9046300174169287
0.35328117258602837,0.41558777874225566,0.2311310486717159,0.9046300174169287
0.5008552459416384,0.3756772824026396,0.1234674716557219,0.8620374065661829
0.3388845164852684,0.4015387809072932,0.25957670260743837,0.8398151748179676
0.3561383186532154,0.4661160852219233,0.17774559612486135,0.9472226282676747
0.3704543070539032,0.4349830725492589,0.19456262039683786,0.9657411547245207
0.43972560550130235,0.314939136697853,0.24533525780084472,0.9027781647712442
0.3543452075695901,0.3837529390641011,0.26190185336630895,0.8527781433377598
0.47720822335064994,0.3551675310614805,0.16762424558786954,0.8972226068341903
0.4026049827998242,0.338265535264323,0.25912948193585267,0.8935189015428212
0.4656459737840591,0.336959497490509,0.19739452872543187,0.9287041018108285
0.4336917482905102,0.3502835107828204,0.21602474092666926,0.9435189229763054
0.35954850885115974,0.4890784944244628,0.1513729967243774,0.917592985936721
0.46915806178172664,0.3735112427377437,0.15733069548052964,0.8916670488971365
0.48894405114912937,0.32378028434740064,0.18727566450347002,0.9027781647712442
0.3690875441423166,0.35227076987965894,0.27864168597802447,0.8416670274636522
0.44754169126030374,0.31094761606792365,0.24151069267177264,0.9046300174169287
0.3868070141766055,0.45808362786240603,0.15510935796098851,0.9342596597478824
0.4095509795192347,0.3950565494415013,0.19539247103926408,0.9787041232443129
0.39778899002486473,0.3468527956602349,0.2553582143149003,0.8972226068341903
0.37738620512373316,0.47547429642638656,0.14713949844988017,0.9231485438737749
0.3771858130797436,0.42176449634996804,0.2010496905702884,0.9694448600158899
0.42657450748231523,0.41869665903634856,0.15472883348133626,0.9250003965194594
0.43826437276172375,0.3456369042880527,0.2160987229502236,0.9398152176849363
0.34593099412375633,0.4485484578855364,0.20552054799070724,0.9342596597478824
0.36905379657083826,0.3415508256459092,0.28939537778325236,0.82870405894386
0.4100975319752978,0.4027525534412352,0.18714991458346703,0.9787041232443129
0.4047462706978865,0.40608376306237204,0.18916996623974153,0.9842596811813666
0.4276067948222642,0.3079280824976972,0.26446512268003863,0.8805559330230288
0.4260199833158357,0.4152164697025084,0.15876354698165587,0.9287041018108285
0.3970924061159735,0.43690387018678334,0.16600372369724326,0.9509263335590439
0.4894353472917472,0.38208770536570746,0.12847694734254542,0.8694448171489213
0.358934508497827,0.39783563719529896,0.24322985430687408,0.8898151962514519
0.40640708584559093,0.4343835120487551,0.15920940210565393,0.9416670703306208
0.41419427367040573,0.47983010104044527,0.10597562528914886,0.8601855539204983
0.4588677422959713,0.3965232576465497,0.14460900005747895,0.8972226068341903
0.46582928489899394,0.37635275952653086,0.15781795557447525,0.8935189015428212
0.35334496595258763,0.3665740566478951,0.28008097739951726,0.82870405894386
0.40200781971663735,0.45882473392401557,0.1391674463593471,0.917592985936721
0.39204450256098355,0.3642213851544923,0.2437341122845242,0.9120374279996671
0.45410000736387934,0.3989636872126052,0.14693630542351543,0.9027781647712442
0.4593854684259008,0.4409980717675474,0.09961645980655187,0.8620374065661829
0.4860144699631184,0.37770166348960943,0.1362838665472722,0.8787040803773444
0.37368259390320635,0.4261199479680304,0.2001974581287633,0.9657411547245207
0.3787338321114572,0.3540332884682034,0.2672328794203394,0.8694448171489213
0.44755250516375433,0.40939212187211044,0.14305537296413512,0.9009263121255595
0.42564933849615305,0.4190277331640702,0.1553229283397768,0.9250003965194594
0.38255150921811815,0.3926349607185212,0.2248135300633606,0.94537077562199
0.45394086453076177,0.37318059952216276,0.1728785359470754,0.9101855753539825
0.4598872724310306,0.38988391652019266,0.15022881104877675,0.899074459479875
0.44261022815721196,0.4184641969117527,0.13892557493103536,0.8972226068341903
0.4312675637865107,0.43551936544577674,0.13321307076771255,0.8935189015428212
0.34656207054806737,0.4958502410278488,0.15758768842408385,0.9212966912280902
0.45255921395338816,0.3738515646391868,0.1735892214074249,0.9157411332910363
0.4322655510596212,0.434432469887593,0.13330197905278576,0.8935189015428212
0.4539481602009898,0.40408188306585147,0.14196995673315865,0.899074459479875
0.43800212339869254,0.3788481838377603,0.18314969276354715,0.936111512393567
0.38318457591720245,0.3957987497621628,0.22101667432063477,0.9490744809133592
0.34796960415539213,0.38703765793522954,0.26499273790937833,0.8398151748179676
0.3395871276000712,0.44942820291836055,0.21098466948156833,0.9138892806453518
0.44486962627630705,0.3081240750913703,0.24700629863232265,0.8916670488971365
0.3665721098061313,0.501059032533716,0.1323688576601527,0.9009263121255595
0.3846635692039503,0.43741325434106954,0.1779231764549802,0.973148565307259
0.3658320162941928,0.4621695649564341,0.17199841874937294,0.9509263335590439
0.42074526293751713,0.3108568371261336,0.26839789993634927,0.8861114909600827
0.47022763844365306,0.41678437445512356,0.11298798710122329,0.8712966697946058
0.5094759231105656,0.3684439601192311,0.12208011677020329,0.8583337012748137
0.4705574974765433,0.37558725222744255,0.15385525029601405,0.8935189015428212
0.4763480667010296,0.34370985223478995,0.17994208106418047,0.899074459479875
0.33721242650375655,0.42527449620922125,0.23751307728702215,0.8731485224402905
0.4864919550018317,0.3844455821175101,0.12906246288065817,0.8731485224402905
0.3188822100974477,0.38906810750318266,0.2920496823993697,0.782407742801745
0.42149141947067165,0.43106421119394484,0.14744436933538355,0.9157411332910363
0.38788228957826254,0.4015701075473922,0.21054760287434518,0.973148565307259
0.4739309565679201,0.39871951109783843,0.12734953233424143,0.8805559330230288
0.3532912724026219,0.42693944690482455,0.21976928069255355,0.9212966912280902
0.3795303880593236,0.40792715718240463,0.21254245475827194,0.9620374494331515
0.4144358975735745,0.3630416301354155,0.22252247229100994,0.9490744809133592
0.328144049194018,0.40873490495663883,0.26312104584934315,0.8194447957154369
0.34988186418246403,0.4228687231661348,0.22724941265140108,0.9101855753539825
0.3651239667037872,0.4873329939960613,0.14754303930015147,0.9157411332910363
0.4578902939051376,0.4289558775605502,0.11315382853431222,0.8731485224402905
0.3555604250588531,0.4592021561913144,0.18523741874983254,0.9509263335590439
0.3438106910535159,0.45731676215993267,0.19887254678655136,0.9324078071021978
0.3010632416495177,0.43284853572805265,0.2660882226224296,0.7842595954474295
0.4261337043699576,0.43856469130811443,0.1353016043219281,0.8972226068341903
0.37228455247477665,0.3606646441247623,0.26705080340046106,0.8675929645032366
0.40486728130997596,0.3666483888366926,0.22848432985333156,0.94537077562199
0.43187540513525485,0.38118213369138715,0.18694246117335797,0.9472226282676747
0.36616186477214,0.3559662244031514,0.2778719108247086,0.8398151748179676
0.3839761686870843,0.40651564903984905,0.20950818227306658,0.9712967126615745
0.3762415480960721,0.41826430379499846,0.20549414810892946,0.9657411547245207
0.3659553593964274,0.44972005509578966,0.1843245855077829,0.9583337441417822
0.3586533136332935,0.40841559447957193,0.23293109188713465,0.9101855753539825
0.5090976852578365,0.3769649751288834,0.11393733961328016,0.8509262906920753
0.35583328959293864,0.3593976594487836,0.28476905095827776,0.82870405894386
0.4922314740320892,0.3622506009311199,0.14551792503679098,0.8805559330230288
0.32971665880147494,0.42425902615121464,0.2460243150473104,0.8509262906920753
0.4288713805145946,0.44359200224742673,0.12753661723797857,0.8916670488971365
0.41048564565674545,0.394733353161061,0.19478100118219352,0.9787041232443129
0.4215569020057357,0.3622771631323417,0.2161659348619227,0.9564818914960976
0.4873953206982709,0.37442891835104036,0.13817576095068873,0.8787040803773444
0.4098764225962733,0.4462530223833195,0.14387055502040724,0.9212966912280902
0.4081037127135156,0.42440578682250857,0.16749050046397582,0.9527781862047284
0.4215619486250536,0.3573093411796979,0.22112871019524855,0.9435189229763054
0.4041898902511681,0.44488200489070545,0.15092810485812638,0.9305559544565132
0.4464283055050171,0.3890968462295552,0.16447484826542763,0.9157411332910363
0.39843357968654597,0.4390600533009258,0.16250636701252832,0.9416670703306208
0.3800556786623417,0.4038690623979126,0.21607525893974572,0.9564818914960976
0.3761701399378911,0.36418092108606936,0.2596489389760394,0.8824077856687135
0.3114840024985685,0.42125531460451193,0.2672606828969195,0.7990744166129063
0.3505520223561013,0.41745061969692326,0.2319973579469755,0.9009263121255595
0.43558271160203027,0.39330336280970996,0.17111392558825975,0.9342596597478824
0.43133045313832846,0.4170240502545557,0.1516454966071158,0.917592985936721
0.42530525551279535,0.4170243326158291,0.15767041187137557,0.9287041018108285
0.4658143203589292,0.3470147841853997,0.187170895455671,0.9194448385824056
0.4242630048696492,0.33786421339458295,0.23787278173576776,0.9250003965194594
0.43015651132099997,0.3344421877342209,0.23540130094477915,0.9212966912280902
0.4629197230607779,0.39077229954021636,0.1463079773990057,0.8953707541885056
0.3620866295413984,0.4337645843541667,0.20414878610443501,0.9527781862047284
0.3497728650538473,0.4563685074251864,0.19385862752096628,0.9379633650392516
0.39163244266252806,0.4183217348988493,0.19004582243862278,0.9861115338270514
0.4094667849210914,0.39321745986811657,0.19731575521079203,0.9824078285356821
0.304425617221079,0.43077649906522497,0.264797883713696,0.7879633007387988
0.3733872385513119,0.45351232845189027,0.17310043299679784,0.9601855967874668
0.44059146702201907,0.43416320305183714,0.12524532992614368,0.8861114909600827
0.4438678149974038,0.31389199863129424,0.242240186371302,0.9027781647712442
0.4404149701820905,0.411449447456495,0.14813558236141455,0.9101855753539825
0.3417287706112434,0.44301624235397424,0.21525498703478235,0.9120374279996671
0.42606919677785116,0.42360338911303974,0.15032741410910902,0.9212966912280902
0.44749329046987585,0.4411341459306128,0.11137256359951136,0.8768522277316597
0.40807996903075616,0.3138785560275818,0.27804147494166204,0.8546299959834445
0.3990884063434337,0.3644563799363346,0.23645521372023165,0.926852249165144
0.4048291942259848,0.40782156635385214,0.18734923942016316,0.9842596811813666
0.41508503426258037,0.3948002951722647,0.1901146705651549,0.9750004179529437
0.4667965853563746,0.36682736000420535,0.1663760546394201,0.9009263121255595
0.41088970404517877,0.3618244006269094,0.2272858953279119,0.94537077562199
0.41509144795710307,0.38509900188354945,0.19980955015934748,0.9787041232443129
0.4378010008711027,0.4178790080134256,0.1443199911154718,0.9101855753539825
0.5057941635437303,0.3693136690324984,0.12489216742377136,0.8620374065661829
0.4689948204111874,0.3492665355578766,0.181738644030936,0.9138892806453518
0.3981405321655166,0.4264800952810707,0.17537937255341268,0.973148565307259
0.30792136896668626,0.4272236462046287,0.2648549848286849,0.7953707113215371
0.3775902775806996,0.4786257497983104,0.1437839726209901,0.9194448385824056
0.39711004417647033,0.3591145388762631,0.2437754169472665,0.9157411332910363
0.3625933926010238,0.3991222017904306,0.23828440560854564,0.9027781647712442
0.36474502847913237,0.37935252004302666,0.255902451477841,0.8824077856687135
0.36896832308657107,0.38129409666847325,0.2497375802449557,0.8953707541885056
0.4524886355211538,0.3597381134644238,0.1877732510144224,0.9250003965194594
0.4310232979640408,0.4204115036512253,0.14856519838473378,0.9157411332910363
0.42773205970411127,0.3991314358478629,0.17313650444802586,0.9416670703306208
0.41815547467933056,0.4598205557969698,0.1220239695236997,0.8879633436057673
0.3437439014426492,0.4011522549036956,0.2551038436536552,0.8509262906920753
0.3087838035956027,0.4992821014885675,0.1919340949158298,0.8842596383143981
0.4297496384137429,0.4143770304317809,0.15587333115447613,0.9250003965194594
0.40482645286296626,0.4337702584019066,0.16140328873512702,0.94537077562199
0.425969415068435,0.40362842847556285,0.17040215645600215,0.9416670703306208
0.42069237258611863,0.3744357326824061,0.20487189473147527,0.9694448600158899
0.3617361734685458,0.509912912477461,0.12835091405399315,0.8953707541885056
0.43075626024737734,0.43221783730434016,0.13702590244828253,0.9009263121255595
0.3720518529495998,0.40421409334910097,0.22373405370129912,0.9324078071021978
0.3821069119873477,0.4473392902388154,0.17055379777383692,0.9601855967874668
0.42509394381376636,0.41061984696834625,0.1642862092178873,0.9342596597478824
0.40351921377404804,0.43330113406037046,0.1631796521655815,0.94537077562199
0.42727031788123443,0.34960746792659914,0.22312221419216643,0.9324078071021978
0.31694244841366326,0.4068534003331802,0.2762041512531566,0.7990744166129063
0.37818633676278174,0.5050585567231344,0.1167551065140839,0.8731485224402905
0.43226959255207575,0.37124960028899157,0.19648080715893276,0.9564818914960976
0.3748656362438373,0.4196128921689405,0.2055214715872223,0.963889302078836
0.334927327220384,0.4011524972122915,0.2639201755673245,0.8250003536524908
0.4355506186957663,0.38782642475663215,0.17662295654760155,0.936111512393567
0.4374936360219998,0.3850165157185063,0.1774898482594939,0.9324078071021978
0.3768138351289854,0.44536122100457404,0.17782494386644052,0.9694448600158899
0.45150652794392343,0.44058589670308684,0.10790757535298966,0.8694448171489213
0.43345691350884274,0.3707818274439295,0.19576125904722774,0.9564818914960976
0.4537200904086588,0.387035297143716,0.1592446124476252,0.9027781647712442
0.3327445521590378,0.44816779933172235,0.21908764850923979,0.8972226068341903
0.43543234658612884,0.3799915487900253,0.1845761046238458,0.9416670703306208
0.45716620865312485,0.3754372525807744,0.16739653876610075,0.9064818700626134
0.39323302797408166,0.4433381709105783,0.16342880111534,0.9490744809133592
0.34058804113480723,0.423006921569932,0.23640503729526072,0.8750003750859752
0.40482376462173214,0.43579217165806117,0.15938406372020666,0.9416670703306208
0.31705476508379715,0.4947654236788217,0.18817981123738117,0.8935189015428212
0.3979061194416875,0.4059734350284011,0.19612044552991129,0.9935189444097898
0.3239377111876868,0.42839621893851,0.24766606987380316,0.8361114695265984
0.44098091322691046,0.4271446395051378,0.13187444726795172,0.899074459479875
0.37407085498302994,0.4344372440792244,0.1914919009377456,0.9657411547245207
0.41607118622905276,0.3872382472187844,0.19669056655216288,0.9750004179529437
0.3907541233777048,0.32291594424415804,0.2863299323781372,0.8416670274636522
0.4189318733134222,0.3590281285842691,0.2220399981023087,0.9472226282676747
0.4502813394613587,0.4528026496677377,0.09691601087090365,0.8546299959834445
0.5080735748891575,0.3771721594963662,0.11475426561447637,0.8527781433377598
0.40424164987945116,0.40700969315635077,0.18874865696419804,0.9842596811813666
0.3656122018244768,0.4076799237302094,0.22670787444531373,0.9212966912280902
0.4043829570888173,0.3473052098491737,0.24831183306200907,0.9046300174169287
0.4569826708874056,0.29594928644866364,0.24706804266393065,0.8916670488971365
0.39992758575045834,0.37747847124671163,0.22259394300282997,0.9601855967874668
0.31539945226632654,0.4067164179176334,0.27788412981604016,0.7935188586758525
0.3373399130833387,0.37926045816918985,0.28339962874747154,0.8064818271956448
0.40794856560871456,0.3930999820292416,0.19895145236204376,0.9879633864727358
0.37039656180196795,0.3910377488152987,0.2385656893827333,0.9157411332910363
0.3680917176481775,0.43698815333300545,0.19492012901881697,0.9657411547245207
0.3525942374913407,0.41386407008050324,0.233541692428156,0.899074459479875
0.48034227660607687,0.3633091286206839,0.1563485947732393,0.8861114909600827
0.3765383134057567,0.3759747358912143,0.24748695070302903,0.9046300174169287
0.3344842317642669,0.49691484264846797,0.1686009255872652,0.9157411332910363
0.3974700428389599,0.4453169490033798,0.15721300815766034,0.9324078071021978
0.48521843187030733,0.3226082648431968,0.1921733032864959,0.9046300174169287
0.44686248478897217,0.40243564231900336,0.15070187289202447,0.9046300174169287
0.3429490866960221,0.39400223895297654,0.2630486743510014,0.837963322172283
0.4173761707009784,0.3213301194914529,0.2612937098075687,0.8972226068341903
0.3452384195409829,0.3507780822577943,0.30398349820122283,0.800926269258591
0.42514413809319757,0.39044805779831454,0.18440780410848792,0.9564818914960976
0.36472248483618364,0.42237558159311295,0.21290193357070336,0.9416670703306208
0.3362852038548655,0.3876968145921641,0.2760179815529705,0.8175929430697524
0.41188922303021497,0.324384320163889,0.2637264568058959,0.8898151962514519
0.5128895018820743,0.36283458741303987,0.1242759107048858,0.8546299959834445
0.3642809934110795,0.4864311209207332,0.1492878856681872,0.9194448385824056
0.4002454517290258,0.3170267516969251,0.28272779657404906,0.8453707327550215
0.3236740161748417,0.4227041339628028,0.2536218498623554,0.8324077642352292
0.37701097611521817,0.4916582162279376,0.1313308076568442,0.9046300174169287
0.4815416678482922,0.40351652526482346,0.11494180688688434,0.865741111857552
0.32636202245164997,0.3817392400604874,0.29189873748786266,0.7879633007387988
0.404075059595342,0.43626783798604996,0.15965710241860784,0.9416670703306208
0.3403118677925134,0.5456403457761759,0.11404778643131068,0.8601855539204983
0.5071361207275545,0.38717675304371413,0.10568712622873139,0.8490744380463907
0.35681204387368837,0.40430474475113926,0.23888321137517252,0.899074459479875
0.37682420955427853,0.3814322104407215,0.24174358000499993,0.9138892806453518
0.42257823431996244,0.44276757164434877,0.13465419403568893,0.899074459479875
0.4136404713203595,0.35976680130958244,0.2265927273700581,0.9435189229763054
0.3755971921242956,0.3524381609457885,0.2719646469299159,0.8620374065661829
0.35276516498726884,0.40100954807038863,0.24622528694234247,0.8787040803773444
0.4601194455244973,0.43338061618491047,0.10649993829059218,0.8638892592118675
0.39217391917080374,0.4331305067025689,0.17469557412662728,0.9712967126615745
0.39702590670708554,0.40837852646142525,0.19459556683148913,0.9935189444097898
0.47283317373682865,0.39363822386949743,0.13352860239367384,0.8879633436057673
0.42168106250358045,0.39518282722527714,0.1831361102711425,0.9601855967874668
0.39601378289252326,0.4318665096302161,0.17211970747726052,0.9675930073702053
0.3608030644802337,0.4134549200699626,0.22574201544980366,0.9212966912280902
0.40566271686522315,0.4517296434094259,0.14260763972535093,0.9194448385824056
0.3705864782413835,0.4462687757086799,0.18314474604993647,0.963889302078836
0.4161319876078918,0.3269445336101919,0.25692347878191646,0.899074459479875
0.44161265049130033,0.3275677834840325,0.2308195660246672,0.9194448385824056
0.3834503528379695,0.3311391554050823,0.28541049175694816,0.837963322172283
0.3653391998581177,0.4724926552429657,0.16216814489891668,0.936111512393567
0.336850416464943,0.49184516698286446,0.17130441655219258,0.9212966912280902
0.3986046095049047,0.4002369230344919,0.20115846746060345,0.9972226497011588
0.4396054927738832,0.3958661215396327,0.164528385686484,0.9212966912280902
0.4643335204592686,0.3304183607235499,0.2052481188171815,0.926852249165144
0.41584678686352416,0.3606699071817344,0.22348330595474128,0.9472226282676747
0.36270988378287844,0.394004647268106,0.2432854689490157,0.8953707541885056
0.40051785062494094,0.37719040674609133,0.22229174262896761,0.9601855967874668
0.4966806624263937,0.38960767272137253,0.11371166485223373,0.856481848629129
0.33466765865629666,0.44833231851335315,0.2170000228303502,0.9009263121255595
0.4272649881900794,0.38035493005586907,0.1923800817540515,0.9583337441417822
0.3565832807105826,0.343016093742557,0.3004006255468605,0.8120373851326986
0.5295797647570581,0.35284415913204525,0.11757607611089659,0.8453707327550215
0.4069495158111893,0.4362915680230827,0.15675891616572793,0.9398152176849363
0.3771388486528227,0.35608724336202696,0.26677390798515027,0.8694448171489213
0.4226713936024299,0.40784232491983713,0.1694862814777331,0.9435189229763054
0.43388843872801947,0.4447834822807607,0.12132807899121983,0.8824077856687135
0.39701719596056023,0.46674663404002914,0.13623616999941052,0.9101855753539825
0.3841920747061886,0.4130281527802427,0.20277977251356874,0.9824078285356821
0.3433712007920851,0.3830431925806322,0.2735856066272826,0.8231485010068061
0.38735747610099625,0.4892623218914261,0.12338020200757763,0.8879633436057673
0.3709088865919182,0.4858486670257943,0.14324244638228742,0.9138892806453518
0.3574667355227399,0.39249289268085563,0.2500403717964045,0.8768522277316597
0.4342346608482771,0.3355246496849163,0.23024068946680656,0.9231485438737749
0.3573734948315933,0.44891785564646514,0.19370864952194158,0.9509263335590439
0.3538551922229406,0.40992087123656445,0.2362239365404949,0.8972226068341903
0.33756966416099843,0.5353064732505687,0.12712386258843275,0.8842596383143981
0.479400258846846,0.34822318361168064,0.17237655754147335,0.8972226068341903
0.35923344340071195,0.36389067112881496,0.27687588547047304,0.8342596168809139
0.42355944703466764,0.3657552980224935,0.21068525494283885,0.9546300388504131
0.4949590784181472,0.38573501296343404,0.11930590861841879,0.8620374065661829
0.3668485066500565,0.4520409126095831,0.18111058074036038,0.9583337441417822
0.40408131169579226,0.4343969120875647,0.16152177621664307,0.94537077562199
0.474175541575948,0.3220760931539882,0.20374836527006387,0.9212966912280902
0.4419889854069134,0.4315117588273081,0.12649925576577853,0.8861114909600827
0.4263736081267093,0.3636580847783657,0.20996830709492492,0.9509263335590439
0.3416114333774435,0.417077869558104,0.2413106970644525,0.8694448171489213
0.41867524904815817,0.3985084967332023,0.1828162542186395,0.9620374494331515
0.44222261640070176,0.3246983461477833,0.23307903745151504,0.917592985936721
0.4538580763040389,0.38584772682234286,0.1602941968736183,0.9027781647712442
0.4794871804221556,0.38767296123689926,0.13283985834094514,0.8824077856687135
0.37453666523494566,0.39209259082290154,0.23337074394215285,0.9194448385824056
0.42557278150934563,0.3144313206666163,0.2599958978240382,0.8898151962514519
0.39269885607028965,0.3933381867377598,0.21396295719195046,0.973148565307259
0.4136935583167488,0.34907203681076965,0.23723440487248154,0.9305559544565132
0.3486543740782264,0.39798742665772824,0.2533581992640454,0.8527781433377598
0.4423972095940646,0.40649859042268727,0.15110419998324814,0.9120374279996671
0.3293187783995478,0.4396856352349336,0.23099558636551865,0.8675929645032366
0.40461974175486476,0.3488657537038307,0.24651450454130455,0.908333722708298
0.41590762708759293,0.45738980737439155,0.12670256553801545,0.8935189015428212
0.4528871565340518,0.4182395466268978,0.12887329683905038,0.8916670488971365
0.363508873054795,0.5219987738777533,0.11449235306745173,0.8731485224402905
0.3971868287075937,0.36701945196395924,0.23579371932844703,0.926852249165144
0.4563430159154241,0.36286540391609845,0.1807915801684775,0.9231485438737749
0.4027100941620604,0.3705828768441511,0.22670702899378847,0.9509263335590439
0.42287639788990583,0.37823096148476515,0.19889264062532908,0.9620374494331515
0.48217929741851856,0.3501813330049856,0.16763936957649586,0.8953707541885056
0.32178479695909334,0.4020339398884533,0.27618126315245334,0.8046299745499601
0.29706160968787837,0.42383452391826243,0.27910386639385915,0.7657410689905835
0.32131624674573733,0.40580298662493036,0.2728807666293323,0.8046299745499601
0.5132378113314879,0.36162904436156446,0.12513314430694758,0.8546299959834445
0.3247158211595268,0.43380658586998794,0.2414775929704853,0.8490744380463907
0.4645713402932876,0.3923167389100386,0.14311192079667387,0.8935189015428212
0.3930951674998818,0.37475479530416084,0.2321500371959573,0.9324078071021978
0.4244821839760716,0.40202217080409886,0.17349564521982944,0.94537077562199
0.4202972763516178,0.43362621247058586,0.14607651117779627,0.9120374279996671
0.4537909860537548,0.3775503605132469,0.16865865343299832,0.9120374279996671
0.4287340027073712,0.3483402713471574,0.22292572594547141,0.9305559544565132
0.3850918537420273,0.361519799020406,0.25338834723756665,0.8972226068341903
0.2915261725062385,0.42895276580692715,0.2795210616868342,0.7601855110535296
0.4863658961128297,0.3434008516420701,0.1702332522451002,0.8935189015428212
0.33543305658149414,0.4214460892019993,0.24312085421650653,0.856481848629129
0.3599947380955299,0.40406264584566215,0.23594261605880792,0.9046300174169287
0.3463804984597747,0.42438358158809636,0.22923591995212894,0.899074459479875
0.3539073402385422,0.4797714219912607,0.16632123777019714,0.9324078071021978
0.3491183826138506,0.41688325886788213,0.23399835851826725,0.8953707541885056
0.4298711008561591,0.4043651360659859,0.16576376307785504,0.9324078071021978
0.4328147954580022,0.3437468647887322,0.22343833975326552,0.9324078071021978
0.37114709480985125,0.45087678981930374,0.1779761153708451,0.9620374494331515
0.44541596868955396,0.4014413047148185,0.1531427265956276,0.908333722708298
0.3684502922467567,0.46651791489385874,0.16503179285938446,0.9416670703306208
0.3710976229422531,0.42557201160735236,0.20333036545039462,0.9601855967874668
0.3808918769461069,0.3643340879461519,0.25477403510774127,0.8935189015428212
0.4631855591199922,0.38334770844876315,0.15346673243124465,0.8953707541885056
0.4097420632328592,0.35265273582205486,0.23760520094508597,0.9324078071021978
0.4650252169765223,0.37277036626515997,0.1622044167583177,0.8972226068341903
0.3643307761616917,0.4394110467956285,0.19625817704267987,0.9583337441417822
0.4284261066934164,0.3611621365641768,0.21041175674240675,0.9490744809133592
0.4181542094746774,0.4636225821334635,0.11822320839185897,0.8861114909600827
0.4318729843966572,0.3891238703815638,0.17900314522177893,0.9416670703306208
0.4966676505073128,0.33960508728693084,0.16372726220575637,0.8824077856687135
0.37997136357007083,0.446731622616563,0.17329701381336612,0.9657411547245207
0.4147429235929363,0.4355383947941132,0.1497186816129505,0.926852249165144
0.3724301002509443,0.3653083362628706,0.262261563486185,0.8750003750859752
0.3407517026530154,0.39901823891588073,0.26023005843110386,0.8398151748179676
0.4096735720289461,0.3840562951590881,0.20627013281196577,0.9805559758899974
0.3666486066910087,0.4170010526352293,0.21635034067376208,0.9342596597478824
0.4342229738253998,0.31842351517346684,0.24735351100113342,0.899074459479875
0.43856570604980566,0.3109581550643808,0.25047613888581355,0.8879633436057673
0.2840684636452369,0.4620014668361128,0.2539300695186502,0.7750003322190064
0.40515426353900014,0.3961527413328875,0.19869299512811228,0.9916670917641051
0.40823757085943024,0.4117941204046842,0.17996830873588546,0.973148565307259
0.41336523187154883,0.3243307248040811,0.26230404332437,0.8953707541885056
0.4098830236856793,0.3503399252916207,0.23977705102270006,0.9250003965194594
0.39853502971201016,0.3461664428177187,0.2552985274702712,0.899074459479875
0.36094399084330253,0.3810853650407242,0.25797064411597326,0.8694448171489213
0.4208832281261232,0.36371765099273046,0.21539912088114624,0.9583337441417822
0.3537079836622921,0.370883465795915,0.2754085505417929,0.8324077642352292
0.41216193813268337,0.4152776030740205,0.17256045879329612,0.9546300388504131
0.4283734256786548,0.34255236987848975,0.22907420444285548,0.9287041018108285
0.4114567415161845,0.38442299192455787,0.20412026655925763,0.9824078285356821
0.3702906323933593,0.5110049157519083,0.11870445185473225,0.8787040803773444
0.35624118612326355,0.4353049874037243,0.20845382647301208,0.9398152176849363
0.3404081338863324,0.3319082164512285,0.3276836496624391,0.7675929216362681
0.43222742835134104,0.3734791249447614,0.19429344670389753,0.9564818914960976
0.3710874608602713,0.3875403930358568,0.24137214610387187,0.9101855753539825
0.44066545829272724,0.31145469768043554,0.24787984402683724,0.8972226068341903
0.41860405398775624,0.44272440708089916,0.13867153893134454,0.9046300174169287
0.3270143066683789,0.481769257270529,0.19121643606109212,0.9120374279996671
0.2912765358392457,0.4541270302237582,0.25459643393699605,0.7750003322190064
0.4168941969417848,0.4499527875827225,0.1331530154754927,0.899074459479875
0.39625540125704006,0.3714292269021935,0.2323153718407663,0.9305559544565132
0.4239561031437544,0.340819761254293,0.2352241356019525,0.9250003965194594
0.4197369692723474,0.43548752456709383,0.14477550616055876,0.9101855753539825
0.464115631049151,0.34135790667144283,0.1945264622794061,0.926852249165144
0.36467792896909934,0.4743118054796568,0.16101026555124398,0.9342596597478824
0.40910634858872025,0.4229081958186734,0.16798545559260625,0.9527781862047284
0.3390927994276531,0.40581719784984793,0.255090002722499,0.8453707327550215
0.4198841936828246,0.3216031114240635,0.2585126948931118,0.899074459479875
0.3564671817781158,0.39209304683824114,0.2514397713836431,0.8694448171489213
0.333077967585868,0.45067658797138554,0.21624544444274646,0.899074459479875
0.48001291358998527,0.33533339745523316,0.18465368895478163,0.9009263121255595
0.5225579707982335,0.34030862965374103,0.13713339954802545,0.8583337012748137
0.43340539326076827,0.30982221833775464,0.25677238840147715,0.8935189015428212
0.35078351946228076,0.3880113025984145,0.2612051779393048,0.847222585400706
0.409538873028338,0.39498982816862416,0.1954712988030378,0.9787041232443129
0.4667408521063929,0.34554809052935664,0.18771105736425053,0.9212966912280902
0.3677198969354026,0.46556426374616233,0.16671583931843506,0.94537077562199
0.4233379285351475,0.4550583778312596,0.12160369363359284,0.8842596383143981
0.3382181897243799,0.4644157333092933,0.19736607696632674,0.9287041018108285
0.4666523423454161,0.4330823181069963,0.1002653395475876,0.8583337012748137
0.42407438660194796,0.31929605415092127,0.2566295592471307,0.8935189015428212
0.43668632187109013,0.35600802462672154,0.20730565350218824,0.9416670703306208
0.34532134006041537,0.3851311780170494,0.2695474819225351,0.8268522062981755
0.3808299623859597,0.4032383380507984,0.2159316995632418,0.9583337441417822
0.40107015692727166,0.34008880054184293,0.25884104253088547,0.8953707541885056
0.3411175832285061,0.4002391949362649,0.2586432218352289,0.8416670274636522
0.3796200162719986,0.47428960951023336,0.14609037421776802,0.9212966912280902
0.3377440361839908,0.3518607505628135,0.31039521325319575,0.782407742801745
0.39603347465296335,0.4432457195607078,0.16072080578632889,0.9379633650392516
0.3781902688298669,0.3605325142306284,0.26127721693950484,0.8750003750859752
0.44732566735336277,0.4439358565400324,0.10873847610660474,0.8712966697946058
0.3764658633425002,0.36128023314137886,0.2622539035161208,0.8768522277316597
0.3959295708761436,0.39874390095561263,0.20532652816824382,0.9898152391184206
0.36857956275280546,0.34443864170185906,0.2869817955453354,0.8342596168809139
0.3579129559372534,0.410616504031953,0.23147054003079354,0.9120374279996671
0.40381676038588027,0.46402415670164465,0.13215908291247513,0.9064818700626134
0.46329627757222613,0.3652777721621811,0.1714259502655927,0.9046300174169287
0.39926558160871994,0.4342383681834274,0.16649605020785269,0.9527781862047284
0.3403219485672995,0.4174848720258866,0.24219317940681384,0.865741111857552
0.35052975116153656,0.3825545070598209,0.2669157417786426,0.8416670274636522
0.3331200284417019,0.5125817655111751,0.15429820604712294,0.908333722708298
0.40995977664392774,0.3918967402430921,0.19814348311298027,0.9805559758899974
0.49071956329611416,0.3331084311209268,0.1761720055829592,0.8916670488971365
0.4023408820997673,0.45623684204604287,0.14142227585418965,0.917592985936721
0.47080409505491383,0.38835641477828875,0.14083949016679745,0.8898151962514519
0.46436746307020726,0.32703236887685,0.20860016805294274,0.9231485438737749
0.34588534721889375,0.4105874271094361,0.24352722567167018,0.8675929645032366
0.4204890939924657,0.38951450678850624,0.1899963992190281,0.9620374494331515
0.3362151133563651,0.38082515695432223,0.28295972968931277,0.8064818271956448
0.519383555099871,0.36354988863752047,0.11706655626260855,0.8509262906920753
0.4426109113976569,0.3686265016059235,0.18876258699641968,0.936111512393567
0.4491976966270474,0.35741117871303557,0.193391124659917,0.9379633650392516
0.46626433235057707,0.410260733405574,0.12347493424384885,0.8842596383143981
0.354725168258656,0.3701541160179216,0.27512071572342234,0.8342596168809139
0.37710555544324714,0.31955638556318466,0.3033380589935682,0.8138892377783832
0.42633848687863357,0.3854450390218377,0.18821647409952882,0.9546300388504131
0.3417143873988463,0.378539452340161,0.2797461602609929,0.8120373851326986
0.45343896868865236,0.372956402931459,0.17360462837988863,0.9138892806453518
0.4723455089376769,0.4007343218160103,0.12692016924631278,0.8787040803773444
0.5056095344889645,0.3496239135717122,0.14476655193932328,0.8694448171489213
0.44003499383921213,0.44430782870857927,0.11565717745220862,0.8787040803773444
0.34989610071768795,0.39877251000682645,0.2513313892754857,0.856481848629129
0.3670630615108583,0.40838928048761564,0.224547658001526,0.9212966912280902
0.49267398601295626,0.3766475173757386,0.13067849661130512,0.8712966697946058
0.41051017971433185,0.4636379458116802,0.12585187447398793,0.8972226068341903
0.48407193848751995,0.38173403508059245,0.1341940264318876,0.8805559330230288
0.3868227815582613,0.35078166414007095,0.2623955543016678,0.8824077856687135
0.4234779853023044,0.3936188659620267,0.18290314873566885,0.9583337441417822
0.40508153869632524,0.3124319660275151,0.28248649527615965,0.847222585400706
0.5204610392229302,0.35029717447834374,0.129241786298726,0.8546299959834445
0.33096303884834694,0.4351605556370049,0.23387640551464814,0.8638892592118675
0.4230920718981513,0.40577541112302007,0.17113251697882878,0.9490744809133592
0.3976109269161973,0.41180570708679354,0.19058336599700917,0.9861115338270514
0.3815306896665314,0.41425358743974605,0.20421572289372247,0.9787041232443129
0.39151658061625355,0.3858395230049141,0.2226438963788323,0.9527781862047284
0.40094799049471486,0.3779215816730665,0.22113042783221856,0.9601855967874668
0.46498479666556075,0.4154183805389026,0.11959682279553659,0.8824077856687135
0.3663677142451427,0.3718261687750823,0.261806116979775,0.8694448171489213
0.4176142312209155,0.4249402120592523,0.15744555671983226,0.9342596597478824
0.3419393657537842,0.4948388132167841,0.16322182102943164,0.9250003965194594
0.40033011687176867,0.41530153929326635,0.18436834383496484,0.9824078285356821
0.4654899593475139,0.3807588010831153,0.1537512395693708,0.8935189015428212
0.4419372127797416,0.43558279467721456,0.12247999254304395,0.8842596383143981
0.3910220051102915,0.4074280619637911,0.20154993292591725,0.9953707970554744
0.45748381950040773,0.3809218722028505,0.16159430829674165,0.9009263121255595
0.4631905989970781,0.3787283006719749,0.15808110033094694,0.8935189015428212
0.39795535211136657,0.3830065748417164,0.21903807304691697,0.9657411547245207
0.4039859140074681,0.4596272308397542,0.13638685515277765,0.9157411332910363
0.3876612509667451,0.46444151804816536,0.14789723098508958,0.9138892806453518
0.475549270384375,0.4125654731390067,0.11188525647661828,0.8694448171489213
0.44696654888763127,0.32955731301693353,0.2234761380954353,0.926852249165144
0.3286857839598923,0.5072010403030125,0.1641131757370952,0.9027781647712442
0.359560044371594,0.33929008832746343,0.3011498673009425,0.8138892377783832
0.4056329064663474,0.41108996027062994,0.1832771332630227,0.9787041232443129
0.42516728766483936,0.34664441857321504,0.2281882937619457,0.9305559544565132
0.316433532931818,0.4487059635868751,0.23486050348130694,0.8361114695265984
0.3944585979112265,0.3405062525511699,0.26503514953760365,0.8787040803773444
0.4032042869559716,0.4199285038097596,0.1768672092342687,0.9712967126615745
0.39875651335478013,0.44337735814467955,0.15786612850054044,0.9342596597478824
0.3303240775054778,0.4095076146727178,0.2601683078218044,0.82870405894386
0.35216380569037226,0.3518080354476583,0.29602815886196937,0.8157410904240678
0.39252146349696276,0.39832926647401196,0.20914927002902534,0.9787041232443129
0.39811993668586265,0.40373200218071936,0.19814806113341793,0.9972226497011588
0.32678277669166245,0.44152499613164153,0.23169222717669596,0.8620374065661829
0.41808624979366055,0.31694031252071164,0.26497343768562787,0.8898151962514519
0.4340869250768667,0.310225679955794,0.2556873949673393,0.8916670488971365
0.3929648061815233,0.35053013787306864,0.256505055945408,0.8972226068341903
0.4715408732226502,0.34918469938509195,0.1792744273922578,0.908333722708298
0.4224166842236759,0.36914250275555976,0.2084408130207644,0.9546300388504131
0.42100890848989553,0.3880405213041444,0.19095057020596015,0.9620374494331515
0.4187777697437248,0.4153406030809297,0.16588162717534552,0.9416670703306208
0.39721895191962375,0.34999655619458525,0.2527844918857911,0.9009263121255595
0.40457794911530565,0.4720128328736466,0.12340921801104766,0.8935189015428212
0.39513178235041296,0.31022183641531537,0.2946463812342716,0.8342596168809139
0.47060924564476386,0.4088745652508119,0.12051618910442428,0.8805559330230288
0.41500911681767866,0.44799617280557186,0.13699471037674935,0.9027781647712442
0.3660113637261578,0.40954649981951824,0.22444213645432404,0.9212966912280902
0.3763060362316142,0.38877849335967657,0.2349154704087093,0.9194448385824056
0.3619257986233523,0.39293235215640115,0.24514184922024648,0.8953707541885056
0.422012543820778,0.4793235428175836,0.09866391336163836,0.8490744380463907
0.42176717504598193,0.40491923218199566,0.17331359277202246,0.9490744809133592
0.3813933193577115,0.4891323697744668,0.12947431086782166,0.9027781647712442
0.43225578671790466,0.4229645237792155,0.14477968950287975,0.9101855753539825
0.3407619798821026,0.4138639698311943,0.24537405028670303,0.8601855539204983
0.38370589776151115,0.37977499970498313,0.23651910253350567,0.9194448385824056
0.35894897111853163,0.4153890217322194,0.22566200714924892,0.9212966912280902
0.4457519944593378,0.28137958084841314,0.2728684246922492,0.8620374065661829
0.40285027351315605,0.4691205958555842,0.12802913063125979,0.8972226068341903
0.4251884636552222,0.3972721723256847,0.17753936401909318,0.9472226282676747
0.36574129808947414,0.5195195672432406,0.11473913466728526,0.8731485224402905
0.3960933795087553,0.3659149980441109,0.23799162244713393,0.9250003965194594
0.3896962610693878,0.39075056698500027,0.219553171945612,0.9583337441417822
0.4838041409854668,0.36437865178520984,0.15181720722932338,0.8824077856687135
0.3413733851148667,0.4833356276399751,0.17529098724515813,0.9324078071021978
0.4344842434954511,0.3604937988394031,0.2050219576651458,0.9490744809133592
0.3860410936839383,0.3763841684768278,0.2375747378392339,0.9212966912280902
0.40199080929281866,0.34656604729142304,0.25144314341575835,0.899074459479875
0.4521774400626661,0.34384352623392317,0.20397903370341067,0.9379633650392516
0.42774382345018724,0.4049165346961668,0.16733964185364605,0.936111512393567
0.4587154736935129,0.3337896072417963,0.20749491906469067,0.9250003965194594
0.407433480461867,0.38043326111988146,0.21213325841825142,0.973148565307259
0.3407715982472809,0.4594389840345778,0.19978941771814127,0.9305559544565132
0.47046725661890365,0.38134456739821604,0.14818817598288037,0.8898151962514519
0.4033971404059083,0.48115503475188853,0.11544782484220328,0.8861114909600827
0.37773571062684774,0.5012116093546883,0.12105268001846396,0.8861114909600827
0.4475677227709069,0.3813336052606262,0.17109867196846698,0.9231485438737749
0.4101165841669555,0.40726941801651556,0.182613997816529,0.9768522705986283
0.41271555341385713,0.38485143131027394,0.20243301527586902,0.9842596811813666
0.4442966052522175,0.3396108184172891,0.21609257633049342,0.936111512393567
0.3879963998557535,0.4518108213574268,0.1601927787868197,0.9416670703306208
0.3948709770237742,0.4389118737598755,0.16621714921635028,0.9527781862047284
0.3537474660414381,0.455229678915466,0.19102285504309582,0.9472226282676747
0.3872841924117626,0.43699254936280735,0.1757232582254302,0.973148565307259
0.416188993338095,0.456066999672921,0.1277440069889839,0.8935189015428212
0.32822270079853294,0.4527864985057699,0.21899080069569704,0.8879633436057673
0.34389368345110694,0.38733505542761154,0.26877126112128147,0.8268522062981755
0.419610161109752,0.4335935338401615,0.14679630505008648,0.9157411332910363
0.42795922641125356,0.3614015753596135,0.2106391982291329,0.9490744809133592
0.40457327623567946,0.3131135078634209,0.2823132159008997,0.847222585400706
0.34592672223786314,0.37406475925608734,0.2800085185060495,0.8231485010068061
0.38713637421845837,0.42725568228152433,0.1856079435000173,0.9842596811813666
0.388202252038999,0.5008893262374071,0.11090842172359391,0.8731485224402905
0.4334560426773158,0.3184176414708506,0.24812631585183353,0.899074459479875
0.3209376549442166,0.4072852460240773,0.2717770990317062,0.8064818271956448
0.3572161033161909,0.4066347460093255,0.23614915067448353,0.9046300174169287
0.3987574458080854,0.4324260207556758,0.16881653343623884,0.9564818914960976
0.4217187500498446,0.3901327012418329,0.1881485487083224,0.9601855967874668
0.3746382110274441,0.4691987622039281,0.15616302676862784,0.9305559544565132
0.3492422875135656,0.3485742101110509,0.30218350237538344,0.8120373851326986
0.39138147095815057,0.3477110055027681,0.26090752353908137,0.8916670488971365
0.30390056286960915,0.4800489750924443,0.21605046203794648,0.8601855539204983
0.3284222194783029,0.4251083491647721,0.24646943135692498,0.8490744380463907
0.3904202479507354,0.47789806749013325,0.13168168455913137,0.9064818700626134
0.43564708849187733,0.39025502624131164,0.174097885266811,0.9342596597478824
0.36724875026751275,0.5106447663884633,0.122106483344024,0.8861114909600827
0.35969257296985935,0.37928451709874383,0.26102290993139693,0.865741111857552
0.40143784446571246,0.36217185294172594,0.23639030259256164,0.9305559544565132
0.3838980331251162,0.41345729561553896,0.2026446712593449,0.9824078285356821
0.34132833785700933,0.4109344764565251,0.24773718568646552,0.8583337012748137
0.3936441225874966,0.3771952098012621,0.22916066761124124,0.9398152176849363
0.4646113616693639,0.29306327035117247,0.2423253679794636,0.8972226068341903
0.3633455735740687,0.4027784152606794,0.2338760111652518,0.908333722708298
0.4536342284365535,0.40514250677439256,0.14122326478905403,0.899074459479875
0.35841984426024875,0.39699439119910535,0.2445857645406459,0.8879633436057673
0.4503171581107456,0.33340777592268384,0.21627506596657042,0.9324078071021978
0.4533287388912336,0.37341786519530873,0.1732533959134576,0.9120374279996671
0.3421866834759326,0.4969235220443558,0.1608897944797115,0.9231485438737749
0.3483206593456405,0.4801074151339651,0.1715719255203943,0.9342596597478824
0.38581376990738336,0.4559081572625172,0.1582780728300994,0.936111512393567
0.3750527233067684,0.3691276165298715,0.25581966016336005,0.8916670488971365
0.34388000085299086,0.3788705928624328,0.2772494062845763,0.8194447957154369
0.3605001574488754,0.452548901896055,0.18695094065506945,0.9583337441417822
0.40209138514747256,0.47653494447219563,0.12137367038033169,0.8879633436057673
0.3361561627393221,0.4551173729276394,0.20872646433303854,0.9138892806453518
0.4093643553528656,0.4318584385731844,0.15877720607395002,0.9398152176849363
0.37578710482754907,0.35863022207649387,0.265582673095957,0.8694448171489213
0.4240523239417474,0.43872413058293386,0.1372235454753188,0.899074459479875
0.47875497261619304,0.3719336668095133,0.1493113605742937,0.8805559330230288
0.4502273886347811,0.2798518718503918,0.2699207395148272,0.8638892592118675
0.34760655582556377,0.48885618744654863,0.16353725672788774,0.9305559544565132
0.39774610713928404,0.3689592250784183,0.2332946677822978,0.9324078071021978
0.4087679703427359,0.4771794267752934,0.11405260288197067,0.8861114909600827
0.3831407043783835,0.3917828822763091,0.22507641334530754,0.94537077562199
0.42490594761470085,0.43837596159309056,0.13671809079220862,0.899074459479875
0.40423731729279205,0.4420416324883108,0.15372105021889707,0.9324078071021978
0.41792197659484703,0.44309055593955826,0.13898746746559465,0.9046300174169287
0.3544146009906856,0.38386979575917096,0.2617156032501434,0.8527781433377598
0.3836999764576671,0.41200364234570935,0.2042963811966235,0.9824078285356821
0.33709128264288657,0.3614094024989298,0.30149931485818365,0.7935188586758525
0.3333887342621711,0.4725402182438571,0.19407104749397186,0.9212966912280902
0.43585131758410417,0.4190088447455343,0.14513983767036148,0.9120374279996671
0.4145778366288132,0.35182813416859,0.23359402920259673,0.9379633650392516
0.33668069702549264,0.4388983011907881,0.22442100178371915,0.8935189015428212
0.45213875258610325,0.36933230021726415,0.1785289471966325,0.9231485438737749
0.36975314117205565,0.39021866365195595,0.24002819517598836,0.9138892806453518
0.37744908290986584,0.475538092618212,0.14701282447192213,0.9231485438737749
0.44733324529646995,0.36735498029134456,0.18531177441218555,0.9287041018108285
0.4666849112521354,0.31595740985694676,0.21735767889091784,0.9194448385824056
0.4610364857513202,0.3570166458582983,0.1819468683903816,0.9212966912280902
0.40844779711275225,0.3340429299384478,0.2575092729488,0.8972226068341903
0.5072309842078699,0.3518301105808022,0.14093890521132796,0.865741111857552
0.3922185052248362,0.45096901161303593,0.1568124831621279,0.9287041018108285
0.30290363595690795,0.4068039497616349,0.290292414281457,0.7601855110535296
0.35817513280456925,0.3636402819507843,0.27818458524464645,0.8305559115895447
0.4007331341595059,0.4052185525867749,0.19404831325371924,0.9935189444097898
0.40845188754864353,0.36128801397441784,0.23026009847693865,0.9416670703306208
0.4209413583243664,0.42778109127958025,0.15127755039605345,0.9250003965194594
0.36932542429767534,0.46752106099081076,0.16315351471151393,0.94537077562199
0.4021695333085019,0.34106380174312123,0.25676666494837685,0.8953707541885056
0.3193742328616242,0.46194635788342747,0.21867940925494833,0.8731485224402905
0.3739178909505735,0.4526345656545001,0.17344754339492632,0.9601855967874668
0.43023406632112043,0.43685478926417964,0.1329111444147,0.8953707541885056
0.4799160144179526,0.2956634445686548,0.22442054101339262,0.9009263121255595
0.38396079810569506,0.44034397687658755,0.1756952250177174,0.9675930073702053
0.3886181405882139,0.39853759680936707,0.21284426260241898,0.9694448600158899
0.3546512293514833,0.4739546817617591,0.17139408888675756,0.9398152176849363
0.3492666662480089,0.4374580884572534,0.21327524529473768,0.9305559544565132
0.3949481012935614,0.4426609231198193,0.16239097558661925,0.9435189229763054
0.3978562737690604,0.3420273071892463,0.26011641904169336,0.8916670488971365
0.4036798903494884,0.3610437694963543,0.2352763401541571,0.9305559544565132
0.4060158014030766,0.3924419092130437,0.20154228938387964,0.9879633864727358
0.42010196720404774,0.42475349996350564,0.15514453283244659,0.9324078071021978
0.36980594978041664,0.37338756961213493,0.2568064806074484,0.8842596383143981
0.4791854055341356,0.38560961261322674,0.13520498185263766,0.8842596383143981
0.3780109836992662,0.3907230632599718,0.23126595304076206,0.926852249165144
0.4228059445267243,0.47375886586138555,0.10343518961189013,0.8601855539204983
0.36425296261953144,0.3609305803056486,0.2748164570748199,0.8398151748179676
0.3458254606918706,0.4398583342744492,0.21431620503368032,0.9231485438737749
0.373222279144369,0.4885880037847786,0.13818971707085245,0.9101855753539825
0.39777545002790465,0.4883280784264844,0.11389647154561101,0.8768522277316597
0.36695226656473473,0.39117662136117004,0.24187111207409528,0.9046300174169287
0.4498819464975904,0.3444469238228806,0.205671129679529,0.936111512393567
0.40140967142135014,0.4473650741538567,0.1512252544247932,0.926852249165144
0.3603319886541234,0.47149731418559915,0.16817069716027735,0.936111512393567
0.4161923188605439,0.3902512239796001,0.1935564571598559,0.9712967126615745
0.4579174305208866,0.33304978419816905,0.20903278528094427,0.9287041018108285
0.42949236692884046,0.3492075436094756,0.22130008946168392,0.9379633650392516
0.5161767740494054,0.35673007958427966,0.12709314636631486,0.8546299959834445
0.32159137150994754,0.44037110353084086,0.23803752495921168,0.8509262906920753
0.3808892578331606,0.3630362438477199,0.25607449831911955,0.8916670488971365
0.38471408366840426,0.39239317007840474,0.22289274625319105,0.9472226282676747
0.3920506125548821,0.3582557927229734,0.24969359472214456,0.9046300174169287
0.5389488789908808,0.33852062976170233,0.12253049124741686,0.8453707327550215
0.4383354390693412,0.31682546077324164,0.24483910015741722,0.908333722708298
0.4619957901941048,0.3960288773564119,0.14197533244948324,0.8953707541885056
0.3769142799374911,0.39816274578411404,0.2249229742783948,0.9398152176849363
0.3910712760122235,0.44168066829915525,0.1672480556886213,0.9601855967874668
0.3973246911625579,0.3980394870090856,0.20463582182835652,0.9879633864727358
0.5008987894851813,0.3745493484285723,0.1245518620862464,0.8620374065661829
0.36276631418111904,0.3636496428489962,0.27358404296988476,0.8453707327550215
0.30840143013778964,0.4331786672144142,0.258419902647796,0.8027781219042757
0.4353706697811878,0.42889749938172994,0.1357318308370823,0.8972226068341903
0.40264457807499143,0.335665554778603,0.26168986714640563,0.8916670488971365
0.42101090597190416,0.41446370114005465,0.16452539288804105,0.9379633650392516
0.5137438876697836,0.36337540315263056,0.12288070917758583,0.8546299959834445
0.3971061756877449,0.3393210161941416,0.26357280811811346,0.8861114909600827
0.3237984878690292,0.47753743498807233,0.19866407714289844,0.9101855753539825
0.38400110812795335,0.3823472355784894,0.23365165629355714,0.9305559544565132
0.36695936575340554,0.5000288184921673,0.13301181575442722,0.9027781647712442
0.3267243033512321,0.39893690899257567,0.2743387876561922,0.8120373851326986
0.3567028869658885,0.4210268500467609,0.2222702629873505,0.9212966912280902
0.3622367784509026,0.518930771130354,0.11883245041874343,0.8768522277316597
0.4609531155114153,0.34681685666603496,0.19223002782254967,0.9231485438737749
0.43176279601965867,0.3754962725750199,0.19274093140532145,0.9546300388504131
0.4145409194026929,0.4172226938935388,0.16823638670376842,0.9527781862047284
0.371368099750253,0.42904522290321706,0.1995866773465299,0.9620374494331515
0.41845924603902374,0.3735811191962436,0.20795963476473267,0.9675930073702053
0.4084888223951941,0.3673784988396651,0.22413267876514067,0.9509263335590439
0.30143956276584166,0.4531751833975239,0.2453852538366344,0.8138892377783832
0.38560905562030057,0.5011224158031613,0.11326852857653809,0.8768522277316597
0.3763736761563083,0.3430354531770406,0.2805908706666511,0.8453707327550215
0.4445955393167874,0.45597945047049815,0.09942501021271442,0.8583337012748137
0.4116517647723262,0.45353281487074604,0.13481542035692773,0.9027781647712442
0.48690381760594914,0.3587834131903872,0.15431276920366357,0.8824077856687135
0.41375941307147523,0.45098658263954616,0.13525400428897863,0.9046300174169287
0.4082054480748296,0.4128617734270816,0.1789327784980888,0.9712967126615745
0.36154465943143016,0.3968489251513333,0.2416064154172366,0.8972226068341903
0.3566968484505055,0.4188954626397552,0.22440768890973922,0.917592985936721
0.35721856799515833,0.34015728971653475,0.30262414228830686,0.810185532487014
0.4212541883453248,0.43952154023820506,0.13922427141647006,0.9009263121255595
0.3735489342158001,0.3654813765309151,0.2609696892532848,0.8768522277316597
0.4617460852175285,0.36964781994989987,0.16860609483257163,0.9009263121255595
0.4396137552745047,0.4042741402747248,0.15611210445077062,0.917592985936721
0.4094106714703774,0.4048535210682844,0.18573580746133833,0.9768522705986283
0.3379021797103401,0.4603904035788953,0.20170741671076448,0.9250003965194594
0.46779636952801606,0.35212040847972526,0.18008322199225868,0.9120374279996671
0.43959066737641594,0.40545344639489805,0.15495588622868608,0.9138892806453518
0.44644308288358747,0.4540627675068581,0.09949414960955436,0.8583337012748137
0.38738663462125317,0.4515099144599031,0.16110345091884373,0.9435189229763054
0.4188976763373192,0.3661311518803489,0.2149711717823319,0.963889302078836
0.42004064578209177,0.43905726666929945,0.14090208754860875,0.9046300174169287
0.3679480109414362,0.47388434511492505,0.15816764394363883,0.9287041018108285
0.3850534446201474,0.37966915761589204,0.2352773977639605,0.9212966912280902
0.3944186740963704,0.37194086682258315,0.23364045908104647,0.9305559544565132
0.313390772099102,0.39040084526080604,0.2962083826400919,0.7657410689905835
0.3775550078997475,0.4095738574366631,0.21287113466358948,0.9601855967874668
0.40652466440961316,0.377706652616526,0.21576868297386093,0.9675930073702053
0.35048833513253824,0.419966523752046,0.22954514111541577,0.9064818700626134
0.4404578430007065,0.4083472164596104,0.15119494053968302,0.9120374279996671
0.30363985330672594,0.4816017300652837,0.21475841662799033,0.8601855539204983
0.3764324448750849,0.34523837677935226,0.278329178345563,0.8453707327550215
0.4031186174804518,0.39932085948902435,0.19756052303052382,0.9935189444097898
0.4465604096053321,0.43173618539553094,0.12170340499913695,0.8842596383143981
0.4619362902203221,0.31423140044457526,0.22383230933510262,0.9138892806453518
0.3672163696453809,0.3713601180221948,0.2614235123324243,0.8731485224402905
0.3515249135507407,0.52177211593549,0.12670297051376936,0.8916670488971365
0.38157674791643015,0.4787386373421128,0.1396846147414571,0.917592985936721
0.4722079153282934,0.4186612016852986,0.1091308829864079,0.8675929645032366
0.31062984250294373,0.4260029861801704,0.2633671713168858,0.7972225639672218
0.3661607640133457,0.3882273766067201,0.24561185937993416,0.899074459479875
0.42650977310146354,0.3485548190600617,0.2249354078384748,0.9305559544565132
0.38814121809022006,0.40744132600139604,0.20441745590838398,0.9916670917641051
0.43955298484261524,0.30213648675137084,0.25831052840601393,0.8805559330230288
0.42379259359659716,0.4515729250775278,0.12463448132587508,0.8916670488971365
0.35105897837280253,0.4236393262130556,0.22530169541414197,0.9120374279996671
0.3688946152682134,0.490200828083662,0.1409045566481247,0.908333722708298
0.4609805519209856,0.4427767124666961,0.09624273561231828,0.8527781433377598
0.4188220225746342,0.4296146438396573,0.15156333358570848,0.926852249165144
0.417447682759373,0.3652742076983435,0.2172781095422835,0.9601855967874668
0.401175676324407,0.3973045262137691,0.20151979746182386,0.9935189444097898
0.34102171502070816,0.4830970972926235,0.1758811876866684,0.9305559544565132
0.3591403010734067,0.4524914855384223,0.18836821338817106,0.9546300388504131
0.34722062052123,0.4172411261109872,0.23553825336778283,0.8879633436057673
0.32645168201956504,0.38584738591879103,0.28770093206164393,0.7916670060301679
0.4218020060274579,0.42162331822893884,0.15657467574360331,0.9324078071021978
0.3150108741770527,0.4371617827848335,0.24782734303811385,0.82870405894386
0.4500747956406808,0.4144199531570382,0.13550525120228105,0.8953707541885056
0.3165053645587058,0.5107757922468054,0.17271884319448885,0.9027781647712442
0.3416862976134745,0.45369472344998335,0.20461897893654205,0.9287041018108285
0.3063731642369394,0.4268279662691158,0.26679886949394477,0.7898151533844833
0.3278636848420824,0.4881244017173297,0.18401191344058795,0.9157411332910363
0.342351290108783,0.408441588197719,0.24920712169349807,0.8546299959834445
0.43450877484205547,0.42234929769070473,0.14314192746723986,0.908333722708298
0.45947398255448396,0.33730845082204786,0.20321756662346815,0.9305559544565132
0.3915310630121007,0.4741087161007876,0.1343602208871116,0.908333722708298
0.47918947100676956,0.3508405568445854,0.16996997214864493,0.8972226068341903
0.4442158287254568,0.4210154990115453,0.13476867226299796,0.8972226068341903
0.3359997366410002,0.47360905963155475,0.1903912037274451,0.9305559544565132
0.4480741531556586,0.3846449852208766,0.1672808616234649,0.9157411332910363
0.34830609498648385,0.40138613615428714,0.25030776885922906,0.856481848629129
0.3773740108527344,0.4928786029331012,0.12974738621416432,0.9027781647712442
0.37743103887078183,0.4573640574251228,0.16520490370409527,0.9564818914960976
0.4055967196013315,0.35526635995005296,0.23913692044861556,0.926852249165144
0.4915696787144739,0.3491989031004609,0.1592314181850652,0.8805559330230288
0.4154621532340775,0.3663166636628577,0.21822118310306482,0.9583337441417822
0.36769959622047577,0.45814147535832334,0.1741589284212009,0.9564818914960976
0.3744151039492332,0.40001639321433674,0.2255685028364301,0.9324078071021978
0.3753302926573735,0.4384530224695941,0.18621668487303236,0.9675930073702053
0.37347148783280193,0.36579472765328064,0.2607337845139173,0.8787040803773444
0.3576472421504134,0.3707567322028383,0.2715960256467484,0.8416670274636522
0.32351300684076073,0.41226839675714033,0.2642185964020989,0.8138892377783832
0.3667489760030192,0.4690042949952166,0.16424672900176424,0.9398152176849363
0.4712596256478797,0.36370567218666106,0.16503470216545907,0.9009263121255595
0.45946065065241803,0.36866512532457263,0.17187422402300934,0.9064818700626134
0.39970242363642156,0.3865653940766868,0.21373218228689167,0.973148565307259
0.3946338973544055,0.38843657762629635,0.21692952501929819,0.9712967126615745
0.38503854152340217,0.34641789509328336,0.26854356338331453,0.8694448171489213
0.46876117723358984,0.350358679147075,0.18088014361933508,0.9120374279996671
0.3849779477212925,0.3916731971679894,0.22334885511071817,0.9472226282676747
0.3564358242716781,0.5136302246600428,0.129933951068279,0.8935189015428212
0.3751139539801538,0.44360463072808565,0.18128141529176067,0.9712967126615745
0.29856375511824645,0.44990943453204457,0.2515268103497089,0.800926269258591
0.4667078687848211,0.39277601001313045,0.14051612120204843,0.8916670488971365
0.419045971691916,0.34883454254342866,0.2321194857646553,0.936111512393567
0.35679298704854706,0.3554746083664282,0.2877324045850248,0.8250003536524908
0.4613736467998361,0.37439967239528654,0.1642266808048774,0.9027781647712442
0.4417131110646302,0.34376830452937474,0.21451858440599503,0.936111512393567
0.3797462201382141,0.45106618828371664,0.16918759157806917,0.9601855967874668
0.47247896509675646,0.3198843238609967,0.20763671104224676,0.9212966912280902
0.29891022033009296,0.42003212613840213,0.2810576535315049,0.773148479573322
0.4327087398171269,0.3835565817682481,0.18373467841462504,0.9435189229763054
0.372995434338007,0.38912015127628174,0.23788441438571134,0.917592985936721
0.3760450563961114,0.4938981428241052,0.13005680077978343,0.899074459479875
0.4262080775117948,0.386217441303117,0.18757448118508815,0.9564818914960976
0.384412187068827,0.3988173298200398,0.21677048311113317,0.9546300388504131
0.3980520420386305,0.3761796051158653,0.22576835284550417,0.9509263335590439
0.34955028663512605,0.43282763080076614,0.2176220825641078,0.9231485438737749
0.39114016008067215,0.36233261800378896,0.2465272219155388,0.9120374279996671
0.35676732208278067,0.38306299475154537,0.2601696831656739,0.8601855539204983
0.3811420878522209,0.45697178363569224,0.1618861285120868,0.94537077562199
0.3579421689749245,0.4573987430486773,0.18465908797639824,0.9583337441417822
0.43586621956661303,0.3962254109798566,0.16790836945353033,0.9287041018108285
0.4182197430731744,0.3142233124023627,0.2675569445244629,0.8861114909600827
0.4413663407331181,0.3274124022625938,0.23122125700428794,0.9194448385824056
0.4610661502896546,0.369385489501533,0.16954836020881242,0.9027781647712442
0.36382765995336286,0.4191466710051484,0.21702566904148873,0.9342596597478824
0.3656030322841624,0.4080915027984952,0.22630546491734224,0.9212966912280902
0.4042400518591449,0.4365224137476594,0.15923753439319566,0.9416670703306208
0.4092532548146637,0.363478848377768,0.22726789680756831,0.9490744809133592
0.42567606412779924,0.35747715297539184,0.2168467828968089,0.9472226282676747
0.37092815750828817,0.43563101248499514,0.19344083000671672,0.9657411547245207
0.40993570625322695,0.3822031589082716,0.2078611348385015,0.9750004179529437
0.3097835928201104,0.44817134659658137,0.24204506058330807,0.8305559115895447
0.44404863417845364,0.35504711085004753,0.20090425497149875,0.9416670703306208
0.37883030310339205,0.47170910039975716,0.14946059649685076,0.926852249165144
0.4031924015873331,0.421983616979685,0.17482398143298183,0.9712967126615745
0.4010918271214282,0.4767744613597104,0.1221337115188613,0.8879633436057673
0.5093650476590607,0.37134518341745465,0.11928976892348475,0.8546299959834445
0.3471300482979098,0.4664667767601826,0.18640317494190764,0.9435189229763054
0.4822707448101171,0.4115695552368279,0.1061596999530549,0.856481848629129
0.4332627639128354,0.314724445031602,0.25201279105556246,0.8953707541885056
0.34935399077002005,0.3864954583928687,0.2641505508371112,0.8435188801093368
0.43398813774747097,0.33093055089708295,0.23508131135544616,0.9212966912280902
0.32796108719192224,0.447521083005351,0.22451782980272683,0.8787040803773444
0.41016137102599504,0.4367569525492011,0.15308167642480386,0.9305559544565132
0.39803864106518844,0.3601326980136366,0.24182866092117494,0.9194448385824056
0.49421251756653456,0.29955996233771287,0.2062275200957527,0.8916670488971365
0.37745024009100303,0.43943596736904844,0.1831137925399486,0.973148565307259
0.4271720285885829,0.41211251248342523,0.16071545892799194,0.9287041018108285
0.38733416562170453,0.4751121396118111,0.1375536947664844,0.9120374279996671
0.4192045803556825,0.36948478698495935,0.2113106326593581,0.9657411547245207
0.29924241930371254,0.4454184839582984,0.25533909673798894,0.7953707113215371
0.3636799377051787,0.3967012348610046,0.23961882743381663,0.9046300174169287
0.37980173295466385,0.44142016714620624,0.1787780998991299,0.9694448600158899
0.4130599372795646,0.4022857239292987,0.18465433879113666,0.9768522705986283
0.34339192084088876,0.4131428282335623,0.2434652509255488,0.8638892592118675
0.5192831903459522,0.34180603224951295,0.13891077740453492,0.8583337012748137
0.4595531939288461,0.43098815510919153,0.10945865096196236,0.8675929645032366
0.2936636029920044,0.4489779113815167,0.2573584856264789,0.7787040375103758
0.3476735491302026,0.4475949331316617,0.20473151773813564,0.9379633650392516
0.4757647416993452,0.39767617851118203,0.1265590797894727,0.8805559330230288
0.3912866023146121,0.396056507903091,0.21265688978229694,0.9750004179529437
0.33165512312471174,0.5146332138492822,0.15371166302600608,0.9064818700626134
0.3566466678920791,0.42556974160975547,0.2177835904981654,0.9250003965194594
0.37101845224998037,0.4345318571807858,0.19444969056923397,0.9657411547245207
0.4342306905202232,0.4577053650670699,0.10806394441270697,0.8694448171489213
0.4164419720465285,0.47950229967585134,0.10405572827762015,0.8527781433377598
0.3674720034053797,0.4679713608822598,0.16455663571236054,0.9398152176849363
0.38110574398713987,0.48282828492973384,0.13606597108312637,0.9120374279996671
0.2957137476325295,0.44575076411819975,0.2585354882492706,0.7805558901560603
0.37054565476737106,0.3784615917175121,0.2509927535151169,0.8935189015428212
0.49519058959806966,0.39046769847842194,0.11434171192350832,0.8601855539204983
0.34522947120453534,0.4113582805962211,0.24341224819924356,0.865741111857552
0.4151953243496716,0.40223637848471394,0.1825682971656145,0.973148565307259
0.3562020338392002,0.4166943375728996,0.22710362858790023,0.9157411332910363
0.4034687497609434,0.3142256727446771,0.2823055774943795,0.847222585400706
0.3951906778885777,0.3765448889982072,0.2282644331132151,0.9379633650392516
0.4163272331590097,0.3276260604601104,0.25604670638088,0.899074459479875
0.40837977864101027,0.38482224360906137,0.20679797774992842,0.9768522705986283
0.37143194475001556,0.41054707907678295,0.2180209761732015,0.9379633650392516
0.5245657071654503,0.352656838535803,0.12277745429874676,0.8509262906920753
0.39754289322434677,0.34588054336916185,0.2565765634064915,0.8972226068341903
0.4024056497949905,0.45775346418190077,0.13984088602310868,0.917592985936721
0.42016493837302243,0.4234352947979136,0.156399766829064,0.9324078071021978
0.41968896293786795,0.3902101601723027,0.1901008768898294,0.963889302078836
0.42317984723534197,0.34461872660580556,0.23220142615885245,0.9231485438737749
0.4428140384010252,0.3622429086603222,0.1949430529386527,0.9435189229763054
0.41325694491109244,0.43993485574890057,0.146808199340007,0.9231485438737749
0.3766542509210534,0.41131575028598044,0.21202999879296608,0.963889302078836
0.4367428038237766,0.3700591391815657,0.1931980569946576,0.9490744809133592
0.42472946952117624,0.3543762153233832,0.22089431515544064,0.9435189229763054
0.37840306072075264,0.3751040820543554,0.246492857224892,0.9064818700626134
0.39523287397377116,0.4338748513529451,0.17089227467328377,0.963889302078836
0.398190958689673,0.37061800030532616,0.23119104100500085,0.9342596597478824
0.42173805829473343,0.41961709347752646,0.1586448482277402,0.9324078071021978
0.45398642160509783,0.3819497642857424,0.16406381410915974,0.9046300174169287
0.40166196822826333,0.38348984013234155,0.21484819163939506,0.9712967126615745
0.3374534192002018,0.39160565888681564,0.2709409219129825,0.8212966483611216
0.3798818490672986,0.4138913844769299,0.20622676645577145,0.973148565307259
0.45024603683858716,0.34302692476779295,0.20672703839361986,0.9342596597478824
0.3217248175603739,0.43409937973807816,0.2441758027015479,0.8398151748179676
0.33298754262349456,0.4695966815753058,0.19741577580119957,0.917592985936721
0.3832010198218485,0.4529967030070387,0.1638022771711128,0.9509263335590439
0.3802003174126633,0.37400367074406377,0.24579601184327277,0.908333722708298
0.46375357499597175,0.42966114956914186,0.10658527543488644,0.8620374065661829
0.4719102005982346,0.4243917444307066,0.10369805497105873,0.8620374065661829
0.45482291979775147,0.33349536190564766,0.21168171829660098,0.9324078071021978
0.3727378156802396,0.36386860980740793,0.26339357451235235,0.8712966697946058
0.3906486902899628,0.31765170439096635,0.29169960531907085,0.8398151748179676
0.4343434136582903,0.3919769227294934,0.1736796636122162,0.9379633650392516
0.3572166245343039,0.5137259905698963,0.12905738489579968,0.8935189015428212
0.3676885633524299,0.47757380317726905,0.15473763347030098,0.9250003965194594
0.3706262746070247,0.4727346674773671,0.1566390579156082,0.9305559544565132
0.42118124860676714,0.3999753243191502,0.17884342707408266,0.9490744809133592
0.40451093205697114,0.42157210853546806,0.17391695940756077,0.9657411547245207
0.48838786699770126,0.3730426352207974,0.13856949778150138,0.8787040803773444
0.34865338140353835,0.4054535624586767,0.2458930561377849,0.8638892592118675
0.45607704250291814,0.40995478438460403,0.13396817311247797,0.8898151962514519
0.42388722387398237,0.34638914698876305,0.2297236291372545,0.9287041018108285
0.3557171902421367,0.39559808529204127,0.24868472446582207,0.8750003750859752
0.4427920368348686,0.37220904178059283,0.18499892138453844,0.9324078071021978
0.3422257109950633,0.4721093593614017,0.18566492964353504,0.9435189229763054
0.38869248352515146,0.46155807124912784,0.14974944522572073,0.9194448385824056
0.40854961985618105,0.4205343339302942,0.17091604621352474,0.9527781862047284
0.2971822739327152,0.462040310045118,0.2407774160221669,0.8175929430697524
0.4278508435843606,0.34150569860689206,0.2306434578087473,0.9250003965194594
0.4605493554631179,0.39460239740383496,0.1448482471330471,0.8972226068341903
0.3704272836663864,0.3287681605975329,0.3008045557360807,0.8157410904240678
0.3487258878769602,0.4369557422979595,0.2143183698250803,0.926852249165144
0.3981971804572052,0.45806493826298395,0.1437378812798109,0.9212966912280902
0.43856428009459303,0.35187256796498634,0.20956315194042055,0.9398152176849363
0.3729738029629288,0.4021639035672772,0.22486229346979394,0.9305559544565132
0.4216696589176771,0.37768567020329064,0.20064467087903215,0.9657411547245207
0.43213483559728116,0.4528604467818209,0.11500471762089799,0.8768522277316597
0.3701149018121545,0.44694372090770107,0.18294137728014437,0.9620374494331515
0.37805991578324694,0.39438027955211835,0.22755980466463477,0.9287041018108285
0.48061234035156,0.38317256763097557,0.1362150920174645,0.8842596383143981
0.38997215951307534,0.36171314340703464,0.24831469707989004,0.9064818700626134
0.41345118300858125,0.3448305820413951,0.24171823495002356,0.9250003965194594
0.46262715426084233,0.36312705359646713,0.17424579214269056,0.9064818700626134
0.44270819174925496,0.3331707172722189,0.2241210909785261,0.926852249165144
0.35406932430276383,0.41583063472233683,0.23010004097489933,0.9101855753539825
0.363610514187212,0.394980872081779,0.24140861373100891,0.9009263121255595
0.44104060913176824,0.3684136971937225,0.1905456936745092,0.9379633650392516
0.44393773269498676,0.4228206712507001,0.1332415960543131,0.8972226068341903
0.34585120354886884,0.48669459126185055,0.1674542051892806,0.9324078071021978
