w_facial,w_vocal,w_verbal,kendall_tau
0.09784296501149996,0.6276139633959614,0.27454307159253855,0.41203721366482426
0.729092004503085,0.13546540941426943,0.1354425860826456,0.7657410689905835
0.0200119501874526,0.6726183177105184,0.3073697321020289,0.28425938111258664
0.25890493093112465,0.004373639091215078,0.7367214299776603,0.4638890877439932
0.8026024923499441,0.10723696528112109,0.09016054236893489,0.7379632793053145
0.15474872732017797,0.2770607756460601,0.5681904970337619,0.389814981916609
0.3046859769719794,0.18545189156142977,0.5098621314665907,0.5842595097134924
0.15780486043324113,0.36292607039767033,0.4792690691690884,0.4324075927673549
0.2569771277126353,0.6490258916101708,0.0939969806771939,0.7324077213682606
0.43310547649929537,0.5383635927629493,0.02853093073775539,0.7361114266596298
0.7862860496381189,0.1571686458269391,0.05654530453494223,0.7250003107855223
0.3718667069087166,0.42150531350147086,0.20662797958981252,0.9601855967874668
0.2244157914592176,0.06348919144263249,0.7120950170981499,0.4324075927673549
0.41619664065684514,0.0933800683775676,0.4904232909655871,0.6583336155408764
0.012795366992628511,0.8777086435721796,0.10949598943519176,0.24722232819889453
0.4951224874668689,0.17026497160190265,0.3346125409312286,0.7842595954474295
0.17628115924849175,0.04553687509189178,0.7781819656596166,0.3824075713338706
0.227841399620259,0.4282919205848592,0.34386667979488167,0.6064817414617076
0.25640787193485665,0.7175151026642486,0.026077025400894675,0.5972224782332846
0.3315375180600346,0.07034281300684257,0.5981196689331227,0.5546298673825387
0.19124863868479633,0.12301976698979318,0.6857315943254103,0.3842594239795552
0.2840327747033116,0.21230526664998864,0.5036619586466998,0.5472224567998003
0.08211342689398077,0.8760045015932215,0.04188207151279752,0.3453705184201785
0.7181482308211299,0.24514369686409151,0.036708072314778746,0.71203734226573
0.001894735101612746,0.578230750968461,0.41987451392992625,0.23796306497047154
0.45687586519768314,0.5162051463681092,0.0269189884342076,0.7435188372423682
0.17369599128966215,0.04818885470728767,0.7781151540030502,0.3824075713338706
0.676208108096664,0.27830871630428217,0.04548317559905388,0.730555868722576
0.17962686973610914,0.18966982687956416,0.6307033033843268,0.39537053985366283
0.26455539335062866,0.5688566029369793,0.166588003712392,0.8083336798413293
0.045378453005219886,0.44502124443278296,0.5096003025619972,0.29537049698669426
0.2766029860648789,0.494827714289667,0.22856929964545425,0.800926269258591
0.5589903478229773,0.42155153551358915,0.0194581166634335,0.730555868722576
0.09860460463273812,0.027580614499026452,0.8738147808682354,0.273148265238479
0.10878809269026386,0.20479008871973284,0.6864218185900032,0.30833346550648644
0.1289426649442076,0.23756143299551882,0.6334959020602735,0.3398149604831247
0.38091819690925793,0.11744638833228357,0.5016354147584585,0.6305558258556074
0.03922852834402797,0.5924051938401458,0.3683662778158262,0.29722234963237887
0.214285257951744,0.4380797007102858,0.34763504133797,0.5787039517764385
0.06428057270151538,0.6944363421778187,0.24128308512066587,0.36944460281407837
0.38361082910852223,0.527264334191432,0.08912483670004583,0.8342596168809139
0.12505372013436253,0.2774606793443002,0.5974856005213373,0.3453705184201785
0.4627267259824701,0.5353786181553463,0.0018946558621836527,0.7027780790373069
0.4745855257957939,0.3586717709524244,0.16674270325178167,0.9009263121255595
0.03752314714293831,0.12105309252667135,0.8414237603303905,0.19722230676541025
0.16712182080825919,0.31313216335222976,0.519746015839511,0.4231483295389319
0.06189920048365451,0.4886201605446552,0.44948063897169016,0.31574087608922485
0.2171684726844355,0.5148495087401708,0.2679820185753937,0.6101854467530767
0.25526763264633795,0.02861777755319337,0.7161145898004686,0.4638890877439932
0.6479794148883843,0.049027135483984206,0.3029934496276316,0.7638892163448989
0.8473384580287129,0.09713942448644472,0.05552211748484242,0.7194447528484684
0.12944605299037013,0.8171896891198484,0.05336425788978153,0.4620372350983085
0.39539234693091263,0.5084030368324056,0.09620461623668178,0.8527781433377598
0.471707037756912,0.16602464730889066,0.3622683149341974,0.7601855110535296
0.5380049972995683,0.4112786828382134,0.050716319862218195,0.7675929216362681
0.752494651550155,0.16138026626849972,0.08612508218134517,0.7472225425337374
0.02013765169120952,0.4323493166851159,0.5475130316236747,0.2546297387816329
0.016875763454987425,0.7240151827216473,0.2591090538233652,0.27129641259279436
0.4313695890160119,0.07977057522553552,0.4888598357584526,0.6675928787692995
0.1439279247978913,0.8125237502228593,0.04354832497924945,0.48240761420083916
0.13353506150768676,0.038557382979360545,0.8279075555129527,0.3305556972547017
0.6037634021324071,0.08583913382454117,0.31039746404305163,0.7787040375103758
0.5206918829880781,0.24821023694582384,0.23109788006609813,0.8768522277316597
0.10449269187840092,0.03688159655475498,0.8586257115668442,0.28240752846690204
0.6195192941987034,0.26928222950067315,0.1111984763006235,0.7990744166129063
0.10744212254479932,0.3237676868819901,0.5687901905732107,0.3453705184201785
0.4619081003253545,0.3205337660848781,0.2175581335897674,0.9157411332910363
0.034434712448289405,0.06906953420594836,0.8964957533457623,0.19351860147404104
0.8891645545314215,0.008810276821506308,0.10202516864707223,0.721296605494153
0.8579103792871556,0.0039970276852902935,0.13809259302755422,0.7324077213682606
0.26274055494062215,0.38875117389943675,0.34850827115994115,0.6490743523124535
0.14345902756529266,0.7035497008615366,0.1529912715731708,0.5231483724059005
0.13984639237371033,0.4875564852080156,0.37259712241827414,0.44351870864146253
0.49738400484174694,0.28177334139132015,0.22084265376693293,0.8916670488971365
0.11371632567182256,0.5300017844775718,0.35628188985060566,0.41203721366482426
0.06369276038032336,0.8225877364895003,0.11371950313017633,0.3453705184201785
0.4630654715588086,0.2074661559601898,0.32946837248100164,0.7953707113215371
0.31223573426115026,0.3845329702866843,0.30323129545216543,0.7620373636992143
0.11879052376637675,0.7009701415823247,0.18023933465129863,0.4731483509724162
0.019591016341379865,0.825271181986636,0.15513780167198415,0.2861112337582712
0.337363155460469,0.3680345854776456,0.2946022590618854,0.800926269258591
0.1484837005133142,0.005003332230153955,0.8465129672565318,0.34351866577449397
0.07684568161820927,0.4675650846147629,0.4555892337670277,0.3398149604831247
0.696609755662995,0.12671453882477898,0.17667570551222614,0.7879633007387988
0.7706478406000515,0.15421085215707087,0.07514130724287751,0.7398151319509991
0.17110210689455846,0.5785064635546089,0.2503914295508327,0.5546298673825387
0.4440660232750137,0.05377965361242831,0.5021543231125578,0.6546299102495072
0.8395087011737,0.027480149439579254,0.1330111493867208,0.7361114266596298
0.45202162808344376,0.2907853650691405,0.2571930068474157,0.8731485224402905
0.6045290861201931,0.22215280293063516,0.17331811094917188,0.8212966483611216
0.3105644275067499,0.31130528362195514,0.378130288871295,0.6842595525804609
0.633830286851903,0.18566580144428477,0.18050391170381222,0.8120373851326986
0.4146228588528759,0.27186204580101125,0.3135150953461127,0.8138892377783832
0.3774854820149645,0.5245010397821833,0.09801347820285207,0.847222585400706
0.3286262324506249,0.06887146702549315,0.602502300523882,0.5509261620911695
0.025322699024179687,0.43348633977959655,0.5411909611962237,0.2601852967186868
0.26748568238141895,0.7079745272591942,0.024539790359386887,0.6083335941073922
0.01719218659523959,0.7810982172959581,0.20170959610880237,0.2861112337582712
0.05796842758229435,0.31509963299273364,0.6269319394249719,0.28240752846690204
0.18593419314056392,0.7458381130627546,0.06822769379668149,0.5750002464850694
0.033397705499651244,0.47700695080899974,0.48959534369134894,0.27685197052984817
0.1681631354050983,0.21464424883614652,0.6171926157587554,0.3787038660425014
0.2688011019674975,0.14434670363563162,0.586852194396871,0.5046298459490544
0.3237708800214549,0.5924753393902298,0.08375378058831541,0.7898151533844833
0.0050143499659407445,0.6419629280385774,0.35302272199548196,0.24722232819889453
0.6244163872048456,0.275779938287404,0.0998036745077504,0.7861114480931142
0.13556330035582795,0.2295019528322724,0.6349347468118995,0.34351866577449397
0.47107936552957785,0.40553400320983557,0.12338663126058654,0.8824077856687135
0.590637932703909,0.2552769693583828,0.1540850979377084,0.8212966483611216
0.5330561095781287,0.3065468995297107,0.16039699089216064,0.856481848629129
0.23496316855666566,0.757295001074324,0.007741830369010333,0.5546298673825387
0.5818286848377707,0.22208439208269254,0.1960869230795367,0.837963322172283
0.5099094785168323,0.32063470343337513,0.1694558180497924,0.8824077856687135
0.07245766157423153,0.47611088748222535,0.4514314509435431,0.3342594025460709
0.15006323344749403,0.44886023324091157,0.40107653331159443,0.44722241393283174
0.4756974787407237,0.5012504427395168,0.023052078519759444,0.7435188372423682
0.21812046854973627,0.45685341293756293,0.32502611851270086,0.5990743308789692
0.6077776531820033,0.3365420060044088,0.05568034081358786,0.7564818057621605
0.06485242409771076,0.9113368832705655,0.023810692631723824,0.3268519919633325
0.19347372919571776,0.6184450453654297,0.1880812254388526,0.6342595311469766
0.2301083857568951,0.4828040689549315,0.2870875452881733,0.6361113837926613
0.1916985337875866,0.6897247816813465,0.11857668453106673,0.6342595311469766
0.5578257343710126,0.40476438405074333,0.037409881578244084,0.7490743951794221
0.3658238300985803,0.5405886584534983,0.09358751144792142,0.8398151748179676
0.07504561386730009,0.8690893598042213,0.055865026328478506,0.3250001393176479
0.16914057542675212,0.8204919141142114,0.010367510459036508,0.4916668774292622
0.7866623484567152,0.15461334573806895,0.05872430580521578,0.7287040160768914
0.2785162588260525,0.2314206411589303,0.4900631000150171,0.5379631935713772
0.40415145847658,0.49503568973013556,0.10081285179328432,0.8620374065661829
0.06050657128917252,0.4301821019842771,0.5093113267265504,0.3212964340262787
0.823617724590119,0.09410125119180468,0.08228102421807627,0.7287040160768914
0.3267200262572504,0.09089410633291176,0.582385867409838,0.5583335726739079
0.5006016460840523,0.14349770898072978,0.3559006449352179,0.7638892163448989
0.36560739970850487,0.02832896750541491,0.6060636327860801,0.5824076570678077
0.24771668733941557,0.6164980562155253,0.13578525644505915,0.7564818057621605
0.817609701002649,0.1784460045879564,0.003944294409394716,0.6675928787692995
0.8307502653407672,0.03372654915886588,0.13552318550036688,0.7361114266596298
0.43707272748924436,0.43867361508505204,0.1242536574257036,0.8861114909600827
0.5147307461107082,0.3065083285260053,0.1787609253632864,0.8861114909600827
0.1369064083170178,0.3835309735779186,0.4795626181050636,0.4138890663105088
0.4866147109387533,0.48370892053319353,0.029676368528053176,0.7472225425337374
0.44323685224186554,0.03852481856726502,0.5182383291908695,0.6435187943753997
0.18197086971480333,0.6830268596770777,0.1350022706081189,0.6101854467530767
0.07271508296937997,0.09012012212918655,0.8371647949014336,0.24351862290752535
0.831977458875972,0.09211291134056321,0.0759096297834649,0.7250003107855223
0.4013405537018011,0.02511555386848035,0.5735438924297187,0.6009261835246538
0.8759368436583361,0.06067115244861965,0.06339200389304421,0.7138891949114146
0.8224070066806621,0.08934747196421716,0.08824552135512075,0.730555868722576
0.18855261194087083,0.33108197178470145,0.4803654162744278,0.45648167716125476
0.7145572286555928,0.24093592602880004,0.044506845315607155,0.7194447528484684
0.5229651206597603,0.28473146253466863,0.192303416805571,0.8768522277316597
0.7483474906328611,0.03724936848377256,0.21440314088336646,0.7453706898880528
0.016272208670737358,0.901144779440199,0.08258301188906364,0.23240750703341773
0.09736925306103843,0.09624171850323886,0.8063890284357227,0.27129641259279436
0.24825748380058205,0.15858977063062266,0.5931527455687952,0.47685205626378535
0.1656681832252101,0.1186518519737741,0.7156799648010159,0.3601853395856554
0.07092747238385677,0.9256453068688262,0.0034272207473170883,0.32870384460901714
0.6076169042215978,0.00765374540958339,0.38472935036881883,0.7250003107855223
0.12970104084569878,0.8570440771709933,0.013254881983307992,0.44166685599577793
0.16042317597164196,0.6924042987479755,0.14717252528038252,0.5564817200282234
0.355952054780686,0.42669324942481535,0.21735469579449865,0.9250003965194594
0.23630079224030145,0.21001961199611185,0.5536795957635868,0.47685205626378535
0.013759361924357187,0.09757649563429739,0.8886641424413455,0.1768519276628796
0.5836771878446138,0.16064710580904318,0.2556757063463431,0.8194447957154369
0.28095066597079005,0.18022800377281356,0.5388213302563963,0.5287039303429543
0.31293333183240934,0.6289795600783553,0.05808710808923543,0.7379632793053145
0.40068705628112256,0.4683514771207757,0.13096146659810165,0.9027781647712442
0.27242959344177,0.13136976384310883,0.5962006427151212,0.515740961823162
0.3078126585684222,0.047324991118952116,0.6448623503126257,0.5287039303429543
0.2874788193106803,0.4974344644869697,0.21508671620234998,0.8268522062981755
0.2267658552417338,0.1292499081043379,0.6439842366539283,0.45092611922420095
0.9649638853434223,0.02221044762810585,0.012825667028471863,0.6731484367063533
0.07266585731781436,0.255935134869969,0.6713990078122167,0.28796308640395585
0.10556193182203012,0.5839398032321723,0.3104982649457975,0.4138890663105088
0.48853883063846254,0.2573845015429199,0.25407666781861743,0.8675929645032366
0.42511348603869586,0.3601914122906641,0.21469510167064007,0.9490744809133592
0.015537787591688943,0.5356509180688355,0.4488112943394757,0.2546297387816329
0.5567830748152373,0.3879877920015147,0.05522913318324809,0.7694447742819527
0.2342119523329944,0.46292626228428807,0.3028617853827175,0.6342595311469766
0.278232868823648,0.5863518308337038,0.1354153003426482,0.8083336798413293
0.7210809885599322,0.21814572873814747,0.060773282701920325,0.7379632793053145
0.4420098044234096,0.3820241389008431,0.17596605667574736,0.9305559544565132
0.0612311708540044,0.5656032056321748,0.3731656235138208,0.3305556972547017
0.35866398232952285,0.17797623905974633,0.4633597786107308,0.6435187943753997
0.21587377409103642,0.22134903689082178,0.5627771890181418,0.4601853824526239
0.749046156751271,0.2086117880995713,0.042342055149157655,0.7175929002027838
0.39159748644791975,0.26951465319494816,0.3388878603571322,0.7750003322190064
0.5975899441206195,0.3658495068567259,0.03656054902265465,0.7379632793053145
0.23705189260862644,0.4894919396651263,0.2734561677262472,0.6638891734779303
0.17181495098454783,0.7003353556168941,0.12784969339855798,0.5842595097134924
0.2616613139473411,0.555171192670583,0.18316749338207577,0.7972225639672218
0.16375318878305767,0.33372601256913653,0.5025207986478057,0.4250001821846165
0.046134125479944194,0.7573884476372567,0.19647742688279912,0.3398149604831247
0.0618887444439643,0.1273234067405177,0.8107878488155179,0.23055565438773312
0.3261046718027845,0.19158764707565887,0.4823076811215566,0.613889152044446
0.5587569292303316,0.16051976951225225,0.2807233012574162,0.8120373851326986
0.30364974831480024,0.3651282882628165,0.3312219634223832,0.7194447528484684
0.6210447870750281,0.12174047474872596,0.257214738176246,0.800926269258591
0.5656725545032719,0.16000947669952795,0.2743179687972001,0.8138892377783832
0.4255752951204173,0.4805305045871968,0.09389420029238592,0.8416670274636522
0.26195560161621245,0.46226607198614117,0.2757783263976463,0.7083336369743608
0.11070083034162473,0.15321247223726053,0.7360866974211147,0.29537049698669426
0.16696466656196238,0.3272799291084836,0.505755404329554,0.42870388747598565
0.4159040644971663,0.014226645398236544,0.5698692901045971,0.6009261835246538
0.314635963074597,0.027146653012067375,0.6582173839133354,0.5268520776972697
0.8675739358644836,0.021554421752572255,0.11087164238294415,0.7268521634312068
0.5089319868111366,0.42780423502421516,0.06326377816464825,0.7805558901560603
0.172675855476509,0.34019644258767257,0.4871277019358185,0.43796315070440867
0.47108856281826866,0.2251792012037274,0.303732235978004,0.8157410904240678
0.8073909322711142,0.021925554630478045,0.17068351309840765,0.7416669845966837
0.29594521685009284,0.5342838914395488,0.16977089171035847,0.8675929645032366
0.5180844764115217,0.07732517241423456,0.40459035117424375,0.721296605494153
0.562589723287336,0.2053980026727833,0.2320122740398808,0.8527781433377598
0.5366304628432651,0.02297061546209245,0.44039892169464245,0.6972225211002532
0.3118080033490024,0.5207576237844967,0.16743437286650098,0.8898151962514519
0.5205982028356243,0.21190283603820087,0.26749896112617494,0.8490744380463907
0.6659211973927287,0.2951803263968517,0.0388984762104197,0.7287040160768914
0.25485007118909864,0.29245752459033314,0.4526924042205682,0.5490743094454849
0.5457787581077966,0.1318333875446826,0.32238785434752076,0.7898151533844833
0.19318690333115135,0.4446127379440281,0.3622003587248206,0.5305557829886389
0.07753892832662193,0.7585022220076386,0.1639588496657395,0.389814981916609
0.49776042943038484,0.19731233243053384,0.30492723813908135,0.8064818271956448
0.4251843094296597,0.26381703650955096,0.31099865406078947,0.8268522062981755
0.11999809796579808,0.06807965358499343,0.8119222484492085,0.3064816128608019
0.061707669059633465,0.5485006566439771,0.38979167429638945,0.3324075499003863
0.8657830840692022,0.025473587805167015,0.10874332812563078,0.7268521634312068
0.4849980241030689,0.2788786950040909,0.23612328089284024,0.8935189015428212
0.18756676263135966,0.11784398236348996,0.6945892550051505,0.380555718688186
0.6146870889739636,0.18870480755198327,0.19660810347405325,0.8194447957154369
0.16398933629138696,0.7326281302816836,0.10338253342692959,0.5861113623591769
0.23649012259217653,0.33509024874637816,0.4284196286614453,0.5472224567998003
0.2067422633248116,0.0908427760967176,0.7024149605784709,0.41203721366482426
0.24702111773943553,0.6313664645039063,0.12161241775665825,0.7453706898880528
0.44637651711587434,0.51742016506458,0.036203317819545604,0.7472225425337374
0.6616900503130235,0.23274446886470618,0.1055654808222703,0.7861114480931142
0.6918681528711579,0.05851225618849956,0.24961959094034267,0.7601855110535296
0.10253975876684629,0.3991984874514663,0.49826175378168736,0.36574089752270916
0.4365573488872727,0.307539955738703,0.2559026953740243,0.8861114909600827
0.08833128850426018,0.5461073337785648,0.36556137771717495,0.371296455459763
0.6988031532371671,0.027660675368110947,0.27353617139472197,0.7472225425337374
0.912021110838468,0.06545426763368885,0.0225246215278432,0.6768521419977226
0.33368577195858257,0.21097500791799978,0.45533922012341765,0.6324076785012921
0.0767454161193318,0.8084716623385089,0.11478292154215947,0.3731483081054476
0.08746558171289821,0.0878225879059991,0.8247118303811027,0.2583334440730022
0.4801181019806399,0.32486151354559767,0.19502038447376235,0.908333722708298
0.488676392401731,0.11611356432428101,0.39521004327398795,0.7268521634312068
0.34574331240549666,0.28287226575463376,0.37138442183986947,0.7138891949114146
0.14734656213199204,0.565638021131025,0.28701541673698283,0.5009261406576851
0.08672464018940323,0.7543172392920171,0.15895812051857952,0.41203721366482426
0.18978045085209,0.5733699431884421,0.23684960595946786,0.5990743308789692
0.031688594213881774,0.7164442489191025,0.25186715686701566,0.3027779075694326
0.1907687580766649,0.07015459944168982,0.7390766424816454,0.3916668345622936
0.2435578926572479,0.1918749866554601,0.5645671206872921,0.47685205626378535
0.7428094719599925,0.07862708869952,0.17856343934048763,0.7583336584078452
0.16982458773810347,0.8098991962451485,0.020276216016748068,0.5009261406576851
0.19285786655642256,0.32856713099058327,0.47857500245299417,0.4620372350983085
0.18544079819516493,0.76262913494283,0.051930066862005096,0.5546298673825387
0.7446016131458217,0.05419550120526963,0.20120288564890865,0.7527781004707913
0.7905634105225301,0.08045381747028049,0.12898277200718933,0.7472225425337374
0.3579349011767193,0.35571445905922133,0.28635063976405933,0.8268522062981755
0.5246944862535486,0.34675391083471807,0.12855160291173337,0.8527781433377598
0.14066945285886695,0.06645793150447024,0.7928726156366629,0.33611125519175555
0.43611192885485806,0.25513263187489627,0.3087554392702458,0.8250003536524908
0.7372286992523779,0.04170352724950831,0.22106777349811382,0.7509262478251066
0.4225027741451355,0.566544321157014,0.010952904697850463,0.693518815808884
0.368622869045938,0.48212885450763254,0.1492482764464294,0.9212966912280902
0.23959301492067833,0.5136782831502024,0.24672870192911925,0.7027780790373069
0.08455485602465654,0.4386877729582452,0.47675737101709825,0.3490742237115477
0.11973736421019784,0.28932051227570854,0.5909421235140936,0.3398149604831247
0.783101575514349,0.18067185895305574,0.036226565532595366,0.7083336369743608
0.6813838737613407,0.2969594678990217,0.02165665833963765,0.71203734226573
0.47789194915576744,0.3842689059589375,0.13783914488529486,0.8861114909600827
0.6127350774919871,0.34869604601501275,0.038568876493,0.7398151319509991
0.20045257669872585,0.797267878671348,0.002279544629926039,0.5046298459490544
0.2408691015006415,0.3014638012089173,0.45766709729044125,0.5324076356343235
0.7477834473548483,0.12597059965609333,0.12624595298905844,0.7564818057621605
0.6096853544849761,0.2743578375541667,0.11595680796085706,0.8046299745499601
0.6352138865659335,0.16012111690790604,0.20466499652616046,0.8083336798413293
0.18665514191598773,0.14687982817676046,0.6664650299072519,0.39907424514503204
0.19403664924356046,0.3746354467486619,0.4313279040077777,0.49537058272063145
0.010150840070237697,0.8388615086366155,0.1509876512931469,0.27129641259279436
0.8233462253079741,0.040824120970964245,0.13582965372106173,0.7379632793053145
0.013610311089160481,0.8799726502796222,0.10641703863121733,0.24722232819889453
0.3833350558771933,0.02941552901814523,0.5872494151046614,0.5972224782332846
0.08572031256233296,0.8307474759544533,0.08353221148321374,0.3601853395856554
0.23836489273394335,0.041949907229205705,0.7196852000368509,0.4527779718698855
0.34755194818403323,0.02839037301869617,0.6240576787972705,0.5601854253195926
0.313164019549767,0.38542047588396455,0.3014155045662683,0.7620373636992143
0.34117938493618094,0.5464242271439033,0.11239638791991577,0.8546299959834445
0.03936840430955873,0.3879786052010151,0.572652990489426,0.26944455994710975
0.25734528338106377,0.17387459325940388,0.5687801233595323,0.487963172137893
0.7288471701139845,0.035665188599305404,0.23548764128671024,0.7472225425337374
0.5329332349552636,0.4554358800611504,0.011630884983586122,0.7194447528484684
0.15415655953045718,0.1613846808691063,0.6844587596004366,0.3601853395856554
0.011448512195113315,0.06322299699345585,0.9253284908114309,0.17129636972582582
0.12884855479993138,0.6929254942031425,0.17822595099692604,0.49537058272063145
0.06292754899960556,0.16739390553813602,0.7696785454622584,0.24351862290752535
0.45924811147853695,0.42067718079271044,0.12007470772875267,0.8842596383143981
0.6567855511542756,0.13660844110982584,0.20660600773589852,0.7935188586758525
0.9567449673768983,0.005524181245455949,0.03773085137764574,0.6842595525804609
0.5064726955817317,0.05843941421859961,0.4350878901996688,0.7046299316829916
0.2394122292024774,0.1497574066891623,0.6108303641083603,0.4638890877439932
0.7029717049397848,0.1728903717928538,0.1241379232673615,0.7750003322190064
0.2839255231657658,0.5305354228855281,0.1855390539487061,0.837963322172283
0.4239383127233519,0.22815226617165552,0.34790942110499257,0.7787040375103758
0.14739554594036058,0.08973517881782828,0.7628692752418111,0.34351866577449397
0.3982243025754077,0.04168040354880702,0.5600952938757852,0.6101854467530767
0.1476437343617977,0.4969629026678385,0.3553933629703638,0.4638890877439932
0.6226302626216264,0.025552091392742546,0.35181764598563114,0.7509262478251066
0.3746747626248611,0.48207404468496845,0.14325119269017045,0.917592985936721
0.024553716514062084,0.2947254316551433,0.6807208518307946,0.2194445385136255
0.5957025227891444,0.1504280570455897,0.2538694201652659,0.8083336798413293
0.007137179560344263,0.9446913556715256,0.04817146476813016,0.19537045411972565
0.43235334523372765,0.16115939207082414,0.40648726269544816,0.721296605494153
0.3449118522538693,0.5794212419310872,0.07566690581504357,0.7898151533844833
0.004492712887101488,0.05981548055282127,0.9356918065600772,0.1675926644344566
0.5311918279210335,0.2334113525897221,0.2353968194892444,0.8675929645032366
0.29207012729915505,0.051491077938605856,0.6564387947622392,0.5138891091774774
0.3087504822374763,0.2748950310222669,0.4163544867402569,0.6527780576038227
0.03064956798504756,0.11587197987605445,0.853478452138898,0.18981489618267186
0.0668881926258665,0.7152545340999862,0.2178572732741474,0.3731483081054476
0.387281577195468,0.26752588390556237,0.34519253889896956,0.7675929216362681
0.5165492736414611,0.14345127508861025,0.3399994512699286,0.7805558901560603
0.14370105635892602,0.24225848737984507,0.6140404562612289,0.3601853395856554
0.8281560767656188,0.15195188162981113,0.019892041604570174,0.6750002893520379
0.24120794278506838,0.7169251089882553,0.04186694822667633,0.6101854467530767
0.3427530374927144,0.4539496143984947,0.2032973481087909,0.9342596597478824
0.885351886671675,0.06772022299534056,0.04692789033298426,0.7083336369743608
0.4131636956031948,0.21699985510494485,0.3698364492918605,0.7509262478251066
0.2226092205863216,0.11036219060557949,0.667028588808099,0.4398150033500933
0.5164627948133951,0.38141826856001726,0.10211893662658769,0.8398151748179676
0.621272608985925,0.3118406984451442,0.06688669256893072,0.7675929216362681
0.44194290850332846,0.026085474610700717,0.5319716168859707,0.6379632364383458
0.37474656425062053,0.12990490717681685,0.4953485285725626,0.6342595311469766
0.4106945297801223,0.2622865325031755,0.3270189377167022,0.7972225639672218
0.2593706995348154,0.2842927927532984,0.4563365077118862,0.5583335726739079
0.23749199378525815,0.555795094893142,0.20671291132159986,0.7398151319509991
0.6005478751679023,0.3939563273102975,0.005495797521800205,0.7083336369743608
0.3045053726293183,0.6458982097020216,0.04959641766865993,0.7027780790373069
0.25091251208988996,0.7387617433415312,0.010325744568578881,0.5675928359023309
0.28940680353769843,0.08543526045180996,0.6251579360104915,0.5268520776972697
0.5008790970219809,0.40822504579943986,0.09089585717857938,0.8324077642352292
0.4686558420734597,0.44040996106299557,0.09093419686354463,0.8490744380463907
0.6514360526261003,0.013913431345125533,0.33465051602877405,0.7435188372423682
0.5562032677884938,0.2733980478813342,0.17039868433017197,0.8435188801093368
0.411329029721039,0.1433572266887163,0.4453137435902447,0.6805558472890918
0.05532115172016609,0.3100085889157033,0.6346702593641307,0.27685197052984817
0.5336147210663785,0.1309490939803891,0.33543618495323246,0.7787040375103758
0.6398903791420809,0.2819517802927797,0.07815784056513943,0.7675929216362681
0.011835762523546203,0.9778638209687541,0.010300416507699674,0.19722230676541025
0.36907012455110744,0.13375776280188492,0.4971721126470076,0.6342595311469766
0.19511811950891322,0.7523255703600742,0.05255631013101263,0.5731483938393848
0.555192396055739,0.19580868027651038,0.24899892366775062,0.847222585400706
0.13721749512168357,0.28747518517677045,0.5753073197015459,0.36203719223133995
0.5733767056492431,0.21209889888722808,0.21452439546352875,0.8416670274636522
0.774328455016957,0.15791339808265495,0.06775814690038816,0.7361114266596298
0.3882459326383796,0.300200513739557,0.31155355362206344,0.8064818271956448
0.8133901113586705,0.13147226288901262,0.055137625752316864,0.7250003107855223
0.8083385714974177,0.10255291161149124,0.08910851689109098,0.7324077213682606
0.25992213005345205,0.05622204816346763,0.6838558217830805,0.47870390890946996
0.7087517267641842,0.04301190623760577,0.24823636699820986,0.754629953116476
0.3747354714268252,0.5135347535924801,0.11172977498069467,0.8638892592118675
0.16211134484247036,0.03117428280176015,0.8067143723557696,0.36388904487702456
0.063162845464053,0.6854655279958282,0.2513716265401188,0.35833348693997075
0.48819334728743735,0.3750056738602078,0.13680097885235482,0.8787040803773444
0.29897256112527143,0.383417453148684,0.31760998572604465,0.7287040160768914
0.7550635137515422,0.21518662306937206,0.029749863179085692,0.6972225211002532
0.42110440348774497,0.26066433303197634,0.3182312634802786,0.8194447957154369
0.8835919493212915,0.03196860706375184,0.08443944361495656,0.7157410475570992
0.5111413986680803,0.4286965330288706,0.0601620683030492,0.7768521848646911
0.7692431778093795,0.11556093689745131,0.11519588529316933,0.7490743951794221
0.3035604466628449,0.35434810413717416,0.34209144919998097,0.7157410475570992
0.038317479129323866,0.838397807008319,0.1232847138623569,0.300926054923748
0.025448813021350502,0.40290302186216703,0.5716481651164825,0.26203714936437134
0.4211745171174954,0.3524663703586675,0.22635911252383725,0.9379633650392516
0.5650914062019385,0.06424929456722833,0.37065929923083324,0.7509262478251066
0.2272099457086924,0.14655096691769806,0.6262390873736096,0.4527779718698855
0.6727237636672184,0.0830129129256098,0.24426332340717177,0.773148479573322
0.36683167478653206,0.025265949639929647,0.6079023755735382,0.5805558044221232
0.3056698547634106,0.2929545049730866,0.40137564026350275,0.6620373208322458
0.5273297581474656,0.12944925558909645,0.3432209862634379,0.7787040375103758
0.25635596697347646,0.09547673124360867,0.6481673017829148,0.48425946684652377
0.3492294895866368,0.23497042825812214,0.4158000821552411,0.6731484367063533
0.3986655055951632,0.24324058418734715,0.35809391021748954,0.7601855110535296
0.3623638092013892,0.3454802742722914,0.2921559165263196,0.8250003536524908
0.3778864564170637,0.0467061534458298,0.5754073901371065,0.5953706255876
0.5361670702772133,0.0077465542391830225,0.45608637548360353,0.6861114052261456
0.07235478301595569,0.21405153647651895,0.7135936805075254,0.27129641259279436
0.047840165399437175,0.4650215401667706,0.4871382944337922,0.29722234963237887
0.6725955003331466,0.006084312083592861,0.32132018758326053,0.7416669845966837
0.16175865627333444,0.669800759131443,0.16844058459522268,0.5712965411937002
0.14446262644042046,0.4826650494046493,0.37287232415493027,0.4453705612871471
0.4949099960611001,0.03700056584851152,0.4680894380903882,0.6768521419977226
0.1733957162711222,0.7335175965499792,0.09308668717889858,0.5861113623591769
0.26364319528854835,0.7078818340688089,0.028474970642642927,0.6083335941073922
0.691564265552217,0.29088649006332146,0.017549244384461694,0.7083336369743608
0.21577620366062195,0.7422042617135781,0.04201953462579992,0.5861113623591769
0.38492506636426527,0.18722611367839587,0.4278488199573388,0.6842595525804609
0.00817248899384638,0.35818935802461105,0.6336381529815426,0.21759268586794092
0.6947870482750202,0.2773077811796794,0.027905170545300416,0.7046299316829916
0.9677841635468509,0.01696748844667399,0.015248348006475107,0.6731484367063533
0.1543493418238297,0.2647671835627178,0.5808834746134526,0.3824075713338706
0.558177708167822,0.28662426122094664,0.15519803061123139,0.8342596168809139
0.835057945086982,0.07926579510366759,0.08567625980935042,0.7287040160768914
0.06065834860361114,0.5376842970578497,0.4016573543385394,0.3268519919633325
0.16895528883282648,0.05823086106229792,0.7728138501048755,0.371296455459763
0.24181168722105534,0.07262252997768516,0.6855657828012596,0.4620372350983085
0.045419978120736074,0.15704192166239214,0.7975381002168719,0.2212963911593101
0.26309819116717925,0.4918989473152971,0.2450028615175237,0.7583336584078452
0.0643477394553946,0.8299449395217066,0.10570732102289901,0.3398149604831247
0.8175797330128334,0.09515114035222011,0.08726912663494643,0.7287040160768914
0.020459640881492467,0.6821783507473242,0.2973620083711832,0.28425938111258664
0.32820969171797354,0.1053026062414945,0.5664877020405319,0.5694446885480156
0.05496251787817593,0.5436160114191484,0.40142147070267575,0.31574087608922485
0.30907862027548344,0.3907143581347459,0.3002070215897707,0.7583336584078452
0.8499279251650507,0.12151317398066223,0.02855890085428713,0.693518815808884
0.4985555742600434,0.1884647789106572,0.31297964682929946,0.800926269258591
0.7175789796475869,0.13631387027256023,0.1461071500798529,0.7768521848646911
0.5953269779517103,0.2895162167560683,0.11515680529222123,0.8157410904240678
0.4188590561211892,0.04109054019015368,0.5400504036886571,0.623148415272869
0.13729247480399806,0.6998892973919755,0.1628182278040265,0.506481698594739
0.8748409925676751,0.016835858113167755,0.108323149319157,0.7268521634312068
0.2409388583258843,0.3160720887845231,0.4429890528895926,0.5379631935713772
0.09854655089555799,0.3393295510748246,0.5621238980296174,0.3398149604831247
0.6851983239728939,0.018301986714360237,0.2964996893127458,0.7564818057621605
0.02355995850792971,0.058899344910249236,0.9175406965818211,0.18240748559993344
0.08505540134382321,0.3822767460998691,0.5326678525563078,0.3324075499003863
0.5935798121859749,0.40161224689521285,0.0048079409188122755,0.7138891949114146
0.3249033911878773,0.5994886397555411,0.07560796905658149,0.7787040375103758
0.7887932349646694,0.06169123233412781,0.14951553270120269,0.7472225425337374
0.34023288598445245,0.09579634679197564,0.5639707672235721,0.5712965411937002
0.38914945025357905,0.5365347216745856,0.07431582807183515,0.8120373851326986
0.14040318039255517,0.08460048654905095,0.7749963330583939,0.3342594025460709
0.30567806387519936,0.008003757728685097,0.6863181783961154,0.5194446671145312
0.025815750575197787,0.37697854688155824,0.5972057025432439,0.2601852967186868
0.41637874049510293,0.25459460513430854,0.32902665437058864,0.7990744166129063
0.18981710207066632,0.7719586112187553,0.03822428671057838,0.5361113409256927
0.47460348805710145,0.16715525589389077,0.35824125604900786,0.7638892163448989
0.2528501664513203,0.4332619210712437,0.31388791247743586,0.6583336155408764
0.8992201413668154,0.05821988926967391,0.04255996936351065,0.6972225211002532
0.11300317430517841,0.06920144596857823,0.8177953797262434,0.29166679169532506
0.056465699685731126,0.8497900070964262,0.09374429321784267,0.3212964340262787
0.07090589564654613,0.5499353054766563,0.37915879887679765,0.3490742237115477
0.24891866331545473,0.2925815159631972,0.45849982072134815,0.5398150462170619
0.027162002747790074,0.5873754196426373,0.3854625776095727,0.28240752846690204
0.4353697913630838,0.09222055082711024,0.47240965780980587,0.6731484367063533
0.18546639766748016,0.0770504937932401,0.7374831085392798,0.3861112766252398
0.1573495645220139,0.5135624823491499,0.32908795312883615,0.48240761420083916
0.5810557134312064,0.2372282919840152,0.18171599458477838,0.8342596168809139
0.09465512145709418,0.8969884033521579,0.008356475190748022,0.3879631292709244
0.5832444244214401,0.24986002773672764,0.1668955478418322,0.8305559115895447
0.3209215029327628,0.16564586605217857,0.5134326310150589,0.5935187729419154
0.7259706439678111,0.17215460513704328,0.10187475089514579,0.7638892163448989
0.25146593377299187,0.6822419860563163,0.06629208017069178,0.6694447314149841
0.29604611275862186,0.3030439081573048,0.40090997908407333,0.6490743523124535
0.03715691655048511,0.331402685641597,0.6314403978079178,0.2657408546557406
0.049227529143886575,0.06740720311747836,0.883365267738635,0.2101852752852025
0.07119293454902587,0.6870953662468368,0.24171169920413732,0.3750001607511322
0.09728121461451752,0.7008453257873737,0.20187345959810873,0.43611129805872406
0.34986960700117165,0.21531667281835504,0.43481372018047326,0.6638891734779303
0.04290400493243297,0.11919663266315789,0.8378993624044091,0.2027778647024641
0.16953860755649258,0.60712987443713,0.22333151800637738,0.5750002464850694
0.2896915004380522,0.0273650220424646,0.6829434775194831,0.506481698594739
0.6363507057373337,0.2833227303130564,0.08032656394960984,0.773148479573322
0.13982333914431055,0.5512864088751456,0.3088902519805439,0.48240761420083916
0.6750944047235673,0.21555068934677588,0.10935490592965684,0.7768521848646911
0.40515742995220344,0.5177136291507054,0.07712894089709117,0.8231485010068061
0.11804815996031537,0.02403923747068786,0.8579126025689968,0.3027779075694326
0.3034096190025948,0.1791556556373884,0.5174347253600167,0.5842595097134924
0.36039685826202317,0.19366918366668884,0.4459339580712879,0.6583336155408764
0.3473406181633098,0.1788804461589736,0.4737789356777166,0.6361113837926613
0.016443756271334917,0.2119112242935279,0.7716450194351373,0.19166674882835644
0.051978254886419356,0.16864964824639866,0.779372096867182,0.23055565438773312
0.7140482447704869,0.09990271555747682,0.18604903967203634,0.7712966269276373
0.009398795647208984,0.03554212301246662,0.9550590813403244,0.165740811788772
0.5248859307320352,0.000774583952572234,0.47433948531539244,0.6712965840606687
0.2792327220923661,0.5546066717163389,0.16616060619129497,0.8398151748179676
0.2905006940593918,0.26895847461173245,0.44054083132887584,0.5861113623591769
0.27402560105594254,0.055439988043580364,0.6705344109004772,0.49537058272063145
0.4756494755999387,0.0879245133242614,0.43642601107580004,0.7009262263916224
0.7424808444202837,0.02089642751129399,0.23662272806842238,0.7435188372423682
0.20891443520301525,0.7216367357121235,0.06944882908486136,0.6101854467530767
0.2001512134964774,0.308936712831161,0.4909120736723615,0.4601853824526239
0.41071877689547037,0.2456205978544144,0.34366062525011526,0.7712966269276373
0.698685279073463,0.29070348796626455,0.010611232960272499,0.6990743737459377
0.5376823903430087,0.23528862435569706,0.2270289853012942,0.8694448171489213
0.13354364950637465,0.5912400856427923,0.2752162648508331,0.48240761420083916
0.4705492690914068,0.05035078079461527,0.47909995011397805,0.6731484367063533
0.660254064057038,0.004384083327620683,0.3353618526153412,0.7361114266596298
0.12761930208317118,0.4998287176103587,0.3725519803064701,0.4194446242475627
0.19529295802804375,0.3128976996202566,0.4918093423516998,0.4546298245155701
0.2569217122823737,0.19653539109856377,0.5465428966190626,0.4916668774292622
0.3520941550325713,0.30667520176390306,0.3412306432035256,0.7527781004707913
0.23803290399997148,0.7086679665428417,0.05329912945718666,0.6305558258556074
0.6638319900514783,0.004875567653067733,0.331292442295454,0.7379632793053145
0.21230718274735902,0.23464913439701532,0.5530436828556257,0.4453705612871471
0.3620870844352028,0.43828937860589273,0.19962353695890453,0.9546300388504131
0.5832485176534467,0.32185950007269887,0.09489198227385447,0.8027781219042757
0.30888747933423216,0.36843483991572423,0.3226776807500437,0.7453706898880528
0.20147592933122532,0.15456329860912751,0.6439607720596473,0.41203721366482426
0.5190469116444005,0.4625350817366831,0.018418006618916367,0.7342595740139453
0.2971668257221631,0.34055455830490916,0.36227861597292776,0.6861114052261456
0.3381191243884127,0.2971378668749539,0.3647430087366334,0.7194447528484684
0.32972641067492087,0.3818607458637827,0.28841284346129653,0.7953707113215371
0.9294490451226649,0.005494299162184987,0.06505665571515006,0.7009262263916224
0.0022775038557480754,0.31279239073946685,0.684930105404785,0.19166674882835644
0.0942998533215821,0.8846927875761796,0.02100735910223835,0.3842594239795552
0.834538773234316,0.1327071569182979,0.03275406984738601,0.7027780790373069
0.5128066247106453,0.22874454972229777,0.25844882556705684,0.856481848629129
0.13270893993173677,0.5872629984338836,0.28002806163437965,0.47685205626378535
0.14485388973060975,0.3660430927781661,0.48910301749122426,0.4175927716018781
0.3241605596163845,0.5434721831642002,0.1323672572194151,0.8694448171489213
0.1295232455855577,0.740724736842559,0.12975201757188323,0.5027779933033698
0.3559463906690063,0.5900340438892959,0.05401956544169777,0.7657410689905835
0.1891454282988845,0.06693747725107842,0.743917094450037,0.389814981916609
0.21317595768029035,0.5290484044321162,0.2577756378875935,0.6101854467530767
0.010901204294585853,0.24630558450016654,0.7427932112052475,0.19351860147404104
0.19227276413309813,0.35731215748052153,0.4504150783863804,0.487963172137893
0.17960961030275652,0.16534488090586114,0.6550455087913823,0.3861112766252398
0.11350510025867065,0.3927424555669061,0.4937524441744232,0.3768520133968168
0.19616673218857175,0.12160993119529236,0.6822233366161359,0.3935186872079782
0.12349105921613916,0.6646694477515122,0.21183949303234856,0.4805557615551546
0.505290603034637,0.046071767998979614,0.4486376289663834,0.6916669631631994
0.36026848071858114,0.5294793323268383,0.11025218695458061,0.8694448171489213
0.3744339393644741,0.5570549904838498,0.06851107015167615,0.7990744166129063
0.08735987138671468,0.020771877890379032,0.8918682507229062,0.26203714936437134
0.46961029057710085,0.3977301268937172,0.1326595825291819,0.8879633436057673
0.23777855955796903,0.43287764498018316,0.32934379546184783,0.623148415272869
0.7674792531882462,0.025557177302802294,0.20696356950895164,0.7416669845966837
0.22125277190439332,0.2387273873108279,0.5400198407847787,0.4712964983267316
0.1946988811934306,0.7826094240075148,0.02269169479905472,0.5305557829886389
0.048597767162836626,0.5696180793415226,0.38178415349564065,0.3064816128608019
0.6503111135209803,0.16794390010612328,0.18174498637289663,0.8083336798413293
0.7881724515582627,0.07475278502105459,0.13707476342068267,0.7453706898880528
0.3349025612958777,0.5713475907231121,0.09374984798101021,0.8231485010068061
0.3033316018397486,0.029009469120217547,0.6676589290400339,0.5231483724059005
0.08414180445946583,0.24545970634767136,0.6703984891928628,0.2935186443410096
0.4770915020000319,0.345163642769648,0.17774485523031994,0.899074459479875
0.06088304898941166,0.16644318514732942,0.7726737658632589,0.23796306497047154
0.33756405632833025,0.25403863135373556,0.40839731231793414,0.6768521419977226
0.4133591756738897,0.04096576756327894,0.5456750567628312,0.6175928573358153
0.6985866702706416,0.04259295966431886,0.2588203700650395,0.7564818057621605
0.20513431070992807,0.7018836546630717,0.09298203462700039,0.6453706470210843
0.24561155419607086,0.5791381616887784,0.17525028411515087,0.7750003322190064
0.20629307702085203,0.29942095900438837,0.4942859639747596,0.45833352980693937
0.2837370173987627,0.5408021780876967,0.17546080451354037,0.8435188801093368
0.5903451262544896,0.31593225884862974,0.09372261489688065,0.7953707113215371
0.5185953074637006,0.20682508346983983,0.27457960906645945,0.837963322172283
0.05700395569467653,0.8595578681007553,0.0834381762045682,0.3120371707978557
0.3881659954532669,0.3380776640150187,0.2737563405317143,0.856481848629129
0.052367595508768086,0.5135101734336175,0.4341222310576144,0.3064816128608019
0.13521398305832946,0.027776733492397482,0.8370092834492731,0.3305556972547017
0.4810979526999611,0.21735926575433837,0.3015427815457005,0.8157410904240678
0.26515342010723614,0.41053783875462246,0.3243087411381414,0.6675928787692995
0.3126780948015188,0.08531587741501685,0.6020060277834643,0.5453706041541158
0.39653595272979564,0.04863226616628484,0.5548317811039194,0.6120372993987614
0.05370681150971718,0.7383292415077819,0.20796394698250092,0.35092607635723233
0.3646620750259339,0.3511157559385229,0.2842221690355432,0.8324077642352292
0.7770720742716598,0.18091698168548453,0.04201094404285568,0.7138891949114146
0.2723833137281234,0.1006430409941823,0.6269736452776943,0.5046298459490544
0.08228187850836327,0.719305271874111,0.19841284961752575,0.40277795043640124
0.4488375048215205,0.036912905903560264,0.5142495892749193,0.6509262049581381
0.615510964940951,0.16046351696873168,0.2240255180903173,0.810185532487014
0.6191044633458475,0.08220287278173483,0.29869266387241766,0.7750003322190064
0.45209217734746876,0.14067850630237674,0.4072293163501546,0.7231484581398376
0.29179456830499795,0.10807208255706888,0.6001333491379331,0.5361113409256927
0.44154838584594647,0.10670405338168347,0.4517475607723701,0.6879632578718301
0.3442334210764256,0.22707381017924028,0.42869276874433404,0.6638891734779303
0.33766290644706637,0.06513263489034188,0.5972044586625919,0.5638891306109617
0.1076829687297216,0.4275997295063774,0.46471730176390097,0.3731483081054476
0.09445689699815289,0.03626520009492536,0.8692779029069218,0.2657408546557406
0.10353909402408754,0.010075184892002289,0.8863857210839101,0.27685197052984817
0.011099016873671697,0.2214614227355273,0.767439560390801,0.18981489618267186
0.49146754882039717,0.2758709283297676,0.23266152284983513,0.8916670488971365
0.21953214701833823,0.06471375648610457,0.7157540964955571,0.42870388747598565
0.009911052622362767,0.1097443227136126,0.8803446246640246,0.1731482223715104
0.5601346016905885,0.3180871704924549,0.12177822781695669,0.8342596168809139
0.4285401527178607,0.3281234834234407,0.24333636385869847,0.9120374279996671
0.04806448716964441,0.7469374174714892,0.2049980953588663,0.33611125519175555
0.17894066926012223,0.3790429697810677,0.4420163609588101,0.46944464568104693
0.386531738722558,0.2909163897743307,0.3225518715031112,0.7935188586758525
0.009199906440155482,0.44630234025396065,0.5444977533058838,0.23611121232478693
0.011082765991239644,0.172057780976965,0.8168594530317955,0.18611119089130265
0.1275472016736676,0.662858757803637,0.2095940405226953,0.49537058272063145
0.0030390821695665655,0.06878687839919727,0.9281740394312361,0.1638889591430874
0.2943143307451482,0.583904287224489,0.12178138203036284,0.8231485010068061
0.0766713264251175,0.5237190263916195,0.39960964718326286,0.3453705184201785
0.7064038545976302,0.039202270313540455,0.2543938750888295,0.754629953116476
0.08592373507448338,0.20747469674053112,0.7066015681849855,0.2861112337582712
0.39910085736822737,0.2911140420944187,0.3097851005373539,0.810185532487014
0.1404875981919418,0.3510565751587194,0.5084558266493387,0.4064816557277704
0.6175740739274157,0.30714416345283313,0.07528176261975117,0.7694447742819527
0.572667505383579,0.28287151705818536,0.1444609775582357,0.8268522062981755
0.43788072542244966,0.009334908207191815,0.5527843663703585,0.6157410046901306
0.22840746272769558,0.37417089263436815,0.3974216446379364,0.5675928359023309
0.5344537641118616,0.2399662333657401,0.22558000252239807,0.8712966697946058
0.07167556977249499,0.7592411822280115,0.16908324799949365,0.3768520133968168
0.4185068223544135,0.2246725833103227,0.35682059433526386,0.7601855110535296
0.030599102958306285,0.06369387100836225,0.9057070260333315,0.19166674882835644
0.46491767421195385,0.45937762806888904,0.07570469771915718,0.8194447957154369
0.6387115820461585,0.272501609103917,0.08878680884992439,0.7787040375103758
0.15480194502757638,0.18938919057611867,0.655808864396305,0.36574089752270916
0.732174657780206,0.13848154845447436,0.1293437937653197,0.7657410689905835
0.03940205927804055,0.41072242263524517,0.5498755180867142,0.2750001178841636
0.7422931713829333,0.05102300630744961,0.2066838223096172,0.7490743951794221
0.6542745383378987,0.06664992900862124,0.27907553265348006,0.7768521848646911
0.5793687348364712,0.284483230726519,0.13614803443700987,0.8250003536524908
0.05027617700305642,0.37084361292536083,0.5788802100715827,0.29166679169532506
0.5639059171493629,0.4126889680201403,0.0234051148304967,0.7324077213682606
0.6394426819200556,0.2964777091603359,0.06407960891960852,0.7601855110535296
0.6854786706254304,0.16144311067647818,0.15307821869809132,0.7879633007387988
0.3348422696053463,0.4056360256473399,0.25952170474731384,0.837963322172283
0.04307546816039435,0.1297502230162713,0.8271743088233344,0.2027778647024641
0.19787425512895254,0.36205988839888115,0.4400658564721663,0.4916668774292622
0.13171619615276625,0.21601769176407326,0.6522661120831605,0.3342594025460709
0.4406451613366053,0.2073065262145423,0.35204831244885226,0.7694447742819527
0.6132461536382697,0.292013603140459,0.09474024322127124,0.7898151533844833
0.3053662958664658,0.3565000993406478,0.33813360479288646,0.7194447528484684
0.596806013870186,0.06904806735878799,0.33414591877102595,0.7694447742819527
0.16387945870695445,0.4899374005831655,0.34618314070988004,0.487963172137893
0.5425938511419509,0.3866639294022698,0.07074221945577923,0.7842595954474295
0.10179579719220129,0.5400459358786506,0.35815826692914815,0.40092609779071664
0.1207526398698566,0.49277293860820204,0.3864744215219413,0.40462980308208585
0.39988681830249295,0.5259226647118508,0.07419051698565628,0.8175929430697524
0.1825431894841924,0.47569702391931173,0.341759786596496,0.5287039303429543
0.32778940321605954,0.3743703037978727,0.2978402929860678,0.7879633007387988
0.15008244265454576,0.3537516510855064,0.49616590625994783,0.4175927716018781
0.45818784840336735,0.22429167043380127,0.31752048116283144,0.8046299745499601
0.21726384688619088,0.7710590264046987,0.011677126709110492,0.5416668988627465
0.04436800634672234,0.20304352607947423,0.7525884675738035,0.23055565438773312
0.04688884688920693,0.2304401704955328,0.7226709826152604,0.23796306497047154
0.09674256697122206,0.3433338826385813,0.5599235503901966,0.3398149604831247
0.5965084064343429,0.12981638174028043,0.27367521182537663,0.800926269258591
0.6531806592384495,0.344583091563232,0.0022362491983184862,0.6972225211002532
0.5045706028071058,0.012673685518199865,0.4827557116746943,0.6638891734779303
0.05866149927931852,0.8223887883705229,0.11894971235015861,0.3398149604831247
0.4294794009448133,0.17488155016016868,0.3956390488950181,0.7324077213682606
0.2564363747804791,0.6872758040232114,0.05628782119630943,0.6601854681865611
0.14702818763894437,0.31622523507157696,0.5367465772894786,0.39907424514503204
0.4663277529860899,0.25768493649012064,0.27598731052378933,0.8546299959834445
0.5508857292161241,0.001492892686264407,0.4476213780976115,0.693518815808884
0.20742674533755148,0.7464845423182845,0.0460887123441638,0.5694446885480156
0.3450679883022914,0.25506022751241636,0.3998717841852923,0.6861114052261456
0.03812220815023894,0.4931915175057549,0.4686862743440062,0.28796308640395585
0.2859824711250228,0.32164544061138267,0.3923720882635946,0.6490743523124535
0.4427180545717165,0.08516515212970101,0.47211679329858247,0.6712965840606687
0.8307322280250232,0.09659150374605391,0.07267626822892279,0.7268521634312068
0.12819916041218563,0.4842289633949857,0.3875718761928287,0.4138890663105088
0.5428996503690752,0.25442260414560464,0.20267774548532025,0.8638892592118675
0.14161170778987114,0.3531130332664701,0.5052752589436588,0.40833350837345506
0.07398920547841653,0.19877935041716394,0.7272314441044194,0.26944455994710975
0.12743621962362212,0.6135064165518458,0.25905736382453215,0.4657409403896778
0.39771659216164784,0.21141454372446908,0.39086886411388305,0.7175929002027838
0.7021219210363202,0.0574153284252734,0.24046275053840643,0.7583336584078452
0.5788224826537456,0.153049878483252,0.26812763886300245,0.8212966483611216
0.5754802256623792,0.13242871225732153,0.29209106208029934,0.800926269258591
0.8886348972708813,0.05792661005453524,0.05343849267458329,0.7101854896200455
0.6294802527163461,0.11265932621259786,0.2578604210710561,0.7935188586758525
0.1019757604812678,0.8117679623412349,0.08625627717749729,0.4064816557277704
0.1256835953811048,0.46141077086500926,0.41290563375388595,0.40092609779071664
0.08434152370120049,0.6646508616482818,0.2510076146505176,0.3935186872079782
0.74372436407435,0.16152971573872382,0.09474592018692622,0.7583336584078452
0.5080844294451515,0.267792754271612,0.22412281628323635,0.8824077856687135
0.4461098845993202,0.4948457643069113,0.059044351093768585,0.800926269258591
0.3800008852084898,0.05865668116848092,0.5613424336230292,0.6027780361703384
0.2500349737955992,0.73326690087005,0.01669812533435089,0.5805558044221232
0.08468576376756175,0.47793484393859803,0.43737939229384026,0.35277792900291693
0.09655222446007733,0.8057330612637958,0.09771471427612677,0.3879631292709244
0.13567170864340247,0.6089748149120919,0.25535347644450557,0.4916668774292622
0.6706775178137628,0.030239782422246377,0.29908269976399066,0.7620373636992143
0.013853836033830036,0.026216152363014895,0.959930011603155,0.1731482223715104
0.10415625949096953,0.5280452007012584,0.36779853980777205,0.39722239249934743
0.1551826585054986,0.8367927798010503,0.008024561693451166,0.46944464568104693
0.2088583448354832,0.633760375615316,0.15738127954920106,0.6861114052261456
0.8224243789668396,0.01598296312769294,0.16159265790546756,0.7379632793053145
0.053876376134788156,0.23465614326098425,0.7114674806042276,0.2546297387816329
0.18772883283858363,0.6724573032781855,0.13981386388323078,0.6250002679185536
0.16556074785756597,0.12389606223352174,0.7105431899089123,0.36388904487702456
0.6298410685697888,0.2887985159966768,0.08136041543353437,0.7750003322190064
0.2315348618021449,0.3604626865604758,0.40800245163737925,0.5638891306109617
0.5485296842752122,0.23766583664781474,0.21380447907697314,0.8583337012748137
0.03615166762793424,0.5833515464272009,0.38049678594486486,0.29166679169532506
0.033609095501972254,0.5902072681957766,0.3761836363022511,0.2861112337582712
0.06263030924076755,0.4503367090416744,0.487032981717558,0.3194445813805941
0.036312742115571534,0.5836427475255269,0.3800445103589016,0.29166679169532506
0.48994773192330315,0.27492540554584594,0.2351268625308509,0.8898151962514519
0.5524594920338077,0.413794563813646,0.03374594415254625,0.7416669845966837
0.24148401739257822,0.5518833673141199,0.20663261529330199,0.7490743951794221
0.02929523877767667,0.8472481047143493,0.12345665650797415,0.28055567582121743
0.34004369429026393,0.20451040107626914,0.45544590463346707,0.6398150890840304
0.5950733317079583,0.30841996918199976,0.09650669911004194,0.800926269258591
0.3356332960123072,0.33793902611479804,0.3264276778728948,0.7601855110535296
0.053796563150048674,0.11831571356938837,0.827887723280563,0.2194445385136255
0.9396410706180992,0.017505187350901143,0.04285374203099983,0.6861114052261456
0.16422743222235317,0.6319780056936056,0.20379456208404112,0.562037277965277
0.3684060326064973,0.05961670161119261,0.5719772657823102,0.5916669202962307
0.4666805768905807,0.12939450748171347,0.40392491562770577,0.7250003107855223
0.7750319818580387,0.05291309826538782,0.1720549198765735,0.7509262478251066
0.12198834906564691,0.5674116810200115,0.3105999699143415,0.4453705612871471
0.32371184417271476,0.514183050598529,0.16210510522875632,0.8972226068341903
0.7254333801993393,0.22399509857482314,0.05057152122583739,0.7250003107855223
0.3781907074902632,0.5007930653912545,0.12101622711848227,0.8861114909600827
0.419760988241034,0.5103105249998742,0.06992848675909179,0.810185532487014
0.9158341008401238,0.03382781972134807,0.05033807943852803,0.6916669631631994
0.05801043194165037,0.6393790287842575,0.30261053927409215,0.3342594025460709
0.09701861081957708,0.3412729857565464,0.5617084034238764,0.3379631078374401
0.022605823556825614,0.555225633054851,0.4221685433883233,0.273148265238479
0.15100397565308468,0.7329181685213692,0.11607785582554615,0.5527780147368541
0.6625828608702015,0.1763405655457081,0.1610765735840904,0.7990744166129063
0.0631049452070617,0.7429478265564333,0.19394722823650484,0.371296455459763
0.1752407562168846,0.01256044618082177,0.8121987976022937,0.3768520133968168
0.17719682748102422,0.3004074140298616,0.5223957584891143,0.4268520348303011
0.051544299125308904,0.819165716041235,0.12928998483345605,0.31759272873490946
0.4398013654677758,0.3849568721697165,0.1752417623625076,0.9305559544565132
0.5497605761496211,0.16749102019426773,0.2827484036561111,0.8157410904240678
0.6197605106140703,0.22103229812254124,0.15920719126338848,0.8138892377783832
0.23903465358226245,0.6177907263933653,0.14317462002437237,0.7416669845966837
0.05994174792928427,0.39093280251736995,0.5491254495533459,0.30833346550648644
0.19883273167094692,0.5141375560252286,0.28702971230382446,0.5712965411937002
0.1776050319300593,0.24856652898069367,0.5738284390892471,0.4064816557277704
0.42851349364595304,0.3947096298328057,0.17677687652124127,0.9435189229763054
0.2901536789437745,0.10040767967995018,0.6094386413762752,0.5305557829886389
0.4433373093447347,0.059512782157167154,0.49714990849809815,0.6564817628951919
0.24199899811093845,0.7135736838509997,0.04442731803806182,0.6157410046901306
0.08056315853341217,0.811430756717773,0.10800608474881498,0.371296455459763
0.5720601270043527,0.10326494907282255,0.3246749239228249,0.7787040375103758
0.5223988515053973,0.31696047136626826,0.16064067712833444,0.8712966697946058
0.37640371065754696,0.05314063490515392,0.5704556544372992,0.5953706255876
0.1796578921386032,0.47260937000578723,0.34773273785560954,0.515740961823162
0.35435674901953257,0.3788886556157905,0.266754595364677,0.8453707327550215
0.07955727720229615,0.6273049771301045,0.2931377456675995,0.3768520133968168
0.5364978261421297,0.07678622154237333,0.3867159523154971,0.7361114266596298
0.18104356964970977,0.586774803094024,0.2321816272562661,0.5898150676505463
0.10979845245217437,0.8632856282432817,0.026915919304543838,0.40833350837345506
0.2832367987623082,0.022144598131450328,0.6946186031062415,0.5027779933033698
0.5228926940725057,0.06866568558494286,0.40844162034255144,0.7157410475570992
0.08299326004802637,0.5802813017705307,0.3367254381814429,0.371296455459763
0.3305462085523054,0.003675163671548721,0.6657786277761459,0.534259488280008
0.3782711042216739,0.10600434013244225,0.5157245556458838,0.6212965626271845
0.1316322126701009,0.8208151724596342,0.04755261487026491,0.45833352980693937
0.5803400963627066,0.37122378370571335,0.048436119931579875,0.7620373636992143
0.3003697397396471,0.01353797944786129,0.6860922808124917,0.5083335512404237
0.22082116377495883,0.5618979746017565,0.21728086162328467,0.6842595525804609
0.2019787866757488,0.7700716131030245,0.02794960022122666,0.5490743094454849
0.43618067340706246,0.35769029725270945,0.20612902934022798,0.9435189229763054
0.2698820558273818,0.6686180132334826,0.06149993093913572,0.6861114052261456
0.04243042793272827,0.14122156628638308,0.8163480057808886,0.20462971734814867
0.005601431535022702,0.13877651386316875,0.8556220546018086,0.17870378030856424
0.7068761514545613,0.269112740945861,0.02401110759957779,0.6953706684545686
0.6321489782200114,0.3244929944214509,0.043358027358537714,0.7416669845966837
0.027312042415431375,0.6661315188338778,0.30655643875069083,0.29166679169532506
0.37392069974953057,0.4466881949745284,0.17939110527594104,0.963889302078836
0.4356171977307102,0.33650037874531114,0.2278824235239787,0.9250003965194594
0.19147484912355892,0.49922134788867045,0.30930380298777066,0.5564817200282234
0.5947113437673005,0.15621070947366317,0.24907794675903633,0.8120373851326986
0.3212127016401777,0.2883616044783528,0.39042569388146964,0.6768521419977226
0.2465763213745222,0.6533016915375296,0.10012198708794828,0.7250003107855223
0.21957881446236432,0.30257228990955576,0.47784889562808,0.49537058272063145
0.5688224375619151,0.17367335536065387,0.2575042070774311,0.8268522062981755
0.3954408845217455,0.5633353804224949,0.041223735055759644,0.7509262478251066
0.21236144634258372,0.32494776074368764,0.4626907929137285,0.49537058272063145
0.08956630220223664,0.2891727474785872,0.621260950319176,0.31018531815217104
0.7704547711558511,0.08713134988256367,0.14241387896158506,0.7490743951794221
0.14636320431046426,0.6327260365128202,0.22091075917671554,0.5324076356343235
0.24050938884623843,0.7537651896440891,0.005725421509672466,0.5583335726739079
0.026314046151657642,0.8457247794106477,0.1279611744376947,0.27870382317553277
0.05315734406929416,0.19241071324738288,0.754431942683323,0.23796306497047154
0.443215953660231,0.37536289751674606,0.18142114882302288,0.9305559544565132
0.8180823205664373,0.1541505672676761,0.02776711216588678,0.6916669631631994
0.6381379797156632,0.0803450906118861,0.28151692967245084,0.7805558901560603
0.204550678660378,0.5989176906729502,0.19653163066667168,0.6583336155408764
0.1926574517567742,0.784924692518361,0.022417855724864797,0.5250002250515851
0.23430430764246185,0.3660497512725843,0.39964594108495377,0.5712965411937002
0.12715978014300336,0.5721242312594466,0.30071598859755017,0.4638890877439932
0.3077257083425631,0.12166195306216286,0.570612338595274,0.5564817200282234
0.6429281156257006,0.35674728859835675,0.0003245957759426345,0.6990743737459377
0.7427696065328662,0.03853628831377135,0.2186941051533624,0.7472225425337374
0.02857820007406524,0.4311300061804985,0.5402917937454362,0.263889002010056
0.10006683292469051,0.3985319268887645,0.5014012401865449,0.3601853395856554
0.4066711061614514,0.11391158346328584,0.4794173103752629,0.6601854681865611
0.898445271215528,0.04757293794483158,0.05398179083964059,0.7064817843286763
0.09991820020548021,0.6482406082755182,0.25184119151900164,0.4175927716018781
0.4568290669954425,0.1807908920643361,0.3623800409402213,0.7564818057621605
0.002937757954558596,0.29163510322250463,0.7054271388229366,0.19166674882835644
0.2202842687884703,0.48067150429730976,0.29904422691421995,0.6101854467530767
0.05088559580977228,0.9218812196194527,0.027233184570775115,0.2935186443410096
0.8222172326250778,0.16510148000929614,0.01268128736562596,0.6712965840606687
0.3506745461655884,0.22362652304473096,0.42569893078968074,0.665741026123615
0.8302748518714378,0.04313568131446075,0.12658946681410133,0.7361114266596298
0.3214379931694861,0.16518984912170845,0.5133721577088053,0.5935187729419154
0.2574124823553906,0.45523617411145484,0.28735134353315456,0.6916669631631994
0.2807462527054369,0.5583438520445825,0.16090989524998062,0.8416670274636522
0.1455424724311348,0.6191334980120514,0.2353240295568138,0.5250002250515851
0.3033723299244672,0.3274271765975816,0.36920049347795114,0.6916669631631994
0.7238512513153817,0.16427363902581438,0.11187510965880389,0.7657410689905835
0.38692092494953634,0.20566259673065154,0.4074164783198121,0.7064817843286763
0.42782431903716267,0.40798013796928007,0.16419554299355718,0.926852249165144
0.2029625788696097,0.6259944230882173,0.17104299804217288,0.6620373208322458
0.7885157105662677,0.1515715440778343,0.05991274535589794,0.7287040160768914
0.012411854645854566,0.4997824124021682,0.4878057329519772,0.25092603349026377
0.4091289917175706,0.07310826818347384,0.5177627400989555,0.6342595311469766
0.1531662591697449,0.46442343052472723,0.38241031030552786,0.45092611922420095
0.08848418953364025,0.04795281076520779,0.8635629997011519,0.2564815914273176
0.3148099519497279,0.6063932615981497,0.07879678645212254,0.7750003322190064
0.47590654262339815,0.01999103229540959,0.5041024250811922,0.6564817628951919
0.8637115514800592,0.12595506305232676,0.010333385467613946,0.6675928787692995
0.04512588168825376,0.704621971188085,0.2502521471236611,0.3250001393176479
0.011534556301010529,0.6890069501519877,0.2994584935470018,0.2750001178841636
0.12333460585900904,0.8320692775750805,0.04459611656591033,0.43055574012167025
0.5484963674804707,0.06621005191523056,0.3852935806042989,0.7453706898880528
0.13558656744314473,0.25729019220531696,0.6071232403515384,0.35092607635723233
0.08336591265169085,0.7957316510913391,0.12090243625696982,0.3861112766252398
0.2894020956573536,0.24728810447680055,0.46330979986584586,0.5694446885480156
0.0954193323413382,0.4598562443775653,0.4447244232810965,0.35833348693997075
0.37672460164195004,0.47085872942669704,0.15241666893135283,0.926852249165144
0.4106622335687955,0.34244127144362996,0.24689649498757438,0.908333722708298
0.07481307816238271,0.5282271231583954,0.3969597986792219,0.34351866577449397
0.732020520757631,0.17596266097481297,0.09201681826755603,0.7583336584078452
0.5410009022976153,0.09335582280525506,0.3656432748971297,0.7564818057621605
0.4537011566371092,0.3094295821233419,0.23686926123954888,0.9101855753539825
0.6215773897334721,0.2591887114312746,0.11923389883525323,0.800926269258591
0.4136845559993705,0.4759444712034816,0.11037097279714778,0.8731485224402905
0.4230475715404922,0.033876458248493994,0.5430759702110137,0.6175928573358153
0.1793440762798002,0.05918701006147218,0.7614689136587275,0.3842594239795552
0.5403842231017387,0.28812258867378465,0.17149318822447673,0.8490744380463907
0.5450022034223673,0.03740566335206302,0.41759213322556965,0.7083336369743608
0.06545656421772544,0.7761422539587699,0.15840118182350463,0.36388904487702456
0.4077969978958611,0.5608633779287645,0.03133962417537428,0.7268521634312068
0.1184433642301118,0.7556103701283662,0.1259462656415219,0.45833352980693937
0.5944154405888101,0.2651617120521461,0.14042284735904376,0.8194447957154369
0.1684204573711292,0.11368197226564233,0.7178975703632284,0.36203719223133995
0.25956861301867146,0.3803196182245992,0.3601117687567294,0.6379632364383458
0.1262989573491328,0.2943550038454672,0.5793460388053999,0.3490742237115477
0.14046732564298334,0.47152788650055966,0.38800478785645687,0.43611129805872406
0.20287905811625168,0.7438576811757142,0.05326326070803409,0.5879632150048616
0.04419861600922532,0.7348983293138984,0.22090305467687613,0.3305556972547017
0.44935227020204405,0.5352090251684164,0.015438704629539488,0.7138891949114146
0.6215156663540764,0.17197387850744722,0.20651045513847632,0.8120373851326986
0.2726305217705724,0.7220277179577755,0.005341760271651965,0.5787039517764385
0.20936888982739943,0.3761166501628125,0.41451446000978803,0.5175928144688466
0.7021947997395644,0.08595825910850939,0.21184694115192626,0.7620373636992143
0.18489113375502517,0.6791157575966861,0.1359931086482888,0.6212965626271845
0.06954058476632569,0.9278429052175451,0.002616510016129325,0.3250001393176479
0.6793675243603574,0.1252082967665338,0.19542417887310878,0.7898151533844833
0.20502122850732835,0.00846990049178427,0.7865088710008873,0.40092609779071664
0.5444874835900747,0.4087981993741201,0.04671431703580511,0.7638892163448989
0.3553888916666733,0.3718631330495351,0.2727479752837916,0.837963322172283
0.33993695754886505,0.4375859274633891,0.22247711498774583,0.899074459479875
0.1101474673750827,0.7938907480093031,0.09596178461561417,0.42129647689324723
0.46969385317446316,0.4690329673761449,0.06127317944939199,0.7990744166129063
0.19515387431110104,0.053525901151799206,0.7513202245370997,0.40277795043640124
0.4813850918964633,0.012246950815757694,0.5063679572877791,0.6546299102495072
0.629030404121335,0.30292655380783423,0.06804304207083077,0.7638892163448989
0.19813523891404747,0.4515089141881164,0.3503558468978363,0.5453706041541158
0.08016020881423194,0.11774982126790531,0.8020899699178627,0.25277788613594837
0.37059865769381034,0.2800551132860797,0.3493462290201102,0.7435188372423682
0.339336602913405,0.552341630999255,0.10832176608733991,0.8509262906920753
0.6956534125285562,0.1140575075334185,0.19028907993802543,0.782407742801745
0.0498335915205052,0.19896307151033216,0.7512033369691625,0.23240750703341773
0.3835971854426377,0.1836488441848993,0.432753970372463,0.6824076999347763
0.04334864383519413,0.7255162032586105,0.2311351529061953,0.3268519919633325
0.24269367308173312,0.3585816874165645,0.39872463950170245,0.5842595097134924
0.04968412142841606,0.7655518007446428,0.18476407782694107,0.35092607635723233
0.2714958393237179,0.3750494345211248,0.3534547261551574,0.6620373208322458
0.47506319476276165,0.4338492738320964,0.09108753140514195,0.847222585400706
0.5981397109789642,0.12684008178393658,0.2750202072370993,0.800926269258591
0.22733875621448368,0.09765727959456631,0.67500396419095,0.44351870864146253
0.030713381680602083,0.7592005912801351,0.21008602703926285,0.3046297602151173
0.0001763631867295147,0.9369976849495182,0.06282595186375224,0.18611119089130265
0.20006799496500616,0.7598557713462254,0.040076233688768455,0.5546298673825387
0.8642160428341971,0.0018089363775584278,0.13397502078824455,0.730555868722576
0.7347111858156934,0.20682698860066734,0.058461825583639423,0.7342595740139453
0.171027858163482,0.12071229922682782,0.7082598426096901,0.3675927501683938
0.09045535733752733,0.3743016159103205,0.5352430267521521,0.3379631078374401
0.16488688472424795,0.6977980528322429,0.1373150624435092,0.5657409832566463
0.7260444790154446,0.020414493031179187,0.25354102795337624,0.754629953116476
0.31333623332547983,0.22571091566261142,0.46095285101190864,0.6194447099814999
0.8667773295784329,0.0031146497384727046,0.13010802068309438,0.730555868722576
0.21791491411131728,0.1916162986124292,0.5904687872762534,0.4453705612871471
0.2531194677424895,0.5324814161591628,0.21439911609834775,0.7620373636992143
0.17804414616458294,0.05601450872703266,0.7659413451083845,0.3861112766252398
0.675766447878946,0.03229941313675794,0.29193413898429604,0.7601855110535296
0.7136199068263737,0.15761632463782488,0.12876376853580146,0.7750003322190064
0.4684744137256171,0.1793781428051964,0.35214744346918636,0.7694447742819527
0.2338309650056128,0.027232565405958257,0.7389364695884291,0.44166685599577793
0.1293396888815269,0.41462740794492203,0.45603290317355094,0.40462980308208585
0.12227346002724954,0.5496827246083775,0.3280438153643731,0.43611129805872406
0.6066466187076854,0.0694884082944425,0.3238649729978721,0.7805558901560603
0.6532038391706442,0.24427943949453687,0.10251672133481878,0.7861114480931142
0.3799429329900578,0.48341230866470064,0.13664475834524148,0.9157411332910363
0.3714395133278105,0.18039491818158235,0.4481655684906073,0.6694447314149841
0.08019625881422136,0.7974864964324486,0.12231724475332995,0.3824075713338706
0.7202648544792284,0.0940099704654323,0.1857251750553394,0.7694447742819527
0.2552799310496646,0.10959542201430787,0.6351246469360275,0.4805557615551546
0.016394660487069213,0.5278396114893147,0.45576572802361615,0.2546297387816329
0.028443894588389293,0.19355727441474757,0.7779988309968632,0.20833342263951787
0.3474810668094716,0.2650979950688983,0.38742093812163,0.7027780790373069
0.5879152804837499,0.0064847948753363315,0.4055999246409137,0.71203734226573
0.639798897868961,0.14146355021042778,0.21873755192061106,0.7972225639672218
0.1117926202263551,0.4448099604291745,0.44339741934447036,0.3842594239795552
0.16010762168700188,0.8107341142166348,0.02915826409636338,0.4916668774292622
0.005455195994797462,0.46926588518958623,0.5252789188156161,0.23611121232478693
0.2818075167943514,0.6792266328148279,0.03896585039082063,0.6712965840606687
0.13559285085956943,0.5793923827651871,0.28501476637524337,0.48425946684652377
0.4785812355162159,0.5199036363068698,0.0015151281769143709,0.71203734226573
0.07052604809147558,0.20575721069115335,0.7237167412173711,0.2675927073014252
0.4481541408375352,0.005698909323045991,0.5461469498394188,0.6250002679185536
0.4180294824576982,0.4144928367148241,0.1674776808274777,0.94537077562199
0.5420296971273857,0.38539567345489945,0.072574629417715,0.7898151533844833
0.21517243782602266,0.23517859311520808,0.5496489690587695,0.45092611922420095
0.6622980946339156,0.3090250110427315,0.02867689432335266,0.7231484581398376
0.4184986387705761,0.37814224844994027,0.20335911277948365,0.973148565307259
0.5380034542853992,0.08910593358344532,0.3728906121311556,0.7509262478251066
0.09961422502396747,0.5767880406748359,0.32359773430119676,0.39907424514503204
0.1622048732637783,0.11294288065620685,0.7248522460800149,0.35833348693997075
0.597882496820733,0.33960106747460483,0.06251643570466234,0.7694447742819527
0.5260211442176037,0.31891999238026303,0.15505886340213326,0.8601855539204983
0.6075143939833921,0.1630737351667665,0.22941187084984138,0.8083336798413293
0.7183698305970573,0.09882426741044657,0.18280590199249613,0.7712966269276373
0.6305072669337277,0.3511584032382074,0.018334329828064815,0.7194447528484684
0.13690303592378567,0.006763486955704817,0.8563334771205094,0.32870384460901714
0.15196284318305092,0.03691139725299316,0.8111257595639559,0.35648163429428614
0.4371264460800688,0.16048535677629444,0.4023881971436368,0.7231484581398376
0.7397344597966916,0.05153753373783417,0.2087280064654742,0.7490743951794221
0.5390627003355543,0.2017334083349482,0.25920389132949734,0.8509262906920753
0.7149286910949173,0.05659795045724927,0.22847335844783342,0.7583336584078452
0.6734562712265044,0.2679966664635031,0.05854706230999255,0.7416669845966837
0.2505989323800656,0.5366054427005824,0.2127956249193521,0.7583336584078452
0.35379787872211294,0.050979334588220564,0.5952227866896665,0.5768520991307539
0.025780118483554448,0.3555651231631544,0.6186547583532911,0.24907418084457913
0.20533279606787938,0.6555206154200103,0.13914658851211045,0.6694447314149841
0.1692616397582917,0.3235938788034079,0.5071444814383003,0.4324075927673549
0.01511030817366424,0.19388610533723213,0.7910035864891036,0.18981489618267186
0.05057900551966487,0.37734625589812354,0.5720747385822116,0.2935186443410096
0.42085006242356765,0.47134211935625714,0.10780781822017531,0.8638892592118675
0.7039233804778967,0.2632868528725957,0.03278976664950763,0.7083336369743608
0.29465173328725697,0.5761427413400333,0.12920552537270952,0.8324077642352292
0.4450660025712588,0.4777066460154225,0.07722735141331885,0.8194447957154369
0.27750543940009303,0.4922055504437337,0.23028901015617317,0.7990744166129063
0.026305079950598692,0.019613986879581987,0.9540809331698193,0.18981489618267186
0.6731049275499444,0.06705640535939397,0.25983866709066156,0.7750003322190064
0.09951903955567144,0.1538089357682359,0.7466720246760925,0.2861112337582712
0.664107741047223,0.05101772197777829,0.2848745369749987,0.7712966269276373
0.016713544497293495,0.37015910487075915,0.6131273506319472,0.23240750703341773
0.1294629405760456,0.34992072389014006,0.5206163355338144,0.389814981916609
0.33310684539778573,0.6608188210264128,0.006074333575801581,0.6416669417297151
0.5977714539610316,0.1941066798214851,0.20812186621748327,0.8212966483611216
0.20269422077120436,0.361953590426073,0.4353521888027227,0.4935187300749468
0.30182992726664326,0.1549347649975683,0.5432353077357884,0.5675928359023309
0.18486874770818634,0.5310855153940386,0.2840457368977752,0.5490743094454849
0.6867203895004728,0.17664245565158898,0.1366371548479383,0.782407742801745
0.7550092951050538,0.032373889834686226,0.21261681506026006,0.7453706898880528
0.7656319780577294,0.1218235539847016,0.11254446795756885,0.7527781004707913
0.07583461890252449,0.7934894578638284,0.13067592323364713,0.3824075713338706
0.6752533722496961,0.1958083764560483,0.1289382512942555,0.782407742801745
0.28762123973809073,0.2410171911602184,0.4713615691016908,0.5638891306109617
0.11019356719970237,0.1445518028843796,0.745254629915918,0.29166679169532506
0.5133885647002651,0.39124299554376474,0.09536843975597033,0.8342596168809139
0.5316820789455128,0.2269096804309807,0.24140824062350644,0.865741111857552
0.172275211546884,0.6727883589234261,0.15493642952968995,0.5898150676505463
0.1569774679586143,0.7526012368913267,0.09042129515005876,0.562037277965277
0.02483835298974524,0.024060135324228776,0.951101511686026,0.18611119089130265
0.2438990641639735,0.18165603662613417,0.5744448992098924,0.4731483509724162
0.5324372837238501,0.1189782407645901,0.34858447551155985,0.7750003322190064
0.5456991951652203,0.39346173730064665,0.060839067534133186,0.7750003322190064
0.6534628087426437,0.24257853206968003,0.10395865918767622,0.7861114480931142
0.7597605855369073,0.05253887029632966,0.18770054416676304,0.7527781004707913
0.7291378984528835,5.8486010661987415e-06,0.27085625294605037,0.7435188372423682
0.1676137522960661,0.012739421473763307,0.8196468262301707,0.36388904487702456
0.26121450208254243,0.36958032109357813,0.3692051768238794,0.6305558258556074
0.1667882652725953,0.0009392588317220436,0.8322724758956825,0.35833348693997075
0.7174202188767314,0.05348804272980213,0.2290917383934664,0.7564818057621605
0.35732765831561353,0.49775913443205755,0.14491320725232887,0.9138892806453518
0.1803176959387466,0.19661165115267287,0.6230706529085804,0.3916668345622936
0.7187857527296639,0.08488765906927442,0.19632658820106177,0.7638892163448989
0.2847213741393168,0.20150628851676075,0.5137723373439224,0.5490743094454849
0.5019187710993601,0.17865655263487001,0.3194246762657698,0.7972225639672218
0.5548091564840817,0.04190289514286144,0.40328794837305687,0.7175929002027838
0.4208733554485034,0.06237381450879671,0.5167528300426999,0.6398150890840304
0.22128532118398453,0.767771034027358,0.010943644788657319,0.5416668988627465
0.19510959435851125,0.5822895744533554,0.2226008311881334,0.613889152044446
0.45009808912754207,0.5110567675072775,0.03884514336518042,0.7509262478251066
0.3809612384949176,0.3755952932143225,0.24344346829075988,0.9101855753539825
0.47787722280505196,0.3108204916243756,0.2113022855705724,0.9138892806453518
0.28407263623023354,0.14043018820635983,0.5754971755634067,0.5250002250515851
0.2653538052905946,0.29207640780636895,0.4425697869030365,0.5750002464850694
0.14672993880782267,0.7537661345414197,0.0995039266507577,0.5398150462170619
0.0906493662446459,0.08749201703613925,0.8218586167192148,0.2583334440730022
0.4365236926597707,0.2715526301570784,0.29192367718315093,0.8342596168809139
0.18552735016197766,0.6604041954730216,0.15406845436500066,0.6175928573358153
0.21770974882280028,0.08091226423872731,0.7013779869384722,0.4268520348303011
0.7219751633625665,0.26413113687311623,0.013893699764317282,0.693518815808884
0.5979746829673807,0.003759959680628536,0.3982653573519909,0.7250003107855223
0.8064782497507103,0.13207060930096542,0.06145114094832439,0.7324077213682606
0.3289405654104634,0.45795332065928895,0.21310611393024773,0.8953707541885056
0.8186640452565341,0.012727791976099634,0.1686081627673662,0.7398151319509991
0.367362848857505,0.5753807421608594,0.05725640898163561,0.7750003322190064
0.5513541919659488,0.27561335249546537,0.1730324555385858,0.8453707327550215
0.06095554618440499,0.8651942694241386,0.07385018439145632,0.3064816128608019
0.13411485861910288,0.12391331734417406,0.7419718240367229,0.3379631078374401
0.37252243639650945,0.5313170037943848,0.09616055980910568,0.8416670274636522
0.2710583508596131,0.23444109598724924,0.49450055315313773,0.5305557829886389
0.6761074271989586,0.0034961094051989736,0.3203964633958424,0.7416669845966837
0.04479064514572885,0.6698071464741899,0.28540220838008123,0.3194445813805941
0.20668750553139117,0.245577546408962,0.547734948059647,0.44166685599577793
0.1811419596665002,0.5878750538919866,0.23098298644151333,0.5898150676505463
0.036520074350042134,0.7898926191862798,0.17358730646367812,0.31759272873490946
0.266474350609877,0.5435811517416489,0.18994449764847396,0.7972225639672218
0.017047156668261815,0.13704485039630307,0.8459079929354351,0.18796304353698723
0.3268968624043149,0.35449948603831816,0.3186036515573669,0.7620373636992143
0.1030198376334433,0.25158217527700233,0.6453979870895544,0.31759272873490946
0.14141910628377463,0.4306938984946157,0.4278869952216097,0.43055574012167025
0.12388170663688866,0.8608125600457268,0.015305733317384662,0.4342594454130395
0.16402324376189079,0.04433887132669561,0.7916378849114135,0.36574089752270916
0.06085439194039327,0.2615521885336875,0.6775934195259192,0.27129641259279436
0.5556882224345224,0.25041110107758574,0.19390067648789186,0.8527781433377598
0.4856847172625583,0.29408247919030667,0.22023280354713512,0.9027781647712442
0.5031124478195073,0.23844794737456707,0.2584396048059255,0.8620374065661829
0.1960715316124135,0.6342406327097435,0.169687835677843,0.6379632364383458
0.025163712055646402,0.02468900924375463,0.950147278700599,0.18611119089130265
0.2587923706091605,0.07084614248445856,0.6703614869063811,0.48611131949220837
0.41870326816812886,0.44797845016501564,0.13331828166685564,0.899074459479875
0.004163587330037589,0.916843309595795,0.07899310307416743,0.21759268586794092
0.3420573553300573,0.3721714970015018,0.2857711476684409,0.8083336798413293
0.2342642425197277,0.1973894528413563,0.568346304638916,0.4731483509724162
0.39774861830262126,0.5801062620268775,0.02214511967050129,0.7138891949114146
0.0382509584711938,0.6584453301209272,0.303303711407879,0.3046297602151173
0.6586031437698535,0.0695091862667872,0.2718876699633594,0.782407742801745
0.42052585828468414,0.3968513808405157,0.18262276087480023,0.9601855967874668
0.013127600303895403,0.739945652158617,0.24692674753748758,0.27129641259279436
0.1401931938779541,0.7404868523820164,0.11931995374002956,0.5287039303429543
0.5801978762087231,0.06618941871991858,0.3536127050713583,0.7583336584078452
0.9702136129857561,0.02763774498979678,0.002148642024447133,0.6472224996667689
0.27789331441871923,0.047519478454721376,0.6745872071265595,0.5027779933033698
0.7390424448772206,0.17101401032094374,0.08994354480183567,0.7583336584078452
0.30567308610889155,0.6894482587697723,0.0048786551213359395,0.6212965626271845
0.3117616683854785,0.33270902156918336,0.35552931004533816,0.71203734226573
0.17053527021056716,0.7704816806365506,0.05898304915288229,0.5324076356343235
0.06065601341163279,0.5730105678723164,0.36633341871605085,0.32870384460901714
0.025599243001750097,0.5280785052166018,0.44632225178164814,0.2657408546557406
0.47504244740230983,0.42783812257236,0.09711943002533006,0.8509262906920753
0.21424012458127925,0.46024057096941845,0.3255193044493023,0.5972224782332846
0.264284223986781,0.020016748462699935,0.7156990275505191,0.47685205626378535
0.35129542220236,0.3150751882984639,0.3336293894991761,0.7694447742819527
0.7278054221438269,0.2119216264729435,0.060272951383229356,0.7379632793053145
0.2623173916654517,0.3714562111915228,0.36622639714302546,0.6416669417297151
0.5795283644939278,0.05576328179471127,0.3647083537113609,0.7509262478251066
0.6056152260325804,0.20976167842449292,0.18462309554292652,0.8231485010068061
0.10335334484278154,0.15168469041771312,0.7449619647395053,0.28796308640395585
0.3376334171785799,0.4760937179895618,0.1862728648318583,0.9342596597478824
0.3975241265427732,0.11408421994657204,0.4883916535106549,0.6379632364383458
0.2547366483143753,0.2668154899142975,0.47844786177132714,0.5324076356343235
0.603665221806647,0.014502915381034119,0.381831862812319,0.7268521634312068
0.3622054560549959,0.6145898986363734,0.023204645308630655,0.6953706684545686
0.3213992728924635,0.6267206562012337,0.05188007090630272,0.7287040160768914
0.19834382244961207,0.7689546184058144,0.032701559144573636,0.5472224567998003
0.47596819934043705,0.17351803502571309,0.3505137656338498,0.7694447742819527
0.46367474317294666,0.26727415866952964,0.2690510981575237,0.8620374065661829
0.053366947822465025,0.1499250054185044,0.7967080467590307,0.2212963911593101
0.42923009273056656,0.33838137346078134,0.23238853380865224,0.9250003965194594
0.1411315694947489,0.4116827076273016,0.4471857228779495,0.4231483295389319
0.16175479890129296,0.4069494236278312,0.4312957774708758,0.45092611922420095
0.16711087972358188,0.16529233648992375,0.6675967837864943,0.3768520133968168
0.3558606893710246,0.08406420520649802,0.5600751054224774,0.5842595097134924
0.7856294726294524,0.1017842870854841,0.11258624028506352,0.7472225425337374
0.1252007240960017,0.5033531524729825,0.3714461234310159,0.4175927716018781
0.07658578704514023,0.35298867973911113,0.5704255332157486,0.31759272873490946
0.24348133133911962,0.07501893483418323,0.6814997338266972,0.4638890877439932
0.23027448655252344,0.3708281089547872,0.39889740449268934,0.5694446885480156
0.47558184148445093,0.19937188050871488,0.3250462780068343,0.7972225639672218
0.11714261119279278,0.7504663355112352,0.13239105329597195,0.45092611922420095
0.7541901460691762,0.16615231215266055,0.07965754177816331,0.7435188372423682
0.12449881385835804,0.001374183043032985,0.8741270030986089,0.3064816128608019
0.5944261072385997,0.32622315100558624,0.0793507417558141,0.782407742801745
0.3031845471467946,0.06711320440507616,0.6297022484481293,0.5324076356343235
0.75627980006348,0.09439010582209688,0.1493300941144231,0.754629953116476
0.10164455419373164,0.22963941877365682,0.6687160270326116,0.3046297602151173
0.7329564106002816,0.22047075974173455,0.04657282965798383,0.721296605494153
0.4907307167063097,0.2640086652420654,0.2452606180516249,0.8768522277316597
0.6447333312022099,0.19206855941570786,0.16319810938208223,0.800926269258591
0.28646144613862395,0.2986130683583377,0.4149254855030385,0.6212965626271845
0.4599905660108441,0.46732551709323733,0.0726839168959186,0.8157410904240678
0.21213059822002595,0.16244112082155418,0.6254282809584198,0.4268520348303011
0.530598570979795,0.4042185964699088,0.06518283255029618,0.7805558901560603
0.6345207247358081,0.0850093707698304,0.28046990449436154,0.7805558901560603
0.09861247320056465,0.7536032151026145,0.14778431169682096,0.4268520348303011
0.16655224314375927,0.7569097296658255,0.07653802719041537,0.5564817200282234
0.5578911376811159,0.42771434369157557,0.014394518627308586,0.7268521634312068
0.6877735478689918,0.03126498086732568,0.2809614712636826,0.7564818057621605
0.27607842547413114,0.3322945051424329,0.39162706938343594,0.6435187943753997
0.18398028467222804,0.006317717070578395,0.8097019982571936,0.3787038660425014
0.17847396151659292,0.4207746253271777,0.4007514131562293,0.4805557615551546
0.6340809037439242,0.22706503227089903,0.13885406398517688,0.7972225639672218
0.6613797277096207,0.25314485454756364,0.08547541774281567,0.7694447742819527
0.41076432713373856,0.4556487879170309,0.13358688494923054,0.9027781647712442
0.035834113092643644,0.22339398172272334,0.740771905184633,0.2231482438049947
0.8865947026362914,0.08691930554242965,0.026485991821278913,0.6861114052261456
0.6222882176279856,0.14629455010651737,0.23141723226549712,0.8027781219042757
0.7556134024420545,0.015112727670005653,0.2292738698879398,0.7472225425337374
0.03537646701568852,0.21629511453926428,0.748328418445047,0.2231482438049947
0.0782800468909657,0.8089147423243105,0.11280521078472375,0.371296455459763
0.36285789603900487,0.232871059624924,0.40427104433607103,0.6861114052261456
0.4667119855737719,0.07128738503604518,0.46200062939018294,0.6805558472890918
0.2096930346791915,0.43103188532563597,0.3592750799951725,0.5601854253195926
0.8293284307320274,0.005646283693751729,0.16502528557422094,0.7361114266596298
0.6190417417330544,0.37791516287869203,0.0030430953882536194,0.7046299316829916
0.4175264991833083,0.3791034817002551,0.20337001911643648,0.9750004179529437
0.02865871698416731,0.606150937477234,0.36519034553859875,0.28055567582121743
0.33540957897062706,0.30683187877682677,0.3577585422525461,0.730555868722576
0.3661580649619094,0.07585790027588311,0.5579840347622075,0.5953706255876
0.38586641743465805,0.5399793022484803,0.07415428031686146,0.8120373851326986
0.05686338089656382,0.5796935301445529,0.3634430889588832,0.3194445813805941
0.5060887999618661,0.30126015136135703,0.19265104867677682,0.8861114909600827
0.2573355827609462,0.5330867111116978,0.20957770612735593,0.782407742801745
0.5519146646850687,0.09384898969048588,0.35423634562444545,0.7620373636992143
0.699265515272286,0.17534789534462172,0.12538658938309236,0.7750003322190064
0.4208108615236946,0.3088420984308576,0.2703470400454479,0.8787040803773444
0.1517614533471098,0.6541578404937097,0.19408070615918058,0.5527780147368541
0.1406946893097323,0.05413700446981664,0.805168306220451,0.3305556972547017
0.14690010914675808,0.5251282796773913,0.32797161117585044,0.4731483509724162
0.5153251211138206,0.10281112198505804,0.38186375690112145,0.7398151319509991
0.07448765553372452,0.679746998598459,0.24576534586781662,0.3824075713338706
0.4272575070173617,0.3420092385693461,0.23073325441329223,0.9250003965194594
0.5074504094957202,0.10558070938199747,0.38696888112228245,0.7287040160768914
0.09983124324947693,0.3522538101459192,0.5479149466046039,0.3416668131288093
0.47878483491383395,0.45508029296504576,0.06613487212112026,0.800926269258591
0.05280529263841102,0.6850353225658355,0.2621593847957534,0.3379631078374401
0.6302652983522502,0.035222396117083846,0.33451230553066597,0.7564818057621605
0.014116653628146911,0.8709457025260912,0.11493764384576195,0.24907418084457913
0.41709566857653746,0.020349121265337507,0.562555210158125,0.6064817414617076
0.08023244154026427,0.46931099214696226,0.45045656631277337,0.34351866577449397
0.04759339768259424,0.2796820085542385,0.6727245937631673,0.26203714936437134
0.4480753937911598,0.4784083322042501,0.07351627400459006,0.8157410904240678
0.8354242028032556,0.06765997645791876,0.09691582073882556,0.7324077213682606
0.7931850700547186,0.04609103527041974,0.16072389467486164,0.7472225425337374
0.1704776298440097,0.2025082063109621,0.6270141638450281,0.380555718688186
0.3262413193578945,0.04861318685278694,0.6251454937893186,0.5509261620911695
0.22882928652950196,0.037243904513806395,0.7339268089566917,0.43796315070440867
0.5585522205727969,0.304625189425151,0.13682259000205238,0.8342596168809139
0.792303755903511,0.19689219296908841,0.010804051127400568,0.6787039946434071
0.3744944470553862,0.25325613417579634,0.37224941876881756,0.721296605494153
0.014079858022574178,0.6433435129573963,0.34257662902002944,0.2657408546557406
0.2176954596846293,0.257380402921968,0.5249241373934026,0.4638890877439932
0.13751686313737238,0.1352790228686123,0.7272041139940153,0.3379631078374401
0.438124246763993,0.18098027025147492,0.38089548298453213,0.7398151319509991
0.2967605055630445,0.15643831006721867,0.5468011843697368,0.562037277965277
0.4621142325198573,0.4644691607819182,0.07341660669822472,0.8175929430697524
0.11681630063269109,0.03703321175471077,0.846150487612598,0.3027779075694326
0.5969489306176364,0.1576638655137548,0.24538720386860868,0.8027781219042757
0.5682113200507279,0.40697900712026563,0.024809672829006497,0.7361114266596298
0.21196031193210454,0.3925385901446226,0.3955010979232729,0.5379631935713772
0.13372896136118495,0.8138250472963038,0.052445991342511274,0.46944464568104693
0.22657779419246002,0.3833751003917705,0.39004710541576953,0.5694446885480156
0.6801674663688971,0.20938195328278283,0.11045058034832,0.7768521848646911
0.476026216208402,0.4308515980148755,0.09312218577672238,0.8453707327550215
0.4167474031865921,0.20723368649263363,0.3760189103207743,0.7379632793053145
0.8984301074587384,0.09200787480820492,0.009562017733056807,0.6620373208322458
0.41329955730093537,0.25750411887711344,0.32919632382195113,0.7972225639672218
0.27234262124508307,0.24280351756328802,0.48485386119162893,0.5361113409256927
0.3932833891922928,0.3434235606485282,0.2632930501591792,0.8842596383143981
0.12441103914822083,0.6337588268813552,0.24183013397042402,0.46759279303536233
0.5890352239958494,0.20276883398890144,0.20819594201524919,0.8250003536524908
0.8365607924217231,0.10188139979913464,0.061557807779142173,0.721296605494153
0.3500964679614848,0.05619178023183717,0.5937117518066781,0.5750002464850694
0.3978874051968095,0.40096232829072714,0.20115026651246345,0.9972226497011588
0.053959668535828044,0.45202763658952266,0.4940126948746493,0.30833346550648644
0.11562475651715695,0.7061084575048281,0.17826678597801504,0.46759279303536233
0.21507385712745128,0.7808855717903267,0.004040571082222181,0.5324076356343235
0.33102855505962453,0.1417023666900426,0.5272690782503328,0.5953706255876
0.24340775958664562,0.7315218704658717,0.025070369947482712,0.5805558044221232
0.09768981866832993,0.016593359695567623,0.8857168216361024,0.273148265238479
0.2656462563497792,0.2994552955800149,0.43489844807020583,0.5787039517764385
0.1368935212892381,0.7496998502856599,0.11340662842510206,0.515740961823162
0.20940683915561403,0.23047313243901113,0.560120028405375,0.4398150033500933
0.519073622833005,0.17667632652781337,0.30425005063918165,0.8064818271956448
0.03064850213468852,0.6953803570226209,0.2739711408426906,0.2990742022780635
0.7913464377445651,0.13348617654408562,0.07516738571134925,0.7398151319509991
0.6807770232263225,0.1679264500711934,0.15129652670248414,0.7935188586758525
0.3781137013209867,0.19846000598322272,0.4234262926957906,0.6861114052261456
0.2702460444786526,0.6899818833183766,0.03977207220297082,0.6620373208322458
0.11525048701412981,0.8072683031376943,0.07748120984817576,0.42870388747598565
0.16211772776811675,0.7728351097069207,0.06504716252496265,0.5361113409256927
0.07785940173507788,0.5974555570819167,0.32468504118300545,0.3750001607511322
0.31815122305117777,0.6252201939355635,0.05662858301325875,0.7398151319509991
0.5027078709161208,0.4073096447660051,0.08998248431787398,0.8305559115895447
0.4972915077323823,0.16253861574335485,0.3401698765242628,0.7768521848646911
0.08044677915977265,0.5766523782310384,0.34290084260918885,0.36574089752270916
0.7419636648587145,0.02518834018616323,0.23284799495512226,0.7472225425337374
0.2223432341515682,0.46804705727133533,0.3096097085770963,0.6101854467530767
0.24007064260177186,0.32747003058268775,0.43245932681554033,0.5472224567998003
0.12631516120963837,0.2589502297696398,0.6147346090207219,0.3398149604831247
0.6305201651250275,0.3051543070261076,0.064325527848865,0.7638892163448989
0.09681264489988929,0.29971010905088075,0.60347724604923,0.31574087608922485
0.21467919110379552,0.20887787736040483,0.5764429315357996,0.4546298245155701
0.15278623772156125,0.6693032483741295,0.1779105139043092,0.5490743094454849
0.16302898583811815,0.24796597330438783,0.589005040857494,0.3916668345622936
0.03986409336413078,0.06472796499689987,0.8954079416389693,0.19537045411972565
0.10169395874609825,0.44199347533760674,0.4563125659162951,0.3675927501683938
0.3416565661207206,0.525695517183789,0.13264791669549023,0.8916670488971365
0.34178349512450024,0.1977734481577116,0.4604430567177881,0.6398150890840304
0.1265391563371169,0.7031599308518508,0.17030091281103243,0.48611131949220837
0.42125784306563435,0.3183200187667705,0.26042213816759513,0.8972226068341903
0.37151338211474433,0.07154984029585855,0.5569367775893972,0.6009261835246538
0.7777692169882664,0.18797836172626903,0.03425242128546453,0.7009262263916224
0.18582839788117597,0.6328490285893447,0.18132257352947928,0.6194447099814999
0.03286759449134583,0.2937706144123542,0.6733617910963,0.24166677026184075
0.5482390878240477,0.06641245892308954,0.38534845325286265,0.7453706898880528
0.09703049597046176,0.09588451492384888,0.8070849891056894,0.26944455994710975
0.48406136804928435,0.5148371706414964,0.0011014613092193307,0.7083336369743608
0.44411494421992564,0.34156420188574926,0.2143208538943251,0.936111512393567
0.6407006127156043,0.07616778228610077,0.2831316049982949,0.7805558901560603
0.36147957832812067,0.08226922439718216,0.5562511972746971,0.5972224782332846
0.868022560968862,0.01399906384141541,0.1179783751897226,0.7324077213682606
0.08034161238300015,0.09394522566912457,0.8257131619478754,0.25277788613594837
0.23477754264160836,0.23354225095985967,0.5316802063985321,0.48240761420083916
0.12004933562209137,0.4778547462145705,0.40209591816333823,0.40277795043640124
0.08996537285023896,0.7647506141042882,0.1452840130454727,0.41018536101913966
0.2068715995236716,0.7167931877334669,0.07633521274286158,0.623148415272869
0.045779117855091714,0.338444594243688,0.6157762879012203,0.27685197052984817
0.17495629292062645,0.23379733311941683,0.5912463739599568,0.40462980308208585
0.4882904891015173,0.4764092120971204,0.035300298801362325,0.7583336584078452
0.02514551280554928,0.5668633209495483,0.40799116624490234,0.27870382317553277
0.9011543145838656,0.08637542016035067,0.01247026525578379,0.665741026123615
0.6492636167450897,0.29530964180597924,0.055426741448930866,0.7527781004707913
0.549866636248858,0.05045514085730373,0.3996782228938382,0.7194447528484684
0.3305750738446559,0.19090398214720816,0.47852094400813583,0.6212965626271845
0.461410670591156,0.1420553677569886,0.39653396165185556,0.7250003107855223
0.07108498125171442,0.7855600692094598,0.1433549495388257,0.3675927501683938
0.24526514295220517,0.18085235310673553,0.5738825039410592,0.4731483509724162
0.8480267071739271,0.11849420042418414,0.03347909240188876,0.6990743737459377
0.4394805758973454,0.18642446567194973,0.374094958430705,0.7472225425337374
0.37052699961270924,0.5870753427700678,0.042397657617222924,0.7361114266596298
0.46097425439485484,0.15600619079122105,0.3830195548139241,0.7416669845966837
0.12917576043948661,0.39576916334963097,0.4750550762108826,0.40462980308208585
0.07337292653972763,0.36192256416828666,0.5647045092919858,0.31018531815217104
0.5643704785442459,0.35077699129321493,0.08485253016253905,0.8027781219042757
0.09067356829632779,0.9064923960493181,0.0028340356543542725,0.35648163429428614
0.36400168678802236,0.3541875110905262,0.28181080212145154,0.8342596168809139
0.8539854272322237,0.06915171950835652,0.07686285325941959,0.7231484581398376
0.08480933581586901,0.6031762119606991,0.312014452223432,0.3842594239795552
0.08479804271457457,0.36269232463973744,0.552509632645688,0.3268519919633325
0.06204879622306145,0.14073469753073817,0.7972165062462002,0.23240750703341773
0.18854285487206565,0.2863791257806037,0.5250780193473306,0.43055574012167025
0.20044733565552972,0.03614342126049726,0.7634092430839731,0.4064816557277704
0.376681118059284,0.44306319407659955,0.18025568786411644,0.9712967126615745
0.20458195844852622,0.3484570263735067,0.446961015177967,0.4916668774292622
0.30399545796401195,0.1870289991930032,0.5089755428429849,0.5824076570678077
0.5359952182688424,0.44597185666981337,0.018032925061344286,0.7324077213682606
0.005170009428100367,0.17890127514075016,0.8159287154311495,0.1768519276628796
0.16532661049595015,0.1607006732153635,0.6739727162886863,0.3750001607511322
0.4487204381448307,0.4764587317036758,0.07482083015149353,0.8194447957154369
0.6897130444548634,0.18611091577048727,0.12417603977464929,0.7768521848646911
0.17226824111614597,0.35338242029202965,0.47434933859182443,0.4453705612871471
0.5498143278360583,0.0395017574199287,0.4106839147440129,0.7083336369743608
0.4267239722059459,0.19115068265991314,0.38212534513414104,0.7416669845966837
0.19464416545272026,0.4948323754519104,0.31052345909536944,0.5583335726739079
0.16406483888764245,0.11322833564208248,0.7227068254702752,0.35833348693997075
0.5718809744516747,0.10359424471000868,0.32452478083831643,0.7787040375103758
0.1962582202799739,0.48964553060603944,0.3140962491139866,0.5657409832566463
0.19941485357610692,0.25522660338109854,0.5453585430427945,0.4324075927673549
0.5564309143010349,0.4317100828240148,0.011859002874950366,0.7194447528484684
0.503911402122539,0.46435531695439464,0.03173328092306617,0.7509262478251066
0.5341899008652663,0.3873209861621586,0.07848911297257515,0.7972225639672218
0.9267930997069301,0.056838377142419384,0.016368523150650422,0.6638891734779303
0.39640778307053354,0.5891215934405338,0.014470623488932672,0.7009262263916224
0.5530207236520158,0.39091052352054717,0.05606875282743707,0.7694447742819527
0.13721532934031885,0.6081094135766264,0.2546752570830547,0.49907428801200066
0.32384534396093917,0.19853740704883935,0.47761724899022145,0.613889152044446
0.06892190476550465,0.8017239633042272,0.1293541319302682,0.36944460281407837
0.801311628484395,0.09695412564608263,0.10173424586952254,0.7398151319509991
0.5753517527472639,0.29916259675081397,0.12548565050192195,0.8250003536524908
0.4521339758986187,0.13846549552265305,0.40940052857872833,0.7231484581398376
0.11416099235684625,0.44497889146478,0.44086011617837373,0.3861112766252398
0.4237534923101108,0.28216350590432376,0.2940830017855655,0.8398151748179676
0.7215440177526462,0.17517065724370964,0.10328532500364411,0.7638892163448989
0.06434823343839355,0.45714483117082805,0.47850693539077843,0.3194445813805941
0.7158501095451876,0.09737314214182727,0.18677674831298519,0.7694447742819527
0.4266384197328063,0.44800670969962963,0.12535487056756417,0.8879633436057673
0.16734765990892622,0.0984047112289914,0.7342476288620824,0.36388904487702456
0.031635073420967864,0.6799044361044417,0.2884604904745905,0.2990742022780635
0.5277215513867278,0.02310552342852191,0.44917292518475016,0.693518815808884
0.29629122485112613,0.09944117767405865,0.6042675974748153,0.5398150462170619
0.6302254435252326,0.1468113976159821,0.22296315885878545,0.800926269258591
0.09642829481777708,0.7353410078886123,0.16823069729361056,0.43611129805872406
0.1967947385487456,0.5783580668962636,0.22484719455499091,0.6194447099814999
0.06063715154565685,0.33234172379142735,0.6070211246629158,0.28981493904964045
0.12919402581418457,0.4489187386236035,0.42188723556221175,0.40277795043640124
0.5538289314074014,0.27362661160190954,0.17254445699068913,0.8453707327550215
0.10330566776988573,0.4046474380564382,0.492046894173676,0.3675927501683938
0.495680305484083,0.47233513083085354,0.03198456368506366,0.7490743951794221
0.5753689702088406,0.22950745591714505,0.19512357387401433,0.8398151748179676
0.7497648441843429,0.018280360831584987,0.23195479498407212,0.7453706898880528
0.05915812350732582,0.6792807492113077,0.26156112728136666,0.3453705184201785
0.11562229268757088,0.30668077090540946,0.5776969364070198,0.34351866577449397
0.5670868625475431,0.04450929898732406,0.3884038384651328,0.7379632793053145
0.4381820793808041,0.39943502217297633,0.16238289844621961,0.9212966912280902
0.34198382021909446,0.17763607238430765,0.48038010739659776,0.6268521205642382
0.3094674539619013,0.46207377635114705,0.22845876968695156,0.8453707327550215
0.4092180055567697,0.5415052515818651,0.04927674286136521,0.7638892163448989
0.4040337285645843,0.1754860669409616,0.4204802044944541,0.6990743737459377
0.16094991558473748,0.13587919490204542,0.7031708895132172,0.36388904487702456
0.10292617625480484,0.6616136152341782,0.2354602085110169,0.4231483295389319
0.37171455050534274,0.18996444801504897,0.4383210014796083,0.6731484367063533
0.5238669753611521,0.05335318435234764,0.42277984028650034,0.71203734226573
0.0008871702640673862,0.5313712594564697,0.46774157027946306,0.23981491761615614
0.22541772112214267,0.5843287472141871,0.19025353166367018,0.7250003107855223
0.19570857940030156,0.28810553647345666,0.5161858841262419,0.44351870864146253
0.21756388863781354,0.6508588226236537,0.13157728873853272,0.6916669631631994
0.829835218596839,0.0046701972965575754,0.16549458410660348,0.7361114266596298
0.45447973235378636,0.49140835463340754,0.05411191301280613,0.7990744166129063
0.7036415427765426,0.050428188275293065,0.24593026894816436,0.7564818057621605
0.1787013002685076,0.26038343350985044,0.5609152662216419,0.4175927716018781
0.5985717214164797,0.19359845467003758,0.20782982391348273,0.8212966483611216
0.1277253611654058,0.333942516954416,0.5383321218801781,0.3750001607511322
0.1268250883902327,0.7207258257751169,0.15244908583465033,0.48611131949220837
0.008270552712453838,0.5357660814154322,0.4559633658721139,0.24722232819889453
0.3800194535045922,0.5687430344289064,0.051237512066501276,0.7583336584078452
0.32034310067125993,0.6537737482313539,0.025883151097386065,0.6787039946434071
0.05371663846532883,0.413778412173947,0.5325049493607242,0.3046297602151173
0.8551804589082226,0.08165186508670762,0.06316767600506971,0.721296605494153
0.6176675047732094,0.3612867844981461,0.021045710728644532,0.721296605494153
0.35947744844858043,0.0046684127778416915,0.6358541387735779,0.5601854253195926
0.282644346492927,0.03174050267714363,0.6856151508299293,0.5027779933033698
0.1027368281344201,0.7380435969178428,0.15921957494773709,0.43611129805872406
0.17172282226902627,0.6593052763390905,0.16897190139188337,0.5898150676505463
0.649177345385365,0.12993784643687722,0.22088480817775777,0.7935188586758525
0.021685161848591667,0.23204876664606855,0.7462660715053396,0.2064815699938333
0.7624735062879616,0.11823442871352692,0.11929206499851149,0.7490743951794221
0.3807146412797269,0.5968404781086508,0.02244488061162233,0.7101854896200455
0.195717255015304,0.13474528314910098,0.669537461835595,0.39907424514503204
0.05069226908069577,0.1378301497499273,0.811477581169377,0.2194445385136255
0.04005573266275708,0.5160067095254224,0.4439375578118206,0.2861112337582712
0.24466399448786777,0.30161367354585505,0.4537223319662771,0.5398150462170619
0.06611956277784205,0.3188415828624799,0.6150388543596782,0.29537049698669426
0.8128401563845699,0.09514016659022578,0.09201967702520428,0.7342595740139453
0.24292964209032314,0.34855899908155213,0.40851135882812484,0.5824076570678077
0.9240027566556308,0.04735727758246137,0.028639965761907877,0.6842595525804609
0.26085045434998133,0.6264201843613602,0.11272936128865832,0.7620373636992143
0.29317860847287663,0.08598764543882631,0.620833746088297,0.5250002250515851
0.786344501509545,0.12273464281237309,0.09092085567808174,0.7435188372423682
0.27583259774049224,0.1432335558722089,0.5809338463872988,0.515740961823162
0.37970363192349255,0.24272180107577238,0.37757456700073516,0.7194447528484684
0.2510264466735388,0.08435539924069202,0.6646181540857691,0.47870390890946996
0.2383971634273217,0.5932992818340004,0.16830355473867778,0.7509262478251066
0.016423582837263688,0.9506510406068993,0.03292537655583694,0.2027778647024641
0.45393323130021584,0.3853066301983912,0.16076013850139315,0.9046300174169287
0.27268152466294043,0.21829754546166621,0.5090209298753934,0.5231483724059005
0.1762987744420721,0.32530942091915355,0.49839180463877436,0.43611129805872406
0.3558837640099595,0.3747420841451878,0.26937415184485275,0.8416670274636522
0.28094043961076703,0.6429412428236531,0.07611831756558014,0.7416669845966837
0.4842953458832849,0.20764807547807454,0.30805657863864067,0.8120373851326986
0.34706956974810704,0.6459523595480794,0.00697807070381351,0.6546299102495072
0.43149849638182897,0.010362658391247335,0.5581388452269237,0.6157410046901306
0.8919456182117705,0.06439233008770741,0.04366205170052204,0.7046299316829916
0.38678747583000056,0.07783291465276233,0.5353796095172372,0.6120372993987614
0.026381595082870246,0.03272629145016308,0.9408921134669666,0.18240748559993344
0.3305889185757138,0.5537279102807017,0.11568317114358462,0.8583337012748137
0.3819357377791166,0.3052755284953505,0.3127887337255329,0.8046299745499601
0.44743201204761557,0.33400512458217857,0.2185628633702059,0.9305559544565132
0.15803713283616017,0.7163899001317217,0.125572967032118,0.5564817200282234
0.485861521955505,0.10951298669094683,0.4046254913535481,0.721296605494153
0.8166528929306892,0.1466246361312751,0.036722470938035726,0.7064817843286763
0.04734292458140309,0.31410766042819965,0.6385494149903973,0.263889002010056
0.02574425611524911,0.7407961271224236,0.23345961676232732,0.2861112337582712
0.17608615682976253,0.7148101472854704,0.10910369588476702,0.6064817414617076
0.8635923805826684,0.019002169377763053,0.11740545003956851,0.7324077213682606
0.2257412540759643,0.021311970897929543,0.7529467750261062,0.4324075927673549
0.36041690809637167,0.5151183972058777,0.12446469469775052,0.8935189015428212
0.07306816747436581,0.22700957784379538,0.6999222546818388,0.2750001178841636
0.01656694629275447,0.7079895950111906,0.275443458696055,0.27870382317553277
0.520151260328183,0.43477382636910855,0.045074913302708415,0.7657410689905835
0.0658699042912077,0.6424858693551974,0.2916442263535948,0.34351866577449397
0.7864980260942567,0.16469726121636347,0.04880471268938,0.721296605494153
0.5344330522972978,0.14794807531236082,0.31761887239034137,0.7916670060301679
0.23590408096485674,0.4543988792708265,0.30969703976431673,0.6361113837926613
0.21762577642812084,0.21958608709766397,0.5627881364742151,0.4601853824526239
0.5240742996971323,0.0016626725317950856,0.4742630277710727,0.6712965840606687
0.10528207994009918,0.46447014630208555,0.4302477737578153,0.3787038660425014
0.40520781347994406,0.007372722354513667,0.5874194641655424,0.5990743308789692
0.17009826639272696,0.475997537816444,0.35390419579082905,0.5009261406576851
0.6326150314273603,0.21787940862650906,0.14950555994613068,0.8046299745499601
0.333754622633972,0.4696170652931539,0.19662831207287404,0.9212966912280902
0.056606789923239656,0.26659504810522205,0.6767981619715383,0.263889002010056
0.923227646593704,0.07675361246766282,1.8740938633202088e-05,0.6472224996667689
0.6289473125313969,0.22272657858250045,0.14832610888610262,0.8064818271956448
0.004816864247609464,0.2883803214479991,0.7068028143043913,0.18981489618267186
0.67006603585554,0.1767969461782894,0.15313701796617055,0.7935188586758525
0.06522326239602273,0.5840527201509235,0.35072401745305365,0.3416668131288093
0.5491523699015916,0.2893091016733886,0.16153852842501992,0.8435188801093368
0.17214506545683503,0.6525052541617544,0.17534968038141066,0.5879632150048616
0.03779450259912794,0.8482101234066185,0.1139953739942537,0.28796308640395585
0.09203983360441312,0.25082551407349885,0.657134652322088,0.2990742022780635
0.2968955921705341,0.5686082126398446,0.13449619518962136,0.8509262906920753
0.18277288628139624,0.2581167904580537,0.5591103232605501,0.4231483295389319
0.6872543720244952,0.22703661945875966,0.08570900851674504,0.7620373636992143
0.49987321651109584,0.06860096716961911,0.4315258163192851,0.7046299316829916
0.3120653311896355,0.31832882254228445,0.3696058462680802,0.6953706684545686
0.5072728966548806,0.17046287125598933,0.3222642320891299,0.7972225639672218
0.8058400346014083,0.17243622969835803,0.02172373570023361,0.6916669631631994
0.17809438809286074,0.31129040195037283,0.5106152099567665,0.4324075927673549
0.8432423996202022,0.09711693286610824,0.0596406675136896,0.721296605494153
0.8121917003535343,0.02805687305709426,0.1597514265893715,0.7416669845966837
0.5032437094856579,0.44535995127767547,0.0513963392366666,0.7787040375103758
0.055863831264180014,0.10605425264787173,0.8380819160879482,0.2231482438049947
0.38013417028355256,0.12875633273551268,0.4911094969809347,0.6416669417297151
0.7009131598202909,0.017354774256227962,0.2817320659234811,0.7416669845966837
0.6396262852726208,0.15910176384447666,0.20127195088290253,0.8046299745499601
0.19433690549431543,0.46636680951143344,0.3392962849942511,0.5490743094454849
0.33155956999552577,0.4964612761030883,0.17197915390138602,0.9138892806453518
0.5499267894173355,0.33698757771678983,0.11308563286587459,0.8361114695265984
0.4904070827406759,0.32955476055384475,0.1800381567054793,0.8953707541885056
0.8581145110482579,0.007492791956007366,0.13439269699573483,0.7324077213682606
0.02149680718190061,0.5339731599673325,0.4445300328507669,0.2601852967186868
0.19802635169797986,0.5539709272974228,0.24800272100459736,0.5972224782332846
0.5538825853478176,0.23757028860291762,0.2085471260492647,0.8527781433377598
0.8674058222932801,0.09180435472444921,0.04078982298227064,0.7064817843286763
0.18159016751765095,0.7203028805555494,0.09810695192679987,0.613889152044446
0.05411042790570367,0.3501749859785744,0.5957145861157219,0.2935186443410096
0.024045013547015336,0.1460902328671816,0.829864753585803,0.19537045411972565
0.38747277716463036,0.2824365698718458,0.33009065296352386,0.782407742801745
0.043595304805517585,0.7654473903430686,0.19095730485141385,0.33611125519175555
0.22770527802497684,0.5010702907969177,0.2712244311781054,0.6472224996667689
0.37464703481883693,0.022739851721111006,0.6026131134600521,0.5861113623591769
0.4054585732875876,0.15033837598850627,0.4442030507239063,0.6768521419977226
0.09469785301445176,0.37426325042763064,0.5310388965579176,0.3416668131288093
0.4849131213052383,0.28553959874365226,0.2295472799511093,0.8953707541885056
0.16736761817708234,0.6135458581946691,0.21908652362824838,0.5694446885480156
0.8181775663909976,0.144574418891818,0.037248014717184426,0.7064817843286763
0.21358592661626286,0.240332929641137,0.5460811437426001,0.45092611922420095
0.29577072179421193,0.14571423808093062,0.5585150401248573,0.5546298673825387
0.45873008851781144,0.04875718645255955,0.49251272502962906,0.6601854681865611
0.7359476930942518,0.15566040426047928,0.10839190264526895,0.7620373636992143
0.17477588916832723,0.18533441293447536,0.6398896978971973,0.3842594239795552
0.23856299451274893,0.022142828997723917,0.7392941764895271,0.4453705612871471
0.34713896560064245,0.21794769567957556,0.43491333871978194,0.6638891734779303
0.048428061238115626,0.37536668624842123,0.5762052525134632,0.29166679169532506
0.4875084642979376,0.4228303073144615,0.08966122838760097,0.8342596168809139
0.5609834075126652,0.02633828894144972,0.41267830354588503,0.7046299316829916
0.7057382365232341,0.03889011200414131,0.2553716514726244,0.754629953116476
0.03194289625529932,0.40387850577773676,0.5641785979669639,0.26944455994710975
0.18363437378881375,0.580650626374532,0.2357149998366542,0.5861113623591769
0.1233380190759009,0.3117375873999101,0.5649243935241889,0.3490742237115477
0.005364853534751791,0.9729794667604921,0.021655679704756094,0.18240748559993344
0.7815420728461785,0.15266592911858645,0.06579199803523506,0.7324077213682606
0.27705846368833514,0.493682493558012,0.22925904275365286,0.7990744166129063
0.017013688065455737,0.2774268665137693,0.7055594454207749,0.2064815699938333
0.3684775637844841,0.18588058713941455,0.44564184907610127,0.6675928787692995
0.014091796507692036,0.4882423192565327,0.4976658842357752,0.25277788613594837
0.3025714837603417,0.1486247320539611,0.5488037841856973,0.5638891306109617
0.22752912867436387,0.4917213062714911,0.2807495650541451,0.6416669417297151
0.5145846083074,0.3060983365962518,0.17931705509634824,0.8861114909600827
0.6497635951848728,0.15972474283987143,0.1905116619752558,0.8083336798413293
0.1197895928940039,0.4725310068047724,0.40767940030122385,0.39907424514503204
0.17129895332917175,0.05149493842519715,0.7772061082456312,0.3787038660425014
0.5910239538957529,0.3036116687498974,0.10536437735434959,0.810185532487014
0.6222773098440125,0.0473128990520201,0.3304097911039672,0.7638892163448989
0.2932318519272167,0.33520892247569684,0.37155922559708654,0.6712965840606687
0.4662650914829315,0.050072636816975984,0.48366227170009235,0.6675928787692995
0.3854688732040014,0.3550553490424784,0.25947577775352004,0.8898151962514519
0.6795564087568884,0.05840148258416236,0.2620421086589492,0.7638892163448989
0.06463999172497277,0.07449466273558339,0.8608653455394437,0.23055565438773312
0.2223090767932129,0.5603336308590008,0.2173572923477864,0.6842595525804609
0.9545346782638503,0.014827540414973762,0.030637781321175884,0.6805558472890918
0.04378481545787122,0.1990804500043496,0.7571347345377794,0.23055565438773312
0.25917400176142535,0.011657978062760225,0.7291680201758145,0.4657409403896778
0.8103144424286445,0.15442844600580044,0.03525711156555523,0.7027780790373069
0.410550613819095,0.2993376319628763,0.29011175421802876,0.8398151748179676
0.5018646974253719,0.19372211543286033,0.30441318714176785,0.8083336798413293
0.5246578814582386,0.13275172271424873,0.34259039582751283,0.7787040375103758
0.1064823698979152,0.3333579170985821,0.5601597130035026,0.35092607635723233
0.06688550431681284,0.003514317827580858,0.9296001778556062,0.23425935967910233
0.4607556379595863,0.2373837040514902,0.3018606579889236,0.8231485010068061
0.5536625382912108,0.02505641831296369,0.4212810433958255,0.7027780790373069
0.05668001166766152,0.03013191483883485,0.9131880734935035,0.2212963911593101
0.35208495960539965,0.5020805080927403,0.1458345323018601,0.9101855753539825
0.5728765944027688,0.31013838152777434,0.1169850240694568,0.8250003536524908
0.06741647882242352,0.5457973612046725,0.38678615997290405,0.3416668131288093
0.19828026555331066,0.16142002261071792,0.6402997118359715,0.4064816557277704
0.09037945176597023,0.39416195819253497,0.5154585900414949,0.3472223710658631
0.22780258473753756,0.7310763434200533,0.041121071842409054,0.5935187729419154
0.5053409411849972,0.43265839237247716,0.062000666442525734,0.7805558901560603
0.10480206537683302,0.10837238584731954,0.7868255487758473,0.27870382317553277
0.09022673905295166,0.7258486214886596,0.18392463945838888,0.4250001821846165
0.48239799723702886,0.2002072627026208,0.31739474006035034,0.8046299745499601
0.3291177006257448,0.3002181148066773,0.3706641845675778,0.6972225211002532
0.04421879873224469,0.8472935964167887,0.10848760485096662,0.3046297602151173
0.290828044970959,0.43032331334740126,0.2788486416816398,0.7583336584078452
0.11208734019094999,0.8657023574205782,0.02221030238847167,0.4194446242475627
0.6349768585780685,0.28448820530278773,0.0805349361191437,0.7750003322190064
0.032792155811231835,0.5655935662888442,0.401614277899924,0.2935186443410096
0.3218651888244233,0.6464859775326096,0.03164883364296713,0.6953706684545686
0.19901942664668404,0.501324706488181,0.2996558668651351,0.5657409832566463
0.28740384254197676,0.23486001084145616,0.4777361466165669,0.562037277965277
0.5128062212649453,0.10536006998883653,0.3818337087462181,0.7398151319509991
0.427323916479052,0.44766840179891976,0.12500768172202825,0.8879633436057673
0.7451293458442976,0.014026063637737896,0.24084459051796459,0.7416669845966837
0.5722436227960032,0.3134367390475903,0.11431963815640644,0.8268522062981755
0.3283397152102594,0.23172327914373458,0.4399370056460061,0.6416669417297151
0.45177492930258234,0.3203927395896866,0.22783233110773107,0.9212966912280902
0.144514570681356,0.30627397392580413,0.5492114553928399,0.389814981916609
0.4629593719659921,0.3649576830013641,0.17208294503264387,0.9046300174169287
0.00630570689054409,0.6666620739224429,0.3270322191870131,0.2564815914273176
0.5949053170272636,0.010869636838350124,0.39422504613438636,0.7250003107855223
0.7738099464684517,0.05225170633352164,0.1739383471980267,0.7527781004707913
0.05104558976611914,0.5231829051791467,0.42577150505473405,0.31018531815217104
0.1482540700757047,0.20880073368857524,0.64294519623572,0.36203719223133995
0.0984590563352697,0.01028330501049708,0.8912576386542332,0.273148265238479
0.2161038674541287,0.5557341585558003,0.228161973990071,0.6564817628951919
0.460416738922414,0.1556020694163312,0.3839811916612549,0.7416669845966837
0.6996755181248714,0.24319793783934102,0.05712654403578776,0.7361114266596298
0.3827126053944464,0.27071687182675624,0.34657052277879746,0.7564818057621605
0.17739090802079072,0.39270403189945025,0.429905060079759,0.4712964983267316
0.34821684183120755,0.5984888049263603,0.05329435324243215,0.7583336584078452
0.09093815744402997,0.186597199685084,0.7224646428708861,0.2861112337582712
0.22188387241159913,0.30692181826289144,0.47119430932550926,0.49907428801200066
0.6113575610033107,0.005108345227012748,0.3835340937696766,0.7231484581398376
0.2043989673648684,0.2963982100092732,0.4992028226258585,0.4527779718698855
0.00861867291262492,0.07074284114880441,0.9206384859385708,0.1731482223715104
0.24221352517974165,0.32829749715033496,0.4294889776699234,0.5564817200282234
0.1182228808330297,0.27923964261938816,0.602537476547582,0.33611125519175555
0.34139966646630604,0.09076557482582447,0.5678347587078694,0.5694446885480156
0.019487694377974703,0.10145455982712727,0.8790577457948979,0.1805556329542488
0.4265253615718493,0.35926151351708974,0.21421312491106104,0.9472226282676747
0.5189219182586564,0.1835656076448408,0.29751247409650283,0.810185532487014
0.08758575597178075,0.4548999734009429,0.45751427062727634,0.35462978164860154
0.329104700392374,0.46427609033472106,0.20661920927290486,0.9064818700626134
0.4993111239046219,0.1379974911932784,0.36269138490209957,0.7583336584078452
0.10836657161331952,0.4564473004957155,0.43518612789096495,0.380555718688186
0.233092669554917,0.6678205392679057,0.09908679117717721,0.6916669631631994
0.05470603085625718,0.434976773992759,0.5103171951509837,0.3046297602151173
0.47820955328594644,0.12947090591461582,0.3923195407994377,0.7268521634312068
0.19014638472111892,0.2833501800713454,0.5265034352075357,0.4324075927673549
0.6355752816513712,0.12283459974571917,0.2415901186029095,0.7935188586758525
0.15187280439161105,0.10725084551369182,0.7408763500946971,0.35092607635723233
0.56416465845287,0.1087113359057306,0.3271240056413992,0.7787040375103758
0.5229476828821805,0.43060372051298584,0.046448596604833685,0.7675929216362681
0.7791899264332326,0.1176641767961231,0.10314589677064422,0.7472225425337374
0.07622158996611218,0.787302397793507,0.13647601224038075,0.3750001607511322
0.1230836653963687,0.1641949777536615,0.71272135684997,0.3138890234435403
0.4734453999781488,0.08185684795191903,0.4446977520699323,0.693518815808884
0.5480317166360442,0.4073047049604197,0.04466357840353617,0.7583336584078452
0.22454310677151954,0.5556681306818761,0.21978876254660426,0.6805558472890918
0.18871940738823592,0.3252200563747483,0.48606053623701584,0.45092611922420095
0.5874232408299741,0.10505156187047303,0.307525197299553,0.7861114480931142
0.43292016432351305,0.527648675572361,0.03943116010412605,0.7509262478251066
0.6722546891408608,0.08803741682286591,0.23970789403627335,0.773148479573322
0.233094045939355,0.2794922925748863,0.4874136614857588,0.49722243536631605
0.15182147053743877,0.7910577920231852,0.057120737439376124,0.5046298459490544
0.3292685077354258,0.36535043049882987,0.3053810617657443,0.7768521848646911
0.11449401497927984,0.812678558617233,0.07282742640348708,0.4268520348303011
0.02806369684235217,0.6434480900245273,0.3284882131331206,0.28240752846690204
0.7390345224014842,0.1889592151574056,0.07200626244111026,0.7416669845966837
0.6428722987125837,0.2826609000711433,0.0744668012162729,0.7620373636992143
0.43685174691908873,0.24532118750946727,0.31782706557144386,0.8120373851326986
0.14882132239627832,0.42498757955360633,0.42619109805011535,0.44166685599577793
0.38951391826438203,0.0351069720476517,0.5753791096879661,0.6046298888160231
0.4032711222199139,0.4331482666031287,0.1635806111769572,0.94537077562199
0.5996143221833997,0.3665097368855112,0.033875940931088915,0.7342595740139453
0.19069930322603879,0.7917016081865905,0.017599088587370727,0.5194446671145312
0.6039137726548801,0.21092340642092275,0.18516282092419706,0.8231485010068061
0.0914461988433691,0.08292275998787903,0.8256310411687519,0.2583334440730022
0.15088560906070375,0.6363695257464403,0.21274486519285588,0.5416668988627465
0.15842264762632272,0.0113813868732577,0.8301959655004195,0.35462978164860154
0.8047685625756346,0.09964417876747785,0.09558725865688754,0.7398151319509991
0.24267672523000702,0.4229971377866873,0.33432613698330577,0.6305558258556074
0.6000000403009842,0.19935819664440504,0.20064176305461082,0.8250003536524908
0.033125896543561434,0.9028946944509607,0.0639794090054777,0.2546297387816329
0.036825420988144834,0.5258904804218114,0.43728409859004386,0.27870382317553277
0.20454872771875923,0.20917119987833285,0.586280072402908,0.43055574012167025
0.07308056381356019,0.5758591728094408,0.35106026337699914,0.35277792900291693
0.3739138581763004,0.4218379540531743,0.20424818777052525,0.9657411547245207
0.5577050101047394,0.2875852788675379,0.1547097110277227,0.8342596168809139
0.13070783604724148,0.7868999032198174,0.08239226073294109,0.4916668774292622
0.8409228840785764,0.14040077474661464,0.018676341174809038,0.6750002893520379
0.22421507857188683,0.5323996692185671,0.24338525220954596,0.6546299102495072
5.2531005105091015e-05,0.5703032845637594,0.42964418443113545,0.23055565438773312
0.8129676915356792,0.11014011824866285,0.07689219021565794,0.7361114266596298
0.017500347422628477,0.3218784890744118,0.6606211635029596,0.2231482438049947
0.39985416413838665,0.09008718348500885,0.5100586523766045,0.6342595311469766
0.22942925198187594,0.2512155512958162,0.5193551967223078,0.48240761420083916
0.8920762838494782,0.08243648253128273,0.025487233619239078,0.6842595525804609
0.941697493300523,0.0482287925728186,0.010073714126658351,0.6527780576038227
0.28166743986451614,0.05315464480161865,0.6651779153338653,0.5083335512404237
0.6174302527935482,0.15893554403459925,0.22363420317185234,0.810185532487014
0.2952114077402598,0.18647645824945952,0.5183121340102808,0.5657409832566463
0.5701950305005724,0.0028252263998437602,0.4269797430995837,0.6990743737459377
0.10696810732231561,0.7786820908464372,0.1143498018312473,0.4194446242475627
0.719426913990773,0.2331366112332758,0.0474364747759512,0.721296605494153
0.10215894200163883,0.6403274495261448,0.2575136084722163,0.4231483295389319
0.0584736177699631,0.6994984797268597,0.24202790250317716,0.35833348693997075
0.008855749497382671,0.6529803065223325,0.3381639439802847,0.25277788613594837
0.44062708474733464,0.1061193890619024,0.45325352619076303,0.6842595525804609
0.0009280662692995184,0.5708626143385703,0.42820931939213003,0.23240750703341773
0.4891585957737231,0.12986695930737258,0.38097444491890425,0.7398151319509991
0.47825574206755866,0.20312276841817464,0.3186214895142667,0.8064818271956448
0.09620109515232532,0.4244093049519305,0.4793895998957442,0.35833348693997075
0.5693751606411858,0.3359366290683699,0.09468821029044446,0.8083336798413293
0.8806773162120359,0.017841177300673954,0.10148150648729012,0.7250003107855223
0.3848425944227113,0.4200048760656938,0.19515252951159487,0.9898152391184206
0.573179890267851,0.04899953329571764,0.37782057643643124,0.7472225425337374
0.05071503392294321,0.028057989068217985,0.9212269770088388,0.2138889805765717
0.07754952036485756,0.6331670633564903,0.28928341627865206,0.36944460281407837
0.023319683168943846,0.8950764121375447,0.08160390469351139,0.24907418084457913
0.4821877296001698,0.04540425022683067,0.4724080201729995,0.6731484367063533
0.006059938212890976,0.3262660718112531,0.6676739899758559,0.2064815699938333
0.3990356437776413,0.35064270493945277,0.25032165128290595,0.9046300174169287
0.7974494072548121,0.08086306102309228,0.12168753172209562,0.7435188372423682
0.2595247554526627,0.3601699679001644,0.3803052766471729,0.6194447099814999
0.36821929994421015,0.0815627803982063,0.5502179196575835,0.5990743308789692
0.14616350653910015,0.2960781958985781,0.5577582975623218,0.380555718688186
0.4005553816604679,0.33846065476176856,0.2609839635777636,0.8935189015428212
0.160840812230985,0.752240451325296,0.08691873644371885,0.562037277965277
0.45207929175919837,0.509156871721452,0.03876383651934974,0.7490743951794221
0.04920699900283665,0.4788137346429123,0.47197926635425097,0.3027779075694326
0.6427734591772115,0.0651941582736636,0.29203238254912495,0.7750003322190064
0.13822258618431366,0.8195232494818635,0.04225416433382276,0.4638890877439932
0.26055323002177755,0.020790895028753573,0.7186558749494689,0.4731483509724162
0.20087253506807132,0.6238306484445441,0.17529681648738446,0.6564817628951919
0.7269663939527039,0.1568858476376599,0.11614775840963637,0.7638892163448989
0.3727299513493956,0.33455294386485207,0.29271710478575225,0.8324077642352292
0.3630021104233145,0.6105539206312931,0.026443968945392523,0.7009262263916224
0.2272652670291749,0.2098678946692285,0.5628668383015967,0.4731483509724162
0.29172247568387943,0.10658944998650016,0.6016880743296205,0.534259488280008
0.7298535607382182,0.20866065933931333,0.06148577992246859,0.7361114266596298
0.25867440369888955,0.3202313469238258,0.4210942493772847,0.5879632150048616
0.3279436349497002,0.2926505162177617,0.37940584883253803,0.6898151105175148
0.18636372227310072,0.7191445967603736,0.09449168096652556,0.6212965626271845
0.2588336106831348,0.6599496908552602,0.08121669846160494,0.7101854896200455
0.043299544832111694,0.8004514827240115,0.15624897244387667,0.32314828667196327
0.4903331177031138,0.010932166229843113,0.49873471606704306,0.6620373208322458
0.27563666892063027,0.04160870417133373,0.6827546269080361,0.49537058272063145
0.32465261787069005,0.5763434962598804,0.0990038858694297,0.8194447957154369
0.26224233928575613,0.582827077255741,0.15493058345850277,0.7898151533844833
0.7836216991992311,0.0019663416375186493,0.21441195916325037,0.7324077213682606
0.04237817885941744,0.11847212987470315,0.8391496912658793,0.2027778647024641
0.04661924262206964,0.8924775057968847,0.060903251581045516,0.2675927073014252
0.31449025284345783,0.18387882944207348,0.5016309177144688,0.5953706255876
0.45115553527172697,0.4273239296383252,0.1215205350899478,0.8805559330230288
0.059375216480184706,0.8108801693702744,0.12974461414954094,0.35092607635723233
0.20184501850358497,0.6186966529085706,0.17945832858784438,0.6564817628951919
0.5746032836348511,0.25329423665266476,0.1721024797124841,0.8398151748179676
0.8594289075122009,0.020550567547830294,0.12002052493996887,0.7361114266596298
0.27861793061792134,0.1146655262942181,0.6067165430878605,0.5194446671145312
0.7217342567638098,0.15813765391796156,0.12012808931822877,0.7638892163448989
0.7211409157372273,0.13024943655408408,0.14860964770868848,0.7694447742819527
0.11782133034389486,0.6533620582824147,0.22881661137369044,0.4527779718698855
0.40745806600272755,0.4738634356578285,0.11867849833944394,0.8898151962514519
0.19560475109207123,0.6491190426219307,0.15527620628599806,0.6416669417297151
0.29328747096653746,0.5254798954398638,0.18123263359359862,0.856481848629129
0.2788580872811304,0.33694412825573705,0.3841977844631325,0.6527780576038227
0.4700865199795053,0.049218383649648347,0.48069509637084634,0.6712965840606687
0.36123968281462837,0.19301012830679753,0.44575018887857415,0.6583336155408764
0.26680940802440206,0.6085353682742004,0.12465522370139757,0.773148479573322
0.5763326793094529,0.3286082200077434,0.09505910068280378,0.8046299745499601
0.14473974608154458,0.5789596953834961,0.27630055853495933,0.5046298459490544
0.04948294596804881,0.6952193648652809,0.2552976891666704,0.3305556972547017
0.723852193746498,0.12801997442325064,0.14812783183025122,0.7712966269276373
0.5363376468833533,0.17496365741327252,0.288698695703374,0.8194447957154369
0.28650149057173785,0.5835880428624106,0.1299104665658514,0.8268522062981755
0.8490668445260591,0.0034745816866024095,0.14745857378733862,0.730555868722576
0.7347731676176465,0.05388250501658117,0.2113443273657722,0.7527781004707913
0.6540844397636072,0.2864042948442727,0.059511265392119934,0.7472225425337374
0.36860440953643014,0.25950966335306347,0.37188592711050633,0.721296605494153
0.24369443337258107,0.614876866823837,0.14142869980358183,0.754629953116476
0.2724322142069748,0.6813621225357482,0.04620566325727679,0.6694447314149841
0.812802551330774,0.04538283113011983,0.14181461753910624,0.7416669845966837
0.5453951673159915,0.29329401469324734,0.16131081799076116,0.847222585400706
0.21488202122116878,0.6459056822078604,0.13921229657097078,0.6898151105175148
0.5613845366555337,0.0254204165852397,0.41319504675922675,0.7046299316829916
0.7113046739679867,0.07588777182388405,0.2128075542081293,0.7583336584078452
0.08323543204179464,0.5641427841835874,0.3526217837746179,0.35462978164860154
0.6883554740880055,0.14928059392870394,0.16236393198329074,0.7879633007387988
0.033865947378547846,0.3105956215738742,0.655538431047578,0.24537047555320995
0.5387086380641827,0.30349098738052027,0.157800374555297,0.8509262906920753
0.4376628986450065,0.18167364693095028,0.3806634544240432,0.7398151319509991
0.6793822279659214,0.27144847414095613,0.04916929789312252,0.7342595740139453
0.7254957575856495,0.07244954692470974,0.2020546954896407,0.7601855110535296
0.30301300364381184,0.3312202948703132,0.36576670148587487,0.7027780790373069
0.11226256186794556,0.2948828776419864,0.592854560490068,0.3342594025460709
0.47561962411697284,0.17671280954307345,0.34766756633995366,0.7712966269276373
0.5643042639342536,0.35192786178703944,0.0837678742787071,0.800926269258591
0.3665078047711334,0.325758868492596,0.3077333267362705,0.8046299745499601
0.3672722241471866,0.410522188095191,0.2222055877576224,0.9287041018108285
0.28302107224946904,0.08503443682611872,0.6319444909244122,0.5231483724059005
0.23692467681144466,0.10236221261057746,0.6607131105779779,0.45833352980693937
0.5441042235463598,0.29172567635104063,0.1641701001025996,0.8490744380463907
0.20710222107874587,0.10805538877069934,0.6848423901505548,0.41018536101913966
0.7003138686018728,0.19096652197395278,0.10871960942417434,0.7694447742819527
0.6622820275113757,0.01854037255220431,0.31917759993642003,0.7527781004707913
0.13875859709914956,0.8571541787272804,0.004087224173570061,0.4324075927673549
0.28558289761586453,0.47892560249425525,0.23549149988988036,0.8083336798413293
0.02023720237168831,0.8143155076773009,0.1654472899510109,0.28796308640395585
0.5057720561022574,0.14337597187864057,0.35085197201910195,0.773148479573322
0.7468011495296578,0.1037010112483862,0.14949783922195609,0.7583336584078452
0.7872323815065739,0.1188057253655084,0.09396189312791764,0.7435188372423682
0.3150839685365136,0.6562552142356622,0.02866081722782418,0.6824076999347763
0.8397679390173618,0.12396050235566265,0.03627155862697541,0.7083336369743608
0.027415403412097448,0.9090714934775649,0.06351310311033775,0.24351862290752535
0.018629003839560787,0.23227576962421173,0.7490952265362275,0.20092601205677946
0.3409141671757233,0.6134521729086917,0.04563365991558504,0.7287040160768914
0.2587425072041221,0.37404698732199615,0.3672105054738817,0.6305558258556074
0.4510271018332499,0.4231344238078109,0.12583847435893925,0.8916670488971365
0.22658553211611482,0.05196440359957478,0.7214500642843105,0.4342594454130395
0.38077603021523915,0.3942060374709671,0.2250179323137937,0.94537077562199
0.37314577736732696,0.49041588043570206,0.1364383421969709,0.908333722708298
0.44040635070875606,0.2688232104006028,0.29077043889064114,0.8361114695265984
0.6651004614678117,0.15534486281233653,0.17955467571985192,0.800926269258591
0.7815459393739854,0.017491964652249253,0.2009620959737654,0.7416669845966837
0.5846541638438406,0.2258849005871774,0.18946093556898191,0.8324077642352292
0.10972651650453895,0.16057217644460497,0.7297013070508559,0.29722234963237887
0.49733985140732434,0.43897916853813324,0.06368098005454237,0.7861114480931142
0.00424665731066681,0.8713900816555106,0.12436326103382268,0.23611121232478693
0.42860886446246865,0.038519123182749075,0.5328720123547823,0.6287039732099229
0.7310566470830201,0.23239701683539335,0.036546336081586625,0.71203734226573
0.30613835864624306,0.5106658840302032,0.18319575732355386,0.8842596383143981
0.38807343569004893,0.191584377241017,0.4203421870689341,0.6898151105175148
0.6563926333811582,0.09457227852000123,0.24903508809884065,0.782407742801745
0.05566326244250067,0.5914776801300352,0.3528590574274641,0.3212964340262787
0.6677196695051048,0.211906008840103,0.1203743216547923,0.7842595954474295
0.6111528689736498,0.27811580518845225,0.11073132583789803,0.8027781219042757
0.6874213552388516,0.02951915599356807,0.28305948876758036,0.7564818057621605
0.12721523726355868,0.03222239080368202,0.8405623719327593,0.31759272873490946
0.3897847483101779,0.23207596256818183,0.3781392891216403,0.721296605494153
0.5136636796495307,0.1942585829551257,0.29207773739534343,0.8194447957154369
0.03284060918334372,0.05419257372333333,0.9129668170933231,0.19351860147404104
0.42924906971775956,0.5478009449630061,0.02294998531923423,0.7101854896200455
0.20843681335082162,0.6591685123203282,0.13239467432885013,0.6694447314149841
0.3803227351965415,0.03084850576747852,0.58882875903598,0.5935187729419154
0.2598561871478657,0.5293997993054764,0.21074401354665803,0.7842595954474295
0.12694750781084804,0.7824375363460575,0.09061495584309438,0.4712964983267316
0.13194014957324943,0.39434816912253856,0.47371168130421193,0.40833350837345506
0.5917677429544367,0.05115948205896762,0.3570727749865957,0.7564818057621605
0.7071036289950944,0.03474663312934704,0.25814973787555867,0.7564818057621605
0.06972108165920643,0.07617353965552358,0.85410537868527,0.23796306497047154
0.17015178941732306,0.20904589655168504,0.620802314030992,0.3824075713338706
0.17786509762012165,0.6079979579408225,0.21413694443905593,0.5953706255876
0.39268950773374434,0.03841848012724541,0.5688920121390104,0.6046298888160231
0.1202503562127871,0.19231864525310052,0.6874309985341124,0.3194445813805941
0.24708250037678522,0.4626127446405968,0.29030475498261793,0.6768521419977226
0.8093677019044954,0.15468463318363557,0.035947664911869175,0.7046299316829916
0.30127197700245656,0.5433099486254035,0.15541807437213986,0.8694448171489213
0.4346730685104031,0.5066967940041247,0.05863013748547206,0.7972225639672218
0.27381189859755256,0.6747129761206815,0.051475125281765816,0.6768521419977226
0.35757175320714435,0.42902944921143155,0.21339879758142408,0.9342596597478824
0.49514134105993396,0.216842350386095,0.2880163085539711,0.837963322172283
0.0032556492068616764,0.5191011234193271,0.4776432273738112,0.24166677026184075
0.00897458306646298,0.10525873391144565,0.8857666830220913,0.1731482223715104
0.14957972592145224,0.19096022775893007,0.6594600463196176,0.35648163429428614
0.3382880416089363,0.2336356798754701,0.42807627851559366,0.6583336155408764
0.6141775945265454,0.18766593844564192,0.19815646702781275,0.8175929430697524
0.09594155276475425,0.6691284513207758,0.23492999591447003,0.4175927716018781
0.03183553184278419,0.7281813413778969,0.23998312677931893,0.30833346550648644
0.05055618607990196,0.5662892471386465,0.3831545667814515,0.30833346550648644
0.5149660748062451,0.055902434714512984,0.429131490479242,0.7083336369743608
0.18364526565615383,0.012642686255096194,0.8037120480887501,0.380555718688186
0.42371585168496956,0.2026463076081764,0.3736378407068541,0.7453706898880528
0.771525509843809,0.14383261240506737,0.08464187775112365,0.7472225425337374
0.06888528065272174,0.17626763112547222,0.754847088221806,0.2564815914273176
0.5919045197907404,0.23946994401497373,0.1686255361942859,0.82870405894386
0.11123988299120703,0.7732439224836095,0.11551619452518351,0.43055574012167025
0.8372965047749966,0.12541498481298338,0.03728851041201987,0.7083336369743608
0.5447165693597881,0.1515111983374693,0.30377223230274264,0.8064818271956448
0.9641322153336302,0.012054375476920197,0.023813409189449464,0.6768521419977226
0.7044506654416721,0.1829617838810313,0.1125875506772965,0.7675929216362681
0.025881057946995762,0.014236036009823191,0.9598829060431809,0.18981489618267186
0.08462045962355545,0.36960709740998493,0.5457724429664595,0.3305556972547017
0.2641767394640848,0.012981729121029207,0.7228415314148859,0.47500020361810075
0.0028693525047139776,0.3895951735548926,0.6075354739403934,0.21203712793088708
0.28611169118339685,0.3868973986687166,0.32699091014788645,0.6990743737459377
0.10018650824687206,0.44385514949397653,0.45595834225915144,0.36203719223133995
0.1028152818565501,0.2398774630155405,0.6573072551279094,0.30833346550648644
0.7134243706921732,0.1550893071460203,0.13148632216180647,0.7750003322190064
0.08897196919298718,0.869059962660722,0.04196806814629071,0.3675927501683938
0.5681118597448043,0.21755739445677302,0.21433074579842276,0.8435188801093368
0.07116161836663645,0.9210888492737573,0.007749532359606301,0.3379631078374401
0.77279276593419,0.07708060937571506,0.15012662469009502,0.7509262478251066
0.3635343541807588,0.4484482433935335,0.18801740242570783,0.9620374494331515
0.45688744468962134,0.10925845458162298,0.43385410072875574,0.7083336369743608
0.5070927291498821,0.4320515866201647,0.060855684229953175,0.7805558901560603
0.25984533967137635,0.7382493336113449,0.0019053267172786748,0.5583335726739079
0.35233368146295296,0.6273924601896089,0.020273858347438157,0.6842595525804609
0.0420738363197588,0.7736493254347645,0.18427683824547667,0.3268519919633325
0.015713476660684893,0.32739429360664046,0.6568922297326746,0.2194445385136255
0.1496697708561861,0.1674809687920672,0.6828492603517468,0.35277792900291693
0.18091324138859277,0.41235796944621533,0.4067287891651919,0.48240761420083916
0.11567124886057903,0.04120142426128772,0.8431273268781332,0.300926054923748
0.5431874846569862,0.1952093230014085,0.26160319234160545,0.847222585400706
0.11561398219067733,0.3519333585970684,0.5324526592122544,0.3601853395856554
0.11485618316892642,0.7352090966845303,0.14993472014654333,0.4527779718698855
0.21769065314667982,0.6945502714363536,0.08775907541696641,0.6564817628951919
0.32865697101156216,0.2885482779177586,0.38279475107067906,0.6916669631631994
0.4044039257979437,0.17586385738704488,0.4197322168150114,0.6990743737459377
0.29239066012189074,0.14247503489347285,0.5651343049846365,0.5416668988627465
0.22156577452693466,0.20683819128840458,0.5715960341846607,0.4601853824526239
0.22284293186781223,0.006730241226972333,0.7704268269052154,0.42129647689324723
0.15174840354922067,0.12505740142790783,0.7231941950228714,0.35092607635723233
0.2833995553410843,0.6663360336518344,0.050264411007081435,0.6787039946434071
0.2250562614096681,0.5411227259350564,0.2338210126552754,0.6768521419977226
0.6924330269137627,0.25450567446671846,0.05306129861951897,0.7361114266596298
0.19551035232213626,0.1601832017479543,0.6443064459299094,0.40462980308208585
0.04079563819749942,0.49636385716178194,0.4628405046407187,0.2935186443410096
0.0957552633124829,0.14396827271509766,0.7602764639724194,0.27685197052984817
0.7774721223604937,0.13400005765776957,0.08852781998173676,0.7453706898880528
0.33482768250181333,0.5219224336111791,0.1432498838870076,0.8953707541885056
0.9279216366936626,0.036904924109102184,0.03517343919723528,0.6898151105175148
0.3745147708506334,0.3345583540579809,0.2909268750913857,0.8324077642352292
0.5294338845931043,0.3031841729115357,0.16738194249535987,0.8620374065661829
0.08076452312405374,0.8037423121941422,0.11549316468180411,0.3787038660425014
0.10614050194329012,0.15504346135048297,0.7388160367062269,0.28981493904964045
0.10323803755825504,0.42686359043282024,0.4698983720089248,0.371296455459763
0.4333205290325716,0.04299480762565186,0.5236846633417765,0.6398150890840304
0.028571874370443815,0.3910861322177414,0.5803419934118146,0.2601852967186868
0.11226992742032149,0.873125307583266,0.014604764996412516,0.4194446242475627
0.6828941874855365,0.22685737763297123,0.09024843488149231,0.7694447742819527
0.043741883212894676,0.9332803587411022,0.022977758046003247,0.27870382317553277
0.13724276784506173,0.2642338498995701,0.5985233822553682,0.35833348693997075
0.6229411252595957,0.1062748149815826,0.27078405975882186,0.7953707113215371
0.26165277685643396,0.2304047940873293,0.5079424290562367,0.5101854038861082
0.6342871326299954,0.12774349419666148,0.23796937317334316,0.7953707113215371
0.06756247738464687,0.5108606215076668,0.42157690110768636,0.32870384460901714
0.8226636795931173,0.1413348282019622,0.03600149220492037,0.7064817843286763
0.2729071938660474,0.222216335583141,0.5048764705508116,0.5231483724059005
0.28259883567816413,0.3672274214817784,0.3501737428400574,0.6768521419977226
0.2247713673630218,0.586055515324967,0.1891731173120112,0.721296605494153
0.049019628257298845,0.9432761730350095,0.007704198707691628,0.3138890234435403
0.24965074642710156,0.18954616384361808,0.5608030897292803,0.48240761420083916
0.41702582710895825,0.10401850791050696,0.4789556649805349,0.6675928787692995
0.15553691446744616,0.2642081632583912,0.5802549222741626,0.3842594239795552
0.2033038192058393,0.7527687567318141,0.043927424062346614,0.5601854253195926
0.24164729357276785,0.20940455928010537,0.5489481471471267,0.47685205626378535
0.07074357884683014,0.5797857099564593,0.3494707111967106,0.35092607635723233
0.2343048653947465,0.4693652895115452,0.2963298450937083,0.6435187943753997
0.22165048300664816,0.5627178159021844,0.21563170109116758,0.6842595525804609
0.5603076990246895,0.41023257253287343,0.029459728442437067,0.7398151319509991
0.20177419241061648,0.5155234722202785,0.282702335369105,0.5787039517764385
0.15528375418198131,0.5429770374200628,0.30173920839795587,0.506481698594739
0.2802798826685447,0.5854301590369444,0.13428995829451085,0.8138892377783832
0.44686719835245353,0.343998433606742,0.20913436804080454,0.9379633650392516
0.034466722001259505,0.459058597848424,0.5064746801503165,0.2750001178841636
0.5586244134616503,0.04629676676264143,0.39507881977570836,0.7268521634312068
0.48606175676385255,0.23285282401874607,0.28108541921740127,0.8453707327550215
0.4378408723920247,0.5371796931217512,0.02497943448622416,0.7250003107855223
0.6083377932872092,0.05072944777549245,0.3409327589372984,0.7620373636992143
0.27095642762367367,0.6169814397612896,0.1120621326150368,0.773148479573322
0.400216517424571,0.5391114680904441,0.060672014484984965,0.7916670060301679
0.04660023950338629,0.06652069091674744,0.8868790695798663,0.20092601205677946
0.502881232357088,0.4215731523533798,0.0755456152895321,0.7972225639672218
0.2168743807977564,0.4188240922216978,0.36430152698054585,0.5712965411937002
0.8327939627494906,0.066260511892197,0.10094552535831235,0.7342595740139453
0.10234796895376533,0.602565675213432,0.2950863558328026,0.41018536101913966
0.08247167405834485,0.13314734873426376,0.7843809772073913,0.2564815914273176
0.23663057546103364,0.45229980216715193,0.31106962237181457,0.6379632364383458
0.06733158399409145,0.7511697403150694,0.18149867569083902,0.3824075713338706
0.13590810613509735,0.05560388623256157,0.8084880076323412,0.32870384460901714
0.09264219662212517,0.09911717411741909,0.8082406292604558,0.263889002010056
0.009941017388965396,0.47527443061307356,0.514784551997961,0.23981491761615614
0.19697174032374562,0.3989814659429822,0.404046793733272,0.5120372565317929
0.023837207515305336,0.6091543728628471,0.36700841962184755,0.27870382317553277
0.46738372787906624,0.06160017384671846,0.4710160982742153,0.6750002893520379
0.5735999136039484,0.34439014743039653,0.08200993896565517,0.7916670060301679
0.018186997085708593,0.20069548806910953,0.7811175148451819,0.19537045411972565
0.6428597498503842,0.3270026075638621,0.030137642585753743,0.7287040160768914
0.14540342251686614,0.16534678249996973,0.6892497949831641,0.3490742237115477
0.47809395819679773,0.1742507206649376,0.3476553211382647,0.7694447742819527
0.016624140591008068,0.8747878232582192,0.1085880361507727,0.25277788613594837
0.29061112947582285,0.19630009153899455,0.5130887789851827,0.5583335726739079
0.40897172662922515,0.47340407639364224,0.11762419697713263,0.8898151962514519
0.24025059453121023,0.08475850866030904,0.6749908968084807,0.4620372350983085
0.013586677748010171,0.30462054044804326,0.6817927818039465,0.20833342263951787
0.6465155563589334,0.17399714065025781,0.17948730299080876,0.8083336798413293
0.02749588598300864,0.38140172615489587,0.5911023878620955,0.2601852967186868
0.10576351475070848,0.2061785900598193,0.6880578951894724,0.3064816128608019
0.6603398667571239,0.0877586029564445,0.25190153028643164,0.7805558901560603
0.07798139086002066,0.03919069428187701,0.8828279148581024,0.24351862290752535
0.5376171598653842,0.44673419677515774,0.015648643359457926,0.7324077213682606
0.650909273218389,0.20210504058524853,0.14698568619636249,0.7972225639672218
0.3438238405480188,0.04165626106858894,0.6145198983833923,0.5601854253195926
0.6778417509708076,0.16029487016778476,0.16186337886140767,0.7935188586758525
0.1773021283344287,0.05109920490894474,0.7715986667566266,0.3861112766252398
0.9643135147447346,0.009278129135802268,0.02640835611946315,0.6768521419977226
0.28749739668384483,0.5787586721320237,0.13374393118413153,0.8324077642352292
0.2594808339333952,0.5472016636568465,0.19331750240975837,0.7935188586758525
0.01153290135543685,0.5682844431956188,0.42018265544894434,0.2564815914273176
0.25968582734580453,0.4043513352215139,0.33596283743268146,0.6601854681865611
0.2881787300656118,0.5433056438668746,0.16851562606751352,0.8583337012748137
0.04315948874925796,0.3498787146047165,0.6069617966460256,0.27870382317553277
0.7338193698094898,0.22079365180700528,0.04538697838350492,0.721296605494153
0.042102658383111995,0.6319067684840842,0.3259905731328038,0.3064816128608019
0.26037424646440377,0.41115547041173905,0.3284702831238571,0.6620373208322458
0.5563364366865589,0.01789640377176027,0.425767159541681,0.6990743737459377
0.5831906852708906,0.10330508392377201,0.3135042308053375,0.7861114480931142
0.1053242031093198,0.8851813543753964,0.009494442515283722,0.40277795043640124
0.3778315730542993,0.07936827870702626,0.5428001482386745,0.6083335941073922
0.16913300680978144,0.23464272522225696,0.5962242679679617,0.3935186872079782
0.8622035914089485,0.08327245952674314,0.05452394906430843,0.7175929002027838
0.31304523705968923,0.15277273139868597,0.5341820315416248,0.5824076570678077
0.10844991233609423,0.7102044517862708,0.18134563587763497,0.4546298245155701
0.07675739028593077,0.5177999071860024,0.4054427025280669,0.3472223710658631
0.5931030557638063,0.15622301436909483,0.250673929867099,0.8120373851326986
0.10386394922292794,0.8270921759136837,0.06904387486338831,0.4064816557277704
0.21580543875689834,0.2704870153977989,0.5137075458453028,0.46759279303536233
0.09477582701876397,0.8045704566285645,0.10065371635267142,0.3842594239795552
0.6575215755340736,0.031756598382315634,0.3107218260836107,0.754629953116476
0.3950358007076252,0.030741936339297234,0.5742222629530777,0.6027780361703384
0.12980498916601296,0.627080535587251,0.24311447524673602,0.4805557615551546
0.3861290978166776,0.22442796424180952,0.38944293794151297,0.7138891949114146
0.2685777541404233,0.42730203676084805,0.3041202090987288,0.6953706684545686
0.24011296366862264,0.693317152842931,0.06656988348844618,0.6435187943753997
0.10041883499750595,0.7416296965921033,0.15795146841039076,0.4324075927673549
0.03592787011405551,0.06385321068857604,0.9002189191973685,0.19166674882835644
0.533991432198071,0.1354516811953412,0.3305568866065879,0.7842595954474295
0.25275236175965693,0.3707820135502026,0.3764656246901404,0.6175928573358153
0.739425586457425,0.23088239822683482,0.029692015315740165,0.6990743737459377
0.1658067645398313,0.6043578609873368,0.22983537447283198,0.5638891306109617
0.2647198319523856,0.7087999561097261,0.026480211937888458,0.6064817414617076
0.18956843165751283,0.18068141321777306,0.6297501551247141,0.39722239249934743
0.7465401130624496,0.20430683385730192,0.04915305308024854,0.721296605494153
0.49562761192190086,0.03501697311653108,0.469355414961568,0.6750002893520379
0.619774824372764,0.12410690150127131,0.2561182741259649,0.8027781219042757
0.3724778509078625,0.38139694821556624,0.2461252008765712,0.9027781647712442
0.20474726436092155,0.3923246358646152,0.4029280997744631,0.5194446671145312
0.053263244380038245,0.5759747795291826,0.370761976090779,0.3194445813805941
0.4330307980550923,0.10348434885433148,0.4634848530905761,0.6768521419977226
0.5162515404670543,0.21281699782235064,0.2709314617105951,0.8453707327550215
0.1861891357833262,0.7959447772098647,0.017866087006809247,0.515740961823162
0.2915281287138369,0.6106156047830776,0.09785626650308551,0.7935188586758525
0.5666487000002498,0.08767294212830036,0.3456783578714498,0.7620373636992143
0.3374314245279853,0.5887377765680634,0.0738307989039511,0.7879633007387988
0.006238145542995939,0.878853121224018,0.11490873323298612,0.24166677026184075
0.1844015163705959,0.7900282564872182,0.02557022714218575,0.5231483724059005
0.06472121590783207,0.2283824975010429,0.706896286591125,0.26944455994710975
0.5200184272819783,0.14686388900042605,0.3331176837175955,0.782407742801745
0.02006309160888876,0.5214200578290177,0.4585168505620935,0.2583334440730022
0.27929755561603653,0.5558555423039234,0.16484690208004008,0.837963322172283
0.12759373266483806,0.681127084873502,0.1912791824616599,0.49907428801200066
0.02058903964012658,0.09318797026551663,0.8862229900943568,0.1805556329542488
0.5796815496262256,0.31401729220876196,0.10630115816501248,0.8157410904240678
0.6762082930092473,0.27158315419606854,0.05220855279468411,0.7379632793053145
0.28026479436795737,0.2248921975447937,0.4948430080872488,0.5453706041541158
0.20709548253341387,0.629327026705437,0.16357749076114916,0.6787039946434071
0.5037792941449317,0.16066890622697308,0.33555179962809517,0.782407742801745
0.6730896620148189,0.09772788550915391,0.22918245247602723,0.7750003322190064
0.6601900990307392,0.04772811583379714,0.29208178513546357,0.7694447742819527
0.10951478370020577,0.7984029119679789,0.09208230433181536,0.42129647689324723
0.43972408432016286,0.14693213936897653,0.41334377631086044,0.7194447528484684
0.25059912453923255,0.6028366119112741,0.14656426354949348,0.7768521848646911
0.37662324570475497,0.4039191608604097,0.21945759343483523,0.9490744809133592
0.5753210317516989,0.3626168780965516,0.06206209015174969,0.7694447742819527
0.8029528265738244,0.10477117065592033,0.09227600277025522,0.7379632793053145
0.5497214527163345,0.15918128538777226,0.2910972618958931,0.8083336798413293
0.03347686990671625,0.6064134803554967,0.36010964973778703,0.28981493904964045
0.5043478499645176,0.1321057635594589,0.3635463864760234,0.7564818057621605
0.8434534110839664,0.047001584755543606,0.10954500416048993,0.7324077213682606
0.3977447507284158,0.2736275794817611,0.3286276697898231,0.7916670060301679
0.004109341682775112,0.30136301297645923,0.6945276453407657,0.19351860147404104
0.2697277390435679,0.6078774518054795,0.12239480915095256,0.7787040375103758
0.5986729515067205,0.316851898272494,0.08447515022078544,0.7861114480931142
0.08913225251908125,0.326311149084508,0.5845565983964108,0.30833346550648644
0.18826461475531944,0.10471657605016871,0.7070188091945117,0.3787038660425014
0.4668466144626119,0.25078087269328525,0.2823725128441029,0.8453707327550215
0.13776615855270158,0.5943185617866648,0.2679152796606336,0.4935187300749468
0.8046807023692152,0.0968433418028803,0.0984759558279045,0.7379632793053145
0.16910998902873325,0.5038583346825549,0.3270316762887118,0.5009261406576851
0.21808902622075807,0.4610967287276206,0.3208142450516215,0.5972224782332846
0.4474980267122396,0.14097188875432384,0.4115300845334366,0.7231484581398376
0.08945044529850411,0.7810040578196293,0.12954549688186653,0.40277795043640124
0.6334940852508151,0.1585873850585564,0.20791852969062857,0.8027781219042757
0.5621307636064558,0.0994754098100977,0.3383938265834465,0.7712966269276373
0.06244860147842345,0.5833765425618918,0.35417485595968484,0.3342594025460709
0.778233934269778,0.12879023547179877,0.09297583025842322,0.7453706898880528
0.11925617819369054,0.5972998026692756,0.28344401913703393,0.44907426657851635
0.3994219447632118,0.5358525352302265,0.06472552000656161,0.7990744166129063
0.7442115231911517,0.19584266357146282,0.059945813237385584,0.7324077213682606
0.20151585527422175,0.02650957203821581,0.7719745726875624,0.40092609779071664
0.12655877296560444,0.6879031186747468,0.18553810835964887,0.49907428801200066
0.32558412001287007,0.3862277637015401,0.28818811628558993,0.7898151533844833
0.29194163088685376,0.6829778122591562,0.025080556853990018,0.6472224996667689
0.07861935860211462,0.05583778352473657,0.8655428578731488,0.24907418084457913
0.16627985011015503,0.44462637691020956,0.3890937729796354,0.4712964983267316
0.2831659345349226,0.324458245969085,0.39237581949599254,0.6453706470210843
0.6486425160427416,0.32704662435561627,0.024310859601641945,0.721296605494153
0.35832328756640996,0.5708838054994458,0.07079290693414438,0.7916670060301679
0.26480721551737485,0.0045605032162038634,0.7306322812664213,0.46944464568104693
0.8399921807455482,0.07629366328899725,0.08371415596545449,0.7287040160768914
0.6086387754960132,0.373465983164877,0.01789524133910984,0.7194447528484684
0.5401367375044343,0.2048411087842585,0.25502215371130726,0.8509262906920753
0.4028174007626716,0.45689816082198964,0.1402844384153387,0.917592985936721
0.5952494353847976,0.10560466037648437,0.2991459042387182,0.7879633007387988
0.12425539971166132,0.4279937444556474,0.4477508558326913,0.39722239249934743
0.019911559933206726,0.6000305594594422,0.38005788060735113,0.26944455994710975
0.45728341907547054,0.06545439555150415,0.47726218537302545,0.6694447314149841
0.35938310403258167,0.06462332377266246,0.5759935721947558,0.5842595097134924
0.05193327279844874,0.16491183597566655,0.7831548912258847,0.22685194909636391
0.4488036223492218,0.5422390914409095,0.008957286209868649,0.7046299316829916
0.9416577812699835,0.01330557742026669,0.04503664130974977,0.6879632578718301
0.003983547958095362,0.23615420605611864,0.759862245985786,0.18240748559993344
0.3861442818137656,0.6091470742672829,0.00470864391895145,0.6898151105175148
0.3741143453621297,0.29480814099870095,0.3310775136391695,0.7768521848646911
0.03887712197314627,0.5982465410661996,0.3628763369606541,0.29537049698669426
0.6369072089608718,0.29196767713169175,0.07112511390743638,0.7601855110535296
0.3173075781612007,0.057460069124541914,0.6252323527142574,0.5398150462170619
0.21583668543191092,0.03887256515958889,0.7452907494085003,0.4175927716018781
0.4076860563098713,0.04223915276822173,0.5500747909219068,0.6120372993987614
0.0805884802740351,0.4493969498065947,0.4700145699193703,0.34351866577449397
0.747549539392065,0.13493881930637916,0.11751164130155568,0.7601855110535296
0.5999349486263295,0.060883143995322374,0.3391819073783482,0.7675929216362681
0.5544537691988864,0.06576783930905486,0.3797783914920586,0.7472225425337374
0.48432147830149075,0.4893046885320085,0.02637383316650071,0.7416669845966837
0.038387846000821735,0.12301230411971219,0.838599849879466,0.19907415941109488
0.09093328638958402,0.8387875690183657,0.07027914459205034,0.3750001607511322
0.3284089399784438,0.14812625178499453,0.5234648082365618,0.5972224782332846
0.17123835465332415,0.6558486858508579,0.1729129594958179,0.5879632150048616
0.36195184526450386,0.5988038229381034,0.03924433179739268,0.7250003107855223
0.6603036179564143,0.2951336681063888,0.044562713937196935,0.7379632793053145
0.28778204291342635,0.09047910177945234,0.6217388553071213,0.5287039303429543
0.6350798626894439,0.04992638221470293,0.31499375509585315,0.7583336584078452
0.3267906673078972,0.5334951957179423,0.1397141369741605,0.8824077856687135
0.7029337961239527,0.17968394671873072,0.11738225715731657,0.7712966269276373
0.5885959730075963,0.21206122619093346,0.19934280080147035,0.8305559115895447
0.15552934023303466,0.4329049621515502,0.41156569761541506,0.45092611922420095
0.32309358676483874,0.253502093825337,0.4234043194098244,0.6583336155408764
0.314703239146201,0.1007461077784798,0.5845506530753192,0.5546298673825387
0.5619614888620729,0.34278493310188574,0.09525357803604133,0.8138892377783832
0.07542594298590445,0.823979717681802,0.10059433933229361,0.35648163429428614
0.15818482881107257,0.5280629738083358,0.31375219738059157,0.5027779933033698
0.02954149047060432,0.3221370770846319,0.6483214324447638,0.23611121232478693
0.4369483803638968,0.24013028668950426,0.3229213329465988,0.810185532487014
0.8134014028339543,0.11444243353053514,0.07215616363551065,0.7342595740139453
0.12046075591807316,0.2642515796573588,0.6152876644245681,0.3342594025460709
0.15506517853049162,0.8305637838066934,0.014371037662815103,0.47870390890946996
0.2214072448092711,0.6099147043298958,0.1686780508608331,0.7175929002027838
0.34367104129003073,0.09503642031772536,0.561292538392244,0.5787039517764385
0.02453177885282227,0.8745493330000672,0.10091888814711043,0.2583334440730022
0.5471212571911095,0.11463380266788188,0.3382449401410087,0.7694447742819527
0.13335551429909256,0.8196853986127732,0.046959087088134156,0.4601853824526239
0.20453385613844613,0.7065467555554419,0.08891938830611193,0.6398150890840304
0.0318594040891093,0.4203844234482052,0.5477561724626855,0.26944455994710975
0.12334717371985378,0.6709770914521357,0.2056757348280105,0.47870390890946996
0.12081661661879393,0.46580590199854716,0.4133774813826589,0.39722239249934743
0.7606280833242685,0.05180673983936512,0.18756517683636648,0.7490743951794221
0.30016063752646105,0.6777816400054225,0.02205772246811646,0.6527780576038227
0.7038663884440824,0.15160745991189334,0.144526151644024,0.7750003322190064
0.5778281423410537,0.28921828938467803,0.13295356827426807,0.8268522062981755
0.15101540390488694,0.21256367321317507,0.6364209228819379,0.371296455459763
0.8869889894014547,0.09220980771682283,0.020801202881722658,0.6750002893520379
0.03229890017259596,0.15811440301649685,0.8095866968109071,0.20462971734814867
0.31107655813338353,0.4963335348027327,0.19258990706388376,0.8842596383143981
0.1693577243449802,0.043288155970287165,0.7873541196847327,0.3768520133968168
0.6288875253252435,0.07572705783357464,0.2953854168411818,0.773148479573322
0.1461680209796512,0.21460542632562646,0.6392265526947223,0.3601853395856554
0.5113004925697019,0.4582480125639115,0.030451494866386784,0.7472225425337374
0.21272457045919962,0.6792007726561429,0.10807465688465755,0.6620373208322458
0.48725916564288524,0.4603454729025462,0.0523953614545686,0.782407742801745
0.7744986094409999,0.07202282610727222,0.15347856445172797,0.7509262478251066
0.2737423366528801,0.44524822492170996,0.2810094384254099,0.7231484581398376
0.12194701581261759,0.09505382115681639,0.7829991630305659,0.3138890234435403
0.217021588713815,0.5783207627409052,0.20465764854527996,0.6916669631631994
0.34497490260374797,0.019669159660336288,0.6353559377359158,0.5527780147368541
0.31315540214184506,0.3268469546882651,0.35999764316989,0.71203734226573
0.2366537298097601,0.27828397310449055,0.4850622970857493,0.5083335512404237
0.7145805907504842,0.18724301254658657,0.09817639670292935,0.7657410689905835
0.6808887269505127,0.004311149088298234,0.31480012396118895,0.7435188372423682
0.7568268592480012,0.17206801817965675,0.07110512257234211,0.7379632793053145
0.06606570802315037,0.5018009259120509,0.43213336606479885,0.3268519919633325
0.27877589776338374,0.5062250117796577,0.2149990904569585,0.810185532487014
0.07383108100610015,0.12156963450948934,0.8045992844844106,0.24722232819889453
0.1539864488622701,0.049365073858514706,0.7966484772792152,0.35462978164860154
0.12587171201705233,0.6173844180012649,0.25674386998168286,0.4620372350983085
0.028309468822934586,0.8823280926517482,0.08936243852531717,0.263889002010056
0.420345070761458,0.5259158085298046,0.05373912070873733,0.7805558901560603
0.5158414930338063,0.09893684290522789,0.38522166406096575,0.7379632793053145
0.12201961557909831,0.41874429200498814,0.45923609241591357,0.39537053985366283
0.1527222680047173,0.41868876793226534,0.42858896406301733,0.44351870864146253
0.05483114918432731,0.5349321838320178,0.41023666698365485,0.3120371707978557
0.2708048851758716,0.5857974981356118,0.14339761668851678,0.800926269258591
0.18381024245950597,0.024038265967737924,0.7921514915727562,0.3861112766252398
0.5275482994311163,0.17200492554495747,0.30044677502392636,0.8120373851326986
0.7079750949015499,0.2359926650244013,0.05603224007404892,0.730555868722576
0.1415748393397909,0.5510236570940816,0.30740150356612733,0.48425946684652377
0.19802142623559407,0.37952879075426027,0.4224497830101455,0.5027779933033698
0.7402856819818407,0.02923826699755084,0.2304760510206084,0.7490743951794221
0.3649343530201005,0.38261455831496477,0.2524510886649348,0.8898151962514519
0.05977696503093962,0.5230623377792042,0.4171606971898563,0.32314828667196327
0.09958648456467224,0.6890935647430387,0.21131995069228904,0.43055574012167025
0.4373636164096326,0.019383961205378015,0.5432524223849894,0.6212965626271845
0.2797044504890755,0.33866060857556524,0.3816349409353593,0.6546299102495072
0.8298523836248701,0.11127637999854353,0.05887123637658633,0.7268521634312068
0.3313174809298345,0.029586037275070736,0.6390964817950948,0.5490743094454849
0.28312300166902626,0.10642953545517064,0.6104474628758031,0.5250002250515851
0.06921150259500966,0.24392186338048183,0.6868666340245085,0.2750001178841636
0.13741642480936753,0.8409313610432628,0.02165221414736974,0.45648167716125476
0.29004312297819734,0.3251566447313293,0.38480023229047333,0.6564817628951919
0.1133646126792016,0.17409716683450888,0.7125382204862896,0.3046297602151173
0.07751064440793017,0.6268641705812358,0.295625185010834,0.3750001607511322
0.4920020212371431,0.428327533917637,0.07967044484521993,0.810185532487014
0.24525801212490203,0.5897701377783083,0.16497185009678955,0.7694447742819527
0.8180590164196402,0.14485979407876814,0.03708118950159177,0.7064817843286763
0.12621400713958805,0.775230739796005,0.09855525306440685,0.46944464568104693
0.44156813964261427,0.46446582474955367,0.09396603560783193,0.8509262906920753
0.04968597876527044,0.7369707461539562,0.2133432750807733,0.3453705184201785
0.5502180423422237,0.21056629460676227,0.23921566305101397,0.8546299959834445
0.5850322530234364,0.18735050285998925,0.2276172441165743,0.8324077642352292
0.2815410418631788,0.2731366027412064,0.44532235539561477,0.5787039517764385
0.5812451568214724,0.15776432870702492,0.2609905144715026,0.8212966483611216
0.6348252583546051,0.17940822279022384,0.18576651885517118,0.8120373851326986
0.5579472534255322,0.2647730351426126,0.1772797114318552,0.8416670274636522
0.5125235449560389,0.01460808263933859,0.47286837240462265,0.6675928787692995
0.36589924568851695,0.40532656891625424,0.2287741853952288,0.917592985936721
0.025670749397860695,0.06489870327708207,0.9094305473250572,0.18425933824561802
0.43488012506681784,0.5203020743714168,0.0448178005617653,0.7620373636992143
0.01846517042590119,0.6090511085739079,0.3724837210001909,0.26944455994710975
0.30181647015937296,0.11829389595972557,0.5798896338809015,0.5472224567998003
0.18195938497217987,0.2080700681565909,0.6099705468712292,0.39537053985366283
0.20343152259577832,0.17148748730183105,0.6250809901023906,0.4194446242475627
0.3157554486284804,0.5220222711306037,0.16222228024091592,0.8879633436057673
0.017617141309945114,0.0742225227340554,0.9081603359559994,0.17870378030856424
0.4215899120518812,0.5749773190127152,0.0034327689354037125,0.6842595525804609
0.453375205030446,0.023748486343301543,0.5228763086262525,0.6453706470210843
0.374598328483257,0.5104945710282255,0.11490710048851753,0.8675929645032366
0.13227553845323212,0.6260671167979682,0.24165734474879955,0.4935187300749468
0.06926872895749366,0.647095894021221,0.2836353770212854,0.35833348693997075
0.30001090550410847,0.2873935950509776,0.4125954994449139,0.6435187943753997
0.3339497096674565,0.13581155694483465,0.5302387333877088,0.5953706255876
0.5411100122459197,0.3328414490793373,0.12604853867474305,0.8435188801093368
0.5068189572422906,0.44975482035437186,0.04342622240333748,0.7638892163448989
0.012765475576602379,0.42919905346707454,0.5580354709563232,0.23981491761615614
0.5239573645564752,0.3361861006151638,0.1398565348283611,0.8583337012748137
0.7079797917309497,0.026472772596263867,0.2655474356727864,0.7509262478251066
0.25428101792308616,0.4091054789708691,0.3366135031060448,0.6509262049581381
0.5390792419580767,0.13034698640270223,0.33057377163922125,0.7842595954474295
0.045836003907360305,0.26519882625075764,0.688965169841882,0.25277788613594837
0.19131548002644883,0.7559966260731467,0.05268789390040441,0.5657409832566463
0.41284284697771095,0.23935795901017576,0.34779919401211323,0.7694447742819527
0.37123751878647343,0.2200578754963455,0.40870460571718104,0.6898151105175148
0.09659704404678643,0.8772427204922018,0.026160235461011733,0.3824075713338706
0.7385686622442752,0.13431011935517376,0.1271212184005511,0.7638892163448989
0.19980757495329116,0.786560304983763,0.013632120062945908,0.5212965197602158
0.15074952025223476,0.6741814760480864,0.1750690036996789,0.5398150462170619
0.1759619205251519,0.4381631580929311,0.385874921381917,0.48240761420083916
0.5359511420197753,0.3114161743376037,0.1526326836426209,0.8509262906920753
0.8665409008642602,0.12178597212511034,0.011673127010629555,0.6675928787692995
0.29033926203951693,0.5467555736031321,0.1629051643573509,0.8601855539204983
0.6250628506078674,0.3087102216722145,0.06622692771991803,0.7638892163448989
0.17847424968848538,0.25529019159174904,0.5662355587197657,0.4157409189561935
0.49078565305332494,0.16651015126294427,0.3427041956837307,0.782407742801745
0.47131057752875366,0.45913645194215047,0.06955297052909587,0.8083336798413293
0.11217193605985623,0.6273052993392246,0.2605227646009191,0.4324075927673549
0.015896978692632478,0.9594096649342242,0.02469335637314327,0.19537045411972565
0.175738833842102,0.15052592804600204,0.6737352381118958,0.3787038660425014
0.43270829488304546,0.0429492116448624,0.5243424934720923,0.6379632364383458
0.2253599416585631,0.7056985886190767,0.06894146972236016,0.6379632364383458
0.13000973172769248,0.7985187048831343,0.07147156338917324,0.48611131949220837
0.6295416583570772,0.34282272439857736,0.027635617244345524,0.7268521634312068
0.2253114003386975,0.16276783087828084,0.6119207687830216,0.4546298245155701
0.6000853280214182,0.06300836631921208,0.33690630565936963,0.7694447742819527
0.06309919844626014,0.8558404191834998,0.08106038237024,0.3120371707978557
0.518289197805974,0.27718657805547176,0.204524224138554,0.8787040803773444
0.27780613600861526,0.16680384408902504,0.5553900199023597,0.5212965197602158
0.27415541038452024,0.5663801179727749,0.15946447164270486,0.8250003536524908
0.12310821492956049,0.7427376873001001,0.13415409777033924,0.4657409403896778
0.35470719582175325,0.26028465364537634,0.38500815053287035,0.7064817843286763
0.011185351985532948,0.24005564844804103,0.748758999566426,0.19351860147404104
0.7436511926134624,0.11971083501111453,0.13663797237542305,0.7583336584078452
0.49472230595045064,0.3651910657475725,0.1400866283019769,0.8750003750859752
0.12727288668530157,0.059067283630847345,0.813659829683851,0.3194445813805941
0.22181250068863725,0.7367081642393847,0.041479335071978075,0.5898150676505463
0.12589953428728337,0.7613216847115525,0.11277878100116424,0.48240761420083916
0.11326294420627951,0.8731384487998453,0.013598606993875457,0.4194446242475627
0.027567979168933228,0.5130151467587813,0.4594168740722854,0.2657408546557406
0.4449519475418436,0.34771716137756165,0.2073308910805948,0.9398152176849363
0.015586856035622439,0.4428421684400369,0.5415709755243406,0.24907418084457913
0.6219780774235035,0.2752642553221497,0.10275766725434662,0.7935188586758525
0.2622846698894112,0.18252525236350758,0.5551900777470812,0.5009261406576851
0.2552657967886337,0.38575273437261737,0.3589814688387489,0.6305558258556074
0.8507632343333312,0.11192128749973321,0.03731547816693563,0.7064817843286763
0.7816053363716498,0.0030016807688573195,0.21539298285949296,0.7324077213682606
0.14638415954041928,0.5932297340436317,0.2603861064159492,0.5083335512404237
0.46996544241250093,0.5281823188463949,0.0018522387411042476,0.7064817843286763
0.053223914936128935,0.19560732224807093,0.7511687628158001,0.23981491761615614
0.5857555537453472,0.16465446305548861,0.2495899831991641,0.8175929430697524
0.03967383615400357,0.3104805032285632,0.6498456606174332,0.2546297387816329
0.2881036061493557,0.628952695684779,0.08294369816586546,0.7712966269276373
0.4893340283201683,0.4174648243162997,0.09320114736353212,0.8398151748179676
0.33769624960106015,0.23532382752442718,0.4269799228745127,0.6583336155408764
0.3796171503516026,0.003676099543444406,0.6167067501049529,0.5805558044221232
0.7097302179218885,0.259347341854947,0.030922440223164364,0.7083336369743608
0.29382899268124396,0.6487859491670086,0.05738505815174751,0.7064817843286763
0.26877899776061065,0.13967214537830655,0.5915488568610828,0.5046298459490544
0.0933240415460381,0.24428299414987265,0.6623929643040893,0.300926054923748
0.44273933388451026,0.2633618181100638,0.29389884800542604,0.8342596168809139
0.9040487534515769,0.006439423141271234,0.08951182340715204,0.7138891949114146
0.6196366149196306,0.02357768793697886,0.3567856971433906,0.7453706898880528
0.7644352915919668,0.0955156486105674,0.1400490597974657,0.7564818057621605
0.14453793110942884,0.36666026702139504,0.48880180186917627,0.4175927716018781
0.5292453940726775,0.03564099659048424,0.4351136093368383,0.7046299316829916
0.4347800680085467,0.523732052843334,0.04148787914811927,0.7583336584078452
0.08908243605286852,0.6567106469185113,0.25420691702862014,0.39907424514503204
0.12959932451909104,0.17489359110344724,0.6955070843774617,0.3250001393176479
0.7573472037257137,0.1741673521546078,0.06848544411967838,0.7342595740139453
0.07853939487576447,0.6857772524418951,0.23568335268234047,0.3879631292709244
0.3587143477372735,0.42686719422885233,0.21441845803387402,0.9379633650392516
0.6554678150269869,0.2950840657828597,0.049448119190153295,0.7472225425337374
0.03769724659832361,0.20997815749439055,0.7523245959072857,0.2250000964506793
0.09576794881437008,0.5290529690878931,0.37517908209773665,0.3879631292709244
0.6634857661195566,0.08624726764078774,0.2502669662396557,0.7805558901560603
0.654978061638609,0.11189374232425708,0.2331281960371338,0.7805558901560603
0.3302113750517192,0.6128196196420496,0.056969005306231266,0.7509262478251066
0.26558663726775583,0.33802526606285466,0.39638809666938946,0.6120372993987614
0.4813736321888629,0.053155141266981634,0.4654712265441555,0.6787039946434071
0.36953905439659696,0.2540700166911384,0.37639092891226467,0.7194447528484684
0.29903095735931917,0.0838778694180406,0.6170911732226403,0.5324076356343235
0.3417729434034613,0.4686780956353326,0.18954896096120624,0.9342596597478824
0.708955346032906,0.2643821893451695,0.026662464621924613,0.6990743737459377
0.16642635142949969,0.3933213183409888,0.4402523302295115,0.4546298245155701
0.2102721231146597,0.6937366023028292,0.09599127458251107,0.6472224996667689
0.10400037344223392,0.45024408368397295,0.445755542873793,0.3731483081054476
0.3606578286332219,0.6103749731826922,0.02896719818408602,0.7009262263916224
0.774508913931627,0.1495200470552451,0.075971039013128,0.7398151319509991
0.24780834634658352,0.4901957449452542,0.2619959087081624,0.7064817843286763
0.4378451688026855,0.16426481791478945,0.39789001328252493,0.7268521634312068
0.457058369722208,0.3138205511172561,0.22912107916053592,0.9194448385824056
0.27303530260517717,0.44564718400368414,0.28131751339113875,0.7231484581398376
0.20876680820860852,0.7059340828245675,0.0852991089668241,0.6379632364383458
0.06311092165034461,0.19168082982130816,0.7452082485283471,0.2564815914273176
0.577905587713809,0.1335164855034479,0.2885779267827432,0.7990744166129063
0.6015310854986384,0.30873678655949516,0.08973212794186652,0.7879633007387988
0.3086200647270618,0.28559391409088086,0.4057860211820573,0.6620373208322458
0.10081255221531793,0.7586457140260372,0.14054173375864484,0.42870388747598565
0.7105676207757496,0.009750993661219601,0.27968138556303085,0.7379632793053145
0.3351852684952615,0.6064130626347606,0.058401668869977844,0.7564818057621605
0.5315672516459309,0.08362640544907672,0.38480634290499244,0.7398151319509991
0.4276439409587714,0.21709475566093314,0.3552613033802953,0.7712966269276373
0.34114911441455986,0.1382241426657394,0.5206267429197007,0.6027780361703384
0.13616868105134375,0.33026556549206537,0.5335657534565909,0.389814981916609
0.32807474095630207,0.2483781529804321,0.42354710606326584,0.6601854681865611
0.3308289224837778,0.5162112047827249,0.1529598727334973,0.9027781647712442
0.30746776323961844,0.6630815871249373,0.02945064963544428,0.6842595525804609
0.08165422571204105,0.38160090566021565,0.5367448686277433,0.32870384460901714
0.7553763550034408,0.20828010336553288,0.03634354163102627,0.7101854896200455
0.4870464932596762,0.2218605657576096,0.29109294098271427,0.8342596168809139
0.4462028557513909,0.023683005068613976,0.5301141391799952,0.6398150890840304
0.3580689130831674,0.5816611558855448,0.06026993103128783,0.7787040375103758
0.10933866604819244,0.024970411556177238,0.8656909223956304,0.28796308640395585
0.6546359693697271,0.2447322899044841,0.10063174072578879,0.782407742801745
0.8192119557144809,0.12772551243205707,0.053062531853462054,0.7268521634312068
0.2232091364889576,0.7757565733390354,0.001034290172006981,0.5305557829886389
0.08374884502718226,0.8584713023533435,0.05777985261947427,0.35092607635723233
0.04082418415010058,0.2868263499469594,0.67234946590294,0.25092603349026377
0.09262636485341567,0.744966422730571,0.16240721241601314,0.42870388747598565
0.013894106332173074,0.8914943973748625,0.09461149629296435,0.23425935967910233
0.22323465502217332,0.5377129575148485,0.23905238746297816,0.6620373208322458
0.13125396940680548,0.0020747460537564343,0.8666712845394382,0.32314828667196327
0.1849680087053217,0.08664728852384265,0.7283847027708358,0.3842594239795552
0.40185282627482527,0.391246592203406,0.2069005815217689,0.9842596811813666
0.08577574466589949,0.16069962590750272,0.7535246294265977,0.27129641259279436
0.3737979363109205,0.5843663529744016,0.041835710714677996,0.7361114266596298
0.8045838126748523,0.15021339936205405,0.045202787963093634,0.7138891949114146
0.6314514489360349,0.31284310253030684,0.05570544853365828,0.7583336584078452
0.25134356579727773,0.15149580460566153,0.5971606295970607,0.48240761420083916
0.11625613147728642,0.8729085241214264,0.010835344401287268,0.4194446242475627
0.24423081415834944,0.3662317055513436,0.38953748029030705,0.5935187729419154
0.10088712611648688,0.34714290350859256,0.5519699703749206,0.34351866577449397
0.4412232454564878,0.258391307294914,0.30038544724859834,0.8305559115895447
0.2748678979208656,0.6008163471836534,0.12431575489548112,0.7916670060301679
0.33453841912482973,0.2508465488675475,0.41461503200762284,0.6694447314149841
0.08467477881894536,0.8208527876139704,0.09447243356708412,0.36574089752270916
0.11336366074226528,0.8220457583225662,0.06459058093516865,0.4175927716018781
0.118435495537581,0.2504088091228382,0.6311556953395809,0.3324075499003863
0.16128149792078453,0.456686544306792,0.3820319577724235,0.4601853824526239
0.4140118696309965,0.3025078876275667,0.2834802427414367,0.8546299959834445
0.9572717833261013,0.03442188281177566,0.008306333862123184,0.6546299102495072
0.6680619547159875,0.27290290165453795,0.059035143629474485,0.7435188372423682
0.0545212772851157,0.5471391908386344,0.39833953187624993,0.3138890234435403
0.4703943702271159,0.2502726023992934,0.27933302737359084,0.8490744380463907
0.5055789517872409,0.4612852718868892,0.033135776325869865,0.7509262478251066
0.7837204365168424,0.10331785770164974,0.1129617057815079,0.7472225425337374
0.2604625918881619,0.11996024945154167,0.6195771586602964,0.48611131949220837
0.028103719361718463,0.21599186191525938,0.7559044187230222,0.2138889805765717
0.789017192052462,0.05728690518593606,0.15369590276160194,0.7472225425337374
0.2106841063557791,0.03789778676673318,0.7514181068774877,0.41203721366482426
0.8875945772894258,0.0658485623192606,0.04655686039131362,0.7083336369743608
0.03298927380982201,0.8874897456380869,0.07952098055209106,0.2750001178841636
0.2628734348976925,0.2909060735504365,0.446220491551871,0.5675928359023309
0.024710795977897392,0.08536894522826133,0.8899202587938413,0.18240748559993344
0.6082471564866343,0.38676767016070096,0.004985173352664759,0.7064817843286763
0.23204978944899765,0.5793630183774368,0.18858719217356545,0.7379632793053145
0.6900652111456061,0.28850867068457975,0.021426118169814077,0.7064817843286763
0.42481158878273223,0.5608508626708933,0.014337548546374387,0.6972225211002532
0.4690230298744523,0.22307323570081802,0.3079037344247297,0.8175929430697524
0.04680859931418539,0.2039741242485917,0.7492172764372229,0.23055565438773312
0.3988194302337541,0.049362392089520056,0.551818177676726,0.6120372993987614
0.1422384206379987,0.6626757153330745,0.19508586402892678,0.5268520776972697
0.11331253777473808,0.11217749670645814,0.7745099655188038,0.29537049698669426
0.15457928719912895,0.7299787590101966,0.11544195379067462,0.5546298673825387
0.09996818113875355,0.1613312116794695,0.7387006071817769,0.28425938111258664
0.7989993307860912,0.06898784812970905,0.1320128210841997,0.7435188372423682
0.10842458089377359,0.4779687861138062,0.41360663299242,0.3768520133968168
0.4236317104121735,0.4876511734522202,0.08871711613560637,0.8305559115895447
0.14757209623856524,0.4940392054527127,0.358388698308722,0.45833352980693937
0.003908446845676933,0.4115967089743964,0.5844948441799267,0.2250000964506793
0.4998767594780218,0.42635333670724496,0.07376990381473324,0.7990744166129063
0.7421265860683443,0.21917330315456302,0.038700110777092796,0.7157410475570992
0.0693196244170435,0.4273275485398479,0.5033528270431085,0.3324075499003863
0.13175991791151867,0.1074253221391731,0.7608147599493083,0.32870384460901714
0.2758458588283041,0.2988645486970184,0.4252895924746775,0.6009261835246538
0.06149856949393764,0.15467710313576324,0.7838243273702991,0.23425935967910233
0.22690204047895202,0.1260925160858458,0.6470054434352023,0.4546298245155701
0.04434727780849736,0.2107401567347655,0.7449125654567371,0.23055565438773312
0.6321520851990161,0.026690142330704936,0.34115777247027884,0.7509262478251066
0.32114619052248267,0.3671850051375002,0.31166880434001715,0.7638892163448989
0.37100413361776363,0.09425205037768847,0.5347438160045479,0.6120372993987614
0.036934156326465926,0.7903127296886041,0.17275311398492993,0.32314828667196327
0.15117883380422006,0.5758670613530023,0.2729541048427776,0.5120372565317929
0.09138900871535194,0.4115296169462154,0.49708137433843247,0.35092607635723233
0.5585251860681051,0.02403496048942811,0.41743985344246676,0.7027780790373069
0.7800060059769935,0.07944637427979281,0.14054761974321361,0.7472225425337374
0.6016736386609591,0.005711630165490977,0.39261473117354984,0.7250003107855223
0.5172890667471655,0.4769727505593759,0.005738182693458695,0.7157410475570992
0.5829883591044986,0.15192910032293708,0.26508254057256425,0.8175929430697524
0.20688679789928482,0.2218389720903378,0.5712742300103775,0.43796315070440867
0.17458886504725696,0.11756895454069183,0.7078421804120512,0.371296455459763
0.6774451806045856,0.2334140863153653,0.08914073308004909,0.7694447742819527
0.547177077144082,0.13310415740582984,0.3197187654500881,0.7916670060301679
0.35779197838127313,0.12469856858669974,0.5175094530320271,0.6120372993987614
0.045137348718233224,0.38452848249700117,0.5703341687847656,0.2861112337582712
0.15423938752866886,0.3718749670931367,0.4738856453781945,0.43055574012167025
0.8524035469488086,0.02287544152199316,0.1247210115291984,0.7342595740139453
0.14509116282450615,0.5150815157778021,0.33982732139769156,0.4657409403896778
0.667112978686037,0.13037630455379823,0.2025107167601647,0.7916670060301679
0.7582957506442644,0.20408693144531995,0.03761731791041577,0.71203734226573
0.8422711689167397,0.07900862979677063,0.07872020128648957,0.7268521634312068
0.02423685253105599,0.7344351559886172,0.24132799148032685,0.2861112337582712
0.27845240965302853,0.6141728110869057,0.10737477926006572,0.7805558901560603
0.7977488708908173,0.03249282816694771,0.16975830094223496,0.7453706898880528
0.4852483101229562,0.39700016516051106,0.1177515247165328,0.8675929645032366
0.382683454799968,0.617121496188833,0.00019504901119878057,0.6712965840606687
0.3460076709612566,0.29263070801694374,0.36136162102179964,0.7250003107855223
0.7520017065896661,0.15047777690368924,0.09752051650664463,0.7601855110535296
0.23506359250393358,0.6724083316657988,0.09252807583026766,0.6953706684545686
0.04306142031936105,0.23201010322010648,0.7249284764605325,0.23425935967910233
0.14021298783589436,0.2974353062528282,0.5623517059112775,0.36944460281407837
0.4949114232443727,0.29122194854535494,0.21386662821027236,0.8953707541885056
0.0087379219525259,0.8879158017956926,0.10334627625178171,0.23425935967910233
0.10332074661380407,0.6874161786503556,0.20926307473584024,0.44351870864146253
0.3742157073132862,0.3752313338019754,0.25055295888473855,0.9009263121255595
0.6669401211710496,0.11351842277402704,0.2195414560549233,0.7842595954474295
0.22736032752006466,0.32107275390263273,0.45156691857730274,0.5138891091774774
0.29471675246619494,0.609488420211822,0.09579482732198312,0.7953707113215371
0.6010701664279124,0.10760738798529058,0.29132244558679693,0.7842595954474295
0.02239041241813122,0.2502055405765882,0.7274040470052806,0.21203712793088708
0.38201135428828814,0.135911252685217,0.48207739302649494,0.6472224996667689
0.4519775454802062,0.4608431034494592,0.08717935107033452,0.8398151748179676
0.3859078773081123,0.06745128940549586,0.5466408332863919,0.6083335941073922
0.4014022362493232,0.4766317402164591,0.12196602353421758,0.8879633436057673
0.4068758489849502,0.542577888721598,0.0505462622934518,0.7657410689905835
0.5595341421059027,0.021256077972784653,0.4192097799213127,0.7009262263916224
0.20405184995412037,0.24503549549156378,0.5509126545543158,0.4398150033500933
0.3496934670452301,0.6025550471794645,0.04775148577530544,0.7416669845966837
0.39907079913593685,0.11487355744603074,0.4860556434180325,0.6416669417297151
0.3201691765233933,0.2567524267194539,0.4230783967571528,0.6546299102495072
0.16864751727332936,0.5974952827713126,0.23385719995535792,0.5675928359023309
0.383782927997817,0.6054753132185332,0.010741758783649845,0.6990743737459377
0.4429447229472853,0.40228038052161524,0.15477489653109938,0.9120374279996671
0.032595553275133506,0.03464487051306793,0.9327595762117985,0.19537045411972565
0.6694590135279487,0.07785736610494472,0.25268362036710673,0.773148479573322
0.32671200295508135,0.6570400658919993,0.016247931152919448,0.6583336155408764
0.10869268585068564,0.887600793620089,0.00370652052922531,0.3861112766252398
0.05146271918216778,0.7310632414251353,0.21747403939269694,0.3490742237115477
0.7559528647614935,0.17278841815806256,0.0712587170804439,0.7379632793053145
0.0951161193921817,0.722680241180533,0.18220363942728524,0.4342594454130395
0.29610953408881,0.5820410689902052,0.12184939692098462,0.8231485010068061
0.063807977529944,0.21880013862584122,0.7173918838442148,0.2675927073014252
0.5666753895165484,0.023651525510300673,0.4096730849731509,0.7046299316829916
0.2525580707423209,0.7085465949627904,0.038895334294888825,0.613889152044446
0.2241329921464172,0.620993199173711,0.15487380867987185,0.7231484581398376
0.6224372622798402,0.06914132587485747,0.30842141184530236,0.7712966269276373
0.10815899065395793,0.800250365514117,0.09159064383192514,0.4175927716018781
0.3238985763867628,0.5833268097948345,0.0927746138184025,0.8046299745499601
0.16559716889541662,0.3333523364361429,0.5010504946684403,0.4268520348303011
0.4423357361602355,0.49699017400778883,0.06067408983197567,0.800926269258591
0.6409934118644414,0.031278431026370145,0.32772815710918857,0.7490743951794221
0.07166948927641367,0.6318022506550593,0.296528260068527,0.35833348693997075
0.6273728872146999,0.11066941894202179,0.26195769384327827,0.7953707113215371
0.37850410764549053,0.5782995521673399,0.043196340187169675,0.7453706898880528
0.5650688053497183,0.380628635121275,0.054302559529006714,0.7694447742819527
0.5617204159415812,0.2371489697088335,0.20113061434958535,0.8490744380463907
0.14768184859998684,0.34026869327418036,0.5120494581258328,0.4157409189561935
0.19434687072387852,0.3643510736703035,0.44130205560581787,0.4898150247835776
0.3809717775136984,0.01637250801148541,0.6026557144748161,0.5879632150048616
0.5133239498663119,0.2549008322647998,0.23177521786888824,0.8768522277316597
0.19907705771550593,0.65747835674467,0.14344458553982412,0.6583336155408764
0.6492907112935933,0.04773222114048018,0.3029770675659265,0.7638892163448989
0.7371461542144158,0.2264736278848295,0.03638021790075482,0.7083336369743608
0.46744879835455105,0.17869859357232756,0.3538526080731214,0.7675929216362681
0.4662287959824102,0.45407083143411975,0.07970037258347014,0.8212966483611216
0.6498989159545208,0.2284855398945028,0.12161554415097649,0.7898151533844833
0.2848715462657741,0.3796988092098166,0.33542964452440927,0.6879632578718301
0.42618129151021444,0.44968127472448927,0.12413743376529622,0.8879633436057673
0.6452864607727213,0.30059204995905797,0.05412148926822068,0.7509262478251066
0.20491749931524122,0.3800213973937984,0.41506110329096035,0.5120372565317929
0.34447758017548596,0.10893914729148217,0.546583272533032,0.5898150676505463
0.039296631164103736,0.8939888380710026,0.06671453076489361,0.273148265238479
0.2247448654776379,0.4025893658645567,0.37266576865780543,0.5768520991307539
0.665239875373022,0.2560729088820856,0.07868721574489244,0.7601855110535296
0.2630329009164829,0.6019987468946304,0.13496835218888667,0.7805558901560603
0.31173245832961954,0.27490768647311925,0.41335985519726126,0.6527780576038227
0.34146222391263076,0.29932450136531524,0.359213274722054,0.7268521634312068
0.35905914909538117,0.18046660623943228,0.4604742446651866,0.6435187943753997
0.2892979538324017,0.459039121220519,0.25166292494707937,0.782407742801745
0.032262587576110786,0.8153472474837673,0.15239016494012192,0.300926054923748
0.014601322672195596,0.9117760937766977,0.07362258355110668,0.23240750703341773
0.42669667780644854,0.2246705949575714,0.34863272723598016,0.7842595954474295
0.23363276369181643,0.4996127686691521,0.2667544676390315,0.6638891734779303
0.12265893690591408,0.36881333958997214,0.508527723504114,0.389814981916609
0.1044299501155867,0.6214875163935101,0.2740825334909033,0.4268520348303011
0.015358748899842898,0.35183742748888547,0.6328038236112716,0.2250000964506793
0.047148883867767395,0.44374463703955475,0.5091064790926778,0.2990742022780635
0.48103023645393783,0.060344284673207856,0.4586254788728542,0.6842595525804609
0.31125679133415446,0.6470201637734645,0.04172304489238117,0.6972225211002532
0.023530385915031635,0.668213970902812,0.3082556431821565,0.2861112337582712
0.18325051701180384,0.13072392779390782,0.6860255551942884,0.3861112766252398
0.0002331903170234468,0.951827371804699,0.047939437878277605,0.1768519276628796
0.1558346289409349,0.3578722920179708,0.48629307904109437,0.42870388747598565
0.10573555803494819,0.09324806395844383,0.801016378006608,0.28425938111258664
0.6364324009442598,0.014707880024139718,0.3488597190316005,0.7472225425337374
0.8194798897769418,0.14137671581290745,0.03914339441015095,0.7101854896200455
0.44435746243280544,0.29138941347523956,0.2642531240919551,0.8731485224402905
0.04663443557968502,0.12822268344471727,0.8251428809755976,0.20833342263951787
0.135331305360869,0.4073916491801231,0.457277045459008,0.41203721366482426
0.06478302487063377,0.5760979610451498,0.3591190140842166,0.3379631078374401
0.8688715355850908,0.055057746773555766,0.07607071764135352,0.721296605494153
0.14495667615249885,0.03741359841447305,0.817629725433028,0.3416668131288093
0.13340729359874182,0.5166384606050011,0.3499542457962571,0.4398150033500933
0.5927252292879212,0.08028643683470768,0.3269883338773712,0.7750003322190064
0.125969023206538,0.8577807833008738,0.016250193492588216,0.43796315070440867
0.5334525666326879,0.3896485415420011,0.0768988918253111,0.7953707113215371
0.31169397526872605,0.006347080608207817,0.6819589441230661,0.5250002250515851
0.47951252552425655,0.2317224460626811,0.2887650284130623,0.8398151748179676
0.014773964600381708,0.9766074237912645,0.008618611608354029,0.2250000964506793
0.2301436572531151,0.12648126526243197,0.643375077484453,0.45833352980693937
0.16606602634078613,0.44666892393610175,0.38726504972311204,0.46944464568104693
0.8093636403226401,0.046973887433949604,0.14366247224341028,0.7416669845966837
0.13483836354848217,0.7481100996037892,0.11705153684772879,0.5101854038861082
0.2773575006509701,0.0788929253153054,0.6437495740337245,0.506481698594739
0.7098442306630813,0.1819947079363292,0.10816106140058944,0.7694447742819527
0.4230035532656578,0.0810045483176919,0.4959918984166503,0.6583336155408764
0.22557851506788826,0.16201491890355127,0.6124065660285605,0.4546298245155701
0.21379605431593468,0.5014967845118041,0.28470716117226125,0.5953706255876
0.43894198717315863,0.1903693985227567,0.3706886143040847,0.7490743951794221
0.13577548689528218,0.26165998984812733,0.6025645232565905,0.35277792900291693
0.3540269135921302,0.03821235486309224,0.6077607315447775,0.5750002464850694
0.3276443108484027,0.07686220847331085,0.5954934806782864,0.5509261620911695
0.5723721212252597,0.3976744456940214,0.029953433080719002,0.7379632793053145
0.533079041212687,0.3120788648376564,0.15484209394965665,0.8527781433377598
0.23383660436816361,0.5695045600802091,0.19665883555162736,0.7435188372423682
0.23214175565885886,0.33778838694755087,0.4300698573935903,0.5435187515084311
0.0575347748437717,0.6346095479009136,0.3078556772553146,0.32870384460901714
0.493007624555049,0.05150662179628456,0.4554857536486664,0.6805558472890918
0.13426815109445872,0.08536365413647799,0.7803681947690634,0.3342594025460709
0.34419515420318286,0.5934023022730268,0.062402543523790356,0.7750003322190064
0.11041727993468707,0.037621395907646224,0.8519613241576667,0.29166679169532506
0.3460191849825736,0.4885909690216949,0.16538984599573142,0.9305559544565132
0.023919596233102962,0.8950357287069579,0.08104467505993913,0.25277788613594837
0.33911290827985563,0.645505078319962,0.015382013400182542,0.6694447314149841
0.6028104986383694,0.278944279174032,0.11824522218759852,0.8138892377783832
0.025485589837616257,0.07107394359646879,0.9034404665659149,0.18240748559993344
0.7652314207451077,0.189947860281995,0.044820718972897154,0.7157410475570992
0.46167037544363004,0.3343320742326078,0.2039975503237621,0.9287041018108285
0.25054983368797407,0.13548240025698283,0.6139677660550431,0.47870390890946996
0.7619852455305829,0.04172349827808034,0.19629125619133675,0.7472225425337374
0.3841038182994508,0.4118454669018562,0.20405071479869294,0.9824078285356821
0.5463212734574897,0.20806060424687411,0.24561812229563604,0.8509262906920753
0.5558223784901272,0.3068248187050005,0.13735280280487247,0.8361114695265984
0.4739419742815138,0.0826809273554917,0.4433770983629945,0.6972225211002532
0.297118732988074,0.32266646904329954,0.38021479796862645,0.665741026123615
0.4902805555540227,0.11342391783370104,0.3962955266122763,0.7268521634312068
0.4319658341114175,0.43438958710710124,0.13364457878148114,0.8935189015428212
0.5773715318188819,0.20138150378717182,0.22124696439394634,0.8435188801093368
0.009214305519834083,0.8972796704877652,0.09350602399240057,0.2231482438049947
0.3573717066926584,0.4539706019739792,0.18865769133336244,0.9546300388504131
0.8210536444040376,0.06290421927144825,0.11604213632451406,0.7379632793053145
0.38606440980750745,0.15480639464172258,0.4591291955507698,0.6601854681865611
0.37684483608284874,0.13672308997191585,0.4864320739452353,0.6453706470210843
0.08425306689097463,0.5239959284839211,0.39175100462510426,0.36203719223133995
0.09481047788934283,0.2816788015282756,0.6235107205823816,0.3120371707978557
0.8241406439268434,0.11314868977933241,0.06271066629382427,0.7268521634312068
0.21171075337466558,0.24658307055648326,0.5417061760688512,0.4527779718698855
0.13589116108022406,0.7277397389912393,0.13636909992853655,0.5101854038861082
0.16920981932136128,0.17508574165277868,0.6557044390258601,0.3824075713338706
0.43634499244263775,0.3949858459318881,0.1686691616254741,0.9287041018108285
0.4495516432861176,0.010325177022548232,0.5401231796913342,0.6305558258556074
0.3755651088851718,0.2653136730762434,0.359121218038585,0.7379632793053145
0.34772034472879126,0.004058070796663817,0.6482215844745449,0.5527780147368541
0.5099597258330693,0.3618582481477536,0.12818202601917725,0.8620374065661829
0.3249115111007009,0.38494463841915333,0.2901438504801459,0.7879633007387988
0.2299723450792862,0.11066046633075409,0.6593671885899598,0.45092611922420095
0.34150128466037866,0.6152510498308305,0.04324766550879081,0.721296605494153
0.2877088724823425,0.23340238638893898,0.47888874112871865,0.562037277965277
0.926363807249012,0.03828073521499904,0.0353554575359889,0.6898151105175148
0.5855584054150568,0.07379031288606348,0.34065128169887965,0.7694447742819527
0.2893317654670323,0.6612762891061861,0.04939194542678142,0.6898151105175148
0.03584096546099653,0.20981188073156865,0.7543471538074349,0.2231482438049947
0.28744056726435185,0.2122667237894872,0.500292708946161,0.5564817200282234
0.26982588120385065,0.18357206622707073,0.5466020525690786,0.5120372565317929
0.0210811612750222,0.11059098339253931,0.8683278553324385,0.18240748559993344
0.7382224692332098,0.14429858338942045,0.11747894737736961,0.7601855110535296
0.7486782901264676,0.028097510871820826,0.22322419900171175,0.7472225425337374
0.24898530033895047,0.29029470241476973,0.46071999724627966,0.5398150462170619
0.19331024121986254,0.4183710318796108,0.3883187269005266,0.5175928144688466
0.37476694204102895,0.48332439392913884,0.1419086640298322,0.917592985936721
0.18826328459720826,0.2703366802486736,0.541400035154118,0.4250001821846165
0.18557882712548704,0.4911050918213096,0.32331608105320325,0.5453706041541158
0.6207011791195925,0.17243210882267518,0.20686671205773216,0.8120373851326986
0.644318802202976,0.27433426224459545,0.08134693555242858,0.7675929216362681
0.15943950799850892,0.8080036371920962,0.03255685480939488,0.4916668774292622
0.025829861857357247,0.816879823471821,0.15729031467082163,0.29537049698669426
0.2999876143677822,0.20630937578376515,0.4937030098484526,0.5824076570678077
0.2351957331150332,0.48514682023777006,0.27965744664719683,0.6583336155408764
0.5526371146214551,0.33136097753660504,0.11600190784193974,0.8342596168809139
0.2269019837530364,0.2406449380691292,0.5324530781778343,0.47685205626378535
0.5235441460718744,0.4290819985024165,0.04737385542570915,0.7675929216362681
0.3025899211212243,0.16462449960598602,0.5327855792727897,0.5731483938393848
0.5871101309363108,0.013196823376295493,0.3996930456873937,0.7175929002027838
0.03007882543818274,0.3581569762199095,0.6117641983419078,0.263889002010056
0.10405993393589916,0.8904933255249288,0.005446740539172075,0.3935186872079782
0.08003039768731396,0.3768263831798169,0.5431432191328691,0.3250001393176479
0.5153583518164918,0.25356251873195357,0.23107912945155457,0.8768522277316597
0.7950026604462183,0.002037694065810367,0.20295964548797124,0.7361114266596298
0.3147903621748169,0.4627962035051042,0.22241343432007896,0.865741111857552
0.6168253636470451,0.3469361124137854,0.036238523939169515,0.7379632793053145
0.06390423726251593,0.5492574467250227,0.3868383160124614,0.3342594025460709
0.32145129315257287,0.017855025050777917,0.6606936817966492,0.5305557829886389
0.03785025429348594,0.0019088189225719562,0.9602409267839421,0.2064815699938333
0.20281419252648927,0.6777005334929024,0.11948527398060851,0.6638891734779303
0.24127467331326394,0.6514556622872968,0.10726966439943914,0.7175929002027838
0.48281276450680816,0.09057857619152015,0.4266086593016716,0.7064817843286763
0.4008947162092086,0.23189828397576218,0.3672069998150292,0.7453706898880528
0.06513417134992831,0.7675507268534062,0.1673151017966656,0.3675927501683938
0.2228431967497387,0.4711307551160124,0.30602604813424905,0.6157410046901306
0.2485545420285218,0.6464436109612349,0.10500184701024332,0.7324077213682606
0.6624812632688215,0.28009383442524843,0.05742490230593002,0.7453706898880528
0.3983498849221782,0.24460133567013934,0.35704877940768265,0.7601855110535296
0.43228809052859635,0.11385410285484167,0.4538578066165619,0.6879632578718301
0.46547923718733364,0.2247388042490426,0.3097819585636239,0.8175929430697524
0.07027872482503669,0.7333446043934917,0.19637667078147164,0.380555718688186
0.03165059590552364,0.27914721000839154,0.6892021940860847,0.23425935967910233
0.08526329399805206,0.03554811145604938,0.8791885945458986,0.2564815914273176
0.31453279820601493,0.4484978764501484,0.2369693253438366,0.8342596168809139
0.08690205530206582,0.5641473906097779,0.3489505540881563,0.3731483081054476
0.14845417543300465,0.25595297115051485,0.5955928534164804,0.3750001607511322
0.24140155205421432,0.5136679193750033,0.24493052857078226,0.7083336369743608
0.37438950031034646,0.31239610223983655,0.3132143974498171,0.800926269258591
0.41790190085301754,0.3671121906986747,0.21498590844830792,0.963889302078836
0.5042769464816579,0.01918840064825349,0.4765346528700887,0.665741026123615
0.5697238966260477,0.26274765862211497,0.16752844475183734,0.837963322172283
0.12819716539079054,0.4061548433247327,0.46564799128447687,0.39907424514503204
0.5203213865076322,0.1064832853060134,0.3731953281863543,0.7490743951794221
0.22160493673036677,0.5766061433113367,0.2017889199582965,0.7027780790373069
0.2450515438890846,0.28989607979684395,0.4650523763140715,0.5305557829886389
0.9622078924651354,0.021988837633031257,0.015803269901833443,0.6731484367063533
0.6187280716954733,0.16838209156830933,0.21288983673621728,0.8120373851326986
0.29688791409075016,0.044329537710718264,0.6587825481985315,0.5138891091774774
0.650417472413748,0.17666109400178948,0.1729214335844623,0.8027781219042757
0.4521045239569506,0.018666064231602747,0.5292294118114467,0.6398150890840304
0.07519832909795661,0.22790024266202671,0.6969014282400168,0.27685197052984817
0.3993694530864521,0.18854376490020375,0.41208678201334403,0.7046299316829916
0.0653075893984323,0.05030228723646412,0.8843901233651037,0.23611121232478693
0.4852715551828928,0.36142291259667253,0.1533055322204348,0.8824077856687135
0.056653409348555145,0.03545659132313771,0.9078899993283072,0.2212963911593101
0.3550031624597222,0.1906165397320985,0.4543802978081795,0.6490743523124535
0.044647182498973065,0.6000063311772094,0.35534648632381743,0.2990742022780635
0.15810427021633627,0.02003445991275963,0.821861269870904,0.35648163429428614
0.07513380147362225,0.7598324522159795,0.16503374631039827,0.3861112766252398
0.5490322090178836,0.10468758232247531,0.3462802086596411,0.7694447742819527
0.0014424559205560993,0.37095172466297105,0.6276058194164729,0.20833342263951787
0.18713878656815627,0.12567081289650944,0.6871904005353344,0.3824075713338706
0.6392228402125966,0.18417044972424423,0.17660671006315923,0.8083336798413293
0.08384803487353026,0.0004353100125796215,0.9157166551138901,0.25277788613594837
0.025766060289528554,0.28246339506405976,0.6917705446464116,0.2194445385136255
0.16591975349384236,0.7759644127438637,0.058115833762293845,0.5231483724059005
0.3799555136118667,0.07348757466016519,0.5465569117279682,0.6046298888160231
0.18906927575140658,0.3283516939154354,0.4825790303331579,0.4546298245155701
0.09878730360844203,0.7116708420515243,0.18954185434003357,0.43055574012167025
0.4480799549340617,0.07110757042342604,0.4808124746425121,0.665741026123615
0.14067728442914362,0.5681228559195577,0.2911998596512987,0.4935187300749468
0.36136427296025986,0.07957851994353288,0.5590572070962072,0.5953706255876
0.6552267902766841,0.0644352271062505,0.2803379826170655,0.7768521848646911
0.0499481751335039,0.27030141081627135,0.6797504140502248,0.26203714936437134
0.45082929190116394,0.4101947689803378,0.13897593911849834,0.8935189015428212
0.2562662278968377,0.058629658404036604,0.6851041136991258,0.47500020361810075
0.31562379632238596,0.5554734930380837,0.12890271063953032,0.8509262906920753
0.4753612424110529,0.4930302241583908,0.031608533430556286,0.7490743951794221
0.09657135266787889,0.3764874316237586,0.5269412157083624,0.3472223710658631
0.5332480591536951,0.443889212431795,0.022862728414509925,0.7361114266596298
0.42082557638079077,0.002607312185164876,0.5765671114340444,0.6027780361703384
0.18304623464074682,0.1140143210639712,0.7029394442952821,0.3768520133968168
0.014596520063003228,0.5147976346136627,0.470605845323334,0.25092603349026377
0.13282243060373028,0.3005083535218824,0.5666692158743873,0.3601853395856554
0.319752621100736,0.00017655218132058898,0.6800708267179433,0.5268520776972697
0.23916644079201385,0.3539499407329474,0.40688361847503884,0.5750002464850694
0.008636869524447404,0.029415657709729936,0.9619474727658226,0.165740811788772
0.6163775743189562,0.1994204385185297,0.18420198716251407,0.8194447957154369
0.36356061379583027,0.5514886405558773,0.08495074564829243,0.8250003536524908
0.063698584357414,0.7609352400776872,0.1753661755648989,0.3731483081054476
0.1167062380693302,0.6039224711440438,0.27937129078662576,0.4398150033500933
0.18893199719064843,0.07612688638456264,0.734941116424789,0.389814981916609
0.6497620117927237,0.22995027541315843,0.12028771279411779,0.7898151533844833
0.20764704375060647,0.22966704744272584,0.5626859088066677,0.43796315070440867
0.1106904475830822,0.35796690179851465,0.5313426506184031,0.35648163429428614
0.30738945473810325,0.6176141621606124,0.07499638310128436,0.7675929216362681
0.22640582451196142,0.5399051469054228,0.23368902858261578,0.6787039946434071
0.7282863477036124,0.05998787449232913,0.2117257778040584,0.754629953116476
0.3592025659830315,0.45437290357859517,0.1864245304383732,0.9583337441417822
0.588969920825732,0.243334329716884,0.16769574945738394,0.8305559115895447
0.028842175116755193,0.25893154565967386,0.712226279223571,0.23055565438773312
0.2788040420530831,0.5219629260634691,0.19923303188344785,0.8305559115895447
0.2516173623684252,0.02740685172401402,0.7209757859075607,0.4601853824526239
0.38500653993149786,0.5022450809095327,0.1127483791589694,0.8768522277316597
0.3889891803656088,0.31065949393894304,0.30035132569544815,0.8212966483611216
0.41848253316478,0.2331829874798992,0.34833447935532075,0.7750003322190064
0.1983520477752643,0.7694379114057227,0.032210040819012936,0.5472224567998003
0.1979873878833541,0.0763056851053761,0.7257069270112698,0.39722239249934743
0.19888728909830897,0.39199672683379544,0.40911598406789557,0.5120372565317929
0.004542006447938264,0.9780563940324953,0.01740159951956625,0.1768519276628796
0.4847887808526568,0.3832149750544394,0.13199624409290384,0.8787040803773444
0.3359898549028547,0.4543433390808577,0.2096668060162875,0.9101855753539825
0.911338992461897,0.04006138315076785,0.048599624387335096,0.693518815808884
0.16991316994249264,0.22179837466377755,0.6082884553937299,0.3935186872079782
0.05325382909222761,0.8331683382411911,0.11357783266658135,0.3212964340262787
0.3597227653301927,0.2733235097099629,0.36695372495984435,0.7268521634312068
0.06573779957902758,0.2822590833026435,0.6520031171183289,0.27870382317553277
0.18517253166143507,0.2144113822425741,0.6004160860959906,0.40277795043640124
0.5573934093524365,0.30694454395007525,0.13566204669748827,0.8342596168809139
0.6607035548879887,0.262923699756887,0.07637274535512434,0.7601855110535296
0.15802630922348118,0.8192154701001549,0.02275822067636392,0.49722243536631605
0.7367186753338862,0.021259683853063694,0.2420216408130501,0.7435188372423682
0.1519126287676698,0.2050183795063656,0.6430689917259645,0.36203719223133995
0.3932706233031069,0.5693972099760563,0.037332166720836966,0.7379632793053145
0.0016500035927971826,0.19711897833728043,0.8012310180699225,0.1805556329542488
0.1658811382114612,0.1549712844108431,0.6791475773776957,0.371296455459763
0.41993888911936494,0.5009697644134042,0.07909134646723087,0.8194447957154369
0.025876537287867752,0.8798935226560367,0.0942299400560956,0.2601852967186868
0.35604040002947707,0.36933577998950334,0.27462381998101953,0.8361114695265984
0.054773116137981054,0.5108863133286512,0.43434057053336783,0.3120371707978557
0.5592227318920134,0.25326721501880106,0.18751005308918559,0.8435188801093368
0.0754421725257645,0.41374236610675813,0.5108154613674774,0.3342594025460709
0.2887347248348636,0.4182903512473129,0.29297492391782354,0.7342595740139453
0.2911412307447064,0.6579793684203052,0.05087940083498834,0.6916669631631994
0.29780735156949617,0.09414137111442701,0.6080512773160768,0.5379631935713772
0.3021856712373599,0.6221176845664594,0.07569664419618063,0.7675929216362681
0.7520271422577104,0.0163824410084267,0.2315904167338629,0.7453706898880528
0.019252875867582633,0.7337881194840185,0.24695900464839887,0.27870382317553277
0.3627501072720919,0.5838597359040618,0.05339015682384642,0.7638892163448989
0.015564459084993104,0.8348498893738177,0.1495856515411893,0.2750001178841636
0.08209165275971159,0.37570103815782335,0.5422073090824651,0.32870384460901714
0.08145071604868169,0.8322066075608655,0.08634267639045283,0.35462978164860154
0.0795560730379275,0.32895114194343594,0.5914927850186366,0.3046297602151173
0.28527551168391596,0.04962634331607091,0.6650981450000132,0.5101854038861082
0.21105843505689414,0.04851950835404425,0.7404220565890616,0.4175927716018781
0.35707123297452825,0.33162431754872,0.3113044494767518,0.8027781219042757
0.13747418208803808,0.1457318052511076,0.7167940126608544,0.3379631078374401
0.10562987461741068,0.24584615915619515,0.6485239662263942,0.3138890234435403
0.4133222458042132,0.1628694292762678,0.42380832491951903,0.6972225211002532
0.5796216725401413,0.3379723154316626,0.08240601202819613,0.7879633007387988
0.3893107944840411,0.45968243170973544,0.15100677380622335,0.9212966912280902
0.27463090092410525,0.20238169667240227,0.5229874024034926,0.5250002250515851
0.6333056641428543,0.0292320109136407,0.3374623249435051,0.7527781004707913
0.30418677061330274,0.026338728809197236,0.6694745005775001,0.5231483724059005
0.310652884539562,0.167122926282813,0.522224189177625,0.5842595097134924
0.1956747299745894,0.7776778324355168,0.026647437589893918,0.5361113409256927
0.5322861723516765,0.1730302639814404,0.29468356366688314,0.8175929430697524
0.08743466338767379,0.3952421440521314,0.5173231925601948,0.34351866577449397
0.2897666192741898,0.4347317807743307,0.27550159995147966,0.7583336584078452
0.46989693042754205,0.1441798288767951,0.385923240695663,0.7324077213682606
0.6716946386095907,0.21963767145246213,0.10866768993794734,0.7768521848646911
0.20599480358472808,0.6918824647482484,0.10212273166702357,0.6527780576038227
0.26358434577714157,0.5817424177347527,0.1546732364881057,0.7953707113215371
0.7210628681368711,0.19775012083819582,0.08118701102493305,0.7527781004707913
0.7898595898179095,0.052040828445544765,0.15809958173654567,0.7453706898880528
0.3235404530468618,0.07124169407022671,0.6052178528829113,0.5472224567998003
0.9167195642920232,0.07344237013955658,0.009838065568420321,0.6601854681865611
0.6336823798144434,0.3112023867223315,0.055115233463224944,0.7564818057621605
0.3722229655974331,0.009589266634293754,0.6181877677682731,0.5824076570678077
0.31184830322241813,0.2845192883555322,0.4036324084220496,0.6675928787692995
0.5355100999685312,0.1961470224022023,0.2683428776292666,0.837963322172283
0.4281031248484666,0.34622465932063456,0.22567221583089872,0.926852249165144
0.26667605301949315,0.3266750506089738,0.40664889637153306,0.6064817414617076
0.08608979206413093,0.8600238714561226,0.05388633647974653,0.36203719223133995
0.8339905388926867,0.0037027322322040726,0.16230672887510916,0.7361114266596298
0.219521282410993,0.3227691938758878,0.4577095237131191,0.506481698594739
0.23563909468704933,0.2207703951232,0.5435905101897508,0.47870390890946996
0.3577307506057544,0.5534126238762863,0.08885662551795935,0.8231485010068061
0.41210094787335794,0.3856088391569418,0.20229021296970032,0.9842596811813666
0.5569431767910041,0.3150672172574298,0.127989605951566,0.8361114695265984
0.16024363495018076,0.07428141424961694,0.7654749508002023,0.3601853395856554
0.20028640087470215,0.5573315083643438,0.24238209076095404,0.6120372993987614
0.01274073822852866,0.5139954548005699,0.47326380697090153,0.24907418084457913
0.11264079135221998,0.16952089264769274,0.7178383160000872,0.3046297602151173
0.23719144835675599,0.735750875346936,0.02705767629630828,0.5805558044221232
0.12680052099043995,0.3475718221569057,0.5256276568526544,0.3824075713338706
0.25545988522038937,0.6702850950206266,0.074255019758984,0.6898151105175148
0.0187468166014015,0.6233858887273657,0.3578672946712328,0.2675927073014252
0.09792308118101142,0.30212515906834914,0.5999517597506394,0.3194445813805941
0.5820670049210442,0.2738857154974967,0.1440472795814591,0.8250003536524908
0.6928734594185263,0.20725419993324531,0.09987234064822835,0.7712966269276373
0.17144102932132732,0.6841162325500212,0.1444427381286514,0.5824076570678077
0.14654764065820314,0.5870474011118557,0.26640495822994115,0.5101854038861082
0.4545502961308279,0.05754396864716067,0.48790573522201147,0.6620373208322458
0.7100948453779174,0.0005179556447094426,0.2893871989773731,0.7416669845966837
0.5426284785479971,0.4041422277527576,0.05322929369924515,0.7694447742819527
0.25188619310739724,0.156798811386317,0.5913149955062857,0.48425946684652377
0.2788644929102447,0.6820018489494895,0.039133658140265745,0.6712965840606687
0.10973917760311384,0.7218614106911411,0.1683994117057451,0.45092611922420095
0.2016736552642391,0.07611814652733657,0.7222081982084243,0.40462980308208585
0.229120937371191,0.10364723570483343,0.6672318269239755,0.4453705612871471
0.007679787552786153,0.12382091427018191,0.868499298177032,0.17870378030856424
0.26844676084814817,0.2016201829283554,0.5299330562234964,0.5120372565317929
0.3686024423807699,0.023112800007791166,0.608284757611439,0.5824076570678077
0.5231528480604025,0.06600112074496095,0.41084603119463653,0.7138891949114146
0.19212706108245473,0.2034284204550636,0.6044445184624817,0.40833350837345506
0.8285014397927931,0.034092680469850166,0.1374058797373568,0.7361114266596298
0.4152542673920496,0.29896580901786424,0.2857799235900862,0.8527781433377598
0.0300977969071622,0.6486069834784101,0.3212952196144277,0.28981493904964045
0.06134143309791268,0.4793346107010506,0.4593239562010366,0.3194445813805941
0.3270756851404176,0.17400206539934712,0.49892224946023517,0.6064817414617076
0.17699615639331345,0.1401831153833884,0.6828207282232982,0.3787038660425014
0.2789871552591869,0.6748459003172533,0.04616694442355971,0.6712965840606687
0.02906601534887073,0.012517760821040383,0.9584162238300888,0.19351860147404104
0.43794119387825375,0.2077274496958,0.35433135642594626,0.7638892163448989
0.6983620219817025,0.18641944291953466,0.11521853509876288,0.7694447742819527
0.6941730405183819,0.16878935160604985,0.13703760787556837,0.782407742801745
0.21358371940827284,0.436281112667177,0.35013516792455024,0.5787039517764385
0.48463586484468896,0.1465002821245303,0.3688638530307808,0.7527781004707913
0.0848096864957069,0.26416336502086474,0.6510269484834285,0.300926054923748
0.6385462127971027,0.10942264431692555,0.2520311428859718,0.7879633007387988
0.6001802930537927,0.2768851867228202,0.12293452022338687,0.8138892377783832
0.5011638402670353,0.23594117686311178,0.2628949828698529,0.856481848629129
0.6322356522036569,0.007057010155120387,0.36070733764122276,0.7379632793053145
0.23728637128405172,0.35124645473523536,0.411467173980713,0.5657409832566463
0.18360102840163486,0.1707843605806768,0.6456146110176885,0.39537053985366283
0.8662152727172702,0.09038372533838464,0.043401001944345166,0.7064817843286763
0.6492694923731286,0.12258502788356815,0.22814547974330315,0.7898151533844833
0.3031129701767168,0.0914622702140731,0.60542475960921,0.5398150462170619
0.4734890715366968,0.1442537715376583,0.38225715692564494,0.7379632793053145
0.6158249848128481,0.3447983055583781,0.03937670962877375,0.7416669845966837
0.2217676608872059,0.33878447133966283,0.4394478677731313,0.5231483724059005
0.41397035600585996,0.069136705646987,0.516892938347153,0.6361113837926613
0.6707190551172777,0.014663679585681946,0.3146172652970402,0.7527781004707913
0.23066844399652123,0.6305971449376381,0.1387344110658408,0.7287040160768914
0.18104635672326433,0.4951362471153219,0.3238173961614138,0.534259488280008
0.39784014352095726,0.6004823344663375,0.0016775220127052603,0.6805558472890918
0.2807385933213392,0.15334172303172927,0.5659196836469316,0.5231483724059005
0.055723595698682356,0.7615762838173001,0.18270012048401754,0.36574089752270916
0.8437460971537026,0.047858970316081086,0.10839493253021616,0.7342595740139453
0.4523380931884835,0.0070794752261200454,0.5405824315853965,0.6305558258556074
0.009129297421403872,0.6956350179737302,0.29523568460486593,0.2675927073014252
0.36995868013545985,0.465977849134255,0.16406347073028518,0.94537077562199
0.10623250322758601,0.06712577829183691,0.826641718480577,0.28425938111258664
0.2622712757692959,0.48349147608086096,0.2542372481498432,0.7379632793053145
0.5066953198532413,0.46856501895577096,0.02473966119098781,0.7398151319509991
0.06585898022748422,0.6009925963940098,0.3331484233785059,0.3490742237115477
0.12623829068528433,0.28000731599485906,0.5937543933198566,0.3472223710658631
0.8589928647175683,0.026741027813379645,0.11426610746905211,0.7268521634312068
0.1326486286866596,0.647879319792709,0.21947205152063148,0.49722243536631605
0.041818698227240686,0.1193520047973655,0.8388292969753938,0.2027778647024641
0.47994241688740186,0.2505845325465182,0.26947305056607995,0.8527781433377598
0.00859505546171643,0.5272283335388932,0.4641766109993903,0.24537047555320995
0.1689016163005757,0.694825155044479,0.1362732286549454,0.5787039517764385
0.08900530334040538,0.48553444944330837,0.4254602472162863,0.3601853395856554
0.2475815294780001,0.3256501906098306,0.4267682799121694,0.5731483938393848
0.6523065169592961,0.3178784928780594,0.029814990162644453,0.7250003107855223
0.5197431507418258,0.2817969843442738,0.19845986491390039,0.8787040803773444
0.37766646718596075,0.25715340273551623,0.365180130078523,0.7361114266596298
0.33904666427846974,0.06964584764390001,0.5913074880776304,0.5675928359023309
0.2622353202266093,0.6613893679555267,0.07637531181786392,0.7064817843286763
0.41409247280245154,0.03194743031162001,0.5539600968859286,0.6120372993987614
0.5010125787441296,0.1567445146956595,0.34224290656021084,0.7750003322190064
0.30608912512417,0.5148145825508575,0.17909629232497243,0.8842596383143981
0.3087160230622027,0.12436640377655961,0.5669175731612376,0.5583335726739079
0.23586326054171114,0.21985913161785534,0.5442776078404337,0.47685205626378535
0.6312774265899173,0.29612927042225445,0.07259330298782839,0.7657410689905835
0.11522527408823946,0.6292940746268963,0.2554806512848643,0.44351870864146253
0.715058983917411,0.01431789463944062,0.2706231214431485,0.7472225425337374
0.3633438793983971,0.6190064852420787,0.017649635359524202,0.6879632578718301
0.6534630046592417,0.27147833861500015,0.07505865672575822,0.7583336584078452
0.25967270638127077,0.22534769938475413,0.5149795942339751,0.5027779933033698
0.027921084073755126,0.0908156584636052,0.8812632574626396,0.18425933824561802
0.14056872774716164,0.262626094107121,0.5968051781457172,0.36203719223133995
0.2634527525407333,0.5219463077739276,0.21460093968533897,0.7842595954474295
0.5901798374775303,0.3644132030379847,0.04540695948448496,0.7527781004707913
0.13597623860660468,0.4595601399376422,0.4044636214557531,0.4268520348303011
0.5000554043309212,0.3194275513277658,0.18051704434131305,0.8935189015428212
0.1438851709365577,0.1976901650364559,0.6584246640269864,0.3472223710658631
0.3768442675310255,0.49508547562370525,0.12807025684526935,0.8953707541885056
0.32952253163977435,0.5800735945709057,0.09040387378932006,0.8138892377783832
0.14113941037431904,0.7742735858626808,0.0845870037630002,0.5194446671145312
0.46839671983681547,0.048978323710528536,0.48262495645265596,0.6712965840606687
0.020632167656905606,0.7030611427633293,0.2763066895797651,0.2861112337582712
0.42395214647930185,0.3326628126404082,0.24338504088029,0.9157411332910363
0.10494828786182268,0.3432077041861762,0.5518440079520011,0.3453705184201785
0.16271220817756663,0.6312043432291529,0.20608344859328057,0.5583335726739079
0.4789884176153561,0.37550915567414744,0.14550242671049654,0.8805559330230288
0.003753121607446646,0.27838823270615376,0.7178586456863997,0.18611119089130265
0.09525079206574219,0.11858972697957336,0.7861594809546844,0.2750001178841636
0.3665664599018486,0.5116042244049976,0.1218293156931538,0.8861114909600827
0.020578764501015086,0.625361153431632,0.3540600820673528,0.26944455994710975
0.5859337183159177,0.06652233193803957,0.3475439497460427,0.7620373636992143
0.5196332161341403,0.4597751837446746,0.020591600121185234,0.730555868722576
0.22029143995479866,0.5836477283138912,0.19606083173131003,0.7027780790373069
0.8932912740305032,0.07741901164450102,0.02928971432499583,0.6879632578718301
0.18906318647080586,0.7545694400727188,0.05636737345647553,0.5657409832566463
0.3590908797986978,0.5896148112940313,0.051294308907270936,0.7601855110535296
0.36374889679491224,0.013614860217231945,0.6226362429878557,0.5768520991307539
0.4943523832242834,0.2912500240073948,0.21439759276832188,0.8953707541885056
0.5904299061545093,0.29940621029279296,0.11016388355269773,0.8194447957154369
0.2952104136664117,0.21037590154167857,0.4944136847919098,0.5694446885480156
0.044879191131436236,0.5531279116168396,0.40199289725172416,0.3027779075694326
0.06459009341623806,0.6274278827021058,0.3079820238816563,0.3453705184201785
0.7104026623168591,0.03740408412989962,0.25219325355324124,0.754629953116476
0.1195931948303672,0.7808921043134953,0.09951470085613745,0.44907426657851635
0.5543582649376428,0.39228305262966,0.053358682432697216,0.7675929216362681
0.2215331962705351,0.7388189804009512,0.0396478233285137,0.5861113623591769
0.34627236372177744,0.4429411874142474,0.21078644886397527,0.926852249165144
0.025844010033588213,0.4177150010068569,0.5564409889595547,0.263889002010056
0.20646856148782486,0.06608868175431462,0.7274427567578606,0.4157409189561935
0.5172363004106936,0.0377393451920101,0.44502435439729626,0.6953706684545686
0.2529426620469529,0.7463356117674266,0.0007217261856204778,0.5527780147368541
0.05084982642315586,0.4690407469121032,0.4801094266647408,0.3046297602151173
0.45176090933605795,0.5142464914130762,0.03399259925086581,0.7453706898880528
0.6088636847566492,0.22236306629228222,0.1687732489510684,0.8194447957154369
0.6813559913495806,0.0594612929777665,0.259182715672653,0.7657410689905835
0.4095704193567279,0.03018038835524935,0.5602491922880227,0.6101854467530767
0.8381291220797233,0.13160817872971187,0.030262699190564846,0.6953706684545686
0.29170005016591183,0.4241742922104812,0.28412565762360703,0.754629953116476
0.0807388645826178,0.8784524993085372,0.040808636108845005,0.3379631078374401
0.5929887621416837,0.00018411168634224341,0.40682712617197403,0.7101854896200455
0.8196666209232523,0.112405930995529,0.06792744808121866,0.7324077213682606
0.3042472782488579,0.3597093924487489,0.3360433293023932,0.7194447528484684
0.1013057864278467,0.0765400796920761,0.8221541338800772,0.27870382317553277
0.5083699557004068,0.12100820035741418,0.3706218439421792,0.7527781004707913
0.45442680420999215,0.41687891574012104,0.12869428004988678,0.8916670488971365
0.4118737449365771,0.5712600027123692,0.01686625235105365,0.6972225211002532
0.18083640310232577,0.46820881594264974,0.3509547809550244,0.5175928144688466
0.2940041720259464,0.7006899370313167,0.005305890942736872,0.6120372993987614
0.2591778116059026,0.49273883519585615,0.2480833531982412,0.7416669845966837
0.14372852143942363,0.053786074834146005,0.8024854037264303,0.34351866577449397
0.17565568295304915,0.5809971399186665,0.24334717712828433,0.5675928359023309
0.2929016728192346,0.42598074408729325,0.2811175830934721,0.7583336584078452
0.17790386460817426,0.2526291997481126,0.5694669356437133,0.41018536101913966
0.4415098850244527,0.463569073415361,0.09492104156018638,0.8509262906920753
0.6833212806490472,0.026511013355276097,0.2901677059956769,0.7601855110535296
0.24325927231754893,0.23740602133196925,0.5193347063504818,0.4898150247835776
0.028362473929412935,0.3678221295091509,0.6038153965614362,0.2601852967186868
0.4168664525787411,0.04424699844817901,0.53888654897308,0.623148415272869
0.27602710597868707,0.5522517845647733,0.17172110945653968,0.82870405894386
0.13954619104423938,0.4491763318250266,0.411277477130734,0.43055574012167025
0.4202058214561039,0.22673053891104797,0.3530636396328483,0.7675929216362681
0.4298216453753886,0.29618004617345545,0.27399830845115597,0.8694448171489213
0.6210317666339877,0.022787519058547916,0.35618071430746423,0.7472225425337374
0.28082914219461363,0.625155678057482,0.09401517974790435,0.7694447742819527
0.07985722151790638,0.3712339299838437,0.54890884849825,0.32314828667196327
0.16598595056281903,0.4127941017131256,0.42121994772405535,0.4638890877439932
0.4893071532464617,0.3404262635239372,0.17026658322960128,0.8916670488971365
0.37029069931953235,0.6265145518258517,0.0031947488546159317,0.6638891734779303
0.12156758435988334,0.5605701533896398,0.3178622622504769,0.4398150033500933
0.39846515228868545,0.3839777605827773,0.21755708712853733,0.9712967126615745
0.3138192582815283,0.4548217253333293,0.23135901638514242,0.8435188801093368
0.36883330444261847,0.5816730293181243,0.049493666239257376,0.7564818057621605
0.2625264099705375,0.22914703883903528,0.5083265511904271,0.5120372565317929
0.08432701004192378,0.2998607946840216,0.6158121952740546,0.3046297602151173
0.06814612683397796,0.3044547838767568,0.6273990892892652,0.2935186443410096
0.033172896266188606,0.07848265762860149,0.8883444461052099,0.18981489618267186
0.9642190888198787,0.0311957114834673,0.004585199696653972,0.6509262049581381
0.029779702164151454,0.9365776461805259,0.0336426516553226,0.2194445385136255
0.2679934076121866,0.7240953893166276,0.007911203071185533,0.5768520991307539
0.28674137805119404,0.10027584248363222,0.6129827794651737,0.5250002250515851
0.1274351660814673,0.4437835072544967,0.428781326664036,0.39537053985366283
0.30828701704051253,0.043611074642316415,0.648101908317171,0.5268520776972697
0.09461097570292483,0.4588066363418438,0.4465823879552313,0.35648163429428614
0.24720371368433072,0.37755355773713417,0.375242728578535,0.613889152044446
0.6671987312272853,0.21033684842412378,0.1224644203485908,0.7842595954474295
0.1841142031680342,0.45936143776112354,0.3565243590708423,0.5194446671145312
0.29843491079310364,0.049167487535004745,0.6523976016718915,0.515740961823162
0.24237217617281387,0.2210838151886905,0.5365440086384957,0.4805557615551546
0.16159531042198524,0.5481018097516921,0.2903028798263229,0.5194446671145312
0.37385504433209493,0.4833611111126518,0.1427838445552533,0.917592985936721
0.059162232510036064,0.7421237896806864,0.19871397780927752,0.35833348693997075
0.42273247189379676,0.02885800239370345,0.5484095257124998,0.6157410046901306
0.28306160026386695,0.28675228824526017,0.43018611149087294,0.6027780361703384
0.09085047316090054,0.13514746972140118,0.7740020571176983,0.27129641259279436
0.7789386027210526,0.038700664921780925,0.18236073235716646,0.7453706898880528
0.34591707048265874,0.08891561066908743,0.565167318848254,0.5750002464850694
0.07195660960724792,0.5741143069915371,0.3539290834012148,0.35277792900291693
0.08552924737997625,0.005113614841259202,0.9093571377787645,0.2546297387816329
0.126132997723521,0.606489373383908,0.2673776288925711,0.4638890877439932
0.6519010683670065,0.2807707097662125,0.06732822186678095,0.7564818057621605
0.24749187226973768,0.20439696762519402,0.5481111601050683,0.4805557615551546
0.7712902515630268,0.21998719049327434,0.008722557943698877,0.6768521419977226
0.1476540085494864,0.18781553655189442,0.6645304548986192,0.35648163429428614
0.3741870021705199,0.26776339888465267,0.35804959894482746,0.7398151319509991
0.5498926444130873,0.3685443488304528,0.08156300675645989,0.800926269258591
0.21199561147153284,0.2384839990461483,0.5495203894823187,0.44722241393283174
0.6390241341359526,0.32805612516248256,0.03291974070156488,0.7324077213682606
0.39353950720043607,0.5018552369210506,0.10460525587851349,0.8712966697946058
0.2836409597800691,0.14458882993994787,0.5717702102799831,0.5231483724059005
0.4926574370619107,0.19680837552908304,0.31053418740900635,0.800926269258591
0.6695510001576751,0.2133444320112286,0.11710456783109624,0.7842595954474295
0.6542443076906103,0.11606150680154906,0.2296941855078406,0.7861114480931142
0.5264552275877903,0.33793851816760023,0.1356062542446095,0.8546299959834445
0.2379451575375612,0.433089220531021,0.3289656219314179,0.6268521205642382
0.10503314106640473,0.7374680846103405,0.1574987743232549,0.43611129805872406
0.11837391847572969,0.09532029073400375,0.7863057907902666,0.30833346550648644
0.7365059119790888,0.12376224361144049,0.1397318444094709,0.7657410689905835
0.3800685760888281,0.38911373673933697,0.23081768717183507,0.9287041018108285
0.4195299603098913,0.041140868085248535,0.5393291716048603,0.623148415272869
0.7212094363918742,0.1662624969405882,0.11252806666753769,0.7657410689905835
0.11185036533204545,0.09031355562688044,0.7978360790410741,0.29166679169532506
0.3129608847256757,0.4142989102531457,0.2727402050211787,0.7972225639672218
0.5910823728099407,0.3600042758560462,0.04891335133401316,0.754629953116476
0.3030633119432827,0.17991021949261324,0.5170264685641042,0.5824076570678077
0.010573056726916663,0.5940749443427012,0.39535199893038214,0.25092603349026377
0.558463990832428,0.04381619731823061,0.3977198118493414,0.7250003107855223
0.7089821295543197,0.061426171865035614,0.22959169858064474,0.7601855110535296
0.2372912298563895,0.3740354654428212,0.3886733047007892,0.5805558044221232
0.18921439719231806,0.12343787725185437,0.6873477255558276,0.3824075713338706
0.03348016324442206,0.9015426884594123,0.06497714829616555,0.2546297387816329
0.722830782423622,0.20186883721089488,0.07530038036548312,0.7472225425337374
0.5745411434130051,0.10877884480188343,0.3166800117851114,0.7861114480931142
0.3871373690545608,0.29563264138425627,0.3172299895611829,0.7953707113215371
0.5244012626069984,0.03656098373052884,0.4390377536624728,0.7009262263916224
0.9146233476682122,0.024073268757090663,0.061303383574697064,0.7046299316829916
0.535973991588174,0.24438547906022984,0.21964052935159603,0.8638892592118675
0.14888295699164977,0.714365818912407,0.13675122409594304,0.5472224567998003
0.27106840804445226,0.603848195020366,0.12508339693518178,0.7805558901560603
0.09861886977753531,0.7267793905205718,0.17460173970189266,0.44166685599577793
0.4797774302223305,0.13964744366395337,0.38057512611371597,0.7416669845966837
0.10351362071870307,0.3282871616250559,0.5681992176562409,0.3416668131288093
0.18305972686200267,0.6655829111141455,0.151357362023852,0.6101854467530767
0.33421194043984553,0.3884092233661515,0.27737883619400294,0.8138892377783832
0.25675266897410653,0.4998745850330744,0.24337274599281902,0.7527781004707913
0.016984008656173735,0.956642877945791,0.02637311339803525,0.2027778647024641
0.02953756232370867,0.8291446833190671,0.14131775435722416,0.2935186443410096
0.5398163668846869,0.20499648587195007,0.25518714724336294,0.8509262906920753
0.24260426121052855,0.33532637188965525,0.4220693668998161,0.5694446885480156
0.2619306018576686,0.14725585758750664,0.5908135405548247,0.4916668774292622
0.026414006840393682,0.43174939593086525,0.5418365972287411,0.26203714936437134
0.7369229835944996,0.014693000638963005,0.2483840157665373,0.7472225425337374
0.44809361512386875,0.06458696836476033,0.487319416511371,0.6601854681865611
0.004756294822398504,0.32615543737806824,0.6690882677995332,0.20462971734814867
0.6317696012407564,0.34113305250010734,0.027097346259136176,0.7250003107855223
0.7917106366931114,0.19907090515967615,0.00921845814721244,0.6768521419977226
0.596987418223317,0.3352954677317953,0.06771711404488784,0.7712966269276373
0.2075585328029969,0.05737939541244785,0.7350620717845552,0.4157409189561935
0.28815319038229853,0.20870890069679005,0.5031379089209115,0.5546298673825387
0.6706768358968067,0.32495975390095794,0.004363410202235414,0.7046299316829916
0.4635649930745813,0.2111772096068331,0.32525779731858573,0.800926269258591
0.26388118020336454,0.10864373541315836,0.6274750843834771,0.4935187300749468
0.11402723532076542,0.8825092431581261,0.0034635215211085623,0.39722239249934743
0.9219003138638187,0.04255453253585693,0.03554515360032438,0.6916669631631994
0.3635764708274347,0.41989873032421,0.2165247988483553,0.9342596597478824
0.5866779603907564,0.39013337796909536,0.023188661640148114,0.7342595740139453
0.11967215581073633,0.5167227885512039,0.36360505563805984,0.41203721366482426
0.45111769922380357,0.4186784351116508,0.13020386566454578,0.8916670488971365
0.04760032891271943,0.14422222374285162,0.8081774473444289,0.2138889805765717
0.8507159261158169,0.1471771480997232,0.0021069257844600763,0.6601854681865611
0.10748074036324631,0.2769222809264264,0.6155969787103274,0.3250001393176479
0.02293726553467579,0.8435864640520816,0.13347627041324256,0.2750001178841636
0.45452082761546614,0.2828311239608368,0.26264804842369693,0.8675929645032366
0.3179721753527128,0.33581406945124026,0.3462137551960469,0.7287040160768914
0.1625239844898954,0.13234601564825363,0.705129999861851,0.36574089752270916
0.27018786925591687,0.3076022010916887,0.4222099296523944,0.5972224782332846
0.24536004435830722,0.08841635126007817,0.6662236043816147,0.46944464568104693
0.23466776868382985,0.5745976100480521,0.19073462126811805,0.7472225425337374
0.5178103939665482,0.45834726596539327,0.02384234006805849,0.7342595740139453
0.33082155882066044,0.6098142766859385,0.05936416449340117,0.7564818057621605
0.45520414514175106,0.45430798303559394,0.09048787182265504,0.847222585400706
0.02898228500571172,0.8609599591083232,0.11005775588596511,0.28055567582121743
0.16674870971590997,0.12144909612843853,0.7118021941556516,0.36388904487702456
0.4555443532536824,0.49982027108430604,0.04463537566201164,0.7638892163448989
0.7204707240836088,0.1586028520078999,0.1209264239084913,0.7657410689905835
0.19973450243065233,0.15912766876018802,0.6411378288091598,0.40833350837345506
0.5292216453771805,0.07225171517115442,0.39852663945166505,0.7231484581398376
0.33998313936632063,0.5969785134994325,0.06303834713424687,0.7638892163448989
0.2947145081883134,0.10995207593959404,0.5953334158720925,0.5435187515084311
0.004265131444454619,0.6647220969550186,0.33101277160052667,0.2564815914273176
0.11692987666564081,0.3107311504106004,0.5723389729237588,0.3453705184201785
0.2968194158206413,0.6060875495817454,0.09709303459761327,0.7953707113215371
0.545556192520268,0.4457250897519635,0.008718717727768497,0.7138891949114146
0.29132174775401015,0.38781598869167466,0.32086226355431535,0.7101854896200455
0.5926383039844904,0.37664527953986887,0.03071641647564077,0.7398151319509991
0.09151067842585761,0.6708063211748123,0.2376830003993301,0.40833350837345506
0.057137000312930175,0.38650054597653205,0.5563624537105377,0.3046297602151173
0.14734302558344572,0.47111743306698645,0.3815395413495677,0.44166685599577793
0.14166099525757933,0.4921560652356626,0.366182939506758,0.44722241393283174
0.5537529501541686,0.439994951241271,0.006252098604560254,0.71203734226573
0.26369099638051874,0.1043072016441951,0.6320018019752862,0.49722243536631605
0.5914987342925478,0.30760880705955795,0.10089245864789408,0.8083336798413293
0.17641936004555608,0.322245412089664,0.5013352278647799,0.43611129805872406
0.2796705653701086,0.5763259909603687,0.1440034436695227,0.8268522062981755
0.5758558315470924,0.017289643933507275,0.4068545245194003,0.7101854896200455
0.5460104145585303,0.16617708748484186,0.2878124979566279,0.8138892377783832
0.28877269667556144,0.5013033912098975,0.2099239121145412,0.8398151748179676
0.18750629073897956,0.45174069687601254,0.3607530123850079,0.5231483724059005
0.5214820463555294,0.2033196045929451,0.27519834905152546,0.8324077642352292
0.20208269310493576,0.12382290916599108,0.6740943977290731,0.40277795043640124
0.04141100478865565,0.05881101806797767,0.8997779771433665,0.19722230676541025
0.027657740455783543,0.7503652960706173,0.22197696347359921,0.2990742022780635
0.6662001411815222,0.21541593577910906,0.11838392303936877,0.7861114480931142
0.35719702105373485,0.23575872688488758,0.40704425206137756,0.6842595525804609
0.01876587727664291,0.8957119663793575,0.08552215634399966,0.23796306497047154
0.20200667067337102,0.5845032529815731,0.21349007634505596,0.6342595311469766
0.4883305966616757,0.16509315442563924,0.3465762489126852,0.7750003322190064
0.03428125158715068,0.5644093947896619,0.4013093536231874,0.2935186443410096
0.30692095875843906,0.20253662292822075,0.4905424183133403,0.5953706255876
0.8047065433133191,0.0639929587519408,0.1313004979347399,0.7435188372423682
0.02202729988476582,0.3658313214137561,0.612141378701478,0.24907418084457913
0.5566840226923624,0.13228156802859092,0.31103440927904663,0.7972225639672218
0.6535129507619774,0.03435269306085166,0.312134356177171,0.7564818057621605
0.14712861891160123,0.5163791220199223,0.33649225906847635,0.4657409403896778
0.3539264467941141,0.339414359594397,0.3066591936114888,0.8064818271956448
0.4288416131097054,0.3211209310439919,0.2500374558463026,0.8972226068341903
0.2733130476177404,0.3846333151156691,0.34205363726659044,0.6731484367063533
0.28469343546911074,0.6851333599404807,0.030173204590408485,0.6583336155408764
0.03808688371747019,0.5865453467937568,0.37536776948877304,0.2935186443410096
0.3159529155010071,0.41847517025045267,0.2655719142485402,0.8064818271956448
0.3122057199493807,0.35458605837546964,0.3332082216751497,0.7324077213682606
0.666643882200656,0.11894016369811966,0.21441595410122438,0.7842595954474295
0.25981014678918274,0.16444691263779973,0.5757429405730174,0.4916668774292622
0.3777866033260693,0.14067883515184149,0.4815345615220893,0.6472224996667689
0.7645856816865304,0.050094514506272336,0.18531980380719726,0.7509262478251066
0.43302063375054606,0.05622985884775919,0.5107495074016948,0.6472224996667689
0.3037365521374627,0.18054043454278196,0.5157230133197553,0.5842595097134924
0.10693026030095046,0.02828442636407256,0.8647853133349769,0.2861112337582712
0.16359331141264957,0.29575676601429973,0.5406499225730507,0.41018536101913966
0.21816849442157005,0.7008529576921204,0.08097854788630951,0.6453706470210843
0.15882685808360203,0.07210592013433048,0.7690672217820674,0.3601853395856554
0.05743030934266654,0.28815881130567667,0.6544108793516568,0.2750001178841636
0.34978927003208715,0.362049688509114,0.2881610414587989,0.8194447957154369
0.20086680233505372,0.3288365631918646,0.4702966344730817,0.47685205626378535
0.4728386925586513,0.30762966268078035,0.2195316447605684,0.9064818700626134
0.5637249540742367,0.16168654685626305,0.2745884990695003,0.8138892377783832
0.3746448448141112,0.08294876948921227,0.5424063856966764,0.6064817414617076
0.199535943644298,0.3411680522757471,0.4592960040799549,0.48611131949220837
0.6455403651502747,0.060210951906298944,0.2942486829434265,0.7712966269276373
0.28881190625653935,0.12277510407989296,0.5884129896635676,0.5305557829886389
0.3531569841644405,0.4754473353386075,0.17139568049695206,0.9398152176849363
0.3072837871527624,0.4497259415790744,0.2429902712681632,0.8268522062981755
0.052667948320583975,0.7767001010764644,0.17063195060295167,0.35092607635723233
0.5776241342074608,0.23097346140823613,0.19140240438430314,0.8361114695265984
0.28496142550175324,0.2868330881851029,0.4282054863131438,0.6046298888160231
0.48510578207536964,0.4253231576502538,0.08957106027437654,0.8361114695265984
0.6816413868417919,0.1842537867720253,0.13410482638618285,0.7861114480931142
0.573528697951057,0.19744345815952474,0.22902784388941835,0.8416670274636522
0.13086194835854284,0.6103990679537162,0.25873898368774084,0.47870390890946996
0.28495092962845664,0.08935977707009389,0.6256892933014495,0.5268520776972697
0.448381994357243,0.5022785753572518,0.04933943028550499,0.7787040375103758
0.32636456597468533,0.34734733570436616,0.32628809832094857,0.7509262478251066
0.9454601405421045,0.015842499503822577,0.03869735995407304,0.6861114052261456
0.3967104244034115,0.2763627003085687,0.32692687528801984,0.7935188586758525
0.6572696226013667,0.34035178110430303,0.0023785962943302986,0.7009262263916224
0.4651318515889583,0.4345527784372251,0.10031536997381642,0.8583337012748137
0.3119155667753402,0.33502698776136924,0.35305744546329043,0.7157410475570992
0.2975682842911229,1.20581437974945e-05,0.7024196575650796,0.5046298459490544
0.4163987486362652,0.5797005848205924,0.003900666543142622,0.6842595525804609
0.438700199046368,0.2680725063066624,0.2932272946469696,0.8342596168809139
0.02102800592274413,0.2882441785602436,0.6907278155170125,0.2157408332222563
0.23198641576471452,0.1727833338723743,0.5952302503629112,0.4620372350983085
0.27257101268831013,0.4260520693526608,0.301376917959029,0.7046299316829916
0.7771342564670666,0.022770708091802542,0.20009503544113091,0.7416669845966837
0.32208491252452376,0.43533537989215637,0.2425797075833199,0.847222585400706
0.4512534137369149,0.5362257870701578,0.012520799192927387,0.71203734226573
0.5487344393769619,0.025304126384418545,0.42596143423861954,0.7009262263916224
0.15209410102754548,0.47754038153393485,0.37036551743851964,0.44907426657851635
0.12136152146035434,0.08688543845644041,0.7917530400832052,0.3120371707978557
0.22562147711943512,0.0920146284881392,0.6823638943924257,0.43796315070440867
0.49037979420205513,0.09634095006913689,0.4132792557288081,0.7175929002027838
0.19648288562831104,0.5414373753590013,0.26207973901268755,0.5787039517764385
0.038848162223862774,0.7813342167304904,0.17981762104564677,0.31759272873490946
0.7356090452923507,0.2538172231033963,0.010573731604252986,0.6898151105175148
0.053983602674318884,0.349334150378184,0.5966822469474972,0.2935186443410096
0.1457663728718737,0.4252590531080311,0.42897457402009515,0.43796315070440867
0.27921782593654093,0.155600661168443,0.5651815128950161,0.5212965197602158
0.4501095931012139,0.4008948230899848,0.14899558380880124,0.9046300174169287
0.25987843419546053,0.03057485591982932,0.7095467098847101,0.46944464568104693
0.13467844521540306,0.1709235696121095,0.6943979851724873,0.3324075499003863
0.46146847230194227,0.322903697141044,0.2156278305570138,0.9231485438737749
0.6672343861696405,0.06216874297776072,0.27059687085259887,0.7694447742819527
0.24611463702689698,0.40472350143312535,0.3491618615399778,0.6305558258556074
0.8072732335100384,0.022204417258229817,0.1705223492317318,0.7416669845966837
0.39703241043765075,0.19066314124739853,0.41230444831495067,0.7046299316829916
0.1686340317172277,0.33565580947611134,0.495710158806661,0.43055574012167025
0.222072655775724,0.5882947103950275,0.1896326338292485,0.7101854896200455
0.29920407087462886,0.6798517969141449,0.020944132211226266,0.6490743523124535
0.023842586825764053,0.15518950198370568,0.8209679111905304,0.19722230676541025
0.39413539899795225,0.028442726489309032,0.5774218745127387,0.6027780361703384
0.3312651950263567,0.23729355586748493,0.4314412491061583,0.6527780576038227
0.3484840241106265,0.16854601246538228,0.48296996342399107,0.6324076785012921
0.33144531784909187,0.3218509435651077,0.34670373858580056,0.7435188372423682
0.4024252031087332,0.3150530991491048,0.28252169774216196,0.8490744380463907
0.351998780654989,0.6254231560203779,0.022578063324633135,0.6879632578718301
0.10749868832434094,0.23844856246252644,0.6540527492131326,0.3194445813805941
0.315257662381547,0.6176991861232118,0.06704315149524097,0.7583336584078452
0.1628041922293385,0.7364567050123518,0.10073910275830969,0.5824076570678077
0.3696138949487344,0.2627369448912079,0.36764916016005755,0.7268521634312068
0.4926459336861712,0.18337564393377329,0.32397842238005553,0.7935188586758525
0.04781349030178707,0.7424404638141339,0.20974604588407894,0.3416668131288093
0.4063371386709418,0.5022278366395568,0.09143502468950136,0.8361114695265984
0.5873425938355372,0.2604147840388377,0.15224262212562514,0.8231485010068061
0.04512915716930403,0.6394922360928271,0.3153786067378689,0.3120371707978557
0.10121307957210744,0.1788194356386062,0.7199674847892864,0.29537049698669426
0.3691014134785253,0.45034034105454546,0.18055824546692922,0.9601855967874668
0.6345617234837695,0.24596151495789204,0.11947676155833847,0.7972225639672218
0.19623171069508688,0.7308931599782931,0.07287512932662008,0.6027780361703384
0.24536251236024012,0.4450242330963601,0.3096132545433998,0.6527780576038227
0.5537174872378441,0.4283455762379618,0.01793693652419412,0.7268521634312068
0.655504050128496,0.1418439714024913,0.2026519784690128,0.7953707113215371
0.33840565890713653,0.6232909960866325,0.03830334500623101,0.71203734226573
0.1557589405880165,0.762147706252212,0.08209335315977156,0.5490743094454849
0.02369794547900278,0.45135157335723064,0.5249504811637665,0.2601852967186868
0.05437184587866457,0.5900800013073365,0.355548152813999,0.31759272873490946
0.24062284935748166,0.5812608688085059,0.17811628183401237,0.7620373636992143
0.17191787279960655,0.2672598559894774,0.5608222712109161,0.41203721366482426
0.19124756926286332,0.41328788072170136,0.39546455001543535,0.5046298459490544
0.33473025677075113,0.5834235175368532,0.08184622569239569,0.7990744166129063
0.023362003427713048,0.9409039073820105,0.0357340891902765,0.2138889805765717
0.14174707028834152,0.5947017335132468,0.2635511961984116,0.5009261406576851
0.8510694086602967,0.14406755520341857,0.0048630361362848405,0.6620373208322458
0.2113488721637401,0.5099907603668553,0.27866036746940437,0.5916669202962307
0.14459535466174472,0.3952451716393864,0.460159473698869,0.4250001821846165
0.17915133300036146,0.3593084865288327,0.4615401804708058,0.45833352980693937
0.3029554694149438,0.6697399231901885,0.027304607394867845,0.6694447314149841
0.7288333706480784,0.2665960177597721,0.004570611592149586,0.6861114052261456
0.007169120944143533,0.47603540159927804,0.5167954774565785,0.23981491761615614
0.014898120181051116,0.7578967948319676,0.22720508498698128,0.27685197052984817
0.6027702924507142,0.2629159265190859,0.13431378103019997,0.8157410904240678
0.33678940591287976,0.17025922130120275,0.49295137278591744,0.6175928573358153
0.20097580318044034,0.6437799890716467,0.15524420774791295,0.6638891734779303
0.42254606361408986,0.5329890217781197,0.04446491460779034,0.7527781004707913
0.39030822828730394,0.045487729191892215,0.5642040425208038,0.6046298888160231
0.17195843509170847,0.41998114244611545,0.40806042246217594,0.4731483509724162
0.6070530343456827,0.18728044344873282,0.2056665222055845,0.8194447957154369
0.10287136018260296,0.5963936631742514,0.30073497664314564,0.41203721366482426
0.12168231135686944,0.6732449854811245,0.20507270316200604,0.47870390890946996
0.476224059788619,0.467268953628306,0.05650698658307508,0.7972225639672218
0.6342471136474946,0.18032872541122413,0.18542416094128134,0.8120373851326986
0.1844352697572465,0.6785316516425347,0.13703307860021882,0.6194447099814999
0.000627263117706528,0.8694149777803071,0.12995775910198645,0.23981491761615614
0.12840709199302966,0.31553766322856974,0.5560552447784006,0.3601853395856554
0.15319024251241153,0.01081054367066032,0.8359992138169281,0.3490742237115477
0.619246113861561,0.19200551860795034,0.1887483675304886,0.8157410904240678
0.3425348561506802,0.5663852133856822,0.09107993046363749,0.8231485010068061
0.08486212673779728,0.7951572644011575,0.1199806088610452,0.389814981916609
0.13226835872275597,0.5668587217957702,0.30087291948147366,0.46944464568104693
0.2631202977485511,0.7243694288273858,0.012510273424063157,0.5842595097134924
0.361970510468301,0.1816066357347885,0.4564228537969104,0.6527780576038227
0.38215702931371165,0.32134001336644086,0.29650295731984755,0.82870405894386
0.4010321666658759,0.24946710340081124,0.34950072993331277,0.7638892163448989
0.32917564209248734,0.6056231305147226,0.06520122739279004,0.7638892163448989
0.31105144479164,0.2097836522076219,0.4791649030007381,0.6027780361703384
0.8281487158890877,0.12814868686978484,0.04370259724112772,0.7138891949114146
0.08409839155001561,0.24314725983525445,0.6727543486147298,0.2935186443410096
0.3326485701745669,0.4680182687610674,0.19933316106436563,0.917592985936721
0.01782091254011597,0.650653638909811,0.33152544855007304,0.2750001178841636
0.3788616827398449,0.583908778392692,0.03722953886746318,0.7287040160768914
0.25695629464269915,0.11841986101394786,0.6246238443433529,0.48425946684652377
0.33446856608844033,0.366459774725704,0.29907165918585565,0.7916670060301679
0.7632965392288716,0.059063401677078645,0.1776400590940496,0.7583336584078452
0.277990160246704,0.16986463365355334,0.5521452060997425,0.5231483724059005
0.3988044512084852,0.5233370143137287,0.07785853447778614,0.8212966483611216
0.6459505840749241,0.2338620869141687,0.120187329010907,0.7916670060301679
0.48387166925502395,0.46758028467876217,0.04854804606621384,0.782407742801745
0.5023003038688246,0.40985953154449756,0.08784016458667793,0.82870405894386
0.2381182957304898,0.4786765340147943,0.2832051702547159,0.665741026123615
0.27428805556822355,0.2120404404378019,0.5136715039939744,0.5287039303429543
0.701364261297368,0.2791668838765447,0.019468854826087432,0.6990743737459377
0.21062944834556785,0.7555219142393043,0.033848637415128016,0.5601854253195926
0.5952590146512862,0.3939558545167406,0.010785130831973244,0.71203734226573
0.539379775480165,0.08982734756182836,0.37079287695800656,0.7509262478251066
0.2545440018464924,0.273051059427561,0.47240493872594663,0.5379631935713772
0.6146571665163079,0.014186017826084637,0.37115681565760744,0.7379632793053145
0.1951932216926622,0.4009434617746333,0.4038633165327044,0.506481698594739
0.548928438265597,0.352599184112281,0.09847237762212178,0.8212966483611216
0.19037181755273458,0.04113688095377231,0.7684913014934932,0.39722239249934743
0.5034456712040692,0.020035981587638158,0.4765183472082926,0.6675928787692995
0.39189383555092516,0.30083745173441506,0.30726871271465983,0.8120373851326986
0.6824115224101645,0.0440223632967611,0.2735661142930744,0.7490743951794221
0.3088791872680632,0.22858967900702482,0.462531133724912,0.6120372993987614
0.03728276866647454,0.5831973252823454,0.37951990605118024,0.2935186443410096
0.255952029527846,0.2233321152789848,0.5207158551931692,0.5009261406576851
0.4773272637733816,0.1476387114558654,0.375034024770753,0.7416669845966837
0.7499696525919136,0.15748648518568878,0.09254386222239779,0.7564818057621605
0.05592486245767545,0.5075559379664226,0.43651919957590196,0.31018531815217104
0.47298892684443133,0.5075056668773438,0.019505406278224842,0.7324077213682606
0.18325548154988286,0.2350736095410619,0.5816709089090553,0.4064816557277704
0.04910665165858765,0.045241820064164835,0.9056515282772475,0.2064815699938333
0.6933859497995439,0.08472379590452542,0.22189025429593062,0.7657410689905835
0.16164733476168563,0.5758059066067998,0.2625467586315148,0.5268520776972697
0.06889105666272423,0.6764556865633014,0.25465325677397443,0.35648163429428614
0.2083011020270292,0.3214680416147657,0.47023085635820494,0.48611131949220837
0.34860037751664086,0.22973159028047166,0.42166803220288757,0.6694447314149841
0.011472577393018657,0.8774298394296677,0.11109758317731373,0.24907418084457913
0.017319722779492983,0.4090783018547489,0.5736019753657581,0.24537047555320995
0.6487650853245857,0.262521195221729,0.08871371945368534,0.773148479573322
0.4735540981819395,0.42626823277899434,0.10017766903906633,0.8583337012748137
0.3593648112027407,0.016948335416383364,0.6236868533808758,0.5694446885480156
0.33212672170144897,0.19652444935253086,0.47134882894602026,0.6250002679185536
0.6171103162475875,0.10176466175493201,0.28112502199748046,0.7861114480931142
0.0386159069395215,0.256995472418483,0.7043886206419955,0.23611121232478693
0.2722646817439733,0.2234582110198695,0.5042771072361573,0.5231483724059005
0.7934223162153188,0.0188017695288559,0.18777591425582524,0.7435188372423682
0.11697694401441139,0.807143101368797,0.07587995461679171,0.43611129805872406
0.6616663151610122,0.2040752789096929,0.134258405929295,0.7879633007387988
0.8224651880206049,0.005583331016019312,0.1719514809633758,0.7361114266596298
0.015867040631961423,0.47959015185422393,0.5045428075138146,0.25092603349026377
0.3873022162023451,0.14145482940013518,0.4712429543975197,0.6564817628951919
0.32836743130459783,0.4489163532988177,0.22271621539658445,0.8824077856687135
0.6129909003912637,0.15401516613069746,0.23299393347803896,0.8064818271956448
0.24594371463862924,0.39930688605657694,0.3547493993047939,0.6287039732099229
0.16433192289981435,0.1854757258864204,0.6501923512137652,0.36944460281407837
0.073929955401861,0.3486573704663154,0.5774126741318236,0.31574087608922485
0.5783534166276981,0.20723948130587844,0.21440710206642344,0.837963322172283
0.022630687626874913,0.20598466311768138,0.7713846492554437,0.19722230676541025
0.03200337587185999,0.16273787922803182,0.8052587449001081,0.2064815699938333
0.45814427165339444,0.18237293735541096,0.3594827909911946,0.7657410689905835
0.41855880331966594,0.14855827411159778,0.4328829225687362,0.6972225211002532
0.2226339387003487,0.7590844718707531,0.01828158942889828,0.5527780147368541
0.389716514055012,0.2195407382293642,0.3907427477156238,0.7138891949114146
0.011480571860175396,0.1776229461609737,0.8108964819788509,0.18425933824561802
0.46332713322730196,0.3437174608335026,0.19295540593919544,0.9250003965194594
0.1339343768099463,0.18282084884145866,0.6832447743485951,0.3324075499003863
0.7603474202851935,0.12845955560470596,0.11119302411010054,0.7527781004707913
0.5795707916341842,0.1721361836234749,0.24829302474234086,0.8250003536524908
0.11021611289616927,0.5710992395448918,0.3186846475589389,0.4175927716018781
0.48479172095397083,0.4443259493669679,0.0708823296790614,0.800926269258591
0.3819838277722336,0.48897325831061905,0.12904291391714734,0.899074459479875
0.2393623425852871,0.0033295128412792405,0.7573081445734338,0.4398150033500933
0.29919964959428025,0.5573704986351752,0.14342985177054468,0.8583337012748137
0.779707904599843,0.11835269952352916,0.10193939587662793,0.7453706898880528
0.41257139515116487,0.43495415533164195,0.1524744495171932,0.9305559544565132
0.1791718340194904,0.10502768984366687,0.7158004761368427,0.3750001607511322
0.4397912521941473,0.18563404621518442,0.3745747015906681,0.7472225425337374
0.2735883386548292,0.030577133951904253,0.6958345273932667,0.4916668774292622
0.7982835577112508,0.1061395886420339,0.09557685364671531,0.7398151319509991
0.08078912097519815,0.08960397077225594,0.8296069082525459,0.25277788613594837
0.1795044433435855,0.4323423847717914,0.3881531718846232,0.48611131949220837
0.4406045469982111,0.5505983241746546,0.008797128827134262,0.6972225211002532
0.26714526615786727,0.7261419200841728,0.006712813757960059,0.5731483938393848
0.010833113783670379,0.6169734337550703,0.3721934524612593,0.263889002010056
0.10126232718708023,0.3824191236045947,0.5163185492083251,0.35648163429428614
0.11809215863859504,0.01182852393171575,0.8700793174296892,0.2990742022780635
0.34905462918671876,0.09282013757830254,0.5581252332349785,0.5879632150048616
0.7215519801377637,0.12358085208922387,0.15486716777301238,0.7712966269276373
0.05259293617448893,0.90580734917351,0.0415997146520009,0.27685197052984817
0.2373943517655512,0.7185908209715672,0.044014827262881535,0.613889152044446
0.4091447008224573,0.34098920445704584,0.24986609472049692,0.9027781647712442
0.09019467246734432,0.375435478198861,0.5343698493337947,0.3379631078374401
0.7211322375861489,0.03359691895536571,0.2452708434584854,0.7527781004707913
0.3585125975081661,0.16736759354156966,0.4741198089502642,0.6398150890840304
0.5307039979956572,0.21012215296289938,0.25917384904144336,0.8583337012748137
0.784435143157544,0.07495160826742138,0.1406132485750345,0.7472225425337374
0.21209926984042649,0.2327991478132321,0.5551015823463413,0.44166685599577793
0.5531916752498619,0.15561158655346594,0.29119673819667224,0.8064818271956448
0.09088986688328636,0.2307180976465183,0.6783920354701953,0.2935186443410096
0.019431942998998086,0.2802090305449945,0.7003590264560073,0.21203712793088708
0.014439596930349477,0.29433122927122807,0.6912291737984225,0.20833342263951787
0.189676721797231,0.5793632590892828,0.23096001911348618,0.6009261835246538
0.11309738139426065,0.5624952617178829,0.3244073568878565,0.4231483295389319
0.14978675087685953,0.09412623091700942,0.7560870182061311,0.3472223710658631
0.22048612265453837,0.4188527443502966,0.36066113299516506,0.5842595097134924
0.162470033085025,0.7112664362840222,0.12626353063095275,0.5601854253195926
0.05526123966126075,0.8111516727978482,0.1335870875408911,0.32870384460901714
0.2569905865327059,0.5388206367685479,0.20418877669874608,0.7861114480931142
0.4585918656670172,0.31211531962858446,0.22929281470439838,0.917592985936721
0.1533997610400504,0.3564018026719342,0.49019843628801535,0.4231483295389319
0.5570547105742201,0.10856187304193465,0.3343834163838452,0.7712966269276373
0.5257381237337989,0.21643042925464642,0.2578314470115545,0.8583337012748137
0.4782024693050476,0.3510529755844006,0.17074455511055162,0.8972226068341903
0.28788485149160176,0.022622172844002666,0.6894929756643956,0.5046298459490544
0.0538647005144587,0.006412342379218739,0.9397229571063226,0.2250000964506793
0.08631372651830488,0.40187591467601436,0.5118103588056807,0.34351866577449397
0.27644897950683917,0.6744119301014048,0.04913909039175618,0.6712965840606687
0.657640565693817,0.06509945334420128,0.27725998096198184,0.7787040375103758
0.5820524029557388,0.1416206237923552,0.2763269732519061,0.8046299745499601
0.13104825119471977,0.19418553608588765,0.6747662127193925,0.3305556972547017
0.019785344644625037,0.2943619888825935,0.6858526664727815,0.2138889805765717
0.4207344936843829,0.05240493891157278,0.5268605674040443,0.6305558258556074
0.16388067934653505,0.06836173398305499,0.7677575866704099,0.36574089752270916
0.14501112937586605,0.5324425608982812,0.3225463097258529,0.4805557615551546
0.6770104955987394,0.0028885935171966723,0.3201009108840641,0.7398151319509991
0.07777579533691925,0.8543958491677288,0.06782835549535185,0.3398149604831247
0.24595035720403557,0.5309424449528631,0.22310719784310132,0.7342595740139453
0.18954358445797037,0.7355123824874669,0.07494403305456268,0.5935187729419154
0.03327720878321973,0.2585441365691005,0.7081786546476797,0.23425935967910233
0.3689994293779783,0.2506510821238885,0.3803494884981332,0.7175929002027838
0.1394162021486142,0.8432749282249665,0.017308869626419067,0.4546298245155701
0.225283236268739,0.44674488852325794,0.327971875208003,0.6120372993987614
0.11195386569611794,0.19313278544286175,0.6949133488610203,0.31018531815217104
0.02907647981471809,0.5517680085409304,0.4191555116443514,0.27870382317553277
0.4882862575651947,0.039435697561930626,0.4722780448728747,0.6750002893520379
0.3849146105346851,0.6007260035641545,0.01435938590116042,0.7027780790373069
0.0359005644201238,0.7167552082926341,0.24734422728724212,0.30833346550648644
0.21467811913649032,0.6548508653368097,0.13047101552669996,0.6842595525804609
0.9098090756501591,0.00011758317425953505,0.0900733411755812,0.71203734226573
0.010969071089660835,0.1412021979511808,0.8478287309591583,0.18425933824561802
0.06237347234614491,0.5703078664051707,0.36731866124868434,0.3305556972547017
0.8831263877366963,0.04139756289615303,0.07547604936715066,0.7157410475570992
0.03243489721050139,0.6154967100481855,0.3520683927413131,0.2861112337582712
0.5202308457777556,0.2368959149270112,0.2428732392952332,0.8638892592118675
0.5255941127853221,0.06670951236489756,0.4076963748497802,0.7157410475570992
0.653122642864169,0.15473118005139969,0.19214617708443124,0.8027781219042757
0.8253062892029792,0.051791470526228345,0.12290224027079252,0.7361114266596298
0.006516342594911291,0.753861749844312,0.23962190756077675,0.26203714936437134
0.16644236966998854,0.2939295429658349,0.5396280873641766,0.41203721366482426
0.32709181331264653,0.6598059543113625,0.013102232375991013,0.6490743523124535
0.00853037333148457,0.7536985811066137,0.23777104556190168,0.2657408546557406
0.2898696257238584,0.39837843666455425,0.3117519376115874,0.7175929002027838
0.3555318469339314,0.287927314208255,0.3565408388578136,0.7342595740139453
0.5891081561784633,0.2582363638773533,0.15265547994418321,0.8231485010068061
0.09246311000528591,0.21872929023649024,0.6888075997582239,0.29537049698669426
0.5085524378281014,0.3955246694046091,0.09592289276728924,0.8342596168809139
0.37037971670541725,0.35310557312806734,0.2765147101665155,0.8453707327550215
0.345836508960453,0.293168374511747,0.36099511652780003,0.7250003107855223
0.4557876309129432,0.0421022226187983,0.5021101464682586,0.6546299102495072
0.03699332820187214,0.017464774117281194,0.9455418976808466,0.19907415941109488
0.8292236419335295,0.016429675764267446,0.15434668230220303,0.7361114266596298
0.07796755658510547,0.25129372188901167,0.670738721525883,0.29166679169532506
0.6758636980565854,0.22599148278197662,0.0981448191614379,0.7787040375103758
0.2495925249550028,0.10094713914193279,0.6494603359030644,0.47685205626378535
0.6281257593207556,0.251141921060094,0.12073231961915042,0.7972225639672218
0.16751435934293277,0.016395228821846214,0.816090411835221,0.3675927501683938
0.3674808027393333,0.24143654758662114,0.39108264967404543,0.7027780790373069
0.4505611126473333,0.03511244288468631,0.5143264444679804,0.6527780576038227
0.398485313248735,0.5128871403646093,0.08862754638665583,0.8398151748179676
0.219068650452506,0.41865347218263177,0.36227787736486217,0.5768520991307539
0.10911473106295666,0.5262965247020673,0.36458874423497584,0.40277795043640124
0.6533786313462047,0.010621143487003236,0.3360002251667921,0.7416669845966837
0.2858001376301903,0.2829212259054177,0.43127863646439196,0.6027780361703384
0.3009590845551628,0.6058208996080999,0.09322001583673732,0.7935188586758525
0.9706393683476193,0.019673610699116675,0.009687020953263865,0.6712965840606687
0.4024956339878576,0.15574567510452,0.44175869090762243,0.6824076999347763
0.07425665461067274,0.011026788281607131,0.9147165571077202,0.24537047555320995
0.005484920033588587,0.8848787902666134,0.10963628969979783,0.24166677026184075
0.4248290318650706,0.38990548453346785,0.1852654836014614,0.9564818914960976
0.2099883677770502,0.0010078045378695362,0.7890038276850803,0.4064816557277704
0.38690758004027165,0.41496256065075315,0.19812985930897511,0.9879633864727358
0.14053664660489953,0.744908916401182,0.1145544369939185,0.5212965197602158
0.23750590952189693,0.03016670732330858,0.7323273831547945,0.45092611922420095
0.12403187797360939,0.20826801038440634,0.6677001116419842,0.32870384460901714
0.5400658904681617,0.36116569274149185,0.09876841679034654,0.8231485010068061
0.0001675857042215713,0.2513932088617911,0.7484392054339875,0.1768519276628796
0.35953566311481483,0.1335192141103789,0.5069451227748063,0.6194447099814999
0.274660209279754,0.3876373016781832,0.33770248904206296,0.6787039946434071
0.20941568894013096,0.5266046063877085,0.26397970467216064,0.6009261835246538
0.5304682044628962,0.4159367914862635,0.053595004050840105,0.7694447742819527
0.6748551602779385,0.2015107432237621,0.12363409649829933,0.7805558901560603
0.2947557980748646,0.3176497278993289,0.3875944740258065,0.6583336155408764
0.1228772595307388,0.3938715234212817,0.4832512170479795,0.39537053985366283
0.5456353877072663,0.3344350776759625,0.11992953461677128,0.837963322172283
0.8815844737485222,0.06937657478841551,0.049038951463062246,0.7083336369743608
0.1302364495590537,0.013057715126963049,0.8567058353139834,0.3250001393176479
0.32068704393756026,0.29406232645203934,0.3852506296104005,0.6805558472890918
0.41215742737768235,0.01954523198501947,0.5682973406372981,0.6009261835246538
0.39179223396379487,0.16772358382497707,0.4404841822112282,0.6787039946434071
0.3766395071815438,0.3658461320009802,0.2575143608174761,0.8879633436057673
0.11339999988831703,0.45763888954913756,0.42896111056254543,0.3879631292709244
0.1822555626940772,0.33590329201690233,0.4818411452890204,0.4527779718698855
0.06833842632925938,0.045577547646636594,0.8860840260241041,0.23796306497047154
0.1793662347209603,0.7437273612487418,0.07690640403029789,0.5768520991307539
0.6864675884617014,0.14237021236586844,0.17116219917243006,0.7879633007387988
0.5578119435061032,0.2995011053747386,0.14268695111915808,0.8324077642352292
0.19548672287396357,0.023331729299026063,0.7811815478270103,0.39537053985366283
0.702177734555728,0.10258923777833011,0.19523302766594203,0.7675929216362681
0.09362983560582216,0.8207309730067724,0.0856391913874054,0.3916668345622936
0.8202524802462869,0.012111289387086305,0.1676362303666269,0.7398151319509991
0.6222782809492843,0.35641988399917984,0.021301835051535968,0.721296605494153
0.40246920071224557,0.15885589326773603,0.43867490602001835,0.6842595525804609
0.1293246092486327,0.1613038539674769,0.7093715367838903,0.31759272873490946
0.14221266008463787,0.5260426747385767,0.3317446651767853,0.46759279303536233
0.22142269416349436,0.08018472520091109,0.6983925806355945,0.43611129805872406
0.38919173825552406,0.3112084147263624,0.29959984701811354,0.8231485010068061
0.009957963289011041,0.19487143080342983,0.7951706059075591,0.18611119089130265
0.16889800752145723,0.3267928584378103,0.5043091340407326,0.43055574012167025
0.363392189433046,0.17372799565178948,0.46287981491516444,0.6490743523124535
0.16737391335210533,0.7400213948578335,0.09260469179006116,0.5750002464850694
0.16682329431266835,0.027693677794805485,0.8054830278925261,0.371296455459763
0.5074053027579952,0.24466401534754523,0.2479306818944596,0.8712966697946058
0.47103014353222183,0.36501492682530434,0.16395492964247385,0.8972226068341903
0.45644733639308194,0.3065893601870618,0.23696330341985627,0.9064818700626134
0.7851028019163938,0.04265371354112636,0.17224348454247973,0.7490743951794221
0.2450816349515737,0.3999817677468517,0.35493659730157456,0.623148415272869
0.4566674668663388,0.09407790292507716,0.44925463020858397,0.693518815808884
0.5062417956915521,0.3715279341030338,0.122230270205414,0.8601855539204983
0.4824505783623105,0.1870592542760674,0.3304901673616221,0.7898151533844833
0.42310843596741365,0.37002443528121937,0.20686712875136698,0.9564818914960976
0.24738483950694112,0.2376495851396529,0.514965575353406,0.49537058272063145
0.1467985634844804,0.4066372089307867,0.44656422758473285,0.43055574012167025
0.14073280484681883,0.11021492773513687,0.7490522674180443,0.34351866577449397
0.13934755779944566,0.007287705764394489,0.85336473643616,0.3324075499003863
0.06171073239086879,0.6352256169300284,0.30306365067910285,0.3416668131288093
0.7451862200737426,0.11656384612484864,0.1382499338014086,0.7620373636992143
0.5710444446951127,0.14641187503080014,0.28254368027408705,0.8046299745499601
0.4900548625466671,0.21976139769737357,0.29018373975595946,0.8361114695265984
0.8800256833757945,0.10362286988139004,0.016351446742815547,0.6712965840606687
0.1937059350102498,0.7277798949610775,0.07851417002867254,0.6064817414617076
0.03782308152531422,0.2529998492550005,0.7091770692196853,0.23425935967910233
0.5312117428460325,0.33763909469544995,0.1311491624585176,0.8509262906920753
0.3878979290659695,0.04754386835174111,0.5645582025822893,0.6027780361703384
0.2610712778600578,0.6779451553430668,0.06098356679687543,0.6694447314149841
0.0091574151004673,0.38774950641186023,0.6030930784876725,0.2250000964506793
0.7507347176300134,0.1034621901254743,0.14580309224451227,0.7564818057621605
0.2325884185608928,0.12990316483235012,0.6375084166067571,0.4620372350983085
0.205880246850518,0.5154503431837869,0.27866940996569506,0.5842595097134924
0.404362456930375,0.11027121581986739,0.48536632724975765,0.6509262049581381
0.23747822038992947,0.5843671565388893,0.17815462307118124,0.7601855110535296
0.48213467038795566,0.2861179040246333,0.23174742558741104,0.8953707541885056
0.6644537986446765,0.033982819750387576,0.3015633816049359,0.7601855110535296
0.7725019589558738,0.0037459571114758306,0.2237520839326503,0.7398151319509991
0.34360984602196615,0.048706622509278645,0.6076835314687552,0.5638891306109617
0.7528786991044362,0.0032557924046577704,0.24386550849090607,0.7398151319509991
0.24416668851041956,0.7250501223488099,0.030783189140770297,0.5898150676505463
0.33753931939248394,0.33623030643205004,0.32623037417546585,0.7657410689905835
0.6164757296147158,0.3742592889685666,0.009264981416717487,0.7101854896200455
0.420239445266994,0.33479349862712554,0.24496705610588043,0.9194448385824056
0.3635103284369823,0.29359834419403397,0.3428913273689838,0.7527781004707913
0.5942078688414504,0.014228921332740783,0.3915632098258089,0.7231484581398376
0.19218846163561126,0.28708094346451385,0.5207305948998749,0.43611129805872406
0.29089254890431904,0.36628104479702117,0.34282640629865974,0.6953706684545686
0.09716775107261016,0.5374637116253709,0.365368537302019,0.3935186872079782
0.1464183754230525,0.1451707687153582,0.7084108558615893,0.3490742237115477
0.08484746369791489,0.7884368403054968,0.12671569599658838,0.39537053985366283
0.6557495061945539,0.006430484802420964,0.33782000900302517,0.7361114266596298
0.20113894386414652,0.1177139962166868,0.6811470599191667,0.40092609779071664
0.8083269403457223,0.17351423961614362,0.018158820038134096,0.6805558472890918
0.31095990548911084,0.40305994328369965,0.2859801512271895,0.782407742801745
0.02071497641538724,0.9340154248405748,0.04526959874403819,0.21759268586794092
0.32666115274487556,0.6051767950929238,0.06816205216220067,0.7675929216362681
0.3671566729323419,0.05691721040775799,0.5759261166599,0.5916669202962307
0.09566496261122673,0.8883940982344194,0.015940939154353958,0.389814981916609
0.4671027668099818,0.28718261696651276,0.24571461622350543,0.8898151962514519
0.14989940162065782,0.7246344121147408,0.1254661862646015,0.5472224567998003
0.19108969329391673,0.06933247769756619,0.7395778290085171,0.3916668345622936
0.054878431420911505,0.4209131386638198,0.5242084299152687,0.300926054923748
0.36229428790082296,0.17954846714148315,0.4581572449576939,0.6527780576038227
0.4936410396625028,0.29843639128211913,0.20792256905537812,0.8972226068341903
0.06387365452652309,0.8114029229789909,0.12472342249448606,0.35277792900291693
0.6510156422201148,0.12137032878893021,0.227614028990955,0.7879633007387988
0.17092881498185536,0.7754767861861099,0.053594398832034734,0.5305557829886389
0.37780507462599683,0.06941949839395457,0.5527754269800487,0.6046298888160231
0.6550758377705188,0.15863899226018452,0.1862851699692967,0.8064818271956448
0.651251939810641,0.1827396687397331,0.16600839144962584,0.8027781219042757
0.4025275612374146,0.5447806425780839,0.05269179618450152,0.7694447742819527
0.7267958077013728,0.24148881339357178,0.0317153789050554,0.7027780790373069
0.7271322011130503,0.2230127902511117,0.04985500863583781,0.7250003107855223
0.18907033070790974,0.3992818804715725,0.4116477888205178,0.49537058272063145
0.6096243843502684,0.3899624238938282,0.0004131917559033274,0.7009262263916224
0.18113477129975308,0.6461807230924302,0.17268450560781676,0.6064817414617076
0.39893780831872633,0.40415756259869995,0.19690462908257375,0.9935189444097898
0.6393448900819894,0.1904743292645625,0.170180780653448,0.8027781219042757
0.8724515181371104,0.09896136994917153,0.028587111913718145,0.6898151105175148
0.18444155711347188,0.43112054710180353,0.38443789578472465,0.4935187300749468
0.5047935702894661,0.399920181066479,0.09528624864405487,0.8324077642352292
0.44659332973790733,0.504746055107143,0.04866061515494982,0.7787040375103758
0.023770802567835803,0.6314650287482402,0.344764168683924,0.2750001178841636
0.43086454070596514,0.4188711801841631,0.1502642791098718,0.9157411332910363
0.5528538712694647,0.4191927324389102,0.027953396291625198,0.7361114266596298
0.4392258494381531,0.2259150894959865,0.3348590610658603,0.7972225639672218
0.4466217261888216,0.4328489507995042,0.12052932301167421,0.8842596383143981
0.45539028412898636,0.2411161705797062,0.30349354529130734,0.8212966483611216
0.8826930961610975,0.040623145666848694,0.07668375817205375,0.7175929002027838
0.4460037123771563,0.47049003447735294,0.0835062531454907,0.8305559115895447
0.4659826133298403,0.4540424622415201,0.0799749244286395,0.8212966483611216
0.06997205347818727,0.5711810880647752,0.35884685845703745,0.34351866577449397
0.655987158886674,0.04704069845091757,0.2969721426624084,0.7675929216362681
0.5053181368482905,0.12798314297925129,0.36669872017245825,0.754629953116476
0.3242427904357589,0.13993979561149344,0.5358174139527477,0.5861113623591769
0.4531164868688634,0.09652503522297093,0.4503584779081657,0.6898151105175148
0.05222721256290706,0.8685978105972528,0.07917497683984023,0.29722234963237887
0.049419522393320175,0.5860551793057824,0.36452529830089747,0.3120371707978557
0.7512181215079633,0.14215649673913314,0.10662538175290365,0.7583336584078452
0.40254356985052225,0.3527566352287045,0.24469979492077343,0.9120374279996671
0.26146028981764785,0.31492388996613446,0.4236158202162177,0.5898150676505463
0.69681422332429,0.05992045765208695,0.243265319023623,0.7601855110535296
0.2200730450165733,0.49623041058145934,0.2836965444019675,0.6175928573358153
0.5385303605013567,0.1384027251167601,0.3230669143818831,0.7842595954474295
0.30966857233578565,0.40083509685945407,0.2894963308047602,0.7750003322190064
0.44953966045347127,0.2121564460604113,0.3383038934861174,0.7861114480931142
0.01394451463846279,0.5063315012317265,0.47972398412981065,0.25092603349026377
0.10923184679821715,0.535311953614783,0.3554561995869999,0.41018536101913966
0.14845155903950483,0.38735222185790685,0.4641962191025884,0.4231483295389319
0.1601729987849811,0.5738691996822054,0.26595780153281356,0.5250002250515851
0.19266965327826202,0.43520174344074913,0.37212860328098885,0.5231483724059005
0.07216751543588311,0.6368862501614495,0.29094623440266726,0.36203719223133995
0.3267311981239675,0.048030746292339346,0.6252380555836932,0.5509261620911695
0.22930785672066153,0.15126028973777098,0.6194318535415676,0.4546298245155701
0.8157382503931386,0.15607147214967598,0.028190277457185275,0.6916669631631994
0.4048735685490081,0.0021455779084981136,0.5929808535424936,0.5990743308789692
0.595364556945521,0.23407509635082716,0.17056034670365164,0.8268522062981755
0.021249430620673117,0.6306758722050548,0.34807469717427203,0.27129641259279436
0.5034256726753182,0.09682675377396441,0.3997475735507174,0.7194447528484684
0.6959901939860366,0.2761552153749694,0.02785459063899414,0.7046299316829916
0.026956907177854247,0.018958424041073032,0.9540846687810727,0.18796304353698723
0.15074365743866366,0.6266643485700198,0.22259199399131632,0.5379631935713772
0.23466280431090628,0.27976199260587276,0.48557520308322105,0.5046298459490544
0.253342708883252,0.10278846491715737,0.6438688261995906,0.47685205626378535
0.19589325615857,0.28904721421540236,0.5150595296260275,0.44351870864146253
0.2798074174245511,0.39758713152458003,0.3226054510508688,0.6916669631631994
0.40377886396530116,0.3670894645035647,0.22913167153113423,0.9435189229763054
0.3013208396721874,0.5485212325220875,0.15015792780572512,0.8601855539204983
0.1867229730234314,0.5068466606084596,0.30643036636810894,0.5509261620911695
0.0315896347925669,0.9550002217153548,0.013410143492078369,0.26203714936437134
0.235398373204782,0.24259803395812837,0.5220035928370896,0.48611131949220837
0.03655593381380005,0.5967092616469724,0.36673480453922763,0.2861112337582712
0.3033922920301826,0.0715439302352012,0.6250637777346162,0.5324076356343235
0.3812172533825998,0.06456121561120753,0.5542215310061925,0.6046298888160231
0.2597948997691087,0.2828174147672432,0.4573876854636481,0.5583335726739079
0.09420199999910389,0.547102663595008,0.35869533640588797,0.3879631292709244
0.3206480674997508,0.15818638361827433,0.5211655488819751,0.5898150676505463
0.22875228745595239,0.38156598476569326,0.3896817277783542,0.5694446885480156
0.6272302850908884,0.3226663883097492,0.05010332659936234,0.7453706898880528
0.33256583503489673,0.06309661865180709,0.6043375463132961,0.5527780147368541
0.03691724701654302,0.9349915978505718,0.028091155132885133,0.24722232819889453
0.1715302102966436,0.031144222297334493,0.797325567406022,0.3750001607511322
0.37188177219505936,0.11147694797829966,0.5166412798266409,0.6212965626271845
0.23772348066134102,0.26488212963347973,0.4973943897051792,0.5027779933033698
0.11166068793070585,0.13869567971735128,0.749643632351943,0.29537049698669426
0.2758139854298341,0.4473136843535721,0.2768723302165939,0.7435188372423682
0.05678545862919039,0.7234185136968555,0.2197960276739543,0.35833348693997075
0.7642592140550111,0.10418834625640766,0.13155243968858135,0.7527781004707913
0.6180988349492754,0.3180179304865526,0.06388323456417187,0.7694447742819527
0.5603536635503192,0.40238735693540567,0.03725897951427497,0.7490743951794221
0.49838354018462744,0.3267362413780388,0.17488021843733387,0.8879633436057673
0.08465393118932307,0.5673802722137193,0.34796579659695753,0.36944460281407837
0.4337277548738763,0.5140810193768863,0.05219122574923751,0.7879633007387988
0.5885764285723788,0.1972910817229943,0.21413248970462695,0.8268522062981755
0.2691986333323769,0.6022242360630222,0.12857713060460088,0.7842595954474295
0.0699642456003764,0.31432842959039087,0.6157073248092327,0.29537049698669426
0.33009606594276025,0.4858887116106889,0.1840152224465508,0.9194448385824056
0.7065019001901016,0.0764870012083937,0.21701109860150475,0.7583336584078452
0.12800701657997585,0.18569819065802348,0.6862947927620007,0.3250001393176479
0.8612237752889566,0.05999881779846345,0.07877740691258014,0.7231484581398376
0.25436276874966507,0.1974288047290212,0.5482084265213139,0.48611131949220837
0.3495000055014016,0.4915249135914501,0.1589750809071484,0.9212966912280902
0.6504973114677564,0.26606022641889776,0.08344246211334595,0.7712966269276373
0.25557661366457485,0.2782834439247424,0.46613994241068285,0.5453706041541158
0.2140120005377572,0.39590591619549087,0.3900820832667519,0.5490743094454849
0.6164894015584186,0.11289061235140285,0.2706199860901787,0.7953707113215371
0.5456689996988818,0.12119601449776109,0.33313498580335704,0.7805558901560603
0.3878140460046796,0.11126702465900946,0.500918929336311,0.6287039732099229
0.09506902660226549,0.030347552912251833,0.8745834204854827,0.27129641259279436
0.2374716475197571,0.6189761136416345,0.14355223883860843,0.7379632793053145
0.4329258865512287,0.27518604050599893,0.29188807294277236,0.8398151748179676
0.20787343376107087,0.11896454890388646,0.6731620173350426,0.41203721366482426
0.2930899269854335,0.400893214632457,0.3060168583821096,0.7287040160768914
0.5484527933624467,0.4191432312629782,0.032403975374575095,0.7416669845966837
0.591411468350866,0.1626073841278654,0.24598114752126868,0.8138892377783832
0.3447915043641777,0.007806864083123585,0.6474016315526987,0.5509261620911695
0.32783346652002854,0.02808599534569904,0.6440805381342724,0.5453706041541158
0.36064719495671077,0.34098637024618456,0.29836643479710484,0.8194447957154369
0.003942587006291537,0.4137244267162981,0.5823329862774103,0.2250000964506793
0.6362918382360628,0.13930708936986164,0.22440107239407542,0.7953707113215371
0.1608495898774818,0.7684108566290471,0.07073955349347118,0.5398150462170619
0.5851933329636342,0.2575013402545806,0.15730532678178513,0.8250003536524908
0.26631969901248165,0.03232192957010517,0.7013583714174132,0.47870390890946996
0.16978006263919476,0.7871058977385311,0.04311403962227422,0.5120372565317929
0.5682512528444122,0.03926857206654529,0.39248017508904237,0.7342595740139453
0.28856752118068324,0.5983215005626897,0.11311097825662703,0.8046299745499601
0.6608747182056977,0.23550363836358232,0.10362164343072001,0.7861114480931142
0.12228914921291856,0.037861542919451006,0.8398493078676303,0.3120371707978557
0.05122382030099397,0.4503289751143475,0.4984472045846585,0.3046297602151173
0.3898606354895612,0.5477996603751655,0.062339704135273344,0.7916670060301679
0.20423589308725268,0.08539783953762284,0.7103662673751244,0.40833350837345506
0.28329519382149576,0.7091518758116615,0.007552930366842544,0.6009261835246538
0.5948085501549205,0.3853137595972037,0.019877690247875796,0.7268521634312068
0.1655838708439537,0.6776166579028685,0.1567994712531778,0.5750002464850694
0.1742431263583388,0.5358785436021827,0.28987833003947855,0.5324076356343235
0.3184335794240008,0.2956243730788902,0.38594204749710903,0.6768521419977226
0.11789261305745818,0.6081449549783758,0.27396243196416603,0.44722241393283174
0.4481393160717334,0.3309727450130182,0.22088793891524844,0.9250003965194594
0.20723703844841723,0.10782786926472734,0.6849350922868555,0.41018536101913966
0.5855113155228401,0.22369377655090678,0.19079490792625323,0.8324077642352292
0.09309414739835765,0.7730084441493235,0.13389740845231884,0.41203721366482426
0.33763415245488365,0.27115892393324426,0.39120692361187215,0.6953706684545686
0.44427512483208687,0.4286406359509156,0.12708423921699766,0.8879633436057673
0.010301160752172451,0.36979081785968293,0.6199080213881446,0.2212963911593101
0.4005690378419845,0.5172832761279822,0.08214768603003328,0.82870405894386
0.3954182358476578,0.07668660164075,0.5278951625115923,0.6212965626271845
0.24350840541252755,0.7276510198602176,0.028840574727254827,0.5842595097134924
0.26171588203545754,0.6097722642062913,0.12851185375825133,0.7750003322190064
0.45734297865428697,0.28728690058755796,0.2553701207581553,0.8731485224402905
0.21762877144307075,0.3285710203605102,0.453800208196419,0.5046298459490544
0.26575004245279765,0.49796507816516306,0.23628487938203926,0.7750003322190064
0.4782594666241427,0.5094222675582485,0.012318265817608835,0.7250003107855223
0.1078222617030451,0.4161711190072133,0.4760066192897416,0.3731483081054476
0.054918138832537655,0.7756505834112769,0.16943127775618552,0.35277792900291693
0.4980170943705592,0.2454970492881228,0.2564858563413179,0.8638892592118675
0.2567397688686107,0.7176843962551155,0.025575834876273712,0.5953706255876
0.39029856044184946,0.130880380124363,0.4788210594337875,0.6509262049581381
0.18273353834322512,0.7554296336768032,0.06183682797997183,0.5638891306109617
0.16815223554438308,0.3681335082398099,0.4637142562158071,0.44166685599577793
0.21730684204046705,0.7310110940795781,0.05168206387995476,0.6009261835246538
0.1867099435636765,0.7834563894403506,0.0298336669959729,0.5305557829886389
0.39422738507767496,0.592959150385074,0.012813464537251103,0.6990743737459377
0.14917022505010505,0.2018432565624606,0.6489865183874342,0.35648163429428614
0.26994689330138555,0.30798694635273355,0.4220661603458809,0.5972224782332846
0.03998784831999605,0.5704893295652326,0.38952282211477135,0.2990742022780635
0.20163420360911027,0.5162355530174061,0.2821302433734836,0.5805558044221232
0.1534284459047341,0.38254635777430385,0.4640251963209619,0.42870388747598565
0.017277778266392044,0.9408581512741734,0.04186407045943452,0.2064815699938333
0.6203538634991377,0.3661724546264761,0.01347368187438614,0.7138891949114146
0.4937572295073995,0.3644509479880404,0.14179182250456024,0.8750003750859752
0.3090459499127934,0.15414641419937922,0.5368076358878274,0.5805558044221232
0.06710836656566053,0.16077550976222865,0.7721161236721109,0.25277788613594837
0.20793488998549506,0.5363048259447984,0.2557602840697066,0.6101854467530767
0.2008425273088057,0.600608514223277,0.19854895846791742,0.6490743523124535
0.8079029563394681,0.1372083978849298,0.054888645775602256,0.7250003107855223
0.38528510177292735,0.17644288173143008,0.43827201649564274,0.6787039946434071
0.7873588511120184,0.015623371733798718,0.19701777715418284,0.7398151319509991
0.15504863825817983,0.32435911225958747,0.5205922494822327,0.41203721366482426
0.1385721070471527,0.3423992760313194,0.5190286169215278,0.39907424514503204
0.05233732364516384,0.6099030758900095,0.33775960046482667,0.31574087608922485
0.8494629999318208,0.11798296398943235,0.032554036078746754,0.6990743737459377
0.1647444314423204,0.020928577381099097,0.8143269911765805,0.36203719223133995
0.01806031886864438,0.64106083406374,0.3408788470676156,0.2675927073014252
0.306308093458141,0.04536843603578304,0.648323470506076,0.5268520776972697
0.2430859146424898,0.09108226477023694,0.6658318205872734,0.46944464568104693
0.2078153747815549,0.34238396711243624,0.44980065810600894,0.4935187300749468
0.03234356579289724,0.8239539332297922,0.14370250097731052,0.29722234963237887
0.05649568234050914,0.32857214221939346,0.6149321754400974,0.28240752846690204
0.3670491142147777,0.6038843248248493,0.029066560960373182,0.7101854896200455
0.15729860234027918,0.803584181488729,0.03911721617099187,0.49537058272063145
0.5051543116035753,0.025173507128801235,0.4696721812676235,0.6731484367063533
0.2867374555979115,0.6069524705559302,0.10631007384615834,0.7953707113215371
0.1526324625226397,0.5423718805384803,0.30499565693888,0.49907428801200066
0.18864890955235653,0.36381101841429314,0.4475400720333503,0.48240761420083916
0.4374385150067898,0.2994203873341219,0.26314109765908833,0.8768522277316597
0.3106763659331397,0.3759149635846567,0.3134086704822036,0.7527781004707913
0.8736095683742225,0.12367556868945163,0.002714862936325926,0.6601854681865611
0.302051465684339,0.06485561674737528,0.6330929175682858,0.5305557829886389
0.9106193971546229,0.037102285290338294,0.05227831755503868,0.6990743737459377
0.3515030036780472,0.4831903307015901,0.1653066656203626,0.9305559544565132
0.4931883178635095,0.3532634425034421,0.1535482396330484,0.8824077856687135
0.015534111372991509,0.8383314777729921,0.14613441085401632,0.26944455994710975
0.5612952696896069,0.17014868602857955,0.2685560442818137,0.8250003536524908
0.4564576770305512,0.44078660880092374,0.10275571416852516,0.8620374065661829
0.10213629304406156,0.6504800109337744,0.24738369602216406,0.4175927716018781
0.0766553584914578,0.843981965557139,0.0793626759514031,0.3398149604831247
0.025625054232668563,0.0200802019490417,0.9542947438182898,0.18611119089130265
0.5883536945031392,0.2022661250341793,0.20938018046268156,0.8268522062981755
0.25687875040083075,0.70602653605597,0.03709471354319922,0.6212965626271845
0.24227132752363403,0.023039642240221574,0.7346890302361444,0.44907426657851635
0.09813417780229369,0.7699989719631128,0.1318668502345935,0.4175927716018781
0.02045956167169782,0.5045350682583135,0.4750053700699888,0.26203714936437134
0.2032125767527818,0.4765767301756747,0.32021069307154365,0.5712965411937002
0.6312039072301644,0.12459885312992171,0.24419723963991394,0.7935188586758525
0.1999907106171158,0.13150143935607828,0.6685078500268059,0.4064816557277704
0.1507084789648672,0.13455998041077027,0.7147315406243625,0.35277792900291693
0.6008067479028005,0.12136512128447811,0.27782813081272134,0.7990744166129063
0.6786749366235871,0.06560977765707282,0.2557152857193399,0.7657410689905835
0.2858158442342106,0.1260718206675532,0.5881123350982362,0.5305557829886389
0.47840169822634615,0.21955334149452202,0.3020449602791317,0.8175929430697524
0.2818033618364729,0.2142711179571416,0.5039255202063854,0.5453706041541158
0.42505467116493895,0.3432807688588973,0.23166455997616373,0.9250003965194594
0.018140810719734026,0.02070835853380881,0.9611508307464572,0.17870378030856424
0.3580451107226725,0.34098639391646635,0.30096849536086123,0.8138892377783832
0.4122068168299369,0.14258715230070368,0.44520603086935945,0.6824076999347763
0.1046023857779195,0.6137059470767741,0.2816916671453063,0.4157409189561935
0.15737554760817865,0.4395263160018317,0.40309813638998976,0.45648167716125476
0.10441831350498525,0.6295628321667965,0.26601885432821826,0.4250001821846165
0.013280237090209507,0.7333594745728755,0.253360288336915,0.27129641259279436
0.5718051187266096,0.3076644400849637,0.12053044118842673,0.8250003536524908
0.14177720120548895,0.22212368902208207,0.6360991097724291,0.35462978164860154
0.05910972511153702,0.42006138194460285,0.5208288929438601,0.30833346550648644
0.25843771051896064,0.6234419207352553,0.11812036874578401,0.7601855110535296
0.7088178183348972,0.2812350440174626,0.009947137647640325,0.6953706684545686
0.6497930988509254,0.1813683760551999,0.16883852509387465,0.8027781219042757
0.5124733634667898,0.09920679339738105,0.38831984313582923,0.7268521634312068
0.8417748170626195,0.007384806195586087,0.15084037674179454,0.7324077213682606
0.0013335296657148651,0.29157897247853615,0.707087497855749,0.18796304353698723
0.2944578526941846,0.5333133610485237,0.1722287862572917,0.8638892592118675
0.0673103667521798,0.5907076400144609,0.34198199323335937,0.3472223710658631
0.18471592237110054,0.2571955208576445,0.5580885567712549,0.4231483295389319
0.4218573054782125,0.1555381146998928,0.4226045798218947,0.6990743737459377
0.03911798060827989,0.4647495202691964,0.49613249912252366,0.28240752846690204
0.5229418277848729,0.06691537832942113,0.41014279388570596,0.7138891949114146
0.1492296803906961,0.2275329547597074,0.6232373648495966,0.3675927501683938
0.10353483029381409,0.22273419954155163,0.6737309701646345,0.3064816128608019
0.06404563854443475,0.4431297254078529,0.4928246360477124,0.3250001393176479
0.024879520665276905,0.5273240651951691,0.4477964141395541,0.2657408546557406
0.1888983958874813,0.5310110761156822,0.28009052799683654,0.5601854253195926
0.2168554761403526,0.3787683142439146,0.40437620961573284,0.5361113409256927
0.09745191749097884,0.7588720931868035,0.14367598932221765,0.4194446242475627
0.04015500796256255,0.3074916093909362,0.6523533826465013,0.2546297387816329
0.5323985695155442,0.3247307433801392,0.1428706871043166,0.8546299959834445
0.2230146437441033,0.724850106664475,0.05213524959142161,0.6064817414617076
0.17733020350574816,0.355075563621515,0.4675942328727369,0.45092611922420095
0.1355289038876725,0.6408751468115624,0.22359594930076498,0.49907428801200066
0.12755793600824103,0.2217141953536901,0.650727868638069,0.33611125519175555
0.7806145534173977,0.02014258195301244,0.19924286462958987,0.7416669845966837
0.28668493983439286,0.17024755148369972,0.5430675086819075,0.5416668988627465
0.23013823994231103,0.1728195312610865,0.5970422287966025,0.4601853824526239
0.08259398269399688,0.5397195470922008,0.3776864702138023,0.35833348693997075
0.23865173038678103,0.7030251608464588,0.05832310876676004,0.6342595311469766
0.5848162346511164,0.2853692780917532,0.12981448725713032,0.8212966483611216
0.4581631788954013,0.4408477807270509,0.10098904037754783,0.8620374065661829
0.0214041158292562,0.39418593443464567,0.5844099497360982,0.2546297387816329
0.3818915803739512,0.4807676924882944,0.13734072713775428,0.9157411332910363
0.41827761458765056,0.17266029109643485,0.4090620943159145,0.7138891949114146
0.13491036272811588,0.2729996662700783,0.5920899710018058,0.35462978164860154
0.005901378588900945,0.41279243067499,0.581306190736109,0.22685194909636391
0.16927935520449142,0.1974286084573736,0.6332920363381351,0.3787038660425014
0.67141965322924,0.15269091218842332,0.1758894345823367,0.7953707113215371
0.5305078741429564,0.38682381546783223,0.08266831038921137,0.8064818271956448
0.09663764931729188,0.5997923988122899,0.3035699518704183,0.40092609779071664
0.497854446429173,0.16997483914441786,0.3321707144264092,0.7861114480931142
0.1399791983259658,0.8482835822057017,0.011737219468332777,0.44907426657851635
0.5118952422565193,0.29190608681850283,0.19619867092497797,0.8824077856687135
0.504437718095326,0.48982619403894606,0.005736087865728046,0.7194447528484684
0.4856591297326325,0.23685411157116876,0.2774867586961989,0.8453707327550215
0.355355066750194,0.07386454685524495,0.570780386394561,0.5824076570678077
0.08250477191614188,0.4528696926232908,0.46462553546056734,0.34351866577449397
0.11699991382600461,0.15808890268974196,0.7249111834842533,0.30833346550648644
0.5523744189392494,0.15367240088162099,0.2939531801791297,0.8064818271956448
0.06611177084285436,0.24313612032600848,0.6907521088311371,0.273148265238479
0.02801025635650759,0.5775632871900521,0.39442645645344043,0.28425938111258664
0.4181013636194834,0.1719038495688404,0.40999478681167634,0.7101854896200455
0.1471112448342193,0.16680607447471676,0.686082680691064,0.35277792900291693
0.4381095269567376,0.013332132656700656,0.5485583403865616,0.6175928573358153
0.48907077437118635,0.3291635224207531,0.1817657032080606,0.8972226068341903
0.19077218752312475,0.7929323141891756,0.016295498287699516,0.5212965197602158
0.4481185253438245,0.1357101623693013,0.41617131228687426,0.721296605494153
0.7014361102783889,0.12490743385860638,0.17365645586300466,0.782407742801745
0.6857555322421895,0.09682861582904284,0.21741585192876756,0.7750003322190064
0.6285477100760835,0.13807837929716446,0.23337391062675203,0.7972225639672218
0.7903564025415022,0.07189525299004994,0.13774834446844775,0.7453706898880528
0.20013430317307807,0.3021395694937136,0.49772612733320837,0.45648167716125476
0.5842443268127522,0.3544626258378134,0.0612930473494345,0.7620373636992143
0.037955400656218434,0.7314538709753476,0.2305907283684338,0.32314828667196327
0.5236873709078224,0.4573094087329043,0.019003220359273352,0.7287040160768914
0.6801114575937819,0.10737812928710691,0.2125104131191112,0.7750003322190064
0.4909157756068546,0.24986170621803253,0.2592225181751129,0.8601855539204983
0.03346118704442982,0.2529946172519482,0.713544195703622,0.23240750703341773
0.6946503259858764,0.15023218155820872,0.15511749245591488,0.7898151533844833
0.27662420253154446,0.6525089064785259,0.07086689098992961,0.7157410475570992
0.18649544238197302,0.5110283071156059,0.3024762505024212,0.5546298673825387
0.0893205332464413,0.7531302687693162,0.15754919798424247,0.4175927716018781
0.20072728053362499,0.21178620870335932,0.5874865107630155,0.4268520348303011
0.5125768695830502,0.270590367653232,0.21683276276371777,0.8861114909600827
0.7363400730420561,0.06660283263540145,0.1970570943225426,0.7583336584078452
0.08876979783900114,0.6357321326457009,0.2754980695152978,0.39907424514503204
0.15489255516695066,0.16042972460652605,0.6846777202265233,0.36203719223133995
0.185684202119558,0.29117907333041554,0.5231367245500264,0.43055574012167025
0.4024965720267898,0.06908855184901233,0.5284148761241979,0.6212965626271845
0.009128428691046834,0.17138368227391446,0.8194878890350387,0.18425933824561802
0.3209378822253975,0.3187967994891968,0.3602653182854057,0.7157410475570992
0.335809075394899,0.2044308003638369,0.4597601242412642,0.6305558258556074
0.6252696072223801,0.311246446084374,0.06348394669324582,0.7638892163448989
0.8517670107510705,0.09697071171070891,0.05126227753822065,0.71203734226573
0.0903234701554716,0.7939680032767523,0.11570852656777618,0.39537053985366283
0.17851196528390129,0.4262269113320827,0.39526112338401603,0.48611131949220837
0.22850432230075107,0.4183026486188468,0.353193029080402,0.6009261835246538
0.0768626149237326,0.07105143432847313,0.8520859507477943,0.24537047555320995
0.0035207768096148524,0.9016290215595948,0.09485020163079033,0.2194445385136255
0.7464772811470857,0.1062873809552852,0.14723533789762924,0.7583336584078452
0.4918745719214785,0.35485987151611526,0.15326555656240612,0.8824077856687135
0.3732454963247068,0.6067490436348779,0.020005460040415375,0.7027780790373069
0.014717386943801893,0.8005387556586843,0.18474385739751395,0.273148265238479
0.5746632276992075,0.12679333024480038,0.2985434420559921,0.7953707113215371
0.19340385356381262,0.6982669107982571,0.1083292356379303,0.6398150890840304
0.007396670940087754,0.016606029261459043,0.9759972997984533,0.1638889591430874
0.10538147128577749,0.8463213813832112,0.04829714733101125,0.39537053985366283
0.07890189659565024,0.49012352640460366,0.4309745769997461,0.34351866577449397
0.40709837920070113,0.38956405006506295,0.20333757073423592,0.9842596811813666
0.46808411399596894,0.3082587687768258,0.2236571172272052,0.908333722708298
0.6216404762149501,0.1953445871752816,0.1830149366097684,0.8175929430697524
0.0820511346433649,0.014872676035824524,0.9030761893208107,0.25092603349026377
0.347732534103004,0.5398076025114379,0.11245986338555804,0.8620374065661829
0.49859899685556514,0.007703784973394876,0.49369721817104,0.6601854681865611
0.04156973644782548,0.5985752623542097,0.35985500119796493,0.2990742022780635
0.12952517541318329,0.6005808175498997,0.2698940070369169,0.4712964983267316
0.07342925111047684,0.733283804694061,0.19328694419546213,0.3916668345622936
0.43173145168234367,0.15811402724936113,0.4101545210682953,0.721296605494153
0.37104885577357266,0.08155587090656571,0.5473952733198616,0.6046298888160231
0.892646841695343,0.04777922700401612,0.05957393130064082,0.7083336369743608
0.7977925914599304,0.20044595600956416,0.0017614525305053401,0.6675928787692995
0.11283778995304607,0.3209879001046167,0.5661743099423372,0.3453705184201785
0.05090222223325765,0.041649965992301134,0.9074478117744412,0.20833342263951787
0.37109370765543953,0.2377362840504115,0.3911700082941489,0.7064817843286763
0.2290172914473588,0.5808945589927467,0.19008814955989448,0.7287040160768914
0.13139910487755196,0.6130881171135077,0.2555127780089404,0.48425946684652377
0.5722473056762237,0.061772245165146004,0.3659804491586303,0.7490743951794221
0.590070863883979,0.06045415577999037,0.34947498033603075,0.7620373636992143
0.15502624612974078,0.6816063808665014,0.16336737300375792,0.5564817200282234
0.6057273052348178,0.2794521848009357,0.11482050996424652,0.810185532487014
0.10175426095677813,0.25361062050932587,0.6446351185338961,0.31574087608922485
0.38270929134943177,0.4806349402578815,0.1366557683926866,0.9157411332910363
0.27324715077421136,0.01889535502891969,0.7078574941968689,0.487963172137893
0.895982970313795,0.1018671520544929,0.0021498776317121675,0.6546299102495072
0.08496397270726173,0.48265692678866917,0.43237910050406914,0.35277792900291693
0.4718927209559292,0.0891341091517373,0.4389731698923335,0.7009262263916224
0.49708915899104716,0.1663691914531005,0.33654164955585236,0.782407742801745
0.05508652429468555,0.20832844731257452,0.7365850283927399,0.24537047555320995
0.16726950585802403,0.559787720561063,0.272942773580913,0.534259488280008
0.11912595815345853,0.4865551169264055,0.394318924920136,0.39907424514503204
0.4328033562690642,0.10843280362653065,0.45876384010440524,0.6824076999347763
0.10532639232727803,0.1449894091011016,0.7496841985716204,0.28981493904964045
0.10614164568791314,0.7566247563432255,0.1372335979688614,0.4324075927673549
0.41817650662936845,0.2227795735837115,0.35904391978692,0.7601855110535296
0.07720410485474452,0.7292586678180518,0.19353722732720374,0.39907424514503204
0.7607266487735116,0.1941388979313163,0.04513445329517209,0.7157410475570992
0.6317973144826186,0.004394428700579529,0.36380825681680196,0.7361114266596298
0.042122833260724815,0.19414414572002098,0.7637330210192543,0.22685194909636391
0.2057780374750769,0.5606063608043894,0.23361560172053372,0.6287039732099229
0.12323962626364046,0.47962104353169693,0.3971393302046626,0.40833350837345506
0.5750151274674142,0.13111355930442017,0.2938713132281655,0.800926269258591
0.16871376603405464,0.39060787486141296,0.44067835910453235,0.4546298245155701
0.3889403278284005,0.49415951402371766,0.1169001581478817,0.8805559330230288
0.008163256890531436,0.9043238327058493,0.08751291040361939,0.22685194909636391
0.6449946318019424,0.016770982675803785,0.33823438552225377,0.7435188372423682
0.8664977769944653,0.021557799394242932,0.11194442361129182,0.7268521634312068
0.07713873376925741,0.49502903488411165,0.4278322313466309,0.34351866577449397
0.2021498652558595,0.06306518099144058,0.7347849537527,0.41203721366482426
0.26323123232971635,0.715810014900174,0.020958752770109643,0.5972224782332846
0.09288436685936978,0.7522437865264444,0.1548718466141859,0.4231483295389319
0.8654303562673098,0.02680950509114911,0.10776013864154121,0.7287040160768914
0.7860063510425478,0.06817406891423036,0.1458195800432218,0.7490743951794221
0.08273365594889381,0.3860852315874957,0.5311811124636107,0.3342594025460709
0.12307065924945466,0.5754654580742337,0.3014638826763117,0.4546298245155701
0.22730085082784146,0.3761616535308212,0.3965374956413375,0.5675928359023309
0.1619978509094101,0.46137179683647905,0.37663035225411073,0.4657409403896778
0.19683051582329772,0.5500600670243903,0.253109417152312,0.5879632150048616
0.7610434759524956,0.09387361110175443,0.14508291294575007,0.7527781004707913
0.49434489608421184,0.252473794232415,0.2531813096833732,0.865741111857552
0.06235928702796011,0.5784746937753812,0.35916601919665875,0.3342594025460709
0.7432565665905513,0.03745614717512069,0.21928728623432794,0.7472225425337374
0.4842384831166466,0.1790151777451863,0.3367463391381671,0.782407742801745
0.4413846555281053,0.5165856065412454,0.04202973793064924,0.7601855110535296
0.47899311176975634,0.4714134002573957,0.04959348797284809,0.7842595954474295
0.2744807230121461,0.5808649855421593,0.14465429144569472,0.8138892377783832
0.48006516951506456,0.35208378493960185,0.16785104554533362,0.8972226068341903
0.04586037485139277,0.3726429110792867,0.5814967140693205,0.2861112337582712
0.8156615913913476,0.012708126298754905,0.1716302823098974,0.7398151319509991
0.030913911849094592,0.3626936890486913,0.6063923991022141,0.2657408546557406
0.04260867792428524,0.6625732289453996,0.29481809313031515,0.3064816128608019
0.24332236381718286,0.7385199877642296,0.01815764841858759,0.5712965411937002
0.7850176741411198,0.04571013276723474,0.16927219309164537,0.7490743951794221
0.3828908292614927,0.4753447600730907,0.1417644106654168,0.917592985936721
0.22992826306629305,0.314040894161794,0.45603084277191297,0.5138891091774774
0.05294254367888077,0.6788207989830147,0.2682366573381045,0.3379631078374401
0.32164931546104114,0.2961429863611715,0.38220769817778744,0.6861114052261456
0.42936671906272433,0.11758083431219138,0.45305244662508426,0.6879632578718301
0.06292804605665206,0.40764458824243543,0.5294273657009124,0.3120371707978557
0.391641038985054,0.3217110897809596,0.28664787123398644,0.8416670274636522
0.5154623818503904,0.4504559570842228,0.034081661065386716,0.7453706898880528
0.6953226511798433,0.19689410090428028,0.1077832479158765,0.7712966269276373
0.4789256741189094,0.1329041821429848,0.38817014373810566,0.7324077213682606
0.3076351924469732,0.0039617878126596544,0.6884030197403671,0.5212965197602158
0.05762967799734319,0.7660844457303472,0.17628587627230977,0.3675927501683938
0.5775695996945434,0.08969264738662903,0.3327377529188277,0.773148479573322
0.5577173404617285,0.060280758311937875,0.3820019012263335,0.7435188372423682
0.4706564953015362,0.2149276307950098,0.31441587390345405,0.8120373851326986
0.04348263999183535,0.10878604006914391,0.8477313199390207,0.20092601205677946
0.3730353313283663,0.30315293912046015,0.32381172955117354,0.7861114480931142
0.25286428052413595,0.02155194181425978,0.7255837776616042,0.45833352980693937
0.27857702655516703,0.15706989420847262,0.5643530792363605,0.5212965197602158
0.14527433830243647,0.12360349448979083,0.7311221672077728,0.3472223710658631
0.6486511688140744,0.29435215856106856,0.056996672624857,0.7527781004707913
0.13482396054700366,0.5944842999609288,0.27069173949206743,0.48611131949220837
0.281017987323205,0.4647735655746481,0.25420844710214696,0.7694447742819527
0.19259987986187957,0.6314897718006663,0.17591034833745406,0.6342595311469766
0.25967996599226056,0.04823644246068323,0.6920835915470561,0.4731483509724162
0.8225893987209288,0.09605357674249232,0.08135702453657884,0.7287040160768914
0.6909056682891187,0.0049977496102269845,0.30409658210065427,0.7472225425337374
0.13256169268341775,0.013064953253639431,0.8543733540629429,0.3268519919633325
0.11813714945913915,0.6302991740247667,0.25156367651609407,0.4527779718698855
0.2792394379673005,0.21212389433808332,0.5086366676946162,0.5435187515084311
0.03414931644897119,0.6592847846145673,0.3065658989364614,0.3027779075694326
0.11644187444335168,0.15027624665127873,0.7332818789053697,0.3046297602151173
0.414178417414544,0.215569684564028,0.370251898021428,0.7490743951794221
0.2120674173225967,0.2642007397908841,0.5237318428865193,0.45833352980693937
0.4552830448428847,0.3062024014290537,0.2385145537280617,0.9064818700626134
0.6513403115690952,0.26181334513982474,0.08684634329108018,0.773148479573322
0.7558722404694964,0.1827270740776489,0.06140068545285455,0.730555868722576
0.44935975463029404,0.533395752705812,0.01724449266389384,0.7175929002027838
0.5621293885306633,0.1483524166255943,0.2895181948437425,0.8064818271956448
0.03106325436532331,0.07776519089604976,0.891171554738627,0.18796304353698723
0.08831144857181045,0.28250562437988225,0.6291829270483073,0.3064816128608019
0.16760120335141118,0.12794362440883245,0.7044551722397564,0.36388904487702456
0.7184253631501858,0.10845840652415688,0.17311623032565723,0.773148479573322
0.5406938142989779,0.15595725021415066,0.3033489354868715,0.8046299745499601
0.6013895407228068,0.39142410503401964,0.007186354243173567,0.7101854896200455
0.49354625195977697,0.18759196934035724,0.31886177869986576,0.7953707113215371
0.8919417271595279,0.014212975902164901,0.09384529693830737,0.721296605494153
0.17693529605899774,0.4582522440213118,0.3648124599196904,0.5027779933033698
0.35385505628824354,0.2578199565447837,0.3883249871669728,0.7027780790373069
0.1761649151724275,0.07981081093086509,0.7440242738967074,0.3731483081054476
0.3131590327649357,0.030440994740784134,0.6563999724942802,0.5268520776972697
0.22320030671953245,0.5932373842438865,0.18356230903658083,0.7138891949114146
0.1706422144604231,0.2984426108272494,0.5309151747123274,0.42129647689324723
0.22677349241001127,0.3055473101544047,0.467679197435584,0.5046298459490544
0.5207702369883389,0.4605082837010793,0.01872147931058187,0.730555868722576
0.15076521623376699,0.72909545824626,0.12013932551997308,0.5453706041541158
0.26577850076965553,0.10068142417644586,0.6335400750538986,0.49907428801200066
0.32523163987386583,0.6235287882300122,0.05123957189612183,0.730555868722576
0.30679886694400954,0.6512504519251744,0.04195068113081607,0.693518815808884
0.6072642160728988,0.27289215914404064,0.11984362478306068,0.810185532487014
0.2890444600172218,0.04430237963811865,0.6666531603446596,0.5101854038861082
0.367159995382594,0.4701922291760088,0.16264777544139727,0.9398152176849363
0.5667122436576219,0.19272042400756478,0.24056733233481337,0.847222585400706
0.5316515339946563,0.3334252148001796,0.13492325120516416,0.8527781433377598
0.8477225208586815,0.08426556459667489,0.06801191454464352,0.7250003107855223
0.6733871186898905,0.1273780969592084,0.1992347843509012,0.7916670060301679
0.26058080961055907,0.24112905544877733,0.4982901349406636,0.5138891091774774
0.2993538273546169,0.3169112404147803,0.3837349322306027,0.6675928787692995
0.26394974839730767,0.2966770626218878,0.4393731889808044,0.5750002464850694
0.0588274789117319,0.6718018260222937,0.26937069506597433,0.3472223710658631
0.7847926043525323,0.024470989743321164,0.19073640590414645,0.7435188372423682
0.24051763145476407,0.10432867972837305,0.6551536888168629,0.45833352980693937
0.553039536375957,0.37815326350388667,0.06880720012015626,0.7787040375103758
0.1769318434107372,0.2461561901243035,0.5769119664649593,0.4064816557277704
0.3695799690541082,0.48643772788292244,0.1439823030629693,0.9194448385824056
0.554625320127761,0.05548682630366483,0.3898878535685741,0.7398151319509991
0.15403435428400897,0.3044362102729679,0.5415294354430231,0.40092609779071664
0.8230021213474639,0.14849710329794913,0.028500775354587,0.6916669631631994
0.15169089918502415,0.05675893613965614,0.7915501646753198,0.35277792900291693
0.056433762993632834,0.05154088771052066,0.8920253492958465,0.21759268586794092
0.2831087711944661,0.10563667743755284,0.6112545513679811,0.5231483724059005
0.5679756174494953,0.32984686746572317,0.1021775150847816,0.8157410904240678
0.24385548213225863,0.37103796394537114,0.3851065539223703,0.5935187729419154
0.2117786269743683,0.39463539542838544,0.39358597759724623,0.5379631935713772
0.3526378407454409,0.22906592021754504,0.4182962390370141,0.6731484367063533
0.26074915172764823,0.0008668837190915268,0.7383839645532603,0.4638890877439932
0.06981189352411116,0.21959354139726106,0.7105945650786278,0.27129641259279436
0.2439749636292643,0.6199104137703373,0.13611462260039836,0.7490743951794221
0.4372461061889508,0.16959435542769447,0.3931595383833548,0.7287040160768914
0.04363217939338239,0.46534950905678124,0.49101831154983655,0.28981493904964045
0.08296714414157996,0.8808778794936996,0.03615497636472059,0.35277792900291693
0.008738366859122396,0.03172572423073884,0.9595359089101387,0.165740811788772
0.8782769570797375,0.06695433804199785,0.05476870487826456,0.7138891949114146
0.14927691764801257,0.39320247882944287,0.45752060352254464,0.42870388747598565
0.12315548704738064,0.6947381164145827,0.18210639653803662,0.487963172137893
0.6084781711659915,0.2548623024887341,0.1366595263452743,0.8157410904240678
0.43259451310753216,0.47225728498727965,0.09514820190518813,0.8453707327550215
0.12415486927030923,0.8220015689937901,0.053843561735900665,0.4342594454130395
0.019023046951748192,0.2673537893536408,0.713623163694611,0.2101852752852025
0.31037012156052135,0.5295320607607584,0.16009781767872014,0.8824077856687135
0.042161153418121856,0.35526283546541043,0.6025760111164677,0.28240752846690204
0.3267151934135884,0.6320452990823817,0.041239507504029924,0.7046299316829916
0.21496656150043852,0.5199079299040026,0.26512550859555883,0.6101854467530767
0.626324880166329,0.010144933001448754,0.36353018683222227,0.7398151319509991
0.2956090651482849,0.06628277889572302,0.6381081559559921,0.5212965197602158
0.07276274580543812,0.4715950075620046,0.45564224663255726,0.3342594025460709
0.5970178848859174,0.3491367130867448,0.053845402027337626,0.7564818057621605
0.27391285650497027,0.15920942526041412,0.5668777182346156,0.5138891091774774
0.36875208438559204,0.6273661366260344,0.0038817789883734957,0.6675928787692995
0.2759372433198716,0.46457160209814846,0.25949115458197997,0.7564818057621605
0.5685769040513473,0.34555476804259816,0.08586832790605459,0.8027781219042757
0.15677216409243533,0.15716789863449065,0.686059937273074,0.36388904487702456
0.2685278590794572,0.21337861478965456,0.5180935261308882,0.5138891091774774
0.28477844768551025,0.4502177501328796,0.26500380218161007,0.7638892163448989
0.15876405333146928,0.28756802386103336,0.5536679228074972,0.40092609779071664
0.6105769244050019,0.22106389237828175,0.16835918321671647,0.8194447957154369
0.00011393543817184951,0.9148319747575078,0.08505408980432039,0.21759268586794092
0.19209815207221048,0.243056973820857,0.5648448741069326,0.4231483295389319
0.3006794470694697,0.6653987802274063,0.033921772703124,0.6787039946434071
0.10715727826101315,0.5600592256853467,0.33278349605364,0.4138890663105088
0.13082553999876145,0.025880787253217297,0.8432936727480213,0.32314828667196327
0.8566724853602508,0.09437701999078885,0.04895049464896041,0.7101854896200455
0.6863466353436353,0.21297783880342,0.10067552585294466,0.773148479573322
0.29251888969550516,0.341407808056089,0.36607330224840584,0.6750002893520379
0.5314223922782132,0.4595092047127323,0.00906840300905447,0.7157410475570992
0.6939388209532693,0.24571102293754696,0.06035015610918369,0.7398151319509991
0.26501560979255806,0.25907769441786627,0.47590669578957573,0.5379631935713772
0.24477004906370697,0.7220782006066329,0.033151750329660244,0.5953706255876
0.4807852753576406,0.4508522223946286,0.06836250224773076,0.8027781219042757
0.023887417418027166,0.8951988328617541,0.08091374972021878,0.25277788613594837
0.9877516019519724,0.001995520727182039,0.010252877320845542,0.6731484367063533
0.3028772608757667,0.1317277173776051,0.5653950217466283,0.5564817200282234
0.763575210563045,0.07386794946424209,0.16255683997271275,0.754629953116476
0.21656469081537752,0.0905361048270572,0.6928992043575652,0.43055574012167025
0.4143439054600153,0.0755474687928583,0.5101086257471265,0.6453706470210843
0.1877616828375887,0.27216504843686773,0.5400732687255436,0.4250001821846165
0.31164370652463474,0.4104631931983063,0.2778931002770589,0.7916670060301679
0.2672623761231113,0.20907864031044324,0.5236589835664452,0.5120372565317929
0.19878159721092292,0.7793038902799236,0.0219145125091536,0.5305557829886389
0.016732208119526273,0.39236236006827735,0.5909054318121963,0.23796306497047154
0.3077077620262426,0.18639926363817858,0.5058929743355788,0.5898150676505463
0.10834794430244221,0.3712436323812692,0.5204084233162886,0.3601853395856554
0.7612394507048761,0.15023954191086406,0.0885210073842599,0.7509262478251066
0.22699105563042116,0.17240917999260238,0.6005997643769765,0.45648167716125476
0.05865197807068754,0.1658659675281268,0.7754820544011856,0.23425935967910233
0.10223501962793811,0.3962023250456882,0.5015626553263737,0.36388904487702456
0.31261832796724004,0.055223766899562134,0.6321579051331977,0.534259488280008
0.15979285721506872,0.6703187444035519,0.16988839838137942,0.562037277965277
0.6724027927432563,0.31975320138946073,0.007844005867282866,0.7064817843286763
0.554429081326943,0.08272691550231413,0.36284400317074283,0.754629953116476
0.6333274911063772,0.2295592346163727,0.1371132742772502,0.7972225639672218
0.32902525929086757,0.6476072623247159,0.02336747838441646,0.6861114052261456
0.04935105739582183,0.9394092275610251,0.011239715043153154,0.31018531815217104
0.6469817820075027,0.0007925751535393297,0.35222564283895796,0.7324077213682606
0.10377012449615913,0.7885073594107362,0.10772251609310463,0.4175927716018781
0.7463864587882881,0.058615324583442666,0.19499821662826922,0.7564818057621605
0.30517484517510496,0.15450358341877055,0.5403215714061245,0.5750002464850694
0.175271466326626,0.6381854703613795,0.1865430633119945,0.5916669202962307
0.517438255320277,0.42925867288122427,0.053303071798498664,0.773148479573322
0.5061768265119958,0.4386598719250764,0.05516330156292779,0.7768521848646911
0.34149466530186373,0.026323270301793895,0.6321820643963425,0.5546298673825387
0.24704648171601054,0.09459230661706904,0.6583612116669205,0.4731483509724162
0.13337084184931755,0.299309339140535,0.5673198190101476,0.3601853395856554
0.2860202964234962,0.030805409298670493,0.6831742942778334,0.5046298459490544
0.46348903992375245,0.3305893345413046,0.20592162553494298,0.9250003965194594
0.2762851526267064,0.16369026170934128,0.5600245856639524,0.5212965197602158
0.21427660029885948,0.571656043662113,0.21406735603902743,0.6601854681865611
0.09098281051539417,0.6366636184501586,0.2723535710344472,0.40092609779071664
0.140331524827341,0.5915635017014622,0.26810497347119666,0.49907428801200066
0.49473605786836433,0.16057414804651052,0.34468979408512507,0.7805558901560603
0.021394146616079662,0.10743017099476267,0.8711756823891577,0.1805556329542488
0.7678411335609834,0.08097344992831301,0.1511854165107036,0.7527781004707913
0.13965063132070935,0.36669982694855446,0.49364954173073605,0.4138890663105088
0.3679421861842872,0.18952359701777052,0.4425342167979423,0.6694447314149841
0.3736128314097876,0.08599048046809739,0.5403966881221149,0.6101854467530767
0.5550351773817178,0.28729079551026865,0.15767402710801356,0.8342596168809139
0.24388798037507245,0.6250644799289818,0.13104753969594576,0.7435188372423682
0.0651772751431103,0.6124640624219883,0.3223586624349014,0.3453705184201785
0.25176755861274774,0.4021662930084839,0.3460661483787682,0.6416669417297151
0.04198790920451894,0.823291619001759,0.134720471793722,0.30833346550648644
0.6747304966949157,0.06803005388609487,0.2572394494189895,0.773148479573322
0.010369946452919531,0.6177801568733717,0.37184989667370894,0.26203714936437134
0.771997408883344,0.04173237387768749,0.18627021723896844,0.7472225425337374
0.054952247479821276,0.24258195205317187,0.7024658004670069,0.2564815914273176
0.3238077814933926,0.3672321847831876,0.30896003372341985,0.7675929216362681
0.42705767283380713,0.37551774088310574,0.19742458628308704,0.9583337441417822
0.6188194442733509,0.31362782253739857,0.06755273318925047,0.7694447742819527
0.05393381863044883,0.5706702098774641,0.3753959714920871,0.3138890234435403
0.5659257562052343,0.2744558627564708,0.1596183810382947,0.8324077642352292
0.6652414825331503,0.27324700859129836,0.06151150887555154,0.7472225425337374
0.5144722038898135,0.389112795536651,0.09641500057353541,0.8342596168809139
0.6322473217782272,0.23391400504510357,0.13383867317666925,0.7972225639672218
0.38765692334668284,0.09407024756053918,0.5182728290927779,0.6194447099814999
0.8828430778390667,0.01296489208663649,0.10419203007429674,0.7250003107855223
0.35193448866802834,0.33799884953052106,0.31006666180145065,0.8027781219042757
0.22149690361901406,0.31212600010084707,0.4663770962801388,0.5009261406576851
0.5517950308305691,0.06003362637118177,0.38817134279824894,0.7416669845966837
0.05283385770269705,0.7603862931259674,0.18677984917133547,0.35462978164860154
0.32926123997203116,0.5024972350367795,0.1682415249911894,0.908333722708298
0.5701097782444923,0.2144474759328009,0.2154427458227067,0.8435188801093368
0.15242638505413075,0.5134616462163906,0.3341119687294787,0.46944464568104693
0.03681391262487441,0.6503676833896536,0.3128184039854719,0.3027779075694326
0.713403570976566,0.24419860915659658,0.04239781986683712,0.7194447528484684
0.3740953947688595,0.6091985367895074,0.016706068441633123,0.6990743737459377
0.03387250859096219,0.31245848900183726,0.6536690024072006,0.24537047555320995
0.40729121738346835,0.4849361954171694,0.10777258719936224,0.8731485224402905
0.4712596237571384,0.3818456329033756,0.1468947433394858,0.8861114909600827
0.023246491809209888,0.13661249335466982,0.8401410148361204,0.19537045411972565
0.10261303158781941,0.2902275812759835,0.607159387136197,0.31759272873490946
0.5366281001970794,0.1780389197115454,0.28533298009137525,0.8175929430697524
0.22019325567609477,0.4561704682731327,0.3236362760507726,0.6027780361703384
0.47134938505985846,0.2630579874160125,0.26559262752412915,0.865741111857552
0.32164595489319386,0.00608715705144836,0.6722668880553578,0.5287039303429543
0.48021275413447817,0.5027480380147117,0.017039207850810253,0.7324077213682606
0.5455234943734631,0.38890989326900227,0.06556661235753458,0.7805558901560603
0.09766002255782448,0.6628606576006606,0.23947931984151496,0.4175927716018781
0.28662827812297487,0.04054558843214096,0.6728261334448841,0.506481698594739
0.4214437060174579,0.3306308084634027,0.2479254855191394,0.9064818700626134
0.3279836424305971,0.5187535621442971,0.15326279542510576,0.899074459479875
0.6920330040171087,0.21695463802477183,0.09101235795811954,0.7657410689905835
0.24763792143056648,0.6792720425567422,0.07309003601269137,0.6750002893520379
0.18594209983590515,0.6106434332711848,0.2034144668929101,0.6212965626271845
0.4991235132575457,0.044364610477124096,0.4565118762653301,0.6805558472890918
0.02989294702677519,0.005350578843011437,0.9647564741302134,0.19907415941109488
0.5549245303201712,0.276347149013827,0.16872832066600185,0.8435188801093368
0.14874769578654998,0.11028154783654827,0.7409707563769017,0.35277792900291693
0.7195733143103282,0.17744502599275166,0.10298165969692007,0.7638892163448989
0.35006046411953723,0.5944386628513042,0.05550087302915852,0.7638892163448989
0.720441910436402,0.14164787875406912,0.13791021080952887,0.7694447742819527
0.09013509738703113,0.27462843892607436,0.6352364636868945,0.30833346550648644
0.5732949739669351,0.3525642316070402,0.07414079442602473,0.7842595954474295
0.386078137812288,0.15287769248031272,0.46104416970739936,0.6601854681865611
0.9138414535242818,0.0285266980917311,0.05763184838398709,0.7009262263916224
0.11483313582133022,0.6203539883458391,0.26481287583283075,0.4398150033500933
0.30369085659602985,0.053964185406492345,0.6423449579974777,0.5268520776972697
0.05171901394785492,0.025941031767408706,0.9223399542847364,0.2157408332222563
0.9240742665796758,0.03347843987287974,0.0424472935474444,0.6916669631631994
0.08899054003700671,0.29116217817021517,0.6198472817927781,0.30833346550648644
0.5734891567204996,0.180130708366223,0.24638013491327734,0.8324077642352292
0.38779762134247003,0.19843574402193181,0.4137666346355983,0.7009262263916224
0.4299216071220198,0.17924346906282193,0.3908349238151582,0.7361114266596298
0.11732767007288829,0.266835100841496,0.6158372290856157,0.33611125519175555
0.25502951493752907,0.6943418029778735,0.05062868208459756,0.6472224996667689
0.7483043441792865,0.23164530561596652,0.020050350204747092,0.6898151105175148
0.29664081554109484,0.6199071156712213,0.08345206878768395,0.7805558901560603
0.48469870680538574,0.01520488555233243,0.5000964076422818,0.6601854681865611
0.5782804236479457,0.18837959945422839,0.2333399768978258,0.8342596168809139
0.39901393044365835,0.27187473846176347,0.3291113310945783,0.7898151533844833
0.08566697814626426,0.11627849267688231,0.7980545291768535,0.2583334440730022
0.21361417020873869,0.4801543753091762,0.3062314544820851,0.6009261835246538
0.4473110045526254,0.44586980438564905,0.10681919106172547,0.865741111857552
0.12979763349882195,0.017580545893270728,0.8526218206079073,0.3250001393176479
0.09401029169968254,0.7930601080725445,0.11292960022777318,0.39907424514503204
0.09286996060909383,0.6954085244263457,0.21172151496456051,0.4157409189561935
0.6104882505582456,0.06714970198852073,0.32236204745323355,0.7787040375103758
0.6873772651632362,0.21204071307963868,0.10058202175712525,0.773148479573322
0.2644747664205826,0.6493437480226881,0.0861814855567292,0.7361114266596298
0.1724388499986138,0.7811758090782231,0.04638534092316311,0.5175928144688466
0.37812476479319523,0.2833974074399593,0.33847782776684543,0.7694447742819527
0.22051594692542015,0.1919950111082467,0.5874890419663331,0.45092611922420095
0.2438940859802457,0.546665325566053,0.2094405884537012,0.7527781004707913
0.0020430370278086652,0.8595145753331433,0.1384423876390479,0.24351862290752535
0.7707853396879487,0.03344000163784591,0.19577465867420532,0.7472225425337374
0.06765088956262713,0.4706820698136487,0.46166704062372416,0.3268519919633325
0.04317470221990446,0.8786007101901278,0.07822458758996773,0.28981493904964045
0.12945960359197753,0.5786324022550662,0.2919079941529563,0.46944464568104693
0.8552050210355143,0.11437236930894909,0.030422609655536625,0.6972225211002532
0.08418114079621888,0.2800108462621766,0.6358080129416045,0.3027779075694326
0.09971436528209676,0.6606903006512606,0.23959533406664274,0.4194446242475627
0.1958381701320731,0.508891167879384,0.2952706619885429,0.5638891306109617
0.4914127578566715,0.0498342832501316,0.45875295889319695,0.6768521419977226
0.049190357611873826,0.15984428110723653,0.7909653612808896,0.2231482438049947
0.7373800830397496,0.11125060387029426,0.1513693130899561,0.7638892163448989
0.2879757870215787,0.088870827069376,0.6231533859090452,0.5268520776972697
0.6556360391020736,0.06928557986153304,0.2750783810363934,0.7805558901560603
0.5132059100199036,0.14164203905343314,0.34515205092666335,0.7787040375103758
0.04458802562049031,0.8120478897460235,0.14336408463348616,0.3138890234435403
0.6975293717949108,0.1725568054379773,0.12991382276711194,0.7787040375103758
0.7675641604107873,0.02148203504622181,0.21095380454299084,0.7416669845966837
0.14327453467531817,0.103940333652131,0.7527851316725508,0.3453705184201785
0.5128746962451012,0.024373359218444884,0.46275194453645396,0.6768521419977226
0.21807520614176146,0.6726847491309533,0.10924004472728512,0.6750002893520379
0.3844025803875931,0.3127911733383932,0.30280624627401376,0.8175929430697524
0.27083461698183425,0.10237697355587891,0.6267884094622868,0.5027779933033698
0.14694753045039374,0.779073527901707,0.07397894164789916,0.5268520776972697
0.2267738844232818,0.5581089855071193,0.21511713006959904,0.6972225211002532
0.4819386447368812,0.41310268013439966,0.10495867512871916,0.856481848629129
0.49456088857790576,0.09167794862051844,0.4137611628015756,0.7157410475570992
0.11030870022181494,0.5734380643805607,0.31625323539762423,0.4175927716018781
0.07075129521068997,0.04181436453848282,0.8874343402508272,0.24166677026184075
0.2044832631782713,0.12239025728124167,0.6731264795404871,0.40833350837345506
0.4177231296688586,0.45682869740057047,0.12544817293057103,0.8916670488971365
0.35715909508743604,0.04053738110255874,0.6023035238100053,0.5787039517764385
0.40575846926420456,0.28077853554954996,0.3134629951862454,0.8046299745499601
0.30116460387075755,0.5372420573135814,0.16159333881566113,0.8712966697946058
0.8387328617030846,0.12539283945423876,0.03587429884267676,0.7064817843286763
0.1767600294489974,0.3202236498034125,0.5030163207475902,0.43611129805872406
0.33631007742172,0.49327454762672734,0.17041537495155276,0.9212966912280902
0.19387127880340319,0.7967364669841083,0.00939225421248862,0.5175928144688466
0.6608856397839543,0.25089873739107027,0.08821562282497528,0.773148479573322
0.7445003321795048,0.15867145333968752,0.09682821448080757,0.7601855110535296
0.088250042355554,0.12351554218048919,0.7882344154639569,0.26203714936437134
0.26026491356605236,0.6676556824146752,0.07207940401927238,0.693518815808884
0.15295356323981613,0.0072327835598128215,0.839813653200371,0.3472223710658631
0.8039543687764606,0.14958895580204618,0.04645667542149326,0.7157410475570992
0.576666876824251,0.4190557404026731,0.004277382773075806,0.7083336369743608
0.7656534633458251,0.1612162911288766,0.07313024552529827,0.7398151319509991
0.1779587371969737,0.43842991789537655,0.38361134490764964,0.48425946684652377
0.17337619932839293,0.09611842892083478,0.7305053717507722,0.3675927501683938
0.7133427286060812,0.23243464945758588,0.05422262193633287,0.7287040160768914
0.41706131185181355,0.3646121169090001,0.21832657123918625,0.9564818914960976
0.2713313694735388,0.31480524442783375,0.4138633860986275,0.6064817414617076
0.6042431879771958,0.18326131642239563,0.21249549560040856,0.8175929430697524
0.6310409785991569,0.23711830471012374,0.13184071669071942,0.7990744166129063
0.5335130598349215,0.3612976492476624,0.10518929091741622,0.8342596168809139
0.450057357598928,0.48694657279571324,0.06299606960535883,0.8046299745499601
0.04065396650139049,0.8150651751567285,0.14428085834188112,0.3046297602151173
0.6076426008982743,0.08056333727062187,0.31179406183110386,0.7768521848646911
0.4579526960474817,0.4745601361369268,0.06748716781559133,0.8046299745499601
0.649177870834814,0.22860076418835734,0.12222136497682848,0.7898151533844833
0.7242020234049359,0.15916487590717665,0.11663310068788754,0.7638892163448989
0.294359521513358,0.3720487385140994,0.33359173997254266,0.7064817843286763
0.012954579920221022,0.16062418543374585,0.8264212346460331,0.18796304353698723
0.083987082522103,0.7208768245239443,0.19513609295395276,0.40833350837345506
0.5855494774933722,0.04200136164835906,0.3724491608582689,0.7416669845966837
0.0756864516945453,0.8908088084284217,0.03350473987703309,0.3398149604831247
0.25331890392245265,0.5490243793298533,0.197656716747694,0.7805558901560603
0.11520296689659336,0.7837097077674958,0.1010873253359108,0.4342594454130395
0.32749781132416983,0.019823757769601404,0.6526784309062288,0.5416668988627465
0.6617887975382126,0.32788355427375476,0.010327648188032551,0.7083336369743608
0.984671659553851,0.014004337831854377,0.0013240026142944967,0.6435187943753997
0.6937802716119298,0.15182509446315245,0.15439463392491773,0.7898151533844833
0.7106823159600635,0.03703167800669921,0.25228600603323725,0.754629953116476
0.07656914503744221,0.41059998543272413,0.5128308695298337,0.33611125519175555
0.7668938460225734,0.17696475960625893,0.056141394371167774,0.7250003107855223
0.023063997982569192,0.15630539783515382,0.8206306041822771,0.19722230676541025
0.378582684268779,0.4574545689678913,0.16396274676332984,0.9527781862047284
0.30018096011340145,0.3675287506651344,0.33229028922146425,0.7101854896200455
0.7088813148763579,0.23926970234249864,0.051848982781143436,0.7268521634312068
0.1437157935049996,0.45681698320907493,0.39946722328592554,0.43611129805872406
0.25927177141497065,0.3933600618020017,0.3473681667830277,0.6472224996667689
0.4714279226416064,0.19507018249628597,0.33350189486210763,0.7842595954474295
0.07636791788123685,0.30278289406434333,0.6208491880544198,0.29722234963237887
0.14823076776305524,0.4593201564246093,0.3924490758123354,0.4453705612871471
0.057252218420871366,0.8126299555822291,0.13011782599689947,0.33611125519175555
0.6572011768048271,0.32047114596269066,0.02232767723248222,0.721296605494153
0.08920639394357348,0.620175050545995,0.2906185555104316,0.389814981916609
0.027196524442679865,0.597138507166874,0.37566496839044605,0.28055567582121743
0.025421326881217614,0.3862645553585184,0.5883141177602639,0.2583334440730022
0.4173946324199308,0.5105381805933329,0.0720671869867363,0.810185532487014
0.1538769599887276,0.11762141659781676,0.7285016234134555,0.35462978164860154
0.46539909936081575,0.19872277516400333,0.33587812547518076,0.7861114480931142
0.49342437267027184,0.23771914876558803,0.26885647856414,0.8527781433377598
0.060271343221311446,0.02460032027146519,0.9151283365072234,0.2250000964506793
0.26274158252569174,0.36584316893090796,0.37141524854340013,0.6361113837926613
0.20212685220599472,0.4019681100170224,0.3959050377769829,0.5231483724059005
0.1749751868147925,0.6115352967007464,0.21348951648446118,0.5935187729419154
0.17811159459872733,0.4347227563820794,0.3871656490191933,0.48425946684652377
0.863230977680625,0.12286710316721416,0.013901919152160994,0.6694447314149841
0.09984674538832705,0.10782087125294125,0.7923323833587316,0.27870382317553277
0.8195351585795362,0.06667563624162504,0.11378920517883877,0.7379632793053145
0.06784502316418378,0.39908283563499847,0.5330721412008179,0.31759272873490946
0.3917019147114935,0.5633589548666085,0.044939130421898,0.7509262478251066
0.3401386339747093,0.2521784060515752,0.40768295997371545,0.6787039946434071
0.5284607413064094,0.18378478329212225,0.28775447540146837,0.8212966483611216
0.8756760512647546,0.038068288864920106,0.0862556598703253,0.7175929002027838
0.33813730098945377,0.5556537606862928,0.1062089383242535,0.8509262906920753
0.3683004796657925,0.478931578011408,0.15276794232279953,0.9231485438737749
0.45373816321966465,0.17115630781683014,0.3751055289635053,0.7472225425337374
0.2159338895571504,0.7206987936512781,0.06336731679157143,0.6175928573358153
0.563962087801876,0.19288801525205826,0.2431498969460659,0.8435188801093368
0.28326000140205215,0.596488393918856,0.12025160467909192,0.8064818271956448
0.17377047700995604,0.29415449923773984,0.5320750237523041,0.4250001821846165
0.17690634695466737,0.1370424444906887,0.686051208554644,0.3750001607511322
0.0033351335251979165,0.32812350114105676,0.6685413653337454,0.2027778647024641
0.1323207771397776,0.3952019168310128,0.4724773060292096,0.40833350837345506
0.5116413537920478,0.28378906425560035,0.20456958195235195,0.8805559330230288
0.4998968232703694,0.39292587927220074,0.10717729745742999,0.8527781433377598
0.3851829143998258,0.26400059384926344,0.3508164917509107,0.7527781004707913
0.6533476960347273,0.039636600466901484,0.30701570349837115,0.7564818057621605
0.43877746884546576,0.10933039764921916,0.4518921335053152,0.6861114052261456
0.4629853234492384,0.0954625214810816,0.44155215506968004,0.6990743737459377
0.6496482829684821,0.23892584272011552,0.11142587431140252,0.7898151533844833
0.1712847055258318,0.591400359569896,0.23731493490427236,0.5694446885480156
0.1001794517067552,0.6057970100945353,0.2940235381987096,0.40833350837345506
0.3041906364366721,0.4500001992619578,0.2458091643013701,0.8194447957154369
0.4293555127628218,0.3269312515209714,0.24371323571620693,0.9120374279996671
0.03464121176403389,0.38308909566992305,0.5822696925660431,0.2675927073014252
0.1318940989916847,0.5998369200200268,0.26826898098828855,0.47685205626378535
0.4953967829433867,0.45104362228578715,0.05355959477082619,0.7842595954474295
0.5385901329639365,0.05130432219546981,0.4101055448405936,0.7157410475570992
0.5171278295977112,0.3369849527119285,0.14588721769036023,0.8638892592118675
0.08874303037403308,0.524539564531691,0.386717405094276,0.36944460281407837
0.40083855113499334,0.3680948785643729,0.23106657030063377,0.936111512393567
0.5107034386363772,0.46671527552669445,0.022581285836928384,0.7398151319509991
0.25273344706050827,0.02721681282834904,0.7200497401111428,0.4601853824526239
0.3844862095029288,0.19384330635822436,0.4216704841388469,0.6879632578718301
0.39026214494853995,0.4124812583902383,0.19725659666122167,0.9935189444097898
0.36271373510680455,0.24385875861660292,0.39342750627659256,0.6972225211002532
0.6695030175954388,0.12815112871748788,0.20234585368707314,0.7879633007387988
0.3536567617581144,0.14865842312987398,0.49768481511201157,0.623148415272869
0.5088904058518862,0.2733952657862605,0.21771432836185337,0.8861114909600827
0.4994812552885365,0.3825134208745178,0.11800532383694573,0.8583337012748137
0.8550888276638169,0.10853920694215687,0.03637196539402625,0.7027780790373069
0.6780824503203287,0.09445640145771868,0.2274611482219528,0.773148479573322
0.07832913756647245,0.4024454588724622,0.5192254035610654,0.33611125519175555
0.01903568468178432,0.36373470918066153,0.6172296061375541,0.23055565438773312
0.1678961819114672,0.745888108883171,0.08621570920536163,0.5750002464850694
0.2579322431473689,0.10706388163664876,0.6350038752159823,0.48240761420083916
0.18592042620689547,0.32439918496901105,0.4896803888240933,0.44907426657851635
0.17478663521811083,0.2188406338028005,0.6063727309790886,0.3935186872079782
0.17206726456152396,0.21547519126694956,0.6124575441715265,0.3861112766252398
0.5856718451534058,0.1218887731215431,0.2924393817250512,0.7972225639672218
0.4601637524921917,0.3966026425629553,0.1432336049448528,0.8972226068341903
0.5523234431335102,0.30727259389944744,0.14040396296704244,0.8361114695265984
0.3199590873927582,0.6389423781205646,0.04109853448667731,0.7064817843286763
0.1077266656127387,0.292481922978824,0.5997914114084373,0.32870384460901714
0.007725568247029498,0.8653299642451406,0.12694446750782992,0.24907418084457913
0.4527774236304635,0.352319475950354,0.1949031004191824,0.9379633650392516
0.3008573867058776,0.5967261315291472,0.10241648176497534,0.8083336798413293
0.5600730044508127,0.3192909608492409,0.12063603469994634,0.8342596168809139
0.4466025984284013,0.2274577787725176,0.3259396227990811,0.8027781219042757
0.04579980413456391,0.9126343742122458,0.04156582165319021,0.263889002010056
0.4576331657635778,0.46946848069025926,0.07289835354616298,0.8175929430697524
0.19998176592622396,0.335694733412372,0.4643235006614041,0.48240761420083916
0.2130669685399662,0.5645900329636799,0.22234299849635406,0.6453706470210843
0.34337478377887926,0.015221563980884718,0.641403652240236,0.5509261620911695
0.29189358411239813,0.6046782414793558,0.10342817440824602,0.7953707113215371
0.4282743610533427,0.09462097782370187,0.4771046611229554,0.6712965840606687
0.04103309765934934,0.24809607356469235,0.7108708287759583,0.23611121232478693
0.12902649733864127,0.8568830327276798,0.014090469933678799,0.44351870864146253
0.4603166127834574,0.11476169001804398,0.4249216971984985,0.7101854896200455
0.1590506550461735,0.38994547936830776,0.4510038655855188,0.4398150033500933
0.0907888869437277,0.27144332291791784,0.6377677901383544,0.3064816128608019
0.49159529177297184,0.20517747358786576,0.3032272346391624,0.8175929430697524
0.5694559000707988,0.2509047217855079,0.17963937814369327,0.8416670274636522
0.1492769854980035,0.5501166794425305,0.300606335059466,0.49907428801200066
0.5611713524110115,0.42167933223600884,0.01714931535297986,0.730555868722576
0.4811717243070149,0.16874765691124105,0.3500806187817441,0.7694447742819527
0.6442379767812586,0.23062981620743717,0.12513220701130423,0.7916670060301679
0.08253572569603598,0.5705583601128353,0.3469059141911286,0.36388904487702456
0.4918795547504287,0.1911003695618834,0.317020075687688,0.800926269258591
0.7206645322760317,0.1645678616874561,0.11476760603651218,0.7638892163448989
0.27681917080158147,0.5670365916489887,0.15614423754942977,0.82870405894386
0.09070744578405471,0.4051373715728629,0.5041551826430826,0.3472223710658631
0.32412681237883384,0.5553217550635983,0.12055143255756803,0.856481848629129
0.020467895153327503,0.830369867893923,0.14916223695274963,0.28240752846690204
0.3407886642831242,0.3831468220887608,0.27606451362811496,0.8175929430697524
0.07035941379742346,0.43093335585036724,0.4987072303522094,0.3342594025460709
0.5042734287455908,0.4199620162151671,0.07576455503924218,0.7972225639672218
0.10023184043042746,0.47421191092575604,0.4255562486438165,0.371296455459763
0.5406930969237219,0.2694479807513945,0.18985892232488358,0.8620374065661829
0.15349295759119086,0.03856116122154413,0.807945881187265,0.35648163429428614
0.3718970742463542,0.08946803138758358,0.5386348943660624,0.6120372993987614
0.485638621458748,0.5117762969268556,0.002585081614396488,0.7083336369743608
0.8591279939867159,0.12516376002828117,0.015708245985002974,0.6712965840606687
0.39353700508516065,0.41687233236393717,0.18959066255090215,0.9879633864727358
0.2096603169973208,0.4116199156192667,0.3787197673834125,0.5435187515084311
0.34268505680730793,0.12486687702928188,0.5324480661634102,0.5972224782332846
0.7336629781212255,0.01635433846710625,0.24998268341166818,0.7490743951794221
0.3248541725085673,0.2299114527949517,0.44523437469648114,0.6342595311469766
0.020489463250576826,0.2512250195898421,0.7282855171595811,0.2064815699938333
0.0666849843095623,0.1543597212434541,0.7789552944469835,0.23981491761615614
0.3532577510783841,0.28011760835528937,0.36662464056632654,0.7268521634312068
0.2190568275496944,0.29881414844480886,0.48212902400549684,0.48611131949220837
0.19626786719369682,0.5548458042564272,0.24888632854987608,0.5935187729419154
0.15021221381322783,0.3899845225371574,0.45980326364961477,0.42870388747598565
0.7695915295796514,0.054928728712480994,0.17547974170786768,0.754629953116476
0.18794901691499283,0.18586085888803228,0.6261901241969748,0.39537053985366283
0.010666732420334233,0.8117275339795538,0.17760573360011211,0.2675927073014252
0.2718782685828944,0.5499067213018347,0.17821501011527083,0.8157410904240678
0.7612435708965756,0.03147433779549524,0.20728209130792932,0.7472225425337374
0.5924338912646318,0.29936748405185515,0.10819862468351309,0.8157410904240678
0.10122698410387508,0.2273812293421244,0.6713917865540004,0.3027779075694326
0.24918298486826745,0.04671249189270418,0.7041045232390284,0.4601853824526239
0.001985875448825115,0.01584858693060221,0.9821655376205727,0.156481548560349
0.4002322608438867,0.11278808068458875,0.48697965847152463,0.6416669417297151
0.19513034114002809,0.4608322663212736,0.3440373925386983,0.5509261620911695
0.07583605582983892,0.1955802211078662,0.7285837230622949,0.26944455994710975
0.27617716967454337,0.06388946187960545,0.659933368445851,0.49722243536631605
0.9247954574657715,0.048360717906635244,0.026843824627593115,0.6842595525804609
0.10919408673380307,0.77059387702288,0.12021203624331694,0.43611129805872406
0.21377362444540815,0.02921370040782108,0.7570126751467707,0.4175927716018781
0.07386139457982968,0.41832150132850576,0.5078171040916646,0.3342594025460709
0.009385704096681022,0.9524988129354005,0.03811548296791855,0.19351860147404104
0.7474899983187647,0.22818177270992704,0.024328228971308125,0.693518815808884
0.03418635675801705,0.14152395158442266,0.8242896916575602,0.20092601205677946
0.322650068303752,0.5526127643707975,0.12473716732545044,0.8601855539204983
0.011864060411688556,0.9834837580854416,0.004652181502869847,0.22685194909636391
0.8625462903681124,0.13448823870882565,0.002965470923061925,0.6583336155408764
0.1378182733648408,0.46464484353744157,0.3975368830977176,0.43055574012167025
0.1451249934241564,0.16539169673215282,0.6894833098436907,0.3490742237115477
0.39636054794352515,0.5255811403977447,0.07805831165873038,0.8175929430697524
0.5245131421634509,0.16718106023706122,0.30830579759948795,0.800926269258591
0.15253306183662418,0.10505232136072068,0.7424146168026551,0.35092607635723233
0.14657878410740285,0.3387368701923004,0.5146843457002966,0.4138890663105088
0.5845208052803953,0.4136518735218519,0.001827321197752762,0.6972225211002532
0.08674088403581068,0.4761714897137903,0.437087626250399,0.35462978164860154
0.2663023258322121,0.32942758893144886,0.40427008523633906,0.6083335941073922
0.7873330660723175,0.15020983923772427,0.06245709468995814,0.730555868722576
0.4521297657045072,0.3109517682694658,0.23691846602602698,0.9120374279996671
0.3028541657154432,0.5291913753901052,0.16795445889445149,0.8768522277316597
0.1729603142686269,0.5181315954952977,0.3089080902360754,0.5250002250515851
0.3110213457715482,0.57979022943364,0.10918842479481182,0.8231485010068061
0.1485833599140081,0.7194059559834642,0.1320106841025279,0.5453706041541158
0.26492032031089463,0.052773244484128505,0.6823064352049768,0.48425946684652377
0.48291335674857583,0.024093265436222908,0.4929933778152012,0.665741026123615
0.1548031408791849,0.01592452852995488,0.8292723305908601,0.3490742237115477
0.1430619192842896,0.7061629721348569,0.15077510858085352,0.5212965197602158
0.05010909747944387,0.8457980048498154,0.10409289767074079,0.31759272873490946
0.3427563699312239,0.35088943090537655,0.3063541991633996,0.7935188586758525
0.6002548898493988,0.27365616633341,0.12608894381719132,0.8138892377783832
0.6680367183871038,0.06728259297157176,0.2646806886413245,0.7750003322190064
0.5287344861354658,0.17266165424898977,0.29860385961554436,0.8120373851326986
0.18340374470178802,0.31638439028123694,0.500211865016975,0.44351870864146253
0.27328175046196046,0.15941491982980852,0.5673033297082312,0.5138891091774774
0.8221280237398484,0.17507999931681079,0.0027919769433407187,0.665741026123615
0.08272793506468125,0.6833855085475468,0.23388655638777198,0.39537053985366283
0.43956800203764634,0.18327413489682465,0.3771578630655292,0.7435188372423682
0.06968997090282708,0.04207979329201214,0.8882302358051607,0.23796306497047154
0.9625797707976291,0.02850515215038505,0.00891507705198576,0.6620373208322458
0.32043837828608085,0.4959947912295595,0.18356683048435957,0.9027781647712442
0.17318075786121917,0.10825592570551051,0.7185633164332704,0.36944460281407837
0.45432903256780427,0.3672100272089038,0.17846094022329206,0.9231485438737749
0.39435439867613364,0.5742722288668084,0.03137337245705793,0.7268521634312068
0.23069502410486556,0.681823698287306,0.08748127760782844,0.6768521419977226
0.26264169243403596,0.39924290146149705,0.33811540610446716,0.6583336155408764
0.09188918170101652,0.17879115909940357,0.72931965919958,0.28425938111258664
0.17231608261068737,0.7945444825656492,0.03313943482366339,0.5175928144688466
0.06997258563510053,0.817150887014832,0.11287652735006747,0.36203719223133995
0.021672318300478135,0.18042871998664753,0.7978989617128743,0.19722230676541025
0.4775078776604486,0.08890472768562978,0.4335873946539216,0.7027780790373069
0.11971574271647925,0.5647904812860233,0.3154937759974976,0.43796315070440867
0.11596134956356431,0.5803793538481223,0.30365929658831325,0.43611129805872406
0.0019158243904528983,0.9673643515450637,0.03071982406448342,0.1768519276628796
0.7901386267148394,0.08551947897437161,0.12434189431078896,0.7453706898880528
0.06354392252630997,0.07873576097530861,0.8577203164983814,0.2250000964506793
0.5674413488636568,0.185364294959559,0.24719435617678415,0.837963322172283
0.8034208976734003,0.17067205865639073,0.025907043670208896,0.6953706684545686
0.0026400581223754286,0.6081251453346902,0.3892347965429343,0.24722232819889453
0.162822772865528,0.5007248222046348,0.3364524049298373,0.49537058272063145
0.7275550266781273,0.04463173192487918,0.2278132413969935,0.754629953116476
0.503005695685314,0.4386427498106227,0.05835155450406339,0.7768521848646911
0.4083301620368172,0.055981121593111305,0.5356887163700716,0.6175928573358153
0.09439713167356287,0.37249655714738134,0.5331063111790558,0.3416668131288093
0.41754773000050965,0.3131179921225214,0.269334277876969,0.8824077856687135
0.5395907759511221,0.07249872651079757,0.38791049753808043,0.7361114266596298
0.6125244882169959,0.2349255316619716,0.15254998012103232,0.8120373851326986
0.8144556540371249,0.12532376610768675,0.060220579855188236,0.7287040160768914
0.1152172498841547,0.20174039951971218,0.683042350596133,0.3138890234435403
0.3863142818547947,0.054885914247068034,0.5587998038981372,0.6027780361703384
0.38220357724271165,0.39364987036484944,0.22414655239243894,0.9472226282676747
0.33038119193419135,0.05512234575104346,0.6144964623147651,0.5527780147368541
0.0993406773863162,0.23037631893703067,0.670283003676653,0.2990742022780635
0.530062916785597,0.31630008507075613,0.1536369981436467,0.8583337012748137
0.003150456243057094,0.4659128539167206,0.5309366898402224,0.23611121232478693
0.3536521750234527,0.14253568519556076,0.5038121397809867,0.6194447099814999
0.33143043445111525,0.6147803058582656,0.05378925969061912,0.7435188372423682
0.5959150292927059,0.34656596544479695,0.05751900526249714,0.7583336584078452
0.07374027551884689,0.914784715289393,0.011475009191760142,0.3398149604831247
0.2969550206448725,0.1798843369708833,0.5231606423842443,0.5712965411937002
0.6458603306966298,0.15769322395365953,0.19644644534971067,0.8046299745499601
0.5131539506269837,0.19592132155289071,0.29092472782012563,0.8212966483611216
0.42005620019817647,0.19393251289278265,0.3860112869090409,0.7342595740139453
0.7448771010004477,0.06856205297896757,0.1865608460205847,0.754629953116476
0.02014231201798288,0.23881685303942726,0.7410408349425899,0.2027778647024641
0.006494124577171092,0.2925331258339559,0.7009727495888729,0.19351860147404104
0.0525426791317071,0.22986755966097977,0.7175897612073131,0.25092603349026377
0.8976958710652871,0.07334560005762429,0.028958528877088583,0.6916669631631994
0.06022463421605922,0.4543219918364089,0.48545337394753185,0.31759272873490946
0.6531332307985123,0.23851772377445266,0.10834904542703509,0.7879633007387988
0.30659660943251144,0.23313704703406354,0.4602663435334251,0.6027780361703384
0.43350942913379736,0.3078355346846371,0.25865503618156543,0.8879633436057673
0.36771126203450627,0.4780865047650537,0.15420223320044013,0.9250003965194594
0.6362177879767089,0.055644890849067194,0.30813732117422377,0.7638892163448989
0.47846857732872544,0.13716543458868788,0.38436598808258665,0.7342595740139453
0.2372408324424951,0.1636240489466511,0.5991351186108538,0.4620372350983085
0.004760615502059119,0.29475761251887816,0.7004817719790627,0.19351860147404104
0.7737959734812964,0.07173817061487904,0.15446585590382453,0.7509262478251066
0.08040086501712178,0.39058996157705267,0.5290091734058257,0.33611125519175555
0.16360847689059702,0.33267380944710406,0.503717713662299,0.4250001821846165
0.13857065309766498,0.4874329799318803,0.3739963669704548,0.44166685599577793
0.051199205655605644,0.7433141790636157,0.20548661528077872,0.3453705184201785
0.13428578340356212,0.5177979233454613,0.3479162932509766,0.4453705612871471
0.45870032295108654,0.3049482235988373,0.23635145345007608,0.9027781647712442
0.4529880451949606,0.07227360245581227,0.47473835234922707,0.6694447314149841
0.002081782270841778,0.6104654741317348,0.3874527435974235,0.24722232819889453
0.6723000618113063,0.24617391986260093,0.08152601832609269,0.7601855110535296
0.09150654675989396,0.6830221754319666,0.22547127780813941,0.41203721366482426
0.2178278817405006,0.511140598276281,0.2710315199832184,0.6120372993987614
0.22808482100199232,0.1768223728055312,0.5950928061924764,0.4601853824526239
0.7125556791471342,0.19066148995660723,0.09678283089625854,0.7657410689905835
0.3356631726988969,0.11261858747994134,0.5517182398211616,0.5824076570678077
0.6780261642308892,0.10662745478879533,0.21534638098031555,0.7768521848646911
0.1777745253059505,0.5948125574676064,0.22741291722644305,0.5916669202962307
0.47566877694360166,0.17212091759869874,0.35221030545769977,0.7694447742819527
0.34456856751859427,0.6252790939420874,0.030152338539318355,0.7027780790373069
0.4768765779133816,0.2461880986951968,0.2769353233914216,0.847222585400706
0.849447423593589,0.05285800790786409,0.0976945684985468,0.730555868722576
0.22009498903064084,0.6135516040233874,0.16635340694597184,0.7138891949114146
0.3707592510450424,0.5282283728819105,0.10101237607304712,0.8527781433377598
0.18280758894712407,0.16159023819830973,0.6556021728545661,0.3916668345622936
0.02923213108616436,0.23765665879024944,0.7331112101235863,0.2231482438049947
0.38177118284927547,0.2625737589772077,0.35565505817351695,0.7472225425337374
0.14872919220779787,0.38064344534677325,0.47062736244542885,0.4250001821846165
0.49877794657839436,0.06513057634016134,0.43609147708144425,0.7046299316829916
0.4409710251082126,0.008768431510230313,0.550260543381557,0.6175928573358153
0.004501316405375156,0.7392525312159063,0.2562461523787186,0.2564815914273176
0.31205143817556785,0.26317318278298396,0.4247753790414481,0.6379632364383458
0.341541863766957,0.36127296108964796,0.2971851751433951,0.8064818271956448
0.3213072859425718,0.05940425498588996,0.6192884590715383,0.5472224567998003
0.3950436976393125,0.1527776916524911,0.4521786107081964,0.6768521419977226
0.22404022200471185,0.013985852819942683,0.7619739251753455,0.4231483295389319
0.16347245199577712,0.22356115339181842,0.6129663946124044,0.3842594239795552
0.5884660806607546,0.16900561071737333,0.2425283086218722,0.8157410904240678
0.0552583852392326,0.11060896193216535,0.8341326528286019,0.2231482438049947
0.37039556885198494,0.3874618332992942,0.2421425978487208,0.908333722708298
0.43981176450653564,0.09633614085323038,0.463852094640234,0.6750002893520379
0.29019924583463896,0.10025187492228832,0.6095488792430727,0.5305557829886389
0.1044071420359075,0.8731417355380796,0.02245112242601276,0.40277795043640124
0.11806349027602664,0.4834006650205892,0.3985358447033841,0.39907424514503204
0.010470489612213823,0.0016237505691934356,0.9879057598185927,0.18425933824561802
0.49651960163745396,0.20997278554769513,0.2935076128148508,0.8305559115895447
0.17415319249926808,0.2375970898421568,0.588249717658575,0.40462980308208585
0.5126282097346752,0.0486572970003142,0.4387144932650107,0.7009262263916224
0.3164547087296925,0.5910438568733247,0.09250143439698286,0.7990744166129063
0.046561712428562434,0.7647131728958602,0.18872511467557745,0.3453705184201785
0.014958450448521796,0.594297434843479,0.39074411470799914,0.2601852967186868
0.32200058688965294,0.6210267277617564,0.05697268534859047,0.7416669845966837
0.3606101124108651,0.233313138560531,0.406076749028604,0.6861114052261456
0.4543570867364062,0.12124973046600136,0.42439318279759264,0.7157410475570992
0.372622954527376,0.48761623354431893,0.13976081192830497,0.9120374279996671
0.7170291275683621,0.09017563195744048,0.19279524047419738,0.7638892163448989
0.12045878501592218,0.7805404492181461,0.09900076576593186,0.4527779718698855
0.3756229103107922,0.48185502987095385,0.1425220598182539,0.917592985936721
0.11066494750592244,0.32082418848917277,0.5685108640049048,0.3416668131288093
0.36469587459512093,0.06681759947752876,0.5684865259273503,0.5916669202962307
0.15669107319059167,0.27435912070683055,0.5689498061025777,0.3916668345622936
0.0787605818606504,0.5791141770556573,0.3421252410836923,0.3675927501683938
0.7528839532906412,0.06347904527988188,0.18363700142947692,0.754629953116476
0.9281726596103006,0.010076026040687924,0.06175131434901165,0.7009262263916224
0.5358172654998807,0.03780790908461426,0.426374825415505,0.7064817843286763
0.09843944915792185,0.21881556276222025,0.6827449880798578,0.2990742022780635
0.39754725129347274,0.3226124330227758,0.2798403156837515,0.8546299959834445
0.6851678354653523,0.09895618421517514,0.21587598031947236,0.7750003322190064
0.12390674645487686,0.6645817469942895,0.21151150655083376,0.4805557615551546
0.37943831299866276,0.5952157861575471,0.025345900843790185,0.7138891949114146
0.05313952537517758,0.6381295953973053,0.30873087922751724,0.31759272873490946
0.6261841249932366,0.3712703861295336,0.002545488877229697,0.7027780790373069
0.372305403681151,0.03820710308820338,0.5894874932306455,0.5898150676505463
0.714467966818108,0.11350601794050257,0.1720260152413894,0.7768521848646911
0.09727256494013521,0.20665254562019472,0.6960748894396702,0.300926054923748
0.169435407965681,0.28538033812380775,0.5451842539105113,0.41203721366482426
0.28672389907838286,0.10851046753544584,0.6047656333861713,0.5268520776972697
0.05522047268575874,0.25785328778167566,0.6869262395325655,0.263889002010056
0.17033831029010132,0.7103784560929575,0.11928323361694113,0.5861113623591769
0.020244389747440653,0.04532839694489626,0.9344272133076631,0.1768519276628796
0.286759479675206,0.5687013470842167,0.1445391732405774,0.8324077642352292
0.19979455724228462,0.15196471089592387,0.6482407318617917,0.41018536101913966
0.5032595396715932,0.47938973696124415,0.017350723367162722,0.7324077213682606
0.19669502835772706,0.15513670936706633,0.6481682622752066,0.40462980308208585
0.2605434566355222,0.27539827447175963,0.4640582688927183,0.5527780147368541
0.11791884654804188,0.058487635748035345,0.8235935177039228,0.3046297602151173
0.17872685277985217,0.4322087892299675,0.38906435799018035,0.48611131949220837
0.27344936347759674,0.6548467156972556,0.07170392082514783,0.71203734226573
0.7079205384963541,0.14856591542051703,0.14351354608312886,0.7750003322190064
0.28438507524725404,0.4868959549378865,0.2287189698148593,0.8138892377783832
0.12119122734367288,0.41513676364713586,0.4636720090091911,0.3935186872079782
0.11829729287482636,0.20648261794701475,0.675220089178159,0.31759272873490946
0.02163534982698017,0.8794400918543835,0.09892455831863627,0.24907418084457913
0.40336387907211757,0.3104967505613419,0.28613937036654075,0.8416670274636522
0.7862305140551104,0.04293141323849444,0.1708380727063951,0.7490743951794221
0.28788516734433356,0.621245015881063,0.09086981677460355,0.782407742801745
0.6929753565088959,0.21769064210163785,0.08933400138946622,0.7675929216362681
0.6348477938861109,0.04251897760025605,0.322633228513633,0.7527781004707913
0.046298060539725634,0.30911544854080886,0.6445864909194655,0.263889002010056
0.4294452851385093,0.2742171906675718,0.2963375241939189,0.8324077642352292
0.06545950061540273,0.15490433949736876,0.7796361598872287,0.23796306497047154
0.9103343364539124,0.0751813102956668,0.01448435325042104,0.6638891734779303
0.6407444768754911,0.1768259325800403,0.1824295905444685,0.810185532487014
0.5943860330467667,0.1480219884293186,0.25759197852391463,0.8083336798413293
0.7297982437129426,0.23502121345008914,0.03518054283696823,0.7083336369743608
0.07826055499992775,0.12506590958032007,0.796673535419752,0.25092603349026377
0.10748144908992754,0.00663780801287064,0.8858807428972019,0.28055567582121743
0.3988869970460102,0.02059836715976857,0.5805146357942212,0.6009261835246538
0.08005360305255105,0.1637992804123306,0.7561471165351183,0.26944455994710975
0.6496851714618769,0.1876520334651044,0.16266279507301865,0.800926269258591
0.7088409304978702,0.24423931406622054,0.046919755435909205,0.721296605494153
0.8674868825299271,0.06401200433081818,0.06850111313925475,0.721296605494153
0.4791750656745593,0.5068840276698694,0.013940906655571145,0.7287040160768914
0.08963329792478075,0.26594258121274517,0.6444241208624739,0.3046297602151173
0.1596542363344438,0.3385868311816552,0.5017589324839008,0.4231483295389319
0.803117952349295,0.14441809479733284,0.05246395285337235,0.721296605494153
0.3108487884213066,0.6353122211728226,0.05383899040587064,0.721296605494153
0.913904627526341,0.029665634018169584,0.05642973845548955,0.7009262263916224
0.22913511114058985,0.12300589976160445,0.6478589890978057,0.45833352980693937
0.44942034825445676,0.2950070857143698,0.25557256603117334,0.8750003750859752
0.23216395001394755,0.01393659585993723,0.7538994541261151,0.43611129805872406
0.9510199281048147,0.029856959938822505,0.019123111956362814,0.6750002893520379
0.06681001532663637,0.4663317390218347,0.46685824565152895,0.32314828667196327
0.4861233787525584,0.35971285242368645,0.1541637688237552,0.8824077856687135
0.33489775919279413,0.41137649334919235,0.2537257474580135,0.8453707327550215
0.2585734816411372,0.4149013462784283,0.32652517208043463,0.6620373208322458
0.3175744077198346,0.2918319860612721,0.3905936062188934,0.6750002893520379
0.3540168002379857,0.2522149580754348,0.3937682416865796,0.6990743737459377
0.6822029717296985,0.316174967772765,0.0016220604975365662,0.7009262263916224
0.15513842086223642,0.1688018128068314,0.6760597663309321,0.36203719223133995
0.3817575760357405,0.426431174874021,0.19181124909023858,0.9842596811813666
0.0397022834320968,0.8043786797976296,0.15591903677027366,0.31574087608922485
0.34262388784210907,0.424819831937426,0.23255628022046496,0.8879633436057673
0.6939318755579729,0.19474218456047654,0.11132593988155068,0.773148479573322
0.512102838147254,0.44736029799134813,0.04053686386139788,0.7583336584078452
0.05740238000857191,0.2057769104779315,0.7368207095134967,0.24907418084457913
0.7361569041497018,0.16789775414828903,0.09594534170200925,0.7638892163448989
0.6909162870459571,0.18992215209245847,0.11916156086158432,0.7750003322190064
0.43045329199816973,0.2876694652852608,0.2818772427165695,0.8453707327550215
0.2902672953264304,0.6298258437089351,0.07990686096463437,0.7675929216362681
0.1600275806156601,0.7753517737302512,0.06462064565408879,0.5305557829886389
0.6886981695677316,0.29361416850518945,0.017687661927078987,0.7083336369743608
0.548982759031763,0.0703901631112148,0.38062707785702227,0.7472225425337374
0.026579279458373704,0.8710532814744524,0.10236743906717391,0.26944455994710975
0.07748773884016358,0.04172465989124597,0.8807876012685906,0.24537047555320995
0.3782670289279899,0.4114052858651338,0.21032768520687634,0.9657411547245207
0.40723100017053826,0.07372328909634739,0.5190457107331145,0.6305558258556074
0.0501495847683373,0.6682268778862581,0.2816235373454045,0.32314828667196327
0.23830131619832381,0.07340633882078068,0.6882923449808956,0.4546298245155701
0.22531754494465214,0.3633242611941292,0.4113581938612187,0.5509261620911695
0.29727440309877357,0.5649110847819214,0.13781451211930487,0.8509262906920753
0.04229269814474226,0.29859842541062054,0.6591088764446371,0.2546297387816329
0.07283270705187553,0.07218396470847775,0.8549833282396466,0.24166677026184075
0.3284870927956573,0.4958392646950497,0.17567364250929296,0.9138892806453518
0.2416977409825734,0.27618988167019154,0.482112377347235,0.515740961823162
0.07545518010239871,0.6178829302703298,0.30666188962727164,0.36574089752270916
0.330452891026775,0.0528128940610281,0.616734214912197,0.5527780147368541
0.44125911749060864,0.04481496780593017,0.513925914703461,0.6509262049581381
0.21594735234999227,0.05730211345432089,0.7267505341956869,0.4268520348303011
0.6868053408066653,0.06458204857803466,0.24861261061530002,0.7638892163448989
0.6688077325242264,0.15373392447777917,0.1774583429979944,0.7972225639672218
0.37079974158398443,0.1270866249548722,0.5021136334611432,0.6268521205642382
0.37285685693064136,0.34819553299831124,0.2789476100710473,0.8453707327550215
0.2879619891677132,0.13391357866524708,0.5781244321670398,0.5324076356343235
0.2414725811973032,0.7421914324074311,0.016335986395265654,0.5694446885480156
0.14542797601145854,0.012715131996110095,0.8418568919924313,0.3453705184201785
0.6717090516987372,0.2893807160084216,0.03891023229284115,0.7287040160768914
0.3546114690067543,0.5617879582732497,0.08360057271999606,0.8194447957154369
0.2107411029137717,0.4223652470403107,0.36689365004591756,0.5601854253195926
0.2493624088014801,0.32459738590789616,0.42604020529062386,0.5750002464850694
0.17780327699849652,0.2875619771246002,0.5346347458769034,0.4268520348303011
0.18053275591777454,0.817385754109932,0.0020814899722935306,0.48240761420083916
0.40890869577960726,0.3075195653128097,0.2835717389075831,0.8453707327550215
0.15980203778618993,0.7839689267346138,0.05622903547919635,0.5138891091774774
0.47915086326837614,0.4186108325281127,0.10223830420351115,0.8601855539204983
0.10720257583155113,0.36455777433722275,0.5282396498312261,0.35462978164860154
0.2844682757552485,0.2599970683868699,0.45553465585788167,0.5712965411937002
0.17710565920864982,0.4867168940087061,0.336177446782644,0.515740961823162
0.3989867751213834,0.002073210117985163,0.5989400147606314,0.5953706255876
0.2697892748692653,0.6729974924421211,0.057213232688613565,0.6787039946434071
0.4324571695321208,0.2717110855183119,0.2958317449495672,0.8361114695265984
0.07391929564842731,0.9208628001142234,0.005217904237349475,0.34351866577449397
0.2574177693992627,0.13166774313239063,0.6109144874683468,0.487963172137893
0.23223978856235908,0.2372939607231574,0.5304662507144835,0.4805557615551546
0.7664162424878191,0.09371863916942655,0.13986511834275434,0.7527781004707913
0.0640902791905038,0.8216688439689177,0.1142408768405785,0.35277792900291693
0.4900922256682739,0.148281732385174,0.3616260419465523,0.7620373636992143
0.103388039855999,0.04747193421205804,0.8491400259319429,0.28055567582121743
0.2795590157052014,0.08091258655796572,0.6395283977368329,0.515740961823162
0.7693738406253069,0.07830276130576527,0.1523233980689278,0.7509262478251066
0.5782784318092811,0.31246086576643284,0.1092607024242861,0.8231485010068061
0.6100908720580065,0.06254829806036584,0.32736082988162757,0.7750003322190064
0.3091004263496101,0.1660185059706837,0.524881067679706,0.5842595097134924
0.07200478423756791,0.615604205694881,0.3123910100675511,0.36203719223133995
0.7103753144047018,0.1484262888708113,0.14119839672448695,0.773148479573322
0.16913809119360856,0.8113141455702564,0.019547763236135097,0.49907428801200066
0.13748110167152927,0.8318695827387522,0.030649315589718576,0.45833352980693937
0.6220733871390446,0.22149560369811333,0.15643100916284222,0.8083336798413293
0.340574186819863,0.3239996910284311,0.33542612215170575,0.7583336584078452
0.47439121854985233,0.2824276212094869,0.2431811602406607,0.8879633436057673
0.5599998600392451,0.10381688657321592,0.336183253387539,0.773148479573322
0.24538659033728727,0.6073014762828867,0.14731193337982612,0.7564818057621605
0.27974308256910635,0.5806144287028138,0.1396424887280799,0.8231485010068061
0.05654360618774862,0.5952265208585082,0.34822987295374325,0.3212964340262787
0.23253576145496627,0.6288782267683386,0.1385860117766953,0.7324077213682606
0.3487352193639199,0.5905672619117532,0.06069751872432668,0.7768521848646911
0.07469975834794518,0.6420823296991117,0.283217911952943,0.371296455459763
0.009731853074630498,0.1646097644351286,0.8256583824902408,0.18425933824561802
0.3990239313366978,0.5055931716177292,0.09538289704557305,0.8509262906920753
0.5724031245081916,0.17233290515851876,0.2552639703332895,0.82870405894386
0.20930111974704424,0.030179764371261315,0.7605191158816945,0.4064816557277704
0.06227360464910791,0.1397466256947781,0.7979797696561141,0.23240750703341773
0.2746068377801482,0.5188108470779008,0.206582315141951,0.8138892377783832
0.15468071660376254,0.8332488519640127,0.012070431432224712,0.47500020361810075
0.474045082060649,0.06416309887912902,0.46179181906022193,0.6805558472890918
0.046721635008855296,0.2705693357612865,0.6827090292298582,0.2546297387816329
0.1759049275782816,0.3763474113513194,0.44774766107039893,0.4638890877439932
0.2950325044379794,0.5739855251412438,0.13098197042077686,0.837963322172283
0.3641338103622742,0.09384196634834932,0.5420242232893764,0.6027780361703384
0.13148785188980935,0.6945253920502057,0.17398675605998504,0.49907428801200066
0.021378092771518146,0.019731634881143358,0.9588902723473386,0.18611119089130265
0.24969683441099808,0.12365716025466147,0.6266460053343405,0.47685205626378535
0.014677032916423109,0.7921610909362226,0.19316187614735436,0.2750001178841636
0.07289451242897202,0.40874720804502174,0.5183582795260063,0.3324075499003863
0.20759698273620014,0.7319406022249977,0.06046241503880206,0.6027780361703384
0.4938817819125245,0.14829832312059343,0.35781989496688205,0.7620373636992143
0.09568483108140739,0.8757853477088992,0.02852982120969345,0.380555718688186
0.15457241233430588,0.21072051460574068,0.6347070730599534,0.3750001607511322
0.5517873101267026,0.12719298051476535,0.3210197093585321,0.7916670060301679
0.254523769563226,0.5433451517262252,0.2021310787105488,0.7787040375103758
0.05076917115528452,0.3139499494586897,0.6352808793860257,0.26944455994710975
0.26782590400325357,0.1980418552294494,0.534132240767297,0.515740961823162
0.6434570821359091,0.008452973205594695,0.34808994465849624,0.7342595740139453
0.17631942566480868,0.4567513450103801,0.36692922932481115,0.4935187300749468
0.5985818891489574,0.3062040965719076,0.09521401427913494,0.7953707113215371
0.1751901319135887,0.3223037739178297,0.5025060941685815,0.43611129805872406
0.5792201458294732,0.08069923122922389,0.3400806229413029,0.7657410689905835
0.6343967060968947,0.014532331793067624,0.3510709621100377,0.7472225425337374
0.05295755519265216,0.8152255452849588,0.1318168995223891,0.3212964340262787
0.08316164102362297,0.798552178976675,0.11828617999970203,0.3842594239795552
0.020470278811640666,0.7095410154791773,0.2699887057091823,0.28055567582121743
0.09964547639591573,0.07408160819102158,0.8262729154130626,0.27870382317553277
0.07955052015281222,0.16986311126170658,0.7505863685854813,0.273148265238479
0.14866853581676204,0.665835481759689,0.18549598242354906,0.5398150462170619
0.2579615132876431,0.703517958092116,0.03852052862024077,0.6287039732099229
0.05160119635268856,0.5810247706031832,0.3673740330441282,0.31759272873490946
0.344614721932382,0.5469650388864213,0.10842023918119678,0.8527781433377598
0.1620891569320395,0.12407219641743587,0.7138386466505245,0.3601853395856554
0.39525313256384476,0.5395174538868817,0.06522941354927365,0.7935188586758525
0.7318051022871949,0.1524817592472503,0.11571313846555482,0.7620373636992143
0.46045598861510256,0.0031088430912927776,0.5364351682936046,0.6342595311469766
0.07360519554955283,0.779387027123627,0.14700777732682033,0.371296455459763
0.2773882971725188,0.15692352307245153,0.5656881797550297,0.515740961823162
0.28245138876549175,0.7071373141908832,0.010411297043624845,0.6009261835246538
0.09312625580926918,0.14692991447144824,0.7599438297192825,0.273148265238479
0.405561842171211,0.5269077290533627,0.0675304287754263,0.8064818271956448
0.32140951071334695,0.5503392603785658,0.12825122890808735,0.8620374065661829
0.3721931531794884,0.5252809206668003,0.10252592615371138,0.8546299959834445
0.022349095927448374,0.14077623292433797,0.8368746711482136,0.19537045411972565
0.10938437631193108,0.3008882988419736,0.5897273248460952,0.3324075499003863
0.02984822955839746,0.0783569836553944,0.8917947867862083,0.18611119089130265
0.0124575470854428,0.6773965979815646,0.3101458549329928,0.273148265238479
0.49454233361886735,0.39343514172291216,0.11202252465822038,0.8546299959834445
0.43845071988102774,0.15803572832350193,0.4035135517954703,0.7231484581398376
0.08440142925916912,0.6771205133251487,0.23847805741568218,0.3935186872079782
0.712461886543675,0.1522377881067213,0.13530032534960373,0.7750003322190064
0.20531876741208904,0.3094603747843768,0.4852208578035342,0.4638890877439932
0.17580486365289982,0.7182137637903092,0.10598137255679096,0.6083335941073922
0.5578835030492783,0.14023870133945604,0.3018777956112657,0.8046299745499601
0.6980643832970826,0.041153952898528814,0.2607816638043886,0.7583336584078452
0.6320899484165583,0.09048739088970618,0.2774226606937355,0.7842595954474295
0.3126546837837433,0.07827658312839804,0.6090687330878587,0.5398150462170619
0.8886602625477094,0.05999376814432238,0.051345969307968434,0.7083336369743608
0.2621411967011251,0.5949935069190333,0.14286529637984158,0.7898151533844833
0.005100924774125025,0.19793497286025746,0.7969641023656174,0.18240748559993344
0.11001702734445813,0.12078120524820808,0.7692017674073338,0.2861112337582712
0.36126881321681076,0.38680852483886424,0.251922661944325,0.8805559330230288
0.5177398480085231,0.16455696860122382,0.31770318339025294,0.7972225639672218
0.4182812306686118,0.46232540298773245,0.11939336634365581,0.8879633436057673
0.1613513453403285,0.6816143062380786,0.157034348421593,0.5694446885480156
0.29417133881563007,0.10198753645846886,0.603841124725901,0.5379631935713772
0.041687314968830436,0.6296699780325722,0.32864270699859754,0.3027779075694326
0.156769185478915,0.5917030221663964,0.2515277923546886,0.5324076356343235
0.4394063596639409,0.48704026822879487,0.07355337210726426,0.8175929430697524
0.79231351635326,0.005951231955155383,0.20173525169158463,0.7342595740139453
0.23880914741770817,0.5344995218443017,0.2266913307379901,0.71203734226573
0.3111745022413593,0.36296200928178357,0.32586348847685714,0.7398151319509991
0.07964438718267627,0.7041314936450661,0.21622411917225764,0.39722239249934743
0.025783862553287743,0.472770972620852,0.5014451648258602,0.26944455994710975
0.283696514862685,0.5498469183755876,0.16645656676172738,0.8490744380463907
0.23639268253027532,0.038986060509065355,0.7246212569606594,0.44722241393283174
0.3368851649083058,0.1726330354566069,0.4904817996350874,0.6175928573358153
0.36353187578206925,0.29875532008956696,0.3377128041283638,0.7583336584078452
0.416039577987055,0.44370227833782844,0.14025814367511658,0.908333722708298
0.11303079218744895,0.12694047016217214,0.7600287376503789,0.2935186443410096
0.743241513251495,0.18982342222040008,0.06693506452810496,0.7398151319509991
0.26536836865087005,0.3355386823181496,0.3990929490309805,0.6120372993987614
0.3196556953786989,0.6750247941075266,0.005319510513774314,0.6324076785012921
0.07782829494729679,0.06665331582681044,0.8555183892258927,0.24351862290752535
0.051587955219727456,0.4906233307616154,0.45778871401865706,0.3027779075694326
0.14298388750788377,0.7852130013592465,0.07180311113286973,0.5194446671145312
0.2224670813728925,0.7617175003574429,0.015815418269664643,0.5509261620911695
0.20302993242953232,0.30790890622974193,0.4890611613407258,0.4620372350983085
0.6224673193812756,0.11459990493747517,0.26293277568124923,0.7972225639672218
0.16842115832481908,0.6243888991353664,0.20718994253981435,0.5675928359023309
0.13118918936322663,0.7210505709621493,0.14776023967462396,0.49722243536631605
0.411099287013568,0.282965276351891,0.30593543663454104,0.8212966483611216
0.7229675039085393,0.07270187033833594,0.20433062575312472,0.7583336584078452
0.4256644837318993,0.04929473585860966,0.525040780409491,0.6324076785012921
0.9050423020180146,0.0560640167022773,0.03889368127970806,0.6953706684545686
0.05752219092729662,0.4985312831119904,0.4439465259607129,0.31018531815217104
0.22768443438637706,0.17273257348077106,0.5995829921328519,0.45648167716125476
0.30293009718906944,0.34780187078017005,0.34926803203076034,0.7138891949114146
0.2826119475171331,0.16818867407789115,0.5491993784049757,0.5305557829886389
0.9712679508652836,0.008987557635684158,0.019744491499032152,0.6768521419977226
0.5714190073922659,0.05817686607893063,0.3704041265288036,0.7509262478251066
0.7003195300488867,0.18038639802069084,0.11929407193042256,0.7712966269276373
0.1508655849539354,0.25486858326560813,0.5942658317804563,0.3787038660425014
0.19854886572634117,0.7057858593323566,0.09566527494130227,0.6398150890840304
0.3255070429096911,0.3288789851338522,0.34561397195645677,0.7342595740139453
0.98575343956983,0.011913117758897697,0.002333442671272479,0.6453706470210843
0.07185303481442142,0.07487387090053907,0.8532730942850396,0.24166677026184075
0.04478724824916424,0.4396693055255062,0.5155434462253295,0.29166679169532506
0.544567341698337,0.40904895686574877,0.0463837014359143,0.7638892163448989
0.2799181533728505,0.07575144853123993,0.6443303980959096,0.5138891091774774
0.46992932133107385,0.4083534767570081,0.12171720191191815,0.8824077856687135
0.9081670985047183,0.06559161210980306,0.026241289385478605,0.6898151105175148
0.18991882746572075,0.07519031747003527,0.7348908550642439,0.3879631292709244
0.038012894455125415,0.7190454778646709,0.2429416276802036,0.3138890234435403
0.2959518951907656,0.28644826845079796,0.4175998363584364,0.6305558258556074
0.10074832349726022,0.8523882768146093,0.04686339968813046,0.3842594239795552
0.035448528839774535,0.23416736429437068,0.7303841068658548,0.22870380174204852
0.17253236016459286,0.4755523262278881,0.3519153136075191,0.5027779933033698
0.0718362141007527,0.9089951213029409,0.019168664596306572,0.3379631078374401
0.683877418187855,0.10862996759224033,0.20749261421990453,0.7768521848646911
0.46478964917650706,0.15968305892397272,0.37552729189952033,0.7490743951794221
0.3300450398432295,0.3510827599583202,0.31887220019845014,0.7583336584078452
0.21574176329442582,0.5138410167269934,0.27041721997858076,0.6083335941073922
0.506304199260482,0.2290844657864192,0.2646113349530989,0.856481848629129
0.384131705556529,0.20815572764223905,0.407712566801232,0.7009262263916224
0.020402556426503838,0.5548580339936182,0.4247394095798779,0.26944455994710975
0.16028853919431998,0.83246269643637,0.007248764369309791,0.4712964983267316
0.1340322125588718,0.03685760879214616,0.829110178648982,0.3324075499003863
0.4556529896604327,0.5428955329970286,0.0014514773425385547,0.6972225211002532
0.33367119727605177,0.5853144019776205,0.08101440074632776,0.7953707113215371
0.7846706106723773,0.0657061238851194,0.14962326544250346,0.7472225425337374
0.3465729729011165,0.5688218357181348,0.08460519138074866,0.810185532487014
0.2900254510799577,0.3238300963953265,0.38614445252471596,0.6564817628951919
0.14112385714155887,0.27619121136409724,0.5826849314943439,0.36574089752270916
0.17241062434383353,0.44754568191816474,0.3800436937380016,0.48240761420083916
0.05910927534098508,0.021879978077392222,0.9190107465816225,0.2250000964506793
0.31260189726333293,0.6033020711681616,0.08409603156850562,0.7842595954474295
0.15968218625294708,0.1408698746541473,0.6994479390929056,0.3601853395856554
0.6868902606770315,0.16671861827577267,0.14639112104719587,0.7898151533844833
0.528699878961504,0.24822817039637093,0.223071950642125,0.8768522277316597
0.2636540430482188,0.22514828509177945,0.5111976718600016,0.5120372565317929
0.08158280945730798,0.7259867692746601,0.19243042126803206,0.40462980308208585
0.8028781013065854,0.08522374736071434,0.1118981513327003,0.7379632793053145
0.523988514818213,0.2696980091858716,0.20631347599591535,0.8750003750859752
0.39881791819527357,0.5948670511803021,0.006315030624424211,0.693518815808884
0.17710257246742347,0.5987502985546888,0.22414712897788766,0.5953706255876
0.37686717629837113,0.11515399844642303,0.5079788252552058,0.623148415272869
0.3730637803025558,0.5103682193573986,0.11656800034004564,0.8694448171489213
0.110718665084949,0.8102825977894058,0.07899873712564504,0.41018536101913966
0.2994978012525949,0.26538433321251786,0.4351178655348871,0.6120372993987614
0.34080693619022767,0.2352479697553628,0.4239450940544095,0.6620373208322458
0.01502976513832522,0.11874237985919169,0.866227855002483,0.1805556329542488
0.23477404671495233,0.523330330448897,0.24189562283615065,0.6898151105175148
0.4390864706225157,0.2589902372899878,0.3019232920874964,0.82870405894386
0.1462516107715022,0.5095133844157251,0.34423500481277275,0.4638890877439932
0.5563323410586932,0.33485555110698373,0.10881210783432299,0.8268522062981755
0.009907275588532903,0.749188810969699,0.24090391344176812,0.2657408546557406
0.1549560726474548,0.07068897623466387,0.7743549511178813,0.35648163429428614
0.3996455980768715,0.37177018151406993,0.2285842204090585,0.9416670703306208
0.5511789249391679,0.4384300818349645,0.010390993225867513,0.7231484581398376
0.6224523093872011,0.031755384706556186,0.3457923059062426,0.7583336584078452
0.17262653361224525,0.18411466965355172,0.6432587967342029,0.3824075713338706
0.02046062237899969,0.9454934579708174,0.03404591965018295,0.20833342263951787
0.058422173886491485,0.8437298959563224,0.09784793015718596,0.3212964340262787
0.6651646566678842,0.3222426224421182,0.012592720889997687,0.7101854896200455
0.015718286171965083,0.36059666294546544,0.6236850508825695,0.22685194909636391
0.19240032655518102,0.270190207966253,0.5374094654785659,0.42870388747598565
0.4391834799377956,0.11857859180492071,0.44223792825728364,0.6990743737459377
0.30132896554795524,0.40334840323486715,0.29532263121717767,0.7490743951794221
0.5181616870017908,0.03270643769249305,0.449131875305716,0.693518815808884
0.3879571700007464,0.5594590403141805,0.052583789685073,0.7638892163448989
0.1509395825448505,0.46229955592381433,0.38676086153133515,0.44722241393283174
0.04431974794984201,0.8556966684137804,0.09998358363637747,0.30833346550648644
0.7048575116600531,0.29240512497512516,0.002737363364821774,0.693518815808884
0.39836211060928733,0.5128124585553565,0.08882543083535624,0.8398151748179676
0.43538965998002205,0.19988057657093908,0.36472976344903874,0.7509262478251066
0.3063684141313971,0.2868053650105377,0.40682622085806514,0.6527780576038227
0.06652548934150138,0.7521545252405111,0.18131998541798763,0.3824075713338706
0.1484679882586553,0.6521267511059614,0.1994052606353833,0.5398150462170619
0.12884990376761699,0.5140343219594762,0.3571157742729069,0.42870388747598565
0.04241975792239427,0.14642624252818787,0.8111539995494178,0.21203712793088708
0.4060008480876266,0.4049000052156445,0.18909914669672873,0.9842596811813666
0.04130117784291406,0.4586718171489876,0.5000270050080984,0.28981493904964045
0.6633046384300151,0.2834547921626413,0.05324056940734362,0.7435188372423682
0.008736576411089193,0.9024543093588212,0.08880911423008961,0.2250000964506793
0.10336198555288098,0.6534627011862393,0.24317531326087982,0.4157409189561935
0.03244566260005137,0.2949516811175216,0.672602656282427,0.23981491761615614
0.035304745141550305,0.7718931366652919,0.19280211819315776,0.30833346550648644
0.10868628664752264,0.36052752704834645,0.5307861863041309,0.35462978164860154
0.4846591287325213,0.38152716817357474,0.1338137030939041,0.8805559330230288
0.6024080120399873,0.010001096662890348,0.38759089129712243,0.7268521634312068
0.11973474926988595,0.8162452241941132,0.06402002653600093,0.4324075927673549
0.7400555240444379,0.09661167039708832,0.16333280555847388,0.7638892163448989
0.5576467006861704,0.3747911882811869,0.06756211103264265,0.7750003322190064
0.04082469413850459,0.6880971487252701,0.2710781571362254,0.3194445813805941
0.5889443072594822,0.23890517850301446,0.17215051423750338,0.8268522062981755
0.13936009356156775,0.3206386339507832,0.5400012724876491,0.3861112766252398
0.06172655016599584,0.8979030242157264,0.040370425618277604,0.2935186443410096
0.19466824071737812,0.6670745375146608,0.13825722176796093,0.6416669417297151
0.4203383173940359,0.1553360674993332,0.42432561510663097,0.6990743737459377
0.791853806781665,0.06108487523121464,0.14706131798712035,0.7472225425337374
0.36563779132720087,0.13603776039369453,0.4983244482791047,0.6287039732099229
0.14702935270679626,0.7218058148600978,0.13116483243310598,0.5416668988627465
0.23761277812296838,0.4390749293700009,0.3233122925070307,0.6268521205642382
0.17380025559429096,0.5088703626665467,0.31732938173916225,0.5231483724059005
0.18848578919673234,0.1652138126270435,0.6463003981762242,0.39907424514503204
0.11172224469235836,0.13770854569501945,0.7505692096126221,0.29537049698669426
0.027878263282288932,0.30168546534039586,0.6704362713773151,0.22870380174204852
0.11848701453751738,0.6836094679829318,0.19790351747955084,0.47500020361810075
0.7175688190745606,0.1406967629688196,0.14173441795661984,0.7675929216362681
0.6288575467641343,0.13987467811826645,0.23126777511759924,0.800926269258591
0.31342388532930543,0.25378990908444854,0.43278620558624603,0.6324076785012921
0.32536327825660644,0.2972334685310094,0.3774032532123842,0.6916669631631994
0.19023305800849422,0.06990727145735297,0.7398596705341528,0.389814981916609
0.6988436681537006,0.10913099164624929,0.19202534020005016,0.7787040375103758
0.2728712089638877,0.30126812255312,0.4258606684829923,0.5935187729419154
0.030687315833739497,0.9231125191080026,0.046200165058257796,0.23055565438773312
0.21125181636197352,0.5880664941502974,0.2006816894877291,0.6768521419977226
0.024595275329122326,0.6401322066813222,0.3352725179895554,0.28055567582121743
0.6679802114833963,0.24004399336163929,0.09197579515496437,0.7712966269276373
0.5149020292134708,0.13793292515873565,0.3471650456277934,0.7787040375103758
0.08268881828411499,0.08065606346426224,0.8366551182516228,0.2546297387816329
0.64862750623273,0.13330605843336046,0.2180664353339095,0.7916670060301679
0.4974974861161339,0.03282938341709794,0.4696731304667681,0.6712965840606687
0.21782038184462665,0.6062812129540395,0.17589840520133385,0.6972225211002532
0.7873487700537257,0.0387787417219396,0.1738724882243348,0.7472225425337374
0.014094313631665236,0.198523710604532,0.7873819757638026,0.18981489618267186
0.5370049137056926,0.254763803897449,0.2082312823968584,0.8638892592118675
0.19847310892911413,0.30271890224630527,0.49880798882458055,0.4527779718698855
0.09394994967372976,0.8745181231620577,0.03153192716421269,0.3824075713338706
0.41611626118929185,0.13266435807017468,0.45121938074053336,0.6805558472890918
0.29892556236448425,0.39225293037711056,0.3088215072584053,0.7287040160768914
0.33777995896729135,0.244400466041492,0.41781957499121664,0.6712965840606687
0.14296008669753468,0.5309241071290284,0.326115806173437,0.47500020361810075
0.2898074277196097,0.18592634187736048,0.5242662304030298,0.5583335726739079
0.12770735098338004,0.21105787864887265,0.6612347703677472,0.3324075499003863
0.205422421310299,0.6658736619637992,0.1287039167259019,0.6712965840606687
0.14049197178004622,0.6692346339850558,0.1902733942348979,0.5287039303429543
0.49911549979154324,0.2781924613036931,0.22269203890476377,0.8879633436057673
0.3224590447215947,0.038579206933700226,0.6389617483447052,0.5398150462170619
0.519720591430909,0.07282059141020095,0.4074588171588901,0.7175929002027838
0.6382396537848297,0.1410766128882756,0.22068373332689467,0.7953707113215371
0.19155721286920127,0.43761088472040444,0.3708319024103942,0.5212965197602158
0.20866796588324657,0.40173949493705,0.3895925391797033,0.534259488280008
0.32997790910270614,0.5304587536661384,0.13956333723115547,0.8842596383143981
0.4427009461906458,0.19826997880999883,0.35902907499935527,0.7638892163448989
0.4345702676529326,0.1355286917804624,0.429901040566605,0.7064817843286763
0.20118553280667378,0.5186521319963457,0.2801623351969805,0.5768520991307539
0.44157477247486976,0.2767333948874722,0.28169183263765823,0.8509262906920753
0.039241503908962964,0.6653333329048141,0.295425163186223,0.3064816128608019
0.5712322449522659,0.14714714334737442,0.2816206117003596,0.8083336798413293
0.13674284244672044,0.7170238924522156,0.14623326510106383,0.5101854038861082
0.3432460648323276,0.4459263089152342,0.21082762625243817,0.9231485438737749
0.23885065021974192,0.721382266724725,0.039767083055533024,0.6027780361703384
0.8747539474290242,0.10439454278743235,0.020851509783543398,0.6750002893520379
0.09446361913869596,0.6665128269582438,0.2390235539030602,0.4138890663105088
0.7288420721030547,0.26319592554734433,0.007962002349600891,0.6898151105175148
0.42962770696446984,0.0397833388557594,0.5305889541797707,0.6287039732099229
0.09020647585098863,0.20771787356714116,0.7020756505818703,0.28981493904964045
0.5800660302616998,0.08732790033667015,0.33260606940163007,0.7712966269276373
0.07227307768905346,0.5619342625648763,0.3657926597460702,0.34351866577449397
0.2991787461066187,0.5033849106813185,0.19743634321206266,0.8694448171489213
0.2769542861754214,0.13061785991441038,0.5924278539101683,0.5175928144688466
0.8681114481937301,0.0020154740370614353,0.1298730777692083,0.730555868722576
0.21241105013627357,0.6118788507532854,0.175710099110441,0.6842595525804609
0.4520098254955229,0.3675504774933114,0.18043969701116574,0.926852249165144
0.0905116094663455,0.8246829527481813,0.0848054377854732,0.3842594239795552
0.4144160146959228,0.19028508905676603,0.3952988962473112,0.7194447528484684
0.02832703741230537,0.5298659465310445,0.44180701605665024,0.2750001178841636
0.1331905887874342,0.26594774274587696,0.6008616684666889,0.3472223710658631
0.12153367094796105,0.5290546190263191,0.34941171002571986,0.4231483295389319
0.47049866797618417,0.36441139879124057,0.16508993323257523,0.9009263121255595
0.12046223350358494,0.43772953328599407,0.44180823321042095,0.3916668345622936
0.9185486480047264,0.03531462531339219,0.04613672668188152,0.6916669631631994
0.5858583596887803,0.4044722411760526,0.009669399135166871,0.7138891949114146
0.014929025693151585,0.51101656092962,0.4740544133772285,0.25092603349026377
0.12418352007904991,0.6228032439473935,0.25301323597355657,0.4620372350983085
0.7074377257777695,0.2406248187053617,0.05193745551686876,0.7268521634312068
0.2871412669007905,0.30861031156356167,0.4042484215356478,0.6287039732099229
0.021676305922070985,0.9239507547452424,0.05437293933268683,0.2231482438049947
0.1272002558090245,0.4300108162295992,0.4427889279613762,0.39722239249934743
0.2081188976076281,0.5307806578242668,0.2611004445681051,0.5990743308789692
0.4176617448413235,0.5710874917615889,0.011250763397087662,0.6916669631631994
0.2800629980654021,0.7141262859830693,0.005810715951528529,0.5935187729419154
0.1458484555312705,0.731844440255479,0.12230710421325038,0.5361113409256927
0.12713118223031472,0.8268285849932241,0.04604023277646129,0.44351870864146253
0.01662945337326984,0.4834929980120264,0.49987754861470385,0.2564815914273176
0.20167601412000563,0.22793234154333142,0.570391644336663,0.43055574012167025
0.8049257088359102,0.1848517293104582,0.010222561853631466,0.6731484367063533
0.13406177285784926,0.40184135875452937,0.46409686838762143,0.41018536101913966
0.5118179363440271,0.3462532665569256,0.14192879709904732,0.8638892592118675
0.17167857477691068,0.43526739755822813,0.39305402766486114,0.47870390890946996
0.22270816051422082,0.026343831264751316,0.7509480082210278,0.4324075927673549
0.29623656692570827,0.21996226025143437,0.48380117282285734,0.5768520991307539
0.35336102708038747,0.07462141425048172,0.5720175586691308,0.5805558044221232
0.3198262872580869,0.19301146222472354,0.4871622505171893,0.6046298888160231
0.20704455840921498,0.5313563500701907,0.26159909152059424,0.5990743308789692
0.9259789293726718,0.049769310494721754,0.024251760132606322,0.6824076999347763
0.2794460108086649,0.11746418773572595,0.6030898014556092,0.5194446671145312
0.22565207947484628,0.714814164195465,0.05953375632968872,0.623148415272869
0.40702103746776286,0.4256974787044405,0.16728148382779653,0.9546300388504131
0.4309538241110292,0.2830274351607413,0.2860187407282295,0.8453707327550215
0.37361183806083764,0.014157900689920696,0.6122302612492417,0.5842595097134924
0.5250287928439858,0.0016981565613911043,0.4732730505946231,0.6712965840606687
0.3374118273020834,0.5165147621929669,0.14607341050494962,0.9009263121255595
0.24584230777894595,0.40905351060824585,0.3451041816128081,0.6287039732099229
0.5497671788708403,0.2030730003416022,0.24715982078755758,0.8509262906920753
0.4847586966509564,0.1626972322085885,0.3525440711404551,0.7675929216362681
0.22458409681434993,0.21300709706553936,0.5624088061201107,0.4657409403896778
0.2236211108813382,0.48101889084232174,0.2953599982763402,0.6250002679185536
0.28286325954858177,0.16648382978299947,0.5506529106684187,0.5287039303429543
0.44474384505913445,0.4292684979003233,0.12598765704054213,0.8861114909600827
0.7608363419164212,0.15274039298870704,0.08642326509487182,0.7490743951794221
0.40136601013023726,0.2910306609083766,0.3076033289613862,0.8120373851326986
0.0771670514854242,0.22327777917476466,0.6995551693398111,0.27685197052984817
0.2561095167555252,0.420101023408092,0.32378945983638263,0.6601854681865611
0.6078912860721406,0.11018479290880832,0.28192392101905106,0.7879633007387988
0.05019638566755816,0.44727133939887515,0.5025322749335666,0.300926054923748
0.02566706108414153,0.6603303274391186,0.31400261147674,0.28796308640395585
0.14837134108184488,0.6097991327287818,0.24182952618937323,0.5231483724059005
0.2272896234360009,0.20526674291258235,0.5674436336514168,0.4731483509724162
0.6086251764520035,0.38198962006440207,0.009385203483594323,0.71203734226573
0.6913290820414575,0.2996753246971853,0.008995593261357234,0.7027780790373069
0.6106738341642672,0.07988543925617315,0.3094407265795596,0.7768521848646911
0.18608908706513583,0.161190628974095,0.6527202839607692,0.39537053985366283
0.16046264746176755,0.0218557421756962,0.8176816103625363,0.36203719223133995
0.586656757692326,0.2671888325922358,0.1461544097154382,0.8231485010068061
0.05600537119522773,0.8988960959517488,0.04509853285302349,0.28425938111258664
0.06991866022308972,0.7583962614240266,0.17168507835288363,0.3824075713338706
0.011000306059707594,0.7797860399858421,0.2092136539544505,0.2750001178841636
0.3611088443440015,0.16516964111448149,0.4737215145415169,0.6416669417297151
0.3576493224158386,0.4709321274477749,0.17141855013638646,0.9416670703306208
0.8705462135724906,0.040918210987776656,0.0885355754397329,0.7175929002027838
0.12265140270220508,0.32329948385111107,0.5540491134466838,0.35092607635723233
0.5982726054292102,0.3206177550390009,0.08110963953178894,0.7842595954474295
0.45963170060329867,0.1369584608528005,0.40340983854390083,0.7231484581398376
0.16205007932334412,0.3022618950283919,0.5356880256482638,0.41203721366482426
0.631345992894422,0.19048391039750281,0.17817009670807518,0.8138892377783832
0.08421513176179331,0.7487935392831788,0.16699132895502788,0.41018536101913966
0.16264118764895621,0.6754521831024575,0.16190662924858618,0.5731483938393848
0.36098300701446606,0.42594962581523704,0.21306736717029695,0.9416670703306208
0.016773989166266892,0.6483284183813125,0.3348975924524205,0.27129641259279436
0.49164492101381485,0.12309269582036718,0.38526238316581807,0.7324077213682606
0.6502133839856632,0.21973408287023552,0.1300525331441013,0.7916670060301679
0.061065547401836444,0.02135293540128618,0.9175815171968774,0.2250000964506793
0.040876718556344026,0.47154353258799137,0.48757974885566446,0.28981493904964045
0.2615427093837621,0.6196061338211861,0.11885115679505183,0.7675929216362681
0.5411600987796025,0.14274996506193738,0.31608993615846015,0.7916670060301679
0.23894754232939147,0.4177704469904302,0.3432820106801783,0.6175928573358153
0.44034349391052635,0.2309889147960305,0.3286675912934432,0.8064818271956448
0.3985516395035546,0.5716230636838314,0.029825296812613936,0.7268521634312068
0.1907319925476865,0.5874780847218237,0.2217899227304898,0.613889152044446
0.21743861168533196,0.28532299610979095,0.49723839220487703,0.47500020361810075
0.9034455402769285,0.0718282492439795,0.024726210479091945,0.6861114052261456
0.17102384160516604,0.041635674275581035,0.787340484119253,0.380555718688186
0.3567379773698013,0.10418755733418139,0.5390744652960172,0.5990743308789692
0.6518848537599685,0.14466517212891744,0.20344997411111396,0.7953707113215371
0.7101549357218864,0.0715463928371722,0.21829867144094123,0.7564818057621605
0.16538092841304264,0.43257252179129263,0.4020465497956648,0.46759279303536233
0.18894275576160577,0.33085456969837174,0.4802026745400225,0.45648167716125476
0.5266543746442921,0.1645979951099026,0.30874763024580537,0.800926269258591
0.5322244280411182,0.3944041878530785,0.07337138410580324,0.7898151533844833
0.03529056154867795,0.7707269447949809,0.193982493656341,0.31018531815217104
