audio,bloque_id,chars,subcaso,fecha,tipo,y2_sa,y4_nv,y10_rep,y8_mafapo_cs,y9_cidh_cs,corpus,y2_sa_z,y4_nv_z,y10_rep_z,y8_mafapo_cs_z,y9_cidh_cs_z,DIS,IEI
catatumbo,catatumbo_b0000,2000,Norte de Santander,2022-04-26,audiencia_reconocimiento,1.0,0.15151515151515152,0.0,0.1200124773568475,0.2414069771766662,C,0.6344616351606505,0.41086866944046313,0.3775665438670359,0.17019698002664468,0.3932234434485407,0.5525956434502789,0.3654174902857424
catatumbo,catatumbo_b0001,2001,Norte de Santander,2022-04-26,audiencia_reconocimiento,0.49714285714285716,0.11111111111111112,0.15,0.177423147746315,0.2869818806648254,C,0.20690984109279112,0.38187068812541963,0.5553094270236235,0.42811469751340064,0.7021108733306578,0.3394803571192867,0.47466810542245197
catatumbo,catatumbo_b0002,2001,Norte de Santander,2022-04-26,audiencia_reconocimiento,1.0,0.880952380952381,0.26785714285714285,0.1607195539856248,0.2172495126724243,C,0.6344616351606505,0.8615760075421413,0.687715654283807,0.33934043017292653,0.24635054955971503,0.617298478660835,0.4458901315012412
catatumbo,catatumbo_b0003,2001,Norte de Santander,2022-04-26,audiencia_reconocimiento,1.0,0.12962962962962965,0.0,0.1384132256744252,0.2334361672401428,C,0.6344616351606505,0.39507060684786266,0.3775665438670359,0.2369867257885792,0.34082983787733456,0.5470663215428688,0.3743656645400281
catatumbo,catatumbo_b0004,2000,Norte de Santander,2022-04-26,audiencia_reconocimiento,1.0,0.37037037037037035,0.20833333333333331,0.1422531951184146,0.2095261216163635,C,0.6344616351606505,0.5735480165446833,0.6231497179781856,0.25300012385852777,0.20800744393485557,0.5358584627034111,0.34890859267798957
catatumbo,catatumbo_b0005,2004,Norte de Santander,2022-04-26,audiencia_reconocimiento,1.0,1.0,0.0,0.1871810778848927,0.2538908720016479,C,0.6344616351606505,0.8989550246610704,0.3775665438670359,0.4826336352516528,0.47998330342977613,0.7234258677774914,0.6141438804158942
catatumbo,catatumbo_b0006,2000,Norte de Santander,2022-04-26,audiencia_reconocimiento,1.0,1.0,0.0,0.1756628603108667,0.2718977928161621,C,0.6344616351606505,0.8989550246610704,0.3775665438670359,0.4184245674044116,0.6058814561312612,0.7234258677774914,0.6168503372096568
catatumbo,catatumbo_b0007,2006,Norte de Santander,2022-04-26,audiencia_reconocimiento,1.0,0.15151515151515152,0.0,0.1472513058040385,0.2167139053344726,C,0.6344616351606505,0.41086866944046313,0.3775665438670359,0.2748882345501837,0.243544181575936,0.5525956434502789,0.3721235769944601
catatumbo,catatumbo_b0008,1999,Norte de Santander,2022-04-26,audiencia_reconocimiento,0.215,0.03763440860215054,0.0,0.1604833864294036,0.2593517899513244,C,0.08264556164712113,0.3313475291723021,0.3775665438670359,0.3381474521236244,0.5186413728014506,0.3316276186266873,0.429403456323227
catatumbo,catatumbo_b0009,2003,Norte de Santander,2022-04-26,audiencia_reconocimiento,0.10789473684210525,0.0,0.0,0.2153893692086405,0.3099769353866577,C,0.056755767285796725,0.3068205197831304,0.3775665438670359,0.6379874868001186,0.8188874103938699,0.3139817373140137,0.5882649236311909
catatumbo,catatumbo_b0010,2003,Norte de Santander,2022-04-26,audiencia_reconocimiento,0.3526315789473684,0.2631578947368421,0.0,0.1135337944519536,0.2553086280822754,C,0.13144337408958176,0.4936578712098131,0.3775665438670359,0.1505447960076576,0.4900153057165885,0.4055154726946774,0.39859489877504395
catatumbo,catatumbo_b0011,2003,Norte de Santander,2022-04-26,audiencia_reconocimiento,0.4555555555555555,0.5000000000000001,0.0,0.126587042491399,0.2671168446540832,C,0.18236900462477523,0.6649251728497978,0.3775665438670359,0.19217066457759677,0.5731186651564216,0.4832829989559898,0.4726014500724855
catatumbo,catatumbo_b0012,1999,Norte de Santander,2022-04-26,audiencia_reconocimiento,1.0,0.5555555555555556,0.0,0.123397805973962,0.2486903071403503,C,0.6344616351606505,0.7009919324814305,0.3775665438670359,0.1812519498467237,0.4433830137677037,0.6541387855146176,0.4518494595468445
catatumbo,catatumbo_b0013,1999,Norte de Santander,2022-04-26,audiencia_reconocimiento,1.0,0.18518518518518517,0.0,0.1460232531104565,0.2518355250358581,C,0.6344616351606505,0.43552545071913695,0.3775665438670359,0.2694026518731995,0.4654704792014859,0.5612255168978147,0.4207530779022941
catatumbo,catatumbo_b0014,2002,Norte de Santander,2022-04-26,audiencia_reconocimiento,1.0,0.23809523809523808,0.26785714285714285,0.2291841410321717,0.3194016218185425,C,0.6344616351606505,0.4748773681311706,0.687715654283807,0.7063515519697107,0.8551814769372178,0.48195395486699527,0.5994355497528735
catatumbo,catatumbo_b0015,2004,Norte de Santander,2022-04-26,audiencia_reconocimiento,1.0,0.7142857142857143,0.32142857142857145,0.2155827149203948,0.2840381264686584,C,0.6344616351606505,0.7905636580782781,0.7402621574428724,0.6389939079097191,0.6843795787233726,0.5766802054007633,0.6101122665440714
catatumbo,catatumbo_b0016,2010,Norte de Santander,2022-04-26,audiencia_reconocimiento,1.0,0.18518518518518517,0.27777777777777773,0.2908016205157526,0.3558421730995178,C,0.6344616351606505,0.43552545071913695,0.6978783537607117,0.9061309663158359,0.9431176300827425,0.465131973929712,0.675075056154733
catatumbo,catatumbo_b0017,2004,Norte de Santander,2022-04-26,audiencia_reconocimiento,1.0,0.11666666666666665,0.0,0.1668226888714913,0.2286657094955444,C,0.6344616351606505,0.385813361286002,0.3775665438670359,0.37084316959426855,0.3111502920777588,0.5438262855962176,0.4129651993216391
catatumbo,catatumbo_b0018,2002,Norte de Santander,2022-04-26,audiencia_reconocimiento,1.0,0.0,0.0,0.1517285081132943,0.2099944353103637,C,0.6344616351606505,0.3068205197831304,0.3775665438670359,0.29546356291677583,0.21020160232247842,0.5161787910702125,0.34664438865774266
catatumbo,catatumbo_b0019,2007,Norte de Santander,2022-04-26,audiencia_reconocimiento,1.0,0.14583333333333334,0.625,0.1390175580653808,0.2191048860549926,C,0.6344616351606505,0.406748129646923,0.9247422582501811,0.23945990795214908,0.2562391305584157,0.3870007402075963,0.2517973746566298
catatumbo,catatumbo_b0020,2002,Norte de Santander,2022-04-26,audiencia_reconocimiento,0.9925,1.0,0.0,0.1667505466942593,0.2421981692314148,C,0.6278819905989337,0.8989550246610704,0.3775665438670359,0.3704636637604795,0.39858417879261077,0.7211229921808906,0.5586045654665505
catatumbo,catatumbo_b0021,2000,Norte de Santander,2022-04-26,audiencia_reconocimiento,1.0,0.0,0.22499999999999998,0.277977772303587,0.3264119625091553,C,0.6344616351606505,0.3068205197831304,0.641795376392908,0.878477301181188,0.8780869625106094,0.4369101413124509,0.6314305025827386
catatumbo,catatumbo_b0022,1999,Norte de Santander,2022-04-26,audiencia_reconocimiento,0.47941176470588237,0.19607843137254902,0.0,0.1608346992812446,0.2175762057304382,C,0.1961591676513951,0.4435776464534994,0.3775665438670359,0.3399228174271685,0.24807294267552332,0.4106379217766023,0.4039686774745813
catatumbo,catatumbo_b0023,1999,Norte de Santander,2022-04-26,audiencia_reconocimiento,0.7207692307692308,0.9583333333333335,0.16071428571428573,0.1533019168885286,0.2287904024124145,C,0.37732942255536506,0.8870181642063882,0.5680061354065853,0.30290296062205974,0.311907957834115,0.572119814744638,0.47655094175482393
catatumbo,catatumbo_b0024,1999,Norte de Santander,2022-04-26,audiencia_reconocimiento,1.0,0.0,0.13392857142857142,0.1542932381009962,0.2275627851486206,C,0.6344616351606505,0.3068205197831304,0.5361333286118397,0.3076440939256621,0.30449293383724735,0.46860875564677135,0.3380524838648459
catatumbo,catatumbo_b0025,1999,Norte de Santander,2022-04-26,audiencia_reconocimiento,0.8054545454545454,0.0,0.22727272727272727,0.2107238077690368,0.2953341603279114,C,0.45468585490423663,0.3068205197831304,0.64430648561295,0.6133522831238206,0.7491328658828025,0.3732352854566934,0.5123437050930904
catatumbo,catatumbo_b0026,2000,Norte de Santander,2022-04-26,audiencia_reconocimiento,0.556875,0.10416666666666667,0.390625,0.153392618503066,0.2548604607582092,C,0.24628068286634436,0.3769641931616388,0.7990574764422826,0.3033350345859996,0.4868428329848775,0.2784184636771093,0.33796538170402857
catatumbo,catatumbo_b0027,2002,Norte de Santander,2022-04-26,audiencia_reconocimiento,1.0,0.15151515151515152,0.22727272727272727,0.1183212834791962,0.2129694819450378,C,0.6344616351606505,0.41086866944046313,0.64430648561295,0.16487821206488423,0.2245358184326522,0.47257366092650466,0.2764704081467657
catatumbo,catatumbo_b0028,1999,Norte de Santander,2022-04-26,audiencia_reconocimiento,1.0,0.0,0.0,0.1313637240135442,0.2413161993026733,C,0.6344616351606505,0.3068205197831304,0.3775665438670359,0.20944953920705034,0.39260999153098514,0.5161787910702125,0.3530211582010401
catatumbo,catatumbo_b0029,2005,Norte de Santander,2022-04-26,audiencia_reconocimiento,0.7666666666666666,0.37037037037037035,0.0,0.1523296184824571,0.274803102016449,C,0.41874420897899095,0.5735480165446833,0.3775665438670359,0.29829320897460404,0.6253551024172995,0.5340323157731752,0.497347338987335
catatumbo,catatumbo_b0030,2008,Norte de Santander,2022-04-26,audiencia_reconocimiento,0.5611111111111111,0.2631578947368421,0.11842105263157894,0.1028182793467009,0.2062599658966064,C,0.2492560386924439,0.4936578712098131,0.5175275808438501,0.12217603236555054,0.1931751318767714,0.4047615942126349,0.30130558933698026
catatumbo,catatumbo_b0031,2004,Norte de Santander,2022-04-26,audiencia_reconocimiento,0.35,0.10416666666666667,0.0,0.1919814037052055,0.2860659956932068,C,0.13031528502393322,0.3769641931616388,0.3775665438670359,0.5096888164943268,0.6966556550338577,0.36427785420483944,0.5364499562967885
catatumbo,catatumbo_b0032,2001,Norte de Santander,2022-04-26,audiencia_reconocimiento,0.65,0.33333333333333337,0.0,0.1452059538191501,0.254376471042633,C,0.3169987649473408,0.5461693773679992,0.3775665438670359,0.2657903979159439,0.48341797966527,0.4888388866502582,0.450739270772227
catatumbo,catatumbo_b0033,2000,Norte de Santander,2022-04-26,audiencia_reconocimiento,0.065,0.16666666666666669,0.0,0.1749008751954998,0.3010905981063843,C,0.04869675978333733,0.4219166068549179,0.3775665438670359,0.4142489370815323,0.7785221318894873,0.3514447151632786,0.5306573972967561
catatumbo,catatumbo_b0034,2005,Norte de Santander,2022-04-26,audiencia_reconocimiento,0.043333333333333335,0.10416666666666667,0.0,0.1842088142541558,0.2896750569343567,C,0.04505055775581193,0.3769641931616388,0.3775665438670359,0.46592246566764806,0.7178189667216116,0.334435199660997,0.5253643958450016
catatumbo,catatumbo_b0035,2006,Norte de Santander,2022-04-26,audiencia_reconocimiento,0.02023809523809524,0.07407407407407408,0.0,0.1497315078673482,0.2706688642501831,C,0.04145097214188317,0.35600356898402835,0.3775665438670359,0.28617599417953143,0.5975378676611359,0.3258391262339583,0.4331567549676631
catatumbo,catatumbo_b0036,2002,Norte de Santander,2022-04-26,audiencia_reconocimiento,0.16956521739130437,0.0,0.0,0.1152439461406459,0.2440876364707946,C,0.07055745920313924,0.3068205197831304,0.3775665438670359,0.15554342034971455,0.4114828778997667,0.3188123294850836,0.33792859387472884
catatumbo,catatumbo_b0037,2003,Norte de Santander,2022-04-26,audiencia_reconocimiento,0.5373333333333333,0.20833333333333334,0.140625,0.1718756057283695,0.2898103594779968,C,0.23286702426260478,0.4526717240459149,0.5441396704308697,0.39779729894105115,0.7185947448473144,0.3766966607787209,0.4872880005241355
catatumbo,catatumbo_b0038,2000,Norte de Santander,2022-04-26,audiencia_reconocimiento,0.12380952380952381,0.0,0.0,0.1607241852077726,0.2829053401947021,C,0.06005323866322741,0.3068205197831304,0.3775665438670359,0.3393638448185921,0.6774068647755849,0.31513585229611446,0.45545053981399963
catatumbo,catatumbo_b0039,2003,Norte de Santander,2022-04-26,audiencia_reconocimiento,0.26,0.25,0.11249999999999999,0.1681638774479454,0.2729073762893677,C,0.09644653080906375,0.48379250958063347,0.5104079001876076,0.3779271446188681,0.6126901815868043,0.3499612940801117,0.47367908429160155
catatumbo,catatumbo_b0040,2000,Norte de Santander,2022-04-26,audiencia_reconocimiento,0.4875,0.32407407407407407,0.10416666666666666,0.168117002274616,0.2830641269683838,C,0.2010100152738408,0.5392741517057126,0.5003811164880305,0.3776786554303078,0.6783891184453756,0.40898512349643446,0.502607667718505
catatumbo,catatumbo_b0041,1999,Norte de Santander,2022-04-26,audiencia_reconocimiento,0.5571428571428572,0.33333333333333337,0.4666666666666666,0.1285682598039664,0.2137656211853027,C,0.24646811006943356,0.5461693773679992,0.851504034512219,0.19920222096734733,0.2284874496076857,0.3219719102494357,0.2816598046996647
catatumbo,catatumbo_b0042,2006,Norte de Santander,2022-04-26,audiencia_reconocimiento,0.4467741935483872,0.053763440860215055,0.0,0.1952152877570593,0.2802749872207641,C,0.1774862153346289,0.34215659394167314,0.3775665438670359,0.5278931026684076,0.6609120788832316,0.3686050200865949,0.5269708414226001
catatumbo,catatumbo_b0043,2002,Norte de Santander,2022-04-26,audiencia_reconocimiento,0.32103448275862073,0.0,0.28787878787878785,0.1709963578089236,0.2781815528869629,C,0.11843515681838823,0.3068205197831304,0.7080303434315076,0.3930571299170521,0.6474966927287303,0.23643038378107922,0.40216839527619536
catatumbo,catatumbo_b0044,2003,Norte de Santander,2022-04-26,audiencia_reconocimiento,0.057692307692307696,0.07629107981220658,0.06971830985915493,0.1679438971230975,0.2873629331588745,C,0.047436715200880906,0.35753022383845773,0.4590182978392804,0.37676156829420926,0.7043637956727358,0.3040329393119844,0.47031820442927874
catatumbo,catatumbo_b0045,2001,Norte de Santander,2022-04-26,audiencia_reconocimiento,0.28295454545454546,0.12820512820512822,0.04326923076923077,0.1434297282797624,0.2234361171722412,C,0.10425271818604012,0.39404950633350316,0.42760973754413123,0.2580472789977485,0.2803142823718374,0.34612285731860076,0.359369833198129
catatumbo,catatumbo_b0046,2001,Norte de Santander,2022-04-26,audiencia_reconocimiento,0.18571428571428572,0.15873015873015872,0.10714285714285714,0.1342381809128409,0.2530614733695984,C,0.07465435569589815,0.4161191057190981,0.5039625647617043,0.22038504392103675,0.47412145811840295,0.3205819420667374,0.3751963204734771
catatumbo,catatumbo_b0047,2000,Norte de Santander,2022-04-26,audiencia_reconocimiento,0.4436363636363636,0.26304347826086955,0.4108695652173913,0.124839890735153,0.2262069582939148,C,0.17576649745134304,0.49357205301909945,0.81424954546517,0.1861281532004005,0.2964199774683434,0.28999362902510384,0.2849719532755497
catatumbo,catatumbo_b0048,2001,Norte de Santander,2022-04-26,audiencia_reconocimiento,0.13333333333333333,0.11862745098039215,0.044117647058823525,0.1653089503219582,0.2825343608856201,C,0.06211146699973784,0.38720850735868934,0.42860961006489684,0.3629141617972433,0.6751058854234481,0.32867910800598044,0.4731213385404177
catatumbo,catatumbo_b0049,1999,Norte de Santander,2022-04-26,audiencia_reconocimiento,0.18571428571428572,0.0,0.4962500000000001,0.1258053252229342,0.2120786905288696,C,0.07465435569589815,0.3068205197831304,0.868624139037584,0.18944880198815459,0.2201722311994963,0.1729289647063848,0.21332182907401917
catatumbo,catatumbo_b0050,1999,Norte de Santander,2022-04-26,audiencia_reconocimiento,0.0,0.0,0.0,0.2848691616812296,0.3501481413841247,C,0.03852436457200035,0.3068205197831304,0.3775665438670359,0.8941166952882332,0.9338191536517961,0.307600746364185,0.7008964952536163
catatumbo,catatumbo_b0051,1999,Norte de Santander,2022-04-26,audiencia_reconocimiento,0.0,0.0,0.0,0.2848691616812296,0.3501481413841247,C,0.03852436457200035,0.3068205197831304,0.3775665438670359,0.8941166952882332,0.9338191536517961,0.307600746364185,0.7008964952536163
catatumbo,catatumbo_b0052,1999,Norte de Santander,2022-04-26,audiencia_reconocimiento,0.0,0.0,0.0,0.2848691616812296,0.3501481413841247,C,0.03852436457200035,0.3068205197831304,0.3775665438670359,0.8941166952882332,0.9338191536517961,0.307600746364185,0.7008964952536163
catatumbo,catatumbo_b0053,1999,Norte de Santander,2022-04-26,audiencia_reconocimiento,0.0,0.0,0.0,0.2848691616812296,0.3501481413841247,C,0.03852436457200035,0.3068205197831304,0.3775665438670359,0.8941166952882332,0.9338191536517961,0.307600746364185,0.7008964952536163
catatumbo,catatumbo_b0054,1999,Norte de Santander,2022-04-26,audiencia_reconocimiento,0.0,0.0,0.0,0.2848691616812296,0.3501481413841247,C,0.03852436457200035,0.3068205197831304,0.3775665438670359,0.8941166952882332,0.9338191536517961,0.307600746364185,0.7008964952536163
catatumbo,catatumbo_b0055,1999,Norte de Santander,2022-04-26,audiencia_reconocimiento,0.0,0.0,0.0,0.2848691616812296,0.3501481413841247,C,0.03852436457200035,0.3068205197831304,0.3775665438670359,0.8941166952882332,0.9338191536517961,0.307600746364185,0.7008964952536163
catatumbo,catatumbo_b0056,1999,Norte de Santander,2022-04-26,audiencia_reconocimiento,0.0,0.0,0.0,0.2848691616812296,0.3501481413841247,C,0.03852436457200035,0.3068205197831304,0.3775665438670359,0.8941166952882332,0.9338191536517961,0.307600746364185,0.7008964952536163
catatumbo,catatumbo_b0057,1147,Norte de Santander,2022-04-26,audiencia_reconocimiento,0.0,0.0,0.0,0.2848691616812296,0.3501481413841247,C,0.03852436457200035,0.3068205197831304,0.3775665438670359,0.8941166952882332,0.9338191536517961,0.307600746364185,0.7008964952536163
costa_caribe,costa_caribe_b0000,1999,Costa Caribe,2022-07-18,audiencia_reconocimiento,0.0,0.0,0.0,0.2848691616812296,0.2064806222915649,C,0.03852436457200035,0.3068205197831304,0.3775665438670359,0.8941166952882332,0.1941513147842021,0.307600746364185,0.5529629274800975
costa_caribe,costa_caribe_b0001,2001,Costa Caribe,2022-07-18,audiencia_reconocimiento,0.0,0.0,0.0,0.2733232208400507,0.2250427007675171,C,0.03852436457200035,0.3068205197831304,0.3775665438670359,0.866819206338731,0.28958753080137906,0.307600746364185,0.562496049551207
costa_caribe,costa_caribe_b0002,2006,Costa Caribe,2022-07-18,audiencia_reconocimiento,0.12380952380952381,0.30303030303030304,0.0,0.1197686957633902,0.2720725536346435,C,0.06005323866322741,0.5235513074342493,0.3775665438670359,0.16942196286738107,0.6070630872347234,0.39099162797400605,0.4360848225356832
costa_caribe,costa_caribe_b0003,2006,Costa Caribe,2022-07-18,audiencia_reconocimiento,0.42000000000000004,0.32142857142857145,0.0,0.1984968676110072,0.274431824684143,C,0.16323217189703507,0.5373012060142733,0.3775665438670359,0.5462901186449879,0.622887553535789,0.43191671910884716,0.5745910449630647
costa_caribe,costa_caribe_b0004,2001,Costa Caribe,2022-07-18,audiencia_reconocimiento,0.3124,0.12820512820512822,0.0,0.1388328740834475,0.2547494173049927,C,0.11507969303102258,0.39404950633350316,0.3775665438670359,0.23870223134844512,0.4860569360170392,0.3649252566174732,0.4037562359853323
costa_caribe,costa_caribe_b0005,2001,Costa Caribe,2022-07-18,audiencia_reconocimiento,0.4525,0.06172839506172839,0.0,0.1284888505408999,0.2468489408493042,C,0.18065825517677037,0.34755633658274204,0.3775665438670359,0.1989167081800058,0.43054941325242535,0.37160514395571853,0.3671065058857655
costa_caribe,costa_caribe_b0006,2003,Costa Caribe,2022-07-18,audiencia_reconocimiento,0.134375,0.0,0.0,0.1459849099854054,0.2612106800079345,C,0.0623405414205702,0.3068205197831304,0.3775665438670359,0.26923249393957827,0.5317728937402643,0.3159364082611844,0.4017777727992807
costa_caribe,costa_caribe_b0007,2004,Costa Caribe,2022-07-18,audiencia_reconocimiento,0.05652173913043478,0.11494252873563218,0.0,0.1780371921553196,0.2611979842185974,C,0.04723777771941452,0.384588142104805,0.3775665438670359,0.43150833764348534,0.5316833368052121,0.33786910877836607,0.47799831228905637
costa_caribe,costa_caribe_b0008,2001,Costa Caribe,2022-07-18,audiencia_reconocimiento,1.0,0.4166666666666667,0.0,0.1055048501354581,0.2510183453559875,C,0.6344616351606505,0.6071296895862546,0.3775665438670359,0.12882392538087883,0.4597151947839352,0.6212870005013059,0.4133005264632511
costa_caribe,costa_caribe_b0009,2007,Costa Caribe,2022-07-18,audiencia_reconocimiento,1.0,0.5000000000000001,0.0,0.1650669490933431,0.1910511255264282,C,0.6344616351606505,0.6649251728497978,0.3775665438670359,0.36165330744010055,0.13465864106089054,0.6415154196435461,0.4442283702552556
costa_caribe,costa_caribe_b0010,1999,Costa Caribe,2022-07-18,audiencia_reconocimiento,1.0,0.18518518518518517,0.0,0.1090953049551988,0.1486606001853943,C,0.6344616351606505,0.43552545071913695,0.3775665438670359,0.13818727323265767,0.044731302330355154,0.5612255168978147,0.2906798600038783
costa_caribe,costa_caribe_b0011,2006,Costa Caribe,2022-07-18,audiencia_reconocimiento,1.0,0.7142857142857143,0.0,0.1974601653071546,0.1445035338401794,C,0.6344616351606505,0.7905636580782781,0.3775665438670359,0.5404894580826214,0.03996022098636668,0.6854888894735142,0.5192909602723532
costa_caribe,costa_caribe_b0012,2002,Costa Caribe,2022-07-18,audiencia_reconocimiento,1.0,0.0,0.17045454545454544,0.1372458269845796,0.2606667876243591,C,0.6344616351606505,0.3068205197831304,0.5794720131529184,0.2322592970575533,0.5279344815540465,0.45560715028444776,0.34768837759615184
costa_caribe,costa_caribe_b0013,1999,Costa Caribe,2022-07-18,audiencia_reconocimiento,1.0,0.0,0.0,0.1557874858743551,0.2280758023262024,C,0.6344616351606505,0.3068205197831304,0.3775665438670359,0.3148677122576324,0.30757960677340945,0.5161787910702125,0.37291144181722863
costa_caribe,costa_caribe_b0014,2004,Costa Caribe,2022-07-18,audiencia_reconocimiento,1.0,0.7575757575757576,0.0,0.1487705411079944,0.2893654108047485,C,0.6344616351606505,0.8112612709905859,0.3775665438670359,0.28176964033062935,0.7160386877492191,0.6927330539928218,0.5691291206398034
costa_caribe,costa_caribe_b0015,2005,Costa Caribe,2022-07-18,audiencia_reconocimiento,1.0,0.5555555555555556,0.0,0.2342270748484939,0.2410972118377685,C,0.6344616351606505,0.7009919324814305,0.3775665438670359,0.7293751016111302,0.3911315320979969,0.6541387855146176,0.6332422663304454
costa_caribe,costa_caribe_b0016,2001,Costa Caribe,2022-07-18,audiencia_reconocimiento,1.0,0.4166666666666667,0.0,0.2234843904115004,0.2415003180503845,C,0.6344616351606505,0.6071296895862546,0.3775665438670359,0.6790028428012543,0.39385456680892594,0.6212870005013059,0.5926910219653807
costa_caribe,costa_caribe_b0017,1999,Costa Caribe,2022-07-18,audiencia_reconocimiento,0.9227272727272727,0.7575757575757576,0.0,0.2234510103248498,0.2392595410346985,C,0.564684674942254,0.8112612709905859,0.3775665438670359,0.6788387497860753,0.37880577158429707,0.6683111179163832,0.6406567257162251
costa_caribe,costa_caribe_b0018,2000,Costa Caribe,2022-07-18,audiencia_reconocimiento,1.0,0.5555555555555556,0.0,0.1648042783834322,0.2197657823562622,C,0.6344616351606505,0.7009919324814305,0.3775665438670359,0.36028691633802434,0.25982370690584244,0.6541387855146176,0.4777998364464275
costa_caribe,costa_caribe_b0019,2005,Costa Caribe,2022-07-18,audiencia_reconocimiento,1.0,0.0,0.0,0.1566265258248342,0.2571024298667907,C,0.6344616351606505,0.3068205197831304,0.3775665438670359,0.3189637839068538,0.5027187056250162,0.5161787910702125,0.4133728866647775
costa_caribe,costa_caribe_b0020,2007,Costa Caribe,2022-07-18,audiencia_reconocimiento,1.0,0.2333333333333333,0.37499999999999994,0.1619298561315441,0.2402231693267822,C,0.6344616351606505,0.4713154719214093,0.7867091373502394,0.3454859693699233,0.38525069223258107,0.451009246273649,0.3584572682362938
costa_caribe,costa_caribe_b0021,2004,Costa Caribe,2022-07-18,audiencia_reconocimiento,1.0,0.19444444444444442,0.0,0.156220731218078,0.2883868813514709,C,0.6344616351606505,0.44236781907526074,0.3775665438670359,0.31697920997940987,0.7103684375792693,0.5636203458224581,0.4880950570040553
costa_caribe,costa_caribe_b0022,2006,Costa Caribe,2022-07-18,audiencia_reconocimiento,1.0,0.0,0.234375,0.2048103263205312,0.2726539969444275,C,0.6344616351606505,0.3068205197831304,0.6521021728019802,0.5812894237191314,0.6109853870982566,0.4338181023897292,0.4719330711067339
costa_caribe,costa_caribe_b0023,2006,Costa Caribe,2022-07-18,audiencia_reconocimiento,0.631,0.0,0.25,0.1357340040927462,0.2602967023849487,C,0.30170290296688435,0.3068205197831304,0.6689643228605442,0.22623547820868548,0.5253207612232825,0.31229390110434185,0.3271588349913702
costa_caribe,costa_caribe_b0024,2000,Costa Caribe,2022-07-18,audiencia_reconocimiento,1.0,0.8333333333333334,0.0,0.1022820972488014,0.2649877071380615,C,0.6344616351606505,0.8436382740375591,0.3775665438670359,0.12088513327842507,0.5583004914998347,0.7040650050592625,0.48936615468339834
costa_caribe,costa_caribe_b0025,2002,Costa Caribe,2022-07-18,audiencia_reconocimiento,0.5909090909090909,0.0,0.0,0.216775240387988,0.2672663331031799,C,0.27085522765001235,0.3068205197831304,0.3775665438670359,0.6451741265419693,0.5741544654991789,0.38891654844148915,0.5418336585619005
costa_caribe,costa_caribe_b0026,2004,Costa Caribe,2022-07-18,audiencia_reconocimiento,1.0,0.2638888888888889,0.0,0.1692936373670391,0.2748919725418091,C,0.6344616351606505,0.4942061627018239,0.3775665438670359,0.38393523006452746,0.6259447856782483,0.5817637660917552,0.5076045195602831
costa_caribe,costa_caribe_b0027,2002,Costa Caribe,2022-07-18,audiencia_reconocimiento,1.0,0.5555555555555556,0.0,0.1483935479509259,0.2655916213989258,C,0.6344616351606505,0.7009919324814305,0.3775665438670359,0.2800523048001579,0.5625153059177056,0.6541387855146176,0.5102560422105469
costa_caribe,costa_caribe_b0028,2004,Costa Caribe,2022-07-18,audiencia_reconocimiento,1.0,1.0,0.3125,0.142059885772886,0.2890700101852417,C,0.6344616351606505,0.8989550246610704,0.7319136067192202,0.2521771284754071,0.7143340102000534,0.6171217489218361,0.5094848318278267
costa_caribe,costa_caribe_b0029,2000,Costa Caribe,2022-07-18,audiencia_reconocimiento,1.0,0.0,1.0,0.1721565227889473,0.2865161895751953,C,0.6344616351606505,0.3068205197831304,0.9867926701069439,0.39931586546960585,0.6993441651294289,0.3334109531982401,0.35897598186464164
costa_caribe,costa_caribe_b0030,2001,Costa Caribe,2022-07-18,audiencia_reconocimiento,1.0,0.0,0.3125,0.1750460384827107,0.2361371517181396,C,0.6344616351606505,0.3068205197831304,0.7319136067192202,0.4150434924720413,0.35822452560840584,0.4098746722145572,0.3472325360888342
costa_caribe,costa_caribe_b0031,2000,Costa Caribe,2022-07-18,audiencia_reconocimiento,1.0,0.6428571428571429,0.0,0.2049372516570137,0.2980822920799255,C,0.6344616351606505,0.7528724289516071,0.3775665438670359,0.5819859294495805,0.7634789632127229,0.6722969592791793,0.6690956664143924
costa_caribe,costa_caribe_b0032,1999,Costa Caribe,2022-07-18,audiencia_reconocimiento,1.0,0.5555555555555556,0.0,0.14814871759585,0.2637788653373718,C,0.6344616351606505,0.7009919324814305,0.3775665438670359,0.2789404488346733,0.5498391025586813,0.6541387855146176,0.5073316519508224
costa_caribe,costa_caribe_b0033,2001,Costa Caribe,2022-07-18,audiencia_reconocimiento,0.9550000000000001,0.21794871794871798,0.0,0.1721669460737156,0.2311620712280273,C,0.5943118221915353,0.45982957762474524,0.3775665438670359,0.39937224857088144,0.3265074239039693,0.5556795267755874,0.4445258574133815
costa_caribe,costa_caribe_b0034,2006,Costa Caribe,2022-07-18,audiencia_reconocimiento,1.0,0.35714285714285715,0.0,0.1343421047989709,0.2212263941764831,C,0.6344616351606505,0.5638126519388811,0.3775665438670359,0.22078797753989346,0.2678603700624281,0.6061260373247253,0.39628772036276144
costa_caribe,costa_caribe_b0035,2005,Costa Caribe,2022-07-18,audiencia_reconocimiento,1.0,0.0,0.22499999999999998,0.1646492187361302,0.2712693214416504,C,0.6344616351606505,0.3068205197831304,0.641795376392908,0.35948136855760915,0.6016219441001763,0.4369101413124509,0.3944889224823995
costa_caribe,costa_caribe_b0036,2005,Costa Caribe,2022-07-18,audiencia_reconocimiento,1.0,0.9305555555555556,0.15625,0.1298244981769996,0.3008223176002502,C,0.6344616351606505,0.8783915301953311,0.5627257089979788,0.20375994333042133,0.7772088424234195,0.6606808951751999,0.5338104893995684
costa_caribe,costa_caribe_b0037,2000,Costa Caribe,2022-07-18,audiencia_reconocimiento,1.0,0.925925925925926,0.0,0.2014176809947823,0.2445435523986816,C,0.6344616351606505,0.8768997605880562,0.3775665438670359,0.5625605128771016,0.4146142755171005,0.7157065253519365,0.6235306659840125
costa_caribe,costa_caribe_b0038,2000,Costa Caribe,2022-07-18,audiencia_reconocimiento,1.0,0.12962962962962965,0.0,0.1683069157356468,0.2856296300888061,C,0.6344616351606505,0.39507060684786266,0.3775665438670359,0.37868579846228717,0.6940368211119999,0.5470663215428688,0.49460173662275897
costa_caribe,costa_caribe_b0039,2003,Costa Caribe,2022-07-18,audiencia_reconocimiento,1.0,0.33333333333333337,0.0,0.1129924788978804,0.2148718833923339,C,0.6344616351606505,0.5461693773679992,0.3775665438670359,0.1489903559110895,0.23405918885850116,0.5999508912249165,0.35998749790917417
costa_caribe,costa_caribe_b0040,2003,Costa Caribe,2022-07-18,audiencia_reconocimiento,1.0,0.1388888888888889,0.18749999999999997,0.1288945807657854,0.2864362597465515,C,0.6344616351606505,0.40172973269024526,0.5993256146084424,0.200378726027394,0.6988678249863269,0.4828692943652808,0.39047342935772617
costa_caribe,costa_caribe_b0041,2005,Costa Caribe,2022-07-18,audiencia_reconocimiento,1.0,0.9500000000000002,0.0,0.1465296187335453,0.3049890398979187,C,0.6344616351606505,0.8844878055169816,0.3775665438670359,0.2716561432576622,0.7969790052942033,0.7183623410770603,0.6000840938048606
costa_caribe,costa_caribe_b0042,2003,Costa Caribe,2022-07-18,audiencia_reconocimiento,0.7,0.11111111111111112,0.16666666666666666,0.2330524633250007,0.2786750793457031,C,0.3591236924287604,0.38187068812541963,0.5750225341642028,0.7241148619282187,0.6506813392198905,0.38684127294470216,0.564039634717369
costa_caribe,costa_caribe_b0043,2003,Costa Caribe,2022-07-18,audiencia_reconocimiento,0.6638888888888888,0.0,0.0,0.1080599681809163,0.2177908420562744,C,0.32843820119037376,0.3068205197831304,0.3775665438670359,0.13543011929324184,0.24920893293975174,0.4090705891806157,0.29843414951296043
costa_caribe,costa_caribe_b0044,2003,Costa Caribe,2022-07-18,audiencia_reconocimiento,0.8954545454545456,0.0,0.0,0.184600376195777,0.3071401715278625,C,0.5392732492783673,0.3068205197831304,0.3775665438670359,0.468120414964888,0.8066614449484484,0.48286285601141343,0.5263662553997759
costa_caribe,costa_caribe_b0045,1999,Costa Caribe,2022-07-18,audiencia_reconocimiento,1.0,0.6944444444444445,0.0,0.1921797849221151,0.2584039568901062,C,0.6344616351606505,0.7805353366813892,0.3775665438670359,0.5108067842001103,0.5119346413137887,0.6819789769846031,0.6007898281297365
costa_caribe,costa_caribe_b0046,2000,Costa Caribe,2022-07-18,audiencia_reconocimiento,1.0,1.0,1.0,0.1871247054673679,0.2904379367828369,C,0.6344616351606505,0.8989550246610704,0.9867926701069439,0.48231620804843617,0.7221760330161058,0.540658029905519,0.5406261015640527
costa_caribe,costa_caribe_b0047,1999,Costa Caribe,2022-07-18,audiencia_reconocimiento,1.0,1.0,0.0,0.1269187183581072,0.2693652510643005,C,0.6344616351606505,0.8989550246610704,0.3775665438670359,0.19333449850831286,0.5886251790516939,0.7234258677774914,0.5346175576801087
costa_caribe,costa_caribe_b0048,2004,Costa Caribe,2022-07-18,audiencia_reconocimiento,1.0,0.0,0.0,0.1501368902348824,0.2700312733650207,C,0.6344616351606505,0.3068205197831304,0.3775665438670359,0.2880471385517724,0.5931863738594346,0.5161787910702125,0.4206455944373827
costa_caribe,costa_caribe_b0049,2008,Costa Caribe,2022-07-18,audiencia_reconocimiento,0.2473684210526316,0.08333333333333334,0.22499999999999998,0.1478301004748257,0.2870035171508789,C,0.09237711574542401,0.3623986880779469,0.641795376392908,0.2774975630450412,0.7022390606522435,0.26663291842030745,0.3998125559371183
costa_caribe,costa_caribe_b0050,2001,Costa Caribe,2022-07-18,audiencia_reconocimiento,0.09444444444444444,0.12962962962962965,0.0,0.1596023340825423,0.2470321655273437,C,0.05410236151504365,0.39507060684786266,0.3775665438670359,0.33371512491152727,0.4318225364750201,0.3439405757669064,0.42641914395259706
costa_caribe,costa_caribe_b0051,2001,Costa Caribe,2022-07-18,audiencia_reconocimiento,1.0,1.0,1.0,0.1351573758462034,0.2731691598892212,C,0.6344616351606505,0.8989550246610704,0.9867926701069439,0.2239672467484055,0.614448626908989,0.540658029905519,0.42865848388761857
costa_caribe,costa_caribe_b0052,2004,Costa Caribe,2022-07-18,audiencia_reconocimiento,1.0,1.0,0.0,0.1351997337613668,0.2371519207954406,C,0.6344616351606505,0.8989550246610704,0.3775665438670359,0.22413331437784584,0.36486044614870605,0.7234258677774914,0.5006441966538476
costa_caribe,costa_caribe_b0053,2000,Costa Caribe,2022-07-18,audiencia_reconocimiento,0.9611111111111111,0.5555555555555556,0.5277777777777778,0.223453482676464,0.2321755290031433,C,0.5998522546385061,0.7009919324814305,0.8849953208083859,0.6788509051236162,0.33285228462920224,0.48979686924946203,0.5024171926777866
costa_caribe,costa_caribe_b0054,2002,Costa Caribe,2022-07-18,audiencia_reconocimiento,1.0,0.6944444444444445,0.5833333333333333,0.1590343442267199,0.2595582604408264,C,0.6344616351606505,0.7805353366813892,0.909539944212396,0.3308731658268436,0.5201015216231472,0.522386956880995,0.4330517576918928
costa_caribe,costa_caribe_b0055,2002,Costa Caribe,2022-07-18,audiencia_reconocimiento,0.5041666666666667,0.25641025641025644,0.17307692307692307,0.1625138616094892,0.2693716883659363,C,0.21128719320224962,0.4885976100331207,0.5825449199381435,0.34847008764736087,0.5886693386576037,0.37019620515093654,0.4453388169287485
costa_caribe,costa_caribe_b0056,2005,Costa Caribe,2022-07-18,audiencia_reconocimiento,0.3433333333333334,0.11111111111111112,0.0,0.1573695498501062,0.2978014945983886,C,0.12749426337547196,0.38187068812541963,0.3775665438670359,0.32261464258047107,0.7620394329268321,0.3650077698652013,0.48527737474647903
costa_caribe,costa_caribe_b0057,2004,Costa Caribe,2022-07-18,audiencia_reconocimiento,0.27647058823529413,0.26470588235294124,0.1323529411764706,0.1318640730877499,0.2075464725494384,C,0.10199281273508348,0.4948189755061937,0.5342466182187937,0.21132399403906818,0.19891933452266267,0.3486101404188089,0.33060268505099605
costa_caribe,costa_caribe_b0058,2007,Costa Caribe,2022-07-18,audiencia_reconocimiento,0.3973684210526316,0.2324561403508772,0.34868421052631576,0.1417787439530241,0.2380005121231079,C,0.15191469295942445,0.4706596408118941,0.7646831583117564,0.2509833659186824,0.37044950422083883,0.28849606932643457,0.3266623574563289
costa_caribe,costa_caribe_b0059,2001,Costa Caribe,2022-07-18,audiencia_reconocimiento,0.4653846153846154,0.02976190476190476,0.48214285714285715,0.167418558531126,0.2742567658424377,C,0.18795741537454902,0.32613472103736596,0.8606791567879527,0.37398382059978513,0.6217218711012225,0.2217285007077844,0.36463656033192027
costa_caribe,costa_caribe_b0060,2003,Costa Caribe,2022-07-18,audiencia_reconocimiento,0.49,0.33333333333333337,0.44166666666666665,0.1927090210358941,0.2869135737419128,C,0.20252741188521875,0.5461693773679992,0.8356356388658498,0.5137887093765755,0.7017059743930345,0.3113531845788713,0.4895824597292382
costa_caribe,costa_caribe_b0061,2004,Costa Caribe,2022-07-18,audiencia_reconocimiento,0.0,0.02777777777777778,0.15,0.1305393916783913,0.2242688536643982,C,0.03852436457200035,0.32482761572879915,0.5553094270236235,0.20638806342026647,0.28509820300202937,0.2605803649981927,0.2994004813249742
costa_caribe,costa_caribe_b0062,2006,Costa Caribe,2022-07-18,audiencia_reconocimiento,0.0,0.2678571428571429,0.4732142857142857,0.1084543897665146,0.2744522094726562,C,0.03852436457200035,0.49718281143837095,0.8554452695268017,0.13647497209811413,0.6230231997587171,0.23086393074558942,0.3255775291403158
costa_caribe,costa_caribe_b0063,1999,Costa Caribe,2022-07-18,audiencia_reconocimiento,0.8733333333333334,0.07777777777777778,0.15,0.16842343812127,0.2257624864578247,C,0.5185044494242739,0.3585556047094744,0.5553094270236235,0.3793042550740591,0.2938005919803193,0.44037819083972485,0.37009362344462843
costa_caribe,costa_caribe_b0064,2004,Costa Caribe,2022-07-18,audiencia_reconocimiento,0.5571428571428572,0.523809523809524,0.0,0.1513899551911979,0.2468910217285156,C,0.24646811006943356,0.6806511249138032,0.3775665438670359,0.2938767506846419,0.4308417285663076,0.5112217690840221,0.4836746809079298
costa_caribe,costa_caribe_b0065,1999,Costa Caribe,2022-07-18,audiencia_reconocimiento,0.3431818181818182,0.16666666666666666,0.0,0.1451109188702573,0.2209979891777038,C,0.1274307594146185,0.4219166068549179,0.3775665438670359,0.26537237899374794,0.2665932831554093,0.3790016150342269,0.3761648322192159
costa_caribe,costa_caribe_b0066,2002,Costa Caribe,2022-07-18,audiencia_reconocimiento,1.0,1.0,0.0,0.1719798467828437,0.2860815525054931,C,0.6344616351606505,0.8989550246610704,0.3775665438670359,0.3983605718088737,0.6967487848708621,0.7234258677774914,0.6280014044991387
costa_caribe,costa_caribe_b0067,2002,Costa Caribe,2022-07-18,audiencia_reconocimiento,1.0,0.7064814814814815,0.0,0.1896400186397125,0.2449737787246704,C,0.6344616351606505,0.7866598724024586,0.3775665438670359,0.4964897748363585,0.41757557274950374,0.6841225644869774,0.5784381950698337
costa_caribe,costa_caribe_b0068,2001,Costa Caribe,2022-07-18,audiencia_reconocimiento,1.0,0.7777777777777778,0.0,0.1474477057415446,0.2698495388031006,C,0.6344616351606505,0.8203685671971057,0.3775665438670359,0.27577193752154383,0.59194333859469,0.6959206076651039,0.5444876788773476
costa_caribe,costa_caribe_b0069,2003,Costa Caribe,2022-07-18,audiencia_reconocimiento,1.0,0.5961538461538461,0.0,0.1987744230396496,0.2500584721565246,C,0.6344616351606505,0.7258859885623127,0.3775665438670359,0.5478410601925991,0.45296874875182386,0.6628517051429262,0.5882963091849455
costa_caribe,costa_caribe_b0070,2001,Costa Caribe,2022-07-18,audiencia_reconocimiento,0.675,0.20833333333333334,0.0,0.1376501219830871,0.2634185552597046,C,0.3377394782425253,0.4526717240459149,0.3775665438670359,0.2338890276892695,0.5473112669054738,0.4633739576408433,0.4289780353104106
costa_caribe,costa_caribe_b0071,2002,Costa Caribe,2022-07-18,audiencia_reconocimiento,0.33,0.25,0.0,0.1462396028386798,0.2677961587905884,C,0.12200855933950239,0.48379250958063347,0.3775665438670359,0.270364033221907,0.5778203129377761,0.39876041096193676,0.45562629283697387
costa_caribe,costa_caribe_b0072,2005,Costa Caribe,2022-07-18,audiencia_reconocimiento,0.32941176470588235,0.29824561403508776,0.0,0.1562154080098352,0.2627389430999756,C,0.12177128765487931,0.5199687750760542,0.3775665438670359,0.31695322035705686,0.5425367506071278,0.411339058795716,0.47391986224200183
costa_caribe,costa_caribe_b0073,2006,Costa Caribe,2022-07-18,audiencia_reconocimiento,1.0,0.0,0.0,0.1472407530608096,0.2693501114845276,C,0.6344616351606505,0.3068205197831304,0.3775665438670359,0.2748408022090252,0.5885213165754216,0.5161787910702125,0.4150903652606186
costa_caribe,costa_caribe_b0074,2001,Costa Caribe,2022-07-18,audiencia_reconocimiento,1.0,0.0,0.0,0.1471490210546382,0.1936298608779907,C,0.6344616351606505,0.3068205197831304,0.3775665438670359,0.27442870049730494,0.1434010462805957,0.5161787910702125,0.3259220756025513
costa_caribe,costa_caribe_b0075,2000,Costa Caribe,2022-07-18,audiencia_reconocimiento,1.0,0.8333333333333334,0.0,0.141105751463562,0.1944887638092041,C,0.6344616351606505,0.8436382740375591,0.3775665438670359,0.24814105595048,0.14641605803983246,0.7040650050592625,0.4515288409266171
costa_caribe,costa_caribe_b0076,2003,Costa Caribe,2022-07-18,audiencia_reconocimiento,0.6933333333333334,0.39215686274509803,0.2794117647058823,0.1530601025830591,0.2671051025390625,C,0.35336202705466135,0.5894558775599629,0.6995341256886392,0.30175273645237366,0.5730372771488876,0.42012602890852674,0.42767805744037124
costa_caribe,costa_caribe_b0077,2001,Costa Caribe,2022-07-18,audiencia_reconocimiento,0.6066666666666667,0.33333333333333337,0.0,0.1677407057469425,0.2716713547706604,C,0.28274132960065357,0.5461693773679992,0.3775665438670359,0.37568621416278974,0.6043485719787705,0.47684878427891764,0.5133889249213232
costa_caribe,costa_caribe_b0078,1999,Costa Caribe,2022-07-18,audiencia_reconocimiento,0.4717647058823529,0.29411764705882354,0.2941176470588235,0.1350917159948581,0.2256813049316406,C,0.19165478521885887,0.5168762982389534,0.7141994967705474,0.22370999504396727,0.2933236309092619,0.3337260301790701,0.3233423996528698
costa_caribe,costa_caribe_b0079,2002,Costa Caribe,2022-07-18,audiencia_reconocimiento,1.0,0.2843137254901961,0.0,0.1611722747143104,0.2067013382911682,C,0.6344616351606505,0.5095269177436044,0.3775665438670359,0.34163300872297386,0.19513150284861605,0.5871260303563783,0.410466274285258
costa_caribe,costa_caribe_b0080,2000,Costa Caribe,2022-07-18,audiencia_reconocimiento,0.22541666666666663,0.11805555555555555,0.5437500000000001,0.1862277018280937,0.2174013257026672,C,0.08567095080829695,0.38680139743635444,0.8925918231039475,0.47726736521113294,0.2471499366869122,0.19758777495444374,0.3346555498995781
costa_caribe,costa_caribe_b0081,2003,Costa Caribe,2022-07-18,audiencia_reconocimiento,1.0,0.2833333333333333,0.22499999999999998,0.1329681127458667,0.282753050327301,C,0.6344616351606505,0.5087917006350507,0.641795376392908,0.2155033903286091,0.6764633267721303,0.507600054610623,0.4095577018496203
costa_caribe,costa_caribe_b0082,2010,Costa Caribe,2022-07-18,audiencia_reconocimiento,1.0,0.0,0.5937499999999999,0.2028620988312993,0.238946259021759,C,0.6344616351606505,0.3068205197831304,0.9135815912277921,0.570559389432222,0.37671954476349917,0.35537427686198564,0.3690285069542017
costa_caribe,costa_caribe_b0083,2001,Costa Caribe,2022-07-18,audiencia_reconocimiento,1.0,0.30000000000000004,0.0,0.190481272965454,0.2539296150207519,C,0.6344616351606505,0.5212826282950443,0.3775665438670359,0.5012325568365629,0.48025727038642296,0.5912405290493824,0.5262901972704355
costa_caribe,costa_caribe_b0084,2003,Costa Caribe,2022-07-18,audiencia_reconocimiento,1.0,0.37037037037037035,0.5277777777777778,0.1678087892331973,0.2492925524711609,C,0.6344616351606505,0.5735480165446833,0.8849953208083859,0.37604639793201217,0.4475977455010829,0.45730478185435103,0.3875237283509145
costa_caribe,costa_caribe_b0085,1999,Costa Caribe,2022-07-18,audiencia_reconocimiento,1.0,0.16666666666666669,0.0,0.2413671488582596,0.2692793011665344,C,0.6344616351606505,0.4219166068549179,0.3775665438670359,0.7599622001646886,0.5880354300271314,0.5564624215453381,0.6135596990033896
costa_caribe,costa_caribe_b0086,2001,Costa Caribe,2022-07-18,audiencia_reconocimiento,1.0,1.0,0.44999999999999996,0.1183596402123736,0.3225829601287842,C,0.6344616351606505,0.8989550246610704,0.8410712182334271,0.1649973505112113,0.8659902054093773,0.5843744654675741,0.4874716262793816
costa_caribe,costa_caribe_b0087,2006,Costa Caribe,2022-07-18,audiencia_reconocimiento,1.0,1.0,0.0,0.1393445347587495,0.287475049495697,C,0.6344616351606505,0.8989550246610704,0.3775665438670359,0.24080538487613848,0.7050247830533235,0.7234258677774914,0.5745122887091736
costa_caribe,costa_caribe_b0088,2002,Costa Caribe,2022-07-18,audiencia_reconocimiento,1.0,0.07575757575757576,0.0,0.189563356463426,0.2661736011505127,C,0.6344616351606505,0.3571625813810231,0.3775665438670359,0.4960575911627631,0.5665685210110132,0.533798512629475,0.5007111976810183
costa_caribe,costa_caribe_b0089,1999,Costa Caribe,2022-07-18,audiencia_reconocimiento,1.0,0.4166666666666667,0.0,0.1500888427905349,0.2843936681747436,C,0.6344616351606505,0.6071296895862546,0.3775665438670359,0.28782498325067074,0.6865512546404335,0.6212870005013059,0.514318108688978
costa_caribe,costa_caribe_b0090,2000,Costa Caribe,2022-07-18,audiencia_reconocimiento,0.52,0.0,0.0,0.1435322663037693,0.2374182343482971,C,0.22140201952988484,0.3068205197831304,0.3775665438670359,0.25849024935795106,0.3666106232166889,0.37160792559944456,0.3649855330909961
costa_caribe,costa_caribe_b0091,2005,Costa Caribe,2022-07-18,audiencia_reconocimiento,1.0,0.40476190476190477,0.3571428571428571,0.1657136326737209,0.2442063689231872,C,0.6344616351606505,0.5985772137824161,0.7719306670058943,0.36502681462982867,0.412297696693299,0.499984397028305,0.40547709450352504
costa_caribe,costa_caribe_b0092,2001,Costa Caribe,2022-07-18,audiencia_reconocimiento,1.0,0.5256410256410257,0.0,0.1399725933758238,0.2607285380363464,C,0.6344616351606505,0.6818445272084627,0.3775665438670359,0.24340423261270422,0.5283704475745004,0.6474371936690788,0.48581339395805506
costa_caribe,costa_caribe_b0093,2000,Costa Caribe,2022-07-18,audiencia_reconocimiento,1.0,0.5,0.0,0.1931007170550808,0.2789835333824157,C,0.6344616351606505,0.6649251728497977,0.3775665438670359,0.5159950592911852,0.6526649577910283,0.6415154196435461,0.6018492467491627
costa_caribe,costa_caribe_b0094,2006,Costa Caribe,2022-07-18,audiencia_reconocimiento,1.0,0.5128205128205129,0.0,0.1311298607540227,0.2196472287178039,C,0.6344616351606505,0.6734412890837858,0.3775665438670359,0.20857761973815905,0.25917830530072655,0.6444960603254418,0.41768484146604024
costa_caribe,costa_caribe_b0095,2001,Costa Caribe,2022-07-18,audiencia_reconocimiento,1.0,0.8333333333333334,0.0,0.2041288296162683,0.2657108306884765,C,0.6344616351606505,0.8436382740375591,0.3775665438670359,0.5775442168344005,0.5633462408555793,0.7040650050592625,0.6502059837991386
costa_caribe,costa_caribe_b0096,2007,Costa Caribe,2022-07-18,audiencia_reconocimiento,1.0,0.12820512820512822,0.0,0.1906021540996338,0.2685216069221496,C,0.6344616351606505,0.39404950633350316,0.3775665438670359,0.5019140563042338,0.5828257154247305,0.5467089363628429,0.5152341306013966
costa_caribe,costa_caribe_b0097,2001,Costa Caribe,2022-07-18,audiencia_reconocimiento,0.6666666666666666,0.0,0.0,0.1726632764863542,0.2709636688232422,C,0.33075128858240427,0.3068205197831304,0.3775665438670359,0.4020601318637502,0.5995447426209228,0.4098801697678264,0.4618218158488726
costa_caribe,costa_caribe_b0098,2001,Costa Caribe,2022-07-18,audiencia_reconocimiento,0.7166666666666667,0.0,0.0,0.1736759731399877,0.2752701640129089,C,0.37370381287283416,0.3068205197831304,0.3775665438670359,0.4075625401553948,0.6284500034435704,0.4249135532694768,0.46952871091547765
costa_caribe,costa_caribe_b0099,1999,Costa Caribe,2022-07-18,audiencia_reconocimiento,1.0,0.5555555555555556,0.0,0.1503310793853732,0.2767758369445801,C,0.6344616351606505,0.7009919324814305,0.3775665438670359,0.2889460433932169,0.6383544878313836,0.6541387855146176,0.5285366871008531
costa_caribe,costa_caribe_b0100,2003,Costa Caribe,2022-07-18,audiencia_reconocimiento,0.19545454545454544,0.06944444444444445,0.103125,0.128232517912717,0.3041424751281738,C,0.07723003940612033,0.352825006173505,0.4991275815402007,0.19799717424262986,0.7930707472153913,0.3007809914908086,0.4162938956633348
costa_caribe,costa_caribe_b0101,2001,Costa Caribe,2022-07-18,audiencia_reconocimiento,0.5269230769230769,0.0,0.0,0.1630808669308437,0.2526991963386535,C,0.22593220161637087,0.3068205197831304,0.3775665438670359,0.35137875940870394,0.47156317547937604,0.37319348932971463,0.418487022061297
costa_caribe,costa_caribe_b0102,1999,Costa Caribe,2022-07-18,audiencia_reconocimiento,0.6166666666666667,0.0,0.0,0.1618595666028959,0.2828288674354553,C,0.2904461395257794,0.3068205197831304,0.3775665438670359,0.3451276214289874,0.6769332447385833,0.39577336759800763,0.4573731376202377
costa_caribe,costa_caribe_b0103,1999,Costa Caribe,2022-07-18,audiencia_reconocimiento,0.23,0.11111111111111112,0.15,0.1514114050687519,0.2981582283973694,C,0.08703366286441779,0.38187068812541963,0.5553094270236235,0.29397713947165344,0.7638672225631734,0.297523694739356,0.4400712299543436
costa_caribe,costa_caribe_b0104,2000,Costa Caribe,2022-07-18,audiencia_reconocimiento,0.25,0.2777777777777778,0.0,0.1589119358085858,0.2632678747177124,C,0.09321198806478713,0.5046248453891035,0.3775665438670359,0.3302622946335413,0.5462534022260828,0.3959729285487509,0.4754853861408247
costa_caribe,costa_caribe_b0105,2001,Costa Caribe,2022-07-18,audiencia_reconocimiento,0.5375,0.0,0.0,0.1163607225739185,0.2161329984664917,C,0.23297924637658743,0.3068205197831304,0.3775665438670359,0.15888019879672122,0.24052505881309175,0.3756599549957904,0.3049049025138462
costa_caribe,costa_caribe_b0106,2011,Costa Caribe,2022-07-18,audiencia_reconocimiento,0.776923076923077,0.25641025641025644,0.0,0.1849973716086466,0.2496357560157776,C,0.42818050565304444,0.4885976100331207,0.3775665438670359,0.47035012717876246,0.45000302093953176,0.507602377330047,0.5012592424353461
costa_caribe,costa_caribe_b0107,2003,Costa Caribe,2022-07-18,audiencia_reconocimiento,1.0,0.0,0.20454545454545453,0.141930924861947,0.2958765625953674,C,0.6344616351606505,0.3068205197831304,0.6188584114757497,0.25162907784286287,0.7520096546999434,0.44379123078759836,0.39140555583562336
costa_caribe,costa_caribe_b0108,2006,Costa Caribe,2022-07-18,audiencia_reconocimiento,1.0,0.2777777777777778,0.18749999999999997,0.1957505957091855,0.2423031330108642,C,0.6344616351606505,0.5046248453891035,0.5993256146084424,0.5309006321762343,0.3992972236391132,0.5188825838098812,0.471965754415092
costa_caribe,costa_caribe_b0109,2008,Costa Caribe,2022-07-18,audiencia_reconocimiento,0.5684210526315789,0.0,0.0,0.2147908913933034,0.2592166066169739,C,0.254446575605062,0.3068205197831304,0.3775665438670359,0.6348645865913013,0.5176851890573313,0.38317352022575657,0.5269314642907971
costa_caribe,costa_caribe_b0110,1999,Costa Caribe,2022-07-18,audiencia_reconocimiento,0.9687499999999999,1.0,0.0,0.1873228187646261,0.2646045684814453,C,0.6067418949280936,0.8989550246610704,0.3775665438670359,0.48343182471765755,0.5556221043242632,0.7137239586960966,0.6295510069078932
costa_caribe,costa_caribe_b0111,2002,Costa Caribe,2022-07-18,audiencia_reconocimiento,1.0,1.0,0.0,0.2580737922983245,0.2650081515312195,C,0.6344616351606505,0.8989550246610704,0.3775665438670359,0.8218934233005877,0.5584433171736042,0.7234258677774914,0.7485768089817869
costa_caribe,costa_caribe_b0112,2001,Costa Caribe,2022-07-18,audiencia_reconocimiento,0.7454545454545454,0.6944444444444445,0.0,0.1872400337491901,0.2719339728355407,C,0.3994228870211674,0.7805353366813892,0.3775665438670359,0.48296562456444075,0.6061261865565244,0.599715415135784,0.6098837313057992
costa_caribe,costa_caribe_b0113,2004,Costa Caribe,2022-07-18,audiencia_reconocimiento,1.0,1.0,0.0,0.1857667129809626,0.2644883990287781,C,0.6344616351606505,0.8989550246610704,0.3775665438670359,0.4746744005856477,0.5548093583424617,0.7234258677774914,0.6263233592653294
costa_caribe,costa_caribe_b0114,2001,Costa Caribe,2022-07-18,audiencia_reconocimiento,1.0,1.0,0.0,0.1752796849609034,0.2826776504516601,C,0.6344616351606505,0.8989550246610704,0.3775665438670359,0.41632328987163253,0.6759956414063804,0.7234258677774914,0.6301377271282079
costa_caribe,costa_caribe_b0115,2010,Costa Caribe,2022-07-18,audiencia_reconocimiento,1.0,1.0,1.0,0.1723185025638461,0.3112295866012573,C,0.6344616351606505,0.8989550246610704,0.9867926701069439,0.40019236995847085,0.8240912340003961,0.540658029905519,0.5322657984294229
costa_caribe,costa_caribe_b0116,2003,Costa Caribe,2022-07-18,audiencia_reconocimiento,1.0,1.0,1.0,0.1311749842757321,0.2278217077255249,C,0.6344616351606505,0.8989550246610704,0.9867926701069439,0.20874564676638874,0.3060486193935351,0.540658029905519,0.36165092239082186
costa_caribe,costa_caribe_b0117,2000,Costa Caribe,2022-07-18,audiencia_reconocimiento,1.0,1.0,0.0,0.167694630417669,0.2593343257904053,C,0.6344616351606505,0.8989550246610704,0.3775665438670359,0.3754425386706642,0.5185178521858924,0.7234258677774914,0.5843339063637714
costa_caribe,costa_caribe_b0118,2001,Costa Caribe,2022-07-18,audiencia_reconocimiento,1.0,0.2916666666666667,0.0,0.1311104006065049,0.2835037112236023,C,0.6344616351606505,0.5150395131037123,0.3775665438670359,0.20850518648847982,0.6811001476333546,0.5890554387324162,0.4624434143001598
costa_caribe,costa_caribe_b0119,2001,Costa Caribe,2022-07-18,audiencia_reconocimiento,1.0,0.8333333333333334,0.46875,0.1759720536929263,0.2386534214019775,C,0.6344616351606505,0.8436382740375591,0.8527675958071249,0.42012230321161975,0.37477358481279793,0.5615046894772359,0.4623535724345913
costa_caribe,costa_caribe_b0120,2002,Costa Caribe,2022-07-18,audiencia_reconocimiento,1.0,0.7708333333333334,0.28125,0.1510905880909742,0.2722715139389038,C,0.6344616351606505,0.8172772493383818,0.7013906653460866,0.29247775752905075,0.6084068164020318,0.5976914099708353,0.48808975768095225
costa_caribe,costa_caribe_b0121,1999,Costa Caribe,2022-07-18,audiencia_reconocimiento,0.8666666666666667,0.5555555555555556,0.0,0.1423213607316841,0.3650297522544861,C,0.5122294918277495,0.7009919324814305,0.3775665438670359,0.25329075544188673,0.9555742333170981,0.6113575353481022,0.5795012854150304
costa_caribe,costa_caribe_b0122,2004,Costa Caribe,2022-07-18,audiencia_reconocimiento,1.0,1.0,0.0,0.1629839988177629,0.2908347845077514,C,0.6344616351606505,0.8989550246610704,0.3775665438670359,0.35088104786239505,0.7244261259360391,0.7234258677774914,0.6169190393309065
costa_caribe,costa_caribe_b0123,2001,Costa Caribe,2022-07-18,audiencia_reconocimiento,1.0,0.8333333333333334,1.0,0.1447256617062987,0.264629602432251,C,0.6344616351606505,0.8436382740375591,0.9867926701069439,0.263682101796634,0.5557972083034954,0.5212971671872901,0.4169992117775219
costa_caribe,costa_caribe_b0124,2002,Costa Caribe,2022-07-18,audiencia_reconocimiento,0.65,0.0,0.0,0.1952141893564475,0.2792562246322632,C,0.3169987649473408,0.3068205197831304,0.3775665438670359,0.5278869293489341,0.6544141915211913,0.40506678649555417,0.5168350847487406
costa_caribe,costa_caribe_b0125,2001,Costa Caribe,2022-07-18,audiencia_reconocimiento,1.0,0.8,0.495,0.173838517786845,0.3153586983680725,C,0.6344616351606505,0.829986082110106,0.8679359804912836,0.40844791563512284,0.8404117520787088,0.5521759068973796,0.5449484453173046
costa_caribe,costa_caribe_b0126,2002,Costa Caribe,2022-07-18,audiencia_reconocimiento,0.20434782608695654,0.06944444444444445,0.0,0.1621729177392068,0.2778401970863342,C,0.07965260899606831,0.352825006173505,0.3775665438670359,0.3467264899872283,0.645286264713756,0.3380972021492399,0.4631044672082502
costa_caribe,costa_caribe_b0127,2001,Costa Caribe,2022-07-18,audiencia_reconocimiento,0.3727272727272727,0.0,0.10760869565217393,0.176510831086867,0.2805562615394592,C,0.14033331414972738,0.3068205197831304,0.5045231118232685,0.4230851501183258,0.662695603420726,0.30514690832951963,0.4564194308066882
casanare_torres,casanare_torres_b0000,2000,Casanare,2020-02-06,version_voluntaria,0.7425,0.0,0.0,0.174543519764097,0.2729442715644836,C,0.3967549226396589,0.3068205197831304,0.3775665438670359,0.4122948502269651,0.6129381925028761,0.43298144168786545,0.4680826572523884
casanare_torres,casanare_torres_b0001,2015,Casanare,2020-02-06,version_voluntaria,1.0,0.0,0.0,0.1290020498938685,0.2364366054534912,C,0.6344616351606505,0.3068205197831304,0.3775665438670359,0.20076732915862788,0.360177245896676,0.5161787910702125,0.3434958355572304
casanare_torres,casanare_torres_b0002,1999,Casanare,2020-02-06,version_voluntaria,1.0,0.0,1.0,0.1526992757701175,0.2153036594390869,C,0.6344616351606505,0.3068205197831304,0.9867926701069439,0.30004103428331247,0.2362592812873407,0.3334109531982401,0.2316128141810213
casanare_torres,casanare_torres_b0003,2000,Casanare,2020-02-06,version_voluntaria,1.0,0.26470588235294124,0.0,0.1362816753158136,0.2443451881408691,C,0.6344616351606505,0.4948189755061937,0.3775665438670359,0.22840481098072682,0.4132509733596507,0.5819782505732847,0.41078331361832576
casanare_torres,casanare_torres_b0004,2001,Casanare,2020-02-06,version_voluntaria,1.0,0.20833333333333334,0.0,0.1995109869807719,0.2918338775634765,C,0.6344616351606505,0.4526717240459149,0.3775665438670359,0.5519522975460234,0.7300406253359789,0.567226712562187,0.5768460514463755
casanare_torres,casanare_torres_b0005,2003,Casanare,2020-02-06,version_voluntaria,1.0,0.5555555555555556,0.0,0.147834117459359,0.2594125270843506,C,0.6344616351606505,0.7009919324814305,0.3775665438670359,0.277515725675896,0.5190709368993469,0.6541387855146176,0.5006793657133835
casanare_torres,casanare_torres_b0006,2000,Casanare,2020-02-06,version_voluntaria,1.0,0.38461538461538464,0.0,0.1566716762073449,0.2570035457611084,C,0.6344616351606505,0.5839686785429479,0.3775665438670359,0.31918500390956256,0.5020183663371178,0.6131806466361486,0.48259728549810027
casanare_torres,casanare_torres_b0007,2006,Casanare,2020-02-06,version_voluntaria,1.0,1.0,0.0,0.1393513918640359,0.2026091814041137,C,0.6344616351606505,0.8989550246610704,0.3775665438670359,0.24083365637871518,0.17756431506168044,0.7234258677774914,0.4690300901367468
casanare_torres,casanare_torres_b0008,2007,Casanare,2020-02-06,version_voluntaria,1.0,1.0,0.0,0.170027940541132,0.258861780166626,C,0.6344616351606505,0.8989550246610704,0.3775665438670359,0.38785948000190695,0.5151748193233942,0.7234258677774914,0.5880112292572067
casanare_torres,casanare_torres_b0009,1999,Casanare,2020-02-06,version_voluntaria,1.0,1.0,0.0,0.1431984016916273,0.2684531807899475,C,0.6344616351606505,0.8989550246610704,0.3775665438670359,0.25704975438977096,0.5823543045078128,0.7234258677774914,0.5556637223298428
casanare_torres,casanare_torres_b0010,2004,Casanare,2020-02-06,version_voluntaria,1.0,0.0,0.0,0.1552192968757402,0.2713503241539001,C,0.6344616351606505,0.3068205197831304,0.3775665438670359,0.31211010884482326,0.6021718254459836,0.5161787910702125,0.4308647243572603
casanare_torres,casanare_torres_b0011,2003,Casanare,2020-02-06,version_voluntaria,1.0,0.0,0.0,0.1506435502318424,0.2671295404434204,C,0.6344616351606505,0.3068205197831304,0.3775665438670359,0.29039596572111787,0.5732066589027485,0.5161787910702125,0.41747174095531636
casanare_torres,casanare_torres_b0012,2002,Casanare,2020-02-06,version_voluntaria,1.0,1.0,0.0,0.1672532886500491,0.2869778275489807,C,0.6344616351606505,0.8989550246610704,0.3775665438670359,0.3731116548843503,0.7020868567456656,0.7234258677774914,0.6202318979505161
casanare_torres,casanare_torres_b0013,2000,Casanare,2020-02-06,version_voluntaria,1.0,1.0,0.0,0.1782614085859502,0.2829251885414123,C,0.6344616351606505,0.8989550246610704,0.3775665438670359,0.4327491370701828,0.6775297324185265,0.7234258677774914,0.6361935918501297
casanare_torres,casanare_torres_b0014,2002,Casanare,2020-02-06,version_voluntaria,1.0,1.0,0.0,0.1840659947859955,0.2962017059326172,C,0.6344616351606505,0.8989550246610704,0.3775665438670359,0.46512110377324367,0.7537235125750954,0.7234258677774914,0.6627625362275148
casanare_torres,casanare_torres_b0015,2003,Casanare,2020-02-06,version_voluntaria,1.0,1.0,0.0,0.1521234147992182,0.2593528628349304,C,0.6344616351606505,0.8989550246610704,0.3775665438670359,0.2973207778024078,0.5186489610245194,0.7234258677774914,0.5570175118276071
casanare_torres,casanare_torres_b0016,2001,Casanare,2020-02-06,version_voluntaria,1.0,1.0,1.0,0.148796767017189,0.2488955855369568,C,0.6344616351606505,0.8989550246610704,0.9867926701069439,0.28188934632740215,0.44481874238648117,0.540658029905519,0.41500524183576576
casanare_torres,casanare_torres_b0017,2002,Casanare,2020-02-06,version_voluntaria,1.0,0.0,0.0,0.1359458735072396,0.2494123578071594,C,0.6344616351606505,0.3068205197831304,0.3775665438670359,0.2270729626704364,0.44843710524376557,0.5161787910702125,0.3703547791557813
casanare_torres,casanare_torres_b0018,1999,Casanare,2020-02-06,version_voluntaria,1.0,0.0,0.0,0.1642035531315204,0.2724496126174927,C,0.6344616351606505,0.3068205197831304,0.3775665438670359,0.35717051688432544,0.609608259743664,0.5161787910702125,0.44812315403062214
casanare_torres,casanare_torres_b0019,2001,Casanare,2020-02-06,version_voluntaria,1.0,0.8333333333333334,0.0,0.1754590135193799,0.2978487610816955,C,0.6344616351606505,0.8436382740375591,0.3775665438670359,0.41730632780892185,0.7622821694415189,0.7040650050592625,0.633909908357409
casanare_torres,casanare_torres_b0020,2004,Casanare,2020-02-06,version_voluntaria,1.0,1.0,0.0,0.1291478963048682,0.2241939902305603,C,0.6344616351606505,0.8989550246610704,0.3775665438670359,0.20129560483410253,0.2846661228103141,0.7234258677774914,0.47661213364585914
casanare_torres,casanare_torres_b0021,2000,Casanare,2020-02-06,version_voluntaria,1.0,1.0,0.0,0.1539508949487131,0.2543802857398987,C,0.6344616351606505,0.8989550246610704,0.3775665438670359,0.30600212716460873,0.4834449679168221,0.7234258677774914,0.5530151854828379
casanare_torres,casanare_torres_b0022,1999,Casanare,2020-02-06,version_voluntaria,1.0,0.0,1.0,0.1244026896685603,0.2444881200790405,C,0.6344616351606505,0.3068205197831304,0.9867926701069439,0.18463921984495682,0.41423317203334314,0.3334109531982401,0.22681695727679732
casanare_torres,casanare_torres_b0023,2006,Casanare,2020-02-06,version_voluntaria,1.0,0.0,0.0,0.1406397180866239,0.2301986813545227,C,0.6344616351606505,0.3068205197831304,0.3775665438670359,0.24618549504041098,0.32053430271540284,0.5161787910702125,0.35146360497959983
casanare_torres,casanare_torres_b0024,2003,Casanare,2020-02-06,version_voluntaria,1.0,0.0,1.0,0.1985080070044027,0.2979446649551391,C,0.6344616351606505,0.3068205197831304,0.9867926701069439,0.546352381556554,0.7627741589401492,0.3334109531982401,0.42312476125721754
casanare_torres,casanare_torres_b0025,1999,Casanare,2020-02-06,version_voluntaria,1.0,0.0,0.0,0.1446812369969192,0.2420743107795715,C,0.6344616351606505,0.3068205197831304,0.3775665438670359,0.2634876378417623,0.39774333099162135,0.5161787910702125,0.37296116061531653
casanare_torres,casanare_torres_b0026,2008,Casanare,2020-02-06,version_voluntaria,1.0,0.0,0.0,0.1323046318923083,0.2353978157043457,C,0.6344616351606505,0.3068205197831304,0.3775665438670359,0.21298459949373025,0.35342356092085453,0.5161787910702125,0.3464211431793519
casanare_torres,casanare_torres_b0027,2005,Casanare,2020-02-06,version_voluntaria,1.0,0.0,1.0,0.1456921884417262,0.2491340637207031,C,0.6344616351606505,0.3068205197831304,0.9867926701069439,0.267935702643298,0.4464878280483873,0.3334109531982401,0.2624216574592256
casanare_torres,casanare_torres_b0028,1999,Casanare,2020-02-06,version_voluntaria,1.0,0.0,0.0,0.1405742895113859,0.2443623542785644,C,0.6344616351606505,0.3068205197831304,0.3775665438670359,0.2459117772188406,0.41336889919919095,0.5161787910702125,0.36993472303880787
casanare_torres,casanare_torres_b0029,2001,Casanare,2020-02-06,version_voluntaria,1.0,1.0,0.0,0.1203070039446032,0.2437359094619751,C,0.6344616351606505,0.8989550246610704,0.3775665438670359,0.17113707883317839,0.409071962813982,0.7234258677774914,0.4909378175462693
casanare_torres,casanare_torres_b0030,2002,Casanare,2020-02-06,version_voluntaria,1.0,0.0,0.0,0.1619771814060496,0.2842066884040832,C,0.6344616351606505,0.3068205197831304,0.3775665438670359,0.3457273405715658,0.6854101793603177,0.5161787910702125,0.459278426244487
casanare_torres,casanare_torres_b0031,1999,Casanare,2020-02-06,version_voluntaria,1.0,1.0,0.0,0.1546096315095649,0.2648670077323913,C,0.6344616351606505,0.8989550246610704,0.3775665438670359,0.30916594230616723,0.5574570828893829,0.7234258677774914,0.5689249437768955
casanare_torres,casanare_torres_b0032,2003,Casanare,2020-02-06,version_voluntaria,1.0,0.0,1.0,0.1537938371572421,0.2700679898262024,C,0.6344616351606505,0.3068205197831304,0.9867926701069439,0.30525047889159157,0.5934373642808497,0.3334109531982401,0.3048717363926208
casanare_torres,casanare_torres_b0033,2000,Casanare,2020-02-06,version_voluntaria,1.0,0.0,0.0,0.1699634053347903,0.2827556729316711,C,0.6344616351606505,0.3068205197831304,0.3775665438670359,0.38751400021270915,0.6764795877503098,0.5161787910702125,0.4721176387968856
casanare_torres,casanare_torres_b0034,2004,Casanare,2020-02-06,version_voluntaria,1.0,1.0,0.0,0.1667202582458555,0.2771716117858886,C,0.6344616351606505,0.8989550246610704,0.3775665438670359,0.37030437821830425,0.6409389325660227,0.7234258677774914,0.6070197662814715
casanare_torres,casanare_torres_b0035,1999,Casanare,2020-02-06,version_voluntaria,1.0,1.0,0.0,0.1635493591042796,0.2826111912727356,C,0.6344616351606505,0.8989550246610704,0.3775665438670359,0.3537904344208351,0.6755831210977501,0.7234258677774914,0.6081687236587028
casanare_torres,casanare_torres_b0036,2004,Casanare,2020-02-06,version_voluntaria,1.0,0.0,0.0,0.1686423757929128,0.2893963456153869,C,0.6344616351606505,0.3068205197831304,0.3775665438670359,0.38046735312524593,0.7162168487671329,0.5161787910702125,0.4775987645196381
casanare_torres,casanare_torres_b0037,2001,Casanare,2020-02-06,version_voluntaria,1.0,1.0,0.0,0.1568413003708422,0.2727544903755188,C,0.6344616351606505,0.8989550246610704,0.3775665438670359,0.3200168263325608,0.6116618573807212,0.7234258677774914,0.583563708084401
casanare_torres,casanare_torres_b0038,1999,Casanare,2020-02-06,version_voluntaria,1.0,0.0,1.0,0.1543027373781718,0.2613496780395508,C,0.6344616351606505,0.3068205197831304,0.9867926701069439,0.3076897246950109,0.5327532598976731,0.3334109531982401,0.2935886515471822
casanare_torres,casanare_torres_b0039,1999,Casanare,2020-02-06,version_voluntaria,1.0,1.0,0.0,0.1647874016214415,0.2866747379302978,C,0.6344616351606505,0.8989550246610704,0.3775665438670359,0.36019920189586646,0.7002877581468387,0.7234258677774914,0.6153527196847814
casanare_torres,casanare_torres_b0040,2000,Casanare,2020-02-06,version_voluntaria,1.0,0.6944444444444445,0.0,0.1837888986088393,0.2600312829017639,C,0.6344616351606505,0.7805353366813892,0.3775665438670359,0.463566830650719,0.5234453778590613,0.6819789769846031,0.586557991696504
casanare_torres,casanare_torres_b0041,2007,Casanare,2020-02-06,version_voluntaria,1.0,0.8555555555555555,0.0,0.1487144212022748,0.2392979264259338,C,0.6344616351606505,0.8522343294131167,0.3775665438670359,0.28151358946130023,0.3790617002767452,0.7070736244407076,0.5118873699466762
casanare_torres,casanare_torres_b0042,2000,Casanare,2020-02-06,version_voluntaria,1.0,0.0,0.0,0.166825506467134,0.2522463202476501,C,0.6344616351606505,0.3068205197831304,0.3775665438670359,0.37085799487017507,0.46836722691544974,0.5161787910702125,0.42466556476002665
casanare_torres,casanare_torres_b0043,2009,Casanare,2020-02-06,version_voluntaria,1.0,0.0,0.11363636363636363,0.1707730275532564,0.2549639940261841,C,0.6344616351606505,0.3068205197831304,0.5117747201502809,0.39185628301717335,0.4875756361889712,0.475916338185239,0.40901501220953135
casanare_torres,casanare_torres_b0044,2004,Casanare,2020-02-06,version_voluntaria,1.0,0.19607843137254902,0.0,0.1335778443693155,0.1975894570350647,C,0.6344616351606505,0.4435776464534994,0.3775665438670359,0.21783712043048647,0.15773903529007005,0.5640437854048417,0.34317190204865194
casanare_torres,casanare_torres_b0045,2009,Casanare,2020-02-06,version_voluntaria,0.8066666666666668,0.06862745098039216,0.0,0.1820653775059403,0.2840331196784973,C,0.455818702792082,0.35226542333064353,0.3775665438670359,0.4539163979200686,0.684348939010364,0.46955948098284317,0.5082935741333505
casanare_torres,casanare_torres_b0046,2001,Casanare,2020-02-06,version_voluntaria,1.0,0.0,0.0,0.2056787781510219,0.2986531853675842,C,0.6344616351606505,0.3068205197831304,0.3775665438670359,0.5860484567757278,0.7663871171761282,0.5161787910702125,0.5595862044791058
casanare_torres,casanare_torres_b0047,2014,Casanare,2020-02-06,version_voluntaria,1.0,0.0,0.0,0.1319131902778723,0.2198296189308166,C,0.6344616351606505,0.3068205197831304,0.3775665438670359,0.2115086618287244,0.26017166255525254,0.5161787910702125,0.3272541853234795
casanare_torres,casanare_torres_b0048,2002,Casanare,2020-02-06,version_voluntaria,0.41294117647058826,0.0,0.11029411764705882,0.1435412587712132,0.2669995427131653,C,0.15963117695633314,0.3068205197831304,0.5077542354374982,0.2585291209679195,0.5723054342669741,0.31093182322756274,0.3801005620504496
casanare_torres,casanare_torres_b0049,2000,Casanare,2020-02-06,version_voluntaria,0.19166666666666668,0.0,0.0,0.1356765726935366,0.2356641888618469,C,0.07621884760142478,0.3068205197831304,0.3775665438670359,0.2260088383683451,0.3551499402575657,0.32079381542448354,0.35132490265280936
casanare_torres,casanare_torres_b0050,1999,Casanare,2020-02-06,version_voluntaria,0.5684210526315789,0.0,0.0,0.1670839286114235,0.2358853816986084,C,0.254446575605062,0.3068205197831304,0.3775665438670359,0.37221875994271525,0.3565863763929425,0.38317352022575657,0.4027856624309143
casanare_torres,casanare_torres_b0051,2004,Casanare,2020-02-06,version_voluntaria,0.5747368421052632,0.0,0.0,0.1739192621170278,0.263036847114563,C,0.2589881486064888,0.3068205197831304,0.3775665438670359,0.4088879487373501,0.5446306464585384,0.38476307077625593,0.4532287325221557
casanare_torres,casanare_torres_b0052,1999,Casanare,2020-02-06,version_voluntaria,1.0,0.09722222222222221,0.0,0.1566530650557854,0.2330194115638733,C,0.6344616351606505,0.3720827918734655,0.3775665438670359,0.319093806347636,0.3381822642703248,0.5390205863018298,0.39682667427069673
casanare_torres,casanare_torres_b0053,2000,Casanare,2020-02-06,version_voluntaria,1.0,0.1388888888888889,0.0,0.1827596636478556,0.2889264225959778,C,0.6344616351606505,0.40172973269024526,0.3775665438670359,0.45780013168247136,0.7135031904741413,0.5493970155877027,0.5278498085828474
casanare_torres,casanare_torres_b0054,2000,Casanare,2020-02-06,version_voluntaria,1.0,0.33333333333333337,0.44999999999999996,0.1610085356514263,0.2592313885688782,C,0.6344616351606505,0.5461693773679992,0.8410712182334271,0.3408029723101601,0.5177897517379969,0.46089948891499916,0.3911670913514698
casanare_torres,casanare_torres_b0055,2007,Casanare,2020-02-06,version_voluntaria,1.0,1.0,0.0,0.1662950011036009,0.2809925675392151,C,0.6344616351606505,0.8989550246610704,0.3775665438670359,0.36807096373060627,0.6654530116250623,0.7234258677774914,0.6111408870225851
casanare_torres,casanare_torres_b0056,2001,Casanare,2020-02-06,version_voluntaria,1.0,1.0,0.0,0.1521483202968653,0.253530740737915,C,0.6344616351606505,0.8989550246610704,0.3775665438670359,0.2974381319325875,0.4774372729345051,0.7234258677774914,0.548816248155167
casanare_torres,casanare_torres_b0057,2010,Casanare,2020-02-06,version_voluntaria,1.0,1.0,0.0,0.1541298544828889,0.2584330439567566,C,0.6344616351606505,0.8989550246610704,0.3775665438670359,0.30685985270937405,0.5121405335357747,0.7234258677774914,0.5590545025472963
casanare_torres,casanare_torres_b0058,2006,Casanare,2020-02-06,version_voluntaria,1.0,1.0,0.0,0.1610991675720913,0.2637720108032226,C,0.6344616351606505,0.8989550246610704,0.3775665438670359,0.3412622891124875,0.5497910366292577,0.7234258677774914,0.5786254559070826
casanare_torres,casanare_torres_b0059,1999,Casanare,2020-02-06,version_voluntaria,1.0,0.20833333333333334,0.0,0.1667006777708941,0.2726888060569763,C,0.6344616351606505,0.4526717240459149,0.3775665438670359,0.3702014204267875,0.6112197527338247,0.567226712562187,0.48946906993421213
casanare_torres,casanare_torres_b0060,2003,Casanare,2020-02-06,version_voluntaria,1.0,0.8333333333333334,0.9375,0.1272015937244517,0.253308355808258,C,0.6344616351606505,0.8436382740375591,0.9822391701158698,0.1943313220402754,0.4758656486011068,0.5226632171846124,0.37765082692053353
casanare_torres,casanare_torres_b0061,2001,Casanare,2020-02-06,version_voluntaria,1.0,0.0,0.0,0.1549080344819948,0.2652608156204223,C,0.6344616351606505,0.3068205197831304,0.3775665438670359,0.3106050600225563,0.5602076373079193,0.5161787910702125,0.421945119641854
casanare_torres,casanare_torres_b0062,2001,Casanare,2020-02-06,version_voluntaria,1.0,0.0,0.0,0.1629155328849441,0.2739128470420837,C,0.6344616351606505,0.3068205197831304,0.3775665438670359,0.3505294631220512,0.6194276935167103,0.5161787910702125,0.44776267196843544
casanare_torres,casanare_torres_b0063,2001,Casanare,2020-02-06,version_voluntaria,1.0,0.0,1.0,0.1425415926376444,0.2657669186592102,C,0.6344616351606505,0.3068205197831304,0.9867926701069439,0.2542312451014809,0.5637370730542478,0.3334109531982401,0.2810749463207617
casanare_torres,casanare_torres_b0064,2004,Casanare,2020-02-06,version_voluntaria,1.0,1.0,0.0,0.1668537287674172,0.2619972229003906,C,0.6344616351606505,0.8989550246610704,0.3775665438670359,0.3710065048955492,0.5373170012078685,0.7234258677774914,0.5865411243468763
casanare_torres,casanare_torres_b0065,2002,Casanare,2020-02-06,version_voluntaria,1.0,0.8333333333333334,0.0,0.1686331148375334,0.2758398056030273,C,0.6344616351606505,0.8436382740375591,0.3775665438670359,0.38041812674569775,0.6322103922421765,0.7040650050592625,0.5949846825454121
casanare_torres,casanare_torres_b0066,2002,Casanare,2020-02-06,version_voluntaria,1.0,0.0,0.0,0.1765862840243953,0.2832533717155456,C,0.6344616351606505,0.3068205197831304,0.3775665438670359,0.42350052835969937,0.6795577269567566,0.5161787910702125,0.4853285514896215
casanare_torres,casanare_torres_b0067,2002,Casanare,2020-02-06,version_voluntaria,1.0,1.0,0.0,0.1513053227252307,0.2547597885131836,C,0.6344616351606505,0.8989550246610704,0.3775665438670359,0.29348085283854536,0.48613033416316537,0.7234258677774914,0.5491698127179844
casanare_torres,casanare_torres_b0068,2000,Casanare,2020-02-06,version_voluntaria,1.0,0.0,0.0,0.1524775288860689,0.2765706181526184,C,0.6344616351606505,0.3068205197831304,0.3775665438670359,0.29899186114600934,0.6370112213257605,0.5161787910702125,0.4332412168386308
casanare_torres,casanare_torres_b0069,2000,Casanare,2020-02-06,version_voluntaria,1.0,0.7083333333333334,0.0,0.1577013214763488,0.2623388767242431,C,0.6344616351606505,0.787590969627914,0.3775665438670359,0.324251855690604,0.5397224271514245,0.6844484485158867,0.5428170685555676
casanare_torres,casanare_torres_b0070,2001,Casanare,2020-02-06,version_voluntaria,1.0,1.0,0.0,0.1539601159537307,0.253197431564331,C,0.6344616351606505,0.8989550246610704,0.3775665438670359,0.30604628926444094,0.47508190867696415,0.7234258677774914,0.5513580303698076
casanare_torres,casanare_torres_b0071,2002,Casanare,2020-02-06,version_voluntaria,1.0,0.8333333333333334,0.9375,0.1310993260260874,0.267812967300415,C,0.6344616351606505,0.8436382740375591,0.9822391701158698,0.2084639737045088,0.5779364725243318,0.5226632171846124,0.4030114197876603
casanare_torres,casanare_torres_b0072,2000,Casanare,2020-02-06,version_voluntaria,1.0,1.0,0.0,0.228072539604471,0.3273815512657165,C,0.6344616351606505,0.8989550246610704,0.3775665438670359,0.7011252010751764,0.8809970958699199,0.7234258677774914,0.7708186869421562
casanare_torres,casanare_torres_b0073,2005,Casanare,2020-02-06,version_voluntaria,1.0,1.0,0.0,0.1651307424673735,0.2668225169181824,C,0.6344616351606505,0.8989550246610704,0.3775665438670359,0.3619854942243716,0.5710774110774642,0.7234258677774914,0.5901358525858833
casanare_torres,casanare_torres_b0074,2001,Casanare,2020-02-06,version_voluntaria,1.0,1.0,1.0,0.1814221595686594,0.2773045301437378,C,0.6344616351606505,0.8989550246610704,0.9867926701069439,0.45032331957716915,0.6418050779672407,0.540658029905519,0.5133543995893362
casanare_torres,casanare_torres_b0075,2000,Casanare,2020-02-06,version_voluntaria,1.0,1.0,0.0,0.1630471948840329,0.2667950987815857,C,0.6344616351606505,0.8989550246610704,0.3775665438670359,0.351205714625515,0.5708871335055008,0.7234258677774914,0.5863248742118908
casanare_torres,casanare_torres_b0076,2002,Casanare,2020-02-06,version_voluntaria,1.0,1.0,0.0,0.1665312391293203,0.2722290158271789,C,0.6344616351606505,0.8989550246610704,0.3775665438670359,0.3693109741938763,0.6081199317781065,0.7234258677774914,0.6001082747153385
casanare_torres,casanare_torres_b0077,2001,Casanare,2020-02-06,version_voluntaria,1.0,0.2333333333333333,0.0,0.1988803291285011,0.2893024086952209,C,0.6344616351606505,0.4713154719214093,0.3775665438670359,0.5484326056969218,0.7156756348214461,0.57375202431861,0.577402098165157
casanare_torres,casanare_torres_b0078,1999,Casanare,2020-02-06,version_voluntaria,1.0,1.0,0.0,0.2257361152250243,0.3261647224426269,C,0.6344616351606505,0.8989550246610704,0.3775665438670359,0.6899685648446279,0.8773351523074387,0.7234258677774914,0.766181475548968
casanare_torres,casanare_torres_b0079,2001,Casanare,2020-02-06,version_voluntaria,1.0,1.0,0.0,0.1524433056724107,0.2528747916221618,C,0.6344616351606505,0.8989550246610704,0.3775665438670359,0.29883012496697237,0.4728029941094291,0.7234258677774914,0.5483765899521865
casanare_torres,casanare_torres_b0080,2002,Casanare,2020-02-06,version_voluntaria,1.0,1.0,0.0,0.1386305060769816,0.2340811491012573,C,0.6344616351606505,0.8989550246610704,0.3775665438670359,0.23787389653707175,0.3449468988727804,0.7234258677774914,0.5014706909543916
casanare_torres,casanare_torres_b0081,2003,Casanare,2020-02-06,version_voluntaria,1.0,1.0,0.0,0.1708156788539812,0.2657728195190429,C,0.6344616351606505,0.8989550246610704,0.3775665438670359,0.39208551848600587,0.5637781868319499,0.7234258677774914,0.5992110162283525
casanare_torres,casanare_torres_b0082,2007,Casanare,2020-02-06,version_voluntaria,1.0,1.0,0.0,0.1495632342823329,0.2515416145324707,C,0.6344616351606505,0.8989550246610704,0.3775665438670359,0.28540142737851876,0.4633993680990848,0.7234258677774914,0.541795820594159
casanare_torres,casanare_torres_b0083,2005,Casanare,2020-02-06,version_voluntaria,1.0,0.0,0.0,0.1965125432468626,0.3017130494117737,C,0.6344616351606505,0.3068205197831304,0.3775665438670359,0.5351775735868253,0.7815477872586933,0.5161787910702125,0.544813529379503
casanare_torres,casanare_torres_b0084,2005,Casanare,2020-02-06,version_voluntaria,1.0,1.0,0.0,0.1833957048626513,0.2789368033409118,C,0.6344616351606505,0.8989550246610704,0.3775665438670359,0.4613625706999072,0.6523647827407508,0.7234258677774914,0.6411753036849781
casanare_torres,casanare_torres_b0085,1999,Casanare,2020-02-06,version_voluntaria,1.0,0.8333333333333334,0.0,0.1613478071710788,0.2575833201408386,C,0.6344616351606505,0.8436382740375591,0.3775665438670359,0.34252390764400203,0.506124372517744,0.7040650050592625,0.5565045019149321
casanare_torres,casanare_torres_b0086,2004,Casanare,2020-02-06,version_voluntaria,1.0,1.0,0.0,0.1457869747052956,0.244201123714447,C,0.6344616351606505,0.8989550246610704,0.3775665438670359,0.2683551832537651,0.412261690498641,0.7234258677774914,0.5256020996304064
casanare_torres,casanare_torres_b0087,2001,Casanare,2020-02-06,version_voluntaria,1.0,0.0,1.0,0.1456451024516578,0.2472347021102905,C,0.6344616351606505,0.3068205197831304,0.9867926701069439,0.2677274762248574,0.4332308953360641,0.3334109531982401,0.2596973916703067
casanare_torres,casanare_torres_b0088,2001,Casanare,2020-02-06,version_voluntaria,1.0,0.0,0.0,0.1776992163026783,0.2831348776817322,C,0.6344616351606505,0.3068205197831304,0.3775665438670359,0.4296396291460719,0.678826274838497,0.5161787910702125,0.4873309463412
casanare_torres,casanare_torres_b0089,2004,Casanare,2020-02-06,version_voluntaria,1.0,0.0,1.0,0.1602495792666007,0.2695900201797485,C,0.6344616351606505,0.3068205197831304,0.9867926701069439,0.33696842157178114,0.5901662353204506,0.3334109531982401,0.31531879053860734
casanare_torres,casanare_torres_b0090,2002,Casanare,2020-02-06,version_voluntaria,1.0,1.0,0.0,0.1529583416389027,0.2487666606903076,C,0.6344616351606505,0.8989550246610704,0.3775665438670359,0.30126943821114927,0.44391692563025886,0.7234258677774914,0.5434531358918144
casanare_torres,casanare_torres_b0091,2000,Casanare,2020-02-06,version_voluntaria,1.0,0.0,0.0,0.1699347183600383,0.2686905264854431,C,0.6344616351606505,0.3068205197831304,0.3775665438670359,0.3873604649804575,0.5839888100777398,0.5161787910702125,0.45356574593108356
casanare_torres,casanare_torres_b0092,1999,Casanare,2020-02-06,version_voluntaria,1.0,1.0,0.0,0.1499405355745161,0.2607065439224243,C,0.6344616351606505,0.8989550246610704,0.3775665438670359,0.28713990468829315,0.5282151711683142,0.7234258677774914,0.5553674482664258
casanare_torres,casanare_torres_b0093,2000,Casanare,2020-02-06,version_voluntaria,1.0,1.0,0.0,0.1439084911333681,0.2621369957923889,C,0.6344616351606505,0.8989550246610704,0.3775665438670359,0.2601198006491647,0.5383012936390412,0.7234258677774914,0.5479276363468764
casanare_torres,casanare_torres_b0094,2005,Casanare,2020-02-06,version_voluntaria,1.0,0.0,0.0,0.1576592589738656,0.2634437084197998,C,0.6344616351606505,0.3068205197831304,0.3775665438670359,0.32404404811984355,0.5474878153019457,0.5161787910702125,0.4241048010747098
casanare_torres,casanare_torres_b0095,2000,Casanare,2020-02-06,version_voluntaria,1.0,0.0,0.0,0.1407498498551456,0.2621728181838989,C,0.6344616351606505,0.3068205197831304,0.3775665438670359,0.24664668999767866,0.5385535101695316,0.5161787910702125,0.39522886470546925
casanare_torres,casanare_torres_b0096,2002,Casanare,2020-02-06,version_voluntaria,1.0,0.0,0.0,0.1477455457601979,0.2719951272010803,C,0.6344616351606505,0.3068205197831304,0.3775665438670359,0.277115422322803,0.6065397284146369,0.5161787910702125,0.41949016466828387
casanare_torres,casanare_torres_b0097,2007,Casanare,2020-02-06,version_voluntaria,1.0,0.0,0.0,0.177619021670026,0.2842111587524414,C,0.6344616351606505,0.3068205197831304,0.3775665438670359,0.42919651567382244,0.6854374866245734,0.5161787910702125,0.48849809898312796
casanare_torres,casanare_torres_b0098,2003,Casanare,2020-02-06,version_voluntaria,1.0,1.0,0.0,0.1883521331656369,0.2682244181632995,C,0.6344616351606505,0.8989550246610704,0.3775665438670359,0.4892305139551714,0.5807771925668856,0.7234258677774914,0.6366115657895476
casanare_torres,casanare_torres_b0099,2002,Casanare,2020-02-06,version_voluntaria,1.0,0.0,0.0,0.1522128857968778,0.2666422724723816,C,0.6344616351606505,0.3068205197831304,0.3775665438670359,0.2977424874107778,0.569826160442397,0.5161787910702125,0.41936692385462704
casanare_torres,casanare_torres_b0100,2004,Casanare,2020-02-06,version_voluntaria,1.0,0.0,0.0,0.1864266877776138,0.2916260361671448,C,0.6344616351606505,0.3068205197831304,0.3775665438670359,0.4783870059559826,0.728878597027011,0.5161787910702125,0.5144029926623715
casanare_torres,casanare_torres_b0101,2001,Casanare,2020-02-06,version_voluntaria,1.0,1.0,0.0,0.14119595511483,0.2697272896766662,C,0.6344616351606505,0.8989550246610704,0.3775665438670359,0.24852076668764506,0.5911065108636537,0.7234258677774914,0.5544290179052669
casanare_torres,casanare_torres_b0102,2005,Casanare,2020-02-06,version_voluntaria,1.0,1.0,0.0,0.1691444738192072,0.2782616019248962,C,0.6344616351606505,0.8989550246610704,0.3775665438670359,0.3831398980537014,0.648014136595945,0.7234258677774914,0.6129272390298449
casanare_torres,casanare_torres_b0103,2003,Casanare,2020-02-06,version_voluntaria,1.0,0.0,0.0,0.1389040171661615,0.230173647403717,C,0.6344616351606505,0.3068205197831304,0.3775665438670359,0.23899390491872394,0.3203798598109848,0.5161787910702125,0.34891565985612577
casanare_torres,casanare_torres_b0104,2001,Casanare,2020-02-06,version_voluntaria,1.0,0.8333333333333334,0.0,0.1752804590405609,0.2550196051597595,C,0.6344616351606505,0.8436382740375591,0.3775665438670359,0.41632753177443954,0.48796927121362554,0.7040650050592625,0.5787047500997615
casanare_torres,casanare_torres_b0105,2004,Casanare,2020-02-06,version_voluntaria,1.0,0.0,1.0,0.1899777685559857,0.2888792753219604,C,0.6344616351606505,0.3068205197831304,0.9867926701069439,0.49839389660708344,0.7132300739929207,0.3334109531982401,0.39643047453545716
casanare_torres,casanare_torres_b0106,2002,Casanare,2020-02-06,version_voluntaria,1.0,1.0,0.0,0.1641337272232513,0.2633991837501526,C,0.6344616351606505,0.8989550246610704,0.3775665438670359,0.356809055771545,0.5471752914216579,0.7234258677774914,0.5835436751962327
casanare_torres,casanare_torres_b0107,2001,Casanare,2020-02-06,version_voluntaria,1.0,1.0,1.0,0.1587562894137116,0.2658518552780151,C,0.6344616351606505,0.8989550246610704,0.9867926701069439,0.3294863780235044,0.5643287775508213,0.540658029905519,0.45556620996226954
casanare_torres,casanare_torres_b0108,2001,Casanare,2020-02-06,version_voluntaria,1.0,0.5555555555555556,0.0,0.1347373746712535,0.2386448383331298,C,0.6344616351606505,0.7009919324814305,0.3775665438670359,0.2223253372393043,0.37471660940148305,0.6541387855146176,0.45249186426100363
casanare_torres,casanare_torres_b0109,2001,Casanare,2020-02-06,version_voluntaria,1.0,1.0,0.0,0.1803023919512969,0.289656400680542,C,0.6344616351606505,0.8989550246610704,0.3775665438670359,0.44408074842039513,0.7177118964289635,0.7234258677774914,0.6481960886247914
casanare_torres,casanare_torres_b0110,1999,Casanare,2020-02-06,version_voluntaria,1.0,1.0,0.0,0.1598914110627052,0.2742270827293396,C,0.6344616351606505,0.8989550246610704,0.3775665438670359,0.33516620107390627,0.6215240771239042,0.7234258677774914,0.5908384331925085
casanare_torres,casanare_torres_b0111,2001,Casanare,2020-02-06,version_voluntaria,1.0,0.0,0.0,0.1760843226411261,0.2838794589042663,C,0.6344616351606505,0.3068205197831304,0.3775665438670359,0.42073922592032315,0.6834078132519495,0.5161787910702125,0.48513211289487845
casanare_torres,casanare_torres_b0112,2001,Casanare,2020-02-06,version_voluntaria,1.0,1.0,0.0,0.1952799270977541,0.2875665426254272,C,0.6344616351606505,0.8989550246610704,0.3775665438670359,0.5282563788045057,0.7055635478683824,0.7234258677774914,0.6752278895471139
casanare_torres,casanare_torres_b0113,1999,Casanare,2020-02-06,version_voluntaria,1.0,1.0,1.0,0.1328211810247141,0.2415665984153747,C,0.6344616351606505,0.8989550246610704,0.9867926701069439,0.2149437326165295,0.39430293610457756,0.540658029905519,0.38147111578057963
casanare_torres,casanare_torres_b0114,2001,Casanare,2020-02-06,version_voluntaria,1.0,1.0,0.0,0.1487054891350272,0.2452045083045959,C,0.6344616351606505,0.8989550246610704,0.3775665438670359,0.28147284935611655,0.41916617742621204,0.7234258677774914,0.5315741801517436
casanare_torres,casanare_torres_b0115,2000,Casanare,2020-02-06,version_voluntaria,1.0,1.0,0.0,0.187926597941321,0.2817762494087219,C,0.6344616351606505,0.8989550246610704,0.3775665438670359,0.4868328012977775,0.670377441371394,0.7234258677774914,0.6536924161203613
casanare_torres,casanare_torres_b0116,2001,Casanare,2020-02-06,version_voluntaria,1.0,0.0,0.0,0.1709491477201097,0.2613325119018554,C,0.6344616351606505,0.3068205197831304,0.3775665438670359,0.39280317292295397,0.5326321990515296,0.5161787910702125,0.44519937150571526
casanare_torres,casanare_torres_b0117,2001,Casanare,2020-02-06,version_voluntaria,1.0,0.0,0.0,0.1313175766236579,0.2385651469230651,C,0.6344616351606505,0.3068205197831304,0.3775665438670359,0.2092772745580412,0.37418777445265516,0.5161787910702125,0.3492764221582209
casanare_torres,casanare_torres_b0118,2001,Casanare,2020-02-06,version_voluntaria,1.0,0.30303030303030304,0.0,0.2060923261695257,0.2888800501823425,C,0.6344616351606505,0.5235513074342493,0.3775665438670359,0.5883090832394471,0.7132345638910057,0.5920345667481041,0.6039296099971627
casanare_torres,casanare_torres_b0119,2004,Casanare,2020-02-06,version_voluntaria,1.0,0.2833333333333333,0.0,0.1279622648494212,0.2526465654373169,C,0.6344616351606505,0.5087917006350507,0.3775665438670359,0.1970311747201521,0.4711916341942448,0.5868687043683846,0.41488385437625774
casanare_torres,casanare_torres_b0120,2001,Casanare,2020-02-06,version_voluntaria,1.0,0.5555555555555556,0.3125,0.1455572929972424,0.2644304037094116,C,0.6344616351606505,0.7009919324814305,0.7319136067192202,0.267339434465011,0.5544035008473939,0.5478346666589622,0.43331476400874624
casanare_torres,casanare_torres_b0121,2008,Casanare,2020-02-06,version_voluntaria,1.0,0.0,0.0,0.10867277320297,0.1993252038955688,C,0.6344616351606505,0.3068205197831304,0.3775665438670359,0.13705640061275776,0.1643826835066446,0.5161787910702125,0.28203809808816954
casanare_torres,casanare_torres_b0122,2000,Casanare,2020-02-06,version_voluntaria,1.0,1.0,0.0,0.1339370882144313,0.2635766267776489,C,0.6344616351606505,0.8989550246610704,0.3775665438670359,0.2192206272210832,0.5484205611917677,0.7234258677774914,0.5356367791575931
casanare_torres,casanare_torres_b0123,1798,Casanare,2020-02-06,version_voluntaria,1.0,0.0,0.0,0.1892909070317884,0.3109439611434936,C,0.6344616351606505,0.3068205197831304,0.3775665438670359,0.4945217072854435,0.8229151196290421,0.5161787910702125,0.5388574426480891
dabeiba_antioquia,dabeiba_antioquia_b0000,2004,Antioquia,2023-06-27,audiencia_reconocimiento,1.0,0.0,0.0,0.1379551598337107,0.2726192474365234,C,0.6344616351606505,0.3068205197831304,0.3775665438670359,0.2351238959788339,0.6107513715977265,0.5161787910702125,0.4056354590845126
dabeiba_antioquia,dabeiba_antioquia_b0001,2005,Antioquia,2023-06-27,audiencia_reconocimiento,1.0,0.8333333333333334,0.0,0.1288529844747211,0.2498885989189148,C,0.6344616351606505,0.8436382740375591,0.3775665438670359,0.20022846725525578,0.45177652430040416,0.7040650050592625,0.495831528135403
dabeiba_antioquia,dabeiba_antioquia_b0002,2002,Antioquia,2023-06-27,audiencia_reconocimiento,1.0,0.0,0.0,0.1477187430337245,0.2545533776283264,C,0.6344616351606505,0.3068205197831304,0.3775665438670359,0.27699435652558047,0.4846696589915684,0.5161787910702125,0.39507377775464225
dabeiba_antioquia,dabeiba_antioquia_b0003,2000,Antioquia,2023-06-27,audiencia_reconocimiento,1.0,1.0,0.0,0.1417412218381036,0.2537682652473449,C,0.6344616351606505,0.8989550246610704,0.3775665438670359,0.2508243269548161,0.47911638349185737,0.7234258677774914,0.5328372385244176
dabeiba_antioquia,dabeiba_antioquia_b0004,2000,Antioquia,2023-06-27,audiencia_reconocimiento,0.9758333333333334,0.375,0.0,0.1227024570881168,0.20403653383255,C,0.6130928071448833,0.5769423717849284,0.3775665438670359,0.17893651319352508,0.1835467843218891,0.6032423494653233,0.3680594206549365
dabeiba_antioquia,dabeiba_antioquia_b0005,1999,Antioquia,2023-06-27,audiencia_reconocimiento,0.325,0.07291666666666667,0.0,0.1895422387298866,0.2375066876411438,C,0.12000439313279808,0.35520772469650486,0.3775665438670359,0.4959385407671064,0.36719270847226876,0.3530542780801452,0.46030565336366003
dabeiba_antioquia,dabeiba_antioquia_b0006,1999,Antioquia,2023-06-27,audiencia_reconocimiento,0.758888888888889,0.37037037037037035,0.0,0.1933230191073248,0.2892388701438904,C,0.41162739395364856,0.5735480165446833,0.3775665438670359,0.5172469731034053,0.715309207414792,0.5315414305143054,0.5919719774319139
dabeiba_antioquia,dabeiba_antioquia_b0007,2000,Antioquia,2023-06-27,audiencia_reconocimiento,1.0,0.25641025641025644,0.0,0.228107727997299,0.3010692000389099,C,0.6344616351606505,0.4885976100331207,0.3775665438670359,0.701291460520834,0.7784175874401487,0.5798007726577091,0.6477716224051947
dabeiba_antioquia,dabeiba_antioquia_b0008,2008,Antioquia,2023-06-27,audiencia_reconocimiento,1.0,0.0,0.0,0.1678563154394294,0.2998215556144714,C,0.6344616351606505,0.3068205197831304,0.3775665438670359,0.37629790829813253,0.7722610012426331,0.5161787910702125,0.48734828932524843
dabeiba_antioquia,dabeiba_antioquia_b0009,2001,Antioquia,2023-06-27,audiencia_reconocimiento,0.75625,0.0,0.0,0.1770588248257147,0.3091695308685303,C,0.40922097677770275,0.3068205197831304,0.3775665438670359,0.42610436425092396,0.815470164707822,0.43734456063618077,0.5134223816017632
dabeiba_antioquia,dabeiba_antioquia_b0010,2008,Antioquia,2023-06-27,audiencia_reconocimiento,1.0,0.0,0.0,0.1303095459870018,0.229788601398468,C,0.6344616351606505,0.3068205197831304,0.3775665438670359,0.2055403694896333,0.31800935160720634,0.5161787910702125,0.33673282081518835
dabeiba_antioquia,dabeiba_antioquia_b0011,2001,Antioquia,2023-06-27,audiencia_reconocimiento,0.4642857142857143,0.0,0.0,0.1423019360687365,0.2663096189498901,C,0.18732614764675865,0.3068205197831304,0.3775665438670359,0.2532079137855947,0.5675145588692272,0.3596813704403504,0.40331750277117906
dabeiba_antioquia,dabeiba_antioquia_b0012,2005,Antioquia,2023-06-27,audiencia_reconocimiento,0.5272727272727272,0.2121212121212121,0.225,0.179705790654262,0.2747337818145752,C,0.22616273089825217,0.45548931500205503,0.641795376392908,0.44076183407403174,0.6248948830032346,0.34603960314723514,0.46475887199849025
dabeiba_antioquia,dabeiba_antioquia_b0013,2006,Antioquia,2023-06-27,audiencia_reconocimiento,0.9750000000000001,0.2361111111111111,0.15625,0.0992845922766356,0.206067144870758,C,0.6123475882011202,0.4733929131123834,0.5627257089979788,0.11388350529647855,0.1923251526618755,0.5111914627603326,0.28412734386464267
dabeiba_antioquia,dabeiba_antioquia_b0014,2009,Antioquia,2023-06-27,audiencia_reconocimiento,0.7944444444444446,0.07575757575757576,0.0,0.1381720787850723,0.2420494556427002,C,0.4444187092338922,0.3571625813810231,0.3775665438670359,0.23600478041030173,0.39757466745465103,0.4672834885551096,0.3758939432063844
dabeiba_antioquia,dabeiba_antioquia_b0015,2002,Antioquia,2023-06-27,audiencia_reconocimiento,0.9892857142857144,0.0,0.0,0.1854413552131142,0.2759532928466797,C,0.6250474065337491,0.3068205197831304,0.3775665438670359,0.4728451455148611,0.6329576578562953,0.5128838110507971,0.4932791536738359
dabeiba_antioquia,dabeiba_antioquia_b0016,2011,Antioquia,2023-06-27,audiencia_reconocimiento,1.0,0.0,0.16071428571428573,0.1533140045458945,0.2645598649978637,C,0.6344616351606505,0.3068205197831304,0.5680061354065853,0.30296052231816073,0.5553093843117514,0.4590469136083477,0.38020196253817207
dabeiba_antioquia,dabeiba_antioquia_b0017,2002,Antioquia,2023-06-27,audiencia_reconocimiento,0.7916666666666666,0.0,0.0,0.1385945666548058,0.2345499396324157,C,0.4418355031467376,0.3068205197831304,0.3775665438670359,0.2377269958631128,0.34795400144089317,0.44875964486534303,0.35398707001264357
dabeiba_antioquia,dabeiba_antioquia_b0018,2006,Antioquia,2023-06-27,audiencia_reconocimiento,0.6,0.0,0.0,0.1201920950940279,0.2333923578262329,C,0.27767416262874495,0.3068205197831304,0.3775665438670359,0.1707698122021616,0.3405510534204745,0.3913031756840456,0.3290714661272269
dabeiba_antioquia,dabeiba_antioquia_b0019,2007,Antioquia,2023-06-27,audiencia_reconocimiento,1.0,1.0,0.625,0.1551202942976176,0.2581300735473633,C,0.6344616351606505,0.8989550246610704,0.9247422582501811,0.311630968991173,0.5099957745327293,0.5592731534625479,0.4508602985686878
dabeiba_antioquia,dabeiba_antioquia_b0020,2009,Antioquia,2023-06-27,audiencia_reconocimiento,1.0,0.0,0.0,0.1771680538356197,0.2650359869003296,C,0.6344616351606505,0.3068205197831304,0.3775665438670359,0.426706836565286,0.5586377610700795,0.5161787910702125,0.46226676618424145
dabeiba_antioquia,dabeiba_antioquia_b0021,2003,Antioquia,2023-06-27,audiencia_reconocimiento,1.0,0.8333333333333334,0.234375,0.1077946873397586,0.2280479669570922,C,0.6344616351606505,0.8436382740375591,0.6521021728019802,0.1347311708535382,0.3074116837430144,0.6217043163787792,0.389127380496335
dabeiba_antioquia,dabeiba_antioquia_b0022,2000,Antioquia,2023-06-27,audiencia_reconocimiento,1.0,0.16666666666666666,0.26785714285714285,0.1724606307696322,0.2603564262390136,C,0.6344616351606505,0.4219166068549179,0.687715654283807,0.40096198048392206,0.5257426575326559,0.4634176884203068,0.413421245532872
dabeiba_antioquia,dabeiba_antioquia_b0023,2000,Antioquia,2023-06-27,audiencia_reconocimiento,1.0,0.5555555555555556,0.0,0.1665741748544702,0.277429461479187,C,0.6344616351606505,0.7009919324814305,0.3775665438670359,0.3695365292506802,0.642618334188839,0.6541387855146176,0.5575961264224564
dabeiba_antioquia,dabeiba_antioquia_b0024,2001,Antioquia,2023-06-27,audiencia_reconocimiento,0.5469230769230768,0.38461538461538464,0.0,0.163558432790842,0.2564555406570434,C,0.23938524713447085,0.5839686785429479,0.3775665438670359,0.3538372173690659,0.4981370929987339,0.4749039108269858,0.49394930554124966
dabeiba_antioquia,dabeiba_antioquia_b0025,2001,Antioquia,2023-06-27,audiencia_reconocimiento,0.5466666666666666,0.20833333333333334,0.0,0.156523357691557,0.2570488452911377,C,0.23920934693953372,0.4526717240459149,0.3775665438670359,0.31845860474452914,0.5023391980216804,0.4288884116847962,0.4495829735029928
dabeiba_antioquia,dabeiba_antioquia_b0026,2008,Antioquia,2023-06-27,audiencia_reconocimiento,0.95,0.45454545454545453,0.0,0.1200642721928295,0.2543843984603882,C,0.5897607416682539,0.633886260829441,0.3775665438670359,0.17036200586945455,0.4834740647337045,0.6150064877140824,0.4392797714350031
dabeiba_antioquia,dabeiba_antioquia_b0027,2000,Antioquia,2023-06-27,audiencia_reconocimiento,1.0,0.0,0.0,0.1249696337956878,0.2371617555618286,C,0.6344616351606505,0.3068205197831304,0.3775665438670359,0.1865717846158906,0.36492501575685377,0.5161787910702125,0.3394769489393079
dabeiba_antioquia,dabeiba_antioquia_b0028,2001,Antioquia,2023-06-27,audiencia_reconocimiento,0.95,0.0,0.0,0.1859293203852015,0.3035585284233093,C,0.5897607416682539,0.3068205197831304,0.3775665438670359,0.47558888412699274,0.790342651286562,0.5005334783478737,0.5257164608741353
dabeiba_antioquia,dabeiba_antioquia_b0029,2008,Antioquia,2023-06-27,audiencia_reconocimiento,0.6341666666666667,0.4166666666666667,0.20625,0.1034334650160985,0.2369417548179626,C,0.3042230394029232,0.6071296895862546,0.6207918415231887,0.12367173898202304,0.3634817785264048,0.4327359026892556,0.34360551844091497
dabeiba_antioquia,dabeiba_antioquia_b0030,2000,Antioquia,2023-06-27,audiencia_reconocimiento,0.6681818181818181,1.0,0.0,0.1303975120630295,0.2021898031234741,C,0.3320164387291111,0.8989550246610704,0.3775665438670359,0.2058644919727823,0.17583589328344607,0.6175700490264527,0.4564451982390234
dabeiba_antioquia,dabeiba_antioquia_b0031,1999,Antioquia,2023-06-27,audiencia_reconocimiento,1.0,0.9027777777777778,0.0,0.177306053863457,0.2691943049430847,C,0.6344616351606505,0.8692033433403815,0.3775665438670359,0.42746831149932035,0.5874519759711977,0.7130127793152503,0.6088918312806899
dabeiba_antioquia,dabeiba_antioquia_b0032,1999,Antioquia,2023-06-27,audiencia_reconocimiento,1.0,0.30303030303030304,0.20454545454545453,0.1642392819729664,0.2735453248023987,C,0.6344616351606505,0.5235513074342493,0.6188584114757497,0.3573555338847755,0.6169701587011002,0.5196470064654899,0.4555846131633038
dabeiba_antioquia,dabeiba_antioquia_b0033,1999,Antioquia,2023-06-27,audiencia_reconocimiento,0.8625,0.20833333333333334,0.0,0.169548785333936,0.2693619132041931,C,0.5083055591438826,0.4526717240459149,0.3775665438670359,0.3852971034601519,0.5886022809162267,0.5230720859563184,0.49022906463237004
dabeiba_antioquia,dabeiba_antioquia_b0034,2007,Antioquia,2023-06-27,audiencia_reconocimiento,0.7208333333333333,0.4166666666666667,0.0,0.1344097289073973,0.2538750767707824,C,0.37738618295912724,0.6071296895862546,0.3775665438670359,0.22105045308719426,0.47987161265403655,0.5313105922307728,0.4496110947344818
dabeiba_antioquia,dabeiba_antioquia_b0035,2000,Antioquia,2023-06-27,audiencia_reconocimiento,0.2529411764705882,0.3508771929824561,0.0,0.117003159905527,0.2263360619544983,C,0.09415308628459798,0.5591834603321516,0.3775665438670359,0.16082588928675423,0.2971833461659127,0.41539782815575155,0.3800082867931772
dabeiba_antioquia,dabeiba_antioquia_b0036,1999,Antioquia,2023-06-27,audiencia_reconocimiento,0.24375000000000002,0.4166666666666667,0.15625,0.1507499792163796,0.2617715001106262,C,0.09124013501668077,0.6071296895862546,0.5627257089979788,0.2908907959865462,0.5357268313715712,0.3756117259116337,0.4481944254665733
dabeiba_antioquia,dabeiba_antioquia_b0037,2000,Antioquia,2023-06-27,audiencia_reconocimiento,0.56875,0.09803921568627451,0.11029411764705882,0.1335826323858455,0.2651419639587402,C,0.25468181613672053,0.3726557437633745,0.5077542354374982,0.2178555183754069,0.5593778984756251,0.36724187533378383,0.3797380999798614
dabeiba_antioquia,dabeiba_antioquia_b0038,2002,Antioquia,2023-06-27,audiencia_reconocimiento,0.42250000000000004,0.17708333333333334,0.0,0.1658920776155241,0.2598288059234619,C,0.16452311127812363,0.42955836535827757,0.3775665438670359,0.365960049840277,0.5220142819675652,0.39465855366262964,0.46436515640377224
dabeiba_antioquia,dabeiba_antioquia_b0039,2003,Antioquia,2023-06-27,audiencia_reconocimiento,0.6314285714285716,0.08333333333333333,0.0,0.161639280210553,0.2639144659042358,C,0.3020432799233605,0.3623986880779469,0.3775665438670359,0.34400570496874855,0.5507897796441263,0.4192847256403468,0.4456463159139668
dabeiba_antioquia,dabeiba_antioquia_b0040,1999,Antioquia,2023-06-27,audiencia_reconocimiento,0.3157142857142857,0.11904761904761904,0.17857142857142855,0.1689740872008815,0.2640215158462524,C,0.11635777385529282,0.38750770900234105,0.5889623836408594,0.38223217075389226,0.5515400305400178,0.29966420390791404,0.42317371639427925
dabeiba_antioquia,dabeiba_antioquia_b0041,1999,Antioquia,2023-06-27,audiencia_reconocimiento,0.29470588235294115,0.09259259259259259,0.125,0.1611986664544566,0.2744948267936706,C,0.1084613899964796,0.36884289056367336,0.5254298740044474,0.3417668864029081,0.6233067253347468,0.3094275359947193,0.43140450314799605
dabeiba_antioquia,dabeiba_antioquia_b0042,1999,Antioquia,2023-06-27,audiencia_reconocimiento,0.8509090909090911,0.22222222222222224,0.15,0.162529259930672,0.2647672295570373,C,0.4973860185994923,0.4630163516762248,0.5553094270236235,0.348548931427787,0.556759614625524,0.4695480014894139,0.43803625143916175
dabeiba_antioquia,dabeiba_antioquia_b0043,2001,Antioquia,2023-06-27,audiencia_reconocimiento,1.0,0.0,0.0,0.1547564607013946,0.2653151750564575,C,0.6344616351606505,0.3068205197831304,0.3775665438670359,0.3098736000484802,0.5605870248857578,0.5161787910702125,0.42176498616649505
dabeiba_antioquia,dabeiba_antioquia_b0044,2005,Antioquia,2023-06-27,audiencia_reconocimiento,1.0,0.0,0.0,0.1600465730582163,0.2555720806121826,C,0.6344616351606505,0.3068205197831304,0.3775665438670359,0.3359463547043546,0.49188061700732116,0.5161787910702125,0.4171491687203638
dabeiba_antioquia,dabeiba_antioquia_b0045,2004,Antioquia,2023-06-27,audiencia_reconocimiento,1.0,0.0,0.0,0.164102008766128,0.2367249131202697,C,0.6344616351606505,0.3068205197831304,0.3775665438670359,0.35664491566974743,0.3620616663372807,0.5161787910702125,0.3984298749242432
dabeiba_antioquia,dabeiba_antioquia_b0046,2002,Antioquia,2023-06-27,audiencia_reconocimiento,0.7666666666666666,0.18518518518518517,0.25,0.157346958677232,0.2547833323478699,C,0.41874420897899095,0.43552545071913695,0.6689643228605442,0.322503318079592,0.48629695860694283,0.3983050840361815,0.38522405115692115
dabeiba_antioquia,dabeiba_antioquia_b0047,2001,Antioquia,2023-06-27,audiencia_reconocimiento,0.7222222222222222,0.0,0.275,0.1246156663345042,0.2543078064918518,C,0.378616815124494,0.3068205197831304,0.6950517093231189,0.1853633799849997,0.4829322078300737,0.33138755442073287,0.29915841264192344
dabeiba_antioquia,dabeiba_antioquia_b0048,1999,Antioquia,2023-06-27,audiencia_reconocimiento,0.7653846153846153,0.11904761904761904,0.0,0.2099280432378321,0.3261052966117859,C,0.41756869341259467,0.38750770900234105,0.3775665438670359,0.6090879216081058,0.8771538561489788,0.4685067776851167,0.6099751622698109
dabeiba_antioquia,dabeiba_antioquia_b0049,2002,Antioquia,2023-06-27,audiencia_reconocimiento,1.0,0.2777777777777778,0.15625,0.1536341642884654,0.2302443981170654,C,0.6344616351606505,0.5046248453891035,0.5627257089979788,0.3044873776218616,0.3208164463286175,0.5298625554930202,0.3843449409810551
dabeiba_antioquia,dabeiba_antioquia_b0050,2000,Antioquia,2023-06-27,audiencia_reconocimiento,1.0,0.0,0.28846153846153844,0.1997757225260709,0.2826151251792907,C,0.6344616351606505,0.3068205197831304,0.7086098877677662,0.5534282536450594,0.6756075469418672,0.4168657878999934,0.4638045505563736
dabeiba_antioquia,dabeiba_antioquia_b0051,2001,Antioquia,2023-06-27,audiencia_reconocimiento,1.0,0.0,0.0,0.1336027414659564,0.1868559718132019,C,0.6344616351606505,0.3068205197831304,0.3775665438670359,0.21793279972040047,0.1214008152982174,0.5161787910702125,0.30174846413415907
dabeiba_antioquia,dabeiba_antioquia_b0052,2000,Antioquia,2023-06-27,audiencia_reconocimiento,0.43333333333333335,0.0,0.0,0.2140248069253005,0.3142342567443847,C,0.17021203131502113,0.3068205197831304,0.3775665438670359,0.6308505132280947,0.8360927852371338,0.3536914297242423,0.5892080578496354
dabeiba_antioquia,dabeiba_antioquia_b0053,1999,Antioquia,2023-06-27,audiencia_reconocimiento,1.0,0.15151515151515152,0.0,0.1817258134280683,0.2788237929344177,C,0.6344616351606505,0.41086866944046313,0.3775665438670359,0.4520189373978597,0.6516383489204377,0.5525956434502789,0.515738156460047
dabeiba_antioquia,dabeiba_antioquia_b0054,2001,Antioquia,2023-06-27,audiencia_reconocimiento,1.0,0.0,0.0,0.1148952288386383,0.2090687155723571,C,0.6344616351606505,0.3068205197831304,0.3775665438670359,0.1545132791592063,0.20588073792944991,0.5161787910702125,0.2964476164639876
dabeiba_antioquia,dabeiba_antioquia_b0055,2003,Antioquia,2023-06-27,audiencia_reconocimiento,0.6464285714285714,0.0,0.0,0.1360715781578393,0.2359651923179626,C,0.31409190369859363,0.3068205197831304,0.3775665438670359,0.22757088599922162,0.35710530564599585,0.40404938505849264,0.35226269240130215
dabeiba_antioquia,dabeiba_antioquia_b0056,1999,Antioquia,2023-06-27,audiencia_reconocimiento,0.2888888888888889,0.0,0.0,0.1634125591129617,0.2667715549468994,C,0.10635972690913147,0.3068205197831304,0.3775665438670359,0.35308544808474146,0.5707237262566442,0.33134312318218084,0.4389164732533638
dabeiba_antioquia,dabeiba_antioquia_b0057,2002,Antioquia,2023-06-27,audiencia_reconocimiento,0.4653846153846154,0.11111111111111112,0.0,0.1287787395632467,0.2288832664489746,C,0.18795741537454902,0.38187068812541963,0.3775665438670359,0.19996048145239384,0.3124728779861101,0.38616987306487827,0.35243510736350764
dabeiba_antioquia,dabeiba_antioquia_b0058,1999,Antioquia,2023-06-27,audiencia_reconocimiento,0.35454545454545455,0.0,0.0,0.1639053125014647,0.2600689530372619,C,0.13226899911010004,0.3068205197831304,0.3775665438670359,0.3556277833508143,0.5237115864938717,0.34041136845251985,0.4304038626439348
dabeiba_antioquia,dabeiba_antioquia_b0059,2002,Antioquia,2023-06-27,audiencia_reconocimiento,1.0,0.2777777777777778,0.0,0.163719190465496,0.2776172161102295,C,0.6344616351606505,0.5046248453891035,0.3775665438670359,0.3546665299051785,0.6438390019901078,0.5854103050323031,0.5035439884387027
dabeiba_antioquia,dabeiba_antioquia_b0060,1999,Antioquia,2023-06-27,audiencia_reconocimiento,1.0,0.0,0.0,0.1499980738770571,0.2796373963356018,C,0.6344616351606505,0.3068205197831304,0.3775665438670359,0.2874055769191392,0.65685230145335,0.5161787910702125,0.4331542333847442
dabeiba_antioquia,dabeiba_antioquia_b0061,2005,Antioquia,2023-06-27,audiencia_reconocimiento,0.65,0.4166666666666667,0.0,0.1684126700565953,0.2804092168807983,C,0.3169987649473408,0.6071296895862546,0.3775665438670359,0.3792470857890281,0.6617637856848813,0.5101749959266476,0.5413583507862925
dabeiba_antioquia,dabeiba_antioquia_b0062,2001,Antioquia,2023-06-27,audiencia_reconocimiento,1.0,0.0,0.0,0.1137302632744484,0.2078144550323486,C,0.6344616351606505,0.3068205197831304,0.3775665438670359,0.15111226672289618,0.2001318944865737,0.5161787910702125,0.2941074934227038
dabeiba_antioquia,dabeiba_antioquia_b0063,2002,Antioquia,2023-06-27,audiencia_reconocimiento,0.3071428571428571,0.15151515151515152,0.0,0.1328534143477996,0.231250524520874,C,0.11307744743382885,0.41086866944046313,0.3775665438670359,0.21506641776299304,0.3270587141552359,0.3701111777458914,0.36788884763480334
dabeiba_antioquia,dabeiba_antioquia_b0064,2000,Antioquia,2023-06-27,audiencia_reconocimiento,0.9060000000000002,0.0,0.15,0.1913725104368716,0.3073263168334961,C,0.549130627676702,0.3068205197831304,0.5553094270236235,0.506256870954346,0.8074825729971534,0.4329900735038542,0.5043296639745097
dabeiba_antioquia,dabeiba_antioquia_b0065,1999,Antioquia,2023-06-27,audiencia_reconocimiento,0.48055555555555557,0.0,0.0,0.1520527261905081,0.2556699514389038,C,0.19683973635733173,0.3068205197831304,0.3775665438670359,0.29698784025808056,0.4925736278590012,0.363011126489051,0.4036522908345039
dabeiba_antioquia,dabeiba_antioquia_b0066,2000,Antioquia,2023-06-27,audiencia_reconocimiento,1.0,0.09027777777777779,0.0,0.2163461545640566,0.2862586975097656,C,0.6344616351606505,0.36722734377997984,0.3775665438670359,0.6429558542134763,0.697808111686115,0.5373211794691098,0.5808896984835275
dabeiba_antioquia,dabeiba_antioquia_b0067,2000,Antioquia,2023-06-27,audiencia_reconocimiento,0.5777777777777778,0.5185185185185186,0.0,0.1845276089660265,0.2856848835945129,C,0.26119354613737833,0.6771902331347316,0.3775665438670359,0.4677118554953449,0.694369121878767,0.5151643595851276,0.5963572233093998
dabeiba_antioquia,dabeiba_antioquia_b0068,2002,Antioquia,2023-06-27,audiencia_reconocimiento,0.6825,0.5,0.0,0.155619865265043,0.2546843886375427,C,0.34409011751211005,0.6649251728497977,0.3775665438670359,0.3140528259938458,0.48559673503771716,0.5398853884665569,0.4977558205444317
dabeiba_antioquia,dabeiba_antioquia_b0069,2000,Antioquia,2023-06-27,audiencia_reconocimiento,0.2911764705882353,0.19607843137254902,0.0,0.1707893154147279,0.2524707317352295,C,0.10718190965413076,0.4435776464534994,0.3775665438670359,0.39194381881732865,0.46995059185320653,0.37949588147755975,0.466551557796674
dabeiba_antioquia,dabeiba_antioquia_b0070,2002,Antioquia,2023-06-27,audiencia_reconocimiento,0.7807692307692308,0.7307692307692308,0.17307692307692307,0.1250615242857973,0.2333825230598449,C,0.4317330164907546,0.7986355604342105,0.5825449199381435,0.18688647909991346,0.340488484312003,0.5558655259422947,0.41665787066829424
dabeiba_antioquia,dabeiba_antioquia_b0071,1999,Antioquia,2023-06-27,audiencia_reconocimiento,0.3678571428571428,0.20833333333333334,0.17678571428571427,0.1136516434083261,0.204096257686615,C,0.1381337325234663,0.4526717240459149,0.5868799141160165,0.15088497429960487,0.18380047833247337,0.3307179355644785,0.2853617848596318
dabeiba_antioquia,dabeiba_antioquia_b0072,2011,Antioquia,2023-06-27,audiencia_reconocimiento,0.4555555555555555,0.043859649122807015,0.09868421052631578,0.1299864205379864,0.2534729242324829,C,0.18236900462477523,0.3354991687272146,0.4937838794421598,0.20435301964215336,0.4770286316414734,0.3331186968405485,0.35204729949642005
dabeiba_antioquia,dabeiba_antioquia_b0073,2003,Antioquia,2023-06-27,audiencia_reconocimiento,0.7307692307692307,0.08333333333333333,0.0,0.1765799166711622,0.2563831210136413,C,0.38622384897024004,0.3623986880779469,0.3775665438670359,0.42346547106531957,0.49762418395377467,0.44874792480675463,0.4628241149096963
dabeiba_antioquia,dabeiba_antioquia_b0074,2011,Antioquia,2023-06-27,audiencia_reconocimiento,1.0,0.07777777777777778,0.0,0.164754130071328,0.2641343474388122,C,0.6344616351606505,0.3585556047094744,0.3775665438670359,0.3600263053412926,0.5523305477584314,0.5342860707944329,0.4506009088251001
dabeiba_antioquia,dabeiba_antioquia_b0075,2003,Antioquia,2023-06-27,audiencia_reconocimiento,0.49,0.06481481481481483,0.22916666666666663,0.1478868763245477,0.278521716594696,C,0.20252741188521875,0.34965941421985214,0.646393034424476,0.27775434066447674,0.6496931375772051,0.299347478809432,0.3852888934180757
dabeiba_antioquia,dabeiba_antioquia_b0076,1999,Antioquia,2023-06-27,audiencia_reconocimiento,0.9861111111111113,0.40740740740740744,0.0,0.1478258428868166,0.24407958984375,C,0.6222393750327471,0.6004831572304965,0.3775665438670359,0.27747831333469175,0.4114276742506758,0.6146829231320244,0.45401042505149425
dabeiba_antioquia,dabeiba_antioquia_b0077,2000,Antioquia,2023-06-27,audiencia_reconocimiento,0.7356250000000001,0.0,0.0,0.1688102340877624,0.2543989419937134,C,0.39057073586297125,0.3068205197831304,0.3775665438670359,0.3813600248735968,0.4835769587226842,0.4308169763160248,0.4313832216226712
dabeiba_antioquia,dabeiba_antioquia_b0078,2006,Antioquia,2023-06-27,audiencia_reconocimiento,0.6759999999999999,0.0,0.45454545454545453,0.2036111710934445,0.3100726008415222,C,0.33858291790624784,0.3068205197831304,0.8439741345510151,0.5746933981016429,0.8192890202261573,0.27269896282597783,0.47291079641638606
dabeiba_antioquia,dabeiba_antioquia_b0079,1999,Antioquia,2023-06-27,audiencia_reconocimiento,0.8745454545454546,0.25757575757575757,0.4318181818181818,0.1787914809268738,0.2957229018211365,C,0.5196447820349154,0.4894715171729597,0.8290204058404153,0.43568585319990144,0.7511969195580316,0.40448458297063167,0.4592932306567287
dabeiba_antioquia,dabeiba_antioquia_b0080,2003,Antioquia,2023-06-27,audiencia_reconocimiento,1.0,0.0,0.20833333333333331,0.1853767086629837,0.2935316562652588,C,0.6344616351606505,0.3068205197831304,0.6231497179781856,0.4724817692282309,0.7394144452829656,0.44250383883686756,0.46532669463661946
dabeiba_antioquia,dabeiba_antioquia_b0081,2003,Antioquia,2023-06-27,audiencia_reconocimiento,0.605,0.5666666666666668,0.0,0.179461677080195,0.2651981711387634,C,0.2814692965817705,0.7079331306385667,0.3775665438670359,0.43940532917810937,0.5597703391672263,0.5330208863670072,0.5672159069320181
dabeiba_antioquia,dabeiba_antioquia_b0082,2005,Antioquia,2023-06-27,audiencia_reconocimiento,0.8333333333333333,0.36111111111111116,0.27777777777777773,0.1293766919985803,0.2503463625907898,C,0.48083645725008395,0.5667387841664423,0.6978783537607117,0.2021264277274911,0.4549904809829577,0.45728782836757065,0.36385137119068167
dabeiba_antioquia,dabeiba_antioquia_b0083,1999,Antioquia,2023-06-27,audiencia_reconocimiento,0.785625,0.171875,0.0,0.1098504619217075,0.239410400390625,C,0.4362280678706151,0.42573305134341805,0.3775665438670359,0.14022789820259277,0.37981199033446256,0.48841642856480083,0.35596211650024734
dabeiba_antioquia,dabeiba_antioquia_b0084,2006,Antioquia,2023-06-27,audiencia_reconocimiento,0.9591666666666668,0.0,0.15625,0.1480349894317669,0.2388607263565063,C,0.5980920857381592,0.3068205197831304,0.5627257089979788,0.27842489310544777,0.37615075005854015,0.44790169923305767,0.3368388507448016
dabeiba_antioquia,dabeiba_antioquia_b0085,2002,Antioquia,2023-06-27,audiencia_reconocimiento,1.0,0.0,0.37499999999999994,0.1298256318187747,0.2311813235282898,C,0.6344616351606505,0.3068205197831304,0.7867091373502394,0.20376409108753704,0.3266273742195685,0.39343601302525144,0.2560062092002864
dabeiba_antioquia,dabeiba_antioquia_b0086,2006,Antioquia,2023-06-27,audiencia_reconocimiento,0.6307692307692307,0.07738095238095238,0.16071428571428573,0.1725685873466237,0.2969183325767517,C,0.30151971332993005,0.3582817858193933,0.5680061354065853,0.4015468817387439,0.7574726689282382,0.3605286840802876,0.4680051617677393
dabeiba_antioquia,dabeiba_antioquia_b0087,2000,Antioquia,2023-06-27,audiencia_reconocimiento,0.9716666666666668,0.0,0.0,0.1331437012786951,0.2434916496276855,C,0.6093614832101056,0.3068205197831304,0.3775665438670359,0.21617358602833656,0.4074002438673881,0.5073937378875218,0.35833262505577085
dabeiba_antioquia,dabeiba_antioquia_b0088,2004,Antioquia,2023-06-27,audiencia_reconocimiento,1.0,0.6261904761904762,0.0,0.1698703929319074,0.2725812196731567,C,0.6344616351606505,0.7434503088873222,0.3775665438670359,0.3870162709619952,0.6104952206821742,0.6689992172566797,0.5679040074215566
dabeiba_antioquia,dabeiba_antioquia_b0089,1999,Antioquia,2023-06-27,audiencia_reconocimiento,1.0,0.19444444444444442,0.0,0.1430951456564624,0.2431166172027588,C,0.6344616351606505,0.44236781907526074,0.3775665438670359,0.25660530951234645,0.4048376945896961,0.5636203458224581,0.4058580432426685
dabeiba_antioquia,dabeiba_antioquia_b0090,2001,Antioquia,2023-06-27,audiencia_reconocimiento,1.0,0.0,0.41666666666666663,0.1179941464039656,0.2513036131858825,C,0.6344616351606505,0.3068205197831304,0.8184331114235334,0.16386490784527274,0.4617231557727062,0.3839188208032633,0.2627158565614626
dabeiba_antioquia,dabeiba_antioquia_b0091,1999,Antioquia,2023-06-27,audiencia_reconocimiento,1.0,0.0,0.0,0.0935884201063859,0.2329182624816894,C,0.6344616351606505,0.3068205197831304,0.3775665438670359,0.10154921219834076,0.33754120032870727,0.5161787910702125,0.3042422855075361
dabeiba_antioquia,dabeiba_antioquia_b0092,2001,Antioquia,2023-06-27,audiencia_reconocimiento,0.8666666666666667,0.0,0.0,0.1425185679392758,0.2638112306594848,C,0.5122294918277495,0.3068205197831304,0.3775665438670359,0.2541328115887322,0.5500660447558342,0.4733975409036971,0.40015151417959854
dabeiba_antioquia,dabeiba_antioquia_b0093,1999,Antioquia,2023-06-27,audiencia_reconocimiento,1.0,0.9444444444444444,0.0,0.1567164576693518,0.2556736469268799,C,0.6344616351606505,0.8827736458106761,0.3775665438670359,0.3194044968147483,0.492599795714321,0.7177623851798535,0.555491635707288
dabeiba_antioquia,dabeiba_antioquia_b0094,1999,Antioquia,2023-06-27,audiencia_reconocimiento,1.0,0.1388888888888889,0.0,0.1515806519052173,0.250820517539978,C,0.6344616351606505,0.40172973269024526,0.3775665438670359,0.29476994257893263,0.4583234756518645,0.5493970155877027,0.41975329943215345
dabeiba_antioquia,dabeiba_antioquia_b0095,2007,Antioquia,2023-06-27,audiencia_reconocimiento,1.0,0.0,0.0,0.2371261709883364,0.3390319943428039,C,0.6344616351606505,0.3068205197831304,0.3775665438670359,0.7420848187061811,0.9114901919243682,0.5161787910702125,0.6432195461044125
dabeiba_antioquia,dabeiba_antioquia_b0096,2007,Antioquia,2023-06-27,audiencia_reconocimiento,1.0,0.0,0.0,0.1303859502873002,0.2492091655731201,C,0.6344616351606505,0.3068205197831304,0.3775665438670359,0.20582186949956835,0.4470137103350194,0.5161787910702125,0.36263221756422825
dabeiba_antioquia,dabeiba_antioquia_b0097,2000,Antioquia,2023-06-27,audiencia_reconocimiento,1.0,0.4166666666666667,0.0,0.2102498455734884,0.2830922603607178,C,0.6344616351606505,0.6071296895862546,0.3775665438670359,0.6108144512593836,0.678562987283218,0.6212870005013059,0.6257667690205843
dabeiba_antioquia,dabeiba_antioquia_b0098,2006,Antioquia,2023-06-27,audiencia_reconocimiento,1.0,0.25757575757575757,0.0,0.1662732127055842,0.2572053670883178,C,0.6344616351606505,0.4894715171729597,0.3775665438670359,0.36795668422253863,0.5034477394304118,0.5801066401566527,0.47632895788380364
dabeiba_antioquia,dabeiba_antioquia_b0099,2001,Antioquia,2023-06-27,audiencia_reconocimiento,0.10833333333333334,0.0,0.099,0.11278251423028,0.2265967726707458,C,0.05684431873997253,0.3068205197831304,0.49416384352979087,0.14839099530636893,0.2987283383634311,0.27903354042414874,0.28955487726973983
dabeiba_antioquia,dabeiba_antioquia_b0100,1999,Antioquia,2023-06-27,audiencia_reconocimiento,1.0,0.15151515151515152,0.0,0.1811752671622937,0.2777687311172485,C,0.6344616351606505,0.41086866944046313,0.3775665438670359,0.44894550869462774,0.6448227013111076,0.5525956434502789,0.5132993268920498
dabeiba_antioquia,dabeiba_antioquia_b0101,2003,Antioquia,2023-06-27,audiencia_reconocimiento,0.8624999999999999,0.13125,0.0,0.1405221324427992,0.279840350151062,C,0.5083055591438825,0.39623322227388524,0.3775665438670359,0.245693727169039,0.6581471087925393,0.5033186103361079,0.4411672230627357
dabeiba_antioquia,dabeiba_antioquia_b0102,1999,Antioquia,2023-06-27,audiencia_reconocimiento,1.0,0.0,0.0,0.2003428342717778,0.303546130657196,C,0.6344616351606505,0.3068205197831304,0.3775665438670359,0.5565868199508304,0.7902844456501131,0.5161787910702125,0.5540540972851887
dabeiba_antioquia,dabeiba_antioquia_b0103,1999,Antioquia,2023-06-27,audiencia_reconocimiento,1.0,0.4444444444444445,0.0,0.1208376855622269,0.2335361242294311,C,0.6344616351606505,0.6268239571065827,0.3775665438670359,0.17284135369893236,0.34146633380756586,0.6281799941334207,0.40998042105937804
dabeiba_antioquia,dabeiba_antioquia_b0104,2000,Antioquia,2023-06-27,audiencia_reconocimiento,0.8463636363636364,0.25,0.40909090909090906,0.1629137303433525,0.2524681687355041,C,0.4931039503682553,0.48379250958063347,0.8129511266683862,0.3505202089410236,0.46993250479339316,0.39802842298159513,0.375026476149518
dabeiba_antioquia,dabeiba_antioquia_b0105,2006,Antioquia,2023-06-27,audiencia_reconocimiento,1.0,0.3148148148148148,0.0,0.1514150592311165,0.2380679845809936,C,0.6344616351606505,0.5323638624238668,0.3775665438670359,0.2939942435189958,0.37089541231533596,0.5951189609944703,0.43465472452727527
dabeiba_antioquia,dabeiba_antioquia_b0106,2003,Antioquia,2023-06-27,audiencia_reconocimiento,0.5722222222222222,0.0,0.0,0.1839365905725133,0.2873363494873047,C,0.25717362945295985,0.3068205197831304,0.3775665438670359,0.4643951703902211,0.7042069443298696,0.38412798907252077,0.5045715196749267
dabeiba_antioquia,dabeiba_antioquia_b0107,2004,Antioquia,2023-06-27,audiencia_reconocimiento,1.0,0.0,0.0,0.2383807173173737,0.3168922662734985,C,0.6344616351606505,0.3068205197831304,0.3775665438670359,0.7474625043096751,0.846152975933568,0.5161787910702125,0.6320342928674753
dabeiba_antioquia,dabeiba_antioquia_b0108,2000,Antioquia,2023-06-27,audiencia_reconocimiento,0.5307692307692308,0.0,0.16666666666666666,0.1917568859551837,0.2933942079544067,C,0.22847717362906794,0.3068205197831304,0.5750225341642028,0.5084234413020241,0.7386634555452165,0.31484743244500857,0.48738151867769375
dabeiba_antioquia,dabeiba_antioquia_b0109,2005,Antioquia,2023-06-27,audiencia_reconocimiento,0.15000000000000002,0.05747126436781609,0.0,0.181689992484212,0.2652623057365417,C,0.06587256975031061,0.3446652838302846,0.3775665438670359,0.4518188527799436,0.5602180381266036,0.33041828559309755,0.48083321828246495
dabeiba_antioquia,dabeiba_antioquia_b0110,2001,Antioquia,2023-06-27,audiencia_reconocimiento,0.32631578947368417,0.17543859649122806,0.0,0.1736507005841714,0.2850216031074524,C,0.12052903199316711,0.4283494397264199,0.3775665438670359,0.40742493509720745,0.6903667914011956,0.3788375019417447,0.5122461367224596
dabeiba_antioquia,dabeiba_antioquia_b0111,1999,Antioquia,2023-06-27,audiencia_reconocimiento,0.6866666666666666,0.0,0.0,0.1599104283950407,0.2545772194862366,C,0.3476426569305668,0.3068205197831304,0.3775665438670359,0.33526177181456956,0.4848383639822778,0.4157921486896832,0.41550111410393037
dabeiba_antioquia,dabeiba_antioquia_b0112,2000,Antioquia,2023-06-27,audiencia_reconocimiento,0.7853846153846155,0.25641025641025644,0.0,0.1644688415792823,0.2784990668296814,C,0.4360052875641393,0.4885976100331207,0.3775665438670359,0.35854529004383145,0.6495470833482181,0.5103410509989302,0.5020363619198576
dabeiba_antioquia,dabeiba_antioquia_b0113,2002,Antioquia,2023-06-27,audiencia_reconocimiento,0.6508333333333333,0.5555555555555556,0.4125,0.2156729912716063,0.3248075842857361,C,0.31767910386222015,0.7009919324814305,0.8154336412598201,0.6394634057234213,0.8731370398049776,0.4119047703423317,0.6106008548325865
dabeiba_antioquia,dabeiba_antioquia_b0114,2001,Antioquia,2023-06-27,audiencia_reconocimiento,0.34615384615384615,0.20238095238095238,0.17678571428571427,0.1656479091157299,0.2600163221359253,C,0.12868135460571886,0.44825027046882815,0.5868799141160165,0.36468334715104117,0.5233396488898264,0.32586209454128645,0.42699368607483346
dabeiba_antioquia,dabeiba_antioquia_b0115,2007,Antioquia,2023-06-27,audiencia_reconocimiento,0.8775,0.0,0.0,0.1263371540696241,0.248370349407196,C,0.5224234616784307,0.3068205197831304,0.3775665438670359,0.1912973507653268,0.4411471047438336,0.47696543035143557,0.35637531488900653
dabeiba_antioquia,dabeiba_antioquia_b0116,2002,Antioquia,2023-06-27,audiencia_reconocimiento,0.6355555555555555,0.0,0.0,0.1906187221429383,0.3168927431106567,C,0.3053320919073675,0.3068205197831304,0.3775665438670359,0.5020074625469917,0.8461547344962564,0.4009834509315635,0.5461253799630739
dabeiba_antioquia,dabeiba_antioquia_b0117,2002,Antioquia,2023-06-27,audiencia_reconocimiento,1.0,1.0,0.0,0.1755052704636815,0.2481125593185424,C,0.6344616351606505,0.8989550246610704,0.3775665438670359,0.41756000474934957,0.4393473621090501,0.7234258677774914,0.5832409214759428
dabeiba_antioquia,dabeiba_antioquia_b0118,2002,Antioquia,2023-06-27,audiencia_reconocimiento,1.0,1.0,0.0,0.1692097607917633,0.2871739864349365,C,0.6344616351606505,0.8989550246610704,0.3775665438670359,0.3834879279837767,0.7032479088913282,0.7234258677774914,0.6240958039644479
dabeiba_antioquia,dabeiba_antioquia_b0119,2000,Antioquia,2023-06-27,audiencia_reconocimiento,1.0,1.0,0.0,0.1625704557274007,0.2534719109535217,C,0.6344616351606505,0.8989550246610704,0.3775665438670359,0.34875990637893695,0.4770214701594443,0.7234258677774914,0.5666957086563772
dabeiba_antioquia,dabeiba_antioquia_b0120,2011,Antioquia,2023-06-27,audiencia_reconocimiento,1.0,1.0,0.0,0.1633843343073218,0.2804732322692871,C,0.6344616351606505,0.8989550246610704,0.3775665438670359,0.35294007351967477,0.6621696041329865,0.7234258677774914,0.6051883939503439
dabeiba_antioquia,dabeiba_antioquia_b0121,2000,Antioquia,2023-06-27,audiencia_reconocimiento,0.7166666666666667,0.0,0.0,0.1548021821353001,0.2900829315185547,C,0.37370381287283416,0.3068205197831304,0.3775665438670359,0.31009414114077033,0.7201536321788816,0.4249135532694768,0.45375549700742135
dabeiba_antioquia,dabeiba_antioquia_b0122,2009,Antioquia,2023-06-27,audiencia_reconocimiento,0.65,0.0,1.0,0.1909061291195215,0.3025803565979004,C,0.3169987649473408,0.3068205197831304,0.9867926701069439,0.5036277590566606,0.7857138035167763,0.22229894862358174,0.4127590722975803
dabeiba_antioquia,dabeiba_antioquia_b0123,2001,Antioquia,2023-06-27,audiencia_reconocimiento,1.0,0.0,0.0,0.1477038485321627,0.2956869006156921,C,0.6344616351606505,0.3068205197831304,0.3775665438670359,0.2769270933446029,0.7510062463620467,0.5161787910702125,0.4483175531153958
dabeiba_antioquia,dabeiba_antioquia_b0124,2001,Antioquia,2023-06-27,audiencia_reconocimiento,1.0,0.0,0.0,0.1653758058567191,0.2932836413383484,C,0.6344616351606505,0.3068205197831304,0.3775665438670359,0.36326282031131796,0.7380583278600469,0.5161787910702125,0.47594547385334607
dabeiba_antioquia,dabeiba_antioquia_b0125,2005,Antioquia,2023-06-27,audiencia_reconocimiento,1.0,0.0,1.0,0.1501524352923763,0.2762938737869262,C,0.6344616351606505,0.3068205197831304,0.9867926701069439,0.2881190355497608,0.6351963935280656,0.3334109531982401,0.30722753707242323
dabeiba_antioquia,dabeiba_antioquia_b0126,2002,Antioquia,2023-06-27,audiencia_reconocimiento,1.0,1.0,0.0,0.1699342684469263,0.2496612071990966,C,0.6344616351606505,0.8989550246610704,0.3775665438670359,0.3873580571837292,0.4501814851595648,0.7234258677774914,0.5748370644380786
dabeiba_antioquia,dabeiba_antioquia_b0127,2005,Antioquia,2023-06-27,audiencia_reconocimiento,1.0,0.0,0.0,0.1345364146236433,0.2345947027206421,C,0.6344616351606505,0.3068205197831304,0.3775665438670359,0.22154277106066977,0.34824177812755513,0.5161787910702125,0.34838014666912087
dabeiba_antioquia,dabeiba_antioquia_b0128,2003,Antioquia,2023-06-27,audiencia_reconocimiento,1.0,1.0,0.0,0.1857457312010441,0.2767834663391113,C,0.6344616351606505,0.8989550246610704,0.3775665438670359,0.4745564139428705,0.6384043847686655,0.7234258677774914,0.6430010692255982
dabeiba_antioquia,dabeiba_antioquia_b0129,2008,Antioquia,2023-06-27,audiencia_reconocimiento,1.0,1.0,0.0,0.1575848495951949,0.2755230665206909,C,0.6344616351606505,0.8989550246610704,0.3775665438670359,0.3236766024239237,0.6301214464640897,0.7234258677774914,0.5885365475330516
dabeiba_antioquia,dabeiba_antioquia_b0130,2007,Antioquia,2023-06-27,audiencia_reconocimiento,1.0,1.0,0.0,0.1752016158836363,0.2649207711219787,C,0.6344616351606505,0.8989550246610704,0.3775665438670359,0.41589554049613575,0.5578328053797812,0.7234258677774914,0.6063554476414642
dabeiba_antioquia,dabeiba_antioquia_b0131,2003,Antioquia,2023-06-27,audiencia_reconocimiento,1.0,0.0,0.0,0.1789490325636075,0.263196587562561,C,0.6344616351606505,0.3068205197831304,0.3775665438670359,0.4365596037514205,0.5457527789344858,0.5161787910702125,0.46313823827226974
dabeiba_antioquia,dabeiba_antioquia_b0132,2000,Antioquia,2023-06-27,audiencia_reconocimiento,1.0,0.0,0.9375,0.139186503145252,0.2406255006790161,C,0.6344616351606505,0.3068205197831304,0.9822391701158698,0.24015445650704917,0.38795365991600356,0.3347770031955623,0.24190208768327656
dabeiba_antioquia,dabeiba_antioquia_b0133,2004,Antioquia,2023-06-27,audiencia_reconocimiento,1.0,1.0,0.0,0.1494223609290531,0.2574805021286011,C,0.6344616351606505,0.8989550246610704,0.3775665438670359,0.28475395365907513,0.5053962519517835,0.7234258677774914,0.5499685815628934
dabeiba_antioquia,dabeiba_antioquia_b0134,2004,Antioquia,2023-06-27,audiencia_reconocimiento,1.0,0.0,0.0,0.1523372749812556,0.2501345872879028,C,0.6344616351606505,0.3068205197831304,0.3775665438670359,0.298329351270943,0.45350312490099004,0.5161787910702125,0.3963077190974035
dabeiba_antioquia,dabeiba_antioquia_b0135,2001,Antioquia,2023-06-27,audiencia_reconocimiento,1.0,1.0,0.0,0.1587999398860317,0.2411509752273559,C,0.6344616351606505,0.8989550246610704,0.3775665438670359,0.32970388752713325,0.3914943232607923,0.7234258677774914,0.5429206726785155
dabeiba_antioquia,dabeiba_antioquia_b0136,2005,Antioquia,2023-06-27,audiencia_reconocimiento,1.0,0.0,0.0,0.1404105022680961,0.2476391196250915,C,0.6344616351606505,0.3068205197831304,0.3775665438670359,0.24522747960717164,0.4360462619585491,0.5161787910702125,0.3742306914265953
dabeiba_antioquia,dabeiba_antioquia_b0137,2002,Antioquia,2023-06-27,audiencia_reconocimiento,1.0,0.8333333333333334,1.0,0.1737408279620905,0.2507323622703552,C,0.6344616351606505,0.8436382740375591,0.9867926701069439,0.40791573067561737,0.45770351121776953,0.5212971671872901,0.4478622424680209
dabeiba_antioquia,dabeiba_antioquia_b0138,1999,Antioquia,2023-06-27,audiencia_reconocimiento,1.0,0.8333333333333334,0.0,0.1548820075361408,0.2496175765991211,C,0.6344616351606505,0.8436382740375591,0.3775665438670359,0.31047939254659584,0.44987555437163207,0.7040650050592625,0.5340391580016176
dabeiba_antioquia,dabeiba_antioquia_b0139,1999,Antioquia,2023-06-27,audiencia_reconocimiento,1.0,0.0,0.0,0.1688057224549888,0.2774669528007507,C,0.6344616351606505,0.3068205197831304,0.3775665438670359,0.38133602146043555,0.6428622287497787,0.5161787910702125,0.4632318744334836
dabeiba_antioquia,dabeiba_antioquia_b0140,1999,Antioquia,2023-06-27,audiencia_reconocimiento,1.0,0.0,0.0,0.1339142666423621,0.2366628646850586,C,0.6344616351606505,0.3068205197831304,0.3775665438670359,0.2191325499408215,0.3616557481761626,0.5161787910702125,0.35021936328689546
dabeiba_antioquia,dabeiba_antioquia_b0141,1999,Antioquia,2023-06-27,audiencia_reconocimiento,1.0,0.0,0.0,0.1697281739300387,0.2682410478591919,C,0.6344616351606505,0.3068205197831304,0.3775665438670359,0.3862556830230289,0.580891895371022,0.5161787910702125,0.45255968930463997
dabeiba_antioquia,dabeiba_antioquia_b0142,2005,Antioquia,2023-06-27,audiencia_reconocimiento,1.0,1.0,1.0,0.1404586007510311,0.2548437118530273,C,0.6344616351606505,0.8989550246610704,0.9867926701069439,0.24542830005756167,0.486724290318274,0.540658029905519,0.41062498522768015
dabeiba_antioquia,dabeiba_antioquia_b0143,121,Antioquia,2023-06-27,audiencia_reconocimiento,0.0,0.0,0.0,0.1446208931126249,0.2716557383537292,C,0.03852436457200035,0.3068205197831304,0.3775665438670359,0.26322363714298974,0.6042427798188135,0.307600746364185,0.41416865013618454
huila,huila_b0000,2003,Huila,2024-08-10,audiencia_reconocimiento,0.8642857142857142,0.0,0.0,0.1466474087174173,0.2583333253860473,C,0.5099873981042079,0.3068205197831304,0.3775665438670359,0.27218203815270436,0.5114346609003235,0.4726128081004576,0.39874246670588664
huila,huila_b0001,2001,Huila,2024-08-10,audiencia_reconocimiento,1.0,0.6666666666666667,0.0,0.1464609961316907,0.2599032521247864,C,0.6344616351606505,0.7659238369121365,0.3775665438670359,0.2713500589952848,0.5225405067911885,0.6768649520653647,0.5154482724612143
huila,huila_b0002,2000,Huila,2024-08-10,audiencia_reconocimiento,0.925,0.35714285714285715,0.0,0.2021882392161587,0.280910849571228,C,0.5667889004297787,0.5638126519388811,0.3775665438670359,0.566832021140201,0.6649374149874998,0.5824405801689201,0.5968185446078834
huila,huila_b0003,2011,Huila,2024-08-10,audiencia_reconocimiento,0.8961538461538462,0.25641025641025644,0.0,0.2014269025600169,0.2690574526786804,C,0.5399279597110578,0.4885976100331207,0.3775665438670359,0.5626116878443344,0.5865120418667565,0.5467139862503516,0.5608525928537413
huila,huila_b0004,1999,Huila,2024-08-10,audiencia_reconocimiento,0.6872727272727273,0.2361111111111111,0.34374999999999994,0.1157460624888002,0.2460693120956421,C,0.34816081686190387,0.4733929131123834,0.7603824647442678,0.15703654911909984,0.4251426744146968,0.3594290660677201,0.3062630624038666
huila,huila_b0005,2001,Huila,2024-08-10,audiencia_reconocimiento,1.0,0.20833333333333334,0.0,0.1420790034150399,0.2606185674667358,C,0.6344616351606505,0.4526717240459149,0.3775665438670359,0.25225844082628335,0.5275940112432489,0.567226712562187,0.4314638787759205
huila,huila_b0006,2000,Huila,2024-08-10,audiencia_reconocimiento,0.9099999999999999,0.1388888888888889,0.0,0.1868704557034863,0.2950210571289062,C,0.5528599922535488,0.40172973269024526,0.3775665438670359,0.48088473520203145,0.7474621604581363,0.5208364405702172,0.5427212138114924
huila,huila_b0007,2002,Huila,2024-08-10,audiencia_reconocimiento,1.0,0.23809523809523808,0.32142857142857145,0.1994018094616088,0.312583327293396,C,0.6344616351606505,0.4748773681311706,0.7402621574428724,0.5513433418312449,0.8295819969096371,0.4661900039192757,0.5295534795670813
huila,huila_b0008,2000,Huila,2024-08-10,audiencia_reconocimiento,0.8249999999999998,0.08974358974358974,0.0,0.1534839021651063,0.260776937007904,C,0.4730021327210994,0.36685494695802334,0.3775665438670359,0.3037702323518479,0.5287121204547599,0.48068001472758215,0.4282624333801974
huila,huila_b0009,2002,Huila,2024-08-10,audiencia_reconocimiento,0.52,0.16666666666666669,0.0,0.117172524898823,0.2462888956069946,C,0.22140201952988484,0.4219166068549179,0.3775665438670359,0.16134202686556562,0.4266637373764957,0.4118915560745702,0.3717682998185694
huila,huila_b0010,2003,Huila,2024-08-10,audiencia_reconocimiento,0.5041666666666667,0.0,0.0,0.1516803232361094,0.2882564663887024,C,0.21128719320224962,0.3068205197831304,0.3775665438670359,0.29523741481709975,0.7096076805647313,0.3680677363847722,0.44644645247130665
huila,huila_b0011,2004,Huila,2024-08-10,audiencia_reconocimiento,0.596153846153846,0.02976190476190476,0.0,0.14298493210055,0.2638188600540161,C,0.2747763612518044,0.32613472103736596,0.3775665438670359,0.2561314729247757,0.5501195382278522,0.39704891564109884,0.40569029465517625
huila,huila_b0012,2001,Huila,2024-08-10,audiencia_reconocimiento,0.91875,0.33333333333333337,0.0,0.1173268625036506,0.2111358046531677,C,0.5609967111233434,0.5461693773679992,0.3775665438670359,0.1618135329109736,0.21562012549595644,0.5742381678118591,0.3607877971866247
huila,huila_b0013,2003,Huila,2024-08-10,audiencia_reconocimiento,1.0,0.7407407407407407,0.27777777777777773,0.1988016913421715,0.3077769875526428,C,0.6344616351606505,0.8034044623986969,0.6978783537607117,0.5479933820994535,0.8094595738271311,0.5938896280175581,0.6149650433477669
huila,huila_b0014,2002,Huila,2024-08-10,audiencia_reconocimiento,1.0,0.8333333333333334,0.46875,0.1446975597065045,0.2711527347564697,C,0.6344616351606505,0.8436382740375591,0.8527675958071249,0.2635590778832691,0.6008300534045058,0.5615046894772359,0.4527677372880101
huila,huila_b0015,2004,Huila,2024-08-10,audiencia_reconocimiento,1.0,1.0,0.0,0.1735092516094812,0.2756450176239013,C,0.6344616351606505,0.8989550246610704,0.3775665438670359,0.40665503648273504,0.6309263156939096,0.7234258677774914,0.6177399732995996
huila,huila_b0016,2001,Huila,2024-08-10,audiencia_reconocimiento,1.0,1.0,0.5,0.1343165541582727,0.2359032034873962,C,0.6344616351606505,0.8989550246610704,0.8706703707012973,0.22068886369187846,0.35670222465911494,0.575494719727213,0.3991862292489886
huila,huila_b0017,2000,Huila,2024-08-10,audiencia_reconocimiento,1.0,0.5555555555555556,0.0,0.1500321658387288,0.2842675447463989,C,0.6344616351606505,0.7009919324814305,0.3775665438670359,0.2875630592823873,0.6857818120916686,0.6541387855146176,0.5375381075141197
huila,huila_b0018,2000,Huila,2024-08-10,audiencia_reconocimiento,1.0,0.6666666666666667,0.95,0.1267614450264177,0.2470607161521911,C,0.6344616351606505,0.7659238369121365,0.9832589560166523,0.19278196741874734,0.4320209999811921,0.49515722842047977,0.3487070566175037
huila,huila_b0019,2000,Huila,2024-08-10,audiencia_reconocimiento,1.0,0.4166666666666667,1.0,0.1553937971910364,0.2683389186859131,C,0.6344616351606505,0.6071296895862546,0.9867926701069439,0.3129556115488331,0.5815667788024114,0.43851916262933355,0.3802717081777487
huila,huila_b0020,1999,Huila,2024-08-10,audiencia_reconocimiento,1.0,0.15151515151515152,0.0,0.1537097287218136,0.2608473896980285,C,0.6344616351606505,0.41086866944046313,0.3775665438670359,0.30484837804040776,0.5292094335486994,0.5525956434502789,0.4397426776105912
huila,huila_b0021,2003,Huila,2024-08-10,audiencia_reconocimiento,1.0,0.15151515151515152,0.0,0.1574406509715765,0.2789790630340576,C,0.6344616351606505,0.41086866944046313,0.3775665438670359,0.32296514509002633,0.6526362473100268,0.5525956434502789,0.4707689088302232
huila,huila_b0022,2005,Huila,2024-08-10,audiencia_reconocimiento,0.5599999999999999,0.0,0.125,0.150141922480502,0.2503871917724609,C,0.2484732999361874,0.3068205197831304,0.5254298740044474,0.28807041187680626,0.45527732873101895,0.336723874700427,0.36349926504797914
huila,huila_b0023,2002,Huila,2024-08-10,audiencia_reconocimiento,0.2866666666666667,0.11111111111111112,0.0,0.1575411390488392,0.2624585628509521,C,0.10556636059606515,0.38187068812541963,0.3775665438670359,0.32346085391882484,0.5405646499492007,0.35733300389240885,0.4412785921193766
huila,huila_b0024,1999,Huila,2024-08-10,audiencia_reconocimiento,0.670625,0.10416666666666667,0.140625,0.1894391747620114,0.2897595763206482,C,0.3340616044380214,0.3769641931616388,0.5441396704308697,0.49535752854416254,0.718303723882312,0.3856171280306201,0.5024489939711551
huila,huila_b0025,2001,Huila,2024-08-10,audiencia_reconocimiento,1.0,0.0,0.0,0.1527834470823652,0.2739899158477783,C,0.6344616351606505,0.3068205197831304,0.3775665438670359,0.3004398327006101,0.6199422639571042,0.5161787910702125,0.4303342154090098
huila,huila_b0026,2004,Huila,2024-08-10,audiencia_reconocimiento,0.6272727272727272,0.3984848484848485,0.0,0.1688778344423958,0.2805796861648559,C,0.29875187062075603,0.5940430824549007,0.3775665438670359,0.38171975097061767,0.6628439281792661,0.49920827041636906,0.5391681603158874
huila,huila_b0027,2002,Huila,2024-08-10,audiencia_reconocimiento,1.0,0.0,0.0,0.1525568873394494,0.2704764008522033,C,0.6344616351606505,0.3068205197831304,0.3775665438670359,0.2993670959529367,0.5962259083384526,0.5161787910702125,0.4252154864235938
huila,huila_b0028,2004,Huila,2024-08-10,audiencia_reconocimiento,1.0,0.0,0.8333333333333333,0.1447022105962977,0.2609149813652038,C,0.6344616351606505,0.3068205197831304,0.9710111029321565,0.2635794358342484,0.5296864966998825,0.3381454233506763,0.28069301124131474
huila,huila_b0029,1999,Huila,2024-08-10,audiencia_reconocimiento,0.75,0.0,0.3125,0.1611773323490211,0.2645511627197265,C,0.40353907763686453,0.3068205197831304,0.7319136067192202,0.34165866268991685,0.5552485030471003,0.3290517770812321,0.3609526411528295
huila,huila_b0030,2000,Huila,2024-08-10,audiencia_reconocimiento,0.38333333333333336,0.0,0.0,0.1948679456681066,0.2974617481231689,C,0.14522493926843588,0.3068205197831304,0.3775665438670359,0.5259405274398956,0.7602896563737427,0.3449459475079374,0.5373289370510874
huila,huila_b0031,2001,Huila,2024-08-10,audiencia_reconocimiento,1.0,0.03787878787878788,0.45454545454545453,0.1393996161112456,0.2390714287757873,C,0.6344616351606505,0.3315100181354627,0.8439741345510151,0.24103254654703662,0.377552539606359,0.38489783828833507,0.2739545768363973
huila,huila_b0032,1999,Huila,2024-08-10,audiencia_reconocimiento,0.575,0.10416666666666667,0.0,0.1630250492422448,0.2659216523170471,C,0.25917852075905046,0.3769641931616388,0.3775665438670359,0.35109192676444,0.5648148762935258,0.4093799867121305,0.4545728891432617
huila,huila_b0033,2006,Huila,2024-08-10,audiencia_reconocimiento,0.8624999999999999,0.0,0.0,0.1811383418366088,0.2914077043533325,C,0.5083055591438825,0.3068205197831304,0.3775665438670359,0.4487395095688543,0.7276545398198048,0.4720241644643437,0.5037815574854354
huila,huila_b0034,1999,Huila,2024-08-10,audiencia_reconocimiento,0.49999999999999994,0.37777777777777777,0.0,0.1261751692369372,0.2472015023231506,C,0.20868232526178568,0.5789755250624626,0.3775665438670359,0.19073286424634295,0.4329999626586289,0.4624102844533762,0.4225870675101543
huila,huila_b0035,2002,Huila,2024-08-10,audiencia_reconocimiento,1.0,0.18518518518518517,0.0,0.1806185968446394,0.296927273273468,C,0.6344616351606505,0.43552545071913695,0.3775665438670359,0.44584185227962003,0.7575191977978416,0.5612255168978147,0.5409165417638124
huila,huila_b0036,2005,Huila,2024-08-10,audiencia_reconocimiento,0.6745454545454546,0.09722222222222221,0.0,0.1373346496808349,0.2384435534477234,C,0.337356437118791,0.3720827918734655,0.3775665438670359,0.2326166651790421,0.37338145505702514,0.435033766987179,0.37359951301902894
huila,huila_b0037,2000,Huila,2024-08-10,audiencia_reconocimiento,0.6506666666666666,0.0,0.0,0.1653685260803958,0.2812671661376953,C,0.31754297365168255,0.3068205197831304,0.3775665438670359,0.36322484854505543,0.6671826838812294,0.4052572595420737,0.4617570549393907
huila,huila_b0038,2000,Huila,2024-08-10,audiencia_reconocimiento,0.30125,0.09803921568627451,0.0,0.1861096006592812,0.3015362024307251,C,0.11086927850810269,0.3726557437633745,0.3775665438670359,0.4766029487977756,0.780691196115337,0.35596379463490624,0.5405998984697253
huila,huila_b0039,1999,Huila,2024-08-10,audiencia_reconocimiento,0.3173913043478261,0.07246376811594203,0.0,0.1485250210799158,0.2715337872505188,C,0.11700916337870225,0.3548965249390709,0.3775665438670359,0.28065048417657384,0.6034162969323542,0.3518970277511098,0.43212175130963226
huila,huila_b0040,2002,Huila,2024-08-10,audiencia_reconocimiento,0.23888888888888887,0.0,0.12375,0.1450421907718591,0.2710870504379272,C,0.08973249818535306,0.3068205197831304,0.523929296885324,0.2650703346812551,0.600383673782921,0.281614767223372,0.3847706224637413
huila,huila_b0041,2002,Huila,2024-08-10,audiencia_reconocimiento,0.086,0.12820512820512822,0.0,0.1059989822797121,0.2213510274887085,C,0.05249669945144263,0.39404950633350316,0.3775665438670359,0.13007970213646808,0.26855338723180006,0.34302120886462023,0.32223764100409247
huila,huila_b0042,2003,Huila,2024-08-10,audiencia_reconocimiento,0.19615384615384615,0.12820512820512822,0.0,0.1724198636593333,0.3201466798782348,C,0.077418060141984,0.39404950633350316,0.3775665438670359,0.4007411803708213,0.8577760417495223,0.3517436851063097,0.5348136892896604
huila,huila_b0043,2004,Huila,2024-08-10,audiencia_reconocimiento,0.1361904761904762,0.14492753623188406,0.0,0.1555207552262946,0.2586671113967895,C,0.06274167142263377,0.4060924270782919,0.3775665438670359,0.3135715416448227,0.5137972193218224,0.3508219713152132,0.43851928143621827
huila,huila_b0044,2002,Huila,2024-08-10,audiencia_reconocimiento,0.4058823529411764,0.0,0.0,0.2014893675614171,0.3026554584503174,C,0.15609480288985383,0.3068205197831304,0.3775665438670359,0.5629583014903979,0.7860718149897912,0.3487503997754337,0.5554415896919729
huila,huila_b0045,1999,Huila,2024-08-10,audiencia_reconocimiento,0.9073333333333334,0.11111111111111112,0.0,0.1452439618810068,0.2422706484794616,C,0.5503743837489223,0.38187068812541963,0.3775665438670359,0.2659576970106547,0.3990765024300466,0.5130158119959088,0.3928548576976862
huila,huila_b0046,2005,Huila,2024-08-10,audiencia_reconocimiento,1.0,0.2916666666666667,0.625,0.1806336757599624,0.2859759926795959,C,0.6344616351606505,0.5150395131037123,0.9247422582501811,0.4459258686677349,0.6961165411463246,0.4249027244174726,0.43910878888886407
huila,huila_b0047,2001,Huila,2024-08-10,audiencia_reconocimiento,1.0,0.8333333333333334,0.5625,0.1058311292857761,0.2173335552215576,C,0.6344616351606505,0.8436382740375591,0.9009430992404927,0.12965196079611552,0.24679286907751177,0.5470520384472255,0.32545770875543406
huila,huila_b0048,2003,Huila,2024-08-10,audiencia_reconocimiento,1.0,0.2916666666666667,1.0,0.1599879152199532,0.2917531728744507,C,0.6344616351606505,0.5150395131037123,0.9867926701069439,0.3356513178934126,0.7295897833937964,0.4062876008604438,0.3947972621959929
huila,huila_b0049,2002,Huila,2024-08-10,audiencia_reconocimiento,1.0,0.9444444444444444,0.0,0.1848996985390003,0.2771393656730652,C,0.6344616351606505,0.8827736458106761,0.3775665438670359,0.4698014362369275,0.6407286660890483,0.7177623851798535,0.6377563385799961
huila,huila_b0050,2002,Huila,2024-08-10,audiencia_reconocimiento,1.0,0.2916666666666667,0.625,0.1376827057747013,0.2387146949768066,C,0.6344616351606505,0.5150395131037123,0.9247422582501811,0.23402071969571303,0.37518042666833273,0.4249027244174726,0.300754763853058
huila,huila_b0051,2001,Huila,2024-08-10,audiencia_reconocimiento,1.0,0.5555555555555556,0.0,0.1591786781656959,0.2583610415458679,C,0.6344616351606505,0.7009919324814305,0.3775665438670359,0.3315941879155064,0.5116308585290392,0.6541387855146176,0.5181188118231855
huila,huila_b0052,1999,Huila,2024-08-10,audiencia_reconocimiento,1.0,0.4166666666666667,0.0,0.1661986650280232,0.268831193447113,C,0.6344616351606505,0.6071296895862546,0.3775665438670359,0.3675657960652353,0.5849566589344831,0.6212870005013059,0.5219084740328854
huila,huila_b0053,2002,Huila,2024-08-10,audiencia_reconocimiento,1.0,1.0,1.0,0.1458658838412239,0.2511380910873413,C,0.6344616351606505,0.8989550246610704,0.9867926701069439,0.2687047160033664,0.4605579130375359,0.540658029905519,0.4135384553525642
huila,huila_b0054,2009,Huila,2024-08-10,audiencia_reconocimiento,1.0,0.0,1.0,0.168618827052206,0.2528052926063537,C,0.6344616351606505,0.3068205197831304,0.9867926701069439,0.38034218519886753,0.4723122442090457,0.3334109531982401,0.3069288095858066
huila,huila_b0055,2004,Huila,2024-08-10,audiencia_reconocimiento,1.0,0.0,0.3125,0.1687353524907107,0.2932408452033996,C,0.6344616351606505,0.3068205197831304,0.7319136067192202,0.3809617045228663,0.7378238634379378,0.4098746722145572,0.41122377787252934
huila,huila_b0056,2001,Huila,2024-08-10,audiencia_reconocimiento,0.65,0.0,0.3653846153846153,0.1723343930403224,0.2754080295562744,C,0.3169987649473408,0.3068205197831304,0.7788396890946822,0.4002783909792725,0.6293615464386654,0.28468484292726026,0.3869069382573246
huila,huila_b0057,2004,Huila,2024-08-10,audiencia_reconocimiento,1.0,0.8333333333333334,1.0,0.1564474872534174,0.2737916111946106,C,0.6344616351606505,0.8436382740375591,0.9867926701069439,0.31808736523519965,0.6186176871827367,0.5212971671872901,0.4486051497568682
huila,huila_b0058,2002,Huila,2024-08-10,audiencia_reconocimiento,1.0,0.25757575757575757,0.0,0.1178878670062966,0.2099210023880005,C,0.6344616351606505,0.4894715171729597,0.3775665438670359,0.16353678769607505,0.20985643237155083,0.5801066401566527,0.3460637326877692
huila,huila_b0059,2002,Huila,2024-08-10,audiencia_reconocimiento,0.8388888888888889,0.16666666666666669,0.25,0.1559195966593868,0.260775625705719,C,0.48606481954083275,0.4219166068549179,0.6689643228605442,0.3155107722242289,0.5287028636608788,0.4171042023803495,0.38785563015227653
huila,huila_b0060,2003,Huila,2024-08-10,audiencia_reconocimiento,0.735,0.0,0.3977272727272727,0.1554733666168062,0.264471173286438,C,0.3900102442881788,0.3068205197831304,0.8044906762636406,0.3133415613201492,0.5546888183479777,0.30254356454586606,0.33641430482470225
huila,huila_b0061,2002,Huila,2024-08-10,audiencia_reconocimiento,0.43333333333333335,0.0,0.22727272727272727,0.1457917530251521,0.26968914270401,C,0.17021203131502113,0.3068205197831304,0.64430648561295,0.2683763409169736,0.5908452763555619,0.27366944720046804,0.3599446074152457
huila,huila_b0062,2002,Huila,2024-08-10,audiencia_reconocimiento,1.0,0.20833333333333334,0.234375,0.1330194592965082,0.2570159435272217,C,0.6344616351606505,0.4526717240459149,0.6521021728019802,0.21569921655217064,0.5021061730797631,0.48486602388170374,0.35866345686029505
huila,huila_b0063,2012,Huila,2024-08-10,audiencia_reconocimiento,0.8509090909090911,0.07777777777777778,0.0,0.1371480301852293,0.2415080070495605,C,0.4973860185994923,0.3585556047094744,0.3775665438670359,0.23186626577118422,0.393906571723292,0.48630960499802756,0.3740600997685343
huila,huila_b0064,2000,Huila,2024-08-10,audiencia_reconocimiento,1.0,1.0,0.5,0.1204227740844914,0.2553160190582275,C,0.6344616351606505,0.8989550246610704,0.8706703707012973,0.17150773184190635,0.4900676321689581,0.575494719727213,0.408645914603467
huila,huila_b0065,1999,Huila,2024-08-10,audiencia_reconocimiento,0.65,0.1388888888888889,0.0,0.154003680657651,0.2570770382881164,C,0.3169987649473408,0.40172973269024526,0.3775665438670359,0.3062549815846757,0.5025388725749231,0.4382850110130443,0.4326161424687752
huila,huila_b0066,2004,Huila,2024-08-10,audiencia_reconocimiento,1.0,0.10606060606060605,0.22727272727272727,0.1715951036358484,0.2613927125930786,C,0.6344616351606505,0.3782998761637951,0.64430648561295,0.3962829363978011,0.533056735729043,0.46117458327967087,0.41102404680339777
huila,huila_b0067,2002,Huila,2024-08-10,audiencia_reconocimiento,1.0,0.23809523809523808,0.3571428571428571,0.1701334589811032,0.2730215787887573,C,0.6344616351606505,0.4748773681311706,0.7719306670058943,0.3884246003626826,0.6134576635041583,0.45668945105036907,0.4229733514593844
huila,huila_b0068,2009,Huila,2024-08-10,audiencia_reconocimiento,1.0,0.2833333333333333,0.0,0.1664461317680098,0.2566055059432983,C,0.6344616351606505,0.5087917006350507,0.3775665438670359,0.36886404686369506,0.4991992270026819,0.5868687043683846,0.48062687818818517
huila,huila_b0069,1999,Huila,2024-08-10,audiencia_reconocimiento,1.0,0.2916666666666667,0.9343750000000001,0.1656752859480583,0.2876228094100952,C,0.6344616351606505,0.5150395131037123,0.9819748366470449,0.3648264001578101,0.7058945945504996,0.4077329508984135,0.40123306991185254
huila,huila_b0070,1999,Huila,2024-08-10,audiencia_reconocimiento,0.9099999999999999,0.7083333333333334,0.44999999999999996,0.1408488932470918,0.2514482736587524,C,0.5528599922535488,0.787590969627914,0.8410712182334271,0.2470619465538808,0.462741879839472,0.5168364711884839,0.4077035560220458
huila,huila_b0071,2002,Huila,2024-08-10,audiencia_reconocimiento,0.9611111111111111,0.0,0.25,0.1792232582839548,0.2801521420478821,C,0.5998522546385061,0.3068205197831304,0.6689643228605442,0.43808134250201886,0.6601316941705978,0.4166461741894095,0.42826707408349995
huila,huila_b0072,2000,Huila,2024-08-10,audiencia_reconocimiento,1.0,0.20833333333333334,0.0,0.1318945173764523,0.2510406374931335,C,0.6344616351606505,0.4526717240459149,0.3775665438670359,0.2114384426930317,0.45987205982284246,0.567226712562187,0.4036324891452011
huila,huila_b0073,2000,Huila,2024-08-10,audiencia_reconocimiento,0.735,0.0,0.0,0.1759793133408629,0.2805473804473877,C,0.3900102442881788,0.3068205197831304,0.3775665438670359,0.4201621877651104,0.6626393599584033,0.43062080426484745,0.4807764588818447
huila,huila_b0074,1999,Huila,2024-08-10,audiencia_reconocimiento,0.8125,0.625,0.3125,0.0981801348253333,0.2325114607810974,C,0.46127672434344247,0.742768373610772,0.7319136067192202,0.11139411434146365,0.3349690102426301,0.501841702268209,0.34529111412688723
huila,huila_b0075,1999,Huila,2024-08-10,audiencia_reconocimiento,1.0,0.5555555555555556,1.0,0.1378360116456372,0.2539140582084656,C,0.6344616351606505,0.7009919324814305,0.9867926701069439,0.23464101798226905,0.4801472606802491,0.47137094764264514,0.35604325752881283
huila,huila_b0076,2001,Huila,2024-08-10,audiencia_reconocimiento,0.8125,0.20833333333333334,0.0,0.1194347155432012,0.2390147447586059,C,0.46127672434344247,0.4526717240459149,0.3775665438670359,0.1683647553621115,0.3771752220252107,0.5066119937761643,0.37201733101985274
huila,huila_b0077,1999,Huila,2024-08-10,audiencia_reconocimiento,0.26,0.22222222222222224,0.16666666666666666,0.1426229973466564,0.2412439584732055,C,0.09644653080906375,0.4630163516762248,0.5750225341642028,0.2545794620105173,0.39212204983572757,0.3233052486205901,0.36827680275704217
huila,huila_b0078,2003,Huila,2024-08-10,audiencia_reconocimiento,0.16538461538461538,0.25641025641025644,0.19230769230769232,0.1257239476453254,0.2456709146499633,C,0.06953122827662916,0.4885976100331207,0.6048698622423134,0.18916715775396198,0.4223865949263499,0.3138841347357184,0.35186125425897413
huila,huila_b0079,2001,Huila,2024-08-10,audiencia_reconocimiento,1.0,0.0,0.25,0.1258789271770388,0.2541073560714721,C,0.6344616351606505,0.3068205197831304,0.6689643228605442,0.18970381176568588,0.4815142961579232,0.42875945737216004,0.30561145872324846
huila,huila_b0080,1999,Huila,2024-08-10,audiencia_reconocimiento,0.4928571428571429,0.5357142857142858,1.0,0.1449851167322237,0.2799839377403259,C,0.20427202362996777,0.6883653580388727,0.9867926701069439,0.2648196744074002,0.6590617505951132,0.3163852825520109,0.3992320416499421
huila,huila_b0081,2000,Huila,2024-08-10,audiencia_reconocimiento,0.8964285714285716,0.11111111111111112,0.3333333333333333,0.1684962925907352,0.2968183159828186,C,0.5401851298112298,0.38187068812541963,0.7511277562012931,0.37969113844834307,0.7569517523395708,0.3973812094174394,0.42952436971593055
huila,huila_b0082,2011,Huila,2024-08-10,audiencia_reconocimiento,0.5633333333333334,0.06410256410256411,0.38461538461538464,0.1169246035559914,0.2502778172492981,C,0.25082645066730686,0.34917356568756974,0.7943724994975079,0.16058694332281667,0.45450897902577575,0.27168825587495443,0.27552611749053185
huila,huila_b0083,2004,Huila,2024-08-10,audiencia_reconocimiento,0.7872727272727272,0.0,0.20833333333333331,0.1168003684369024,0.2441737055778503,C,0.4377558140082599,0.3068205197831304,0.6231497179781856,0.1602096417473362,0.41207349158844775,0.3736568014335309,0.2905632592794027
huila,huila_b0084,2002,Huila,2024-08-10,audiencia_reconocimiento,1.0,0.15151515151515152,0.3977272727272727,0.1749444151832385,0.2617415189743042,C,0.6344616351606505,0.41086866944046313,0.8044906762636406,0.41448720780146225,0.5355155651652053,0.4245184037312975,0.3939926678709405
huila,huila_b0085,2001,Huila,2024-08-10,audiencia_reconocimiento,0.8227272727272726,0.45454545454545453,0.20454545454545453,0.0959795439085962,0.2010395526885986,C,0.47086764134933184,0.633886260829441,0.6188584114757497,0.1065757567502368,0.17116323745754775,0.5010063423198455,0.3062340452663027
huila,huila_b0086,2001,Huila,2024-08-10,audiencia_reconocimiento,0.5373684210526316,0.0,0.21874999999999997,0.1497534492846445,0.2823776006698608,C,0.23289064684192914,0.3068205197831304,0.6348499403937813,0.28627708374334226,0.6741310337346216,0.2984439262006364,0.38475832792412046
huila,huila_b0087,2007,Huila,2024-08-10,audiencia_reconocimiento,0.21666666666666667,0.0,0.10416666666666666,0.1374726953791271,0.2577878832817077,C,0.08312300534099933,0.3068205197831304,0.5003811164880305,0.23317283666999986,0.5075729355831582,0.2863658988470362,0.3597539865993081
huila,huila_b0088,1999,Huila,2024-08-10,audiencia_reconocimiento,0.38235294117647056,0.08771929824561403,0.4605263157894736,0.1330117527942528,0.2782889604568481,C,0.14476690109085313,0.36544520435674216,0.8477277363182275,0.21566981715528885,0.648190904925264,0.22425591601119008,0.3269383708149439
huila,huila_b0089,2001,Huila,2024-08-10,audiencia_reconocimiento,0.39000000000000007,0.23809523809523808,0.35535714285714287,0.1169983387614422,0.2328589558601379,C,0.148371566479929,0.4748773681311706,0.7704138303925205,0.1608112164702038,0.3371656034055248,0.2870129779961287,0.2883536223999648
huila,huila_b0090,2001,Huila,2024-08-10,audiencia_reconocimiento,0.6507692307692309,0.7692307692307693,0.38461538461538464,0.1255656990893423,0.2426586151123047,C,0.31762674239793137,0.8165580300384085,0.7943724994975079,0.18862038579365362,0.4017152580360348,0.4586529205034666,0.3916251942450863
huila,huila_b0091,1999,Huila,2024-08-10,audiencia_reconocimiento,0.5499999999999999,0.0,0.0,0.1752165751988393,0.2958070635795593,C,0.24150295718932208,0.3068205197831304,0.3775665438670359,0.41597749449895255,0.7516422843873982,0.37864325378024755,0.49711240112448846
huila,huila_b0092,2004,Huila,2024-08-10,audiencia_reconocimiento,1.0,0.0,0.2475,0.10531802882127,0.2023570537567138,C,0.6344616351606505,0.3068205197831304,0.6662939957077061,0.12835183952468515,0.17652360681961746,0.4295605555180114,0.22367419600180471
huila,huila_b0093,1999,Huila,2024-08-10,audiencia_reconocimiento,1.0,0.18518518518518517,0.4861111111111111,0.1370848335502797,0.2644320726394653,C,0.6344616351606505,0.43552545071913695,0.8629538870764699,0.2316125346651403,0.5544151812163253,0.41560931393498457,0.3282380086405544
huila,huila_b0094,2001,Huila,2024-08-10,audiencia_reconocimiento,0.43333333333333335,0.0,0.18749999999999997,0.1393579179217645,0.2736607789993286,C,0.17021203131502113,0.3068205197831304,0.5993256146084424,0.24086056509342368,0.6177428246778093,0.2871637085018203,0.3646897697423543
huila,huila_b0095,2005,Huila,2024-08-10,audiencia_reconocimiento,0.7011111111111111,0.16666666666666669,0.22499999999999998,0.1639376936409395,0.2818943858146667,C,0.3600879866931657,0.4219166068549179,0.641795376392908,0.35579513952497926,0.6711165765949935,0.3811629948239569,0.4358716905878893
huila,huila_b0096,1999,Huila,2024-08-10,audiencia_reconocimiento,1.0,0.0,0.0,0.1405311739564348,0.260513424873352,C,0.6344616351606505,0.3068205197831304,0.3775665438670359,0.24573151716115002,0.5268515374624165,0.5161787910702125,0.39256815967126124
huila,huila_b0097,2009,Huila,2024-08-10,audiencia_reconocimiento,1.0,0.0,0.0,0.2038007064503987,0.3078747391700744,C,0.6344616351606505,0.3068205197831304,0.3775665438670359,0.5757377831162798,0.8098863358344075,0.5161787910702125,0.5646773124299549
huila,huila_b0098,2002,Huila,2024-08-10,audiencia_reconocimiento,0.6145454545454546,0.25757575757575757,0.17045454545454544,0.1616544929172887,0.2417229413986206,C,0.2888014495301463,0.4894715171729597,0.5794720131529184,0.3440831273977059,0.39536125935720545,0.3985539344002116,0.4059748231232944
huila,huila_b0099,2006,Huila,2024-08-10,audiencia_reconocimiento,1.0,0.20833333333333334,0.28125,0.1689981058230373,0.2635056972503662,C,0.6344616351606505,0.4526717240459149,0.7013906653460866,0.3823600793293833,0.5479228597781298,0.47007947611847184,0.4163003976631715
huila,huila_b0100,2005,Huila,2024-08-10,audiencia_reconocimiento,1.0,0.0,0.46875,0.1480099913885934,0.2357630133628845,C,0.6344616351606505,0.3068205197831304,0.8527675958071249,0.27831164975366196,0.3557913902510109,0.3736184754881858,0.2747189662483415
huila,huila_b0101,2001,Huila,2024-08-10,audiencia_reconocimiento,1.0,0.0,0.3409090909090909,0.1525974927521274,0.2549620866775512,C,0.6344616351606505,0.3068205197831304,0.7578820134742452,0.29955919695999284,0.48756213557978556,0.4020841501880497,0.32748687330288817
huila,huila_b0102,2003,Huila,2024-08-10,audiencia_reconocimiento,1.0,0.3541666666666667,0.0,0.1471429803346613,0.2244560122489929,C,0.6344616351606505,0.5616151215317658,0.3775665438670359,0.2744015763348794,0.2861801265081427,0.6053569016822349,0.4181670486283706
huila,huila_b0103,2005,Huila,2024-08-10,audiencia_reconocimiento,1.0,0.09722222222222221,0.0,0.1606583248125721,0.2583187818527221,C,0.6344616351606505,0.3720827918734655,0.3775665438670359,0.33903094012927076,0.5113317084733134,0.5390205863018298,0.4384345599348667
huila,huila_b0104,2001,Huila,2024-08-10,audiencia_reconocimiento,1.0,0.23809523809523808,0.0,0.1828654286402237,0.2671165466308594,C,0.6344616351606505,0.4748773681311706,0.3775665438670359,0.4583922276807862,0.5731165995199021,0.5749986879920266,0.5182666328516411
huila,huila_b0105,1999,Huila,2024-08-10,audiencia_reconocimiento,1.0,0.0,0.0,0.1168280309886361,0.2327334880828857,C,0.6344616351606505,0.3068205197831304,0.3775665438670359,0.16029359068004298,0.3363716764314761,0.5161787910702125,0.3245689131966857
huila,huila_b0106,2003,Huila,2024-08-10,audiencia_reconocimiento,0.35454545454545455,0.38888888888888884,0.0,0.1381326608940964,0.2329660654067993,C,0.13226899911010004,0.5870807388456889,0.3775665438670359,0.2358445391894302,0.33784409207498206,0.4385024451244154,0.42137128306931204
huila,huila_b0107,2001,Huila,2024-08-10,audiencia_reconocimiento,1.0,0.16666666666666666,0.3571428571428571,0.1817944087134386,0.2765568494796753,C,0.6344616351606505,0.4219166068549179,0.7719306670058943,0.4524021325002976,0.636921021150783,0.4381531846036806,0.43681796891781133
huila,huila_b0108,2002,Huila,2024-08-10,audiencia_reconocimiento,1.0,0.16666666666666669,0.25,0.178514110755696,0.274933397769928,C,0.6344616351606505,0.4219166068549179,0.6689643228605442,0.43414858581829785,0.6262195271489867,0.46904308784728566,0.4488821976078222
huila,huila_b0109,2005,Huila,2024-08-10,audiencia_reconocimiento,1.0,0.30303030303030304,0.0,0.1486978233040035,0.2666772007942199,C,0.6344616351606505,0.5235513074342493,0.3775665438670359,0.28143788754834015,0.5700687018342958,0.5920345667481041,0.46789151909393334
huila,huila_b0110,2006,Huila,2024-08-10,audiencia_reconocimiento,1.0,0.0,0.0,0.1738902466890115,0.2725444436073303,C,0.6344616351606505,0.3068205197831304,0.3775665438670359,0.40872980625463634,0.6102474430512425,0.5161787910702125,0.46629674197174664
huila,huila_b0111,2000,Huila,2024-08-10,audiencia_reconocimiento,0.7208333333333333,0.33974358974358976,0.0,0.1160581403877443,0.2199727892875671,C,0.37738618295912724,0.550932801560558,0.3775665438670359,0.15797043020374524,0.26095314269060293,0.511641681421779,0.36970017072616373
huila,huila_b0112,2002,Huila,2024-08-10,audiencia_reconocimiento,1.0,0.0,0.0,0.1531324177309645,0.2747049331665039,C,0.6344616351606505,0.3068205197831304,0.3775665438670359,0.3020964537797858,0.624703289164113,0.5161787910702125,0.43186623782812306
huila,huila_b0113,2001,Huila,2024-08-10,audiencia_reconocimiento,0.794,0.0,0.0,0.1096142777819527,0.2017128467559814,C,0.4440051905961193,0.3068205197831304,0.3775665438670359,0.1395869728998262,0.17388628680208937,0.4495190354726266,0.2848245190477325
huila,huila_b0114,2007,Huila,2024-08-10,audiencia_reconocimiento,1.0,0.0,0.0,0.1498877087598588,0.2458254098892212,C,0.6344616351606505,0.3068205197831304,0.3775665438670359,0.2868961160469496,0.42345481605529706,0.5161787910702125,0.3862964249998672
huila,huila_b0115,2000,Huila,2024-08-10,audiencia_reconocimiento,0.9550000000000001,0.0,0.0,0.2138649802851292,0.2888931035995483,C,0.5943118221915353,0.3068205197831304,0.3775665438670359,0.6300107561856148,0.7133101950860287,0.5021263565310222,0.5643576248545463
huila,huila_b0116,2004,Huila,2024-08-10,audiencia_reconocimiento,0.8883333333333333,0.0,0.0,0.1803591270364984,0.2681592106819153,C,0.532598786690291,0.3068205197831304,0.3775665438670359,0.44439663250044964,0.5803273418907208,0.48052679410558674,0.47279611092567697
huila,huila_b0117,2005,Huila,2024-08-10,audiencia_reconocimiento,0.6681818181818181,0.0,0.0,0.1725741211687069,0.2224432229995727,C,0.3320164387291111,0.3068205197831304,0.3775665438670359,0.4015768711729898,0.27467480398436017,0.4103229723191737,0.3966786868797939
huila,huila_b0118,2006,Huila,2024-08-10,audiencia_reconocimiento,0.9808333333333334,0.12820512820512822,0.14423076923076922,0.1331431509434237,0.2368912696838379,C,0.6175529000055341,0.39404950633350316,0.5484416132520491,0.21617148312314538,0.36315093400842074,0.4895283582430483,0.337114259827751
huila,huila_b0119,2007,Huila,2024-08-10,audiencia_reconocimiento,0.42,0.12820512820512822,0.0,0.1460767892285466,0.239945650100708,C,0.16323217189703504,0.39404950633350316,0.3775665438670359,0.26964034633400447,0.3833903515302687,0.38177862422057757,0.39405125933292395
huila,huila_b0120,2008,Huila,2024-08-10,audiencia_reconocimiento,0.9106666666666668,0.25,0.15,0.138131789268703,0.2281318306922912,C,0.5534809867108249,0.48379250958063347,0.5553094270236235,0.23584099671667721,0.30791776482210464,0.49645289559492334,0.3540141438056916
huila,huila_b0121,1999,Huila,2024-08-10,audiencia_reconocimiento,0.6918181818181818,0.36363636363636365,0.0,0.2569494209221874,0.3467966318130493,C,0.352058408072224,0.5685984611655155,0.3775665438670359,0.8181513493460735,0.9277038912607048,0.508959941073098,0.7385300570412384
huila,huila_b0122,2000,Huila,2024-08-10,audiencia_reconocimiento,1.0,0.0,0.0,0.19050677949526,0.2988640069961548,C,0.6344616351606505,0.3068205197831304,0.3775665438670359,0.5013763571323635,0.7674547458715344,0.5161787910702125,0.5301644953430096
huila,huila_b0123,1999,Huila,2024-08-10,audiencia_reconocimiento,1.0,0.2777777777777778,0.6874999999999999,0.1418750850266773,0.247018814086914,C,0.6344616351606505,0.5046248453891035,0.943184079768228,0.2513920183533222,0.4317297343259482,0.41572504426194545,0.3118525486824827
huila,huila_b0124,2002,Huila,2024-08-10,audiencia_reconocimiento,0.4588235294117647,0.0,0.0,0.1307826468186873,0.254999577999115,C,0.18421258401389248,0.3068205197831304,0.3775665438670359,0.2072880273967745,0.487827510231652,0.3585916231688472,0.3713081328075769
huila,huila_b0125,2005,Huila,2024-08-10,audiencia_reconocimiento,0.33076923076923076,0.0,0.0,0.1755486370260612,0.2961956858634949,C,0.12231943824904985,0.3068205197831304,0.3775665438670359,0.4177978702269775,0.7536918528534247,0.3369290221511523,0.49815944632250253
huila,huila_b0126,1999,Huila,2024-08-10,audiencia_reconocimiento,0.08666666666666667,0.0,0.1323529411764706,0.1931264377802025,0.305347740650177,C,0.052621808288422695,0.3068205197831304,0.5342466182187937,0.5161399184164059,0.798618309311205,0.2655308293594054,0.510228439610007
huila,huila_b0127,2000,Huila,2024-08-10,audiencia_reconocimiento,0.3161538461538462,0.0,0.0,0.1763074513553439,0.2924289107322693,C,0.11652820330504784,0.3068205197831304,0.3775665438670359,0.42196606122874847,0.7333500102544414,0.3349020899207516,0.4955499446533257
huila,huila_b0128,2000,Huila,2024-08-10,audiencia_reconocimiento,0.6923529411764706,0.0,0.0,0.1264706121890326,0.2442839741706848,C,0.35251825841898754,0.3068205197831304,0.3775665438670359,0.19176338469072007,0.41283053418096366,0.41749860921063053,0.3508751126503202
huila,huila_b0129,2002,Huila,2024-08-10,audiencia_reconocimiento,0.7071428571428572,0.40476190476190477,0.0,0.1586558279016769,0.2671932578086853,C,0.3653422857565133,0.5985772137824161,0.3775665438670359,0.32898605762483796,0.5736482100057314,0.5241018616785145,0.5040057568420364
huila,huila_b0130,2001,Huila,2024-08-10,audiencia_reconocimiento,1.0,0.16666666666666666,0.0,0.1805878952721242,0.2823019027709961,C,0.6344616351606505,0.4219166068549179,0.3775665438670359,0.44567079946320237,0.6736597472343555,0.5564624215453381,0.5206825721993142
huila,huila_b0131,2006,Huila,2024-08-10,audiencia_reconocimiento,0.78,0.0,0.0,0.1083506515158423,0.2284520268440246,C,0.4310219400624324,0.3068205197831304,0.3775665438670359,0.13619950557077165,0.3098542526319416,0.4449748977858362,0.31083249864853385
huila,huila_b0132,2013,Huila,2024-08-10,audiencia_reconocimiento,0.7928571428571427,0.47619047619047616,0.0,0.1357715996474275,0.2826899886131286,C,0.4429422144325582,0.6488243625586136,0.3775665438670359,0.22638392751160238,0.6760721958289806,0.5688483387867993,0.5011415956611032
huila,huila_b0133,1064,Huila,2024-08-10,audiencia_reconocimiento,0.0,0.0,0.20833333333333331,0.1634472820433563,0.2808864116668701,C,0.03852436457200035,0.3068205197831304,0.6231497179781856,0.35326432916338607,0.6647831483360509,0.23392579413084005,0.4086743312245408
