subcaso,compareciente,autos_n_menciones,autos_archivos,autos_contexto_1,autos_contexto_2,n_menciones_audiencia,archivos_audiencia,aud_contexto_1,aud_contexto_2,etiqueta_MR,doble_clave
Casanare,Henry Torres Escalante,576,Auto_055_2022_Subcaso_Casanare.txt,[CLAVE] (Auto_055_2022_Subcaso_Casanare.txt) ...áximos responsables y partícipes no determinantes seleccionados ................................................................................................. 275 vi. Máximos responsables llamados a reconocer responsabilidad en calidad de autores mediatos de crímenes de guerra y crímenes de lesa humanidad....................................... 276 1. Henry William Torres Escalante ................................................................................. 276 2. Gustavo Enrique Soto Bracamonte ............................................................................. 298 3. Germán Alberto León Durán .......................,"[CLAVE] (Auto_055_2022_Subcaso_Casanare.txt) ...te verificar si se trata de conductas que “pertenece[n] a tipos penales no amnistiables”44. En la quinta sección (E), la Sala identifica plenamente a los siguientes máximos responsables, exmiembros de la Fuerza Pública, agentes del estado que conformaron el DAS y terceros civiles que fungieron como reclutadores, e individualiza su responsabilidad en las conductas determinadas por la Sala: 1. Henry William Torres Escalante, coronel para el momento de los hechos, fungió como oficial de operaciones, jefe de estado mayor y segundo comandante, y comandante de la Brigada XVI. Este último cargo lo ocupó, como encarg...",21,casanare_torres.txt,"[CLAVE] (casanare_torres.txt) ...esta oportunidad, la representante de víctimas autorizada no se ha hecho presente hasta el momento. Hay otra serie de solicitudes que mediante acta iremos precisando y solo resalto que esta sesión será grabada y de acuerdo con lo establecido en la normatividad vigente, posteriormente será trasladada a las víctimas. Señor General Torres Escalante, su contribución no solo será determinante para el esclarecimiento de la verdad, sino también para el cumplimiento de los compromisos con la jurisdicción especial para la paz. Antes de iniciar con la sesión y para efectos del registro, procederemos con la presentación de quienes acuden a esta diligencia. Señor...","(casanare_torres.txt) ...de Verdad y Responsabilidad y de Determinación de los Hechos y Conductas de la Jurisdicción Especial para la Paz y presidiré el día de hoy esta diligencia. Me acompaña el día de hoy la magistrada Claudia Rocío Saldaña, quien se encuentra estudiando el Pactum Veritatis presentado por el compareciente, señor general Henry William Torres Escalante, en virtud de la Resolución 4880 del 13 de septiembre de 2019 de la Sala de Definición de Situaciones Jurídicas. En breve también nos acompañará la magistrada Catalina Díaz, presidenta de la Sala de Reconocimiento. Nos permitimos instalar esta diligencia siendo las 9 y 46 horas de la mañana del día 6 de febrero...",,True
Catatumbo,Juan Carlos Chaparro Chaparro,1985,Auto_055_2022_Subcaso_Casanare.txt; Auto_125_2021_Norte_Santander.txt; Auto_128_2021_Costa_Caribe.txt; Auto_SRVR_ADHC_03_julio_2023.txt; Auto_SUBD_062_2023_Antioquia_Montoya.txt; Auto_SUBD_081_2023_Subcaso_Huila.txt; RC-04-2024-dabeiba.txt; RC_01_2022_Norte_Santander.txt; RC_03_2022_Costa_Caribe.txt; informe-avances-resultados-JEP-2024.txt; sentencia-TP-SeRVR-RC-ST-001-2025-caso01-farc.txt; sentencia-TP-SeRVR-RC-ST-001-2025-caso03-catatumbo-compressed.txt; sentencia-TP-SeRVR-RC-ST-002-2025-costa-caribe.txt,"[CLAVE] (sentencia-TP-SeRVR-RC-ST-001-2025-caso03-catatumbo-compressed.txt) ...tiva apreciada en relación con una persona determinada». 200 SECCIÓN DE RECONOCIMIENTO DE VERDAD Y RESPONSABILIDAD Caso 01: Toma de rehenes, graves privaciones de la libertad y otros crímenes concurrentes cometidos por las FARC-EP el daño en los términos expuestos en esta sentencia, sino los hechos o lesiones corporales infligidas por las FARC-EP constitutivos de los crímenes de guerra de tortura, de tratos crueles y de atentados contra la dignidad personal, así como los crímenes de lesa humanidad de tortura y de otros actos inhumanos imputados a los comparecientes en este juicio. Del mismo modo, también son actos de tortura y tratos crueles,...","[CLAVE] (sentencia-TP-SeRVR-RC-ST-002-2025-costa-caribe.txt) ...e por CAMILO ANDRES SUAREZ ALDANA, ANA MANUELA OCHOA ARIAS, ROBERTO CARLOS VIDAL LOPEZ, JUAN RAMON MARTINEZ VARGAS, ZORAIDA ANYUL CHALELA ROMANO, JUAN CARLOS ANGEL LOZANO. Para acceder al expediente procesal, acceda a la página web https://legali.jep.gov.co/esaj/, informe el proceso 0001805-11.2022.0.00.0001 y el código 67BC30. 55 SECCIÓN DE RECONOCIMIENTO DE VERDAD Y RESPONSABILIDAD Caso 01: Toma de rehenes, graves privaciones de la libertad y otros crímenes concurrentes cometidos por las FARC-EP 124. Entonces, a partir de las pruebas reseñadas anteriormente se tiene que lo externo de la conducta de los máximos responsables estuvo representa...",6,catatumbo_audiencia_reconocimiento.txt,"[CLAVE] (catatumbo_audiencia_reconocimiento.txt) ...s de lesa humanidad de asesinato y desaparición forzada. La JEP llamó a reconocer responsabilidad al Brigadier General Paulino Coronado Gámez, los coroneles Santiago Herrera Fajardo y Rubén Darío Castro Gómez, el Teniente Coronel Álvaro Diego Tamayo Hoyos, el Teniente Coronel Gabriel de Jesús Rinconamado y el Mayor Juan Carlos Chaparro Chaparro. También se imputó al Capitán Daladier Rivera-Jacome y al Sargento II Rafael Antonio Urbano Muñoz, así como al Sargento II Sandro Mauricio Pérez Contreras, al Cabo I Néstor Guillermo Gutiérrez Salazar y al Tercero Civil Alexander Carretero Díaz. Estas imputaciones son el resultado de la contrastación judicial y...","[CLAVE] (catatumbo_audiencia_reconocimiento.txt) ...los crímenes de lesa humanidad de asesinato y desaparición forzada. La JEP llamó a reconocer responsabilidad al Brigadier General Paulino Coronado Gámez, los coroneles Santiago Herrera Fajardo y Rubén Darío Castro Gómez, el Teniente Coronel Álvaro Diego Tamayo Hoyos, el Teniente Coronel Gabriel de Jesús Rinconamado y el Mayor Juan Carlos Chaparro Chaparro. También se imputó al Capitán Daladier Rivera-Jacome y al Sargento II Rafael Antonio Urbano Muñoz, así como al Sargento II Sandro Mauricio Pérez Contreras, al Cabo I Néstor Guillermo Gutiérrez Salazar y al Tercero Civil Alexander Carretero Díaz. Estas imputaciones son el resultado de la contrastación...",,True
Catatumbo,Ruben Dario Castro Gomez,151,Auto_055_2022_Subcaso_Casanare.txt; Auto_125_2021_Norte_Santander.txt; Auto_128_2021_Costa_Caribe.txt; Auto_SRVR_ADHC_03_julio_2023.txt; Auto_SUBD_081_2023_Subcaso_Huila.txt; RC-04-2024-dabeiba.txt; RC_01_2022_Norte_Santander.txt; sentencia-TP-SeRVR-RC-ST-001-2025-caso01-farc.txt; sentencia-TP-SeRVR-RC-ST-001-2025-caso03-catatumbo-compressed.txt; sentencia-TP-SeRVR-RC-ST-002-2025-costa-caribe.txt,"[CLAVE] (Auto_SUBD_081_2023_Subcaso_Huila.txt) ...batallón. En diligencia de versión voluntaria la Magistratura abordó once de esos hechos2117 y si bien el compareciente no reconoció su ilegalidad, otros militares sí y adicionalmente lo señalaron como partícipe e impulsor 2112 14 de diciembre de 2006 (víctima: José Misael Moreno Quiroga); 07 de enero de 2007 (víctimas: John Fredy Rengifo Anacona y Eugenio Chito Gómez); 07 de enero de 2007 (víctimas: Giancarlo Rincón Cabrera y Jhon Fredy Torres Rengifo); 13 de enero de 2007 (víctimas: Juan Esteban Fernández Quiroga, Querubín Durán Durán, Albeiro Rivera Rivera y Luis Aníbal Restrepo Sánchez); 09 de febrero de 2007 (víctimas:...","[CLAVE] (Auto_SUBD_081_2023_Subcaso_Huila.txt) ...posible acudir al pago irregular de recompensas para financiar los homicidios investigados. Todo sin que, el señor Ángel Fernando Carvajal, en calidad de Oficial de Inteligencia del Batallón Magdalena, desde la posición de autoridad que ocupaba conforme con su rango y sus funciones, realizara oposición o emitiera algún tipo de reparo. Por tanto, el señor Carvajal Rojas contó con liderazgo y dominio frente a los patrones identificados, por lo que le asiste la condición de máximo responsable frente a ellos. 2006. En virtud de lo anterior se le atribuirá responsabilidad a título de coautor por los crímenes de desaparición forzada como crim...",6,catatumbo_audiencia_reconocimiento.txt,"(catatumbo_audiencia_reconocimiento.txt) ...s días, por favor recordarnos sus nombres. Buenos días, mi nombre es Néstor Guillermo Gutiérrez, suboficial del ejército retirado. Buenos días para todos, mi nombre es Daladier Rivera-Jacome, oficial retirado del ejército. Buenos días, mi nombre es Juan Carlos Chaparro, oficial retirado del ejército. Buenos días, mi nombre es Rubén Dario Castro Gómez, oficial retirado del ejército. Buenos días, mi nombre es Paulino Coronado Gámez, soy brigadier general retirado del ejército nacional. Buenos días, mi nombre es Santiago Herrera Fajardo, coronel retirado del ejército. Muy buenos días, mi nombre es Alexander Carretero Díaz, civil. Muy buenos días, mi nombr...","(catatumbo_audiencia_reconocimiento.txt) ...abogados y abogadas, demás presentes en esta audiencia. Se presenta Luis Alberto Sepúlveda Bellamizar, identificado con la cédula de ciudadanía 13237706, expedida en Cúcuta, tarjeta profesional 61845 del Consejo Superior de la Judicatura, actuó como representante del señor coronel Santiago Herrera Pajardo y del señor coronel Rubén Dario Castro Gómez, ascrita al Fondo de Defensa Técnica Fondetec de los miembros de la Fuerza Pública. Gracias a todas y todos. Buenos días a las víctimas que son el centro de esta audiencia y de este acuerdo de paz. A los demás sujetos y partes intervinientes en esta audiencia, mi nombre Tania Parra Montenegro, abogada titu...",,False
Catatumbo,Santiago Herrera Fajardo,165,Auto_125_2021_Norte_Santander.txt; Auto_128_2021_Costa_Caribe.txt; RC_01_2022_Norte_Santander.txt,"[CLAVE] (RC_01_2022_Norte_Santander.txt) ...cientes que fueron considerados como máximos responsables en el subcaso. Se trata de los oficiales y suboficiales del Ejército Nacional retirados PAULINO CORONADO GÁMEZ, identificado con cédula de ciudanía No. 19.378.313; SANTIAGO HERRERA FAJARDO, identificado con cédula de ciudadanía No. 79.343.838; RUBÉN DARÍO CASTRO GÓMEZ, identificado con cédula de ciudadanía no. 79.304.484; ÁLVARO DIEGO TAMAYO HOYOS, identificado con cédula de ciudadanía No. 93.122.896, GABRIEL DE JESÚS RINCÓN AMADO, identificado con cédula de ciudadanía No. 79.416.947; DALADIER RIVERA JÁCOME, identificado con cédula de ciudadanía No. 86.043.676; JUAN C...","[CLAVE] (RC_01_2022_Norte_Santander.txt) ...eñores SANTIAGO HERRERA FAJARDO, comandante de la BRIM15, y GABRIEL DE JESÚS RINCÓN AMADO, jefe de operaciones de la BRIM15. De igual manera, en la descripción fáctica de su participación en hechos concretos el señor URBANO MUÑOZ refirió el aporte del señor DALADIER RIVERA JÁCOME quien también fue imputado en el Auto No. 125 de 2021. En consecuencia, la Sala considera que se trata de aportes de verdad plenos que guardan coherencia con los elementos que el compareciente pudo tener a disposición teniendo en cuenta su cargo y su rango militar. 211. Adicionalmente, como lo mencionó el Ministerio Público, el señor URBANO MUÑOZ aportó información...",6,catatumbo_audiencia_reconocimiento.txt,"[CLAVE] (catatumbo_audiencia_reconocimiento.txt) ...tados identificados como máximos responsables en la modalidad de liderazgo por haber dado órdenes sin las cuales las conductas criminales no hubieran tenido lugar de forma sistemática y generalizada son el señor brigadier general Paulino Coronado Gámez, quien fue el comandante de la brigada 30. Los coroneles, señores Santiago Herrera Fajardo, Rubén Dario Castro, antiguos comandantes de la brigada móvil 15, el señor teniente coronel Álvaro Diego Tamayo Hoyos, antiguo comandante del batallón de infantería número 15, general Francisco Paula Santander de Ocaña, el teniente coronel Gabriel de Jesús Rincón Amado, antiguo oficial de operaciones de la brigada...","[CLAVE] (catatumbo_audiencia_reconocimiento.txt) ...Los imputados identificados como máximos responsables en la modalidad de liderazgo por haber dado órdenes sin las cuales las conductas criminales no hubieran tenido lugar de forma sistemática y generalizada son el señor brigadier general Paulino Coronado Gámez, quien fue el comandante de la brigada 30. Los coroneles, señores Santiago Herrera Fajardo, Rubén Dario Castro, antiguos comandantes de la brigada móvil 15, el señor teniente coronel Álvaro Diego Tamayo Hoyos, antiguo comandante del batallón de infantería número 15, general Francisco Paula Santander de Ocaña, el teniente coronel Gabriel de Jesús Rincón Amado, antiguo oficial de operaciones de la...",,True
CostaCaribe,Heber Hernan Gomez Naranjo,113,Auto_125_2021_Norte_Santander.txt; Auto_128_2021_Costa_Caribe.txt; RC_03_2022_Costa_Caribe.txt,"[CLAVE] (RC_03_2022_Costa_Caribe.txt) ...y Elkin Rojas fueron imputados bajo el título de coautores por su participación determinante en estos hechos10. Los imputados, según determinó la Sala en el Auto 128, compartían un propósito común y, en tal virtud, a partir de una división de funciones, tomaron parte en la ejecución de las muertes ilegítimamente presentadas como bajas en combate encontradas por la Sala. 8. El Auto 128 de 2021 fue el resultado de la contrastación adelantada por la Sala conforme lo establecido tanto por el artículo 79, literal h, de la Ley Estatutaria de Administración de Justicia de la JEP, como por el artículo 27 B de la Ley 1922 de...","[CLAVE] (RC_03_2022_Costa_Caribe.txt) ...a reconocer en calidad de autores mediatos de los delitos de homicidio en persona protegida y desaparición forzada, así como el crimen de guerra de homicidio, y los crímenes de lesa humanidad de asesinato y desaparición forzada de personas”. 8 Ibidem, párrs. 768 a 807. 9 Ibidem, párrs. 808 a 865. 10 Ibidem, acápite E.ii. “Máximos responsables llamados a reconocer responsabilidad en calidad de coautores de los delitos de homicidio en persona protegida y desaparición forzada, así como de los crímenes de lesa humanidad de asesinato y desaparición forzada y el crimen de guerra de homicidio”. 8 Leonardo Burgos Suárez, Juan Carlos...",12,costa_caribe.txt,"[CLAVE] (costa_caribe.txt) ...gueroa Suárez por su parte se sirvió de la organización y al tiempo que presionó a sus alternos usó distintos incentivos para que fueran reportadas las bajas exigidas y omitió de manera deliberada la adopción de acciones para evitar la comisión de estos crímenes. José Pastor Ruiz Maecha, Guillermo Gutiérrez Riveros, Eber Hernán Gómez Naranjo, Efraín Andrade Perea, Manuel Valentín Padilla Espitia, Eduardo Gustavo Álvarez Mejía, Carlos Andrés Lora Cabrales, José de Jesús Rueda Quintero, Elkin Leonardo Burgos Suárez, Juan Carlos Soto Sepúlveda, Yeris Andrés Gómez Coronel, Alex José Mercado Sierra y Elkin Rojas fueron imputados bajo el título de coautores...","[CLAVE] (costa_caribe.txt) ...us casos son estudiados por la unidad de investigación y acusación de la JEP. De ser hallados culpables, estos ex miembros del Ejército de Colombia se exponen a una pena de hasta 20 años de cárcel. Y con el título de coautores que comparecen en esta audiencia fueron imputados por la JEP el teniente coronel en retiro Ever Hernán Gómez Naranjo, el mayor Guillermo Gutiérrez Riveros, los sargentos primeros Efraín Andrade Perea y Manuel Valentín Padilla Espitia, los tenientes Carlos Andrés Lora Cabrales y Edward Gustavo Álvarez Mejía y el subteniente Elkin Leonardo Burgos. Como coautores también fueron imputados el sargento viceprimero José de Jesús Rueda Q...",,True
CostaCaribe,Jose de Jesus Rueda Quintero,88,Auto_125_2021_Norte_Santander.txt; Auto_128_2021_Costa_Caribe.txt; RC_03_2022_Costa_Caribe.txt,"[CLAVE] (RC_03_2022_Costa_Caribe.txt) ...omicidio, y los crímenes de lesa humanidad de asesinato y desaparición forzada de personas”. 8 Ibidem, párrs. 768 a 807. 9 Ibidem, párrs. 808 a 865. 10 Ibidem, acápite E.ii. “Máximos responsables llamados a reconocer responsabilidad en calidad de coautores de los delitos de homicidio en persona protegida y desaparición forzada, así como de los crímenes de lesa humanidad de asesinato y desaparición forzada y el crimen de guerra de homicidio”. 8 Leonardo Burgos Suárez, Juan Carlos Soto Sepúlveda, Yeris Andrés Gómez Coronel, Alex José Mercado Sierra y Elkin Rojas11. Los tres comparecientes restantes enviaron misivas en las que...","[CLAVE] (RC_03_2022_Costa_Caribe.txt) ...l 5 de octubre de 2002 y el 29 de octubre de 2004521. 411. En el Auto 128 de 2021, la Sala le llamó a reconocer su responsabilidad como máximo responsable por su contribución esencial a la ejecución de las muertes ilegítimamente presentadas como bajas en combate por integrantes del Batallón La Popa, las cuales tuvieron lugar durante su permanencia en dicha unidad entre octubre de 2002 y octubre de 2004. Según determinó la Sala, Rueda Quintero participó de la alianza con los paramilitares para la presentación como muertas en combate a personas señaladas y entregadas por integrantes del grupo armado ilegal,...",11,costa_caribe.txt,"[CLAVE] (costa_caribe.txt) ...fueran reportadas las bajas exigidas y omitió de manera deliberada la adopción de acciones para evitar la comisión de estos crímenes. José Pastor Ruiz Maecha, Guillermo Gutiérrez Riveros, Eber Hernán Gómez Naranjo, Efraín Andrade Perea, Manuel Valentín Padilla Espitia, Eduardo Gustavo Álvarez Mejía, Carlos Andrés Lora Cabrales, José de Jesús Rueda Quintero, Elkin Leonardo Burgos Suárez, Juan Carlos Soto Sepúlveda, Yeris Andrés Gómez Coronel, Alex José Mercado Sierra y Elkin Rojas fueron imputados bajo el título de coautores por su participación determinante en estos hechos. Los imputados compartían un propósito común y en tal virtud a partir de una div...","[CLAVE] (costa_caribe.txt) ...en retiro Ever Hernán Gómez Naranjo, el mayor Guillermo Gutiérrez Riveros, los sargentos primeros Efraín Andrade Perea y Manuel Valentín Padilla Espitia, los tenientes Carlos Andrés Lora Cabrales y Edward Gustavo Álvarez Mejía y el subteniente Elkin Leonardo Burgos. Como coautores también fueron imputados el sargento viceprimero José de Jesús Rueda Quintero, el cabo tercero Elkin Rojas y los soldados profesionales Juan Carlos Soto Sepúlveda, el ex geriz Andrés Gómez Coronel y Álex José Mercado Sierra. Para la Sala de Reconocimiento de Verdad de la JEP estos 15 imputados hicieron parte de la organización criminal que se conformó dentro de la unidad mili...",,True
CostaCaribe,Juan Carlos Soto Sepulveda,1983,Auto_055_2022_Subcaso_Casanare.txt; Auto_125_2021_Norte_Santander.txt; Auto_128_2021_Costa_Caribe.txt; Auto_SRVR_ADHC_03_julio_2023.txt; Auto_SUBD_062_2023_Antioquia_Montoya.txt; Auto_SUBD_081_2023_Subcaso_Huila.txt; RC-04-2024-dabeiba.txt; RC_01_2022_Norte_Santander.txt; RC_03_2022_Costa_Caribe.txt; informe-avances-resultados-JEP-2024.txt; sentencia-TP-SeRVR-RC-ST-001-2025-caso01-farc.txt; sentencia-TP-SeRVR-RC-ST-001-2025-caso03-catatumbo-compressed.txt; sentencia-TP-SeRVR-RC-ST-002-2025-costa-caribe.txt,"[CLAVE] (sentencia-TP-SeRVR-RC-ST-001-2025-caso03-catatumbo-compressed.txt) ...tiva apreciada en relación con una persona determinada». 200 SECCIÓN DE RECONOCIMIENTO DE VERDAD Y RESPONSABILIDAD Caso 01: Toma de rehenes, graves privaciones de la libertad y otros crímenes concurrentes cometidos por las FARC-EP el daño en los términos expuestos en esta sentencia, sino los hechos o lesiones corporales infligidas por las FARC-EP constitutivos de los crímenes de guerra de tortura, de tratos crueles y de atentados contra la dignidad personal, así como los crímenes de lesa humanidad de tortura y de otros actos inhumanos imputados a los comparecientes en este juicio. Del mismo modo, también son actos de tortura y tratos crueles,...","[CLAVE] (sentencia-TP-SeRVR-RC-ST-002-2025-costa-caribe.txt) ...e por CAMILO ANDRES SUAREZ ALDANA, ANA MANUELA OCHOA ARIAS, ROBERTO CARLOS VIDAL LOPEZ, JUAN RAMON MARTINEZ VARGAS, ZORAIDA ANYUL CHALELA ROMANO, JUAN CARLOS ANGEL LOZANO. Para acceder al expediente procesal, acceda a la página web https://legali.jep.gov.co/esaj/, informe el proceso 0001805-11.2022.0.00.0001 y el código 67BC30. 55 SECCIÓN DE RECONOCIMIENTO DE VERDAD Y RESPONSABILIDAD Caso 01: Toma de rehenes, graves privaciones de la libertad y otros crímenes concurrentes cometidos por las FARC-EP 124. Entonces, a partir de las pruebas reseñadas anteriormente se tiene que lo externo de la conducta de los máximos responsables estuvo representa...",17,costa_caribe.txt,"[CLAVE] (costa_caribe.txt) ...opción de acciones para evitar la comisión de estos crímenes. José Pastor Ruiz Maecha, Guillermo Gutiérrez Riveros, Eber Hernán Gómez Naranjo, Efraín Andrade Perea, Manuel Valentín Padilla Espitia, Eduardo Gustavo Álvarez Mejía, Carlos Andrés Lora Cabrales, José de Jesús Rueda Quintero, Elkin Leonardo Burgos Suárez, Juan Carlos Soto Sepúlveda, Yeris Andrés Gómez Coronel, Alex José Mercado Sierra y Elkin Rojas fueron imputados bajo el título de coautores por su participación determinante en estos hechos. Los imputados compartían un propósito común y en tal virtud a partir de una división de funciones tomaron parte en la ejecución de las muertes ilegítim...","[CLAVE] (costa_caribe.txt) ...fraín Andrade Perea y Manuel Valentín Padilla Espitia, los tenientes Carlos Andrés Lora Cabrales y Edward Gustavo Álvarez Mejía y el subteniente Elkin Leonardo Burgos. Como coautores también fueron imputados el sargento viceprimero José de Jesús Rueda Quintero, el cabo tercero Elkin Rojas y los soldados profesionales Juan Carlos Soto Sepúlveda, el ex geriz Andrés Gómez Coronel y Álex José Mercado Sierra. Para la Sala de Reconocimiento de Verdad de la JEP estos 15 imputados hicieron parte de la organización criminal que se conformó dentro de la unidad militar y actuaron con pleno conocimiento de la ilegalidad de los hechos que cometían para presentar re...",,True
CostaCaribe,Manuel Valentin Padilla Espitia,128,Auto_125_2021_Norte_Santander.txt; Auto_128_2021_Costa_Caribe.txt; RC_03_2022_Costa_Caribe.txt,"[CLAVE] (RC_03_2022_Costa_Caribe.txt) ...res por su participación determinante en estos hechos10. Los imputados, según determinó la Sala en el Auto 128, compartían un propósito común y, en tal virtud, a partir de una división de funciones, tomaron parte en la ejecución de las muertes ilegítimamente presentadas como bajas en combate encontradas por la Sala. 8. El Auto 128 de 2021 fue el resultado de la contrastación adelantada por la Sala conforme lo establecido tanto por el artículo 79, literal h, de la Ley Estatutaria de Administración de Justicia de la JEP, como por el artículo 27 B de la Ley 1922 de 2018. Así, la Sala de Reconocimiento contrastó...","[CLAVE] (RC_03_2022_Costa_Caribe.txt) ...os de homicidio en persona protegida y desaparición forzada, así como el crimen de guerra de homicidio, y los crímenes de lesa humanidad de asesinato y desaparición forzada de personas”. 8 Ibidem, párrs. 768 a 807. 9 Ibidem, párrs. 808 a 865. 10 Ibidem, acápite E.ii. “Máximos responsables llamados a reconocer responsabilidad en calidad de coautores de los delitos de homicidio en persona protegida y desaparición forzada, así como de los crímenes de lesa humanidad de asesinato y desaparición forzada y el crimen de guerra de homicidio”. 8 Leonardo Burgos Suárez, Juan Carlos Soto Sepúlveda, Yeris Andrés Gómez Coronel, Alex José...",19,costa_caribe.txt,"[CLAVE] (costa_caribe.txt) ...ón y al tiempo que presionó a sus alternos usó distintos incentivos para que fueran reportadas las bajas exigidas y omitió de manera deliberada la adopción de acciones para evitar la comisión de estos crímenes. José Pastor Ruiz Maecha, Guillermo Gutiérrez Riveros, Eber Hernán Gómez Naranjo, Efraín Andrade Perea, Manuel Valentín Padilla Espitia, Eduardo Gustavo Álvarez Mejía, Carlos Andrés Lora Cabrales, José de Jesús Rueda Quintero, Elkin Leonardo Burgos Suárez, Juan Carlos Soto Sepúlveda, Yeris Andrés Gómez Coronel, Alex José Mercado Sierra y Elkin Rojas fueron imputados bajo el título de coautores por su participación determinante en estos hechos. Lo...","[CLAVE] (costa_caribe.txt) ...iembros del Ejército de Colombia se exponen a una pena de hasta 20 años de cárcel. Y con el título de coautores que comparecen en esta audiencia fueron imputados por la JEP el teniente coronel en retiro Ever Hernán Gómez Naranjo, el mayor Guillermo Gutiérrez Riveros, los sargentos primeros Efraín Andrade Perea y Manuel Valentín Padilla Espitia, los tenientes Carlos Andrés Lora Cabrales y Edward Gustavo Álvarez Mejía y el subteniente Elkin Leonardo Burgos. Como coautores también fueron imputados el sargento viceprimero José de Jesús Rueda Quintero, el cabo tercero Elkin Rojas y los soldados profesionales Juan Carlos Soto Sepúlveda, el ex geriz Andrés Gó...",,True
CostaCaribe,Yeris Andres Gomez Coronel,161,Auto_125_2021_Norte_Santander.txt; Auto_128_2021_Costa_Caribe.txt; RC_03_2022_Costa_Caribe.txt,"[CLAVE] (Auto_125_2021_Norte_Santander.txt) ...responsabilidad por haber participado en la comisión, a título de coautor, de los delitos de homicidio en persona protegida y desaparición forzada (…)”. Adicionalmente, el compareciente aclaró que si bien reconocía su responsabilidad por los hechos, su rol en el Batallón La Popa se concentró en 12 E X P E D I E N T E : 2 0 1 8 3 4 0 1 6 0 4 0 0 1 4 1 E R A D I C A D O : 2 0 2 1 0 3 0 1 9 0 7 8 actividades de inteligencia, por lo cual estuvo mayormente al margen de los asuntos operacionales. 11) El 9 de agosto de 2021, el señor YERIS ANDRÉS GÓMEZ CORONEL remitió vía correo electróni...","[CLAVE] (Auto_125_2021_Norte_Santander.txt) ...ad por haber participado en la comisión, a título de coautor, de los delitos de homicidio en persona protegida y desaparición forzada (…)”. Adicionalmente, el compareciente aclaró que si bien reconocía su responsabilidad por los hechos, su rol en el Batallón La Popa se concentró en 12 E X P E D I E N T E : 2 0 1 8 3 4 0 1 6 0 4 0 0 1 4 1 E R A D I C A D O : 2 0 2 1 0 3 0 1 9 0 7 8 actividades de inteligencia, por lo cual estuvo mayormente al margen de los asuntos operacionales. 11) El 9 de agosto de 2021, el señor YERIS ANDRÉS GÓMEZ CORONEL remitió vía correo electrónico su escrito...",15,costa_caribe.txt,"[CLAVE] (costa_caribe.txt) ...es para evitar la comisión de estos crímenes. José Pastor Ruiz Maecha, Guillermo Gutiérrez Riveros, Eber Hernán Gómez Naranjo, Efraín Andrade Perea, Manuel Valentín Padilla Espitia, Eduardo Gustavo Álvarez Mejía, Carlos Andrés Lora Cabrales, José de Jesús Rueda Quintero, Elkin Leonardo Burgos Suárez, Juan Carlos Soto Sepúlveda, Yeris Andrés Gómez Coronel, Alex José Mercado Sierra y Elkin Rojas fueron imputados bajo el título de coautores por su participación determinante en estos hechos. Los imputados compartían un propósito común y en tal virtud a partir de una división de funciones tomaron parte en la ejecución de las muertes ilegítimamente presentad...","[CLAVE] (costa_caribe.txt) ...r la comisión de estos crímenes. José Pastor Ruiz Maecha, Guillermo Gutiérrez Riveros, Eber Hernán Gómez Naranjo, Efraín Andrade Perea, Manuel Valentín Padilla Espitia, Eduardo Gustavo Álvarez Mejía, Carlos Andrés Lora Cabrales, José de Jesús Rueda Quintero, Elkin Leonardo Burgos Suárez, Juan Carlos Soto Sepúlveda, Yeris Andrés Gómez Coronel, Alex José Mercado Sierra y Elkin Rojas fueron imputados bajo el título de coautores por su participación determinante en estos hechos. Los imputados compartían un propósito común y en tal virtud a partir de una división de funciones tomaron parte en la ejecución de las muertes ilegítimamente presentadas como bajas...",,True
Dabeiba,Alfonso Romero Buitrago,22,RC-04-2024-dabeiba.txt,(RC-04-2024-dabeiba.txt) ...5 Quintero Flórez Manuel Antonio 1 Teniente Capitán ® 16 Romero Buitrago Alfonso 3 Capitán Capitán ® 17 Triana Lozano Ferney 3 Sargento Segundo Sargento Primero ® Tabla 1 Comparecientes conjuntos del BCG 79 Fuente: Autos de llamamiento a versiones voluntarias/Despachos ARA/NNHCH (a) activo/ ® retirado BRIM 11 (Brigada Móvil 11) # Compareciente Sesiones Grado durante los hechos Grado actual 18 Amor Páez Jorge Alberto 2 Coronel Coronel ® 19 Giraldo Hernández José Dumar* 0 Teniente coronel Coronel (+) Tabla No. 2. Comparecientes conjuntos de la BRIM 11 Fuente: Autos de llamamiento a versiones voluntarias/Despachos ARA/NNHCH * Falle...,"(RC-04-2024-dabeiba.txt) ...rrientos Avendaño; Capitán (r) Alfonso Romero Buitrago; Capitán (r) Manuel Antonio Quintero Flórez; Sargento primero (r), Ferney Triana Lozano; Sargento primero (r), Armando Fonseca Bernal; Soldado profesional (r), Gabriel Jaime Gómez Arenas; Soldado profesional (r), Juan David Aguirre; Soldado profesional (r), Luis Fidel Arenas Rodríguez; Soldado profesional (r), Manuel Darío Mejía Sánchez; Soldado profesional (r), Manuel Esteban Echavarría Julio; Soldado profesional (r), Omar O rlando Buesaquillo Ruiz; Soldado profesional (r), Oswaldo Manuel Arrieta Lara; Soldado profesional (r), Ramiro Agudelo Duque; Soldado profesional (r), Ricardo Manuel Bu...",2,dabeiba_antioquia.txt,"(dabeiba_antioquia.txt) [variante: alfonso romero] ...ullaje, dejándome llevar por la presión de los comandantes, los superiores en esa época y por mi posición de comandante de líder pues me faltó como hice el valor de parar de decir no y por esa situación pues aquí estoy respondiendo aquí ante toda la comunidad, todo el municipio de Adelaide y ante Colombia. Muchas gracias señor Alfonso Romero, muy buenas tardes para todos y para todas, respetuoso saludo para las víctimas, soy Alfonso Romero Buitalago en el año 2004 era comandante de compañía, mi participación o mi responsabilidad es omisión por no haber denunciado oportunamente al señor coronel Amor, comandante de la Brigada Mobile 11 y al coronel coman...","(dabeiba_antioquia.txt) [variante: alfonso romero] ...ición de comandante de líder pues me faltó como hice el valor de parar de decir no y por esa situación pues aquí estoy respondiendo aquí ante toda la comunidad, todo el municipio de Adelaide y ante Colombia. Muchas gracias señor Alfonso Romero, muy buenas tardes para todos y para todas, respetuoso saludo para las víctimas, soy Alfonso Romero Buitalago en el año 2004 era comandante de compañía, mi participación o mi responsabilidad es omisión por no haber denunciado oportunamente al señor coronel Amor, comandante de la Brigada Mobile 11 y al coronel comandante del batallón 79, porque ellos sabían de la penetración desde el momento que se putó la Brigada...",,False
Dabeiba,Carlos Andrés Caravalli,135,Auto_055_2022_Subcaso_Casanare.txt; Auto_125_2021_Norte_Santander.txt; Auto_128_2021_Costa_Caribe.txt; Auto_SRVR_ADHC_03_julio_2023.txt; Auto_SUBD_081_2023_Subcaso_Huila.txt; RC-04-2024-dabeiba.txt; RC_03_2022_Costa_Caribe.txt,"[CLAVE] (Auto_SUBD_081_2023_Subcaso_Huila.txt) ...s patrones, por lo que se le identificará como máximo responsable de los patrones constatados. 1815. Por lo anterior se le atribuirá responsabilidad a título de coautor por los 1982 Jurisdicción Especial para la Paz. Sala de Reconocimiento de Verdad y Responsabilidad. Versión Voluntaria de Fernando Riveros Sarmiento. Expediente Legali Caso 03, Subcaso Huila No. 9002774- 09.2018.0.00.0001/0240. 1983 Jurisdicción Especial para la Paz. Sala de Reconocimiento de Verdad y Responsabilidad. Versión Voluntaria de Omar Oswaldo Ojeda Oliva. Expediente Legali Caso 03, Subcaso Huila No. 9002774- 09.2018.0.00.0001/0479....","[CLAVE] (Auto_SUBD_081_2023_Subcaso_Huila.txt) ...cialmente como oficial de operaciones, luego como Ejecutivo y segundo comandante, se aprecian también bases suficientes para concluir que su liderazgo fue determinante para el surgimiento y la consolidación de los tres patrones macrocriminales identificados por la Sala. Las órdenes que impartió y sus actuaciones fueron aportes esenciales para su diseño, su difusión, su permanencia y su encubrimiento. Ello permite identificar a Duarte Méndez como máximo responsable 1913. Por lo anterior se le atribuirá responsabilidad a título de coautor por los crímenes de desaparición forzada como crimen de lesa humanidad21...",7,costa_caribe.txt; dabeiba_antioquia.txt; huila.txt,"[CLAVE] (dabeiba_antioquia.txt) [variante: carlos andres] ...equipo psicosocial que también le doy las gracias y jurídico me han orientado para resocializarme y hoy en día le pido esa entrada a la sociedad igual que mis compañeros comparecientes, hoy en día estamos preparados para vivir en sociedad. Gracias, gracias. Muy amable, puede sentarse. En ese momento concedo la palabra al señor Carlos Andrés Caravali Ibarra quien es lo máximo responsable. Hola, buenas tardes, primero que todo que la honra sea para Dios en esta tarde, mi nombre es Carlos Andrés Caravali y soy parte del equipo psicosocial de la JEP, fui perteneciente al batallón 79, ascrita la brigada número 11 para la época de estos hechos bochornosos q...","[CLAVE] (dabeiba_antioquia.txt) [variante: carlos andres] ...mis compañeros comparecientes, hoy en día estamos preparados para vivir en sociedad. Gracias, gracias. Muy amable, puede sentarse. En ese momento concedo la palabra al señor Carlos Andrés Caravali Ibarra quien es lo máximo responsable. Hola, buenas tardes, primero que todo que la honra sea para Dios en esta tarde, mi nombre es Carlos Andrés Caravali y soy parte del equipo psicosocial de la JEP, fui perteneciente al batallón 79, ascrita la brigada número 11 para la época de estos hechos bochornosos que se presentaron en este municipio. Presentarme ante ustedes con un corazón arrugado porque por más que vengamos a contarles la verdad, ustedes no podemos...",,False
Dabeiba,Edie Pinzón Turcios,97,Auto_SUBD_062_2023_Antioquia_Montoya.txt; RC-04-2024-dabeiba.txt,[CLAVE] (RC-04-2024-dabeiba.txt) ...cipes determinantes o máximos responsables en el Auto 01 de 2022. ..................................... 56 1. BCG-26 Arhuacos. Mayor (r) Yair Leandro Rodríguez Giraldo .................................. 56 2. BCG-26 Arhuacos. Mayor (r) Hermes Mauricio Alvarado Sáchica ............................ 67 3. BCG-26 Arhuacos. Coronel (r) Edie Pinzón Turcios ..................................................... 77 5. BCG – 79. Sargento segundo (r) Fidel Iván Ochoa Blanco ........................................... 97 6. BCG – 79. Sargento Viceprimero (r) Jaime Coral Trujillo .......................................... 106 7. BCG - 79. Sargento Segundo (r...,"[CLAVE] (RC-04-2024-dabeiba.txt) ...: coronel (r) Edie Pinzón Turcios; mayor (r) Yair Leandro Rodríguez Giraldo; mayor (r) Hermes Mauricio Alvarado Sáchica; mayor (r) Efraín Enrique Prada Correa; sargento primero (r) Jaime Coral Trujillo; sargento viceprimero (r) Fidel Iván Ochoa Blanco; sargento segundo (r) William Andrés Capera Vargas; y soldado profesional (r) Levis de Jesús Contreras Salgado, así como con los 15 comparecientes con participación no determinante o no máximos responsables, remitidos a la Sala de Definición de Situaciones Jurídicas: capitán (r) Alfonso Romero Buitrago; Capitán (r) Manuel Antonio Quintero Flórez; Sargento primero (r), Ferney Triana Lozano; Sargento...",2,dabeiba_antioquia.txt,"[CLAVE] (dabeiba_antioquia.txt) [variante: pinson turcios] ...cho militares para que reconocieran en audiencia pública frente a las víctimas, a la justicia y al mundo, su responsabilidad en estos hechos. Un acto sin precedentes en Antioquia. Se trata de los máximos responsables por jerarquía. Efraín Enrique Prada Correa, excomandante del batallón contra guerrillas 79 Hernando Cómbita. Eddie Pinsón Turcios, excomandante del batallón contra guerrilla 26 Arhuacos. Y dos mayores en retiro, Jair Leandro Rodríguez Giraldo y Hermes Mauricio Alvarado Sáchica. También la jevles atribuye responsabilidad en calidad de máximos responsables por participación determinante a tres sargentos en retiro del batallón contra guerrill...","(dabeiba_antioquia.txt) [variante: pinson turcios] ...rivilegios. Hoy me arrepiento y tengo el remordimiento de haber hecho daño, causado, lastimado a ustedes las víctimas, la vergüenza que les causé por esa mentira de estigmatizar a todas las víctimas, así mismo manchar el nombre de la institución a la cual pertenecí el ejército. A continuación, Jair Leandro. Muchas gracias señor Pinson Turcios, vamos a escuchar a Jair Leandro Rodríguez Giraldo. Buenos días, mi nombre es Jair Leandro Rodríguez Giraldo, para la época de los hechos ante la cual estoy aquí compareciendo, ante la JEP. El grado mío era de deteniente efectivo, perteneciente al batallón de contragarrillas número 26 Aruacos, orgánico de la compa...",,False
Dabeiba,Efraín Enrique Prada Correa,73,RC-04-2024-dabeiba.txt,"[CLAVE] (RC-04-2024-dabeiba.txt) ...) Efraín Enrique Prada Correa; sargento primero (r) Jaime Coral Trujillo; sargento viceprimero (r) Fidel Iván Ochoa Blanco; sargento segundo (r) William Andrés Capera Vargas; y soldado profesional (r) Levis de Jesús Contreras Salgado, así como con los 15 comparecientes con participación no determinante o no máximos responsables, remitidos a la Sala de Definición de Situaciones Jurídicas: capitán (r) Alfonso Romero Buitrago; Capitán (r) Manuel Antonio Quintero Flórez; Sargento primero (r), Ferney Triana Lozano; Sargento primero (r), Armando Fonseca Bernal; Soldado profesional (r), Gabriel Jaime Gómez Arenas; 103 Dispuesta mediante Auto conjunto...","[CLAVE] (RC-04-2024-dabeiba.txt) ...• Sargento viceprimero (r) FIDEL IVÁN OCHOA BLANCO • Sargento segundo (r) WILLIAM ANDRÉS CAPERA VARGAS • Soldado profesional (r) LEVIS DE JESÚS CONTRERAS SALGADO 141. En la BRIM 11 la Sala identificó como máximo responsable al comandante, coronel (r) JORGE ALBERTO AMOR PÁEZ. 142. Finalmente, conforme a lo señalado en los antecedentes, dos de los máximos responsables identificados por la Sala en el Auto 01 de 2022, no reconocieron responsabilidad, estos son, los señores Coronel (r) DAVID HERLEY GUZMÁN RAMÍREZ y el coronel (r) JORGE ALBERTO AMOR PÁEZ, razón por la cual, fueron remitidos a la UIA para lo de su competencia, con el fin de cont...",4,dabeiba_antioquia.txt,"[CLAVE] (dabeiba_antioquia.txt) ...nos llega como una posibilidad de paz y de reconciliación. La jurisdicción llamó a ocho militares para que reconocieran en audiencia pública frente a las víctimas, a la justicia y al mundo, su responsabilidad en estos hechos. Un acto sin precedentes en Antioquia. Se trata de los máximos responsables por jerarquía. Efraín Enrique Prada Correa, excomandante del batallón contra guerrillas 79 Hernando Cómbita. Eddie Pinsón Turcios, excomandante del batallón contra guerrilla 26 Arhuacos. Y dos mayores en retiro, Jair Leandro Rodríguez Giraldo y Hermes Mauricio Alvarado Sáchica. También la jevles atribuye responsabilidad en calidad de máximos responsables p...","[CLAVE] (dabeiba_antioquia.txt) ...y buenas tardes para todos. Un saludo muy especial para los familiares de las víctimas, para los señores magistrados de la justicia especial para la paz, para todo el personal que nos acompaña, entes internacionales, periodistas y comunidad de Abeyba. Me presento en mi calidad de máximo responsable. Mi nombre es Efraín Enrique Prada Correa. Para el momento los hechos era el comandante del batallón de Contrarrillas número 79 perteneciente a la brigada Movil 11 con jurisdicción en el municipio de Abeyba y agregados operacionalmente a la brigada 17. Estuve como comandante del batallón de Contrarrillas 79 desde el 1 de diciembre del 2005 hasta el 25 de oct...",,True
Dabeiba,Fidel Iván Ochoa Blanco,94,RC-04-2024-dabeiba.txt,"[CLAVE] (RC-04-2024-dabeiba.txt) ...viceprimero (r) Fidel Iván Ochoa Blanco; sargento segundo (r) William Andrés Capera Vargas; y soldado profesional (r) Levis de Jesús Contreras Salgado, así como con los 15 comparecientes con participación no determinante o no máximos responsables, remitidos a la Sala de Definición de Situaciones Jurídicas: capitán (r) Alfonso Romero Buitrago; Capitán (r) Manuel Antonio Quintero Flórez; Sargento primero (r), Ferney Triana Lozano; Sargento primero (r), Armando Fonseca Bernal; Soldado profesional (r), Gabriel Jaime Gómez Arenas; 103 Dispuesta mediante Auto conjunto SRVNH-04/00-246 - ARA-132 de 2023 del 17 de abril de 2023. 38 S A L A D E...","[CLAVE] (RC-04-2024-dabeiba.txt) ...DRÉS CAPERA VARGAS • Soldado profesional (r) LEVIS DE JESÚS CONTRERAS SALGADO 141. En la BRIM 11 la Sala identificó como máximo responsable al comandante, coronel (r) JORGE ALBERTO AMOR PÁEZ. 142. Finalmente, conforme a lo señalado en los antecedentes, dos de los máximos responsables identificados por la Sala en el Auto 01 de 2022, no reconocieron responsabilidad, estos son, los señores Coronel (r) DAVID HERLEY GUZMÁN RAMÍREZ y el coronel (r) JORGE ALBERTO AMOR PÁEZ, razón por la cual, fueron remitidos a la UIA para lo de su competencia, con el fin de continuar el trámite adversarial ante la Sección con Ausencia de Reconocimiento de Verdad...",7,dabeiba_antioquia.txt,"[CLAVE] (dabeiba_antioquia.txt) ...batallón contra guerrilla 26 Arhuacos. Y dos mayores en retiro, Jair Leandro Rodríguez Giraldo y Hermes Mauricio Alvarado Sáchica. También la jevles atribuye responsabilidad en calidad de máximos responsables por participación determinante a tres sargentos en retiro del batallón contra guerrilla 79. William Andreska Pera Vargas, Fidel Iván Ochoa Blanco y Jaime Coral Trujillo. Y a un soldado profesional en retiro, Ledis de Jesús Contreras Salgado. Ellos harán su reconocimiento de responsabilidad en Dabeiba y Medellín, Antioquia. Por su parte, los coroneles en retiro del ejército de Colombia que no aceptaron su responsabilidad tendrán que enfrentar sus...","[CLAVE] (dabeiba_antioquia.txt) .... Y por mi parte pues como le digo es enterrar la verdad en estos cementerios. No sé si mis colegas tienen alguna pregunta, alguna observación. Muchas gracias señor Capela. En este momento convoco al estrado al señor Fidel Ochoa. Cordial saludo, señores magistrados, familiares de las víctimas y todos los presentes. Mi nombre es Fidel Iván Ochoa Blanco, Sargento Viceprimero Retirado. Para la época de los hechos me desempeñaba como comandante de pelotón. Soy máximo responsable. El día de hoy estoy aquí en esta audiencia pública reconociendo los hechos victimizantes por los cuales comparezco ante la JEP. En los 20 años que pertenecí al ejército tuve la op...",,True
Dabeiba,Hermes Mauricio Alvarado,66,RC-04-2024-dabeiba.txt,[CLAVE] (RC-04-2024-dabeiba.txt) ...de responsabilidad de las personas a quienes se les atribuyó responsabilidad en calidad de partícipes determinantes o máximos responsables en el Auto 01 de 2022. ..................................... 56 1. BCG-26 Arhuacos. Mayor (r) Yair Leandro Rodríguez Giraldo .................................. 56 2. BCG-26 Arhuacos. Mayor (r) Hermes Mauricio Alvarado Sáchica ............................ 67 3. BCG-26 Arhuacos. Coronel (r) Edie Pinzón Turcios ..................................................... 77 5. BCG – 79. Sargento segundo (r) Fidel Iván Ochoa Blanco ........................................... 97 6. BCG – 79. Sargento Viceprimero (r) Jaim...,"[CLAVE] (RC-04-2024-dabeiba.txt) ...mayor (r) Hermes Mauricio Alvarado Sáchica; mayor (r) Efraín Enrique Prada Correa; sargento primero (r) Jaime Coral Trujillo; sargento viceprimero (r) Fidel Iván Ochoa Blanco; sargento segundo (r) William Andrés Capera Vargas; y soldado profesional (r) Levis de Jesús Contreras Salgado, así como con los 15 comparecientes con participación no determinante o no máximos responsables, remitidos a la Sala de Definición de Situaciones Jurídicas: capitán (r) Alfonso Romero Buitrago; Capitán (r) Manuel Antonio Quintero Flórez; Sargento primero (r), Ferney Triana Lozano; Sargento primero (r), Armando Fonseca Bernal; Soldado profesional (r), Gabriel Jaime...",8,dabeiba_antioquia.txt,"[CLAVE] (dabeiba_antioquia.txt) ...hos. Un acto sin precedentes en Antioquia. Se trata de los máximos responsables por jerarquía. Efraín Enrique Prada Correa, excomandante del batallón contra guerrillas 79 Hernando Cómbita. Eddie Pinsón Turcios, excomandante del batallón contra guerrilla 26 Arhuacos. Y dos mayores en retiro, Jair Leandro Rodríguez Giraldo y Hermes Mauricio Alvarado Sáchica. También la jevles atribuye responsabilidad en calidad de máximos responsables por participación determinante a tres sargentos en retiro del batallón contra guerrilla 79. William Andreska Pera Vargas, Fidel Iván Ochoa Blanco y Jaime Coral Trujillo. Y a un soldado profesional en retiro, Ledis de Jesús...","[CLAVE] (dabeiba_antioquia.txt) ...ero no valió la pena porque hubo una persona que murió ahí y eso tiene que ser ejemplo, tiene que ser ejemplo para los militares y para todos. Si hay una pérdida de vida inocente no vale la pena lo que esté por venir o lo que se haya hecho. Hoy regreso a Dabeiba, veo una imagen diferente, ya no es la estigmatización. Soy Hermes Mauricio Alvarado Sáchica y vengo a limpiar la memoria de Dixon-Alexander Lezcano Hurtado porque era un campesino, no era un guerrillero. Muchas gracias señor Hermes Alvarado. Se han dicho cosas muy importantes y muy emotivas en este momento de intervenciones de tres personas que han sido categorizadas como máximo responsables d...",,True
Dabeiba,Jaime Coral Trujillo,134,RC-04-2024-dabeiba.txt,"[CLAVE] (RC-04-2024-dabeiba.txt) ...nto primero (r) Jaime Coral Trujillo; sargento viceprimero (r) Fidel Iván Ochoa Blanco; sargento segundo (r) William Andrés Capera Vargas; y soldado profesional (r) Levis de Jesús Contreras Salgado, así como con los 15 comparecientes con participación no determinante o no máximos responsables, remitidos a la Sala de Definición de Situaciones Jurídicas: capitán (r) Alfonso Romero Buitrago; Capitán (r) Manuel Antonio Quintero Flórez; Sargento primero (r), Ferney Triana Lozano; Sargento primero (r), Armando Fonseca Bernal; Soldado profesional (r), Gabriel Jaime Gómez Arenas; 103 Dispuesta mediante Auto conjunto SRVNH-04/00-246 - ARA-132 de 2023 d...","[CLAVE] (RC-04-2024-dabeiba.txt) ...N OCHOA BLANCO • Sargento segundo (r) WILLIAM ANDRÉS CAPERA VARGAS • Soldado profesional (r) LEVIS DE JESÚS CONTRERAS SALGADO 141. En la BRIM 11 la Sala identificó como máximo responsable al comandante, coronel (r) JORGE ALBERTO AMOR PÁEZ. 142. Finalmente, conforme a lo señalado en los antecedentes, dos de los máximos responsables identificados por la Sala en el Auto 01 de 2022, no reconocieron responsabilidad, estos son, los señores Coronel (r) DAVID HERLEY GUZMÁN RAMÍREZ y el coronel (r) JORGE ALBERTO AMOR PÁEZ, razón por la cual, fueron remitidos a la UIA para lo de su competencia, con el fin de continuar el trámite adversarial ante la...",4,dabeiba_antioquia.txt,"[CLAVE] (dabeiba_antioquia.txt) ...26 Arhuacos. Y dos mayores en retiro, Jair Leandro Rodríguez Giraldo y Hermes Mauricio Alvarado Sáchica. También la jevles atribuye responsabilidad en calidad de máximos responsables por participación determinante a tres sargentos en retiro del batallón contra guerrilla 79. William Andreska Pera Vargas, Fidel Iván Ochoa Blanco y Jaime Coral Trujillo. Y a un soldado profesional en retiro, Ledis de Jesús Contreras Salgado. Ellos harán su reconocimiento de responsabilidad en Dabeiba y Medellín, Antioquia. Por su parte, los coroneles en retiro del ejército de Colombia que no aceptaron su responsabilidad tendrán que enfrentar sus procesos en la unidad de i...","[CLAVE] (dabeiba_antioquia.txt) ...huacos. Y dos mayores en retiro, Jair Leandro Rodríguez Giraldo y Hermes Mauricio Alvarado Sáchica. También la jevles atribuye responsabilidad en calidad de máximos responsables por participación determinante a tres sargentos en retiro del batallón contra guerrilla 79. William Andreska Pera Vargas, Fidel Iván Ochoa Blanco y Jaime Coral Trujillo. Y a un soldado profesional en retiro, Ledis de Jesús Contreras Salgado. Ellos harán su reconocimiento de responsabilidad en Dabeiba y Medellín, Antioquia. Por su parte, los coroneles en retiro del ejército de Colombia que no aceptaron su responsabilidad tendrán que enfrentar sus procesos en la unidad de investi...",,True
Dabeiba,Levis de Jesús Contreras,44,RC-04-2024-dabeiba.txt,"[CLAVE] (RC-04-2024-dabeiba.txt) ...ofesional (r) Levis de Jesús Contreras Salgado, así como con los 15 comparecientes con participación no determinante o no máximos responsables, remitidos a la Sala de Definición de Situaciones Jurídicas: capitán (r) Alfonso Romero Buitrago; Capitán (r) Manuel Antonio Quintero Flórez; Sargento primero (r), Ferney Triana Lozano; Sargento primero (r), Armando Fonseca Bernal; Soldado profesional (r), Gabriel Jaime Gómez Arenas; 103 Dispuesta mediante Auto conjunto SRVNH-04/00-246 - ARA-132 de 2023 del 17 de abril de 2023. 38 S A L A D E R E C O N O C I M I E N T O D E V E R D A D, D E R E S P O N S A B I L I D A D Y D E D E T E R...","[CLAVE] (RC-04-2024-dabeiba.txt) ...ala identificó como máximo responsable al comandante, coronel (r) JORGE ALBERTO AMOR PÁEZ. 142. Finalmente, conforme a lo señalado en los antecedentes, dos de los máximos responsables identificados por la Sala en el Auto 01 de 2022, no reconocieron responsabilidad, estos son, los señores Coronel (r) DAVID HERLEY GUZMÁN RAMÍREZ y el coronel (r) JORGE ALBERTO AMOR PÁEZ, razón por la cual, fueron remitidos a la UIA para lo de su competencia, con el fin de continuar el trámite adversarial ante la Sección con Ausencia de Reconocimiento de Verdad y Responsabilidad de Hechos y Conductas. E. Evaluación del aporte de verdad y reconocimiento de resp...",2,dabeiba_antioquia.txt,"[CLAVE] (dabeiba_antioquia.txt) ...y Hermes Mauricio Alvarado Sáchica. También la jevles atribuye responsabilidad en calidad de máximos responsables por participación determinante a tres sargentos en retiro del batallón contra guerrilla 79. William Andreska Pera Vargas, Fidel Iván Ochoa Blanco y Jaime Coral Trujillo. Y a un soldado profesional en retiro, Ledis de Jesús Contreras Salgado. Ellos harán su reconocimiento de responsabilidad en Dabeiba y Medellín, Antioquia. Por su parte, los coroneles en retiro del ejército de Colombia que no aceptaron su responsabilidad tendrán que enfrentar sus procesos en la unidad de investigación y acusación, la Fiscalía de la JEP. Ellos son Jorge Albe...","(dabeiba_antioquia.txt) ...que él y sus lanzas militares cometieron. Aunada a esa investigación, la JEP continuó haciendo historia y obtuvo las contribuciones de verdad de los sargentos retirados del ejército, Fidel Iván Ochoa Blanco y Jaime Coral Trujillo. Sus contundentes revelaciones fueron complementadas con los aportes del soldado profesional Leris de Jesús Contreras Salgado. Tras contrastar la información allegada por estos cuatro militares del estado colombiano, la sección de ausencia de reconocimiento de verdad de la JEP decretó una medida cautelar para proteger el cementerio de Las Mercedes. Con base en esta información, la JEP le ordenó a su equipo forense intervenir e...",,True
Dabeiba,Luis Fidel Arenas Rodríguez,30,RC-04-2024-dabeiba.txt,"[CLAVE] (RC-04-2024-dabeiba.txt) ...o primero (r) Ferney TRIANA LOZANO; del capitán (r) Manuel Antonio QUINTERO FLÓREZ; y del intendente jefe de la policía Nacional (r) Guillermo CHÁVEZ LARA. 137 JEP. Tribunal para la Paz. Sección de Apelaciones. Sentencia Interpretativa. TP-SA-Senit 5 de 2023. Párr. 87 138 JEP. Salas de Justicia. Auto No. 01 del 11 de julio de 2022. Núm. 647. 51 S A L A D E R E C O N O C I M I E N T O D E V E R D A D, D E R E S P O N S A B I L I D A D Y D E D E T E R M I N A C I Ó N D E L O S H E C H O S Y C O N D U C T A S ordinaria. Lo definitorio en la selección de los máximos responsables es el papel que desempeñó el compareciente...","[CLAVE] (RC-04-2024-dabeiba.txt) ...) Ferney TRIANA LOZANO; del capitán (r) Manuel Antonio QUINTERO FLÓREZ; y del intendente jefe de la policía Nacional (r) Guillermo CHÁVEZ LARA. 137 JEP. Tribunal para la Paz. Sección de Apelaciones. Sentencia Interpretativa. TP-SA-Senit 5 de 2023. Párr. 87 138 JEP. Salas de Justicia. Auto No. 01 del 11 de julio de 2022. Núm. 647. 51 S A L A D E R E C O N O C I M I E N T O D E V E R D A D, D E R E S P O N S A B I L I D A D Y D E D E T E R M I N A C I Ó N D E L O S H E C H O S Y C O N D U C T A S ordinaria. Lo definitorio en la selección de los máximos responsables es el papel que desempeñó el compareciente en la config...",4,dabeiba_antioquia.txt,"(dabeiba_antioquia.txt) ...funcione en ese tiempo como Sargento Segundo hoy vengo a reconocer mi responsabilidad ante ustedes por los hechos que ocurrieron el 27 de diciembre 2005 y el 3 de julio 2006 reconozco que pude haber evitado estos dos hechos, no lo hice tenía mando, tenía cargo y pude haberlo hecho y no lo hice gracias Gracias señor Luis Fidel Arenas Rodríguez Buenas tardes especialmente para los familiares de las víctimas los magistrados, magistradas y todos aquí presentes mi nombre es Luis Fidel Arenas Rodríguez fui orgánico de la brigada móvil 11, batallón 79 de la compañía Canada para los hechos me presté como reclutador para traer personas de Medellín hacia el mun...","(dabeiba_antioquia.txt) ...l 3 de julio 2006 reconozco que pude haber evitado estos dos hechos, no lo hice tenía mando, tenía cargo y pude haberlo hecho y no lo hice gracias Gracias señor Luis Fidel Arenas Rodríguez Buenas tardes especialmente para los familiares de las víctimas los magistrados, magistradas y todos aquí presentes mi nombre es Luis Fidel Arenas Rodríguez fui orgánico de la brigada móvil 11, batallón 79 de la compañía Canada para los hechos me presté como reclutador para traer personas de Medellín hacia el municipio de Dabeiba en el municipio de El Cuevo de Dabeiba de esos hechos dos jóvenes lo recluté por cerca al parque por el centro y otro a los alrededor de la...",,False
Dabeiba,Ricardo Manuel Buelvas Lozano,24,Auto_055_2022_Subcaso_Casanare.txt; RC-04-2024-dabeiba.txt,"[CLAVE] (RC-04-2024-dabeiba.txt) ...anuel Antonio Quintero Flórez y Ricardo Manuel Buelvas Lozano; y de manera directa, el compareciente Omar Orlando Buesaquillo Ru iz y el compareciente Ferney Triana Lozano, en calidad de no recurrentes, remitieron respue sta a los argumentos manifestados por el apelante. 71. Mediante providencia del 17 de mayo de 2023, la Sección de Apelación se pronunció frente al recurso de apelación presentado por el Ministerio Público en contra del Auto 01 del 11 de julio de 2022 y resolvió confirmar el ordinal séptimo del auto recurrido, por medio del cual se remitió a la Sala de Definición de Situaciones Jurídicas un listado de 17 comparecientes catalog...","[CLAVE] (RC-04-2024-dabeiba.txt) ...anuel Antonio Quintero Flórez y Ricardo Manuel Buelvas Lozano; y de manera directa, el compareciente Omar Orlando Buesaquillo Ru iz y el compareciente Ferney Triana Lozano, en calidad de no recurrentes, remitieron respue sta a los argumentos manifestados por el apelante. 71. Mediante providencia del 17 de mayo de 2023, la Sección de Apelación se pronunció frente al recurso de apelación presentado por el Ministerio Público en contra del Auto 01 del 11 de julio de 2022 y resolvió confirmar el ordinal séptimo del auto recurrido, por medio del cual se remitió a la Sala de Definición de Situaciones Jurídicas un listado de 17 comparecientes catalog...",2,dabeiba_antioquia.txt,"[CLAVE] (dabeiba_antioquia.txt) [variante: ricardo manuel] ...er encontrarme con la señora Rubiela y con sus hijas y poderle expresar mi perdón, que ellas con su buen corazón, un corazón noble, sincero me supieron perdonar y quiero decir que pedirle a Dios que estoy más arrepentido de todo el mal que les causé, gracias. Muchas gracias, vamos a escuchar al señor Gabriel Jaime Gómez Arenas, Ricardo Manuel Vuelva Lozano. Buenos días a todos los presentes, en especial a las víctimas, mi nombre es Ricardo Manuel Vuelva Lozano, fui soldado profesional del batallón de contraguerrillas 79 de la brigada móvil 11, hoy me encuentro aquí como compareciente ante la JEP, no estoy catalogado como máximo responsable pero eso no...","[CLAVE] (dabeiba_antioquia.txt) [variante: ricardo manuel] ...orazón, un corazón noble, sincero me supieron perdonar y quiero decir que pedirle a Dios que estoy más arrepentido de todo el mal que les causé, gracias. Muchas gracias, vamos a escuchar al señor Gabriel Jaime Gómez Arenas, Ricardo Manuel Vuelva Lozano. Buenos días a todos los presentes, en especial a las víctimas, mi nombre es Ricardo Manuel Vuelva Lozano, fui soldado profesional del batallón de contraguerrillas 79 de la brigada móvil 11, hoy me encuentro aquí como compareciente ante la JEP, no estoy catalogado como máximo responsable pero eso no quiere decir que no sea responsable de todos estos hechos tan atroces y vergonzosos que sucedieron, hoy me...",,False
Dabeiba,William Andrés Capera,424,Auto_SUBD_081_2023_Subcaso_Huila.txt; RC-04-2024-dabeiba.txt,"[CLAVE] (Auto_SUBD_081_2023_Subcaso_Huila.txt) ...ció en su versión voluntaria que en el caso de las muertes fuera de combate era necesario hacer una orden de operaciones que fuera firmada también por el comandante del pelotón que realizaba la operación como un medio para legalizar la baja y constatar la existencia de informaciones previas,2172 por lo que el mayor Álvarez como S3 y el Capitán Carvajal como S2 acudían al lugar de los hechos para hacerla firmar.2173 1955. Capera Vargas recordó, por ejemplo, que para el hecho del 17 de enero de 2008 en el que fue dado de baja el señor Ever Urquina Rojas, él en calidad de comandante del segundo pelotón de la compañía Azteca recibió y...","[CLAVE] (Auto_SUBD_081_2023_Subcaso_Huila.txt) ...nto a través de las órdenes que impartía como de las actuaciones realizadas, su rol sirvió para que se mantuvieran en marcha los tres patrones macrocriminales que la Sala ha identificado.2196 Es claro que sus aportes fueron esenciales para su diseño, su difusión, su permanencia y su encubrimiento. Ello permite calificarlo como máximo responsable. 1974. En virtud de lo anterior se le atribuirá responsabilidad a título de coautor por los crímenes de desaparición forzada como crimen de lesa humanidad2197 de Álvaro Hernando Ramírez Falla, Juan Diego Martínez Peña, Miller Andrés Blandón Álvarez, Ever Urquina Rojas, Alber...",3,dabeiba_antioquia.txt,"[CLAVE] (dabeiba_antioquia.txt) [variante: william andres] ...nsón Turcios, excomandante del batallón contra guerrilla 26 Arhuacos. Y dos mayores en retiro, Jair Leandro Rodríguez Giraldo y Hermes Mauricio Alvarado Sáchica. También la jevles atribuye responsabilidad en calidad de máximos responsables por participación determinante a tres sargentos en retiro del batallón contra guerrilla 79. William Andreska Pera Vargas, Fidel Iván Ochoa Blanco y Jaime Coral Trujillo. Y a un soldado profesional en retiro, Ledis de Jesús Contreras Salgado. Ellos harán su reconocimiento de responsabilidad en Dabeiba y Medellín, Antioquia. Por su parte, los coroneles en retiro del ejército de Colombia que no aceptaron su responsabili...","(dabeiba_antioquia.txt) [variante: william andres] ...scobar me escribió, un saludo para las víctimas, me dice mis saludos a las víctimas, mi total respeto por su valentía, fortaleza y coraje hasta el final. He estado pegado desde las 8 de la mañana viéndolas. Mi admiración y agradecimiento las llevo en el corazón y eso no termina acá. En este momento invitamos al estrado al señor William Andrés Caperna. Buenas tardes, magistratura, buenas tardes, magistratura, personal del equipo de la jurisdicción especial para la paz, las organizaciones nacionales y internacionales que nos acompañan y el equipo de prensa que nos colabora para esta transmisión. Pero el saludo principal es para las familias de las víctim...",,False
Dabeiba,Yair Leandro Rodríguez,92,Auto_SUBD_062_2023_Antioquia_Montoya.txt; RC-04-2024-dabeiba.txt,[CLAVE] (RC-04-2024-dabeiba.txt) .......................................... 52 (ii) Valoración de los aportes de verdad y reconocimientos de responsabilidad de las personas a quienes se les atribuyó responsabilidad en calidad de partícipes determinantes o máximos responsables en el Auto 01 de 2022. ..................................... 56 1. BCG-26 Arhuacos. Mayor (r) Yair Leandro Rodríguez Giraldo .................................. 56 2. BCG-26 Arhuacos. Mayor (r) Hermes Mauricio Alvarado Sáchica ............................ 67 3. BCG-26 Arhuacos. Coronel (r) Edie Pinzón Turcios ..................................................... 77 5. BCG – 79. Sargento segundo (r) Fidel Iván...,"[CLAVE] (RC-04-2024-dabeiba.txt) ...os; mayor (r) Yair Leandro Rodríguez Giraldo; mayor (r) Hermes Mauricio Alvarado Sáchica; mayor (r) Efraín Enrique Prada Correa; sargento primero (r) Jaime Coral Trujillo; sargento viceprimero (r) Fidel Iván Ochoa Blanco; sargento segundo (r) William Andrés Capera Vargas; y soldado profesional (r) Levis de Jesús Contreras Salgado, así como con los 15 comparecientes con participación no determinante o no máximos responsables, remitidos a la Sala de Definición de Situaciones Jurídicas: capitán (r) Alfonso Romero Buitrago; Capitán (r) Manuel Antonio Quintero Flórez; Sargento primero (r), Ferney Triana Lozano; Sargento primero (r), Armando Fonseca B...",3,dabeiba_antioquia.txt,"[CLAVE] (dabeiba_antioquia.txt) ...do, su responsabilidad en estos hechos. Un acto sin precedentes en Antioquia. Se trata de los máximos responsables por jerarquía. Efraín Enrique Prada Correa, excomandante del batallón contra guerrillas 79 Hernando Cómbita. Eddie Pinsón Turcios, excomandante del batallón contra guerrilla 26 Arhuacos. Y dos mayores en retiro, Jair Leandro Rodríguez Giraldo y Hermes Mauricio Alvarado Sáchica. También la jevles atribuye responsabilidad en calidad de máximos responsables por participación determinante a tres sargentos en retiro del batallón contra guerrilla 79. William Andreska Pera Vargas, Fidel Iván Ochoa Blanco y Jaime Coral Trujillo. Y a un soldado pro...","(dabeiba_antioquia.txt) ...remordimiento de haber hecho daño, causado, lastimado a ustedes las víctimas, la vergüenza que les causé por esa mentira de estigmatizar a todas las víctimas, así mismo manchar el nombre de la institución a la cual pertenecí el ejército. A continuación, Jair Leandro. Muchas gracias señor Pinson Turcios, vamos a escuchar a Jair Leandro Rodríguez Giraldo. Buenos días, mi nombre es Jair Leandro Rodríguez Giraldo, para la época de los hechos ante la cual estoy aquí compareciendo, ante la JEP. El grado mío era de deteniente efectivo, perteneciente al batallón de contragarrillas número 26 Aruacos, orgánico de la compañía Bravo, comandante del segundo pelotó...",,True
Huila,Angel Fernando Carvajal Rojas,291,Auto_SUBD_081_2023_Subcaso_Huila.txt,"[CLAVE] (Auto_SUBD_081_2023_Subcaso_Huila.txt) ...Versión Voluntaria de Carlos Hernán Rodríguez Vera. Expediente Legali Caso 03, Subcaso Huila No. 9002774- 09.2018.0.00.0001/0244. 710 de 850 E X P E D I E N T E : 2 0 1 8 3 4 0 1 6 0 4 0 0 1 4 1 E R A D I C A D O : 2 0 2 3 0 3 0 3 3 2 3 4 y a pesar de ello procuró la constitución y puesta en marcha de los tres patrones macrocriminales. 2004. De conformidad con lo expuesto, se tiene que el señor Ángel Fernando Carvajal Rojas, en calidad de Oficial de Inteligencia del BIMAG, contó con liderazgo frente a la consolidación de los patrones identificados por la Sala. La información dispo...",(Auto_SUBD_081_2023_Subcaso_Huila.txt) ...jurídica de la conducta del compareciente. 5.5. Mayor (r) Francisco Adrián Álvarez Calderón. 5.5.1. Involucramiento en la ejecución de los patrones criminales. 5.5.2. Aportes esenciales del compareciente a los patrones determinados por la Sala. 686 5.5.3. Calificación jurídica de la conducta del compareciente. 5.6. Mayor (r) Ángel Fernando Carvajal Rojas. 5.6.1. Involucramiento en la ejecución de los patrones criminales. 5.6.2. Aportes esenciales del compareciente patrones determinados por la Sala. 701 5.6.3. Calificación jurídica de la conducta del compareciente. 5.7. Mayor Félix Juan Carlos Araque Leal. 5.7.1. Involucra...,3,huila.txt,"[CLAVE] (huila.txt) ...se padre y a esa madre de ustedes que nosotros como victimarios las arrebatamos sus hijos. Que sea este momento para pedirle que en la creencia que sea ese nuestro Señor Jesucristo que nos de fortaleza y nos ayuda a reparar esos daños que nosotros cometimos que con el apoyo nuestro estamos dispuestos a resarcirlos. Mi nombre es Ángel Fernando Carvajal Rojas, fui integrante del Patallón de Infantería número 27 Magdalena como máximos responsables, quiero decir los nombres de todas las víctimas que fueron identificadas dentro del tercer patrón macro criminal, es decir, de quienes fueron asesinados en operaciones desarrolladas contra supuestos, miembros de...","[CLAVE] (huila.txt) ...a madre de ustedes que nosotros como victimarios las arrebatamos sus hijos. Que sea este momento para pedirle que en la creencia que sea ese nuestro Señor Jesucristo que nos de fortaleza y nos ayuda a reparar esos daños que nosotros cometimos que con el apoyo nuestro estamos dispuestos a resarcirlos. Mi nombre es Ángel Fernando Carvajal Rojas, fui integrante del Patallón de Infantería número 27 Magdalena como máximos responsables, quiero decir los nombres de todas las víctimas que fueron identificadas dentro del tercer patrón macro criminal, es decir, de quienes fueron asesinados en operaciones desarrolladas contra supuestos, miembros de la delincuenci...",,True
Huila,Annuar Herrera Osorio,68,Auto_SUBD_081_2023_Subcaso_Huila.txt,"[CLAVE] (Auto_SUBD_081_2023_Subcaso_Huila.txt) ...azgo 1745. Por lo anterior se le atribuirá responsabilidad a título de coautor por los crímenes de desaparición forzada como crimen de lesa humanidad1907 de Nidio Perdomo Triviño; en concurso con el crimen de guerra de homicidio en persona protegida y el crimen de asesinato como crimen de lesa humanidad1908 de diez personas, Nidio Perdomo Triviño, Rigo Tovar Pinto, Gonzalo Bermúdez Chaux, Jhon Germán Vargas Calderón, Omar Penagos Urquina, Luis Ángel Vallejo Vargas, Jair Hoyos Alzate, Álvaro Marín Silva, Elio Delio Velasco y Jhon Jairo Zúñiga Gómez. 4.14. Soldado Profesional (r) Roberto Y...","[CLAVE] (Auto_SUBD_081_2023_Subcaso_Huila.txt) ...1745. Por lo anterior se le atribuirá responsabilidad a título de coautor por los crímenes de desaparición forzada como crimen de lesa humanidad1907 de Nidio Perdomo Triviño; en concurso con el crimen de guerra de homicidio en persona protegida y el crimen de asesinato como crimen de lesa humanidad1908 de diez personas, Nidio Perdomo Triviño, Rigo Tovar Pinto, Gonzalo Bermúdez Chaux, Jhon Germán Vargas Calderón, Omar Penagos Urquina, Luis Ángel Vallejo Vargas, Jair Hoyos Alzate, Álvaro Marín Silva, Elio Delio Velasco y Jhon Jairo Zúñiga Gómez. 4.14. Soldado Profesional (r) Roberto Yesid Qu...",1,huila.txt,"[CLAVE] (huila.txt) ...s los seres queridos por el que yo emotivo, que no éramos justos, nosotros siento el ejército para cuidarlos, nos volvimos porque me siento avergüenza y deshonrado de yo mismo y de mi familia. Muchas gracias. A continuación, llamaremos a comparecientes que no fueron determinados como máximos responsables. Iniciará el señor Ánuar Herrera Osorio. Buenas tardes, en especial para las víctimas, señores magistrados, personal de victimarios, personal que se encuentra en el recinto. Mi nombre es Anu Arrerrera Osorio. Llegué desde Grados Sargento Segundo al Batallón de Infantería Piguansa el 3 de enero de 2008. Después de casi 13 años de institución. Me retiré...",,,True
Huila,Aris Ramirez Campos,0,,,,2,huila.txt,"[CLAVE] (huila.txt) ...que no daban resultados, eso no cabía y nosotros hicimos parte de eso, no supimos manejar esa presión y por el contrario caímos también en esa presión y fuimos partícipes de todos los resultados mal habidos de esos delitos que se cometieron de esos asesinatos en estado de indefensión. Muchas gracias. A continuación el señor Ari Ramírez Campos. Esperamos que fuéramos puntuales porque estamos un poco más de tiempo. Buenos días a todas y a todos. Un saludo muy respetuoso a las familias de las víctimas, señores magistrados y demás asistentes el día de hoy. Mi nombre es Ari Ramírez Campos, comparecí en Teno Máximo, ante la JEP. Para la época de los hechos m...","[CLAVE] (huila.txt) ...os asesinatos en estado de indefensión. Muchas gracias. A continuación el señor Ari Ramírez Campos. Esperamos que fuéramos puntuales porque estamos un poco más de tiempo. Buenos días a todas y a todos. Un saludo muy respetuoso a las familias de las víctimas, señores magistrados y demás asistentes el día de hoy. Mi nombre es Ari Ramírez Campos, comparecí en Teno Máximo, ante la JEP. Para la época de los hechos me desempeñaba como soldado profesional del acorazado 3, batallón Piguansa. Para los años 2003, 2006, 2008, en la época que pasaron los los asesinatos de mi pelotón, la corazao 3, me desempeñaba como enfermero. Mi función era modificar la escena d...",,False
Huila,Cesar Augusto Vasquez Ordoñez,213,Auto_055_2022_Subcaso_Casanare.txt; Auto_SUBD_062_2023_Antioquia_Montoya.txt; Auto_SUBD_081_2023_Subcaso_Huila.txt; sentencia-TP-SeRVR-RC-ST-001-2025-caso01-farc.txt; sentencia-TP-SeRVR-RC-ST-001-2025-caso03-catatumbo-compressed.txt; sentencia-TP-SeRVR-RC-ST-002-2025-costa-caribe.txt; sentencia-interpretativa-SENIT-8-2025-reparacion.txt,"[CLAVE] (sentencia-interpretativa-SENIT-8-2025-reparacion.txt) ...LP Humberto Rojas Triana. Y, los siguientes como de “Responsabilidad menor”, en tanto “no ostentaron un rol determinante en la conducta, ni participaron directamente en su comisión”: SLP (R) Romanely Barbosa Reinales; SLP (R) Jorge Andrés Restrepo Henao; SLP (R) César Augusto Correa León; SLP Erwin Salamanca Amórtegui. 20 El compareciente SERNA MOSQUERA fue condenado a una pena de 34 años de prisión por la JPO al ser declarado coautor de los delitos de homicidio agravado en concurso homogéneo de una menor y un joven indígenas pertenecientes a las comunidades Wiwa y Kankuam o respectivamente, concierto para delinquir y falso testimonio. Proceso...","[CLAVE] (Auto_055_2022_Subcaso_Casanare.txt) ...s procedados, por tal razón, el 20 de junuo de 2012 el Tribunal Superior de Yopal la revocó, y en su lugar, condenó al compareciente a la pena principal de 480 meses de prisión y multa de 19.687.5 salarios mínimos legales mensuales vigentes, así como la inhabilitación para el ejercicio de derechos y funciones públicas por el término de 127 meses, como coautor de las conductas punibles de secuestro simple agravado, homicidio agravado, fabricación, tráfico y porte de armas de fuego o municiones, destrucción, supresión u ocultamiento de documento público y fraude procesal y autor material del punible de falsedad ideológica en documento público. Contr...",2,huila.txt,"[CLAVE] (huila.txt) ...requieran. Me comprometo ante la justicia especial para la paz y ante ustedes las víctimas a la restauración con los tóbar, si ustedes me lo permiten. Muchas gracias. A continuación, el compareciente no máximo responsable, César Augusto Vázquez Ordoñez. Muy buenas tardes, señores magistrados, señores víctimas y victimarios. Soy César Augusto Vasquez Ordóñez. Me desempeñé en el batallón de infantería número 27 Magdalena como soldado. Del 2005 al 2008. Los hechos que voy a mencionar. Estoy aquí para aceptar mi responsabilidad, mi participación en los crímenes de lesa humanidad, en crímenes de guerra, en personas protegidas por haber ocultado documentació...","[CLAVE] (huila.txt) ...comprometo ante la justicia especial para la paz y ante ustedes las víctimas a la restauración con los tóbar, si ustedes me lo permiten. Muchas gracias. A continuación, el compareciente no máximo responsable, César Augusto Vázquez Ordoñez. Muy buenas tardes, señores magistrados, señores víctimas y victimarios. Soy César Augusto Vasquez Ordóñez. Me desempeñé en el batallón de infantería número 27 Magdalena como soldado. Del 2005 al 2008. Los hechos que voy a mencionar. Estoy aquí para aceptar mi responsabilidad, mi participación en los crímenes de lesa humanidad, en crímenes de guerra, en personas protegidas por haber ocultado documentación. Mi particip...",,True
Huila,Divar Juspian Jimenez,0,,,,1,huila.txt,"(huila.txt) ...información que lo requieran, aquí voy a estar presente y disponible. Muchas gracias por haber tenido la oportunidad de pararme aquí ante las víctimas y ante la gente, ponerle la cara a las víctimas, que no debía hacer eso porque no tengo cara para ponerles a las víctimas. Muchas gracias. A continuación, el compareciente Dibar Juspian Jiménez. tardes, un saludo muy especial para las víctimas que nos acompañan este día hoy, a los señores magistrados, a los señores comparecientes y demás personal en general que encuentran este auditorio. Mi nombre es Tibar Husby Angiménez, en las épocas de los años 2005 al 2008 me desempeñaba como soldado profesional de...",,,False
Huila,Fabian Fermin Durango de la Cruz,0,,,,1,huila.txt,"[CLAVE] (huila.txt) ...iría que muy muy concretos y ahora vamos a seguir con los máximos y los no máximos, vamos a trabajar hasta los nueve máximos, hacemos el almuerzo, luego los por favor. Gracias su señoría. Buenos días señores y señoras víctimas, a los señores magistrados, entes gubernamentales y personas presentes en esta audiencia. Mi nombre es Fabián Fermín Durango de la Cruz, tenía el grado de sargento segundo del Ejército Nacional perteneciente al batallón de infantería número 27 mandalena para los años 2008-2010. Estoy aquí frente a ustedes, señores víctimas, señores magistrados y Colombia<|ar|>? Para aceptar mi responsabilidad en los asesinatos de los señores José...",,,False
Huila,Fabio Nelson Rodriguez Barrera,6,sentencia-TP-SeRVR-RC-ST-001-2025-caso01-farc.txt; sentencia-TP-SeRVR-RC-ST-001-2025-caso03-catatumbo-compressed.txt; sentencia-TP-SeRVR-RC-ST-002-2025-costa-caribe.txt,"(sentencia-TP-SeRVR-RC-ST-001-2025-caso03-catatumbo-compressed.txt) ...001-2003-0022-00, Sentencia condenatoria de 28/01/2004. En contra de: Dimas Perdomo Yague, “Dimas el burro”, Alirio Macias, Nelson Bastidas Medina y “Fabio Nelson”, por los delitos de secuestro extorsivo agravado por tortura física o moral o violencia sexual, rebelión y porte ilegal de armas de uso privativo de las Fuerzas Militares; Juzgado Cuarto Penal del Circuito Especializado de Villavicencio, Radicado No. 50- 001- 31- 07004- 2015- 00151, Sentencia condenatoria de 17/04/2017. En contra de: Hugo Alberto Campo Moreno o Rubén Acuña Hincapié por los delitos de delito de Toma de Rehenes en concurso homogéneo con el delito de Tortura en Persona Protegid...","(sentencia-TP-SeRVR-RC-ST-001-2025-caso03-catatumbo-compressed.txt) ...022-00, Sentencia condenatoria de 28/01/2004. En contra de: Dimas Perdomo Yague, “Dimas el burro”, Alirio Macias, Nelson Bastidas Medina y “Fabio Nelson”, por los delitos de secuestro extorsivo agravado por tortura física o moral o violencia sexual, rebelión y porte ilegal de armas de uso privativo de las Fuerzas Militares. 91 Se destacan los informes de la Asociación colombiana de Víctimas de Secuestro, Desaparición forzada y otros hechos victimizantes (ACOMIDES), y el informe presentado por la Asociación Nacional de Secuestrados y Desparecidos “Los que faltan”, la Fundación para protección de víctimas del secuestro, desaparición forzada y otros hecho...",1,huila.txt,"[CLAVE] (huila.txt) ...contribuir en el daño causado a todas estas familias. Muchísimas gracias. A continuación el compareciente no máximo responsable Fabio Nelson Rodríguez. Un saludo para todos, en especial para las víctimas, para los señores maestrados y para el ministerio público. aca para mis compañeros comparecientes. Mi nombre es Fabián Nelson Rodríguez Barrera, que para la época de los hechos me desempeñaba como soldado profesional. Has escrito al batallón Magdalena, que aún sea empitalito de la compañía de Berlín. Exactamente Berlín 3 y posteriormente Berlín 2. Ya en este momento me encuentro en esta audiencia, frente a ustedes las víctimas aceptando mi responsabili...",,,False
Huila,Faiver Coronado Camero,86,Auto_SUBD_081_2023_Subcaso_Huila.txt,"[CLAVE] (Auto_SUBD_081_2023_Subcaso_Huila.txt) ...azgo. 1498. En virtud de lo anterior se le atribuirá responsabilidad a título de coautor por el crimen de guerra de homicidio en persona protegida y con el crimen de asesinato como crimen de lesa humanidad1609 de ocho personas, Evelio Bermeo López, Leo Dan Bermeo López, Wilmer Bermeo Acosta, Rodrigo Dorado Bolaños, Teódulo Montaño Correa, Fabio Lozada Muse, Javier España Andrade y Jorge Leonardo Hernández Serrano. 4.5. Teniente Coronel Faiver Coronado Camero. 1499. Faiver Coronado Camero, identificado con cédula de ciudadanía No. 12.195.288, fue miembro del Batallón de Infantería No. 26 “Cacique Pigoanza” entre el 15 de junio...","[CLAVE] (Auto_SUBD_081_2023_Subcaso_Huila.txt) ...eran los que buscaban y eran los que ponían y eran los que recolectaban la plata”1617. 1509. El capitán Coronado reconoció sobre este punto que el personal con el que participaba en estas operaciones ilegales era “Florentino Tovar sí, Willinton Espinosa sí, Edwin Pérez Pantoja sí y otros soldados que puedo citar aquí como: González Fernández Rafael, Camargo Gutiérrez Edgar, Andapiña William, Espinosa Baquero Willinton, Avendaño Alexander, Juan Carlos Álvarez Fernández y Jamis Hernández que era suboficial también”1618, mismos que señalaron a Coronado Camero como impulsor y partícipe de muertes ilegítimamente pre...",2,huila.txt,"[CLAVE] (huila.txt) ...n, cómo se sintieron en ese momento, cuando recibieron esos beneficios que ella dice manchados con sangre. Y hay un llamado importante que yo creo que es para los y para la sociedad en general, que es a reconocer el valor de la vida que se desconoció. Vamos a darle paso entonces ahora a la siguiente intervención del señor Fiber Coronado Camero, quien fue seleccionado por la Sala como Máximo Responsable de estos hechos. Buenos días. Reciban mi más respetuoso saludo, señores víctimas y sus familias, honorable magistratura, señoras magistradas, señores magistrados, a todos los organismos internacionales de verificación y de acompañamiento, al representant...","(huila.txt) ...s hechos. Buenos días. Reciban mi más respetuoso saludo, señores víctimas y sus familias, honorable magistratura, señoras magistradas, señores magistrados, a todos los organismos internacionales de verificación y de acompañamiento, al representante del Ministerio Público, a los comparecientes y a todos los presentes. Soy Faiber Coronado Camero, para la época de los hechos que voy a narrar, en donde cometí atroces actos delictivos, constitutivos en asesinatos presentados como bajas en combate, era capitán comandante de la compañía catapulta, me desempeñé durante dos periodos, el primero desde el mes de junio del año 2005 hasta el mes de diciembre del añ...",,True
Huila,Fernando Riveros Sarmiento,280,Auto_SUBD_081_2023_Subcaso_Huila.txt,"[CLAVE] (Auto_SUBD_081_2023_Subcaso_Huila.txt) ...ón de las operaciones militares en las que se perpetraron dichos delitos1983, realizó seguimiento sobre el adecuado cumplimiento del plan criminal1984 y, finalmente, contribuyó a su encubrimiento al omitir el ejercicio diligente de la acción disciplinaria frente a ese tipo de conductas. 5.1.3. Calificación jurídica de la conducta del compareciente. 1812. De conformidad con lo expuesto, la Sala encuentra bases suficientes para afirmar que Edgar Alberto Rodríguez Sánchez, en calidad de comandante del Batallón de Infantería No. 27 “Magdalena”, era consciente de (i) la situación de conflicto armado que se presentaba en...","[CLAVE] (Auto_SUBD_081_2023_Subcaso_Huila.txt) ...para la Paz. Sala de Reconocimiento de Verdad y Responsabilidad. Versión Voluntaria de John Alexander Cárdenas Quintero. Expediente Legali Caso 03, Subcaso Huila No. 9002774-09.2018.0.00.0001/0480. 749 de 850 E X P E D I E N T E : 2 0 1 8 3 4 0 1 6 0 4 0 0 1 4 1 E R A D I C A D O : 2 0 2 3 0 3 0 3 3 2 3 4 determinante de un plan criminal para dar muerte a civiles gracias al cual el personal bajo su mando reportó cinco hechos constitutivos de asesinatos y desapariciones forzadas en el periodo en el que éste hizo parte del BIMAG. Así, Riveros Sarmiento efectuó aportes esencial...",28,casanare_torres.txt; catatumbo_audiencia_reconocimiento.txt; costa_caribe.txt; dabeiba_antioquia.txt; huila.txt,"[CLAVE] (catatumbo_audiencia_reconocimiento.txt) [variante: fernando, riveros, sarmiento] ...la sala de reconocimiento de selección. La sala decidió confirmar la calificación jurídica de hechos y conductas, negar las solicitudes realizadas para modificar las calificaciones jurídicas y aclarar que en el auto 125 sí se imputó al señor Gabriel de su rincón amado por los asesinatos de Diego Alberto Tamayo Garcera, Víctor Fernando Gómez y Jader Andrés Palacio. Una vez surtido el trámite de reconocimiento por escrito, a través del auto de mi despacho del 2021, fue puesto en marcha un proceso restaurativo entre las víctimas y los máximos responsables que sirvió de preparación a esta audiencia pública de reconocimiento. En el marco de este proceso res...","[CLAVE] (costa_caribe.txt) [variante: fernando, riveros, sarmiento] ...ado en dicho auto. Figueroa Suárez por su parte se sirvió de la organización y al tiempo que presionó a sus alternos usó distintos incentivos para que fueran reportadas las bajas exigidas y omitió de manera deliberada la adopción de acciones para evitar la comisión de estos crímenes. José Pastor Ruiz Maecha, Guillermo Gutiérrez Riveros, Eber Hernán Gómez Naranjo, Efraín Andrade Perea, Manuel Valentín Padilla Espitia, Eduardo Gustavo Álvarez Mejía, Carlos Andrés Lora Cabrales, José de Jesús Rueda Quintero, Elkin Leonardo Burgos Suárez, Juan Carlos Soto Sepúlveda, Yeris Andrés Gómez Coronel, Alex José Mercado Sierra y Elkin Rojas fueron imputados bajo el...",,False
Huila,Francisco Javier Castañeda Alfaro,225,Auto_055_2022_Subcaso_Casanare.txt; Auto_SRVR_ADHC_03_julio_2023.txt; Auto_SUBD_062_2023_Antioquia_Montoya.txt; Auto_SUBD_081_2023_Subcaso_Huila.txt; RC-04-2024-dabeiba.txt; sentencia-TP-SeRVR-RC-ST-001-2025-caso01-farc.txt; sentencia-TP-SeRVR-RC-ST-001-2025-caso03-catatumbo-compressed.txt; sentencia-TP-SeRVR-RC-ST-002-2025-costa-caribe.txt,"[CLAVE] (Auto_SUBD_081_2023_Subcaso_Huila.txt) ...laboró en su diseño o en la incorporación de innovaciones en la estrategia criminal. Por ende, será considerado como un partícipe determinante sin liderazgo. 2205. Por lo anterior se le atribuirá responsabilidad a título de coautor por los crímenes de desaparición forzada como crimen de lesa humanidad2506 de Álvaro Hernando Ramírez Falla, Juan Diego Martínez Peña, Miller Andrés Blandón Álvarez, Ever Urquina Rojas, Alber Augusto Liscano Cedeño, Juan Perdomo Claros, Carlos Mauricio Duque Pastrana y una persona no identificada; en concurso con el crimen de guerra de homicidio en persona protegida y con el crimen de a...","[CLAVE] (Auto_SUBD_081_2023_Subcaso_Huila.txt) ...innovaciones en la estrategia criminal. Por ende, será considerado como un partícipe determinante sin liderazgo. 2205. Por lo anterior se le atribuirá responsabilidad a título de coautor por los crímenes de desaparición forzada como crimen de lesa humanidad2506 de Álvaro Hernando Ramírez Falla, Juan Diego Martínez Peña, Miller Andrés Blandón Álvarez, Ever Urquina Rojas, Alber Augusto Liscano Cedeño, Juan Perdomo Claros, Carlos Mauricio Duque Pastrana y una persona no identificada; en concurso con el crimen de guerra de homicidio en persona protegida y con el crimen de asesinato como crimen de lesa humanidad2...",4,huila.txt,"(huila.txt) ...vida. Hoy estoy aquí colocando la cara y a su disposición de ustedes, de los señores magistrados, para cualquier requerimiento de dar algo, algo que no merecemos. estoy disponible, estoy arrepentido por estos hechos que nunca debieron haber sucedido. Muchas gracias. A continuación escucharemos al compareciente Francisco Javier Castañeda Alfaro. Muy buenas tardes, especialmente para las víctimas que me están recibiendo para darle aclaración ya que tuve la oportunidad con el encuentro privado con tres y el sobreviviente a la Hino, Ríos. Y buenas tardes para los señores magistrados, a las psicosociales que nos han apoyado y y a los que se encuentren en e...","(huila.txt) ...s, especialmente para las víctimas que me están recibiendo para darle aclaración ya que tuve la oportunidad con el encuentro privado con tres y el sobreviviente a la Hino, Ríos. Y buenas tardes para los señores magistrados, a las psicosociales que nos han apoyado y y a los que se encuentren en este recinto. Yo, Francisco Javier Castañeda Alfaro, en ese tiempo de 2007-2008, yo era soldado profesional. Todos los delitos que cometí, atroces, del ex-humanidad, todos los cometí cuando uno se deja llevar porque todo está cuadrado, así se comenzó, así en el Vator Valdalena cuando se comenzó a hacer esos actos, ahí decía no se preocupe tanto el señor Ojeda, ta...",,False
Huila,Harbey Sanchez Gomez,1,Auto_SUBD_081_2023_Subcaso_Huila.txt,"(Auto_SUBD_081_2023_Subcaso_Huila.txt) ...tola”. Jurisdicción Especial para la Paz. Sala de Reconocimiento de Verdad y Responsabilidad. Versión Voluntaria de Javier Mauricio Fajardo Rincón. Expediente Legali Caso 03, Subcaso Huila No 9002774-09.2018.0.00.0001/0284. 1871 Jurisdicción Especial para la Paz. Sala de Reconocimiento de Verdad y Responsabilidad. Versión Voluntaria de Luis Rodolfo Mulcué Sanza. Expediente Legali Caso 03, Subcaso Huila No. 9002774-09.2018.0.00.0001/0283. 593 de 850 E X P E D I E N T E : 2 0 1 8 3 4 0 1 6 0 4 0 0 1 4 1 E R A D I C A D O : 2 0 2 3 0 3 0 3 3 2 3 4 diversas autoridades, como la Fiscalía General...",,0,,,,,False
Huila,Hernando Mendez Rodriguez,12,Auto_SUBD_081_2023_Subcaso_Huila.txt,"(Auto_SUBD_081_2023_Subcaso_Huila.txt) ...” […] cuando estaba arriba yo algo le dije a mi Coronel “mi coronel acabo de llegar acá” y le conté lo que vi “estoy viendo este escenario” me dijo “bueno, mire a ver qué es”, “bueno ya voy a averiguar” porque yo lo llamé apenas me bajé de la moto y le comenté muy por encima lo que vi, civiles y armamento.”995 836. Según el SS Herrera Osorio996, cuando bajó hacia el lugar señalado por la comunidad, encontró al CS Gil y a los SLP a su cargo997 con cuatro jóvenes detenidos. También sostuvo que el CS Gil le mostró tres armas incautadas a los detenidos y que un SLP (no especificó quién) le dijo que estaban en espera de que la S2 les hi...","(Auto_SUBD_081_2023_Subcaso_Huila.txt) ...morral de aquéllos. También dijo que supo que no se halló el dinero que el conductor del camión repartidor de gas dijo que le había sido hurtado y que entre las armas que se les habían encontrado había una de juguete. Según le dijo a la JEP, los detenidos se encontraban sentados a la orilla de un riachuelo, sin ninguna señal de haber sido golpeados y no estaban atados1001. 838. Respecto a la solicitud de un arma, los relatos del SS Herrera Osorio y el TE León Campos se complementan, ya que el oficial describió la llegada de un sargento de la S2, que no supo identificar, al lugar donde se encontraba junto a la comunidad de El Batán. Según dijo...",4,huila.txt,"[CLAVE] (huila.txt) ...no sé si doña Hilda de pronto algún día me pueda perdonar y ahí estaré pendiente cualquier cosa pues. Ahí estamos hablando doña Hilda, que esté muy bien, feliz tarde que Dios me la bendiga y me la siga bendiciendo, yo soy una persona muy católica también. Gracias. A continuación, el compareciente no máximo responsable, Hernando Méndez Rodríguez. Muy buenas tardes para todos, especialmente a las víctimas, los señores magistrados, comparecientes, medios de comunicación que encuentran aquí en este recinto. Mi nombre es Hernando Méndez Rodríguez, para la época del 2000 entre el ejército estuvo hasta el 2009 en el batallón Piguansa e participé en los hechos...","[CLAVE] (huila.txt) ...bendiciendo, yo soy una persona muy católica también. Gracias. A continuación, el compareciente no máximo responsable, Hernando Méndez Rodríguez. Muy buenas tardes para todos, especialmente a las víctimas, los señores magistrados, comparecientes, medios de comunicación que encuentran aquí en este recinto. Mi nombre es Hernando Méndez Rodríguez, para la época del 2000 entre el ejército estuvo hasta el 2009 en el batallón Piguansa e participé en los hechos del 4 de enero del 2007 y el 16 de febrero del 2008 Vengo a personalmente aquí a aceptar responsabilidad de los casos que estoy investigado. Fui cómplice de prestar una seguridad para que estos hechos...",,False
Huila,Jair Arias Sanchez,94,Auto_SUBD_081_2023_Subcaso_Huila.txt,"[CLAVE] (Auto_SUBD_081_2023_Subcaso_Huila.txt) ...en calidad de comandante de la Compañía Catapulta, contó con un rol de liderazgo frente al surgimiento y la consolidación de los patrones macrocriminales que han sido identificados por la Sala, en especial el 1º y el 3º. Sus aportes fueron esenciales para su diseño, su difusión, su permanencia y su encubrimiento al interior de los pelotones que materialmente estuvieron bajo su mando, pues sin estar sometido a las instrucciones y al apoyo del capitán Aguilera, dispuso todo lo necesario para la comisión reiterada de los delitos investigados1636. Por tanto, sus actuaciones, corresponden a las de un máxi...","[CLAVE] (Auto_SUBD_081_2023_Subcaso_Huila.txt) ...en calidad de comandante de la Compañía Catapulta, contó con un rol de liderazgo frente al surgimiento y la consolidación de los patrones macrocriminales que han sido identificados por la Sala, en especial el 1º y el 3º. Sus aportes fueron esenciales para su diseño, su difusión, su permanencia y su encubrimiento al interior de los pelotones que materialmente estuvieron bajo su mando, pues sin estar sometido a las instrucciones y al apoyo del capitán Aguilera, dispuso todo lo necesario para la comisión reiterada de los delitos investigados1636. Por tanto, sus actuaciones, corresponden a las de un máxi...",3,huila.txt,"[CLAVE] (huila.txt) ...va aprendiendo y va teniendo cuando escucha ese tipo de cosas. Yo reconozco todos estos daños y acepto integralmente la imputación que se me hizo mediante el auto 081 por los delitos que se me determinaban la parte resolutiva de manera personal. Gracias. A continuación, el compareciente determinado como máximo responsable, Yair Arias Sánchez. Buenas tardes para todos, un respetuoso saludo a todas las víctimas y sus familias, a los honorables magistrados de la sala de reconocimiento, al ministerio público, señora ministra que nos acompañan el día de hoy, a todos los medios de comunicaciones, a todas las personas organizaciones que nos acompañan y a los...","(huila.txt) ...s las víctimas y sus familias, a los honorables magistrados de la sala de reconocimiento, al ministerio público, señora ministra que nos acompañan el día de hoy, a todos los medios de comunicaciones, a todas las personas organizaciones que nos acompañan y a los demás miembros de la JEP, a mis compañeros comparecientes. Soy Jair Arias Sánchez, para la fecha de estos atroces hechos pertenecía al batallón de infantería número 26, Cacique Piguansa, en el grado de mayor y me desempeñé como oficial de operaciones entre diciembre del 2005 y octubre del 2006 y como ejecutivo y segundo comandante hasta octubre del año 2007. Quiero solicitarle a las víctimas con...",,True
Huila,Jair Fernandez,9,Auto_SUBD_081_2023_Subcaso_Huila.txt,"(Auto_SUBD_081_2023_Subcaso_Huila.txt) ...asesinatos de civiles presentados como muertes en combate, como golpes contra estructuras criminales unificadas. Además, como se verá más adelante, otorgó a la víctima un alias falso. Fiscalía 39 Especializada contra las violaciones a los derechos humanos de Neiva. Radicado 410016000586200800579. Obtenido en inspección judicial. Expediente Legali Caso 03, Subcaso Huila No. 9002774-09.2018.0.00.0001/0235. 833 El SLP Espinosa Baquero dijo en su VV que tras los hechos en los que murió Jhon Germán: “(…) seguimos en el área [de Bajo Brisas] ahí haciendo control militar de área, la gente nos quería porque decía que eso lo hacía...","(Auto_SUBD_081_2023_Subcaso_Huila.txt) ...erte de Wynther Jackson y entregó detalles hasta entonces inéditos sobre la forma en que se presentó. Afirmó que la tropa se encontraba cerca a Garzón cuando el comandante de Bayoneta 22, el SS Evangelista Gómez Muñoz, les dijo que había llegado orden del batallón para llevar a cabo una operación que iba a desembocar en una muerte. También que el SS le pidió que se encargara del asesinato de la víctima y que ante su negativa836, designó al SLP Lenin Julios Lizarazo837. 733. Mientras la planeación del asesinato se llevaba a cabo, en Garzón, Wynther Jackson y su pareja, último allegado en verlo con vida, asist...",1,huila.txt,"[CLAVE] (huila.txt) ...verdad hasta mi disparado a ninguna de las víctimas, realizar, entonces esta es mi verdad de y por último vamos a escuchar al señor Yair Fernández también compareciente, quien también fue determinado como no máximo responsable dentro de este caso. Buenos días víctimas y representantes, ministerio y señores magistrados, yo soy y Jair Fernández, en ese entonces fui soldado profesional del batallón Pigo Vansa en los años 2004 hasta el año 2014. Pertenecía a la compañía Bayonetta II, más exactamente como el pelotón II, pelotón motorizado, pertenecía a los dos en estos macabros asesinatos. Tengo que decir que en el año 2007 fue donde se varias maniobras mac...",,,False
Huila,Jhon Jairo Buitrago Lopez,109,Auto_055_2022_Subcaso_Casanare.txt; Auto_SRVR_ADHC_03_julio_2023.txt; Auto_SUBD_062_2023_Antioquia_Montoya.txt; Auto_SUBD_081_2023_Subcaso_Huila.txt; RC-04-2024-dabeiba.txt; RC_01_2022_Norte_Santander.txt; sentencia-TP-SeRVR-RC-ST-001-2025-caso01-farc.txt; sentencia-TP-SeRVR-RC-ST-001-2025-caso03-catatumbo-compressed.txt; sentencia-TP-SeRVR-RC-ST-002-2025-costa-caribe.txt,"[CLAVE] (Auto_SUBD_062_2023_Antioquia_Montoya.txt) ...lt Chaljub. 1005 En efecto, dijo la Sección de Apelación, tras hacer un recorrido por los criterios de identificación de máximos responsables en los tribunales penales internacionales y en los tribunales híbridos, que “[l]os criterios anteriormente examinados sirven de parámetros de análisis y definición de la figura del máximo responsable, sin perjuicio de otros que los desarrollen o ajusten a las particularidades del caso y a las especificidades del orden jurídico de la transición en Colombia”. Sentencia TP-SA-RPP No. 230 de 10 de febrero de 2021, asunto Jhon Jairo Moreno Jaimes. Parr. 54. 1006 “La noción de máximo responsable ha incluido...","[CLAVE] (Auto_SUBD_081_2023_Subcaso_Huila.txt) ...n el capitán Aguilera, jefe de la sección de inteligencia del BIPG, y su eje articulador con los miembros del pelotón a su cargo ofrecen bases suficientes para entender que Jiménez Botina era determinante para la práctica criminal que produjo los asesinatos y desapariciones reportados como muertes en combate, especialmente, dado el papel protagónico de Catapulta 4 en la comisión de estos crímenes. Sin su contribución al plan criminal, la compañía no hubiera podido presentar asesinatos y desapariciones forzadas de personas como bajas en combate, previamente seleccionadas, engañadas, asesinadas y señaladas falsamente e...",1,huila.txt,"(huila.txt) ...za de las víctimas que están desaprovechar esa oportunidad que se abre vamos a continuar escuchando. El señor John Jairo Buitrago puede pasar. Buenas tardes, buenos días. Un saludo muy respetuoso para todas las víctimas, a los magistrados y magistradas, a todo el personal que nos acompaña en esta audiencia. Mi nombre John Jairo Buitrago López, sargento viceprimero retirado del Ejército Nacional. Pertenecí al batallón de infantería número 27 Magdalena en el año 2007-2008. Tenía el grado de cabo primero, llegué inicialmente a un pelotón de campesinos, me ubicaba en el avispero, ascendía en el mes de septiembre a cabo primero, me llevaron al batallón, pas...",,,False
Huila,Jose Albeiro Bustos Aguilar,19,Auto_055_2022_Subcaso_Casanare.txt,"(Auto_055_2022_Subcaso_Casanare.txt) ...aña Chaparro, Adubladis Rivera Steves, Álvaro Cruz Montejo, Hilbar Elías López, Renuma Puneme Asdruman, Omar Inocencio Rojas, Néstor Yesid Pérez Jiménez, Ángel Yesid Suárez, Jhon Jairo Tumay Silva, José Rodrigo Adame Balaguera, Hugo Edgar Araque Rodríguez, Adrián Arsecio Rodríguez Rodríguez, Jhon Héctor Morales Corrales, Carlos Andrés Bernal Bernal, Rigoberto Achagua Páez, Euclides Maldonado, Carlos Julio Maldonado, Ruth Marilce Tabaco Socha, José Antonio Calderón Castañeda, Luis Benítez Ramírez, Óscar Javier Pérez Méndoza, Plutarco Chacay Pérez, Abel Ruiz Gómez, Jairo Rodríguez Cárdenas, Jeiner Jesid Picón Ca...","(Auto_055_2022_Subcaso_Casanare.txt) ...González Delgado, Arnulfo Tumay Pan, Jeovanny Peñata Hernández, José Cayetano Mendivelso Ravelo, William Goyeneche Laverde, Andrés Rodríguez Ruíz, José Geranio Torres, Hodolvis Gustavo Macualo Guanare, Eulises Tabaco Parada, Miguel Ángel Gamboa Sandoval, Nempomuceno Barajas, Hernando Olimpo Tinjacá Pérez, Fabio Sarmiento Santos, Jairo Luis Calderón Figueroa, Óscar Eduardo Pérez Anave, Luz Inés Herrera Madrid, John Alexander Rodríguez, José Wilson Correa Montoya, Rozo Urley Alvarado Fuentes, Wilder Jaimes Jaimes, Óscar Avellaneda Rodríguez, Sérvulo Velandia Cruz, José Arquímides Rincón, Ander Alfonso Sanabria Correa, Ángel Ca...",3,casanare_torres.txt; huila.txt,"[CLAVE] (huila.txt) [variante: albeiro bustos, jose albeiro] .... Soy dispuesto a remediar los daños y las sanciones que las víctimas y magistrados me dispongan ante estos hechos cometidos. Por último, quiero limpiar el buen nombre del señor Teodulo Montaño Correa, que él no era un guerrillero, ni un miliciano como lo hicimos ver. A continuación, el compareciente no máximo responsable, José Albeiro Bustos Aguiar. Buenas tardes para todas y todas, para los señores magistrados, un saludo muy especial para las víctimas, para los estamos aquí en esta audiencia. orgánico del batallón Piguansa número 26, donde hubieron cinco personas asesinadas, soy responsable, soy culpable por todos esa noche, ese día. Soy responsable...","[CLAVE] (huila.txt) [variante: albeiro bustos, jose albeiro] ...tedes. Soy dispuesto a remediar los daños y las sanciones que las víctimas y magistrados me dispongan ante estos hechos cometidos. Por último, quiero limpiar el buen nombre del señor Teodulo Montaño Correa, que él no era un guerrillero, ni un miliciano como lo hicimos ver. A continuación, el compareciente no máximo responsable, José Albeiro Bustos Aguiar. Buenas tardes para todas y todas, para los señores magistrados, un saludo muy especial para las víctimas, para los estamos aquí en esta audiencia. orgánico del batallón Piguansa número 26, donde hubieron cinco personas asesinadas, soy responsable, soy culpable por todos esa noche, ese día. Soy respons...",,False
Huila,Jose David Restrepo Solarte,29,Auto_055_2022_Subcaso_Casanare.txt; Auto_SRVR_ADHC_03_julio_2023.txt; Auto_SUBD_081_2023_Subcaso_Huila.txt; RC_03_2022_Costa_Caribe.txt,"[CLAVE] (RC_03_2022_Costa_Caribe.txt) ...er José Mendoza Montero, Modesto Antonio Castillo Borrego, Jorge Luis Medina San Juan y Jenner Ospino Mandón, Albeiro de Jesús Aragón Aragón, José David Quintero y dos mujeres y 21 hombres aún sin identificar, constituyeron, en los términos expuestos en la parte motiva de esta providencia asesinatos y desapariciones forzadas ilegítimamente presentados como bajas en combate. Segundo. – DECLARAR cerrada la etapa de reconocimiento de verdad y de responsabilidad respecto de los comparecientes identificados como máximos responsables en el Auto 128 de 2021 que han reconocido verdad completa, detallada y exhaustiva y su responsabilidad, a...","(Auto_SUBD_081_2023_Subcaso_Huila.txt) ...bo en la ciudad del Neiva los días 16 y 17 de mayo de 2022, la Sala de Reconocimiento analizó las solicitudes probatorias realizadas en los escritos y complementadas en audiencia. Como consecuencia del estudio de las peticiones y de la iniciativa de recaudo probatorio con miras a la contrastación, la Sala decidió convocar para el segundo semestre del año 2022 y primero del 2023 a 24 nuevos comparecientes a versión voluntaria oral: Juan Miguel Flórez Buendía64, Fernando Moncayo Guancha65, Fabián García Sánchez66, Ferney Triana Lozano67, William González Castillo68, José David Restrepo Solarte69, César Mart...",6,huila.txt,"[CLAVE] (huila.txt) ...ra que esto no sucediera, dando unas declaraciones falsas en la fiscalía, en el batallón, a esta persona le quito la vida indefensamente, acepto responsabilidad, estoy dispuesto a lo que los magistrados deciden y a los programas que en realizando con el TOAD. Muchas gracias. A continuación el compareciente no máximo responsable José David Restrepo Solarte. Buenas tardes para todos, en especial para los familiares de las víctimas, para los honorables magistrados, la señora ministra, el señor delegado de la procuraduría, los medios presentes, los abogados de las víctimas y los compañeros comparecientes. Mi nombre es José David Restrepo Solarte, me presen...","[CLAVE] (huila.txt) ...l compareciente no máximo responsable José David Restrepo Solarte. Buenas tardes para todos, en especial para los familiares de las víctimas, para los honorables magistrados, la señora ministra, el señor delegado de la procuraduría, los medios presentes, los abogados de las víctimas y los compañeros comparecientes. Mi nombre es José David Restrepo Solarte, me presento ante esta audiencia para manifestar que en el año 2005 fui capitán en el batallón de infantería de tres personas, una persona asesinada el 10 de marzo del 2005 en la vereda Kennedy del municipio de Pitalito, allá fue asesinado el señor Arley Sanchez Sacanamboy, ese asesinato se llevó a ca...",,True
Huila,Jose Fabio Guzman Muñoz,6,Auto_SUBD_081_2023_Subcaso_Huila.txt,"(Auto_SUBD_081_2023_Subcaso_Huila.txt) ...bargo, el soldado Guzmán manifestó que él se opuso a declarar, pero por orden del teniente Calderón tuvo que hacerlo1118. 906. El teniente Calderón añadió que el mayor Ojeda Oliva incidió en la modificación del informe de la operación: “PREGUNTADO: ¿A quién no le servía o quién dio la indicación de cambiar el informe? RESPONDIÓ: El oficial de operaciones PREGUNTADO: ¿Cómo le dijo eso el oficial de operaciones? RESPONDIÓ: Él dijo que ese informe tocaba cambiarlo e indicó qué era lo que debía ir en el informe”1119. 1113 Ibidem. 1114 Jurisdicción Especial para la Paz. Sala de Reconocimiento de Verdad y Respon...","(Auto_SUBD_081_2023_Subcaso_Huila.txt) ...2061. Además, afirmó que los miembros de su pelotón llevaron a cabo un atraco para poder justificar el presunto combate2315 y que los bienes que hurtaron durante dicho atraco fueron ubicados junto a las víctimas tras su muerte2316. Indica que el personal de la sección de inteligencia era el encargado de proveerles el “kit” para poder simular el combate2317. 2062. El compareciente reconoce que alteró la información operacional, afirma que por indicaciones del MY Ojeda tuvo que cambiar el informe sobre los hechos2318. De acuerdo con la información operacional inspeccionada por la Jurisdicción, el 26 de agosto de 2007...",4,huila.txt,"[CLAVE] (huila.txt) ...taron, que ojalá nunca se vuelvan a presentar ni en esta ni en otras generaciones que venereras en el mundo. Pido perdón ante las víctimas y ante Dios porque le fallé a mi familia, a mi patria y en la bandera como lo juré una vez cuando ingresé al ejército. Gracias señores maestrados. A continuación, el compareciente José Fabio Guzmán Muñoz. Un saludo muy especial para las víctimas, los magistrados y personal presente aquí en este recinto. Mi nombre es José Fabio Guzmán Muñoz. Como como soldado profesional integrante del batallón Magdalena en los años 2005-2008 fue partícipe de lo del asesinato del señor albeiro ríos y el perdón albeiro hernández y y h...","[CLAVE] (huila.txt) ...y ante Dios porque le fallé a mi familia, a mi patria y en la bandera como lo juré una vez cuando ingresé al ejército. Gracias señores maestrados. A continuación, el compareciente José Fabio Guzmán Muñoz. Un saludo muy especial para las víctimas, los magistrados y personal presente aquí en este recinto. Mi nombre es José Fabio Guzmán Muñoz. Como como soldado profesional integrante del batallón Magdalena en los años 2005-2008 fue partícipe de lo del asesinato del señor albeiro ríos y el perdón albeiro hernández y y herido el señor aladino ríos en los cuales mi participación fue en seguridad de los dos víctimas y en seguridad del mismo personal del ejér...",,False
Huila,Jose Gañan Tapasco,0,,,,3,huila.txt,"[CLAVE] (huila.txt) ...lincuentes, no eran guerrilleros, pero de todo corazón les pido perdón, si algún día me pueden perdonar. Muchas gracias para todos aquí por estar aquí presente y estar aquí escuchándonos. Muchas gracias señores maestrados. A continuación el compareciente no máximo responsable José Gañanta Pasco. Muy buenas tardes. Soy José Iván Gañán Tapasco. A las víctimas un saludo muy especial, a los maestros, un saludo muy especial. Vengo a darle la cara a los familiares de las víctimas y a todos en general, a los medios de comunicación. Fui soldado profesional del batallón de Juantaria-Mandalena hasta 1999, hasta el 2012. Reconozco mi participación y reconozco mi...","(huila.txt) ...n Santiago Ramírez Ávila, sobrino de Edwin Alexander Ávila Ballesteros, asesinado por los integrantes del batallón Magdalena. Resaltando que los señores José Amilcar Parra, Jonathan Ruiz García y Rafael Medina Reyes también fueron desfajados de la vida junto con mi tío por Francisco Adrián Álvarez Cardarón, Carvajal Rojas, José Gañan Tapasco de siendo el que disparó y acabó con los sueños y esperanzas de una persona, padre, hermano e hijo que se quitaba el lo mataran. Suplicó por su vida con la foto de su hija en mano, aferrándose a ella en manera de consuelo. Luego de haber cometido el asesinato y como el cuerpo de mi tío no tenía claras señales de to...",,False
Huila,Jose Roldan Lopez Ceron,207,Auto_SUBD_081_2023_Subcaso_Huila.txt,"[CLAVE] (Auto_SUBD_081_2023_Subcaso_Huila.txt) ...erpetrar los homicidios, rendir las declaraciones y alterar los soportes operacionales, con el objetivo de ocultar la ilegalidad de sus actuaciones. A juicio de la Sala, tales conductas representaron aportes esenciales para el refinamiento de los patrones macrocriminales investigados por la Sala, de cara al incremento de su efectividad, lo cual denota un rol de liderazgo del señor Carlos Hernán Rodríguez Vera. En tal virtud, será considerado como máximo responsable. 2166. Por lo anterior se le atribuirá responsabilidad a título de coautor por los crímenes de desaparición forzada como crimen de lesa humanidad2454...","[CLAVE] (Auto_SUBD_081_2023_Subcaso_Huila.txt) ...as declaraciones y alterar los soportes operacionales, con el objetivo de ocultar la ilegalidad de sus actuaciones. A juicio de la Sala, tales conductas representaron aportes esenciales para el refinamiento de los patrones macrocriminales investigados por la Sala, de cara al incremento de su efectividad, lo cual denota un rol de liderazgo del señor Carlos Hernán Rodríguez Vera. En tal virtud, será considerado como máximo responsable. 2166. Por lo anterior se le atribuirá responsabilidad a título de coautor por los crímenes de desaparición forzada como crimen de lesa humanidad2454 de Álvaro Hernando Ramírez F...",2,huila.txt,"[CLAVE] (huila.txt) ...ometerme contra las víctimas, contra los señores magistrados, contra Colombia, que no lo volvería a hacer de mi parte, de mis manos, no volveré a empuñar un arma para quitarle la vida a nadie. Ante Dios y ante mi familia, aquí hoy de pie. Gracias. A continuación, el compareciente determinado como máximo responsable, José Roldán López Cerón. Buenas tardes, un saludo muy respetuoso, en esta hora a ustedes, las víctimas por tener el valor de estar aquí frente a nosotros escuchando estas terribles y macabras, macabros hechos que nosotros un día permitimos contra sus familiares, sus seres queridos, algunos madres, algunos hermanos, hijos, un saludo muy resp...","[CLAVE] (huila.txt) ...go a a comprometerme contra las víctimas, contra los señores magistrados, contra Colombia, que no lo volvería a hacer de mi parte, de mis manos, no volveré a empuñar un arma para quitarle la vida a nadie. Ante Dios y ante mi familia, aquí hoy de pie. Gracias. A continuación, el compareciente determinado como máximo responsable, José Roldán López Cerón. Buenas tardes, un saludo muy respetuoso, en esta hora a ustedes, las víctimas por tener el valor de estar aquí frente a nosotros escuchando estas terribles y macabras, macabros hechos que nosotros un día permitimos contra sus familiares, sus seres queridos, algunos madres, algunos hermanos, hijos, un sal...",,True
Huila,Jose Yati Anacona Bueno,97,Auto_SUBD_081_2023_Subcaso_Huila.txt,"[CLAVE] (Auto_SUBD_081_2023_Subcaso_Huila.txt) ...entonces nos dijo eso, yo le dijo que yo no venía entonces dijo no hermano que esto es lo último que se va a hacer que ya tenemos el diciembre encima, a mi creo que en ese tiempo como que me pasaron creo que fue 100 mil pesos para que viniera aquí y me dieron 100 mil pesos en bus me dieron eso para que le comprara una sudadera y le comprara un buzo a la persona que supuestamente iba a llevar”. (Negrillas agregadas) 2118. El SS Carlos Hernán Rodríguez Vera, quien también fue determinante para la ocurrencia de estos hechos (como se mostrará más adelante) afirma que él supo que Capera había dado esa orden2395. 5.12.2.3. Res...","[CLAVE] (Auto_SUBD_081_2023_Subcaso_Huila.txt) ...aiber Méndez. Expediente Legali Caso 03, Subcaso Huila No. 9002774-09.2018.0.00.0001/0249. 776 de 850 E X P E D I E N T E : 2 0 1 8 3 4 0 1 6 0 4 0 0 1 4 1 E R A D I C A D O : 2 0 2 3 0 3 0 3 3 2 3 4 2182. Por lo anterior se le atribuirá responsabilidad a título de coautor por los crímenes de desaparición forzada como crimen de lesa humanidad2482 de Álvaro Hernando Ramírez Falla, Juan Diego Martínez Peña, Miller Andrés Blandón Álvarez, Ever Urquina Rojas, Alber Augusto Liscano Cedeño, Juan Perdomo Claros, Carlos Mauricio Duque Pastrana y una persona no identificada; en concurso con el crim...",2,huila.txt,"(huila.txt) ...ros de tratar de reivindicarnos con ustedes, muchas gracias señores familias, muy amables, señores magistrados muchas gracias, A continuación, llamamos al compareciente José Yati Anacona. Muy buenas tardes para todos las personas aquí presentes, en especial las víctimas, los señores magistrados, los comparecientes. Mi nombre es José Yati Anacona Bueno. Para la época de los hechos me desempeñaba como soldado profesional perteneciente a la compañía azteca. Vengo a responder aquí y a dar la cara ante ustedes, ante Colombia, ante mi familia, ante las víctimas, por tres casos, tres asesinatos que cometí. Voy a nombrar las víctimas. Ever Urquina Rojas, Mille...","(huila.txt) ...tar de reivindicarnos con ustedes, muchas gracias señores familias, muy amables, señores magistrados muchas gracias, A continuación, llamamos al compareciente José Yati Anacona. Muy buenas tardes para todos las personas aquí presentes, en especial las víctimas, los señores magistrados, los comparecientes. Mi nombre es José Yati Anacona Bueno. Para la época de los hechos me desempeñaba como soldado profesional perteneciente a la compañía azteca. Vengo a responder aquí y a dar la cara ante ustedes, ante Colombia, ante mi familia, ante las víctimas, por tres casos, tres asesinatos que cometí. Voy a nombrar las víctimas. Ever Urquina Rojas, Miller Andrés B...",,False
Huila,Julian Andres Calderon Motta,186,Auto_SUBD_081_2023_Subcaso_Huila.txt,"[CLAVE] (Auto_SUBD_081_2023_Subcaso_Huila.txt) ...Edgar Alberto Rodríguez Sánchez, en calidad de comandante del Batallón de Infantería No. 27 “Magdalena”, era consciente de (i) la situación de conflicto armado que se presentaba en el departamento del Huila, (ii) de que las muertes reportadas no ocurrieron en el marco de un combate, (iii.) que todas las víctimas eran civiles y (iv) que dentro del Batallón contaba con un grupo especial de soldados profesionales prestos a la obtención de resultados operacionales ilegales, omitiéndose con lo anterior el deber de cuidado que le era exigible por la Constitución y la Ley. 1813. El compareciente de manera voluntaria ejerció presiones para...","[CLAVE] (Auto_SUBD_081_2023_Subcaso_Huila.txt) ...esús Palomino Mejía. En tal virtud, será considerado máximo responsable. 2051. Por lo anterior se le atribuirá responsabilidad a título de coautor por los crímenes de desaparición forzada como crimen de lesa humanidad2299 de José Gregorio Cárcamo Vargas, en concurso con el crimen de guerra de homicidio en persona protegida y el crimen de asesinato como crimen de lesa humanidad2300 de 49 personas, Danilo Yepes Pineda, Saúl Ortiz Muñoz, John Jairo Hoyos Tarazona, Yesid Ortiz Paladines, Jamir Burbano Jurado, José Misael Moreno Quiroga, Fredy Rengifo Anacona, Eugenio Chito Gómez, Ruberney Rincón Casanova, Dagoberto Charry Osorio, Fredy...",4,huila.txt,"[CLAVE] (huila.txt) [variante: andres calderon, julian andres] ...o armado, por el contrario eran personas buenas, trabajadoras, humildes, campesinos, padres, hijos, hermanos que luchaban día a día para sacar adelante y que un día quienes teníamos la obligación de protegerlos, por el contrario les quitamos la vida. Gracias. A continuación, el compareciente determinado como máximo responsable, Julian Andrés Calderón Mota. Permítame dirigir un saludo muy respetuoso a las víctimas y a sus familias, a la maestratura, al personal de los medios de comunicación, al personal psicosocial de la JED y a ustedes comparecientes. Para la época de los hechos yo era el subteniente Julián Andrés Calderón, orgánico del batallón Maddal...","[CLAVE] (huila.txt) [variante: andres calderon, julian andres] ...compareciente determinado como máximo responsable, Julian Andrés Calderón Mota. Permítame dirigir un saludo muy respetuoso a las víctimas y a sus familias, a la maestratura, al personal de los medios de comunicación, al personal psicosocial de la JED y a ustedes comparecientes. Para la época de los hechos yo era el subteniente Julián Andrés Calderón, orgánico del batallón Maddalena. Pertenecía al batallón Maddalena entre los años de 2005 y 2007 como comandante del pelotón Berlín 2 a partir del mes de julio de 2007. Reconozco mi responsabilidad como coautor y máximo responsable de los delitos de homicidio del señor Albeiro Hernández Herón de la vereda...",,False
Huila,Luis Carlos Aguilera Quintero,335,Auto_033_2021_Priorizacion_Subcasos.txt; Auto_SRVR_ADHC_03_julio_2023.txt; Auto_SUBD_062_2023_Antioquia_Montoya.txt; Auto_SUBD_081_2023_Subcaso_Huila.txt; RC-04-2024-dabeiba.txt; RC_01_2022_Norte_Santander.txt; sentencia-TP-SeRVR-RC-ST-001-2025-caso01-farc.txt; sentencia-TP-SeRVR-RC-ST-001-2025-caso03-catatumbo-compressed.txt; sentencia-TP-SeRVR-RC-ST-002-2025-costa-caribe.txt; sentencia-interpretativa-SENIT-8-2025-reparacion.txt,"[CLAVE] (Auto_SUBD_081_2023_Subcaso_Huila.txt) ...ones y Coronado Camero las proporcionó.1634 1517. Si bien Coronado Camero no reconoció la ilegalidad de los hechos, si precisó cuáles eran sus soldados de confianza para el desarrollo de las operaciones militares. En versión voluntaria estos confesaron que las operaciones comandadas por él o simplemente las realizadas mientras fue el comandante de la compañía “C”, si fueron ilegales. 4.5.3. Calificación de la conducta del compareciente. 1518. En conclusión, Faiver Coronado Camero apoyó la puesta en marcha de los patrones macrocriminales porque participó conscientemente y de manera determinante de un p...","[CLAVE] (Auto_SUBD_081_2023_Subcaso_Huila.txt) ...ue Jiménez Botina era determinante para la práctica criminal que produjo los asesinatos y desapariciones reportados como muertes en combate, especialmente, dado el papel protagónico de Catapulta 4 en la comisión de estos crímenes. Sin su contribución al plan criminal, la compañía no hubiera podido presentar asesinatos y desapariciones forzadas de personas como bajas en combate, previamente seleccionadas, engañadas, asesinadas y señaladas falsamente en informes como miembros de grupos armados en combate. Jiménez Botina actuó con pleno conocimiento, ejerciendo conductas referidas a la planeación, la...",2,huila.txt,"[CLAVE] (huila.txt) ...era, quien fue jefe de inteligencia del BIPIC en el año 2007. Muchas gracias señor magistrado. Un respetuoso saludo para las víctimas y sus familias que nos acompañan en esta audiencia Pública de reconocimiento a las señoras y señores magistrados, al delegado del Ministerio Público y a los demás asistentes a esta audiencia. Soy Luis Carlos Aguilera Quintero, compareciente como máximo responsable del batallón de Infantería número 26 Piguansa, así que Piguansa de la Ciudad de compañía y oficial de inteligencia en los periodos que más adelante voy a mencionar, lo haré de manera clara pero también respetuosa, para lo cual como decía la señora Claudia, es n...","[CLAVE] (huila.txt) ...ue jefe de inteligencia del BIPIC en el año 2007. Muchas gracias señor magistrado. Un respetuoso saludo para las víctimas y sus familias que nos acompañan en esta audiencia Pública de reconocimiento a las señoras y señores magistrados, al delegado del Ministerio Público y a los demás asistentes a esta audiencia. Soy Luis Carlos Aguilera Quintero, compareciente como máximo responsable del batallón de Infantería número 26 Piguansa, así que Piguansa de la Ciudad de compañía y oficial de inteligencia en los periodos que más adelante voy a mencionar, lo haré de manera clara pero también respetuosa, para lo cual como decía la señora Claudia, es necesario uti...",,True
Huila,Luis Carlos Oyola Tapia,165,Auto_033_2021_Priorizacion_Subcasos.txt; Auto_SRVR_ADHC_03_julio_2023.txt; Auto_SUBD_062_2023_Antioquia_Montoya.txt; Auto_SUBD_081_2023_Subcaso_Huila.txt; RC-04-2024-dabeiba.txt; RC_01_2022_Norte_Santander.txt; sentencia-TP-SeRVR-RC-ST-001-2025-caso01-farc.txt; sentencia-TP-SeRVR-RC-ST-001-2025-caso03-catatumbo-compressed.txt; sentencia-TP-SeRVR-RC-ST-002-2025-costa-caribe.txt; sentencia-interpretativa-SENIT-8-2025-reparacion.txt,"[CLAVE] (Auto_SUBD_081_2023_Subcaso_Huila.txt) ...ones y Coronado Camero las proporcionó.1634 1517. Si bien Coronado Camero no reconoció la ilegalidad de los hechos, si precisó cuáles eran sus soldados de confianza para el desarrollo de las operaciones militares. En versión voluntaria estos confesaron que las operaciones comandadas por él o simplemente las realizadas mientras fue el comandante de la compañía “C”, si fueron ilegales. 4.5.3. Calificación de la conducta del compareciente. 1518. En conclusión, Faiver Coronado Camero apoyó la puesta en marcha de los patrones macrocriminales porque participó conscientemente y de manera determinante de un p...","[CLAVE] (Auto_SUBD_081_2023_Subcaso_Huila.txt) ...ue Jiménez Botina era determinante para la práctica criminal que produjo los asesinatos y desapariciones reportados como muertes en combate, especialmente, dado el papel protagónico de Catapulta 4 en la comisión de estos crímenes. Sin su contribución al plan criminal, la compañía no hubiera podido presentar asesinatos y desapariciones forzadas de personas como bajas en combate, previamente seleccionadas, engañadas, asesinadas y señaladas falsamente en informes como miembros de grupos armados en combate. Jiménez Botina actuó con pleno conocimiento, ejerciendo conductas referidas a la planeación, la...",14,catatumbo_audiencia_reconocimiento.txt; costa_caribe.txt; huila.txt,"[CLAVE] (huila.txt) [variante: luis carlos] ...era, quien fue jefe de inteligencia del BIPIC en el año 2007. Muchas gracias señor magistrado. Un respetuoso saludo para las víctimas y sus familias que nos acompañan en esta audiencia Pública de reconocimiento a las señoras y señores magistrados, al delegado del Ministerio Público y a los demás asistentes a esta audiencia. Soy Luis Carlos Aguilera Quintero, compareciente como máximo responsable del batallón de Infantería número 26 Piguansa, así que Piguansa de la Ciudad de compañía y oficial de inteligencia en los periodos que más adelante voy a mencionar, lo haré de manera clara pero también respetuosa, para lo cual como decía la señora Claudia, es n...","[CLAVE] (huila.txt) [variante: luis carlos] ...almente irreprochable y me pongo a disposición de la honorable magistratura de ustedes para resarcir de alguna manera, de alguna forma, todo este daño que les hemos causado. Con mucha vergüenza me he presentado ante ustedes y estoy dispuesto a lo que ustedes Muchas gracias. A continuación el compareciente no máximo responsable, Luis Carlos Ollo Latapia. Buenas tardes, un saludo especial para las víctimas, los señores magistrados, ellos de comunicación y todos los presentes en este recinto. Mi nombre es Luis Carlos Ollo La Tapia. Para esa fecha de los hechos era soldado profesional, pertenecía a la compañía Berlín del Segundo Pelotón. En los delitos que...",,False
Huila,Ricardo Andres Lopez Garcia,187,Auto_SUBD_081_2023_Subcaso_Huila.txt,"[CLAVE] (Auto_SUBD_081_2023_Subcaso_Huila.txt) ...seño, difusión, permanecía y encubrimiento. Esto toma especial relevancia en relación con el patrón de selección y atracción de víctimas aprovechando sus condiciones de vulnerabilidad. Tal como se expuso previamente, fue dicho compareciente quien emitió órdenes tendientes a su implementación al interior del Batallón Cacique Pigoanza. 1435. Por lo anterior se le atribuirá responsabilidad a título de coautor por los crímenes de desaparición forzada como crimen de lesa humanidad1550 de Ovidio Ortiz Sepúlveda, Ever Huelgos Vargas, Jairo Falla Calderón, Jorge Luis López Ortiz y Arley Vega; en co...","[CLAVE] (Auto_SUBD_081_2023_Subcaso_Huila.txt) ...torizar la comisión de homicidios y su encubrimiento mediante la simulación de combates. 1441. Tal como se indicó previamente, la Sala cuenta con información suficiente para afirmar que Ricardo Andrés López García, en calidad de comandante del BIPIG, autorizó las acciones de sus subalternos tendientes a la planeación, ejecución y encubrimiento de los delitos investigados. Lo expuesto fue reconocido por López García y por Alejandro León Campos, quien se desempeñó como comandante del 4º Pelotón de la Compañía Catapulta del BIPIG, durante el periodo analizado. Esto tuvo lugar en relación con los hechos ocu...",4,huila.txt,"[CLAVE] (huila.txt) ...te. A continuación el compareciente determinado como máximo responsable Ricardo Andrés López-García. Muy buenas tardes, saludo muy especial a las víctimas que nos dan la oportunidad hoy de presentarles esta verdad a los honorables magistrados, a la señora ministra las personalidades que nos acompañan el día de hoy. Mi nombre es Ricardo Andrés López García, fui comandante del batallón de infantería número 26 Cacique Piguansa con C. Engarzón en el grado de teniente coronel entre los años de noviembre del 2007 y junio del 2009. Era el responsable de la jurisdicción de 10 municipios del centro del departamento y por lo tanto quien controlaba ordenaba y ten...","[CLAVE] (huila.txt) ...ión el compareciente determinado como máximo responsable Ricardo Andrés López-García. Muy buenas tardes, saludo muy especial a las víctimas que nos dan la oportunidad hoy de presentarles esta verdad a los honorables magistrados, a la señora ministra las personalidades que nos acompañan el día de hoy. Mi nombre es Ricardo Andrés López García, fui comandante del batallón de infantería número 26 Cacique Piguansa con C. Engarzón en el grado de teniente coronel entre los años de noviembre del 2007 y junio del 2009. Era el responsable de la jurisdicción de 10 municipios del centro del departamento y por lo tanto quien controlaba ordenaba y tenía la responsab...",,True
Huila,Wilder Samboni Chanchi,0,,,,2,huila.txt,"[CLAVE] (huila.txt) [variante: wilder zamboni] ...como participen y solo lo hice por escasos cinco días de permiso, ante todo el mundo entero que lo sepa, que yo no recibí dinero ni me dieron dinero, solo cinco días de permiso. Muchas gracias y le agradezco a todas las víctimas, familiares y a todo general, muchas gracias. A continuación el compareciente no máximo responsable, Wilder Zamboni-Chanchi. Buenas tardes a todos y a cada una de las víctimas aquí presentes y todo el equipo de la GEP. Me dirijo a ustedes con el propósito de aceptar mi responsabilidad. Mi nombre es Wilder Zamboñichanchi. Quiero aclarar que en los años 2005 y 2008 participé en crimen de derecha humanidad. Las víctimas son Jonath...","[CLAVE] (huila.txt) [variante: wilder zamboni] ...gradezco a todas las víctimas, familiares y a todo general, muchas gracias. A continuación el compareciente no máximo responsable, Wilder Zamboni-Chanchi. Buenas tardes a todos y a cada una de las víctimas aquí presentes y todo el equipo de la GEP. Me dirijo a ustedes con el propósito de aceptar mi responsabilidad. Mi nombre es Wilder Zamboñichanchi. Quiero aclarar que en los años 2005 y 2008 participé en crimen de derecha humanidad. Las víctimas son Jonathan Ruiz García, John Alexander Mícar Parra, Rafael Medina Reyes, Evin Alexander Avila Ballestero, José Lizardo Vela Salazar, José Misabel Moreno Quiroga, John Freddy Torre-Renejivo, Jan Carlos Rincon...",,False
