unidad,corpus,y1_ebi,y2_sa,y4_nv,y8_mafapo_cs,y9_cidh_cs,y10_rep,y1_ebi_z,y2_sa_z,y4_nv_z,y8_mafapo_cs_z,y9_cidh_cs_z,y10_rep_z,DIS,IEI_A,IEI_B
01807c73506b_CONSIDERACIONES_0,A,0.0163458045768252,1.0,0.1905,0.2162932157516479,0.2497575879096985,0.0,0.425363097727395,0.6188916609807404,0.45769215960202825,0.5746675603039725,0.4979446367612217,0.34711492262946964,0.5516782605963393,0.516558063030564,0.5418864826561103
01807c73506b_DECISIÓN_0,A,0.0,0.9187,0.0,0.2160991430282592,0.2350721359252929,0.0,0.41911613236841694,0.5408497395472478,0.3093038425074956,0.5736401156396007,0.40718067765499233,0.34711492262946964,0.5257668980227003,0.4444014023045867,0.48179018020660824
036f7d338673_DECISIÓN_0,A,0.0,1.0,0.2333,0.1997628808021545,0.2472068071365356,0.0,0.41911613236841694,0.6188916609807404,0.4931870073562821,0.4857522083957804,0.48199809458560305,0.34711492262946964,0.5491794744527481,0.48685641394087775,0.5200989534783115
0453281fce29_HECHOS_0,A,1.006711409395973,1.0,0.8333,0.2051552534103393,0.265583872795105,1.0,0.7774256657315913,0.6188916609807404,0.8774794134103125,0.5149338337066887,0.5957365650607154,0.9621184448064667,0.5080022311449187,0.6479383270239838,0.5303604557684704
0453281fce29_CARGOS_0,A,0.1184210526315789,1.0,0.7857,0.1494669318199157,0.1958874464035034,0.0,0.4648375020714745,0.6188916609807404,0.8594129734036746,0.241210883505327,0.20489389907601627,0.34711492262946964,0.5674680223339711,0.4157764151460381,0.46901699864562685
0453281fce29_CONSIDERACIONES_0,A,0.0,1.0,0.45,0.1965851783752441,0.2470471858978271,0.0,0.41911613236841694,0.6188916609807404,0.6667773177302152,0.46858827275164483,0.4810010821392903,0.34711492262946964,0.5491794744527481,0.5317688290615097,0.5580980972669759
0453281fce29_DECISIÓN_0,A,0.0,1.0,0.2778,0.2337839007377624,0.2788824439048767,0.0,0.41911613236841694,0.6188916609807404,0.5301596152811352,0.6636588148213409,0.6727050037756148,0.34711492262946964,0.5491794744527481,0.6263229116455613,0.6303908146846958
04d6e5308972_CONSIDERACIONES_0,A,0.7475612806403201,1.0,0.0324,0.313835859298706,0.3451180458068847,0.4941526610644245,0.6994622151220493,0.6188916609807404,0.33279061837188856,0.9178123048708589,0.9151012032070058,0.7822549382776989,0.5307759028597322,0.7414924684220119,0.6308656592004415
04d6e5308972_DECISIÓN_0,A,0.0,1.0,0.1613,0.17938232421875,0.2258766889572143,0.3109756097560975,0.41911613236841694,0.6188916609807404,0.4336985005965626,0.37793984993225704,0.3530427793945644,0.6389054465792517,0.4616423172678134,0.3871983239702409,0.3822861856616085
04e1eb5aaa56_HECHOS_0,A,0.2719033232628399,1.0,0.4762,0.1443036794662475,0.1898087263107299,0.0,0.5248707468328534,0.6188916609807404,0.6858535935417153,0.22134406424093525,0.18122572824067865,0.34711492262946964,0.5914813202385226,0.3486614222310923,0.4137500651919851
04e1eb5aaa56_CONSIDERACIONES_0,A,0.1417769376181474,1.0,0.7333,0.1972742080688476,0.2412400245666504,0.0,0.47395039327133537,0.6188916609807404,0.8370039848616339,0.4723050720199208,0.44489474950690056,0.34711492262946964,0.5711131788139154,0.5734916491185287,0.5927432206722159
04e1eb5aaa56_DECISIÓN_0,A,0.0,1.0,0.0,0.217328131198883,0.2611383199691772,0.0,0.41911613236841694,0.6188916609807404,0.3093038425074956,0.5801354401136645,0.5686903498365291,0.34711492262946964,0.5491794744527481,0.4954524337486732,0.5241161955942116
057f5cc436d1_HECHOS_0,A,2.575757575757576,1.0,0.925,0.1986026763916015,0.2745041847229004,0.0,0.9760797510364226,0.6188916609807404,0.9066866773919469,0.4794794785552127,0.6481475787791466,0.34711492262946964,0.7719649219199504,0.6582420682734131,0.6631294230834432
057f5cc436d1_CONSIDERACIONES_0,A,0.192435301924353,1.0,0.3232,0.2375556826591491,0.3009083867073059,0.0,0.49376765334204153,0.6188916609807404,0.567539138197441,0.6816384212005033,0.7810004111898937,0.34711492262946964,0.5790400828421979,0.6772172332964017,0.6722034291810908
057f5cc436d1_DECISIÓN_0,A,0.0,0.65,0.0,0.1993750929832458,0.2276062369346618,0.0,0.41911613236841694,0.2895793819404578,0.3093038425074956,0.4836550077686721,0.3629877347773993,0.34711492262946964,0.4503857907406632,0.39514947629293734,0.44374641212593147
05d2e3f2271c_HECHOS_0,A,1.3016528925619837,1.0,0.5641,0.4045480489730835,0.4196357131004333,0.0,0.8471973959680962,0.6188916609807404,0.7452093880924844,0.9875947890322412,0.9858237718377892,0.34711492262946964,0.7204119798926197,0.9143478635919785,0.8596137421663468
05d2e3f2271c_CONSIDERACIONES_0,A,0.4054844369354733,1.0,0.5,0.2310335636138916,0.2749361991882324,0.5852586206896557,0.5766009703368671,0.6188916609807404,0.7026566481648343,0.6502389582279242,0.6506085054951721,0.8363215754700837,0.4654114137879439,0.6660751293891717,0.566123660789362
05d2e3f2271c_DECISIÓN_0,A,0.0,1.0,0.0778,0.2087166905403137,0.2605551481246948,0.0,0.41911613236841694,0.6188916609807404,0.36712800624963554,0.5341636902080192,0.5651081124374953,0.34711492262946964,0.5491794744527481,0.49333631168934694,0.5238851522082946
05fe0c7e89a3_HECHOS_0,A,1.592920353982301,0.34,0.3333,0.1582309603691101,0.2016675472259521,0.0,0.8974393236306318,0.10700285732827804,0.5757663789240094,0.2776222204453806,0.2294582781862475,0.34711492262946964,0.5869421098618953,0.3526162853112293,0.4151698458852845
05fe0c7e89a3_CONSIDERACIONES_0,A,0.0,1.0,0.3854,0.196719229221344,0.2595148086547851,0.0,0.41911613236841694,0.6188916609807404,0.6174501728091097,0.4693111166245869,0.5587009611156128,0.34711492262946964,0.5491794744527481,0.5405697868272515,0.5654081339426628
05fe0c7e89a3_DECISIÓN_0,A,0.0,0.52,0.3333,0.2769802808761596,0.2975323796272278,0.0,0.41911613236841694,0.1961009823266706,0.5757663789240094,0.8340992404843289,0.7662116934528332,0.34711492262946964,0.4223422708565271,0.7362331179067844,0.7163013057136154
0835aff2f7b2_CONSIDERACIONES_0,A,0.1366490212975501,1.0,0.1111,0.2060458064079284,0.229725956916809,0.2890624999999999,0.47194790616087096,0.6188916609807404,0.3932245314653014,0.5197487283093644,0.37533719301706436,0.6191380689683679,0.48870524006806015,0.4384680086684555,0.42423743581972717
0835aff2f7b2_DECISIÓN_0,A,0.0,0.6262,0.1296,0.1812694668769836,0.2115870714187622,0.0,0.41911613236841694,0.27063121787298267,0.4080013565224258,0.3875933250807247,0.2762381947156338,0.34711492262946964,0.44470134152042073,0.36030919540370776,0.41791490080783844
08e5432af330_DECISIÓN_0,A,0.0,0.5417,0.0,0.230901300907135,0.2882275581359863,0.0,0.41911613236841694,0.2099639194046212,0.3093038425074956,0.6495873575440898,0.7219686363320157,0.34711492262946964,0.42650115197991223,0.5692166866694893,0.5832713424472108
0be911634d3b_HECHOS_0,A,0.4355716878402903,1.0,0.3214,0.1237969398498535,0.1768851280212402,0.0,0.588064670285257,0.6188916609807404,0.5660688417540632,0.1542201103142909,0.13807194684614896,0.34711492262946964,0.6167588896194841,0.27293028070578,0.3528782457184464
0be911634d3b_CONSIDERACIONES_0,A,0.4323570432357044,1.0,0.7018,0.1529850363731384,0.2097803354263305,0.0,0.5868441605354888,0.6188916609807404,0.8221981364213884,0.2554267302760657,0.26729288688708636,0.34711492262946964,0.6162706857195768,0.4290179991029687,0.47957779038404447
0be911634d3b_DECISIÓN_0,A,0.0,0.0,0.0,0.2472058534622192,0.2951812148094177,0.0,0.41911613236841694,0.03033911542470335,0.3093038425074956,0.7251721794356973,0.7555101340293717,0.34711492262946964,0.3726137107859369,0.6095130647353391,0.6143321634390321
0c26b5b6275e_DECISIÓN_0,A,0.0,1.0,0.0,0.2492591142654419,0.315207839012146,0.0,0.41911613236841694,0.6188916609807404,0.3093038425074956,0.7339434433710158,0.8360682086961764,0.34711492262946964,0.5491794744527481,0.6371889927095079,0.6371030612863288
0c6ebf783e61_HECHOS_0,A,4.752475247524752,0.65,0.0,0.2232046127319336,0.2779681086540222,0.0,0.9991909970144719,0.2895793819404578,0.3093038425074956,0.6107750827515528,0.6676486824215602,0.34711492262946964,0.6824157365990852,0.5373957905793378,0.5580476715318359
0c6ebf783e61_CONSIDERACIONES_0,A,0.2971931755641167,1.0,0.3188,0.1596043705940246,0.2077230811119079,0.0,0.5347400928732018,0.6188916609807404,0.5639430321030181,0.28362539997955327,0.2573341267583904,0.34711492262946964,0.595429058654662,0.35983330765024385,0.42098392518332417
0c6ebf783e61_DECISIÓN_0,A,0.0,0.65,0.0,0.2770748138427734,0.3201673626899719,0.0,0.41911613236841694,0.2895793819404578,0.3093038425074956,0.8343822919699617,0.8523736641649404,0.34711492262946964,0.4503857907406632,0.6822561687897155,0.6713110797332036
0d0427146a47_CONSIDERACIONES_0,A,0.0,1.0,0.3403,0.3534969091415405,0.3786271214485168,0.2232142857142857,0.41911613236841694,0.6188916609807404,0.5814441731618786,0.9634471398673828,0.9614293255447749,0.5575672442527969,0.4860437779657498,0.8482409055589493,0.7632390677863188
0d0427146a47_DECISIÓN_0,A,0.0,0.7429,0.0,0.2599927186965942,0.3157248497009277,0.0,0.41911613236841694,0.3703926622501349,0.3093038425074956,0.776803546699482,0.8378333505501016,0.34711492262946964,0.4746297748335664,0.654862576597072,0.65040237774835
0d799109865a_DECISIÓN_0,A,0.0,1.0,0.3654,0.2046244740486145,0.2514148950576782,0.0,0.41911613236841694,0.6188916609807404,0.6016165244829272,0.5120627271902847,0.508309784312134,0.34711492262946964,0.5491794744527481,0.5378029835146322,0.5616774108299568
0d799109865a_CONSIDERACIONES_0,A,0.0,1.0,0.0,0.2960203886032104,0.2940312027931213,0.0,0.41911613236841694,0.6188916609807404,0.3093038425074956,0.8836268833359676,0.7501565714553086,0.34711492262946964,0.5491794744527481,0.6712888775232283,0.6605301839655974
0d799109865a_HECHOS_0,A,0.0,1.0,0.0,0.2195156812667846,0.2663180828094482,0.0,0.41911613236841694,0.6188916609807404,0.3093038425074956,0.5916271192788727,0.6001525621896606,0.34711492262946964,0.5491794744527481,0.5094877691206959,0.535429252432057
0d799109865a_HECHOS_1,A,0.0,1.0,0.2778,0.2195156812667846,0.2663180828094482,0.0,0.41911613236841694,0.6188916609807404,0.5301596152811352,0.5916271192788727,0.6001525621896606,0.34711492262946964,0.5491794744527481,0.5757445009527877,0.5906431956254669
0d799109865a_HECHOS_2,A,0.0,1.0,0.0,0.2195156812667846,0.2663180828094482,0.0,0.41911613236841694,0.6188916609807404,0.3093038425074956,0.5916271192788727,0.6001525621896606,0.34711492262946964,0.5491794744527481,0.5094877691206959,0.535429252432057
0d799109865a_HECHOS_3,A,0.0,1.0,0.5833,0.2195156812667846,0.2663180828094482,0.0,0.41911613236841694,0.6188916609807404,0.7571460727416668,0.5916271192788727,0.6001525621896606,0.34711492262946964,0.5491794744527481,0.6438404381909473,0.6473898099905997
0d799109865a_HECHOS_4,A,0.0,1.0,1.0,0.2195156812667846,0.2663180828094482,0.0,0.41911613236841694,0.6188916609807404,0.9257617612922469,0.5916271192788727,0.6001525621896606,0.34711492262946964,0.5491794744527481,0.6944251447561213,0.6895437321282447
0d799109865a_HECHOS_5,A,0.0,1.0,1.0,0.2195156812667846,0.2663180828094482,0.0,0.41911613236841694,0.6188916609807404,0.9257617612922469,0.5916271192788727,0.6001525621896606,0.34711492262946964,0.5491794744527481,0.6944251447561213,0.6895437321282447
0d799109865a_DECISIÓN_1,A,0.0,1.0,1.0,0.2046244740486145,0.2514148950576782,0.0,0.41911613236841694,0.6188916609807404,0.9257617612922469,0.5120627271902847,0.508309784312134,0.34711492262946964,0.5491794744527481,0.6350465545574281,0.6427137200322867
0d799109865a_HECHOS_6,A,0.0,1.0,0.1481,0.2195156812667846,0.2663180828094482,0.0,0.41911613236841694,0.6188916609807404,0.4229464132668852,0.5916271192788727,0.6001525621896606,0.34711492262946964,0.5491794744527481,0.5435805403485128,0.5638398951219044
0d799109865a_DECISIÓN_2,A,0.0,1.0,0.4123,0.2046244740486145,0.2514148950576782,0.0,0.41911613236841694,0.6188916609807404,0.6383542073708626,0.5120627271902847,0.508309784312134,0.34711492262946964,0.5491794744527481,0.5488242883810128,0.5708618315519406
0d799109865a_DECISIÓN_3,A,0.0,1.0,0.5595,0.2046244740486145,0.2514148950576782,0.0,0.41911613236841694,0.6188916609807404,0.7422929069209265,0.5120627271902847,0.508309784312134,0.34711492262946964,0.5491794744527481,0.580005898246032,0.5968465064394566
0d799109865a_HECHOS_7,A,0.0,0.4333,0.0,0.2195156812667846,0.2663180828094482,0.0,0.41911613236841694,0.14763736810135245,0.3093038425074956,0.5916271192788727,0.6001525621896606,0.34711492262946964,0.40780318658893167,0.5094877691206959,0.535429252432057
0d799109865a_HECHOS_8,A,0.0,0.6352,0.1288,0.2195156812667846,0.2663180828094482,0.0,0.41911613236841694,0.2777042049049368,0.4073586967360673,0.5916271192788727,0.6001525621896606,0.34711492262946964,0.446823237630007,0.5389042253892674,0.5599429659891998
0d799109865a_DECISIÓN_4,A,0.0,0.8058,0.0,0.2046244740486145,0.2514148950576782,0.0,0.41911613236841694,0.4299345425321087,0.3093038425074956,0.5120627271902847,0.508309784312134,0.34711492262946964,0.4924923389181586,0.45010917892200275,0.4885992403360989
0d799109865a_HECHOS_9,A,0.0,1.0,0.3333,0.2195156812667846,0.2663180828094482,0.0,0.41911613236841694,0.6188916609807404,0.5757663789240094,0.5916271192788727,0.6001525621896606,0.34711492262946964,0.5491794744527481,0.58942653004565,0.6020448865361854
0d799109865a_DECISIÓN_5,A,0.0,1.0,0.1852,0.2046244740486145,0.2514148950576782,0.0,0.41911613236841694,0.6188916609807404,0.4533191992754129,0.5120627271902847,0.508309784312134,0.34711492262946964,0.5491794744527481,0.49331378595237796,0.5246030795280782
0dbbebfd3378_HECHOS_0,A,1.424581005586592,1.0,0.375,0.175383448600769,0.2460252046585083,0.0,0.8704978594871371,0.6188916609807404,0.6092454572912558,0.35780855059691874,0.47462159325924763,0.34711492262946964,0.7297321653002361,0.46828353540391854,0.5088863432908075
0dbbebfd3378_CONSIDERACIONES_0,A,0.0,1.0,0.1566,0.1640225648880005,0.2285987138748169,0.0,0.41911613236841694,0.6188916609807404,0.42986239930882475,0.3034584399842264,0.368748535176325,0.34711492262946964,0.5491794744527481,0.3609666563392355,0.42126728109066136
0dbbebfd3378_DECISIÓN_0,A,0.0,0.52,0.0,0.2376773357391357,0.2448464035987854,0.0,0.41911613236841694,0.1961009823266706,0.3093038425074956,0.6822097721176347,0.46727359800431933,0.34711492262946964,0.4223422708565271,0.5058571410005983,0.5293843072373502
0ed77f2cfbb0_HECHOS_0,A,2.4884792626728114,1.0,1.0,0.1523600220680236,0.2047284245491027,0.0,0.9726707318674518,0.6188916609807404,0.9257617612922469,0.252861448067789,0.24327758802855795,0.34711492262946964,0.770601314252362,0.45185638402335704,0.49869528722464396
0ed77f2cfbb0_CONSIDERACIONES_0,A,0.2014173815740395,1.0,0.3274,0.2001519799232483,0.2448062300682068,0.0,0.49728522353872484,0.6188916609807404,0.5709651639008034,0.487857005009347,0.4670234101828223,0.34711492262946964,0.5804471109208712,0.5065393742288264,0.5364312604978165
0ed77f2cfbb0_DECISIÓN_0,A,0.0,0.8667,0.0,0.2151415944099426,0.2893388867378235,0.0,0.41911613236841694,0.4896008763830013,0.3093038425074956,0.5685615882198954,0.7275151459054466,0.34711492262946964,0.5103922390734263,0.5384703318118409,0.5603502390433103
1017bb4b8803_HECHOS_0,A,3.7777777777777777,1.0,0.5938,0.2123857736587524,0.2716879844665527,0.0,0.9962859909194182,0.6188916609807404,0.7635111285718901,0.5538685559735171,0.6319168302564103,0.34711492262946964,0.7800474178731486,0.6401758100378969,0.6455945719732362
1017bb4b8803_CONSIDERACIONES_0,A,0.3220035778175313,1.0,0.553,0.1846451163291931,0.2323975563049316,0.0,0.5443960199759009,0.6188916609807404,0.738134808298507,0.4050786890201562,0.39113418897963353,0.34711492262946964,0.5992914294957417,0.5008121747915046,0.534417871499688
1017bb4b8803_DECISIÓN_0,A,0.0,0.5571,0.0,0.2704799771308899,0.2993080615997314,0.0,0.41911613236841694,0.2202306364657934,0.3093038425074956,0.8136969193818905,0.774075360594007,0.34711492262946964,0.4295811670982639,0.650492528683207,0.6455308920640488
101c3e12caf1_CONSIDERACIONES_0,A,0.3310852237890864,1.0,0.3524,0.1877030134201049,0.2357869148254394,0.0,0.5479225524458464,0.6188916609807404,0.5912071504544983,0.4211301062340966,0.4115043834803391,0.34711492262946964,0.6007020424837198,0.46926550267408984,0.5075939308280444
101c3e12caf1_DECISIÓN_0,A,0.0,0.832,0.0,0.2567518353462219,0.2815765142440796,0.0,0.41911613236841694,0.4554571198795302,0.3093038425074956,0.7644009614425132,0.6873688940365873,0.34711492262946964,0.500149112122385,0.6047622055402302,0.6090654880428807
106207e34d1f_DECISIÓN_0,A,0.0,1.0,0.0,0.2339910268783569,0.2741550803184509,0.90625,0.41911613236841694,0.6188916609807404,0.3093038425074956,0.6646591684584183,0.6461531692118229,0.9464547724273565,0.369377519513382,0.5525007708991629,0.4489710489818838
11c114614955_CONSIDERACIONES_0,A,0.059008654602675,1.0,0.3651,0.2222058176994323,0.2824698090553283,0.0,0.44177560948436084,0.6188916609807404,0.601377302143033,0.6056216556199718,0.6921513290040872,0.34711492262946964,0.5582432652991256,0.6303072515921249,0.6356456699468777
11c114614955_DECISIÓN_0,A,0.0,1.0,0.0,0.2268676161766052,0.2579812407493591,0.0,0.41911613236841694,0.6188916609807404,0.3093038425074956,0.6294564093450067,0.549221006106979,0.34711492262946964,0.5491794744527481,0.5093400183223451,0.5340451504312267
11c114614955_DECISIÓN_1,A,0.0,0.3714,0.0,0.2268676161766052,0.2579812407493591,0.0,0.41911613236841694,0.11944271600405901,0.3093038425074956,0.6294564093450067,0.549221006106979,0.34711492262946964,0.3993447909597436,0.5093400183223451,0.5340451504312267
128907d4b8ab_HECHOS_0,A,0.0,1.0,0.1008,0.1765409708023071,0.2216670513153076,0.0,0.41911613236841694,0.6188916609807404,0.3850794982197288,0.3635879853071793,0.32937555866930834,0.34711492262946964,0.5491794744527481,0.3597717111895829,0.4182671752885191
128907d4b8ab_CONSIDERACIONES_0,A,0.0,1.0,0.2564,0.2362434267997741,0.2721015810966491,0.0,0.41911613236841694,0.6188916609807404,0.5123958154212979,0.6754408119583271,0.6343203716497386,0.34711492262946964,0.5491794744527481,0.6141911809046418,0.6198883058293633
128907d4b8ab_DECISIÓN_0,A,0.0,0.78,0.0,0.2281113266944885,0.2796282172203064,0.0,0.41911613236841694,0.40515971731682177,0.3093038425074956,0.6357153351459498,0.6767997417433934,0.34711492262946964,0.4850598913535724,0.5501172093336466,0.5678175120806133
12c68e398fa4_CONSIDERACIONES_0,A,0.0119462419113987,1.0,0.8317,0.1360500454902649,0.1722828149795532,0.64391891891892,0.4236792602280295,0.6188916609807404,0.8769060185062606,0.1920778694598672,0.12493103195559416,0.865053713651085,0.39562308829010845,0.3773822629225033,0.33507188072320687
12c68e398fa4_DECISIÓN_0,A,0.0,0.65,0.0,0.1778882145881652,0.223412811756134,0.7673076923076924,0.41911613236841694,0.2895793819404578,0.3093038425074956,0.37036452398260516,0.3390940641376935,0.9117335262468039,0.28100020965546296,0.3426651815865988,0.290862128606718
1416ae13e1f4_DECISIÓN_0,A,0.0,0.65,0.0,0.1945481300354004,0.2475891709327697,0.9964285714285714,0.41911613236841694,0.2895793819404578,0.3093038425074956,0.4576218398990348,0.48438695046781466,0.9616119436627814,0.26603668443066975,0.42115597385220704,0.34338686148098174
143256801fef_CONSIDERACIONES_0,A,0.2353966870095902,1.0,0.5294,0.2358390092849731,0.2723278403282165,0.25,0.5105917388384339,0.6188916609807404,0.7226783468660366,0.6735182107953279,0.6356324189969156,0.5829412730403362,0.5150218119174949,0.6769005140770168,0.6250449000962691
143256801fef_DECISIÓN_0,A,0.0,1.0,0.0,0.3341352343559265,0.3682382702827453,0.0,0.41911613236841694,0.6188916609807404,0.3093038425074956,0.9454490383104147,0.9505469151338646,0.34711492262946964,0.5491794744527481,0.7561348426165739,0.7291744163775705
154480cd4a51_HECHOS_0,A,0.1169590643274853,1.0,0.3951,0.1839845776557922,0.2448161840438842,0.0,0.46426778663585605,0.6188916609807404,0.6250428798914933,0.4016366667375688,0.4670853987997146,0.34711492262946964,0.5672401361597237,0.4882931503023899,0.5241000851681787
154480cd4a51_CONSIDERACIONES_0,A,0.4573351811522471,1.0,0.4946,0.2348383069038391,0.277729332447052,0.6095890410958903,0.5962984865244931,0.6188916609807404,0.6988897594166588,0.6687358183096851,0.6663217911147752,0.8487949927710055,0.4695483950727178,0.6770577924833042,0.5721646345715629
154480cd4a51_DECISIÓN_0,A,0.0,0.65,0.0,0.2762581706047058,0.3037660121917724,0.0,0.41911613236841694,0.2895793819404578,0.3093038425074956,0.8319242945133498,0.7929828484857554,0.34711492262946964,0.4503857907406632,0.6634557251033153,0.6557259765764237
15a84895577a_CONSIDERACIONES_0,A,0.3926320891904993,1.0,0.1333,0.1712948679924011,0.2348459362983703,0.6401315789473689,0.5716780164545915,0.6188916609807404,0.4109777203802947,0.3377320460441578,0.40581534904457617,0.8633351438865702,0.4553381617100877,0.38013073924512436,0.332850852392151
15a84895577a_CONSIDERACIONES_1,A,0.3926320891904993,1.0,1.0,0.1712948679924011,0.2348459362983703,0.6401315789473689,0.5716780164545915,0.6188916609807404,0.9257617612922469,0.3377320460441578,0.40581534904457617,0.8633351438865702,0.4553381617100877,0.53456595151871,0.46154686262013905
15a84895577a_DECISIÓN_0,A,0.6153846153846154,1.0,0.202,0.1686159372329712,0.2329683303833007,0.4847560975609755,0.6542261811668251,0.6188916609807404,0.4672022151077454,0.32488239637543215,0.3945401911680468,0.7760031711928507,0.514557019403097,0.3884756804329105,0.3576996862430075
1969b99d5165_HECHOS_0,A,0.376263571695994,1.0,0.5,0.2052150964736938,0.2650902867317199,0.0,0.5653877538822226,0.6188916609807404,0.7026566481648343,0.5152574801696608,0.592759043955211,0.34711492262946964,0.6076881230582704,0.594727699703878,0.6090081825550157
1969b99d5165_DECISIÓN_0,A,0.0,1.0,0.0,0.2227383852005005,0.2715342044830322,0.0,0.41911613236841694,0.6188916609807404,0.3093038425074956,0.6083725174069629,0.6310214847586855,0.34711492262946964,0.5491794744527481,0.5254466051426395,0.5481701025127402
1969b99d5165_DECISIÓN_1,A,0.0,0.78,0.0,0.2227383852005005,0.2715342044830322,0.0,0.41911613236841694,0.40515971731682177,0.3093038425074956,0.6083725174069629,0.6310214847586855,0.34711492262946964,0.4850598913535724,0.5254466051426395,0.5481701025127402
1b2f8e6c0f9f_CONSIDERACIONES_0,A,0.0698324022346368,1.0,0.0,0.1734085083007812,0.2144520878791809,0.8286585365853657,0.4459613200331619,0.6188916609807404,0.3093038425074956,0.3480432909948774,0.29079629610381236,0.9290505466179511,0.38533686232210157,0.31924735798134335,0.2686279126277
1b2f8e6c0f9f_DECISIÓN_0,A,0.0,1.0,0.0285,0.1943843960762024,0.2385753393173217,0.2846385542168674,0.41911613236841694,0.6188916609807404,0.32991609394315113,0.45674201732284747,0.4284967530031004,0.6150965089024975,0.46878499857083966,0.41022066101301446,0.4036065151529177
1cdfc83e3657_HECHOS_0,A,0.6936416184971098,1.0,0.7083,0.2586327791213989,0.3071120977401733,0.0,0.6814116801735698,0.6188916609807404,0.8253372676091726,0.7716565492647228,0.8063889134219957,0.34711492262946964,0.6540976935748092,0.7981804740152396,0.770005525511315
1cdfc83e3657_DECISIÓN_0,A,0.0,1.0,0.0,0.2778316736221313,0.3238439559936523,0.0,0.41911613236841694,0.6188916609807404,0.3093038425074956,0.8366345457344961,0.8635771899638058,0.34711492262946964,0.5491794744527481,0.6865181280351889,0.6747876373122802
1d59753be972_CONSIDERACIONES_0,A,0.0,1.0,0.3403,0.356445848941803,0.3812864422798157,0.1517857142857143,0.41911613236841694,0.6188916609807404,0.5814441731618786,0.965630471372984,0.9638222148560723,0.4887823523152237,0.5066792455470218,0.849832104954579,0.7782492679533382
1d59753be972_DECISIÓN_0,A,0.0,0.65,0.0,0.2448290586471557,0.3041402101516723,0.0,0.41911613236841694,0.2895793819404578,0.3093038425074956,0.7147975694811203,0.7945155013638501,0.34711492262946964,0.4503857907406632,0.6170648309538518,0.6209711222862786
1d827284136d_DECISIÓN_0,A,0.0,0.3071,0.0,0.2116666436195373,0.2769454717636108,0.0,0.41911613236841694,0.09520623270975453,0.3093038425074956,0.5500178023672548,0.6619473690337698,0.34711492262946964,0.39207384597145223,0.5113824844092816,0.5383951590695989
1e6c5f6e8510_DECISIÓN_0,A,0.0,1.0,0.0,0.1762856245040893,0.2367097735404968,0.70625,0.41911613236841694,0.6188916609807404,0.3093038425074956,0.36230959924287287,0.41710694826655936,0.8907974660715868,0.3860747114201129,0.36284707692936563,0.31213608425205824
2132a193e2be_DECISIÓN_0,A,0.0,0.65,0.0,0.2352249026298523,0.2902739644050598,0.0,0.41911613236841694,0.2895793819404578,0.3093038425074956,0.6705875740086853,0.7321280239211111,0.34711492262946964,0.4503857907406632,0.5806645895320561,0.5921112542838634
21649e686b57_HECHOS_0,A,0.0949667616334283,1.0,0.3013,0.2554827928543091,0.2810418009757995,0.384230769230769,0.4557097882049994,0.6188916609807404,0.549577274388536,0.7594164423119053,0.6844869103581088,0.7013745055845053,0.4575390619008703,0.6739858323487555,0.5960660777633318
21649e686b57_CONSIDERACIONES_0,A,0.0,1.0,0.0467,0.2082840204238891,0.2477705478668213,0.0,0.41911613236841694,0.6188916609807404,0.34343622723111067,0.5318317707388251,0.48552037716735436,0.34711492262946964,0.5491794744527481,0.4614196896150696,0.4973656977953699
21649e686b57_DECISIÓN_0,A,0.0,0.964,0.0,0.3233330845832824,0.3489054441452026,0.0,0.41911613236841694,0.58483889363284,0.3093038425074956,0.9320508901468447,0.9221791834934057,0.34711492262946964,0.538963644248378,0.7422652638590084,0.7180630390183848
2226d308a75b_CONSIDERACIONES_0,A,0.1362088535754824,1.0,0.2056,0.1595999002456665,0.1896116137504577,0.0,0.47177605873618594,0.6188916609807404,0.47018451030588854,0.28360573331668204,0.18049512718912428,0.34711492262946964,0.5702434449998557,0.3086461845751767,0.3783286448428639
2226d308a75b_DECISIÓN_0,A,0.0,1.0,0.0,0.2216687202453613,0.2675043940544128,0.0,0.41911613236841694,0.6188916609807404,0.3093038425074956,0.6028406008628411,0.60725322401778,0.34711492262946964,0.5491794744527481,0.5161033603027191,0.5405684623642774
23bbdee45fd6_HECHOS_0,A,2.0,0.6786,0.4762,0.2077707052230835,0.2549077272415161,0.0,0.9430436943500902,0.31335596641170077,0.6858535935417153,0.5290634101938742,0.5301205785177558,0.34711492262946964,0.6670897908747054,0.5764176156953911,0.5932895815471361
23bbdee45fd6_CONSIDERACIONES_0,A,0.4884955752212389,1.0,0.3246,0.1687359809875488,0.223815381526947,0.0,0.607992586670862,0.6188916609807404,0.568681881500112,0.32545276518230365,0.34135488804989716,0.34711492262946964,0.624730056173726,0.4031921369379242,0.45572203741629946
23bbdee45fd6_DECISIÓN_0,A,0.0,0.4333,0.0,0.2381545901298523,0.2848967909812927,0.0,0.41911613236841694,0.14763736810135245,0.3093038425074956,0.6844459207804781,0.704936315457743,0.34711492262946964,0.40780318658893167,0.5780504157017629,0.5894708311995591
254d6cd44092_CARGOS_0,A,0.0,1.0,0.1389,0.1780096292495727,0.2187767624855041,0.0,0.41911613236841694,0.6188916609807404,0.41549484109549084,0.37097779238664164,0.3136043650813502,0.34711492262946964,0.5491794744527481,0.36712087880770894,0.4241451547343088
254d6cd44092_DECISIÓN_0,A,0.0,0.78,0.0,0.2211690545082092,0.2696484923362732,0.0,0.41911613236841694,0.40515971731682177,0.3093038425074956,0.6002473815040195,0.619970589637064,0.34711492262946964,0.4850598913535724,0.5188812822449757,0.5429698379614518
2556aa061d8a_CONSIDERACIONES_0,A,0.1807676434172513,1.0,0.1905,0.1617668271064758,0.2100143432617187,0.0,0.4891993272509097,0.6188916609807404,0.45769215960202825,0.29323461830742864,0.2684410512834698,0.34711492262946964,0.5772127524057451,0.3351338105886209,0.4000807036877092
2556aa061d8a_DECISIÓN_0,A,0.0,1.0,0.2803,0.386972963809967,0.414644181728363,0.3861940298507461,0.41911613236841694,0.6188916609807404,0.5322307147999116,0.9819537605382578,0.983968359049844,0.7029619489257496,0.44242536656386405,0.8476412263702299,0.7330435068387663
26dfc2f55292_CONSIDERACIONES_0,A,0.3614127954732135,1.0,0.4583,0.175675094127655,0.246042788028717,0.4123913043478265,0.5596624110359563,0.6188916609807404,0.6728837291106952,0.3592609041480854,0.4747312894877038,0.7236684915563634,0.49243191524169566,0.4879888672387539,0.44994832758275266
26dfc2f55292_DECISIÓN_0,A,0.0,1.0,0.0,0.2156969904899597,0.2769352793693542,0.7083333333333334,0.41911613236841694,0.6188916609807404,0.3093038425074956,0.5715090560438091,0.6618903044110362,0.8915785757191317,0.3858403785258494,0.5199618664930832,0.4359355383989494
274d29962451_CONSIDERACIONES_0,A,0.0,1.0,0.1515,0.1870015263557434,0.2500327825546264,0.0,0.41911613236841694,0.6188916609807404,0.4257093430039245,0.4174318097579108,0.4996658794204245,0.34711492262946964,0.5491794744527481,0.44458529063046903,0.4871503640075666
274d29962451_DECISIÓN_0,A,0.0,0.5571,0.0,0.2961639761924743,0.3127822875976562,0.0,0.41911613236841694,0.2202306364657934,0.3093038425074956,0.883946208804684,0.827580451367656,0.34711492262946964,0.4295811670982639,0.6946437716844192,0.6799819515842992
27ced80839f5_CONSIDERACIONES_0,A,0.5336358978112876,1.0,0.0897,0.1857427358627319,0.216174840927124,0.4970149253731351,0.6247125755320171,0.6188916609807404,0.3763734808335526,0.4108188518800123,0.2997646725924507,0.7841340661588189,0.5003123086593833,0.367168986779806,0.33545338068874075
27ced80839f5_DECISIÓN_0,A,0.0,1.0,0.0,0.2070708274841308,0.2456557750701904,0.3392857142857142,0.41911613236841694,0.6188916609807404,0.3093038425074956,0.5252860495699243,0.4723174394745314,0.6637555118889303,0.45418729767490984,0.4446008044225779,0.420240032988698
27d9721f69fc_HECHOS_0,A,0.1142857142857143,0.9881,0.3646,0.1565402746200561,0.2163460850715637,0.0,0.46322626345750495,0.6077464236561789,0.6009784907125897,0.27034064597233853,0.30066474465714654,0.34711492262946964,0.5634799556910147,0.3786292289998563,0.43709001810824166
27d9721f69fc_HECHOS_1,A,0.1142857142857143,0.9052,0.3925,0.1565402746200561,0.2163460850715637,0.0,0.46322626345750495,0.5275838848175561,0.6230135744588945,0.27034064597233853,0.30066474465714654,0.34711492262946964,0.539431194039428,0.3852397541237477,0.44259878904481786
27d9721f69fc_HECHOS_2,A,0.1142857142857143,1.0,0.6301,0.1565402746200561,0.2163460850715637,0.0,0.46322626345750495,0.6188916609807404,0.7846184171312449,0.27034064597233853,0.30066474465714654,0.34711492262946964,0.5668235268883832,0.43372120692545285,0.4829999997129055
27d9721f69fc_DECISIÓN_0,A,0.0,1.0,0.0,0.193231463432312,0.2739638686180115,0.5510204081632651,0.41911613236841694,0.6188916609807404,0.3093038425074956,0.45055469346080934,0.6450586252700413,0.8173850233965317,0.4080984442226294,0.46653061771758486,0.41028002030332067
2a3b67dd8318_HECHOS_0,A,0.9375,1.0,0.4722,0.1966512203216552,0.2679123878479004,0.0,0.758101530802909,0.6188916609807404,0.682979453838893,0.4689443751919469,0.6096849916355346,0.34711492262946964,0.6847736338265449,0.575377083719107,0.594426439400297
2a3b67dd8318_DECISIÓN_0,A,0.0,0.5938,0.0,0.1789275407791137,0.2344019412994384,0.0,0.41911613236841694,0.24612602512399806,0.3093038425074956,0.375627531653549,0.4031396675962133,0.34711492262946964,0.4373497836957253,0.3639840656925323,0.42137615249609806
2b419c8e9255_HECHOS_0,A,2.3300970873786406,1.0,1.0,0.2034642696380615,0.2709660530090332,0.0,0.965241810151784,0.6188916609807404,0.9257617612922469,0.5057844056618368,0.6277057739806816,0.34711492262946964,0.7676297455660949,0.6683540228466133,0.6706792209908893
2b419c8e9255_CARGOS_0,A,0.1908396946564885,1.0,0.5385,0.1941655874252319,0.2665119767189026,0.0,0.49314283472246995,0.6188916609807404,0.7287044261615413,0.45556667368330284,0.6013160809095115,0.34711492262946964,0.5787901553943693,0.581232821594637,0.5997521443468601
2b419c8e9255_CONSIDERACIONES_0,A,0.0,1.0,0.3261,0.3020268082618713,0.3285281658172607,0.0,0.41911613236841694,0.6188916609807404,0.5699054380028205,0.8963479315178537,0.8768051176202774,0.34711492262946964,0.5491794744527481,0.7925523392940709,0.7611590338352366
2b419c8e9255_DECISIÓN_0,A,0.0,1.0,0.0,0.209208071231842,0.2838024497032165,0.0,0.41911613236841694,0.6188916609807404,0.3093038425074956,0.5368102210477224,0.6992096760680738,0.34711492262946964,0.5491794744527481,0.5172781439917598,0.5437484614323151
2cab90c8736f_CONSIDERACIONES_0,A,0.1513196480938416,1.0,0.0,0.212749183177948,0.2566084861755371,0.482339449541285,0.47767907082417105,0.6188916609807404,0.3093038425074956,0.5558120922641289,0.5407045138276004,0.7743748281348068,0.4444266781834485,0.47732734380618036,0.42437075113605127
2cab90c8736f_DECISIÓN_0,A,0.0,0.8744,0.0,0.1940190196037292,0.2552804350852966,0.0,0.41911613236841694,0.4972019143977685,0.3093038425074956,0.45477965184944097,0.5324426176639593,0.34711492262946964,0.5126725504778564,0.43443579879121286,0.4774475260718021
2d6a4e9ebe0f_DECISIÓN_0,A,0.0,1.0,0.0,0.1839373111724853,0.2143311500549316,0.8999999999999999,0.41911613236841694,0.6188916609807404,0.3093038425074956,0.4013907313840075,0.2901726877977076,0.945216834002418,0.36974890104086355,0.340399251645164,0.2812429851910194
2e0feeefc4bc_HECHOS_0,A,2.25,1.0,1.0,0.141989529132843,0.1981900930404663,0.0,0.9607771155087964,0.6188916609807404,0.9257617612922469,0.21282863555230672,0.21443879333322627,0.34711492262946964,0.7658438677088998,0.42719162060856464,0.4794757447961664
2e0feeefc4bc_DECISIÓN_0,A,0.0,0.7917,0.0,0.2443671822547912,0.2846571207046509,0.0,0.41911613236841694,0.416342978832261,0.3093038425074956,0.7127543949362686,0.7036875595604484,0.34711492262946964,0.48841486980820426,0.5889991785948906,0.5976511844719726
30899dac6eaa_HECHOS_0,A,0.324074074074074,1.0,0.4524,0.1690710186958313,0.2145073413848877,0.4017857142857142,0.5452004280193711,0.6188916609807404,0.6685489019359216,0.32704737887923413,0.29108147033015697,0.715393759564748,0.4891295416325462,0.4187080632315172,0.3949430548173403
30899dac6eaa_DECISIÓN_0,A,0.0,1.0,0.0,0.286726713180542,0.3247497081756592,0.5416666666666666,0.41911613236841694,0.6188916609807404,0.3093038425074956,0.8612844866482263,0.8662249624713169,0.8119246388047597,0.409736559600161,0.6971724361529343,0.5898826194782191
3109c1a737be_CONSIDERACIONES_0,A,0.0,1.0,0.0,0.2266101241111755,0.2705984115600586,0.2948863636363635,0.41911613236841694,0.6188916609807404,0.3093038425074956,0.6281550585932631,0.6255537887606903,0.6244334023457206,0.46598393053787274,0.5317193128177611,0.49727424492588135
3109c1a737be_CONSIDERACIONES_1,A,0.0,1.0,0.0977,0.2266101241111755,0.2705984115600586,0.2948863636363635,0.41911613236841694,0.6188916609807404,0.3826404060311678,0.6281550585932631,0.6255537887606903,0.6244334023457206,0.46598393053787274,0.5537202818748628,0.5156083858067994
3109c1a737be_DECISIÓN_0,A,0.0,0.0,0.0,0.1753888130187988,0.2359746098518371,0.0,0.41911613236841694,0.03033911542470335,0.3093038425074956,0.35783524118365356,0.4126420505885816,0.34711492262946964,0.3726137107859369,0.3597178644022846,0.41841406110322144
33b2b2c031f6_CONSIDERACIONES_0,A,0.0828239006113192,1.0,0.0694,0.2060140967369079,0.2445513606071472,0.0,0.4509954201587979,0.6188916609807404,0.3606597031917601,0.5195773433647218,0.46543655671847495,0.34711492262946964,0.5619311895689004,0.4556598153189592,0.4929742834610813
33b2b2c031f6_DECISIÓN_0,A,0.0,0.99,0.0,0.2253680229187011,0.2825757265090942,0.0,0.41911613236841694,0.6095338003446429,0.3093038425074956,0.6218516998027935,0.6927156803436962,0.34711492262946964,0.5463721162619187,0.5493465367764749,0.567637406127742
3415c8e1439b_HECHOS_0,A,0.2319160684704583,1.0,0.2024,0.2093442678451538,0.2551010251045227,0.0,0.5092290774902611,0.6188916609807404,0.46753346945180896,0.5375434028833538,0.5313250293068701,0.34711492262946964,0.5852246525014857,0.5146749107809452,0.5415546610287819
3415c8e1439b_CONSIDERACIONES_0,A,0.0,1.0,0.1771,0.2282346487045288,0.2899603247642517,0.0,0.41911613236841694,0.6188916609807404,0.44665011570736923,0.636333493378698,0.7305863240771286,0.34711492262946964,0.5491794744527481,0.6077043292868286,0.61578617343384
3415c8e1439b_DECISIÓN_0,A,0.0,0.5278,0.0,0.2173457145690918,0.2619833350181579,0.0,0.41911613236841694,0.20100274447079958,0.3093038425074956,0.5802281744527954,0.5738681838582987,0.34711492262946964,0.4238127994997658,0.4970428776908565,0.5254384744013932
341a32fb6a6c_CONSIDERACIONES_0,A,0.0,1.0,0.0,0.1775292158126831,0.236758291721344,0.0,0.41911613236841694,0.6188916609807404,0.3093038425074956,0.36855366330863526,0.4174021028162898,0.34711492262946964,0.5491794744527481,0.3654332489205897,0.422819600797643
341a32fb6a6c_CONSIDERACIONES_1,A,0.0,1.0,0.0614,0.1775292158126831,0.236758291721344,0.0,0.41911613236841694,0.6188916609807404,0.3545460330554885,0.36855366330863526,0.4174021028162898,0.34711492262946964,0.5491794744527481,0.3790059060849875,0.43413014843464126
341a32fb6a6c_HECHOS_0,A,0.0325344322741568,1.0,0.2634,0.1681578159332275,0.2132108211517334,0.5227157360406097,0.4315735797615659,0.6188916609807404,0.5182120440475982,0.32271048606523234,0.2844335744057095,0.8004792801661736,0.4181531461489964,0.3698778799620852,0.3373786943996619
341a32fb6a6c_DECISIÓN_0,A,0.0,1.0,1.0,0.1784688234329223,0.2329890727996826,0.0,0.41911613236841694,0.6188916609807404,0.9257617612922469,0.37330094252583446,0.39466416347975336,0.34711492262946964,0.5491794744527481,0.5454481544419338,0.5726737794248564
341a32fb6a6c_DECISIÓN_1,A,0.0,1.0,0.3333,0.1784688234329223,0.2329890727996826,0.0,0.41911613236841694,0.6188916609807404,0.5757663789240094,0.37330094252583446,0.39466416347975336,0.34711492262946964,0.5491794744527481,0.4404495397314626,0.4851749338327971
350095495340_CONSIDERACIONES_0,A,0.4396946564885496,1.0,0.4608,0.3110473752021789,0.3228247761726379,0.1916666666666666,0.5896284591257568,0.6188916609807404,0.674711707609654,0.9131413781177898,0.8605452176265799,0.5273023978188927,0.5633281625988571,0.825833628817986,0.7522961651806169
350095495340_DECISIÓN_0,A,0.0,1.0,0.0,0.2334115505218505,0.271924614906311,0.0,0.41911613236841694,0.6188916609807404,0.3093038425074956,0.6618567903010194,0.6332927756814143,0.34711492262946964,0.5491794744527481,0.5475217015770808,0.5647832071116393
36383edb1b72_HECHOS_0,A,4.655172413793103,1.0,1.0,0.1494903564453125,0.2184510231018066,0.0,0.9990579055568258,0.6188916609807404,0.9257617612922469,0.24130372898156208,0.31185278381425485,0.34711492262946964,0.7811561837281117,0.46780585512457534,0.5123717704452001
36383edb1b72_CONSIDERACIONES_0,A,0.585487906588824,1.0,0.3333,0.171038806438446,0.2246710062026977,0.7429054054054055,0.6435559370783358,0.6188916609807404,0.5757663789240094,0.3364930445613215,0.34618399341319767,0.9038399197192759,0.4719378972097737,0.4111823295256907,0.3506675225088431
36383edb1b72_DECISIÓN_0,A,0.0,0.65,0.0,0.2369100451469421,0.2663270235061645,0.0,0.41911613236841694,0.2895793819404578,0.3093038425074956,0.6785970202821039,0.6002062384976835,0.34711492262946964,0.4503857907406632,0.5442918324143953,0.5615336418100321
36cd99c4ff64_CONSIDERACIONES_0,A,0.0,1.0,0.6667,0.2137172818183899,0.2571847438812256,0.0,0.41911613236841694,0.6188916609807404,0.8044816563966242,0.5609810591753616,0.5442827716814007,0.34711492262946964,0.5491794744527481,0.6290217520935522,0.6360624402462207
3740f9b9c395_CONSIDERACIONES_0,A,0.1169797943991492,1.0,0.6389,0.2531579732894897,0.3217254281044006,0.7534246575342468,0.464275864193036,0.6188916609807404,0.7895244530614828,0.7500997005060408,0.8572116605973331,0.9073172493515776,0.3991826691659633,0.7940607143000611,0.6552504886962006
3740f9b9c395_DECISIÓN_0,A,0.0,0.6786,0.0,0.1810120344161987,0.2432570457458496,0.0,0.41911613236841694,0.31335596641170077,0.3093038425074956,0.3862710571631922,0.4573894271326807,0.34711492262946964,0.4575187660820361,0.38451640375732976,0.43813165003310783
385d059d4b39_HECHOS_0,A,2.1052631578947367,1.0,1.0,0.1976282596588134,0.244011640548706,0.0,0.9512807546803036,0.6188916609807404,0.9257617612922469,0.47421613618627784,0.4620785304573295,0.34711492262946964,0.7620453233775027,0.606038541999384,0.6198019292673835
385d059d4b39_CONSIDERACIONES_0,A,0.0,1.0,0.2857,0.1872476935386657,0.2545351386070251,0.0,0.41911613236841694,0.6188916609807404,0.5367004082205089,0.41872858799569224,0.5277979779690658,0.34711492262946964,0.5491794744527481,0.48684095105514935,0.5223201884202074
385d059d4b39_DECISIÓN_0,A,0.0,0.325,0.0,0.3094005584716797,0.3384051918983459,0.0,0.41911613236841694,0.10147262002636089,0.3093038425074956,0.9102712044196725,0.9011107609748252,0.34711492262946964,0.3939537621664342,0.7272328628125653,0.706262027670588
3a3a50b4d651_HECHOS_0,A,0.5564430244941427,1.0,1.0,0.1972463130950927,0.2414763569831848,0.5447560975609763,0.6330513140063491,0.6188916609807404,0.9257617612922469,0.4721545370812417,0.4463554500609458,0.8137418887651849,0.49476545726720633,0.6004969782384545,0.5219272862096337
3a3a50b4d651_DECISIÓN_0,A,0.0,0.0,0.0,0.1480270624160766,0.2237956523895263,0.7852941176470587,0.41911613236841694,0.03033911542470335,0.3093038425074956,0.23555071522717064,0.3412439203194616,0.9171721218430143,0.20159655102187352,0.2893846149389554,0.24986773090628764
3a3a50b4d651_DECISIÓN_1,A,0.0,0.8706,0.0877,0.1480270624160766,0.2237956523895263,0.7852941176470587,0.41911613236841694,0.4934503724666995,0.3748131010880639,0.23555071522717064,0.3412439203194616,0.9171721218430143,0.3405299281344723,0.3090373925131259,0.26624504555142975
3a6ef04fd3f8_CONSIDERACIONES_0,A,0.0,1.0,0.3063,0.1495676636695861,0.1997961401939392,0.2616279069767442,0.41911613236841694,0.6188916609807404,0.5536912950112108,0.24161031558112922,0.2212851510316801,0.5938291478905559,0.47516520687442215,0.32913706004531895,0.3474613766069503
3a6ef04fd3f8_DECISIÓN_0,A,0.0,1.0,0.0,0.2059997320175171,0.2512195706367492,0.0,0.41911613236841694,0.6188916609807404,0.3093038425074956,0.5194997031773894,0.507088383019484,0.34711492262946964,0.5491794744527481,0.45271754892904964,0.49052498280906776
3a767d97c18e_CONSIDERACIONES_0,A,0.0935121420804639,1.0,0.4091,0.2102736830711364,0.2775629162788391,0.4880893300248137,0.455144608309601,0.6188916609807404,0.6358930095002788,0.5425421912667695,0.665395446415306,0.7782353643516167,0.4342547323125776,0.6074034132813833,0.5324376984886038
3a767d97c18e_HECHOS_0,A,0.0,0.399,0.1939,0.1632938981056213,0.222420334815979,0.6509433962264147,0.41911613236841694,0.13139095216415475,0.4605009343578983,0.30013387596593954,0.3335517472816368,0.8681928902889589,0.24660587150992558,0.35826935487823636,0.3149147551418739
3a767d97c18e_CONSIDERACIONES_1,A,0.0935121420804639,1.0,0.473,0.2102736830711364,0.2775629162788391,0.4880893300248137,0.455144608309601,0.6188916609807404,0.6835554090827266,0.5425421912667695,0.665395446415306,0.7782353643516167,0.4342547323125776,0.6217021331561177,0.5443532983842156
3a767d97c18e_DECISIÓN_0,A,0.0,1.0,0.0833,0.1698518395423889,0.2055252790451049,0.7173913043478259,0.41911613236841694,0.6188916609807404,0.3713894469965687,0.3307792021365031,0.2469664869481983,0.8949178750962006,0.38483858871272875,0.31781846103803135,0.27483916910790257
3d645ce0e116_CONSIDERACIONES_0,A,0.279467680608365,1.0,0.4032,0.1585768461227417,0.1887640953063964,0.511061946902655,0.527825121262902,0.6188916609807404,0.6313365614987131,0.2791266998700592,0.1773799501231309,0.79318538082668,0.45884193255137895,0.3542656334345769,0.32728006170114277
3d645ce0e116_HECHOS_0,A,0.2594759603154413,1.0,0.8843,0.2961939573287964,0.3112508058547973,0.5019230769230767,0.5200133659722266,0.6188916609807404,0.8945832864403517,0.8840127879340413,0.82204433377946,0.7873289337357288,0.4574741645623942,0.8685934012395601,0.7368949546880196
3d645ce0e116_DECISIÓN_0,A,0.0,0.0,0.0,0.1806255578994751,0.2092929482460022,0.2410714285714285,0.41911613236841694,0.03033911542470335,0.3093038425074956,0.3842891225415188,0.2649115493082615,0.5745250956105176,0.30439065889162253,0.32598026656133466,0.3439355655942914
3d645ce0e116_DECISIÓN_1,A,0.0,0.8633,0.0,0.1806255578994751,0.2092929482460022,0.2410714285714285,0.41911613236841694,0.4862458955166822,0.3093038425074956,0.3842891225415188,0.2649115493082615,0.5745250956105176,0.44116269291921617,0.32598026656133466,0.3439355655942914
3e95682f11cf_HECHOS_0,A,0.1839977697240033,1.0,0.6042,0.230490505695343,0.2661169767379761,0.0,0.4904638948447731,0.6188916609807404,0.7697011250991944,0.6475599961331273,0.5989445698781408,0.34711492262946964,0.5777185794432905,0.6696177069464515,0.6670064380583781
3e95682f11cf_DECISIÓN_0,A,0.0619514713474445,0.6048,0.0169,0.2114113569259643,0.2423255443572998,0.0,0.442912849170139,0.25427536739537804,0.3214416472800154,0.5486493416233904,0.4516114980231225,0.34711492262946964,0.4493132730978281,0.45137568024029756,0.4884351042869076
3f6c6c737fa1_CONSIDERACIONES_0,A,0.3332858567155676,1.0,0.0,0.2302101254463195,0.2803515791893005,0.4122641509433965,0.5487763794192148,0.6188916609807404,0.3093038425074956,0.6461731967998101,0.6807457082147982,0.7235701686588314,0.4881069994642586,0.5554841439366122,0.49665031298875023
3f6c6c737fa1_DECISIÓN_0,A,0.0,1.0,0.0,0.1840701103210449,0.2436821460723877,0.0,0.41911613236841694,0.6188916609807404,0.3093038425074956,0.4020818331937241,0.4600301546938444,0.34711492262946964,0.5491794744527481,0.39163293243789166,0.4435350647325583
4057d1ad8f86_CONSIDERACIONES_0,A,0.0,1.0,0.2754,0.1953201293945312,0.2142069935798645,0.1571428571428571,0.41911613236841694,0.6188916609807404,0.5281703811305739,0.4617736417361651,0.2895333059291873,0.49395900260720005,0.5051262504594289,0.4300205628123944,0.44416621376434984
4057d1ad8f86_DECISIÓN_0,A,0.0,1.0,0.0,0.258793294429779,0.2899572253227234,0.0,0.41911613236841694,0.6188916609807404,0.3093038425074956,0.7722683808236325,0.7305710608132977,0.34711492262946964,0.5491794744527481,0.620869823325691,0.6222262555513941
40bb3c6463aa_CONSIDERACIONES_0,A,0.0,1.0,0.3922,0.1414330601692199,0.1846064925193786,0.0,0.41911613236841694,0.6188916609807404,0.6227791444745674,0.2108170058976674,0.1627076485514329,0.34711492262946964,0.5491794744527481,0.319972840266867,0.3901938154999064
40bb3c6463aa_DECISIÓN_0,A,0.0,0.7429,0.0,0.298831582069397,0.3257029056549072,0.0,0.41911613236841694,0.3703926622501349,0.3093038425074956,0.8897415055335095,0.8689643707954651,0.34711492262946964,0.4746297748335664,0.709377066204292,0.692066520459899
41ceffd00ab8_HECHOS_0,A,0.3827636013480983,1.0,0.2432,0.1727765798568725,0.2287437319755554,0.5585294117647058,0.5678882909023523,0.6188916609807404,0.501420197678954,0.3449449856812762,0.36959347605628834,0.8216788101760539,0.4663191716023468,0.39928209639308315,0.3569011521029827
41ceffd00ab8_DECISIÓN_0,A,0.0,1.0,0.0766,0.233534574508667,0.2777570486068725,0.3673076923076922,0.41911613236841694,0.6188916609807404,0.3662009647912761,0.6624526995599147,0.6664759469040559,0.6874919799629841,0.4470663572526937,0.5747841533325655,0.5194066417992106
424b3b2ff0d9_HECHOS_0,A,0.3056953963728999,1.0,0.9028,0.2218385934829712,0.2483415603637695,0.4826747720364749,0.5380523637526847,0.6188916609807404,0.9002478056579998,0.6037209210585979,0.4890895594913649,0.77460126951742,0.46850806294007,0.6582895779682485,0.5735303637014365
424b3b2ff0d9_DECISIÓN_0,A,0.0053345187819515,1.0,0.1012,0.1922627687454223,0.2446751594543457,0.0,0.4211521076348747,0.6188916609807404,0.38539464372164545,0.44536781678928217,0.4662072605489436,0.34711492262946964,0.5499938645593312,0.43362769799688955,0.4770878365785379
42adec3d5f42_HECHOS_0,A,0.380723718058652,1.0,0.7917,0.1793106794357299,0.2048555612564087,0.3270000000000001,0.5671039216658356,0.6188916609807404,0.8618073639169838,0.3775752047952088,0.24386363050569368,0.6530727947642109,0.5165872285312931,0.48273138024488677,0.4590757510913898
42adec3d5f42_CONSIDERACIONES_0,A,0.1881630746647094,1.0,0.7097,0.2439199090003967,0.2699328660964966,0.3618750000000005,0.49209475496590127,0.6188916609807404,0.826007641047605,0.7107675146704745,0.6216454186439996,0.6829614345675172,0.4776169699103275,0.7186029237756711,0.63855123241054
42adec3d5f42_DECISIÓN_0,A,0.2804532577903683,1.0,0.1181,0.1943860054016113,0.2608568072319031,0.0,0.5282099143409132,0.6188916609807404,0.3987943826215729,0.45675066371057566,0.566961980833792,0.34711492262946964,0.5928169872417466,0.4724271745208397,0.50904130545112
44413afc8bd6_HECHOS_0,A,3.1132075471698117,1.0,0.0,0.238888680934906,0.2919803857803345,0.0,0.9895515313849033,0.6188916609807404,0.3093038425074956,0.6878688294571114,0.7404173186960926,0.34711492262946964,0.7773536340593427,0.5900638801439211,0.5993679546121365
44413afc8bd6_DECISIÓN_0,A,0.0,0.52,0.0,0.2381786704063415,0.2686724066734314,0.0,0.41911613236841694,0.1961009823266706,0.3093038425074956,0.684558522684589,0.6142003501330046,0.34711492262946964,0.4223422708565271,0.5508746668659856,0.5668206204396078
456b33c2da9d_CONSIDERACIONES_0,A,0.1803885291396854,1.0,0.0,0.2245380282402038,0.2591926455497741,0.0,0.4890509159148195,0.6188916609807404,0.3093038425074956,0.6176164623141053,0.5567127779075018,0.34711492262946964,0.5771533878713091,0.5068515710501413,0.532366109272087
456b33c2da9d_CONSIDERACIONES_1,A,0.1803885291396854,1.0,0.7083,0.2245380282402038,0.2591926455497741,0.0,0.4890509159148195,0.6188916609807404,0.8253372676091726,0.6176164623141053,0.5567127779075018,0.34711492262946964,0.5771533878713091,0.6616615985806444,0.6613744655475062
466c0f272f36_HECHOS_0,A,0.3764320785597381,1.0,0.3333,0.1854572892189026,0.2171427607536316,0.0,0.5654526204433972,0.6188916609807404,0.5757663789240094,0.40932366130951287,0.30487229203274696,0.34711492262946964,0.6077140696827401,0.42792106581083206,0.473533781606149
466c0f272f36_CONSIDERACIONES_0,A,0.5017921146953406,1.0,0.3106,0.2211167812347412,0.2394335865974426,0.0,0.6129459715728273,0.6188916609807404,0.5572235014274723,0.5999757603285457,0.4337629158437138,0.34711492262946964,0.6267114101345121,0.5372862293127741,0.5583163478904662
466c0f272f36_DECISIÓN_0,A,0.0,0.65,0.0,0.2353911399841308,0.2594132423400879,0.0,0.41911613236841694,0.2895793819404578,0.3093038425074956,0.6713822134966237,0.5580743592717565,0.34711492262946964,0.4503857907406632,0.5287663459324251,0.5488362299679063
46c2cbd912ac_CONSIDERACIONES_0,A,0.1187961985216473,1.0,0.1948,0.2714903354644775,0.3180269002914428,0.4315429687500005,0.4649837057863376,0.6188916609807404,0.461244861077958,0.8169906172340768,0.8455071827809596,0.7382283217477293,0.45019248408443835,0.7188218600513059,0.6241395317854066
46c2cbd912ac_DECISIÓN_0,A,0.0,1.0,0.0,0.1783753633499145,0.2381213903427124,0.0,0.41911613236841694,0.6188916609807404,0.3093038425074956,0.37282763227955207,0.4257178006726751,0.34711492262946964,0.5491794744527481,0.36963754586587205,0.42618071595301443
46f73e71f130_HECHOS_0,A,0.1242937853107344,1.0,0.4293,0.1739230155944824,0.2468267679214477,0.0,0.4671269298090663,0.6188916609807404,0.6513053985660738,0.35057543261645097,0.4796245766758665,0.34711492262946964,0.5683837934290078,0.4795091656191625,0.5184821390695264
46f73e71f130_CONSIDERACIONES_0,A,0.2964554242749732,1.0,0.5903,0.2064037322998047,0.2386493682861328,0.0,0.5344525330784493,0.6188916609807404,0.7614023103449709,0.5216829201069594,0.42895037108082834,0.34711492262946964,0.595314034736761,0.5657789724705236,0.5846700618626437
46f73e71f130_DECISIÓN_0,A,0.0,0.65,0.0,0.2252244353294372,0.2563396096229553,0.0,0.41911613236841694,0.2895793819404578,0.3093038425074956,0.6211203196087265,0.5390334716132283,0.34711492262946964,0.4503857907406632,0.5029493220797078,0.528997439886905
47c342aab276_CONSIDERACIONES_0,A,0.0843170320404721,1.0,0.0972,0.1837033033370971,0.2268877625465393,0.0,0.4515746596260572,0.6188916609807404,0.3822475534955918,0.40017388316663116,0.358841669724482,0.34711492262946964,0.5621628853558042,0.3823963202326746,0.43590148622911384
47c342aab276_DECISIÓN_0,A,0.0,0.5938,0.0,0.2178012132644653,0.2761328220367431,0.0,0.41911613236841694,0.24612602512399806,0.3093038425074956,0.582628473265014,0.6573828658351548,0.34711492262946964,0.4373497836957253,0.5230574018088008,0.5470372345392729
492a5569c657_CONSIDERACIONES_0,A,0.0783103939250118,1.0,0.14,0.1855517625808715,0.2271763086318969,0.0,0.4492452819701023,0.6188916609807404,0.41638382910271937,0.40981833556520514,0.3605042754188217,0.34711492262946964,0.5612311342934222,0.3969937655825444,0.4477445422740529
492a5569c657_DECISIÓN_0,A,0.0,0.325,0.0,0.224632978439331,0.250232458114624,0.0,0.41911613236841694,0.10147262002636089,0.3093038425074956,0.6181018870174719,0.5009147848966319,0.34711492262946964,0.3939537621664342,0.49030634302822707,0.5185622384303795
49c68763984e_CONSIDERACIONES_0,A,0.0989486703772418,1.0,0.244,0.2080582380294799,0.2344216704368591,0.3971861471861475,0.4572575039598007,0.6188916609807404,0.5020855320977075,0.5306143348033563,0.40325844179933895,0.7117590420631272,0.4550427872592042,0.48384892609045643,0.443168485502643
49c68763984e_DECISIÓN_0,A,0.0,1.0,0.1852,0.1789117455482483,0.2130253314971923,0.0,0.41911613236841694,0.6188916609807404,0.4533191992754129,0.3755473229007746,0.28348999053807616,0.34711492262946964,0.5491794744527481,0.3712616861043566,0.42744350979771073
4a602a4e9037_CONSIDERACIONES_0,A,0.1808077645585473,1.0,0.2056,0.1213095784187316,0.1702311635017395,0.5780660377358499,0.489215033529859,0.6188916609807404,0.47018451030588854,0.1473251177593385,0.11942668202992976,0.8324790985562114,0.4316097821393023,0.23581340480448088,0.22510451370051388
4a602a4e9037_DECISIÓN_0,A,0.0,1.0,0.3333,0.1579397916793823,0.2099133133888244,1.0,0.41911613236841694,0.6188916609807404,0.5757663789240094,0.2763596184161372,0.26794496326391715,0.9621184448064667,0.36467841779964894,0.36365725002283283,0.3014120321105294
4c84260b1cda_CONSIDERACIONES_0,A,0.1841997544003274,1.0,0.1149,0.1856675744056701,0.2171405553817749,0.6659482758620686,0.49054297438883626,0.6188916609807404,0.39624481995785193,0.4104249896141246,0.30486059906557444,0.8746911643331122,0.41947733874982296,0.37450162155267774,0.3234656187734715
4c84260b1cda_DECISIÓN_0,A,0.0,0.8667,0.0,0.258207619190216,0.275262713432312,0.0,0.41911613236841694,0.4896008763830013,0.3093038425074956,0.7700303924566477,0.6524631591350899,0.34711492262946964,0.5103922390734263,0.5965422574754348,0.6020278836217468
4d04f54b0199_CONSIDERACIONES_0,A,0.0898692810457516,1.0,0.9091,0.1830119490623474,0.2458891868591308,0.0,0.453729716141141,0.6188916609807404,0.9021141716922164,0.3965860581233737,0.47377311141386497,0.34711492262946964,0.5630249079618377,0.5714006081811739,0.5935246536876385
4d04f54b0199_DECISIÓN_0,A,0.0,1.0,0.0,0.1287993192672729,0.1617840528488159,0.0,0.41911613236841694,0.6188916609807404,0.3093038425074956,0.1688831984983258,0.09892679111055981,0.34711492262946964,0.5491794744527481,0.19002246948474694,0.2832996334281177
4e618123e250_HECHOS_0,A,0.0,1.0,0.1042,0.2515355944633484,0.3025436401367187,0.0,0.41911613236841694,0.6188916609807404,0.3877612830563707,0.7434570937016042,0.787917454328335,0.34711492262946964,0.5491794744527481,0.6500864586960534,0.6475338279307638
4e618123e250_CONSIDERACIONES_0,A,0.0789889415481832,1.0,0.619,0.195127248764038,0.2465456128120422,0.0,0.44950831355236287,0.6188916609807404,0.7783125597410449,0.4607358125966723,0.4778692207968716,0.34711492262946964,0.5613363469263264,0.5611488592000439,0.5828432043875869
4e618123e250_DECISIÓN_0,A,0.0,1.0,0.0,0.185870885848999,0.2354150414466858,0.0,0.41911613236841694,0.6188916609807404,0.3093038425074956,0.4114906489066969,0.4092531670334827,0.34711492262946964,0.5491794744527481,0.3801633624249723,0.4336634625313597
4e65a8bde9be_CONSIDERACIONES_0,A,0.1720606308889799,1.0,0.4,0.1969836950302124,0.2393770217895507,0.0,0.4857913381978517,0.6188916609807404,0.6288553721520737,0.47073757337152194,0.43341536264712555,0.34711492262946964,0.575849556784522,0.5069762497883685,0.5373659711853624
4e65a8bde9be_DECISIÓN_0,A,0.0,1.0,0.0,0.1828758716583252,0.235212504863739,0.0,0.41911613236841694,0.6188916609807404,0.3093038425074956,0.39588117149075247,0.4080286597685679,0.34711492262946964,0.5491794744527481,0.3735522192791201,0.4286744924903477
4f02fad65f7f_CONSIDERACIONES_0,A,0.0891452543261667,1.0,0.0,0.2603964805603027,0.2943888902664184,0.5231481481481484,0.453448591459962,0.6188916609807404,0.3093038425074956,0.7783156602913858,0.7518300285270046,0.800746166648004,0.4268230848838057,0.6296664254269044,0.53862893251644
4f02fad65f7f_DECISIÓN_0,A,0.0,1.0,0.0,0.2241061329841613,0.2745169997215271,0.0,0.41911613236841694,0.6188916609807404,0.3093038425074956,0.6154054845880769,0.6482206922500846,0.34711492262946964,0.5491794744527481,0.5334195542625048,0.5545797945399242
5087ff8d325a_DECISIÓN_0,A,0.0,1.0,0.1282,0.1903538703918457,0.2475073337554931,0.7812500000000001,0.41911613236841694,0.6188916609807404,0.40687690969844653,0.4351824062074933,0.4838756008167644,0.9159765014962432,0.37852100079271594,0.44129871563756057,0.3700475491918021
509f961769e5_CONSIDERACIONES_0,A,0.072522159548751,1.0,0.942,0.1750189661979675,0.2330259084701538,0.0,0.4470027044101179,0.6188916609807404,0.911362699147331,0.35599714558621975,0.3948843546049177,0.34711492262946964,0.5603341032694285,0.5342729743601625,0.5639379225880342
509f961769e5_DECISIÓN_0,A,0.0,1.0,0.0,0.1457191705703735,0.1972197294235229,0.0,0.41911613236841694,0.6188916609807404,0.3093038425074956,0.22667157705481197,0.21037752852519723,0.34711492262946964,0.5491794744527481,0.24657304213173264,0.3284988313487228
50a93dcc78ef_HECHOS_0,A,1.9298245614035088,1.0,0.0,0.1298882961273193,0.2018384337425232,0.0,0.9368428969266434,0.6188916609807404,0.3093038425074956,0.17221872233555272,0.23021506694044142,0.34711492262946964,0.7562701802760387,0.2307431617686022,0.31712235953675616
50a93dcc78ef_CONSIDERACIONES_0,A,0.0,1.0,0.0,0.1536676287651062,0.1955800056457519,0.0,0.41911613236841694,0.6188916609807404,0.3093038425074956,0.25824779548240545,0.2036436580165212,0.34711492262946964,0.5491794744527481,0.25718336835016725,0.3362882292498319
50a93dcc78ef_DECISIÓN_0,A,0.0,1.0,0.0,0.2868260145187378,0.3096442222595215,0.0,0.41911613236841694,0.6188916609807404,0.3093038425074956,0.8615411728113059,0.816088060849207,0.34711492262946964,0.5491794744527481,0.6822340401315332,0.6703873431566735
51f6c0948856_HECHOS_0,A,0.6521739130434783,1.0,0.7083,0.2628371715545654,0.2939015626907348,0.0,0.6671455565557052,0.6188916609807404,0.8253372676091726,0.787299786805723,0.749548189435811,0.34711492262946964,0.6483912441276634,0.7873855518357843,0.7604883157770689
51f6c0948856_DECISIÓN_0,A,0.0,0.65,0.0,0.2614195346832275,0.3195604085922241,0.0,0.41911613236841694,0.2895793819404578,0.3093038425074956,0.782114190102089,0.8504526240414058,0.34711492262946964,0.4503857907406632,0.6607726160055061,0.6551503891419581
54214e95e02c_CONSIDERACIONES_0,A,0.0761099365750528,1.0,0.4,0.2500796318054199,0.2609992623329162,0.0,0.44839249468204406,0.6188916609807404,0.6288553721520737,0.7373982585404527,0.5678368012260581,0.34711492262946964,0.5608900193781989,0.6539669554296206,0.6509695363807748
54214e95e02c_DECISIÓN_0,A,0.0,1.0,0.0,0.1762661337852478,0.2182129025459289,0.0,0.41911613236841694,0.6188916609807404,0.3093038425074956,0.3622120990586781,0.31057574208255967,0.34711492262946964,0.5491794744527481,0.33084871500048785,0.3942105413392233
54f16a9edb76_CONSIDERACIONES_0,A,0.1537147736976943,1.0,0.2798,0.1898185014724731,0.2525588274002075,0.0,0.4786153389143012,0.6188916609807404,0.5318165814359537,0.4323352273846532,0.5154605490261653,0.34711492262946964,0.5729791570711017,0.48711723009249697,0.5220968663050317
54f16a9edb76_DECISIÓN_0,A,0.0,0.325,0.0,0.3091779351234436,0.3497517108917236,0.0,0.41911613236841694,0.10147262002636089,0.3093038425074956,0.9098767059204084,0.9236851058556385,0.34711492262946964,0.3939537621664342,0.7338473668771035,0.711787264341012
564e929ad9f0_CONSIDERACIONES_0,A,0.0,1.0,0.0324,0.1452664136886596,0.1875137686729431,0.0,0.41911613236841694,0.6188916609807404,0.33279061837188856,0.2249577240468004,0.1728614290993769,0.34711492262946964,0.5491794744527481,0.2416787038600998,0.32447734455596255
564e929ad9f0_DECISIÓN_0,A,0.0,0.6825,0.0,0.1885735988616943,0.2416362166404724,0.0,0.41911613236841694,0.3166795155458751,0.3093038425074956,0.4257321955186195,0.44734402223064007,0.34711492262946964,0.4585158308222884,0.3972872376288885,0.4474586403142259
56b1fce642a6_CONSIDERACIONES_0,A,0.081081081081081,1.0,0.2688,0.1599372029304504,0.1925180554389953,0.0,0.45031948573491914,0.6188916609807404,0.5226955614480665,0.2850919597937633,0.19150181883181555,0.34711492262946964,0.5616608157993489,0.3282959980014699,0.3946539484822056
56b1fce642a6_DECISIÓN_0,A,0.0,0.8125,0.0,0.2658995389938354,0.2774634957313537,0.0,0.41911613236841694,0.4364314785655952,0.3093038425074956,0.7981922638279343,0.6648414189106124,0.34711492262946964,0.49444141972820443,0.6115204839566062,0.6135710099770134
56ccaa67b126_CONSIDERACIONES_0,A,0.1782308933548481,1.0,0.0821,0.2211886644363403,0.2776791453361511,0.5884615384615394,0.4882063067823193,0.6188916609807404,0.3704579437464016,0.6003492622702465,0.6660425626239886,0.8380097167782581,0.42954710597367246,0.5510898568192157,0.4716279619180199
56ccaa67b126_DECISIÓN_0,A,0.0,1.0,0.0,0.1313905715942382,0.1662145256996154,0.6964285714285714,0.41911613236841694,0.6188916609807404,0.3093038425074956,0.1769055105822539,0.10925616010062705,0.8870482930199953,0.38719946333559035,0.19633020501533838,0.18030199522270776
5795a1a495c7_HECHOS_0,A,0.2827521206409048,1.0,0.2754,0.2792761325836181,0.3231721520423889,0.0,0.5291073147281973,0.6188916609807404,0.5281703811305739,0.8408644507883822,0.8615849231104232,0.34711492262946964,0.5931759473966601,0.753272371587652,0.7302751767708701
5795a1a495c7_CONSIDERACIONES_0,A,0.0,1.0,0.0897,0.2084762454032898,0.2719033360481262,0.0,0.41911613236841694,0.6188916609807404,0.3763734808335526,0.5328679645111938,0.6331691330751322,0.34711492262946964,0.5491794744527481,0.5160099699770829,0.5428230583046354
5795a1a495c7_DECISIÓN_0,A,0.0,1.0,0.0,0.2748737931251526,0.2895540595054626,0.0,0.41911613236841694,0.6188916609807404,0.3093038425074956,0.8276911193444667,0.7285810155452793,0.34711492262946964,0.5491794744527481,0.6424419051536192,0.6383555657906398
579957b654b5_CONSIDERACIONES_0,A,0.0615279439412066,1.0,0.3194,0.228492796421051,0.279218316078186,0.3801652892561983,0.4427491415498192,0.6188916609807404,0.5644338151382929,0.6376260141127009,0.674552445310457,0.6980718335203052,0.4533456048580582,0.6267462837797053,0.5614200026419367
579957b654b5_DECISIÓN_0,A,0.0,1.0,0.0,0.17840176820755,0.2507104277610779,0.3472826086956521,0.41911613236841694,0.6188916609807404,0.3093038425074956,0.3729613298473766,0.5039042533088881,0.6706209100739198,0.452127678219413,0.3931469606838658,0.3810662408935249
579957b654b5_DECISIÓN_1,A,0.0,1.0,0.2153,0.17840176820755,0.2507104277610779,0.3472826086956521,0.41911613236841694,0.6188916609807404,0.47823014712339657,0.3729613298473766,0.5039042533088881,0.6706209100739198,0.452127678219413,0.4438248520686361,0.42329781704750025
582a0ca996f8_CONSIDERACIONES_0,A,0.0,1.0,0.1111,0.1782565116882324,0.2175313830375671,0.0,0.41911613236841694,0.6188916609807404,0.3932245314653014,0.3722260832666249,0.3069367049767578,0.34711492262946964,0.5491794744527481,0.3589388042392677,0.4172851495646084
582a0ca996f8_DECISIÓN_0,A,0.0,0.4313,0.0,0.1585130095481872,0.2257424592971801,0.0,0.41911613236841694,0.14664615376574255,0.3093038425074956,0.2788486578988163,0.3522761213051348,0.34711492262946964,0.40750582228824866,0.3100134523033157,0.3796266037969086
58ca5969441a_DECISIÓN_0,A,0.0,0.52,0.0,0.2422628998756408,0.2713711857795715,0.0,0.41911613236841694,0.1961009823266706,0.3093038425074956,0.7033362564140982,0.6300713631018565,0.34711492262946964,0.4223422708565271,0.563147064248445,0.5764216938006735
5b2ca880cd1d_CONSIDERACIONES_0,A,0.3211009174311926,0.8805,0.2093,0.2014222145080566,0.2446352839469909,0.4365671641791043,0.5440452548161155,0.5032246070603712,0.4732518651315239,0.49473083049266814,0.4659589996850904,0.7419648647090384,0.44599602463184607,0.4796555916420515,0.43482899241014633
5b2ca880cd1d_DECISIÓN_0,A,0.0,1.0,0.3889,0.2921719551086426,0.3281295299530029,0.0,0.41911613236841694,0.6188916609807404,0.6201966434611194,0.8747804306979273,0.8757237616583547,0.34711492262946964,0.5491794744527481,0.7986882938150132,0.7669912459633528
5b69527a56ab_HECHOS_0,A,0.0,1.0,0.5556,0.2791298031806946,0.3182598948478699,0.0,0.41911613236841694,0.6188916609807404,0.7398032302311836,0.8404400200470173,0.8462670913770723,0.34711492262946964,0.5491794744527481,0.8119971045012837,0.7792266018902753
5b69527a56ab_DECISIÓN_0,A,0.0,0.325,0.0,0.2127230763435363,0.2506457567214966,0.0,0.41911613236841694,0.10147262002636089,0.3093038425074956,0.5556725275182791,0.5034997789073902,0.34711492262946964,0.3939537621664342,0.46611009743177745,0.5004796790833113
5c15f0d320ed_CONSIDERACIONES_0,A,0.1394700139470014,1.0,0.4321,0.1271396875381469,0.1670631170272827,0.0,0.4730494159121557,0.6188916609807404,0.6534178587851706,0.1638990607089259,0.11133951735564673,0.34711492262946964,0.5707527878702435,0.2949868371258155,0.37093607772198817
5c15f0d320ed_DECISIÓN_0,A,0.0,0.7222,0.0,0.2235434055328369,0.2763554453849792,0.0,0.41911613236841694,0.3515382920291053,0.3093038425074956,0.6125175896270961,0.658636242315118,0.34711492262946964,0.46897346376725746,0.5353890612976225,0.5563173135678883
5d262916b690_CONSIDERACIONES_0,A,0.2373388151747337,1.0,0.0833,0.196390151977539,0.2442461848258972,0.4298255813953489,0.5113520144466583,0.6188916609807404,0.3713894469965687,0.4675368659051363,0.46353741168684004,0.7369431048760838,0.4691253726100603,0.4374928039670771,0.40160415346717626
5d262916b690_CONSIDERACIONES_1,A,0.2373388151747337,1.0,0.0,0.196390151977539,0.2442461848258972,0.4298255813953489,0.5113520144466583,0.6188916609807404,0.3093038425074956,0.4675368659051363,0.46353741168684004,0.7369431048760838,0.4691253726100603,0.41886712262035525,0.386082752344908
5d262916b690_CONSIDERACIONES_2,A,0.2373388151747337,1.0,0.3475,0.196390151977539,0.2442461848258972,0.4298255813953489,0.5113520144466583,0.6188916609807404,0.5872617509471154,0.4675368659051363,0.46353741168684004,0.7369431048760838,0.4691253726100603,0.5022544951522412,0.45557222945481296
5d262916b690_DECISIÓN_0,A,0.0,0.0,0.0,0.1738367080688476,0.2487558126449585,0.2191558441558441,0.41911613236841694,0.03033911542470335,0.3093038425074956,0.3501500785626115,0.4916796105416355,0.5536929175242985,0.31064031231748823,0.38035506733978397,0.3945523033262065
5d262916b690_DECISIÓN_1,A,0.0,1.0,0.0595,0.1738367080688476,0.2487558126449585,0.2191558441558441,0.41911613236841694,0.6188916609807404,0.35310090490783497,0.3501500785626115,0.4916796105416355,0.5536929175242985,0.4872060759842994,0.39349418605988573,0.40550156892629136
5d3a164339e0_HECHOS_0,A,0.5254461335095836,0.8698,0.3865,0.173940896987915,0.233802855014801,0.0,0.6216997943917687,0.4926606539731042,0.6183141671669896,0.35066358818967736,0.39953849042322287,0.34711492262946964,0.5923436371597979,0.44562123255293473,0.49023925632856236
5d3a164339e0_CONSIDERACIONES_0,A,0.0,1.0,0.0694,0.2085957527160644,0.2650842666625976,0.6749999999999998,0.41911613236841694,0.6188916609807404,0.3606597031917601,0.5335120294648558,0.5927226857694566,0.8784771137687184,0.3897708171109734,0.4994195284743073,0.4227037833260172
5d3a164339e0_CONSIDERACIONES_1,A,0.0,1.0,0.3246,0.2085957527160644,0.2650842666625976,0.6749999999999998,0.41911613236841694,0.6188916609807404,0.568681881500112,0.5335120294648558,0.5927226857694566,0.8784771137687184,0.3897708171109734,0.5618261819668129,0.4747093279031052
5d3a164339e0_CONSIDERACIONES_2,A,0.0,1.0,0.4,0.2085957527160644,0.2650842666625976,0.6749999999999998,0.41911613236841694,0.6188916609807404,0.6288553721520737,0.5335120294648558,0.5927226857694566,0.8784771137687184,0.3897708171109734,0.5798782291624014,0.48975270056609566
5d3a164339e0_DECISIÓN_0,A,0.0,1.0,0.0,0.2024643421173095,0.229303777217865,1.0,0.41911613236841694,0.6188916609807404,0.3093038425074956,0.5003718680177801,0.3728640222166167,0.9621184448064667,0.36467841779964894,0.40479910662434576,0.32822983762506874
5d3a164339e0_DECISIÓN_1,A,0.0,0.8667,0.0,0.2024643421173095,0.229303777217865,1.0,0.41911613236841694,0.4896008763830013,0.3093038425074956,0.5003718680177801,0.3728640222166167,0.9621184448064667,0.3258911824203272,0.40479910662434576,0.32822983762506874
5d3a164339e0_CONSIDERACIONES_3,A,0.0,0.97,0.0694,0.2085957527160644,0.2650842666625976,0.6749999999999998,0.41911613236841694,0.5905805587265291,0.3606597031917601,0.5335120294648558,0.5927226857694566,0.8784771137687184,0.38127748643471,0.4994195284743073,0.4227037833260172
5d9f344ca202_DECISIÓN_0,A,0.0,1.0,0.0,0.1728870272636413,0.2255252599716186,1.0,0.41911613236841694,0.6188916609807404,0.3093038425074956,0.34548556210537107,0.35103719048839,0.9621184448064667,0.36467841779964894,0.33629653474091414,0.27630723791928935
5ee19e3ec4b0_HECHOS_0,A,0.0,1.0,0.0,0.1454346179962158,0.1950984597206115,0.0,0.41911613236841694,0.6188916609807404,0.3093038425074956,0.22559336416418252,0.20169682819948476,0.34711492262946964,0.5491794744527481,0.24353754687776713,0.32600519240010595
5ee19e3ec4b0_CONSIDERACIONES_0,A,0.0508330979949166,1.0,0.053,0.2039058208465576,0.240882933139801,0.0,0.4386194378391552,0.6188916609807404,0.3481774505934836,0.5081741351014458,0.4426894863589192,0.34711492262946964,0.5569807966410434,0.4405297351262991,0.48074599024264053
5ee19e3ec4b0_DECISIÓN_0,A,0.0,1.0,0.0,0.1993764638900756,0.2333519458770752,0.0,0.41911613236841694,0.6188916609807404,0.3093038425074956,0.4836624208183481,0.3968351462619502,0.34711492262946964,0.5491794744527481,0.405306664958173,0.452210488911972
60fe3a5fe863_CONSIDERACIONES_0,A,0.0,1.0,0.3173,0.1915088295936584,0.2099549770355224,0.2616279069767442,0.41911613236841694,0.6188916609807404,0.5627155283833045,0.44133900943959975,0.2681494742565758,0.5938291478905559,0.47516520687442215,0.425795104567804,0.42135212391373883
60fe3a5fe863_DECISIÓN_0,A,0.0,0.9286,0.0,0.2136429548263549,0.2305291295051574,0.0,0.41911613236841694,0.550542433994373,0.3093038425074956,0.5605846591755774,0.3800601694772037,0.34711492262946964,0.5286747063568378,0.4310430672656408,0.4710934162229542
6142253bdf38_CONSIDERACIONES_0,A,0.155440414507772,1.0,0.3796,0.2313998341560363,0.2674022316932678,0.0,0.47928999513809434,0.6188916609807404,0.6128823933713631,0.6520404823472725,0.6066434663960479,0.34711492262946964,0.573249019560619,0.6266739508691324,0.6310706251201406
6142253bdf38_DECISIÓN_0,A,0.0,0.26,0.0,0.2613537311553955,0.302736759185791,0.0,0.41911613236841694,0.08034444460259106,0.3093038425074956,0.7818712853988469,0.7887237070895627,0.34711492262946964,0.38761530953930323,0.6421567790386562,0.6396452884930247
61c54929ab37_HECHOS_0,A,2.81767955801105,1.0,0.6167,0.1945466995239257,0.2401994466781616,0.0,0.9835009806193012,0.6188916609807404,0.7769895530220831,0.45761415190896787,0.43847489562972336,0.34711492262946964,0.7749334137531018,0.5476849953591291,0.571727373209748
61c54929ab37_CONSIDERACIONES_0,A,0.5224963715529752,1.0,0.2813,0.2390000820159912,0.2895198464393616,0.1874999999999999,0.6206123420522962,0.6188916609807404,0.53305884775633,0.6883864938632839,0.728411714341657,0.523285207334361,0.5769268729148324,0.6537957661747096,0.6172265472166097
61c54929ab37_DECISIÓN_0,A,0.0,0.4086,0.0,0.2584571242332458,0.3150908946990967,0.0,0.41911613236841694,0.13577875103262982,0.3093038425074956,0.7709856854334372,0.8356668100057437,0.34711492262946964,0.40424560146831484,0.6518854699273466,0.648115384232447
6394eb6138b1_DECISIÓN_0,A,0.3991130820399113,1.0,0.8704,0.1682840585708618,0.2323235273361206,0.0,0.5741623284947676,0.6188916609807404,0.8901423047947573,0.3233082322862806,0.390693201349969,0.34711492262946964,0.6111979529032883,0.5135739447579302,0.5477783616961718
66f4e08f6b0a_CONSIDERACIONES_0,A,0.3779946761313221,1.0,0.4,0.1853784322738647,0.2137460708618164,0.4705882352941179,0.5660540338786273,0.6188916609807404,0.6288553721520737,0.4089108970046322,0.28716696227172783,0.7663376649809518,0.4821878123513875,0.4383710591289933,0.3984113197111496
66f4e08f6b0a_DECISIÓN_0,A,0.0,1.0,0.0,0.1531708240509033,0.2230371236801147,0.5687499999999998,0.41911613236841694,0.6188916609807404,0.3093038425074956,0.25619255733533125,0.33699080514957985,0.8273955458642824,0.4050952874823042,0.29636541723125515,0.27295231994201175
688ad821ace1_DECISIÓN_0,A,0.0,0.78,0.0,0.2459641695022583,0.2924983501434326,0.0,0.41911613236841694,0.40515971731682177,0.3093038425074956,0.7197815823777245,0.7429002241171312,0.34711492262946964,0.4850598913535724,0.6035738529384779,0.6095625068435802
688ad821ace1_DECISIÓN_1,A,0.0,0.4333,0.0,0.2459641695022583,0.2924983501434326,0.0,0.41911613236841694,0.14763736810135245,0.3093038425074956,0.7197815823777245,0.7429002241171312,0.34711492262946964,0.40780318658893167,0.6035738529384779,0.6095625068435802
689bbf4b90d2_DECISIÓN_0,A,0.0,1.0,0.0,0.188876986503601,0.2272888422012329,0.0,0.41911613236841694,0.6188916609807404,0.3093038425074956,0.42733903436742143,0.3611536054567898,0.34711492262946964,0.5491794744527481,0.37207284813625424,0.42639308777540386
689bbf4b90d2_DECISIÓN_1,A,0.0,0.65,0.0,0.188876986503601,0.2272888422012329,0.0,0.41911613236841694,0.2895793819404578,0.3093038425074956,0.42733903436742143,0.3611536054567898,0.34711492262946964,0.4503857907406632,0.37207284813625424,0.42639308777540386
6cbd498b0828_CONSIDERACIONES_0,A,0.107923623281985,1.0,0.2104,0.1322786211967468,0.1907400488853454,0.7441244239631347,0.4607489327375436,0.6188916609807404,0.47416418146350053,0.17972281950482075,0.1847088383431339,0.9042487837051719,0.39869243627768797,0.26955103374391864,0.23778534406207044
6cbd498b0828_DECISIÓN_0,A,0.0,1.0,0.0,0.218173861503601,0.2751045823097229,0.0,0.41911613236841694,0.6188916609807404,0.3093038425074956,0.5845892804417422,0.6515655222495846,0.34711492262946964,0.5491794744527481,0.5220965216038209,0.5461711407958988
6fee7f9e0570_CONSIDERACIONES_0,A,0.1630818175530811,1.0,0.1373,0.2990081310272217,0.3389959335327148,0.4745154185021997,0.482278350986098,0.6188916609807404,0.41420275028537257,0.8901159669446543,0.9024199879578243,0.7690455972569726,0.4478651595115696,0.7510332082508208,0.6423813551928009
6fee7f9e0570_DECISIÓN_0,A,0.0,1.0,0.3426,0.2335430383682251,0.266707181930542,0.3275510204081631,0.41911613236841694,0.6188916609807404,0.5833051114749385,0.6624936782557158,0.602486313709764,0.6535553363161463,0.457247350346745,0.6207348988576971,0.564484892509661
70c691d7fd40_HECHOS_0,A,0.3120356612184249,1.0,0.3486,0.1763413548469543,0.2197382450103759,0.0,0.5405202175519668,0.6188916609807404,0.5881484482181367,0.36258844667484486,0.31880544640117203,0.34711492262946964,0.597741108526168,0.41712154705573057,0.46609202313138676
70c691d7fd40_DECISIÓN_0,A,0.0,0.5904,0.0,0.2398825883865356,0.2894567847251892,0.4955357142857142,0.41911613236841694,0.24364302402703336,0.3093038425074956,0.6924706827811142,0.7280994839352533,0.7831644081867783,0.3057900376994433,0.5882092710452704,0.5104591548076658
719e6b74d9fa_HECHOS_0,A,0.1324503311258278,1.0,0.0,0.2217629551887512,0.270780086517334,0.0,0.4703089573526792,0.6188916609807404,0.3093038425074956,0.6033290295241834,0.6266178476649634,0.34711492262946964,0.5696566044464529,0.5221081188614111,0.5455561468744758
719e6b74d9fa_CONSIDERACIONES_0,A,0.0684410646387832,1.0,0.0365,0.1812039613723755,0.2383511066436767,0.0,0.44542282599840677,0.6188916609807404,0.33582602817213736,0.38725670672526075,0.4271234864546027,0.34711492262946964,0.5597021519047439,0.38378753707812635,0.43749140614836923
719e6b74d9fa_DECISIÓN_0,A,0.0,0.78,0.0,0.1902559399604797,0.248015820980072,0.0,0.41911613236841694,0.40515971731682177,0.3093038425074956,0.434661270939791,0.4870533266147009,0.34711492262946964,0.4850598913535724,0.4127716591125754,0.4600646890365925
724eee2e14b8_HECHOS_0,A,0.0,1.0,0.1852,0.2170407176017761,0.2406801581382751,0.0,0.41911613236841694,0.6188916609807404,0.4533191992754129,0.5786188288963608,0.44143822308578573,0.34711492262946964,0.5491794744527481,0.499874758266904,0.527852019733314
724eee2e14b8_CONSIDERACIONES_0,A,0.0,1.0,0.0778,0.2486332654953003,0.2965937256813049,0.0,0.41911613236841694,0.6188916609807404,0.36712800624963554,0.7312888903312285,0.7619787193888837,0.34711492262946964,0.5491794744527481,0.6312475738240472,0.6322403639831043
724eee2e14b8_DECISIÓN_0,A,0.0,0.65,0.0,0.17999929189682,0.2551567554473877,0.0,0.41911613236841694,0.2895793819404578,0.3093038425074956,0.3810856625763512,0.5316722213268775,0.34711492262946964,0.4503857907406632,0.40472708418085246,0.4551467302056047
74e7e6f7a44e_CONSIDERACIONES_0,A,0.1367365542388331,1.0,0.8175,0.2042797803878784,0.2400199174880981,0.3068181818181818,0.47198208099740974,0.6188916609807404,0.8717154660702732,0.5101977623751525,0.4373693077324417,0.6351887892232099,0.4839036939262231,0.5968045370908754,0.5532927643185825
7645582bce3d_DECISIÓN_0,A,0.0,0.325,0.0,0.2363886833190918,0.2728567719459533,0.0,0.41911613236841694,0.10147262002636089,0.3093038425074956,0.6761299242668853,0.6386917410593993,0.34711492262946964,0.3939537621664342,0.5548506447768227,0.5704148886458954
771e9779f623_CONSIDERACIONES_0,A,0.1687247829808044,1.0,0.2421,0.1404401659965515,0.1924437284469604,0.420762711864407,0.4844859953841701,0.6188916609807404,0.5005053551218315,0.20726240293043657,0.1912140694934262,0.7300939925457715,0.46043369868415873,0.2904207885567519,0.2890897785237911
771e9779f623_DECISIÓN_0,A,0.0,1.0,0.0,0.2097376585006714,0.2295409440994262,0.3099999999999998,0.41911613236841694,0.6188916609807404,0.3093038425074956,0.5396602045498801,0.37425256009511626,0.6380347444268595,0.46190352791353106,0.4209310026007356,0.4051802131302451
771e9779f623_DECISIÓN_1,A,0.0,1.0,0.0198,0.2097376585006714,0.2295409440994262,0.3099999999999998,0.41911613236841694,0.6188916609807404,0.32354953824691624,0.5396602045498801,0.37425256009511626,0.6380347444268595,0.46190352791353106,0.42520471132256177,0.40874163706510025
7810f1a05d33_CONSIDERACIONES_0,A,0.1423909819044793,1.0,0.3016,0.2069928646087646,0.2673747539520263,0.0,0.47419023931217624,0.6188916609807404,0.5498243126303197,0.5248650833511124,0.6064794082618946,0.34711492262946964,0.5712091172302518,0.5568371496081093,0.5771124707024934
7909efeac68c_CONSIDERACIONES_0,A,0.0,1.0,0.0,0.2500492930412292,0.2743241786956787,0.0,0.41911613236841694,0.6188916609807404,0.3093038425074956,0.737271031795614,0.6471198568261743,0.34711492262946964,0.5491794744527481,0.5818355225183466,0.5908642498462078
7909efeac68c_HECHOS_0,A,0.3937210499227998,1.0,0.7391,0.2165948152542114,0.2656248807907104,0.4883522727272725,0.5720956960790614,0.6188916609807404,0.8396192737648565,0.5762629825843782,0.5959836291298314,0.7784107727416771,0.4809825449033436,0.6611860639021576,0.57609746595065
7909efeac68c_CONSIDERACIONES_1,A,0.0,1.0,0.0,0.2500492930412292,0.2743241786956787,0.0,0.41911613236841694,0.6188916609807404,0.3093038425074956,0.737271031795614,0.6471198568261743,0.34711492262946964,0.5491794744527481,0.5818355225183466,0.5908642498462078
7909efeac68c_CONSIDERACIONES_2,A,0.0,1.0,0.1111,0.2500492930412292,0.2743241786956787,0.0,0.41911613236841694,0.6188916609807404,0.3932245314653014,0.737271031795614,0.6471198568261743,0.34711492262946964,0.5491794744527481,0.6070117292056884,0.6118444220856593
7909efeac68c_DECISIÓN_0,A,0.0,0.0,0.0,0.21945321559906,0.252271294593811,0.4362704918032792,0.41911613236841694,0.03033911542470335,0.3093038425074956,0.5913002958255936,0.5136636509998596,0.7417451957679463,0.2542246288443939,0.483410366382444,0.43478292297092763
7909efeac68c_DECISIÓN_1,A,0.0,0.7281,0.0201,0.21945321559906,0.252271294593811,0.4362704918032792,0.41911613236841694,0.35686820884923753,0.3237680072783818,0.5913002958255936,0.5136636509998596,0.7417451957679463,0.35218335687175417,0.48774961581370985,0.43839896416364915
795b680b187d_CONSIDERACIONES_0,A,0.099009900990099,1.0,0.244,0.1982085108757019,0.2411863803863525,0.4066523605150219,0.4572813100172334,0.6188916609807404,0.5020855320977075,0.47734976635780435,0.44456332236764695,0.7192093242223352,0.45281722503441496,0.4749345628827281,0.43602527867921287
795b680b187d_DECISIÓN_0,A,0.0,1.0,0.2083,0.1986601948738098,0.2457725405693054,0.0,0.41911613236841694,0.6188916609807404,0.4724226414552553,0.47979032037486824,0.47304558988552453,0.34711492262946964,0.5491794744527481,0.47555659755218127,0.5108811694217615
7965f19b2b4f_CONSIDERACIONES_0,A,0.0275660775093238,1.0,0.1453,0.1615715026855468,0.2087210416793823,0.4253342245989311,0.42966517411779787,0.6188916609807404,0.4206746651160458,0.29235886881206485,0.26213462006369875,0.7335628476572477,0.43746471364416695,0.32178633307874926,0.311697412407106
7965f19b2b4f_DECISIÓN_0,A,0.0,1.0,0.0,0.1857295036315918,0.2625402212142944,0.0,0.41911613236841694,0.6188916609807404,0.3093038425074956,0.41074950382466974,0.5772717471487792,0.34711492262946964,0.5491794744527481,0.4302724784267503,0.4754457640355757
79da7d3fdfcf_CONSIDERACIONES_0,A,0.1761049723756906,1.0,1.0,0.1874747276306152,0.2191434502601623,0.5656779661016953,0.48737417828601975,0.6188916609807404,0.9257617612922469,0.41992557221636406,0.31558251086714334,0.8256926540597006,0.43290937339071983,0.5403735105343627,0.47117520889281667
79da7d3fdfcf_DECISIÓN_0,A,0.0,1.0,0.0,0.2321410775184631,0.2625518441200256,0.0,0.41911613236841694,0.6188916609807404,0.3093038425074956,0.6556730139865854,0.577342706813324,0.34711492262946964,0.5491794744527481,0.5282631703908801,0.5489405570002865
7b47a4d7d758_CONSIDERACIONES_0,A,0.0,1.0,0.0,0.2182485461235046,0.2653654813766479,0.0,0.41911613236841694,0.6188916609807404,0.3093038425074956,0.5849819374242151,0.594419990483227,0.34711492262946964,0.5491794744527481,0.5051099248669029,0.5320025549490512
7b47a4d7d758_DECISIÓN_0,A,0.0,0.2833,0.0,0.2826763987541199,0.2906116843223572,0.38671875,0.41911613236841694,0.08741165434964872,0.3093038425074956,0.8504709086042166,0.7337818219593065,0.703385398363122,0.2828543297433248,0.6531140627817273,0.5752356090253411
7b47a4d7d758_DECISIÓN_1,A,0.0,0.5984,0.0521,0.2826763987541199,0.2906116843223572,0.38671875,0.41911613236841694,0.24951240728845722,0.3474982622339282,0.8504709086042166,0.7337818219593065,0.703385398363122,0.33148455562496737,0.6645723886996571,0.5847842139569492
7de7edb69d97_CONSIDERACIONES_0,A,0.087514585764294,1.0,0.1954,0.1695042252540588,0.2056081891059875,0.3499999999999999,0.45281554539314894,0.6188916609807404,0.4617409083503155,0.3291151631682263,0.24735245595857144,0.6729375168747549,0.4649124613890553,0.3443740745599566,0.34142038665273866
7de7edb69d97_DECISIÓN_0,A,0.0,0.8667,0.0,0.2154839634895324,0.2509858012199402,0.0,0.41911613236841694,0.4896008763830013,0.3093038425074956,0.5703791169862573,0.5056264677648851,0.34711492262946964,0.5103922390734263,0.4726307398762172,0.5054233281380784
7efa27692854_HECHOS_0,A,0.5109816225907665,1.0,0.36,0.1275593042373657,0.1836532950401306,0.0,0.6163558223824964,0.6188916609807404,0.5973032008754461,0.16514795679967545,0.15948484944496052,0.34711492262946964,0.6280753504583798,0.29309559781599215,0.36931841509411034
7efa27692854_CONSIDERACIONES_0,A,0.7518072289156628,1.0,0.4074,0.2142885327339172,0.2483580112457275,0.0,0.7008586575380282,0.6188916609807404,0.634582590671618,0.5640250159111952,0.4891924059453375,0.34711492262946964,0.6618764845205926,0.5627425053495648,0.5807282694017035
7efa27692854_DECISIÓN_0,A,0.0,0.8667,0.0,0.2422110438346862,0.2656008005142212,0.0,0.41911613236841694,0.4896008763830013,0.3093038425074956,0.7031019203903797,0.5958385566996136,0.34711492262946964,0.5103922390734263,0.5527834879182847,0.5677931913929972
7ffc5e67928f_DECISIÓN_0,A,0.0,0.65,0.0,0.2333637475967407,0.2876073718070984,0.0,0.41911613236841694,0.2895793819404578,0.3093038425074956,0.6616251015229789,0.7188433563160429,0.34711492262946964,0.4503857907406632,0.5730942002562531,0.5861013456368844
828d11620a20_CONSIDERACIONES_0,A,0.0,1.0,0.1296,0.2475475668907165,0.3030334115028381,0.1895161290322579,0.41911613236841694,0.6188916609807404,0.4080013565224258,0.7266443293575049,0.7899578254149227,0.5252294176493066,0.4957451259467969,0.6500454863242064,0.6124372107617273
829402b726f2_CONSIDERACIONES_0,A,0.0,1.0,0.0,0.2585167288780212,0.3153700232505798,0.0,0.41911613236841694,0.6188916609807404,0.3093038425074956,0.7712134836015307,0.8366235834678235,0.34711492262946964,0.5491794744527481,0.652263621233208,0.648422917048395
829402b726f2_CARGOS_0,A,0.0,1.0,0.0,0.2104420661926269,0.2746514081954956,0.0,0.41911613236841694,0.6188916609807404,0.3093038425074956,0.5434469408301732,0.6489871143764467,0.34711492262946964,0.5491794744527481,0.5048660633972519,0.5331838369441436
829402b726f2_CONSIDERACIONES_1,A,0.0,1.0,0.1667,0.2585167288780212,0.3153700232505798,0.0,0.41911613236841694,0.6188916609807404,0.4381157373125562,0.7712134836015307,0.8366235834678235,0.34711492262946964,0.5491794744527481,0.6909071896747262,0.6806258907496602
829402b726f2_DECISIÓN_0,A,0.0,0.9533,0.2778,0.2370199561119079,0.2622214555740356,0.0,0.41911613236841694,0.5745431476440194,0.5301596152811352,0.6791158576073627,0.5753243993863885,0.34711492262946964,0.5358749204517317,0.6032915474432021,0.6106827764231958
8383f2a4b777_CONSIDERACIONES_0,A,0.109431995831162,1.0,0.1852,0.2148775458335876,0.2479248046875,0.0,0.4613361062742306,0.6188916609807404,0.4533191992754129,0.5671585731173131,0.48648444761213605,0.34711492262946964,0.5660674640150735,0.5088045233131899,0.5356754991311873
8383f2a4b777_DECISIÓN_0,A,0.0,1.0,0.0,0.1983354687690735,0.2441676259040832,0.0,0.41911613236841694,0.6188916609807404,0.3093038425074956,0.47803564525506914,0.4630486991204653,0.34711492262946964,0.5491794744527481,0.42292002059041595,0.4670758444576171
849bf9553f4f_DECISIÓN_0,A,0.0,0.4875,0.0,0.2844361066818237,0.3110679984092712,0.0,0.41911613236841694,0.17665189793349215,0.3093038425074956,0.855251987302255,0.8213742866499635,0.34711492262946964,0.41650754553857355,0.6813042336681399,0.6698221439541473
86612fca64bc_HECHOS_0,A,0.2547082432849645,0.941,0.191,0.2616387605667114,0.31828773021698,0.6481638418079105,0.5181487927243881,0.5626280050486497,0.4581050504160396,0.7829220239229512,0.8463576712218928,0.8669582035400116,0.4159604575423467,0.7045076260605602,0.5876006468783661
86612fca64bc_CONSIDERACIONES_0,A,0.198090692124105,1.0,0.7564,0.1978713274002075,0.2463394999504089,0.4368320610687029,0.495982372509811,0.6188916609807404,0.8472185419958611,0.4755285836999998,0.4765827262556045,0.7421609027018564,0.4614121764875896,0.5873518139554396,0.525176711632495
86612fca64bc_DECISIÓN_0,A,0.0,1.0,0.1111,0.1591324210166931,0.2044376134872436,0.0,0.41911613236841694,0.6188916609807404,0.3932245314653014,0.2815536802153571,0.2419406776514014,0.34711492262946964,0.5491794744527481,0.3031710348211537,0.37383442181788895
8695e3bbff2b_CONSIDERACIONES_0,A,0.2015677491601344,1.0,0.4667,0.2865197658538818,0.3372227549552917,0.0,0.4973441138880598,0.6188916609807404,0.6790046342723469,0.8607482610961013,0.8984431508044008,0.34711492262946964,0.5804706670606052,0.8175336399614649,0.7831634400721234
8695e3bbff2b_DECISIÓN_0,A,0.0,1.0,0.0,0.2492305040359497,0.2989830374717712,0.0,0.41911613236841694,0.6188916609807404,0.3093038425074956,0.7338224577006729,0.7726501007237175,0.34711492262946964,0.5491794744527481,0.6181151660496331,0.6212122385921113
8698957dce8f_DECISIÓN_0,A,0.0,1.0,0.0,0.1805563569068908,0.2291591167449951,0.0,0.41911613236841694,0.6188916609807404,0.3093038425074956,0.3839346480645792,0.372018106998417,0.34711492262946964,0.5491794744527481,0.3579704440776055,0.416087897269958
86c58e3302ae_CONSIDERACIONES_0,A,0.0,1.0,0.0,0.2107774019241333,0.2462407350540161,0.0,0.41911613236841694,0.6188916609807404,0.3093038425074956,0.5452478941161725,0.4759663745058754,0.34711492262946964,0.5491794744527481,0.4536802227504803,0.4904689379623006
86c58e3302ae_DECISIÓN_0,A,0.0588235294117647,1.0,0.0,0.1792446374893188,0.2010735273361206,0.3658450704225355,0.44170408888468826,0.6188916609807404,0.3093038425074956,0.3772391986502123,0.22684120856515966,0.6862757119414634,0.45646642026565837,0.31173919478188156,0.30995287997493487
86c58e3302ae_HECHOS_0,A,0.0,1.0,0.0,0.2121316194534301,0.2303980588912964,0.0,0.41911613236841694,0.6188916609807404,0.3093038425074956,0.5525083408054057,0.3792878427107873,0.34711492262946964,0.5491794744527481,0.42758084188764717,0.4684774390202985
86c58e3302ae_HECHOS_1,A,0.0,1.0,0.0,0.2121316194534301,0.2303980588912964,0.0,0.41911613236841694,0.6188916609807404,0.3093038425074956,0.5525083408054057,0.3792878427107873,0.34711492262946964,0.5491794744527481,0.42758084188764717,0.4684774390202985
86c58e3302ae_HECHOS_2,A,0.0,1.0,0.0,0.2121316194534301,0.2303980588912964,0.0,0.41911613236841694,0.6188916609807404,0.3093038425074956,0.5525083408054057,0.3792878427107873,0.34711492262946964,0.5491794744527481,0.42758084188764717,0.4684774390202985
86c58e3302ae_HECHOS_3,A,0.0,1.0,0.1458,0.2121316194534301,0.2303980588912964,0.0,0.41911613236841694,0.6188916609807404,0.42108009101401683,0.5525083408054057,0.3792878427107873,0.34711492262946964,0.5491794744527481,0.4611137164396035,0.49642150114692885
86c58e3302ae_HECHOS_4,A,0.0,0.65,0.0,0.2121316194534301,0.2303980588912964,0.0,0.41911613236841694,0.2895793819404578,0.3093038425074956,0.5525083408054057,0.3792878427107873,0.34711492262946964,0.4503857907406632,0.42758084188764717,0.4684774390202985
86c58e3302ae_HECHOS_5,A,0.0,1.0,0.0,0.2121316194534301,0.2303980588912964,0.0,0.41911613236841694,0.6188916609807404,0.3093038425074956,0.5525083408054057,0.3792878427107873,0.34711492262946964,0.5491794744527481,0.42758084188764717,0.4684774390202985
86c58e3302ae_HECHOS_6,A,0.0,0.0,0.0,0.2121316194534301,0.2303980588912964,0.0,0.41911613236841694,0.03033911542470335,0.3093038425074956,0.5525083408054057,0.3792878427107873,0.34711492262946964,0.3726137107859369,0.42758084188764717,0.4684774390202985
86c58e3302ae_HECHOS_7,A,0.0,1.0,0.1556,0.2121316194534301,0.2303980588912964,0.0,0.41911613236841694,0.6188916609807404,0.4290472769287147,0.5525083408054057,0.3792878427107873,0.34711492262946964,0.5491794744527481,0.4635038722140129,0.49841329762560327
86c58e3302ae_DECISIÓN_1,A,0.0588235294117647,1.0,0.8529,0.1792446374893188,0.2010735273361206,0.3658450704225355,0.44170408888468826,0.6188916609807404,0.8843186475351644,0.3772391986502123,0.22684120856515966,0.6862757119414634,0.45646642026565837,0.4842436362901822,0.45370658123185204
86c58e3302ae_HECHOS_8,A,0.0,1.0,0.4048,0.2121316194534301,0.2303980588912964,0.0,0.41911613236841694,0.6188916609807404,0.6325745649868636,0.5525083408054057,0.3792878427107873,0.34711492262946964,0.5491794744527481,0.5245620586314576,0.5492951196401404
86c58e3302ae_HECHOS_9,A,0.0,1.0,0.8333,0.2121316194534301,0.2303980588912964,0.0,0.41911613236841694,0.6188916609807404,0.8774794134103125,0.5525083408054057,0.3792878427107873,0.34711492262946964,0.5491794744527481,0.5980335131584922,0.6105213317460028
86c58e3302ae_DECISIÓN_2,A,0.0588235294117647,1.0,0.0,0.1792446374893188,0.2010735273361206,0.3658450704225355,0.44170408888468826,0.6188916609807404,0.3093038425074956,0.3772391986502123,0.22684120856515966,0.6862757119414634,0.45646642026565837,0.31173919478188156,0.30995287997493487
86c58e3302ae_DECISIÓN_3,A,0.0588235294117647,1.0,0.0,0.1792446374893188,0.2010735273361206,0.3658450704225355,0.44170408888468826,0.6188916609807404,0.3093038425074956,0.3772391986502123,0.22684120856515966,0.6862757119414634,0.45646642026565837,0.31173919478188156,0.30995287997493487
86c58e3302ae_DECISIÓN_4,A,0.0588235294117647,1.0,0.8333,0.1792446374893188,0.2010735273361206,0.3658450704225355,0.44170408888468826,0.6188916609807404,0.8774794134103125,0.3772391986502123,0.22684120856515966,0.6862757119414634,0.45646642026565837,0.4821918660527266,0.4519967727006391
86c58e3302ae_HECHOS_10,A,0.0,1.0,0.0,0.2121316194534301,0.2303980588912964,0.0,0.41911613236841694,0.6188916609807404,0.3093038425074956,0.5525083408054057,0.3792878427107873,0.34711492262946964,0.5491794744527481,0.42758084188764717,0.4684774390202985
86c58e3302ae_HECHOS_11,A,0.0,1.0,0.9608,0.2121316194534301,0.2303980588912964,0.0,0.41911613236841694,0.6188916609807404,0.9162866195457354,0.5525083408054057,0.3792878427107873,0.34711492262946964,0.5491794744527481,0.609675674999119,0.6202231332798585
86c58e3302ae_HECHOS_12,A,0.0,1.0,0.5556,0.2121316194534301,0.2303980588912964,0.0,0.41911613236841694,0.6188916609807404,0.7398032302311836,0.5525083408054057,0.3792878427107873,0.34711492262946964,0.5491794744527481,0.5567306582047535,0.5761022859512205
86c58e3302ae_HECHOS_13,A,0.0,1.0,0.0,0.2121316194534301,0.2303980588912964,0.0,0.41911613236841694,0.6188916609807404,0.3093038425074956,0.5525083408054057,0.3792878427107873,0.34711492262946964,0.5491794744527481,0.42758084188764717,0.4684774390202985
86c58e3302ae_HECHOS_14,A,0.0,1.0,1.0,0.2121316194534301,0.2303980588912964,0.0,0.41911613236841694,0.6188916609807404,0.9257617612922469,0.5525083408054057,0.3792878427107873,0.34711492262946964,0.5491794744527481,0.6125182175230726,0.6225919187164863
86c58e3302ae_HECHOS_15,A,0.0,1.0,1.0,0.2121316194534301,0.2303980588912964,0.0,0.41911613236841694,0.6188916609807404,0.9257617612922469,0.5525083408054057,0.3792878427107873,0.34711492262946964,0.5491794744527481,0.6125182175230726,0.6225919187164863
86c58e3302ae_DECISIÓN_5,A,0.0588235294117647,1.0,0.0,0.1792446374893188,0.2010735273361206,0.3658450704225355,0.44170408888468826,0.6188916609807404,0.3093038425074956,0.3772391986502123,0.22684120856515966,0.6862757119414634,0.45646642026565837,0.31173919478188156,0.30995287997493487
86c58e3302ae_DECISIÓN_6,A,0.0588235294117647,1.0,0.7121,0.1792446374893188,0.2010735273361206,0.3658450704225355,0.44170408888468826,0.6188916609807404,0.8271521247955649,0.3772391986502123,0.22684120856515966,0.6862757119414634,0.45646642026565837,0.4670936794683023,0.4394149505469522
86c58e3302ae_CONSIDERACIONES_1,A,0.0,0.0,0.0,0.2107774019241333,0.2462407350540161,0.0,0.41911613236841694,0.03033911542470335,0.3093038425074956,0.5452478941161725,0.4759663745058754,0.34711492262946964,0.3726137107859369,0.4536802227504803,0.4904689379623006
86c58e3302ae_CONSIDERACIONES_2,A,0.0,1.0,0.3161,0.2107774019241333,0.2462407350540161,0.0,0.41911613236841694,0.6188916609807404,0.5617329713552361,0.5452478941161725,0.4759663745058754,0.34711492262946964,0.5491794744527481,0.5294089614048024,0.5535762201742357
86c58e3302ae_DECISIÓN_7,A,0.0588235294117647,1.0,0.0,0.1792446374893188,0.2010735273361206,0.3658450704225355,0.44170408888468826,0.6188916609807404,0.3093038425074956,0.3772391986502123,0.22684120856515966,0.6862757119414634,0.45646642026565837,0.31173919478188156,0.30995287997493487
86c58e3302ae_CARGOS_0,A,0.0,1.0,0.0,0.2199970483779907,0.2328515648841858,0.0,0.41911613236841694,0.6188916609807404,0.3093038425074956,0.5941429185773807,0.3938425661512348,0.34711492262946964,0.5491794744527481,0.4486010900285714,0.4846064932120029
86c58e3302ae_DECISIÓN_8,A,0.0588235294117647,0.0,0.1667,0.1792446374893188,0.2010735273361206,0.3658450704225355,0.44170408888468826,0.03033911542470335,0.4381157373125562,0.3772391986502123,0.22684120856515966,0.6862757119414634,0.2799006565988473,0.35038276322339973,0.3421558536762
86c58e3302ae_HECHOS_16,A,0.0,1.0,0.0758,0.2121316194534301,0.2303980588912964,0.0,0.41911613236841694,0.6188916609807404,0.36558348668224855,0.5525083408054057,0.3792878427107873,0.34711492262946964,0.5491794744527481,0.444464735140073,0.48254735006398675
86c58e3302ae_DECISIÓN_9,A,0.0588235294117647,0.605,0.0,0.1792446374893188,0.2010735273361206,0.3658450704225355,0.44170408888468826,0.25442517133724074,0.3093038425074956,0.3772391986502123,0.22684120856515966,0.6862757119414634,0.3471264733726085,0.31173919478188156,0.30995287997493487
86c58e3302ae_HECHOS_17,A,0.0,1.0,0.0,0.2121316194534301,0.2303980588912964,0.0,0.41911613236841694,0.6188916609807404,0.3093038425074956,0.5525083408054057,0.3792878427107873,0.34711492262946964,0.5491794744527481,0.42758084188764717,0.4684774390202985
86c58e3302ae_HECHOS_18,A,0.0,1.0,0.1667,0.2121316194534301,0.2303980588912964,0.0,0.41911613236841694,0.6188916609807404,0.4381157373125562,0.5525083408054057,0.3792878427107873,0.34711492262946964,0.5491794744527481,0.46622441032916534,0.5006804127215636
86c58e3302ae_DECISIÓN_10,A,0.0588235294117647,0.7579,0.0535,0.1792446374893188,0.2010735273361206,0.3658450704225355,0.44170408888468826,0.3843104115067557,0.3485550445292967,0.3772391986502123,0.22684120856515966,0.6862757119414634,0.386092045423463,0.3235145553884219,0.3197656804803851
8752ccb0cdc4_CONSIDERACIONES_0,A,0.1052631578947368,1.0,0.1216,0.2091876864433288,0.2497239112854004,0.0,0.4597135433378807,0.6188916609807404,0.4015892593642904,0.5367004706495436,0.4977340042205241,0.34711492262946964,0.5654184388405336,0.4844771673352618,0.5164179725651729
8906a05addaf_HECHOS_0,A,0.1127982646420824,1.0,0.6218,0.1352063417434692,0.1861335039138794,0.0,0.4626468991776768,0.6188916609807404,0.7799155873582918,0.1892588263230257,0.16797960140209478,0.34711492262946964,0.566591781176452,0.36007208715732625,0.4243284605611104
8906a05addaf_DECISIÓN_0,A,0.0,0.78,0.3333,0.1846380233764648,0.238581895828247,0.0,0.41911613236841694,0.40515971731682177,0.5757663789240094,0.4050416778550414,0.4285369236792718,0.34711492262946964,0.4850598913535724,0.4633076619230009,0.5031653444814388
8990f6200a9b_HECHOS_0,A,0.2427184466019417,1.0,0.8019,0.1192628145217895,0.1730333566665649,0.0,0.5134576679582299,0.6188916609807404,0.8657991763781592,0.14184442231226857,0.12699835864397463,0.34711492262946964,0.5869160886886732,0.35457702943154756,0.4213297259233201
8990f6200a9b_CONSIDERACIONES_0,A,0.0,1.0,0.0707,0.2163390517234802,0.2427953481674194,0.0,0.41911613236841694,0.6188916609807404,0.36165751711477145,0.5749101277505142,0.4545240719786208,0.34711492262946964,0.5491794744527481,0.4748185278282233,0.5070954510726083
8990f6200a9b_DECISIÓN_0,A,0.0,0.65,0.0,0.2044156193733215,0.2371832728385925,0.0,0.41911613236841694,0.2895793819404578,0.3093038425074956,0.5109327558876003,0.4199899324436875,0.34711492262946964,0.4503857907406632,0.4231612348403951,0.46618028597818195
89cb54f99680_CONSIDERACIONES_0,A,0.1748743718592964,1.0,0.0,0.2011235356330871,0.2627018094062805,0.3058189655172412,0.4868925280213025,0.6188916609807404,0.3093038425074956,0.4931142658705413,0.5782579811761317,0.6342930827550827,0.49013658467621835,0.46351425345330477,0.44296611913105266
89cb54f99680_DECISIÓN_0,A,0.0,0.8625,0.0,0.2464412450790405,0.2699806094169616,0.0,0.41911613236841694,0.48545665714002334,0.3093038425074956,0.7218603644290306,0.6219263215459045,0.34711492262946964,0.5091489733005329,0.5681131949876322,0.5799426658161653
8a736052e415_CONSIDERACIONES_0,A,0.1539068666140489,1.0,0.0467,0.1768550276756286,0.1945653557777404,0.3282692307692307,0.4786904357134322,0.6188916609807404,0.34343622723111067,0.36516294946007616,0.1995578175130889,0.6541838161339091,0.4808885277394223,0.3089633932072903,0.3144606327972909
8a736052e415_HECHOS_0,A,1.2801484230055655,1.0,1.0,0.2420298457145691,0.2835963368415832,0.0,0.8427849970501666,0.6188916609807404,0.9257617612922469,0.7022822521400403,0.6981240336443858,0.34711492262946964,0.7186470203254479,0.7680786393370058,0.7472331398502763
8a736052e415_CONSIDERACIONES_1,A,0.1539068666140489,1.0,0.6012,0.1768550276756286,0.1945653557777404,0.3282692307692307,0.4786904357134322,0.6188916609807404,0.7679272725286678,0.36516294946007616,0.1995578175130889,0.6541838161339091,0.4808885277394223,0.4363107067965575,0.42058339412168017
8a736052e415_DECISIÓN_0,A,0.0,0.0,0.0,0.1784879565238952,0.1785118579864502,0.0,0.41911613236841694,0.03033911542470335,0.3093038425074956,0.373397868272699,0.1429871430337064,0.34711492262946964,0.3726137107859369,0.2850464429714402,0.3556691223412163
8a736052e415_DECISIÓN_1,A,0.0,1.0,0.0,0.1784879565238952,0.1785118579864502,0.0,0.41911613236841694,0.6188916609807404,0.3093038425074956,0.373397868272699,0.1429871430337064,0.34711492262946964,0.5491794744527481,0.2850464429714402,0.3556691223412163
8ae9435d3ce0_CONSIDERACIONES_0,A,0.4764446817029226,1.0,0.3529,0.1808246970176696,0.2377470135688781,0.2349025974025973,0.6034839249228051,0.6188916609807404,0.5916090915277901,0.38530987554049706,0.42342948543427,0.5686846400840337,0.5564556762381341,0.45863552330481683,0.4556156788858574
8ae9435d3ce0_CONSIDERACIONES_1,A,0.4764446817029226,1.0,0.2381,0.1808246970176696,0.2377470135688781,0.2349025974025973,0.6034839249228051,0.6188916609807404,0.4971786717673285,0.38530987554049706,0.42342948543427,0.5686846400840337,0.5564556762381341,0.4303063973766784,0.43200807394574203
8ae9435d3ce0_DECISIÓN_0,A,0.2562277580071174,1.0,0.0,0.1568967700004577,0.1974702477455139,0.0,0.5187431065153868,0.6188916609807404,0.3093038425074956,0.27186598693922814,0.21142059265402785,0.34711492262946964,0.589030264111536,0.2649637253241483,0.3423179203462554
8f8692086f52_CONSIDERACIONES_0,A,0.144346431435445,1.0,0.4476,0.2035070061683654,0.2321916222572326,0.2218309859154928,0.4749541178125779,0.6188916609807404,0.6650010092863093,0.5060157143180082,0.3899078908710643,0.5562474616638843,0.508774906920088,0.5188789557744153,0.504282447001969
8f8692086f52_DECISIÓN_0,A,0.0,0.8667,0.0,0.2106513977050781,0.2627240419387817,0.0,0.41911613236841694,0.4896008763830013,0.3093038425074956,0.544571312407523,0.5783936261015643,0.34711492262946964,0.5103922390734263,0.4841377655457272,0.5158727763486279
8fb4a679e739_CONSIDERACIONES_0,A,0.1622678396871945,1.0,0.1768,0.2803404927253723,0.3361907005310058,0.5283276450511953,0.4819599611195653,0.6188916609807404,0.44640346590786156,0.8439241412096451,0.896062836756639,0.8039221319343134,0.43727484316175425,0.7403095472832082,0.628009391642156
8fb4a679e739_DECISIÓN_0,A,0.2010723860589812,1.0,0.25,0.1710236072540283,0.2237078547477722,0.0,0.4971501088925133,0.6188916609807404,0.5070751421214554,0.33641957091651786,0.3407503081747391,0.34711492262946964,0.5803930650623866,0.3889154634554655,0.4434592493231101
8fba60217966_DECISIÓN_0,A,0.0,1.0,0.0,0.2139756083488464,0.2536135911941528,0.0,0.41911613236841694,0.6188916609807404,0.3093038425074956,0.5623581555193778,0.5220483803343555,0.34711492262946964,0.5491794744527481,0.4743489290603065,0.5071225178403822
8fd4f9a0479e_CONSIDERACIONES_0,A,0.5391600454029513,1.0,0.125,0.1753115057945251,0.2230774760246276,0.1563063063063062,0.6267393282810745,0.6188916609807404,0.40431042409097867,0.35745068542370795,0.3372164070936708,0.4931505232488526,0.5884180726319961,0.36543832352487804,0.3939868087735042
8fd4f9a0479e_CONSIDERACIONES_1,A,0.5391600454029513,1.0,0.3472,0.1753115057945251,0.2230774760246276,0.1563063063063062,0.6267393282810745,0.6188916609807404,0.5870198258789021,0.35745068542370795,0.3372164070936708,0.4931505232488526,0.5884180726319961,0.4202511440612551,0.4396641592204851
8fd4f9a0479e_DECISIÓN_0,A,0.0,0.0,0.0,0.2059770822525024,0.2365190386772155,0.0,0.41911613236841694,0.03033911542470335,0.3093038425074956,0.5193772810532213,0.41594721309593213,0.34711492262946964,0.3726137107859369,0.4253262291023169,0.46770296369092945
920842d40706_HECHOS_0,A,0.3108808290155441,1.0,0.5296,0.2247053384780883,0.2491568922996521,0.0,0.5400708606910444,0.6188916609807404,0.7228116713342265,0.6184716632815402,0.4941877287473637,0.34711492262946964,0.597561365781799,0.6124884853370932,0.6203683644789657
920842d40706_CONSIDERACIONES_0,A,0.25,1.0,0.5648,0.2114689350128173,0.2811467051506042,0.0,0.5163069822821256,0.6188916609807404,0.7456512912047698,0.5489580531733261,0.6850534493952785,0.34711492262946964,0.5880558144182315,0.6487946434493449,0.6529406165761159
920842d40706_DECISIÓN_0,A,0.0,0.975,0.0,0.1778043508529663,0.2359675765037536,0.0,0.41911613236841694,0.5953465538770654,0.3093038425074956,0.3699411701148817,0.41259940277308793,0.34711492262946964,0.5421159423216455,0.36454744163012776,0.42203517782871647
92de0775e7d0_DECISIÓN_0,A,0.0,0.7429,0.1458,0.1990234851837158,0.2474677562713623,0.0,0.41911613236841694,0.3703926622501349,0.42108009101401683,0.4817539683479955,0.48362831776584064,0.34711492262946964,0.4746297748335664,0.46411410997315544,0.5012803081734691
93089bb3d1b4_CONSIDERACIONES_0,A,0.2825342465753424,1.0,0.1389,0.1918444037437439,0.2251433730125427,0.444767441860465,0.5290222718442738,0.6188916609807404,0.41549484109549084,0.44313128797473,0.3488637296201962,0.7479883027803275,0.4728799161978334,0.4065600864045981,0.3744313685152753
93089bb3d1b4_DECISIÓN_0,A,0.0,0.2167,0.0,0.2549341917037964,0.2699810862541199,0.0,0.41911613236841694,0.06858166242447918,0.3093038425074956,0.7572394795897492,0.6219291266556835,0.34711492262946964,0.38408647488586967,0.5822656825848535,0.5905571016418256
93cd493c18bc_CONSIDERACIONES_0,A,0.0,1.0,0.1094,0.1902186870574951,0.2383132576942443,0.0,0.41911613236841694,0.6188916609807404,0.3918759735403296,0.4344630680443322,0.42689179857200443,0.34711492262946964,0.5491794744527481,0.4194155588514331,0.46560787891548927
93cd493c18bc_HECHOS_0,A,0.0,1.0,0.45,0.2280302047729492,0.2794346809387207,0.53125,0.41911613236841694,0.6188916609807404,0.6667773177302152,0.6353084626452418,0.6757396818715732,0.8056971016587419,0.41160482074396637,0.6568784849386333,0.5650823683622712
93cd493c18bc_DECISIÓN_0,A,0.0,1.0,0.0,0.2588635087013244,0.3248355984687805,0.5418749999999998,0.41911613236841694,0.6188916609807404,0.3093038425074956,0.7725356508559479,0.8664737754756255,0.8120476107699657,0.4096996680105992,0.6617475457373155,0.5632955775985715
93cd493c18bc_DECISIÓN_1,A,0.0,0.8065,0.1047,0.2588635087013244,0.3248355984687805,0.5418749999999998,0.41911613236841694,0.43061223888395217,0.3881562416994621,0.7725356508559479,0.8664737754756255,0.8120476107699657,0.3532158413815627,0.6854032654949055,0.5830086773965631
940bc8b01846_CONSIDERACIONES_0,A,0.4341405788541052,1.0,0.6667,0.149911344051361,0.18710458278656,0.2798507462686566,0.5875214514328524,0.6188916609807404,0.8044816563966242,0.24297650087992434,0.17140259391097662,0.610704587419567,0.537464702641493,0.38995587544425,0.3947230953569641
940bc8b01846_DECISIÓN_0,A,0.0,0.78,0.0,0.1720160245895385,0.2239472866058349,0.0,0.41911613236841694,0.40515971731682177,0.3093038425074956,0.3412334455575456,0.3420972422620632,0.34711492262946964,0.4850598913535724,0.3319137036538859,0.3957973203337595
9426d4a89f8b_CONSIDERACIONES_0,A,0.4620123203285421,1.0,0.5417,0.2070145606994629,0.2464202046394348,0.0,0.5980611058400832,0.6188916609807404,0.7308038461178897,0.5249822365461806,0.4770864246037129,0.34711492262946964,0.6207574638414145,0.572359975834953,0.5900442541183609
9426d4a89f8b_DECISIÓN_0,A,0.0,0.975,0.0,0.2500399947166443,0.3048614859580993,0.0,0.41911613236841694,0.5953465538770654,0.3093038425074956,0.7372320309808389,0.7974459498675532,0.34711492262946964,0.5421159423216455,0.6269177501048502,0.6284340728621199
9561dc53d21b_HECHOS_0,A,5.391705069124424,1.0,1.0,0.2321151494979858,0.2686864733695984,0.0,0.9997026567491003,0.6188916609807404,0.9257617612922469,0.655546254993923,0.6142837396694334,0.34711492262946964,0.7814140842050213,0.7242321522860733,0.7122522672127031
9561dc53d21b_CONSIDERACIONES_0,A,0.2254226675015654,1.0,0.2464,0.2317333817481994,0.2635508179664612,0.0,0.5066865615138095,0.6188916609807404,0.5040814816159128,0.653677282593066,0.5834293793301376,0.34711492262946964,0.584207646110905,0.5877241713210415,0.5985579154885384
9561dc53d21b_DECISIÓN_0,A,0.0,0.4333,0.0,0.2851084470748901,0.2980994582176208,0.0,0.41911613236841694,0.14763736810135245,0.3093038425074956,0.8570449080597234,0.768743528342205,0.34711492262946964,0.40780318658893167,0.6662321744787996,0.6572023306044482
963ef8d22e1d_CONSIDERACIONES_0,A,0.0618050460010159,1.0,0.0,0.1748692393302917,0.2255797982215881,0.4434237995824611,0.44285624943306073,0.6188916609807404,0.3093038425074956,0.35525422214399766,0.3513480952506551,0.7470077591707398,0.4387076703162245,0.3402972701850443,0.322337699248589
963ef8d22e1d_DECISIÓN_0,A,0.1560468140442132,1.0,0.0,0.1653279662132263,0.2299771308898925,0.6375,0.4795270910576031,0.6188916609807404,0.3093038425074956,0.3094659391075325,0.37681169659847175,0.8621302015450836,0.4188392742537383,0.3296210373748032,0.2919426261997349
997f40b40ded_CONSIDERACIONES_0,A,0.0,1.0,0.6667,0.203715980052948,0.2640262842178345,0.0,0.41911613236841694,0.6188916609807404,0.8044816563966242,0.5071467327759487,0.5863175691812884,0.34711492262946964,0.5491794744527481,0.6200984607837532,0.6304208417013688
997f40b40ded_DECISIÓN_0,A,0.0,1.0,0.0,0.2448992729187011,0.2846394181251526,0.0,0.41911613236841694,0.6188916609807404,0.3093038425074956,0.7151074062108468,0.7035952024136466,0.34711492262946964,0.5491794744527481,0.5899126759606814,0.5983339985676457
9b9937638e2e_DECISIÓN_0,A,0.0,0.0,0.0,0.1781604290008545,0.2522839903831482,0.0,0.41911613236841694,0.03033911542470335,0.3093038425074956,0.3717400648525302,0.513742999442224,0.34711492262946964,0.3726137107859369,0.395610078525928,0.44786074541729504
9b9937638e2e_DECISIÓN_1,A,0.0,1.0,0.0,0.1781604290008545,0.2522839903831482,0.0,0.41911613236841694,0.6188916609807404,0.3093038425074956,0.3717400648525302,0.513742999442224,0.34711492262946964,0.5491794744527481,0.395610078525928,0.44786074541729504
9c24fba0ba7a_HECHOS_0,A,2.535211267605634,1.0,1.0,0.2271273136138916,0.3019030690193176,0.0,0.974550952386857,0.6188916609807404,0.9257617612922469,0.6307670044933147,0.7852270517941635,0.34711492262946964,0.7713534024601241,0.765603445723249,0.747554320093703
9c24fba0ba7a_DECISIÓN_0,A,0.0,0.7222,0.0,0.2411091923713684,0.2921991944313049,0.0,0.41911613236841694,0.3515382920291053,0.3093038425074956,0.6980975358696995,0.7414680931428272,0.34711492262946964,0.46897346376725746,0.5944705950429766,0.6026992601475967
9c9810687ab3_HECHOS_0,A,0.7003891050583658,1.0,0.6979,0.1415761709213256,0.1997233629226684,0.515625,0.6837020615760785,0.6188916609807404,0.8202935269014264,0.21133301542962915,0.22097155463920298,0.7960645585648527,0.5203289553551977,0.3969127306340405,0.3645032633010756
9c9810687ab3_CONSIDERACIONES_0,A,0.6927175843694493,1.0,0.7382,0.2048836350440979,0.2404719591140747,0.0,0.6810973371353803,0.6188916609807404,0.8392156897217465,0.5134646992679512,0.4401542633015541,0.34711492262946964,0.6539719563595334,0.5891968656141707,0.6044589135103166
9c9810687ab3_DECISIÓN_0,A,0.0680015111446921,1.0,0.0,0.1874274015426635,0.2473481297492981,0.2680555555555555,0.4452527307120194,0.6188916609807404,0.3093038425074956,0.4196759782525545,0.48288093163402707,0.5998090960364919,0.4838258617680823,0.4055258235434786,0.40398716780384863
9e1ad91a5779_CONSIDERACIONES_0,A,0.2109533468559838,1.0,0.4375,0.2105736136436462,0.2666345238685608,0.4816071428571432,0.5010199932207829,0.6188916609807404,0.6574748064448513,0.5441535673113653,0.6020508731284988,0.7738797453107241,0.45391157198931803,0.5955191307965512,0.5233515410246024
9e1ad91a5779_DECISIÓN_0,A,0.0,1.0,0.0,0.2023048996925354,0.2402733564376831,1.0,0.41911613236841694,0.6188916609807404,0.3093038425074956,0.499508776424452,0.4389302295557963,0.9621184448064667,0.36467841779964894,0.4242737321887684,0.34448746198186525
9e1ad91a5779_DECISIÓN_1,A,0.0,0.7429,0.0,0.2023048996925354,0.2402733564376831,1.0,0.41911613236841694,0.3703926622501349,0.3093038425074956,0.499508776424452,0.4389302295557963,0.9621184448064667,0.29012871818046726,0.4242737321887684,0.34448746198186525
9e69f9bcbc95_DECISIÓN_0,A,0.1601423487544484,1.0,0.4048,0.1423847675323486,0.1932757496833801,0.2883064516129031,0.48112863872973693,0.6188916609807404,0.6325745649868636,0.21426590291983114,0.19445401433194323,0.6184485209964296,0.4925843974871881,0.3338149349635745,0.3473472115063651
a07146779a6d_HECHOS_0,A,0.0,1.0,0.35,0.2189452052116394,0.2677973508834839,0.0,0.41911613236841694,0.6188916609807404,0.5892761442445035,0.5886393863152625,0.608999882101137,0.34711492262946964,0.5491794744527481,0.5949385624297971,0.6067378379550948
a07146779a6d_DECISIÓN_0,A,0.0,0.2167,0.0,0.1991513967514038,0.2410056591033935,0.0,0.41911613236841694,0.06858166242447918,0.3093038425074956,0.48244549015351273,0.4434471457397254,0.34711492262946964,0.38408647488586967,0.41880349253557136,0.4634984095819652
a0a90e425086_DECISIÓN_0,A,0.0,0.0,0.0,0.1903730034828186,0.2254989743232727,0.0,0.41911613236841694,0.03033911542470335,0.3093038425074956,0.43528423941878946,0.3508873897007728,0.34711492262946964,0.3726137107859369,0.37217106542999634,0.42621009535181
a2a0d6158d9b_CONSIDERACIONES_0,A,0.0717703349282296,1.0,0.9091,0.1690243482589721,0.1994698047637939,0.0,0.4467115757479164,0.6188916609807404,0.9021141716922164,0.32682500990393254,0.2198814635443713,0.34711492262946964,0.5602176518045479,0.4673286945325493,0.5091234272544327
a2a0d6158d9b_DECISIÓN_0,A,0.0,1.0,0.0,0.1477601528167724,0.1982010006904602,0.0,0.41911613236841694,0.6188916609807404,0.3093038425074956,0.23451164248726616,0.2144847674550121,0.34711492262946964,0.5491794744527481,0.2509412399836588,0.33187766071091285
a378f835f8de_DECISIÓN_0,A,0.0,0.7562,0.0,0.2130161523818969,0.2465704679489135,0.0,0.41911613236841694,0.3827230339297974,0.3093038425074956,0.5572387759279047,0.47802437927039426,0.34711492262946964,0.4783288863374652,0.45909397690452886,0.49458070369694995
a401074525a2_CONSIDERACIONES_0,A,0.0,1.0,0.4762,0.2000654339790344,0.2473009824752807,0.2091346153846154,0.41911613236841694,0.6188916609807404,0.6858535935417153,0.48738880265359863,0.48258639223370486,0.5440992959317276,0.49008416246207065,0.5454875167940655,0.5295067780535891
a401074525a2_DECISIÓN_0,A,0.0,0.8667,0.0,0.1813793182373047,0.2227203249931335,0.0,0.41911613236841694,0.4896008763830013,0.3093038425074956,0.388158067842221,0.3352222321777554,0.34711492262946964,0.5103922390734263,0.34862104954246376,0.40815595449808517
a456317fa574_CONSIDERACIONES_0,A,0.0673249551166965,1.0,0.8696,0.1565871834754943,0.1954635381698608,0.0,0.44499094694461944,0.6188916609807404,0.8898817817049626,0.2705410473580459,0.20317151579261444,0.34711492262946964,0.5595294002832291,0.43613240819249144,0.48500265405591403
a456317fa574_DECISIÓN_0,A,0.0,1.0,0.0,0.1843945384025573,0.2268362641334533,0.0,0.41911613236841694,0.6188916609807404,0.3093038425074956,0.4037718257275131,0.3585452903424625,0.34711492262946964,0.5491794744527481,0.3618634701459927,0.41867084640484953
a4a3e6dd75b7_CONSIDERACIONES_0,A,0.0,1.0,0.1235,0.1988347768783569,0.2349516153335571,0.0,0.41911613236841694,0.6188916609807404,0.403109174178882,0.4807338926044496,0.4064530420720952,0.34711492262946964,0.5491794744527481,0.435162221917073,0.4771877373181852
a4a3e6dd75b7_DECISIÓN_0,A,0.0,1.0,0.0,0.2127842903137207,0.2429214715957641,0.0,0.41911613236841694,0.6188916609807404,0.3093038425074956,0.5559997579095225,0.45530651952380685,0.34711492262946964,0.5491794744527481,0.45178301177319974,0.48852953335478844
a4e132f42a43_DECISIÓN_0,A,0.0,1.0,0.0,0.153027594089508,0.2364599108695984,0.975,0.41911613236841694,0.6188916609807404,0.3093038425074956,0.2556020226652747,0.41558788345601033,0.958433785068448,0.3657838157210545,0.31970832685516165,0.26621678127676934
a5acda67e247_CONSIDERACIONES_0,A,0.0,1.0,0.1296,0.1952370405197143,0.2197831273078918,0.0,0.41911613236841694,0.6188916609807404,0.4080013565224258,0.46132652585352285,0.3190493539984082,0.34711492262946964,0.5491794744527481,0.4026458234976593,0.45073765086037143
a5acda67e247_DECISIÓN_0,A,0.0,0.9286,0.0,0.3159237504005432,0.3318914175033569,0.0,0.41911613236841694,0.550542433994373,0.3093038425074956,0.9211587390400944,0.885609845100298,0.34711492262946964,0.5286747063568378,0.7269376018983759,0.7056530590880827
a5fe81001ff8_CONSIDERACIONES_0,A,0.0,1.0,0.0556,0.2187965512275695,0.2548802495002746,0.0,0.41911613236841694,0.6188916609807404,0.35014301254980834,0.5878597622603784,0.5299493342210587,0.34711492262946964,0.5491794744527481,0.4991716089354115,0.5269580308449363
a5fe81001ff8_DECISIÓN_0,A,0.0,0.715,0.0,0.1811687350273132,0.2316479682922363,0.0,0.41911613236841694,0.34508387565641907,0.3093038425074956,0.3870757307881099,0.3866772514055682,0.34711492262946964,0.4670371388554516,0.3636246204891631,0.420695008188805
a7b8b3f9e00f_CONSIDERACIONES_0,A,0.0,1.0,0.0,0.2614368796348572,0.2755570411682129,0.0,0.41911613236841694,0.6188916609807404,0.3093038425074956,0.7821781841069423,0.6541310352502199,0.34711492262946964,0.5491794744527481,0.6019017369700916,0.6060891901456176
a7b8b3f9e00f_HECHOS_0,A,0.3284671532846715,1.0,0.0417,0.1301603317260742,0.1671282052993774,0.5388554216867477,0.5469063960850411,0.6188916609807404,0.3396953891638308,0.17306006490656894,0.11150074066269322,0.8102592108977855,0.46135229345890294,0.2045828649105848,0.2026652097490446
a7b8b3f9e00f_HECHOS_1,A,0.3284671532846715,0.8175,0.1473,0.1301603317260742,0.1671282052993774,0.5388554216867477,0.5469063960850411,0.4412943227973922,0.42229700536654513,0.17306006490656894,0.11150074066269322,0.8102592108977855,0.4080730920038984,0.22936334977139908,0.22331561379972317
a7b8b3f9e00f_DECISIÓN_0,A,0.0,0.0,0.0,0.1928470134735107,0.2524651288986206,0.0,0.41911613236841694,0.03033911542470335,0.3093038425074956,0.4484948051201035,0.514875034351126,0.34711492262946964,0.3726137107859369,0.4266515851056279,0.4711701762247925
a84bf5557635_HECHOS_0,A,7.706422018348624,1.0,0.0,0.2009238600730896,0.245676040649414,0.0,0.9999920838482362,0.6188916609807404,0.3093038425074956,0.4920336233734863,0.4724438073990194,0.34711492262946964,0.7815298550446758,0.431337744321349,0.4736240149627807
a84bf5557635_CONSIDERACIONES_0,A,0.0475435816164817,1.0,0.1098,0.2014570236206054,0.2584584355354309,0.0,0.4373509059045468,0.6188916609807404,0.39219313368975933,0.4949192385760213,0.5521750111492649,0.34711492262946964,0.5564733838672,0.4812781388821158,0.5151448232566685
a84bf5557635_DECISIÓN_0,A,0.0,0.78,0.0,0.1654197573661804,0.2176637053489685,0.0,0.41911613236841694,0.40515971731682177,0.3093038425074956,0.3098908288432405,0.307641393331136,0.34711492262946964,0.4850598913535724,0.30903990228888567,0.37778057308673607
a8a3c7f20488_DECISIÓN_0,A,0.0,1.0,0.4167,0.2019006609916687,0.2462058067321777,0.0,0.41911613236841694,0.6188916609807404,0.6417265123839543,0.49732058183195205,0.47574841840939724,0.34711492262946964,0.5491794744527481,0.5341707119707862,0.5591419227220296
a8a3c7f20488_CONSIDERACIONES_0,A,0.0,1.0,0.1574,0.19814133644104,0.2373608350753784,0.0,0.41911613236841694,0.6188916609807404,0.43051477135493493,0.476986896745591,0.42107247185921987,0.34711492262946964,0.5491794744527481,0.44627093166248283,0.4865698953013221
a926896c2c23_HECHOS_0,A,1.7213114754098362,1.0,0.8095,0.229967713356018,0.2665029168128967,0.0,0.9145288752888981,0.6188916609807404,0.868709761469606,0.6449722068110091,0.6012617395845524,0.34711492262946964,0.7473445716209405,0.6989803330406511,0.6915615527809483
a926896c2c23_CONSIDERACIONES_0,A,0.2316602316602316,1.0,0.3472,0.2084847688674926,0.2398147583007812,0.0,0.5091289117807675,0.6188916609807404,0.5870198258789021,0.5329139039695966,0.4361066455558344,0.34711492262946964,0.5851845862176882,0.5201035030182596,0.5462328045236692
a926896c2c23_DECISIÓN_0,A,0.0,0.9187,0.0,0.3377590179443359,0.3461823463439941,0.0,0.41911613236841694,0.5408497395472478,0.3093038425074956,0.949357271044079,0.9171471796563065,0.34711492262946964,0.5257668980227003,0.7476782150667722,0.7219969523282803
ae34bd629614_DECISIÓN_0,A,0.0,0.78,0.1667,0.2248095870018005,0.2763006687164306,0.0,0.41911613236841694,0.40515971731682177,0.4381157373125562,0.6190041555563903,0.6583280526778632,0.34711492262946964,0.4850598913535724,0.576534799219682,0.590389209638628
ae46f7343990_CONSIDERACIONES_0,A,0.1293103448275862,1.0,0.0,0.1991463303565979,0.2351802587509155,0.2625,0.46908368748929535,0.6188916609807404,0.3093038425074956,0.4824180986644101,0.4078338092817069,0.59464217333971,0.49490832128802725,0.4081085350025248,0.4050814078786817
ae46f7343990_DECISIÓN_0,A,0.0,0.0,0.0,0.1811478734016418,0.2157580852508545,0.0,0.41911613236841694,0.03033911542470335,0.3093038425074956,0.3869685685315002,0.2975806289341266,0.34711492262946964,0.3726137107859369,0.33685276884508675,0.39838870389396164
ae46f7343990_DECISIÓN_1,A,0.0,0.8526,0.0347,0.1811478734016418,0.2157580852508545,0.0,0.41911613236841694,0.47569706568848213,0.33449172023078105,0.3869685685315002,0.2975806289341266,0.34711492262946964,0.5062210958650706,0.34440913216207236,0.404685673324783
ae9e6581dbdc_CONSIDERACIONES_0,A,0.0,1.0,0.2698,0.2624050378799438,0.2991496920585632,0.0,0.41911613236841694,0.6188916609807404,0.5235254628395102,0.7857286820263081,0.773381687533567,0.34711492262946964,0.5491794744527481,0.7033636179224464,0.6905224076752677
aeab01bc5cd0_CONSIDERACIONES_0,A,0.1753246753246753,1.0,0.7,0.1793081164360046,0.2374423742294311,0.0,0.48706877154092926,0.6188916609807404,0.8213210586316181,0.37756216264907466,0.42156984468803727,0.34711492262946964,0.5763605301217529,0.5238921360555264,0.5545683900987423
aeab01bc5cd0_DECISIÓN_0,A,0.0,1.0,0.0,0.2980234622955322,0.3187230229377746,0.0,0.41911613236841694,0.6188916609807404,0.3093038425074956,0.8880131802168266,0.8477684921446182,0.34711492262946964,0.5491794744527481,0.7023269724823649,0.6862490532021824
aeab01bc5cd0_DECISIÓN_1,A,0.0,0.2167,0.0,0.2980234622955322,0.3187230229377746,0.0,0.41911613236841694,0.06858166242447918,0.3093038425074956,0.8880131802168266,0.8477684921446182,0.34711492262946964,0.38408647488586967,0.7023269724823649,0.6862490532021824
b05f381ca34a_HECHOS_0,A,0.1268666578564821,1.0,0.1914,0.1611344814300537,0.243899405002594,0.5180921052631584,0.46813038118445854,0.6188916609807404,0.45843540452981885,0.2904050275236607,0.46138064590207917,0.7976087796447517,0.43363701687458006,0.3921068261390337,0.3575537649361224
b05f381ca34a_DECISIÓN_0,A,0.0,0.78,0.0,0.1914426684379577,0.2525765895843506,0.0,0.41911613236841694,0.40515971731682177,0.3093038425074956,0.4409858260435755,0.5155715388020463,0.34711492262946964,0.4850598913535724,0.4238569448102928,0.4690916086145642
b0684112e798_CONSIDERACIONES_0,A,0.0,1.0,0.0432,0.2181340456008911,0.2546899914741516,0.1083333333333333,0.41911613236841694,0.6188916609807404,0.34081556778699557,0.5843799030138125,0.528763434057126,0.4469792849950178,0.5192201657430836,0.4946256617587615,0.5033128643661706
b0684112e798_DECISIÓN_0,A,0.0,0.8667,0.0,0.201402485370636,0.2411713004112243,0.0,0.41911613236841694,0.4896008763830013,0.3093038425074956,0.49462404506536,0.44447016338371953,0.34711492262946964,0.5103922390734263,0.4239818197935086,0.46740773046651785
b0df2b8eaff4_CONSIDERACIONES_0,A,0.3787081843046497,1.0,0.119,0.2122110724449157,0.233443021774292,0.0,0.5663285847390198,0.6188916609807404,0.39951244349146947,0.5529336529671998,0.3973806736404422,0.34711492262946964,0.6080644554009892,0.46024139632645344,0.4956803906472439
b0df2b8eaff4_DECISIÓN_0,A,0.0,1.0,0.3889,0.2201918959617614,0.2486663460731506,0.0,0.41911613236841694,0.6188916609807404,0.6201966434611194,0.5951598673423083,0.4911201914569477,0.34711492262946964,0.5491794744527481,0.5714589974123435,0.5869541844063153
b12cf5c14bca_HECHOS_0,A,0.9625668449197862,0.855,0.4,0.1725150942802429,0.2325586676597595,0.0,0.765229858112922,0.47806160746544624,0.6288553721520737,0.3436667639667756,0.3920945368301321,0.34711492262946964,0.6453759486959618,0.44375167828137196,0.4889145219096902
b12cf5c14bca_CONSIDERACIONES_0,A,0.0,1.0,0.0486,0.175172209739685,0.2258116006851196,0.0,0.41911613236841694,0.6188916609807404,0.3448628874849352,0.3567582368847599,0.35267093036824165,0.34711492262946964,0.5491794744527481,0.35196344010985703,0.4119879410028282
b12cf5c14bca_DECISIÓN_0,A,0.0,0.5571,0.0,0.3064265251159668,0.3270993828773498,0.0,0.41911613236841694,0.2202306364657934,0.3093038425074956,0.9048706823586566,0.8728915793465998,0.34711492262946964,0.4295811670982639,0.7166068994996913,0.6975870756452269
b1be861bfbf5_DECISIÓN_0,A,0.0,0.9386,0.0,0.2388557195663452,0.2838352918624878,0.0,0.41911613236841694,0.5602942010768323,0.3093038425074956,0.6877155728083272,0.6993824574370023,0.34711492262946964,0.5316002364815756,0.5776921191066803,0.5890632623027288
b20fe3243343_DECISIÓN_0,A,0.0,0.0,0.0,0.276483952999115,0.3111406564712524,0.0,0.41911613236841694,0.03033911542470335,0.3093038425074956,0.8326067697491865,0.8216408375491392,0.34711492262946964,0.3726137107859369,0.672326111916665,0.6630952164130207
b25be1e4f4bc_CONSIDERACIONES_0,A,0.1204013377926421,1.0,0.3105,0.224922776222229,0.2713868021965027,0.0,0.46560933626620193,0.6188916609807404,0.5571414213709532,0.6195819922375447,0.6301624240222805,0.34711492262946964,0.5677767560118621,0.6040239505129881,0.6132775744936779
b25be1e4f4bc_DECISIÓN_0,A,0.0,0.8667,0.0,0.2321945428848266,0.2820865511894226,0.0,0.41911613236841694,0.4896008763830013,0.3093038425074956,0.6559343298109361,0.690104450727803,0.34711492262946964,0.5103922390734263,0.562196219894964,0.5772093877262116
b290640286fb_DECISIÓN_0,A,0.0,0.1955,0.0,0.2640051245689392,0.3047564625740051,0.0,0.41911613236841694,0.06342273316573852,0.3093038425074956,0.7915039497035462,0.797021200710217,0.34711492262946964,0.3825387961082475,0.6484990928467322,0.644609461189598
b4885a59c005_CONSIDERACIONES_0,A,0.1090909090909091,1.0,0.6842,0.1706017851829528,0.2102568745613098,0.0,0.4612033198772174,0.6188916609807404,0.8134767494860266,0.3343836269473971,0.26963432583366026,0.34711492262946964,0.5660143494562683,0.45868677337486485,0.5016698723882469
b4885a59c005_DECISIÓN_0,A,0.0,0.975,0.0,0.1876738667488098,0.2387738227844238,0.0,0.41911613236841694,0.5953465538770654,0.3093038425074956,0.4209762632530869,0.429713244107315,0.34711492262946964,0.5421159423216455,0.390095631285678,0.4416241661037348
b4fe2e08aca3_CONSIDERACIONES_0,A,0.078781512605042,1.0,0.0877,0.2425963282585144,0.2880682349205017,0.1378676470588235,0.4494279029825991,0.6188916609807404,0.3748131010880639,0.7048404515463109,0.7211678068438274,0.47534720816063064,0.5228344970390726,0.6107304529980918,0.5903779208147399
b4fe2e08aca3_DECISIÓN_0,A,0.0,0.65,0.0,0.1872933506965637,0.2410697937011718,0.0,0.41911613236841694,0.2895793819404578,0.3093038425074956,0.4189692283239649,0.44384319115822474,0.34711492262946964,0.4503857907406632,0.39353180142930205,0.4445545423877256
b6db713596d5_CARGOS_0,A,0.0,0.69,0.0,0.2099161744117736,0.2514510154724121,0.0,0.41911613236841694,0.32312364975469704,0.3093038425074956,0.5406203164065995,0.5085356418010486,0.34711492262946964,0.46044907108493505,0.4615999718552031,0.49722298147322197
b6db713596d5_CARGOS_1,A,0.0,1.0,0.2381,0.2099161744117736,0.2514510154724121,0.0,0.41911613236841694,0.6188916609807404,0.4971786717673285,0.5406203164065995,0.5085356418010486,0.34711492262946964,0.5491794744527481,0.5179624206331529,0.5441916887881803
b6db713596d5_CONSIDERACIONES_0,A,0.0778210116731517,1.0,0.4737,0.2552235722541809,0.2841141819953918,0.0,0.44905559588770244,0.6188916609807404,0.6840589085830671,0.7583894664619476,0.7008474037285517,0.34711492262946964,0.5611552598604622,0.7188276802782646,0.7043204334905949
b6db713596d5_DECISIÓN_0,A,0.0,1.0,0.0,0.2344778776168823,0.2552640438079834,0.0,0.41911613236841694,0.6188916609807404,0.3093038425074956,0.6670046778169335,0.5323405257559095,0.34711492262946964,0.5491794744527481,0.5192951816057949,0.5410895108850374
b8a72e19d5ad_HECHOS_0,A,0.0,1.0,0.1538,0.1908410787582397,0.2421678304672241,0.0,0.41911613236841694,0.6188916609807404,0.42758102896049255,0.4377771854817074,0.4506344749470523,0.34711492262946964,0.5491794744527481,0.43857552536494643,0.4814640470955045
b8a72e19d5ad_CONSIDERACIONES_0,A,0.0,1.0,0.321,0.1900063157081604,0.2454074025154113,0.0,0.41911613236841694,0.6188916609807404,0.5657419502799322,0.43333355503622123,0.4707689821089828,0.34711492262946964,0.5491794744527481,0.48428670173116295,0.5197048150822012
b8a72e19d5ad_DECISIÓN_0,A,0.0,0.575,0.0,0.2122478485107422,0.2410792112350464,0.0,0.41911613236841694,0.23261045139886313,0.3093038425074956,0.5531304891995094,0.4439013525483534,0.34711492262946964,0.43329511157818484,0.44721375419655846,0.4848174609979211
b9f9fd4aa5c3_CONSIDERACIONES_0,A,0.108018517460136,1.0,0.4314,0.205474853515625,0.2470422983169555,0.3706919060052224,0.46078586958917434,0.6188916609807404,0.6528903063809253,0.5166621603046362,0.48097055609886086,0.6902962840788082,0.46289296090624943,0.5468231228657903,0.5004046068955758
b9f9fd4aa5c3_DECISIÓN_0,A,0.0,1.0,0.2083,0.1648887991905212,0.2150571942329406,0.8475,0.41911613236841694,0.6188916609807404,0.4724226414552553,0.30743754955434144,0.2939283262304458,0.9337048988911568,0.3732024815742419,0.3528803101274469,0.2970780270094963
ba28871aa5e3_CONSIDERACIONES_0,A,0.4481546572934973,0.65,0.0,0.2597100734710693,0.3133854866027832,0.4017857142857143,0.5928315300661235,0.2895793819404578,0.3093038425074956,0.7757406569296866,0.8297232061561729,0.7153937595647482,0.40938829873916227,0.6520043773709752,0.5744002073318735
ba28871aa5e3_HECHOS_0,A,0.657019945248338,1.0,1.0,0.2332909703254699,0.2808044552803039,0.0,0.6688292803271743,0.6188916609807404,0.9257617612922469,0.66127221951362,0.6832030917583722,0.34711492262946964,0.649064733636251,0.7471983437206338,0.7311998945908468
ba28871aa5e3_CONSIDERACIONES_1,A,0.4481546572934973,1.0,0.5617,0.2597100734710693,0.3133854866027832,0.4017857142857143,0.5928315300661235,0.6188916609807404,0.7436904602173086,0.7757406569296866,0.8297232061561729,0.7153937595647482,0.5081819824512471,0.782320362683919,0.6829968617593267
ba28871aa5e3_DECISIÓN_0,A,0.0,1.0,1.0,0.2217479944229126,0.2408632040023803,0.6398437499999998,0.41911613236841694,0.6188916609807404,0.9257617612922469,0.6032515001816142,0.44256771160236846,0.8632037862918259,0.39435281535404115,0.6517994419410302,0.5504170610197728
ba28871aa5e3_DECISIÓN_1,A,0.0,0.0,0.0,0.2217479944229126,0.2408632040023803,0.6398437499999998,0.41911613236841694,0.03033911542470335,0.3093038425074956,0.6032515001816142,0.44256771160236846,0.8632037862918259,0.21778705168723003,0.4668620663056049,0.3963025813235851
ba28871aa5e3_DECISIÓN_2,A,0.0,1.0,0.0505,0.2217479944229126,0.2408632040023803,0.6398437499999998,0.41911613236841694,0.6188916609807404,0.3462923483954993,0.6032515001816142,0.44256771160236846,0.8632037862918259,0.39435281535404115,0.477958618072006,0.405549707795586
bad2a966a35b_HECHOS_0,A,0.2245322245322245,1.0,0.7167,0.1419121623039245,0.1845058798789978,0.6854651162790695,0.5063378752464274,0.6188916609807404,0.8293290595649796,0.21254811914497318,0.1623650118670539,0.8827309684859587,0.4233833578470055,0.3825274690875993,0.3351417599043086
bad2a966a35b_DECISIÓN_0,A,0.0,0.9736,0.1111,0.2639120221138,0.3212409019470215,0.5210106382978723,0.41911613236841694,0.5940138452282523,0.3932245314653014,0.7911710753817388,0.8557214680513824,0.7994242719951866,0.4060233249172865,0.6911522300077007,0.5897029680946553
bb30a038bca7_HECHOS_0,A,0.2769230769230769,1.0,0.4762,0.2710207104682922,0.309434175491333,0.0,0.5268314948961152,0.6188916609807404,0.6858535935417153,0.815465324745713,0.8152980210531324,0.34711492262946964,0.5922656194638274,0.7765316142767396,0.7505045165465318
bb30a038bca7_CONSIDERACIONES_0,A,0.1392111368909512,1.0,0.7333,0.2532974481582641,0.2872835993766784,0.0,0.47294832138841575,0.6188916609807404,0.8370039848616339,0.7506653750050407,0.7172033116175327,0.34711492262946964,0.5707123500607476,0.7665283389457662,0.7443284520954099
bb30a038bca7_DECISIÓN_0,A,0.0,1.0,0.0,0.1824487447738647,0.2459851503372192,0.0,0.41911613236841694,0.6188916609807404,0.3093038425074956,0.39367145713727353,0.4743717181308025,0.34711492262946964,0.5491794744527481,0.39257125104639884,0.4445973427748626
bc32651c0799_CONSIDERACIONES_0,A,0.2348868175765646,1.0,0.225,0.221468448638916,0.2531268000602722,0.465833333333334,0.5103921344299424,0.6188916609807404,0.48628709492864586,0.6018018943307873,0.5190087999203763,0.7630295640936118,0.46091548283811556,0.5423095261870216,0.47925862919276935
bc32651c0799_DECISIÓN_0,A,0.0,1.0,0.0,0.1811919212341308,0.2222433686256408,0.0,0.41911613236841694,0.6188916609807404,0.3093038425074956,0.38719484680982164,0.33256826999152256,0.34711492262946964,0.5491794744527481,0.3474395724736341,0.4072034976418071
bcd333ff5277_CONSIDERACIONES_0,A,0.0803427959292983,1.0,0.0926,0.1709536910057068,0.2098012566566467,0.3749999999999998,0.4500332046631693,0.6188916609807404,0.3786405872048057,0.3360816940791472,0.2673954102738689,0.6938459831878048,0.4575269852031485,0.32824347687526123,0.3235643109558519
bcd333ff5277_DECISIÓN_0,A,0.0,0.7429,0.0,0.2034351825714111,0.2331233620643615,0.0,0.41911613236841694,0.3703926622501349,0.3093038425074956,0.5056269724066477,0.3954671046241991,0.34711492262946964,0.4746297748335664,0.4136820731021675,0.458457843979024
bce62fa6635e_HECHOS_0,A,0.4143646408839779,1.0,0.0,0.2036169171333313,0.2258063554763794,0.0,0.5799936357171463,0.6188916609807404,0.3093038425074956,0.5066105881120279,0.35264097227450286,0.34711492262946964,0.6135304757922398,0.4012276796794107,0.448046395603214
bce62fa6635e_CARGOS_0,A,0.0,1.0,0.7431,0.1503986716270446,0.1986346840858459,0.0,0.41911613236841694,0.6188916609807404,0.8414030702910138,0.24492268146388027,0.21631848354918362,0.34711492262946964,0.5491794744527481,0.4152855387376113,0.4684842083733195
bce62fa6635e_CARGOS_1,A,0.0,1.0,0.3246,0.1503986716270446,0.1986346840858459,0.0,0.41911613236841694,0.6188916609807404,0.568681881500112,0.24492268146388027,0.21631848354918362,0.34711492262946964,0.5491794744527481,0.3334691821003408,0.40030391117559405
bce62fa6635e_CONSIDERACIONES_0,A,0.0,1.0,0.0,0.1847030520439148,0.2353679537773132,0.0,0.41911613236841694,0.6188916609807404,0.3093038425074956,0.4053810390755817,0.40896838066864677,0.34711492262946964,0.5491794744527481,0.3776340825830754,0.4317593829908162
bce62fa6635e_CARGOS_2,A,0.0,1.0,0.9872,0.1503986716270446,0.1986346840858459,0.0,0.41911613236841694,0.6188916609807404,0.9227816578469529,0.24492268146388027,0.21631848354918362,0.34711492262946964,0.5491794744527481,0.439699115004393,0.48882885526230424
bce62fa6635e_CARGOS_3,A,0.0,1.0,0.4211,0.1503986716270446,0.1986346840858459,0.0,0.41911613236841694,0.6188916609807404,0.6450848547340342,0.24492268146388027,0.21631848354918362,0.34711492262946964,0.5491794744527481,0.3563900740705175,0.4194046544840746
bce62fa6635e_DECISIÓN_0,A,0.0,0.4875,0.0,0.1993058323860168,0.2538948655128479,0.0,0.41911613236841694,0.17665189793349215,0.3093038425074956,0.48328049703876724,0.5238039603299468,0.34711492262946964,0.41650754553857355,0.4432445396667396,0.4838381152950968
bd84e0e05af1_HECHOS_0,A,0.0,1.0,0.0,0.2309945821762085,0.2485945224761963,0.0,0.41911613236841694,0.6188916609807404,0.3093038425074956,0.6500469718459132,0.4906711068847682,0.34711492262946964,0.5491794744527481,0.5000112735560445,0.525584844375946
bd84e0e05af1_HECHOS_1,A,0.0,1.0,1.0,0.2309945821762085,0.2485945224761963,0.0,0.41911613236841694,0.6188916609807404,0.9257617612922469,0.6500469718459132,0.4906711068847682,0.34711492262946964,0.5491794744527481,0.6849486491914698,0.6796993240721337
bd84e0e05af1_HECHOS_2,A,0.0,1.0,0.0,0.2309945821762085,0.2485945224761963,0.0,0.41911613236841694,0.6188916609807404,0.3093038425074956,0.6500469718459132,0.4906711068847682,0.34711492262946964,0.5491794744527481,0.5000112735560445,0.525584844375946
bd84e0e05af1_HECHOS_3,A,0.0,1.0,0.0,0.2309945821762085,0.2485945224761963,0.0,0.41911613236841694,0.6188916609807404,0.3093038425074956,0.6500469718459132,0.4906711068847682,0.34711492262946964,0.5491794744527481,0.5000112735560445,0.525584844375946
bd84e0e05af1_HECHOS_4,A,0.0,1.0,0.6296,0.2309945821762085,0.2485945224761963,0.0,0.41911613236841694,0.6188916609807404,0.7843371894821389,0.6500469718459132,0.4906711068847682,0.34711492262946964,0.5491794744527481,0.6425212776484375,0.6443431811196069
bd84e0e05af1_HECHOS_5,A,0.0,1.0,0.7083,0.2309945821762085,0.2485945224761963,0.0,0.41911613236841694,0.6188916609807404,0.8253372676091726,0.6500469718459132,0.4906711068847682,0.34711492262946964,0.5491794744527481,0.6548213010865476,0.6545932006513652
bd84e0e05af1_HECHOS_6,A,0.0,1.0,0.5833,0.2309945821762085,0.2485945224761963,0.0,0.41911613236841694,0.6188916609807404,0.7571460727416668,0.6500469718459132,0.4906711068847682,0.34711492262946964,0.5491794744527481,0.6343639426262958,0.6375454019344887
bd84e0e05af1_HECHOS_7,A,0.0,1.0,0.4762,0.2309945821762085,0.2485945224761963,0.0,0.41911613236841694,0.6188916609807404,0.6858535935417153,0.6500469718459132,0.4906711068847682,0.34711492262946964,0.5491794744527481,0.6129761988663104,0.6197222821345009
bd84e0e05af1_DECISIÓN_0,A,0.0,1.0,0.0,0.1820272207260131,0.2110985517501831,0.0,0.41911613236841694,0.6188916609807404,0.3093038425074956,0.3914949849694671,0.2738013101089696,0.34711492262946964,0.5491794744527481,0.3315295397727264,0.39380179911906255
bd84e0e05af1_DECISIÓN_1,A,0.0,1.0,1.0,0.1820272207260131,0.2110985517501831,0.0,0.41911613236841694,0.6188916609807404,0.9257617612922469,0.3914949849694671,0.2738013101089696,0.34711492262946964,0.5491794744527481,0.5164669154081518,0.5479162788152503
bd84e0e05af1_CONSIDERACIONES_0,A,0.0,1.0,0.0,0.2568180561065674,0.2945219278335571,0.0,0.41911613236841694,0.6188916609807404,0.3093038425074956,0.7646590907477243,0.7524505316077839,0.34711492262946964,0.5491794744527481,0.6243899485336736,0.6254133362272433
bd84e0e05af1_DECISIÓN_2,A,0.0,1.0,0.0,0.1820272207260131,0.2110985517501831,0.0,0.41911613236841694,0.6188916609807404,0.3093038425074956,0.3914949849694671,0.2738013101089696,0.34711492262946964,0.5491794744527481,0.3315295397727264,0.39380179911906255
bd84e0e05af1_HECHOS_8,A,0.0,1.0,0.0,0.2309945821762085,0.2485945224761963,0.0,0.41911613236841694,0.6188916609807404,0.3093038425074956,0.6500469718459132,0.4906711068847682,0.34711492262946964,0.5491794744527481,0.5000112735560445,0.525584844375946
bd84e0e05af1_HECHOS_9,A,0.0,1.0,0.0,0.2309945821762085,0.2485945224761963,0.0,0.41911613236841694,0.6188916609807404,0.3093038425074956,0.6500469718459132,0.4906711068847682,0.34711492262946964,0.5491794744527481,0.5000112735560445,0.525584844375946
bd84e0e05af1_HECHOS_10,A,0.0,1.0,0.3182,0.2309945821762085,0.2485945224761963,0.0,0.41911613236841694,0.6188916609807404,0.5634521237724663,0.6500469718459132,0.4906711068847682,0.34711492262946964,0.5491794744527481,0.5762557579355356,0.5891219146921887
bd84e0e05af1_HECHOS_11,A,0.0,1.0,0.0,0.2309945821762085,0.2485945224761963,0.0,0.41911613236841694,0.6188916609807404,0.3093038425074956,0.6500469718459132,0.4906711068847682,0.34711492262946964,0.5491794744527481,0.5000112735560445,0.525584844375946
bd84e0e05af1_HECHOS_12,A,0.0,0.65,0.0,0.2309945821762085,0.2485945224761963,0.0,0.41911613236841694,0.2895793819404578,0.3093038425074956,0.6500469718459132,0.4906711068847682,0.34711492262946964,0.4503857907406632,0.5000112735560445,0.525584844375946
bd84e0e05af1_HECHOS_13,A,0.0,0.0,0.0,0.2309945821762085,0.2485945224761963,0.0,0.41911613236841694,0.03033911542470335,0.3093038425074956,0.6500469718459132,0.4906711068847682,0.34711492262946964,0.3726137107859369,0.5000112735560445,0.525584844375946
bd84e0e05af1_HECHOS_14,A,0.0,1.0,0.2692,0.2309945821762085,0.2485945224761963,0.0,0.41911613236841694,0.6188916609807404,0.5230275372994846,0.6500469718459132,0.4906711068847682,0.34711492262946964,0.5491794744527481,0.5641283819936411,0.5790157680739433
bd84e0e05af1_DECISIÓN_3,A,0.0,1.0,0.8246,0.1820272207260131,0.2110985517501831,0.0,0.41911613236841694,0.6188916609807404,0.8743336877105722,0.3914949849694671,0.2738013101089696,0.34711492262946964,0.5491794744527481,0.5010384933336494,0.5350592604198317
bd84e0e05af1_HECHOS_15,A,0.0,1.0,0.2778,0.2309945821762085,0.2485945224761963,0.0,0.41911613236841694,0.6188916609807404,0.5301596152811352,0.6500469718459132,0.4906711068847682,0.34711492262946964,0.5491794744527481,0.5662680053881364,0.5807987875693559
bd84e0e05af1_HECHOS_16,A,0.0,1.0,0.8333,0.2309945821762085,0.2485945224761963,0.0,0.41911613236841694,0.6188916609807404,0.8774794134103125,0.6500469718459132,0.4906711068847682,0.34711492262946964,0.5491794744527481,0.6704639448268895,0.6676287371016502
bd84e0e05af1_DECISIÓN_4,A,0.0,1.0,0.0,0.1820272207260131,0.2110985517501831,0.0,0.41911613236841694,0.6188916609807404,0.3093038425074956,0.3914949849694671,0.2738013101089696,0.34711492262946964,0.5491794744527481,0.3315295397727264,0.39380179911906255
bd84e0e05af1_DECISIÓN_5,A,0.0,1.0,0.0,0.1820272207260131,0.2110985517501831,0.0,0.41911613236841694,0.6188916609807404,0.3093038425074956,0.3914949849694671,0.2738013101089696,0.34711492262946964,0.5491794744527481,0.3315295397727264,0.39380179911906255
bd84e0e05af1_DECISIÓN_6,A,0.0,1.0,0.8333,0.1820272207260131,0.2110985517501831,0.0,0.41911613236841694,0.6188916609807404,0.8774794134103125,0.3914949849694671,0.2738013101089696,0.34711492262946964,0.5491794744527481,0.5019822110435714,0.5358456918447667
bd84e0e05af1_HECHOS_17,A,0.0,1.0,0.0,0.2309945821762085,0.2485945224761963,0.0,0.41911613236841694,0.6188916609807404,0.3093038425074956,0.6500469718459132,0.4906711068847682,0.34711492262946964,0.5491794744527481,0.5000112735560445,0.525584844375946
bd84e0e05af1_HECHOS_18,A,0.0,1.0,0.3889,0.2309945821762085,0.2485945224761963,0.0,0.41911613236841694,0.6188916609807404,0.6201966434611194,0.6500469718459132,0.4906711068847682,0.34711492262946964,0.5491794744527481,0.5932791138421316,0.603308044614352
bd84e0e05af1_HECHOS_19,A,0.0,1.0,0.5556,0.2309945821762085,0.2485945224761963,0.0,0.41911613236841694,0.6188916609807404,0.7398032302311836,0.6500469718459132,0.4906711068847682,0.34711492262946964,0.5491794744527481,0.6291610898731508,0.633209691306868
bd84e0e05af1_HECHOS_20,A,0.0,1.0,0.3889,0.2309945821762085,0.2485945224761963,0.0,0.41911613236841694,0.6188916609807404,0.6201966434611194,0.6500469718459132,0.4906711068847682,0.34711492262946964,0.5491794744527481,0.5932791138421316,0.603308044614352
bd84e0e05af1_HECHOS_21,A,0.0,1.0,0.0,0.2309945821762085,0.2485945224761963,0.0,0.41911613236841694,0.6188916609807404,0.3093038425074956,0.6500469718459132,0.4906711068847682,0.34711492262946964,0.5491794744527481,0.5000112735560445,0.525584844375946
bd84e0e05af1_HECHOS_22,A,0.0,1.0,1.0,0.2309945821762085,0.2485945224761963,0.0,0.41911613236841694,0.6188916609807404,0.9257617612922469,0.6500469718459132,0.4906711068847682,0.34711492262946964,0.5491794744527481,0.6849486491914698,0.6796993240721337
bd84e0e05af1_HECHOS_23,A,0.0,1.0,0.0,0.2309945821762085,0.2485945224761963,0.0,0.41911613236841694,0.6188916609807404,0.3093038425074956,0.6500469718459132,0.4906711068847682,0.34711492262946964,0.5491794744527481,0.5000112735560445,0.525584844375946
bd84e0e05af1_HECHOS_24,A,0.0,1.0,1.0,0.2309945821762085,0.2485945224761963,0.0,0.41911613236841694,0.6188916609807404,0.9257617612922469,0.6500469718459132,0.4906711068847682,0.34711492262946964,0.5491794744527481,0.6849486491914698,0.6796993240721337
bd84e0e05af1_HECHOS_25,A,0.0,1.0,1.0,0.2309945821762085,0.2485945224761963,0.0,0.41911613236841694,0.6188916609807404,0.9257617612922469,0.6500469718459132,0.4906711068847682,0.34711492262946964,0.5491794744527481,0.6849486491914698,0.6796993240721337
bd84e0e05af1_DECISIÓN_7,A,0.0,0.0,0.0,0.1820272207260131,0.2110985517501831,0.0,0.41911613236841694,0.03033911542470335,0.3093038425074956,0.3914949849694671,0.2738013101089696,0.34711492262946964,0.3726137107859369,0.3315295397727264,0.39380179911906255
bd84e0e05af1_DECISIÓN_8,A,0.0,1.0,0.7843,0.1820272207260131,0.2110985517501831,0.0,0.41911613236841694,0.6188916609807404,0.8588493131851677,0.3914949849694671,0.2738013101089696,0.34711492262946964,0.5491794744527481,0.496393180976028,0.5311881667884805
bd84e0e05af1_HECHOS_26,A,0.0,1.0,0.7083,0.2309945821762085,0.2485945224761963,0.0,0.41911613236841694,0.6188916609807404,0.8253372676091726,0.6500469718459132,0.4906711068847682,0.34711492262946964,0.5491794744527481,0.6548213010865476,0.6545932006513652
bd84e0e05af1_HECHOS_27,A,0.0,0.0,0.0,0.2309945821762085,0.2485945224761963,0.0,0.41911613236841694,0.03033911542470335,0.3093038425074956,0.6500469718459132,0.4906711068847682,0.34711492262946964,0.3726137107859369,0.5000112735560445,0.525584844375946
bd84e0e05af1_HECHOS_28,A,0.0,1.0,0.0,0.2309945821762085,0.2485945224761963,0.0,0.41911613236841694,0.6188916609807404,0.3093038425074956,0.6500469718459132,0.4906711068847682,0.34711492262946964,0.5491794744527481,0.5000112735560445,0.525584844375946
bd84e0e05af1_HECHOS_29,A,0.0,1.0,1.0,0.2309945821762085,0.2485945224761963,0.0,0.41911613236841694,0.6188916609807404,0.9257617612922469,0.6500469718459132,0.4906711068847682,0.34711492262946964,0.5491794744527481,0.6849486491914698,0.6796993240721337
bd84e0e05af1_HECHOS_30,A,0.0,1.0,0.614,0.2309945821762085,0.2485945224761963,0.0,0.41911613236841694,0.6188916609807404,0.7754292876392481,0.6500469718459132,0.4906711068847682,0.34711492262946964,0.5491794744527481,0.6398489070955702,0.6421162056588842
bd84e0e05af1_DECISIÓN_9,A,0.0,1.0,0.0,0.1820272207260131,0.2110985517501831,0.0,0.41911613236841694,0.6188916609807404,0.3093038425074956,0.3914949849694671,0.2738013101089696,0.34711492262946964,0.5491794744527481,0.3315295397727264,0.39380179911906255
bd84e0e05af1_HECHOS_31,A,0.0,1.0,0.244,0.2309945821762085,0.2485945224761963,0.0,0.41911613236841694,0.6188916609807404,0.5020855320977075,0.6500469718459132,0.4906711068847682,0.34711492262946964,0.5491794744527481,0.5578457804331081,0.5737802667734989
bd84e0e05af1_DECISIÓN_10,A,0.0,1.0,0.2368,0.1820272207260131,0.2110985517501831,0.0,0.41911613236841694,0.6188916609807404,0.4960975391902727,0.3914949849694671,0.2738013101089696,0.34711492262946964,0.5491794744527481,0.38756764877755956,0.4405002232897568
bd84e0e05af1_DECISIÓN_11,A,0.0,1.0,0.2368,0.1820272207260131,0.2110985517501831,0.0,0.41911613236841694,0.6188916609807404,0.4960975391902727,0.3914949849694671,0.2738013101089696,0.34711492262946964,0.5491794744527481,0.38756764877755956,0.4405002232897568
bd84e0e05af1_DECISIÓN_12,A,0.0,1.0,0.6528,0.1820272207260131,0.2110985517501831,0.0,0.41911613236841694,0.6188916609807404,0.797105781662914,0.3914949849694671,0.2738013101089696,0.34711492262946964,0.5491794744527481,0.47787012151935193,0.515752283907917
bd84e0e05af1_CONSIDERACIONES_1,A,0.0,0.0,0.0,0.2568180561065674,0.2945219278335571,0.0,0.41911613236841694,0.03033911542470335,0.3093038425074956,0.7646590907477243,0.7524505316077839,0.34711492262946964,0.3726137107859369,0.6243899485336736,0.6254133362272433
bd84e0e05af1_CONSIDERACIONES_2,A,0.0,1.0,0.3274,0.2568180561065674,0.2945219278335571,0.0,0.41911613236841694,0.6188916609807404,0.5709651639008034,0.7646590907477243,0.7524505316077839,0.34711492262946964,0.5491794744527481,0.7028883449516659,0.6908286665755702
bd84e0e05af1_DECISIÓN_13,A,0.0,1.0,0.0,0.1820272207260131,0.2110985517501831,0.0,0.41911613236841694,0.6188916609807404,0.3093038425074956,0.3914949849694671,0.2738013101089696,0.34711492262946964,0.5491794744527481,0.3315295397727264,0.39380179911906255
bd84e0e05af1_CARGOS_0,A,0.0,1.0,0.0,0.2385858297348022,0.2615718841552734,0.0,0.41911613236841694,0.6188916609807404,0.3093038425074956,0.686459154523976,0.5713489665456877,0.34711492262946964,0.5491794744527481,0.5387795045255455,0.5566779640945947
bd84e0e05af1_DECISIÓN_14,A,0.0,0.0,0.1944,0.1820272207260131,0.2110985517501831,0.0,0.41911613236841694,0.03033911542470335,0.4609142054691918,0.3914949849694671,0.2738013101089696,0.34711492262946964,0.3726137107859369,0.3770126486612353,0.43170438985948656
bd84e0e05af1_HECHOS_32,A,0.0,1.0,0.0775,0.2309945821762085,0.2485945224761963,0.0,0.41911613236841694,0.6188916609807404,0.3668961534088501,0.6500469718459132,0.4906711068847682,0.34711492262946964,0.5491794744527481,0.5172889668264508,0.5399829221012846
bd84e0e05af1_DECISIÓN_15,A,0.0,0.5042,0.0,0.1820272207260131,0.2110985517501831,0.0,0.41911613236841694,0.186450083573153,0.3093038425074956,0.3914949849694671,0.2738013101089696,0.34711492262946964,0.4194470012304718,0.3315295397727264,0.39380179911906255
bd84e0e05af1_HECHOS_33,A,0.0,1.0,0.0,0.2309945821762085,0.2485945224761963,0.0,0.41911613236841694,0.6188916609807404,0.3093038425074956,0.6500469718459132,0.4906711068847682,0.34711492262946964,0.5491794744527481,0.5000112735560445,0.525584844375946
bd84e0e05af1_HECHOS_34,A,0.0,1.0,0.1667,0.2309945821762085,0.2485945224761963,0.0,0.41911613236841694,0.6188916609807404,0.4381157373125562,0.6500469718459132,0.4906711068847682,0.34711492262946964,0.5491794744527481,0.5386548419975626,0.5577878180772111
bd84e0e05af1_DECISIÓN_16,A,0.0,0.6879,0.0545,0.1820272207260131,0.2110985517501831,0.0,0.41911613236841694,0.32131237446730004,0.3493108028767591,0.3914949849694671,0.2738013101089696,0.34711492262946964,0.45990568849871594,0.34353162788350544,0.40380353921137835
bd84e0e05af1_HECHOS_35,A,0.0,0.3714,0.0,0.2309945821762085,0.2485945224761963,0.0,0.41911613236841694,0.11944271600405901,0.3093038425074956,0.6500469718459132,0.4906711068847682,0.34711492262946964,0.3993447909597436,0.5000112735560445,0.525584844375946
bd84e0e05af1_HECHOS_36,A,0.0,0.7676,0.1417,0.2309945821762085,0.2485945224761963,0.0,0.41911613236841694,0.39341410390765114,0.4177587881120726,0.6500469718459132,0.4906711068847682,0.34711492262946964,0.48153620733082125,0.5325477572374175,0.5526985807770902
bd84e0e05af1_DECISIÓN_17,A,0.0,0.6559,0.0,0.1820272207260131,0.2110985517501831,0.0,0.41911613236841694,0.2943963775837704,0.3093038425074956,0.3914949849694671,0.2738013101089696,0.34711492262946964,0.451830889433657,0.3315295397727264,0.39380179911906255
bd84e0e05af1_HECHOS_37,A,0.0,1.0,0.0,0.2309945821762085,0.2485945224761963,0.0,0.41911613236841694,0.6188916609807404,0.3093038425074956,0.6500469718459132,0.4906711068847682,0.34711492262946964,0.5491794744527481,0.5000112735560445,0.525584844375946
bd84e0e05af1_DECISIÓN_18,A,0.0,1.0,0.3542,0.1820272207260131,0.2110985517501831,0.0,0.41911613236841694,0.6188916609807404,0.5926535638850009,0.3914949849694671,0.2738013101089696,0.34711492262946964,0.5491794744527481,0.41653445618597795,0.46463922946343883
bdc843a5729f_CONSIDERACIONES_0,A,0.0,0.65,0.0,0.2079010605812072,0.2329031229019165,0.0,0.41911613236841694,0.2895793819404578,0.3093038425074956,0.5297666059431182,0.3941505505628843,0.34711492262946964,0.4503857907406632,0.42294296029836126,0.46537059552463655
bdc843a5729f_CONSIDERACIONES_1,A,0.0,1.0,0.0402,0.2079010605812072,0.2329031229019165,0.0,0.41911613236841694,0.6188916609807404,0.3385770012363169,0.5297666059431182,0.3941505505628843,0.34711492262946964,0.5491794744527481,0.4317249079170076,0.4726888852068418
bdc843a5729f_DECISIÓN_0,A,0.0,0.65,0.0,0.3078264594078064,0.3285096883773803,0.0,0.41911613236841694,0.2895793819404578,0.3093038425074956,0.9074481386867234,0.8767551742078978,0.34711492262946964,0.4503857907406632,0.7187969604893074,0.6993262112589714
bdd5ae3bf531_DECISIÓN_0,A,0.0,1.0,0.0,0.2428072094917297,0.271147072315216,0.9886363636363638,0.41911613236841694,0.6188916609807404,0.3093038425074956,0.7057895077178434,0.628763517793185,0.9604841897382411,0.3651686943201166,0.5637360111773415,0.4541568544428749
bde275be985f_CONSIDERACIONES_0,A,0.0,1.0,0.0,0.2073553800582885,0.2392354011535644,0.0,0.41911613236841694,0.6188916609807404,0.3093038425074956,0.5268222024943516,0.432545485828697,0.34711492262946964,0.5491794744527481,0.4332836794985985,0.47408600830645975
bde275be985f_DECISIÓN_0,A,0.0,1.0,0.0,0.1771776676177978,0.2116134762763977,0.0,0.41911613236841694,0.6188916609807404,0.3093038425074956,0.3667839670390108,0.2763702915551287,0.34711492262946964,0.5491794744527481,0.3224158270343916,0.38703073910146535
bdeb25833f82_HECHOS_0,A,0.4623004953219592,1.0,0.3042,0.2185693979263305,0.2617796063423157,0.5211864406779659,0.5981696246625944,0.6188916609807404,0.5519642688793154,0.5866675934764936,0.5726212715871081,0.7995332404805396,0.48507537601509804,0.5720426995305244,0.497240015063446
bdeb25833f82_CONSIDERACIONES_0,A,0.3188289552837377,1.0,0.0397,0.1849626898765564,0.2318205833435058,0.3146853146853147,0.5431621994977138,0.6188916609807404,0.3382046048543618,0.4067368939151658,0.3877019432956199,0.6422078787762848,0.5102700144604222,0.38046672201106085,0.37505612945678823
bdeb25833f82_DECISIÓN_0,A,0.0,0.9286,0.0,0.2537375688552856,0.2666516304016113,0.0,0.41911613236841694,0.550542433994373,0.3093038425074956,0.7524447782882216,0.6021534073398583,0.34711492262946964,0.5286747063568378,0.5744150862694949,0.5841747614224111
bec5401dce33_CONSIDERACIONES_0,A,0.2742857142857143,1.0,0.5637,0.2307032346725464,0.2695922255516052,0.4719387755102046,0.5258014234199456,0.6188916609807404,0.744956645290938,0.6486105277115959,0.6196388642597201,0.7672713936610596,0.4658066495638825,0.6688228639498358,0.5822777569689314
bec5401dce33_DECISIÓN_0,A,0.0,0.5567,0.0,0.1826179027557373,0.2205507159233093,0.0,0.41911613236841694,0.21995946868220762,0.3093038425074956,0.3945460707290384,0.32323599244427914,0.34711492262946964,0.42949981676318816,0.3475803787771478,0.40707579543076133
c0a97e16ecc7_HECHOS_0,A,0.1223808640830706,1.0,0.3933,0.2209731936454773,0.2687011957168579,0.0,0.4663810393040556,0.6188916609807404,0.6236384394467802,0.5992293378975636,0.6143710088223918,0.34711492262946964,0.5680854372270036,0.611094569639777,0.6198481789106681
c0a97e16ecc7_CONSIDERACIONES_0,A,0.1450032658393207,1.0,0.58,0.2330513596534729,0.2777105569839477,0.5128676470588239,0.4752107306521869,0.6188916609807404,0.755121760460173,0.6601091306110757,0.6662173427930568,0.7943283134163583,0.4374532965301894,0.6904453832203992,0.5945018523133585
c0a97e16ecc7_DECISIÓN_0,A,0.0,0.4313,0.0,0.2145556807518005,0.2459249496459961,0.0,0.41911613236841694,0.14664615376574255,0.3093038425074956,0.565446895998116,0.47399618594236903,0.34711492262946964,0.40750582228824866,0.46116876693420583,0.496036091386007
c1d74a603a6e_HECHOS_0,A,0.0,1.0,1.0,0.2650789618492126,0.2835397720336914,0.0,0.41911613236841694,0.6188916609807404,0.9257617612922469,0.7953150412746468,0.6978257055328473,0.34711492262946964,0.5491794744527481,0.805202256557387,0.7750683945627735
c1d74a603a6e_CONSIDERACIONES_0,A,0.4140288680678653,1.0,0.3646,0.1789391040802002,0.2208211421966552,0.5392561983471077,0.5798654896391503,0.6188916609807404,0.6009784907125897,0.37568625484068346,0.324717790133541,0.8104973261003616,0.4744644963197738,0.4279833861901126,0.38203048144366536
c1d74a603a6e_DECISIÓN_0,A,0.0,0.4333,0.0,0.2429633736610412,0.2915719747543335,0.0,0.41911613236841694,0.14763736810135245,0.3093038425074956,0.7064911654859595,0.7384486204217932,0.34711492262946964,0.40780318658893167,0.5969222050731704,0.6044624808522161
c1d9f13438c1_CONSIDERACIONES_0,A,0.0,1.0,0.2857,0.2061051130294799,0.2586032152175903,0.0,0.41911613236841694,0.6188916609807404,0.5367004082205089,0.5200692571936232,0.5530705309027024,0.34711492262946964,0.5491794744527481,0.5349589846144127,0.5590405274129959
c1d9f13438c1_DECISIÓN_0,A,0.0,1.0,0.0,0.3327490091323852,0.3656598329544067,0.0,0.41911613236841694,0.6188916609807404,0.3093038425074956,0.9438801202785221,0.9474248421419564,0.34711492262946964,0.5491794744527481,0.7545706535062444,0.7279232227200257
c221692920ea_HECHOS_0,A,0.295955277869122,1.0,0.4167,0.2338017225265503,0.2775000333786011,0.4687499999999998,0.5342575735871107,0.6188916609807404,0.6417265123839543,0.6637449462952428,0.6650450802260539,0.7650625777687015,0.469851754398456,0.6575294563010996,0.5728038664873345
c221692920ea_CONSIDERACIONES_0,A,0.2162941600576784,1.0,0.2045,0.2067885398864746,0.238858938217163,0.5349557522123897,0.50311170465919,0.6188916609807404,0.46927301762757484,0.5237616509865458,0.43023517163392316,0.8079303182587614,0.4445330846802697,0.4793571171730677,0.420419478959586
c221692920ea_HECHOS_1,A,0.295955277869122,1.0,0.8333,0.2338017225265503,0.2775000333786011,0.4687499999999998,0.5342575735871107,0.6188916609807404,0.8774794134103125,0.6637449462952428,0.6650450802260539,0.7650625777687015,0.469851754398456,0.728255326609007,0.631742091743924
c221692920ea_DECISIÓN_0,A,0.0,0.0,0.0,0.2597730159759521,0.2913604974746704,0.3336864406779659,0.41911613236841694,0.03033911542470335,0.3093038425074956,0.7759776638232903,0.7374254375156761,0.6589067683048426,0.279076157083325,0.6244098495362677,0.5626942654918116
c221692920ea_DECISIÓN_1,A,0.0,1.0,0.0285,0.2597730159759521,0.2913604974746704,0.3336864406779659,0.41911613236841694,0.6188916609807404,0.32991609394315113,0.7759776638232903,0.7374254375156761,0.6589067683048426,0.45564192075013615,0.6305935249669643,0.5678473283507254
c222575da4c1_DECISIÓN_0,A,0.0,0.65,0.0,0.1837408542633056,0.2552036643028259,0.0,0.41911613236841694,0.2895793819404578,0.3093038425074956,0.40036906666400524,0.5319644329959164,0.34711492262946964,0.4503857907406632,0.41252810931662576,0.4610048043491607
c278eaf7ad42_CONSIDERACIONES_0,A,0.1160701948321127,1.0,0.2639,0.3040875792503357,0.3288625478744507,0.0,0.463921452693429,0.6188916609807404,0.5186273188559379,0.9004209183441304,0.8777059299905248,0.34711492262946964,0.5671016025827529,0.779068341991591,0.7497866031889608
c278eaf7ad42_DECISIÓN_0,A,0.0,1.0,0.0,0.246886670589447,0.3271717429161072,0.0,0.41911613236841694,0.6188916609807404,0.3093038425074956,0.7237926557666966,0.8730923060917862,0.34711492262946964,0.5491794744527481,0.6442359068864631,0.6433138493539354
c42ba1483007_HECHOS_0,A,4.124999999999999,1.0,0.0,0.1537907123565673,0.2401356697082519,0.0,0.9978408650754232,0.6188916609807404,0.3093038425074956,0.258758639575704,0.43808206975180697,0.34711492262946964,0.7806693675355506,0.32771922950807236,0.3950510854116429
c42ba1483007_CONSIDERACIONES_0,A,0.0,1.0,0.5648,0.2307856678962707,0.2692227363586426,0.0,0.41911613236841694,0.6188916609807404,0.7456512912047698,0.6490172264505331,0.6174577469261588,0.34711492262946964,0.5491794744527481,0.6685396020194918,0.6660594429419981
c42ba1483007_DECISIÓN_0,A,0.0,0.8667,0.0,0.1795789003372192,0.2345304489135742,0.0,0.41911613236841694,0.4896008763830013,0.3093038425074956,0.3789410571210694,0.40391351802137343,0.34711492262946964,0.5103922390734263,0.3655416310070885,0.42256367274264417
c47ce5a90ec4_HECHOS_0,A,0.0,0.8667,1.0,0.1586767435073852,0.1924754977226257,0.0,0.41911613236841694,0.4896008763830013,0.9257617612922469,0.2795621464762509,0.19133702057323776,0.34711492262946964,0.5103922390734263,0.4469544931501457,0.49372035488335253
c47ce5a90ec4_DECISIÓN_0,A,0.0,1.0,0.0,0.2210384011268615,0.2593324780464172,0.0,0.41911613236841694,0.6188916609807404,0.3093038425074956,0.5995683682673162,0.5575759610212196,0.34711492262946964,0.5491794744527481,0.4998912883655411,0.5271674768364797
c4c4285e78ca_CONSIDERACIONES_0,A,0.0,1.0,0.0595,0.2054315209388733,0.2452822923660278,0.0,0.41911613236841694,0.6188916609807404,0.35310090490783497,0.5164278497638813,0.46998920477628636,0.34711492262946964,0.5491794744527481,0.45349817281078886,0.49127789782430076
c4c4285e78ca_DECISIÓN_0,A,0.0,1.0,0.0,0.2234242558479309,0.2601044178009033,0.0,0.41911613236841694,0.6188916609807404,0.3093038425074956,0.6119050948296324,0.5623347347310282,0.34711492262946964,0.5491794744527481,0.5062536111034102,0.5320581882326267
c4d4e8b6d818_CONSIDERACIONES_0,A,0.0,1.0,1.0,0.2126097083091735,0.2693784236907959,0.0,0.41911613236841694,0.6188916609807404,0.9257617612922469,0.5550663707662212,0.6183773613134314,0.34711492262946964,0.5491794744527481,0.6852682850881919,0.683131707355392
c4d4e8b6d818_DECISIÓN_0,A,0.0,0.975,0.0,0.3005368113517761,0.3273690938949585,0.0,0.41911613236841694,0.5953465538770654,0.3093038425074956,0.8933119150396907,0.8736383810340923,0.34711492262946964,0.5421159423216455,0.7122074330783527,0.6943061458714103
c643525bb6a6_CONSIDERACIONES_0,A,0.0602409638554216,1.0,0.6429,0.1975785493850708,0.2594618201255798,0.6264084507042251,0.4422517568201401,0.6188916609807404,0.7917272084003846,0.473947768178183,0.5583740775985733,0.8569532644047867,0.40548222170084214,0.5946094930709606,0.508318999072237
c643525bb6a6_DECISIÓN_0,A,0.0,1.0,0.0,0.2162273526191711,0.2805402278900146,0.0,0.41911613236841694,0.6188916609807404,0.3093038425074956,0.5743189446796934,0.6817705795914931,0.34711492262946964,0.5491794744527481,0.527049904501574,0.5506413044027613
c69dc286db3c_CONSIDERACIONES_0,A,0.208717875905154,1.0,0.3485,0.1831457614898681,0.2192278504371643,0.0,0.5001444637666153,0.6188916609807404,0.5880678629249072,0.39727963112313114,0.3160387698175902,0.34711492262946964,0.5815908070120274,0.4301438422720017,0.4757875629966698
c69dc286db3c_DECISIÓN_0,A,0.0,1.0,0.0,0.2052969336509704,0.2365316152572631,0.0,0.41911613236841694,0.6188916609807404,0.3093038425074956,0.5157000556088347,0.41602365462814206,0.34711492262946964,0.5491794744527481,0.4238782713842252,0.46661890644066595
c76a6c050b25_CONSIDERACIONES_0,A,0.0,1.0,0.0933,0.2069825530052185,0.2592955827713012,0.6229477611940304,0.41911613236841694,0.6188916609807404,0.37918861935908393,0.5248094024381886,0.5573482408066405,0.8553051805007673,0.39672239709135876,0.4908848190249928,0.4205159996727342
c76a6c050b25_DECISIÓN_0,A,0.0,0.7167,0.0,0.1931738853454589,0.231057584285736,0.0,0.41911613236841694,0.34660279868945265,0.3093038425074956,0.45024607955527635,0.38318019140736176,0.34711492262946964,0.4674928157653617,0.38784364199656773,0.43877184781940337
c7e4faba1b79_DECISIÓN_0,A,0.0,1.0,0.0,0.24530029296875,0.2807588577270508,0.0,0.41911613236841694,0.6188916609807404,0.3093038425074956,0.7168731125388796,0.6829561309445863,0.34711492262946964,0.5491794744527481,0.5844272370511765,0.5937039425987904
c82de3033e6e_HECHOS_0,A,0.7317073170731707,1.0,1.0,0.1596888303756714,0.2153766751289367,0.0,0.6942153723819778,0.6188916609807404,0.9257617612922469,0.2839971235677213,0.295589877552401,0.34711492262946964,0.6592191704581724,0.48000434108048284,0.5211140622555844
c82de3033e6e_CARGOS_0,A,0.4938271604938271,1.0,0.2333,0.2394452691078186,0.280401349067688,0.0,0.6099815064188586,0.6188916609807404,0.4931870073562821,0.6904505094721483,0.6810162631563191,0.34711492262946964,0.6255256240729247,0.6284411849426397,0.6312629859439008
c82de3033e6e_CARGOS_1,A,0.4938271604938271,1.0,0.713,0.2394452691078186,0.280401349067688,0.0,0.6099815064188586,0.6188916609807404,0.8275797682514903,0.6904505094721483,0.6810162631563191,0.34711492262946964,0.6255256240729247,0.7287590132112022,0.714861176167703
c82de3033e6e_CONSIDERACIONES_0,A,0.2085747392815759,1.0,0.7708,0.2452776432037353,0.286401093006134,0.0,0.5000884037561327,0.6188916609807404,0.8533166896710378,0.7167735613629841,0.7127037573610889,0.34711492262946964,0.5815683830078343,0.7565155586548316,0.7371141956410329
c82de3033e6e_DECISIÓN_0,A,0.0,0.325,0.0,0.2544048428535461,0.2994747161865234,0.0,0.41911613236841694,0.10147262002636089,0.3093038425074956,0.7551262630605753,0.7748036978049053,0.34711492262946964,0.3939537621664342,0.6272827673179504,0.6281417794703789
c8e3b5b12886_DECISIÓN_0,A,0.0,0.7325,0.0,0.249560534954071,0.279361367225647,0.0,0.41911613236841694,0.3608663422599456,0.3093038425074956,0.7352159456921532,0.6753376473387589,0.34711492262946964,0.4717718788365096,0.5894788252307377,0.5973021716433157
c96e93212fb2_CONSIDERACIONES_0,A,0.2208976157082748,1.0,0.2,0.2165018320083618,0.259990394115448,0.3958333333333333,0.504914547810929,0.6188916609807404,0.465546382868796,0.5757712811519873,0.5616325133838824,0.7106847660260575,0.4744278876107765,0.5384621813365984,0.4873891552035543
c9d3820f5dc3_DECISIÓN_0,A,0.0,0.65,0.0,0.2167081832885742,0.254434585571289,0.0,0.41911613236841694,0.2895793819404578,0.3093038425074956,0.5768622757619278,0.5271709514392395,0.34711492262946964,0.4503857907406632,0.4816873484887917,0.5127543966893682
c9d3820f5dc3_DECISIÓN_1,A,0.0,0.65,0.0,0.2167081832885742,0.254434585571289,0.0,0.41911613236841694,0.2895793819404578,0.3093038425074956,0.5768622757619278,0.5271709514392395,0.34711492262946964,0.4503857907406632,0.4816873484887917,0.5127543966893682
ca2ba5db740d_HECHOS_0,A,0.0,1.0,0.3485,0.1592317819595337,0.213578999042511,0.0,0.41911613236841694,0.6188916609807404,0.5880678629249072,0.2819890801159879,0.2863120851421802,0.34711492262946964,0.5491794744527481,0.37510961646652136,0.43376872652567433
ca2ba5db740d_CONSIDERACIONES_0,A,0.0315230616082291,1.0,0.7045,0.1787384748458862,0.2409916520118713,0.0,0.43118493330985913,0.6188916609807404,0.8235074208490846,0.3746678971121073,0.44336065837674127,0.34711492262946964,0.5540069948293249,0.5299275826125907,0.5596944044141947
ca2ba5db740d_DECISIÓN_0,A,0.0,1.0,0.0,0.1790099740028381,0.2201123237609863,0.0,0.41911613236841694,0.6188916609807404,0.3093038425074956,0.3760462411900488,0.3208413578491828,0.34711492262946964,0.5491794744527481,0.3394620565830231,0.40092718792029036
ca4b10eb4813_CONSIDERACIONES_0,A,0.1746286631874749,1.0,0.4167,0.1798853278160095,0.2325846552848816,0.4310810810810811,0.4867963618871237,0.6188916609807404,0.6417265123839543,0.38050381851383575,0.3922495215590747,0.7378830641274231,0.4590211238108447,0.46239433758844306,0.42506854121442333
ca4b10eb4813_HECHOS_0,A,0.4576390518657592,1.0,0.7263,0.1763239502906799,0.2392656803131103,0.580743243243243,0.5964130788240704,0.6188916609807404,0.833801995582335,0.36250135283156715,0.4327314348299567,0.8339176882894799,0.47405742333700635,0.5249605702563144,0.4586002257946471
ca4b10eb4813_CONSIDERACIONES_1,A,0.1746286631874749,1.0,0.9911,0.1798853278160095,0.2325846552848816,0.4310810810810811,0.4867963618871237,0.6188916609807404,0.9237010857277529,0.38050381851383575,0.3922495215590747,0.7378830641274231,0.4590211238108447,0.5469867095915826,0.495562184550373
ca4b10eb4813_DECISIÓN_0,A,0.0,1.0,0.1754,0.2235491871833801,0.2717825770378113,0.0,0.41911613236841694,0.6188916609807404,0.4452527842970837,0.6125473014555745,0.6324671209534071,0.34711492262946964,0.5491794744527481,0.568334892157377,0.5837711822234011
ca66e02c1b6e_CONSIDERACIONES_0,A,0.190959632583998,1.0,0.3571,0.2204259634017944,0.2695038318634033,0.0,0.49318980010213237,0.6188916609807404,0.5949805126450053,0.5963804325021229,0.6191175065425046,0.34711492262946964,0.5788089415462342,0.6027815787571023,0.6130156500216204
ca66e02c1b6e_DECISIÓN_0,A,0.0,1.0,0.0,0.2203022241592407,0.2551103234291076,0.0,0.41911613236841694,0.6188916609807404,0.3093038425074956,0.5957353309954763,0.5313829586486392,0.34711492262946964,0.5491794744527481,0.490500172745031,0.5194693150617826
cbdf9a296c1d_CONSIDERACIONES_0,A,0.2864583333333333,1.0,0.7308,0.1607599854469299,0.2242412567138672,0.0,0.5305536995625163,0.6188916609807404,0.8358661575536168,0.28873687767963996,0.34375446990729525,0.34711492262946964,0.5937545013303878,0.4693809393101296,0.512103235643226
cbdf9a296c1d_DECISIÓN_0,A,0.0,0.325,0.2333,0.1758263707160949,0.2270852327346801,0.0,0.41911613236841694,0.10147262002636089,0.4931870073562821,0.360015259320793,0.3599791315046017,0.34711492262946964,0.3939537621664342,0.3999559453865823,0.4518731279855649
ccde7d83c869_HECHOS_0,A,2.9651162790697674,1.0,1.0,0.2675204873085022,0.2953803539276123,0.0,0.9868590555371317,0.6188916609807404,0.9257617612922469,0.8037867704498735,0.7564292479724786,0.34711492262946964,0.776276643720234,0.826172010959367,0.7922607989252494
ccde7d83c869_DECISIÓN_0,A,0.0,1.0,0.0,0.2902180552482605,0.3083689212799072,0.0,0.41911613236841694,0.6188916609807404,0.3093038425074956,0.8700721517860881,0.81125090987075,0.34711492262946964,0.5491794744527481,0.6841952864279089,0.6717373491044939
ce1823634145_CONSIDERACIONES_0,A,0.1355875460328088,1.0,0.0,0.2301527857780456,0.2731553912162781,0.2839805825242717,0.4715335032725363,0.6188916609807404,0.3093038425074956,0.6458892828614152,0.6404140071508954,0.6144940351591557,0.4899326890554899,0.5432710680420834,0.5082974402411912
ce1823634145_DECISIÓN_0,A,0.0,1.0,0.0,0.2197089195251464,0.2525053024291992,0.0,0.41911613236841694,0.6188916609807404,0.3093038425074956,0.5926376373427826,0.5151260807247546,0.34711492262946964,0.5491794744527481,0.48438403190678814,0.5144757874850034
ce1823634145_DECISIÓN_1,A,0.0,0.78,0.0,0.2197089195251464,0.2525053024291992,0.0,0.41911613236841694,0.40515971731682177,0.3093038425074956,0.5926376373427826,0.5151260807247546,0.34711492262946964,0.4850598913535724,0.48438403190678814,0.5144757874850034
ce7e21d9cf56_CONSIDERACIONES_0,A,0.1100173711638679,1.0,0.1061,0.2212893366813659,0.2463578581809997,0.6853155339805835,0.46156400795052827,0.6188916609807404,0.3892629063517371,0.6008721546277649,0.4766973004612043,0.8826710864043512,0.4054917755531281,0.5001369238949884,0.4202174808106946
ce7e21d9cf56_HECHOS_0,A,0.772635814889336,1.0,0.7454,0.1706865429878235,0.2084112763404846,0.6453124999999996,0.7076546625141242,0.6188916609807404,0.8424214435609353,0.33479222256327035,0.2606383936041852,0.8656814693366142,0.5090249224988876,0.4648348401748443,0.4030663321929384
ce7e21d9cf56_CONSIDERACIONES_1,A,0.1100173711638679,1.0,0.2356,0.2212893366813659,0.2463578581809997,0.6853155339805835,0.46156400795052827,0.6188916609807404,0.49509960281695675,0.6008721546277649,0.4766973004612043,0.8826710864043512,0.4054917755531281,0.5318879328345543,0.4466766549269995
ce7e21d9cf56_DECISIÓN_0,A,0.0,0.0,0.0,0.2191553115844726,0.2485846281051635,0.8824999999999996,0.41911613236841694,0.03033911542470335,0.3093038425074956,0.5897405414472352,0.49060924245586335,0.9416057411388308,0.19426646523312857,0.4758701420679018,0.3885792854472441
ce7e21d9cf56_DECISIÓN_1,A,0.0,1.0,0.0,0.2191553115844726,0.2485846281051635,0.8824999999999996,0.41911613236841694,0.6188916609807404,0.3093038425074956,0.5897405414472352,0.49060924245586335,0.9416057411388308,0.3708322288999397,0.4758701420679018,0.3885792854472441
cf64a4026cc9_CONSIDERACIONES_0,A,0.0,1.0,0.0,0.2284270524978637,0.2639861106872558,0.0,0.41911613236841694,0.6188916609807404,0.3093038425074956,0.6372970285964863,0.5860737641571607,0.34711492262946964,0.5491794744527481,0.5235320934379915,0.5456105257192161
cf64a4026cc9_DECISIÓN_0,A,0.0,1.0,0.0,0.2601110339164734,0.2774249315261841,0.0,0.41911613236841694,0.6188916609807404,0.3093038425074956,0.7772474047552357,0.6646263949478275,0.34711492262946964,0.5491794744527481,0.6030780331386912,0.6072337962645076
cf64a4026cc9_DECISIÓN_1,A,0.0,0.52,0.0,0.2601110339164734,0.2774249315261841,0.0,0.41911613236841694,0.1961009823266706,0.3093038425074956,0.7772474047552357,0.6646263949478275,0.34711492262946964,0.4223422708565271,0.6030780331386912,0.6072337962645076
d1501d4896ef_HECHOS_0,A,0.1147666411629686,1.0,0.8452,0.1351932883262634,0.1929804682731628,0.8522727272727271,0.46341360664950754,0.6188916609807404,0.8816722754025638,0.18921546150308158,0.19329942588691185,0.934838061830246,0.39058152240495136,0.3981776949880753,0.3385399514072442
d1501d4896ef_CONSIDERACIONES_0,A,0.0,1.0,0.5024,0.1895737648010254,0.2151039242744445,0.0,0.41911613236841694,0.6188916609807404,0.7043220674617879,0.4310351535868198,0.2941710185399028,0.34711492262946964,0.5491794744527481,0.4719619872352351,0.5095108330505747
d1501d4896ef_DECISIÓN_0,A,0.0,0.4875,0.0,0.2023401260375976,0.2130996584892273,0.0,0.41911613236841694,0.17665189793349215,0.3093038425074956,0.49969946313085717,0.28386786394950536,0.34711492262946964,0.41650754553857355,0.3778312971894432,0.4287797810276135
d1fb3b43b90d_CARGOS_0,A,0.4939723610702735,1.0,0.4841,0.1761147379875183,0.2355232238769531,0.0,0.6100356219298662,0.6188916609807404,0.6914882184802674,0.36145514479134544,0.40990768507694986,0.34711492262946964,0.6255472702773277,0.4750008289837033,0.514362534800814
d1fb3b43b90d_CONSIDERACIONES_0,A,0.4672231270358306,1.0,0.2581,0.2288139462471008,0.2757188081741333,0.0,0.6000218595798829,0.6188916609807404,0.5138086968431267,0.6392312048848631,0.6550461170080678,0.34711492262946964,0.6215417653373344,0.6063489261093036,0.6145600804023637
d313e99855ec_CONSIDERACIONES_0,A,0.0,0.7322,0.1164,0.164608895778656,0.1855658292770385,0.0,0.41911613236841694,0.3605931213883355,0.3974392346424399,0.3061486197529611,0.16600397574206985,0.34711492262946964,0.47168991257502657,0.29149241101653733,0.3632824039961219
d313e99855ec_HECHOS_0,A,0.0,1.0,1.0,0.1746748089790344,0.2460165023803711,0.0,0.41911613236841694,0.6188916609807404,0.9257617612922469,0.3542905269136735,0.4745673038278746,0.34711492262946964,0.5491794744527481,0.5618149303015059,0.5869464398282385
d313e99855ec_DECISIÓN_0,A,0.0,1.0,0.875,0.2648041248321533,0.3338879346847534,0.0,0.41911613236841694,0.6188916609807404,0.8916298479335262,0.794344584768706,0.8905734251806167,0.34711492262946964,0.5491794744527481,0.8523988158417253,0.8144312091832535
d313e99855ec_HECHOS_1,A,0.0,1.0,0.7143,0.1746748089790344,0.2460165023803711,0.0,0.41911613236841694,0.6188916609807404,0.8281959961211446,0.3542905269136735,0.4745673038278746,0.34711492262946964,0.5491794744527481,0.5325452007501752,0.5625549985354629
d313e99855ec_HECHOS_2,A,0.0,1.0,0.0,0.1746748089790344,0.2460165023803711,0.0,0.41911613236841694,0.6188916609807404,0.3093038425074956,0.3542905269136735,0.4745673038278746,0.34711492262946964,0.5491794744527481,0.3768775546660805,0.4328319601320507
d313e99855ec_DECISIÓN_1,A,0.0,1.0,0.0,0.2648041248321533,0.3338879346847534,0.0,0.41911613236841694,0.6188916609807404,0.3093038425074956,0.794344584768706,0.8905734251806167,0.34711492262946964,0.5491794744527481,0.6777010142139162,0.6688497078267459
d313e99855ec_DECISIÓN_2,A,0.0,1.0,0.0,0.2648041248321533,0.3338879346847534,0.0,0.41911613236841694,0.6188916609807404,0.3093038425074956,0.794344584768706,0.8905734251806167,0.34711492262946964,0.5491794744527481,0.6777010142139162,0.6688497078267459
d313e99855ec_DECISIÓN_3,A,0.0,1.0,0.881,0.2648041248321533,0.3338879346847534,0.0,0.41911613236841694,0.6188916609807404,0.8935435085697502,0.794344584768706,0.8905734251806167,0.34711492262946964,0.5491794744527481,0.8529729140325926,0.8149096243423095
d313e99855ec_HECHOS_3,A,0.0,1.0,0.8333,0.1746748089790344,0.2460165023803711,0.0,0.41911613236841694,0.6188916609807404,0.8774794134103125,0.3542905269136735,0.4745673038278746,0.34711492262946964,0.5491794744527481,0.5473302259369256,0.5748758528577549
d313e99855ec_HECHOS_4,A,0.0,1.0,0.0,0.1746748089790344,0.2460165023803711,0.0,0.41911613236841694,0.6188916609807404,0.3093038425074956,0.3542905269136735,0.4745673038278746,0.34711492262946964,0.5491794744527481,0.3768775546660805,0.4328319601320507
d313e99855ec_HECHOS_5,A,0.0,1.0,0.3889,0.1746748089790344,0.2460165023803711,0.0,0.41911613236841694,0.6188916609807404,0.6201966434611194,0.3542905269136735,0.4745673038278746,0.34711492262946964,0.5491794744527481,0.4701453949521677,0.5105551603704566
d313e99855ec_HECHOS_6,A,0.0,1.0,0.0,0.1746748089790344,0.2460165023803711,0.0,0.41911613236841694,0.6188916609807404,0.3093038425074956,0.3542905269136735,0.4745673038278746,0.34711492262946964,0.5491794744527481,0.3768775546660805,0.4328319601320507
d313e99855ec_HECHOS_7,A,0.0,1.0,0.0,0.1746748089790344,0.2460165023803711,0.0,0.41911613236841694,0.6188916609807404,0.3093038425074956,0.3542905269136735,0.4745673038278746,0.34711492262946964,0.5491794744527481,0.3768775546660805,0.4328319601320507
d313e99855ec_HECHOS_8,A,0.0,1.0,1.0,0.1746748089790344,0.2460165023803711,0.0,0.41911613236841694,0.6188916609807404,0.9257617612922469,0.3542905269136735,0.4745673038278746,0.34711492262946964,0.5491794744527481,0.5618149303015059,0.5869464398282385
d313e99855ec_HECHOS_9,A,0.0,1.0,0.0,0.1746748089790344,0.2460165023803711,0.0,0.41911613236841694,0.6188916609807404,0.3093038425074956,0.3542905269136735,0.4745673038278746,0.34711492262946964,0.5491794744527481,0.3768775546660805,0.4328319601320507
d313e99855ec_HECHOS_10,A,0.0,1.0,0.0,0.1746748089790344,0.2460165023803711,0.0,0.41911613236841694,0.6188916609807404,0.3093038425074956,0.3542905269136735,0.4745673038278746,0.34711492262946964,0.5491794744527481,0.3768775546660805,0.4328319601320507
d313e99855ec_HECHOS_11,A,0.0,1.0,0.8333,0.1746748089790344,0.2460165023803711,0.0,0.41911613236841694,0.6188916609807404,0.8774794134103125,0.3542905269136735,0.4745673038278746,0.34711492262946964,0.5491794744527481,0.5473302259369256,0.5748758528577549
d313e99855ec_HECHOS_12,A,0.0,1.0,1.0,0.1746748089790344,0.2460165023803711,0.0,0.41911613236841694,0.6188916609807404,0.9257617612922469,0.3542905269136735,0.4745673038278746,0.34711492262946964,0.5491794744527481,0.5618149303015059,0.5869464398282385
d313e99855ec_HECHOS_13,A,0.0,1.0,1.0,0.1746748089790344,0.2460165023803711,0.0,0.41911613236841694,0.6188916609807404,0.9257617612922469,0.3542905269136735,0.4745673038278746,0.34711492262946964,0.5491794744527481,0.5618149303015059,0.5869464398282385
d313e99855ec_DECISIÓN_4,A,0.0,1.0,0.0,0.2648041248321533,0.3338879346847534,0.0,0.41911613236841694,0.6188916609807404,0.3093038425074956,0.794344584768706,0.8905734251806167,0.34711492262946964,0.5491794744527481,0.6777010142139162,0.6688497078267459
d313e99855ec_DECISIÓN_5,A,0.0,1.0,0.625,0.2648041248321533,0.3338879346847534,0.0,0.41911613236841694,0.6188916609807404,0.7817374094695,0.794344584768706,0.8905734251806167,0.34711492262946964,0.5491794744527481,0.8194310843025174,0.786958099567247
d313e99855ec_HECHOS_14,A,0.0,1.0,0.0,0.1746748089790344,0.2460165023803711,0.0,0.41911613236841694,0.6188916609807404,0.3093038425074956,0.3542905269136735,0.4745673038278746,0.34711492262946964,0.5491794744527481,0.3768775546660805,0.4328319601320507
d313e99855ec_HECHOS_15,A,0.0,1.0,0.0,0.1746748089790344,0.2460165023803711,0.0,0.41911613236841694,0.6188916609807404,0.3093038425074956,0.3542905269136735,0.4745673038278746,0.34711492262946964,0.5491794744527481,0.3768775546660805,0.4328319601320507
d313e99855ec_HECHOS_16,A,0.0,1.0,0.0,0.1746748089790344,0.2460165023803711,0.0,0.41911613236841694,0.6188916609807404,0.3093038425074956,0.3542905269136735,0.4745673038278746,0.34711492262946964,0.5491794744527481,0.3768775546660805,0.4328319601320507
d313e99855ec_HECHOS_17,A,0.0,1.0,1.0,0.1746748089790344,0.2460165023803711,0.0,0.41911613236841694,0.6188916609807404,0.9257617612922469,0.3542905269136735,0.4745673038278746,0.34711492262946964,0.5491794744527481,0.5618149303015059,0.5869464398282385
d313e99855ec_HECHOS_18,A,0.0,1.0,1.0,0.1746748089790344,0.2460165023803711,0.0,0.41911613236841694,0.6188916609807404,0.9257617612922469,0.3542905269136735,0.4745673038278746,0.34711492262946964,0.5491794744527481,0.5618149303015059,0.5869464398282385
d313e99855ec_HECHOS_19,A,0.0,1.0,1.0,0.1746748089790344,0.2460165023803711,0.0,0.41911613236841694,0.6188916609807404,0.9257617612922469,0.3542905269136735,0.4745673038278746,0.34711492262946964,0.5491794744527481,0.5618149303015059,0.5869464398282385
d313e99855ec_DECISIÓN_6,A,0.0,1.0,0.0,0.2648041248321533,0.3338879346847534,0.0,0.41911613236841694,0.6188916609807404,0.3093038425074956,0.794344584768706,0.8905734251806167,0.34711492262946964,0.5491794744527481,0.6777010142139162,0.6688497078267459
d313e99855ec_HECHOS_20,A,0.0,1.0,0.0439,0.1746748089790344,0.2460165023803711,0.0,0.41911613236841694,0.6188916609807404,0.3413389279071801,0.3542905269136735,0.4745673038278746,0.34711492262946964,0.5491794744527481,0.38648808028598586,0.4408407314819718
d313e99855ec_DECISIÓN_7,A,0.0,1.0,0.3509,0.2648041248321533,0.3338879346847534,0.0,0.41911613236841694,0.6188916609807404,0.5900005973862079,0.794344584768706,0.8905734251806167,0.34711492262946964,0.5491794744527481,0.7619100406775299,0.739023896546424
d313e99855ec_DECISIÓN_8,A,0.0,1.0,0.4896,0.2648041248321533,0.3338879346847534,0.0,0.41911613236841694,0.6188916609807404,0.6953778064383132,0.794344584768706,0.8905734251806167,0.34711492262946964,0.5491794744527481,0.7935232033931614,0.7653681988094503
d313e99855ec_CONSIDERACIONES_1,A,0.0,0.0,0.0,0.164608895778656,0.1855658292770385,0.0,0.41911613236841694,0.03033911542470335,0.3093038425074956,0.3061486197529611,0.16600397574206985,0.34711492262946964,0.3726137107859369,0.26505179337605406,0.3412485559623858
d313e99855ec_CONSIDERACIONES_2,A,0.0,1.0,0.4825,0.164608895778656,0.1855658292770385,0.0,0.41911613236841694,0.6188916609807404,0.6903515501269784,0.3061486197529611,0.16600397574206985,0.34711492262946964,0.5491794744527481,0.3793661056618989,0.43651048286725647
d313e99855ec_DECISIÓN_9,A,0.0,0.0,0.1458,0.2648041248321533,0.3338879346847534,0.0,0.41911613236841694,0.03033911542470335,0.42108009101401683,0.794344584768706,0.8905734251806167,0.34711492262946964,0.3726137107859369,0.7112338887658725,0.6967937699533762
d313e99855ec_CARGOS_0,A,0.0,0.0,0.0,0.3016097545623779,0.3067131638526916,0.0,0.41911613236841694,0.03033911542470335,0.3093038425074956,0.8955059279896419,0.8048258837676788,0.34711492262946964,0.3726137107859369,0.6924412890784091,0.6777612254397922
d313e99855ec_DECISIÓN_10,A,0.0,0.572,0.0,0.2648041248321533,0.3338879346847534,0.0,0.41911613236841694,0.23050224177566453,0.3093038425074956,0.794344584768706,0.8905734251806167,0.34711492262946964,0.4326626486912253,0.6777010142139162,0.6688497078267459
d313e99855ec_HECHOS_21,A,0.0,1.0,0.0397,0.1746748089790344,0.2460165023803711,0.0,0.41911613236841694,0.6188916609807404,0.3382046048543618,0.3542905269136735,0.4745673038278746,0.34711492262946964,0.5491794744527481,0.3855477833701404,0.4400571507187673
d313e99855ec_DECISIÓN_11,A,0.0,1.0,0.1852,0.2648041248321533,0.3338879346847534,0.0,0.41911613236841694,0.6188916609807404,0.4533191992754129,0.794344584768706,0.8905734251806167,0.34711492262946964,0.5491794744527481,0.7209056212442914,0.7048535470187253
d313e99855ec_HECHOS_22,A,0.0,0.195,0.0,0.1746748089790344,0.2460165023803711,0.0,0.41911613236841694,0.06330553781753955,0.3093038425074956,0.3542905269136735,0.4745673038278746,0.34711492262946964,0.3825036375037878,0.3768775546660805,0.4328319601320507
d313e99855ec_HECHOS_23,A,0.0,1.0,0.1061,0.1746748089790344,0.2460165023803711,0.0,0.41911613236841694,0.6188916609807404,0.3892629063517371,0.3542905269136735,0.4745673038278746,0.34711492262946964,0.5491794744527481,0.40086527381935294,0.452821726093111
d313e99855ec_DECISIÓN_12,A,0.0,0.9354,0.1638,0.2648041248321533,0.3338879346847534,0.0,0.41911613236841694,0.5571783279997067,0.43574225203453043,0.794344584768706,0.8905734251806167,0.34711492262946964,0.5306654745584379,0.7156325370720266,0.7004593102085046
d313e99855ec_HECHOS_24,A,0.0,1.0,0.0,0.1746748089790344,0.2460165023803711,0.0,0.41911613236841694,0.6188916609807404,0.3093038425074956,0.3542905269136735,0.4745673038278746,0.34711492262946964,0.5491794744527481,0.3768775546660805,0.4328319601320507
d313e99855ec_HECHOS_25,A,0.0,1.0,0.4693,0.1746748089790344,0.2460165023803711,0.0,0.41911613236841694,0.6188916609807404,0.6808869204249606,0.3542905269136735,0.4745673038278746,0.34711492262946964,0.5491794744527481,0.48835247804132,0.5257277296114169
d313e99855ec_DECISIÓN_13,A,0.0,1.0,0.0,0.2648041248321533,0.3338879346847534,0.0,0.41911613236841694,0.6188916609807404,0.3093038425074956,0.794344584768706,0.8905734251806167,0.34711492262946964,0.5491794744527481,0.6777010142139162,0.6688497078267459
d313e99855ec_HECHOS_26,A,0.0,1.0,0.4167,0.1746748089790344,0.2460165023803711,0.0,0.41911613236841694,0.6188916609807404,0.6417265123839543,0.3542905269136735,0.4745673038278746,0.34711492262946964,0.5491794744527481,0.47660435562901815,0.5159376276011653
d313e99855ec_DECISIÓN_14,A,0.0,1.0,0.1852,0.2648041248321533,0.3338879346847534,0.0,0.41911613236841694,0.6188916609807404,0.4533191992754129,0.794344584768706,0.8905734251806167,0.34711492262946964,0.5491794744527481,0.7209056212442914,0.7048535470187253
d34e73987d1c_CONSIDERACIONES_0,A,0.3825347758887171,1.0,0.1875,0.1852548718452453,0.222539484500885,0.3111867704280159,0.5678003205608213,0.6188916609807404,0.4552160545434567,0.4082643977027006,0.33421473089323767,0.6390937811925335,0.5210594921607906,0.4001349947120886,0.3920182594314771
d34e73987d1c_CONSIDERACIONES_1,A,0.3825347758887171,0.7837,0.0472,0.1852548718452453,0.222539484500885,0.3111867704280159,0.5678003205608213,0.40868625959901156,0.34381139147139494,0.4082643977027006,0.33421473089323767,0.6390937811925335,0.45799787174627193,0.36671359579047,0.36416709366346167
d34e73987d1c_CONSIDERACIONES_2,A,0.3825347758887171,1.0,0.3133,0.1852548718452453,0.222539484500885,0.3111867704280159,0.5678003205608213,0.6188916609807404,0.5594384674264896,0.4082643977027006,0.33421473089323767,0.6390937811925335,0.5210594921607906,0.43140171857699844,0.41807386265223534
d34e73987d1c_DECISIÓN_0,A,0.4744186046511628,1.0,0.0,0.1942663788795471,0.2424689531326294,0.3605769230769231,0.6027241460834033,0.6188916609807404,0.3093038425074956,0.45610802027303177,0.4525002263445556,0.6818737182903454,0.5221950412404799,0.4109844287648281,0.3909086796368533
d34e73987d1c_DECISIÓN_1,A,0.4744186046511628,1.0,0.2,0.1942663788795471,0.2424689531326294,0.3605769230769231,0.6027241460834033,0.6188916609807404,0.465546382868796,0.45610802027303177,0.4525002263445556,0.6818737182903454,0.5221950412404799,0.4578571908732182,0.42996931472717836
d486f76d012c_DECISIÓN_0,A,0.0,1.0,0.0,0.1909199357032776,0.256321907043457,0.665,0.41911613236841694,0.6188916609807404,0.3093038425074956,0.43819748672758296,0.5389234205602886,0.8742887471352648,0.39102732710100946,0.4297471736113685,0.36865831235816804
d4f1ec308715_HECHOS_0,A,2.156862745098039,1.0,1.0,0.1581493616104126,0.22018963098526,0.0,0.954893429544222,0.6188916609807404,0.9257617612922469,0.2772680237217913,0.32126295441057057,0.34711492262946964,0.76349039332307,0.48501462419956176,0.5255136015163479
d4f1ec308715_CONSIDERACIONES_0,A,0.1214574898785425,1.0,0.298,0.2068233489990234,0.2437789440155029,0.3125,0.46602104875275674,0.6188916609807404,0.5468582664902183,0.5239496503223913,0.4606317837286443,0.6402640912083244,0.4799966904328275,0.5118268751946153,0.4810045894097682
d4f1ec308715_DECISIÓN_0,A,0.0,0.52,0.0,0.2333915829658508,0.2625827193260193,0.0,0.41911613236841694,0.1961009823266706,0.3093038425074956,0.6617600220040375,0.5775311892858592,0.34711492262946964,0.4223422708565271,0.5307545183396214,0.550813780023656
d66b3436b885_DECISIÓN_0,A,0.0,1.0,0.0,0.2260596752166748,0.2728016376495361,0.0,0.41911613236841694,0.6188916609807404,0.3093038425074956,0.6253668994170982,0.6383733659755341,0.34711492262946964,0.5491794744527481,0.5344499223117483,0.555106387419993
d7baa5d83fa9_DECISIÓN_0,A,0.0,1.0,0.0,0.2308623790740966,0.2961949706077575,1.0,0.41911613236841694,0.6188916609807404,0.3093038425074956,0.64939550019245,0.7601646127368804,0.9621184448064667,0.36467841779964894,0.5805987366502927,0.4697620749075357
d8b92a230855_CARGOS_0,A,0.3181922988240719,1.0,0.0,0.2123548984527588,0.2648930549621582,0.5845588235294115,0.5429146980165848,0.6188916609807404,0.3093038425074956,0.5537033566997154,0.5915673369859105,0.8359508598502974,0.4520481195457668,0.49174269652790803,0.42413862991320667
d8b92a230855_DECISIÓN_0,A,0.0,0.3071,0.0,0.1985718607902526,0.254457950592041,0.0,0.41911613236841694,0.09520623270975453,0.3093038425074956,0.47931295116855793,0.5273166582674598,0.34711492262946964,0.39207384597145223,0.4427113306999098,0.4835260260184123
d8d34808d36e_CONSIDERACIONES_0,A,0.197298884321785,1.0,0.6136,0.196196436882019,0.2514951825141907,0.4953488372093028,0.4956722795219255,0.6188916609807404,0.7751974788796877,0.4664928137280256,0.5088118093327381,0.7830416819989657,0.4490239055033026,0.571799911954938,0.5043418297717209
d95ac6a1be32_DECISIÓN_0,A,0.0,0.4333,0.0,0.1530265808105468,0.2377530932426452,0.871875,0.41911613236841694,0.14763736810135245,0.3093038425074956,0.25559784811910374,0.4234666204730146,0.9393055394096719,0.23014600155487097,0.32207027814179456,0.2720108622989243
da4f9dd7ff23_DECISIÓN_0,A,0.2459016393442623,1.0,0.0507,0.1907618641853332,0.2516392469406128,0.7874999999999999,0.5147033883933472,0.6188916609807404,0.3464429800537604,0.43735506801612706,0.5097125766348192,0.9178177366466947,0.41620353265755256,0.4317886942130247,0.3616818622476441
db9d7c74bc29_HECHOS_0,A,0.4035874439461883,1.0,0.0595,0.1656479239463806,0.2262308597564697,0.5925925925925924,0.5758752790108704,0.6188916609807404,0.35310090490783497,0.3109483738609441,0.3550692659256675,0.8401662701192145,0.4639677288628059,0.3368304007944284,0.302293800842816
db9d7c74bc29_DECISIÓN_0,A,0.0,0.3714,0.0,0.3176449537277221,0.3613053560256958,0.0,0.41911613236841694,0.11944271600405901,0.3093038425074956,0.9238232656054056,0.9417261167535482,0.34711492262946964,0.3993447909597436,0.7448382940204754,0.7204814849709887
dd06dc7442e0_CONSIDERACIONES_0,A,0.1113585746102449,1.0,0.053,0.1684852242469787,0.2318075299263,0.3313953488372093,0.462086233380369,0.6188916609807404,0.3481774505934836,0.3242619246987443,0.38762441965328737,0.6569130796208635,0.4734280677601107,0.350445330953529,0.34984642904714336
dd06dc7442e0_DECISIÓN_0,A,0.0,1.0,0.0,0.2365839481353759,0.2643487453460693,0.0,0.41911613236841694,0.6188916609807404,0.3093038425074956,0.677055078503443,0.5882729785743461,0.34711492262946964,0.5491794744527481,0.5400950777259298,0.5580877442955994
dd624c162f87_HECHOS_0,A,0.33271719038817,1.0,0.4102,0.1335850358009338,0.1868320703506469,0.0,0.548555769002994,0.6188916609807404,0.6367398561054838,0.18393087370759817,0.1704364568397903,0.34711492262946964,0.6009553291065789,0.3157252433666215,0.38755035582270403
dd624c162f87_CONSIDERACIONES_0,A,0.0979858464888405,1.0,0.284,0.1992839574813842,0.2556629776954651,0.0,0.45688319013616535,0.6188916609807404,0.5352938842004764,0.4831622174119679,0.5348244677659674,0.34711492262946964,0.5642862975598474,0.5143003925547203,0.5430552686893074
dd624c162f87_DECISIÓN_0,A,0.0,0.8667,0.0,0.2624740600585937,0.3143796324729919,0.0,0.41911613236841694,0.4896008763830013,0.3093038425074956,0.7859801906703762,0.8332084608750469,0.34711492262946964,0.5103922390734263,0.6571457672829132,0.6519991485208545
ddeb856c980f_CONSIDERACIONES_0,A,0.0,1.0,0.0,0.2213293313980102,0.2613533735275268,0.0,0.41911613236841694,0.6188916609807404,0.3093038425074956,0.6010798237219968,0.5700095635749315,0.34711492262946964,0.5491794744527481,0.5042259513135269,0.5307293141113119
ddeb856c980f_DECISIÓN_0,A,0.0,0.975,0.0,0.2244476079940796,0.2778231501579284,0.0,0.41911613236841694,0.5953465538770654,0.3093038425074956,0.6171539783099196,0.6668434564827804,0.34711492262946964,0.5421159423216455,0.5397057810210506,0.559760033714651
de242b4cc9f1_HECHOS_0,A,0.9324758842443732,1.0,0.1826,0.1579067707061767,0.2214128971099853,0.0,0.7566552138940881,0.6188916609807404,0.4511765619992519,0.2762166530334279,0.3279725489430302,0.34711492262946964,0.6841951070630164,0.3442313944960558,0.4082292891197049
de242b4cc9f1_CONSIDERACIONES_0,A,0.3688524590163934,1.0,0.0463,0.1553232073783874,0.2144434452056884,0.611383928571429,0.5625326682173573,0.6188916609807404,0.34313623647380176,0.2651739407027039,0.29075170447385335,0.8496835048953761,0.45577551411255224,0.2962359585653781,0.26808746646864967
de242b4cc9f1_DECISIÓN_0,A,0.0,0.65,0.0,0.1875438690185547,0.2441573143005371,0.0,0.41911613236841694,0.2895793819404578,0.3093038425074956,0.42029029191701006,0.4629845562111185,0.34711492262946964,0.4503857907406632,0.3998026363823883,0.4497362027288626
dea3d90ee23b_CONSIDERACIONES_0,A,0.0,1.0,0.0,0.2223046422004699,0.2794744372367859,0.0,0.41911613236841694,0.6188916609807404,0.3093038425074956,0.6061326238251735,0.6759575873976483,0.34711492262946964,0.5491794744527481,0.5380314785016126,0.5587321600979441
dea3d90ee23b_DECISIÓN_0,A,0.0,0.65,0.0,0.2531118392944336,0.2851248979568481,0.0,0.41911613236841694,0.2895793819404578,0.3093038425074956,0.749912404544705,0.7061219761446508,0.34711492262946964,0.4503857907406632,0.604592707413526,0.6094071915005541
dea3d90ee23b_DECISIÓN_1,A,0.0,0.2167,0.0,0.2531118392944336,0.2851248979568481,0.0,0.41911613236841694,0.06858166242447918,0.3093038425074956,0.749912404544705,0.7061219761446508,0.34711492262946964,0.38408647488586967,0.604592707413526,0.6094071915005541
dff68261216a_HECHOS_0,A,1.7647058823529411,0.75,0.5556,0.1453950405120849,0.1930428147315979,0.0,0.919695191222745,0.37695516262249434,0.7398032302311836,0.22544368735031392,0.19354277371212725,0.34711492262946964,0.6768301484870054,0.3701812761231188,0.43154662266502797
dff68261216a_CONSIDERACIONES_0,A,0.0,1.0,0.2754,0.2392256259918213,0.2926462888717651,0.0,0.41911613236841694,0.6188916609807404,0.5281703811305739,0.6894331227370408,0.7436065226867773,0.34711492262946964,0.5491794744527481,0.6573063202400217,0.6553511782495561
dff68261216a_DECISIÓN_0,A,0.0,0.52,0.0,0.3172391057014465,0.3431354761123657,0.0,0.41911613236841694,0.1961009823266706,0.3093038425074956,0.9232025316461666,0.9111674371615468,0.34711492262946964,0.4223422708565271,0.7354223965591794,0.7126555948852166
e131fa29090d_HECHOS_0,A,0.5437853107344633,1.0,0.8726,0.2230899930000305,0.284006118774414,0.0,0.6284328770289805,0.6188916609807404,0.8908559589008216,0.6101849175096705,0.7002802578217607,0.34711492262946964,0.6329061723169734,0.7214148320206428,0.7114165449076527
e131fa29090d_CONSIDERACIONES_0,A,0.3144354454502144,1.0,1.0,0.2213881015777588,0.2658022046089172,0.3368478260869568,0.5414537862911969,0.6188916609807404,0.9257617612922469,0.6013849168009662,0.597051404219366,0.6616485649258492,0.5037544433329462,0.6973979163738703,0.6287890534330233
e131fa29090d_DECISIÓN_0,A,0.204778156996587,1.0,0.1389,0.2190654277801513,0.2620821595191955,0.0,0.4986014612325971,0.6188916609807404,0.41549484109549084,0.5892695751222198,0.574472697671815,0.34711492262946964,0.5809736059984201,0.5326980916790797,0.5548497727025985
e223c61ed7c2_CONSIDERACIONES_0,A,0.0605550883095037,1.0,0.4167,0.1892520785331726,0.2443104982376098,0.0,0.44237314720254706,0.6188916609807404,0.6417265123839543,0.4293277608757247,0.4639375555771448,0.34711492262946964,0.5584822803864001,0.5034303247386196,0.5357913607270982
e223c61ed7c2_DECISIÓN_0,A,0.0,0.26,0.0,0.2533247470855713,0.286393940448761,0.0,0.41911613236841694,0.08034444460259106,0.3093038425074956,0.7507759923688884,0.7126671151310656,0.34711492262946964,0.38761530953930323,0.6069016842391237,0.6113025525944129
e2a00fc501f3_HECHOS_0,A,0.1177394034536891,1.0,0.7396,0.1292065382003784,0.1863808631896972,0.8152173913043477,0.4645718618588639,0.6188916609807404,0.8398431327904059,0.17012444079517697,0.16884631505366932,0.9255476543195782,0.39383194674189426,0.3706566106712933,0.31810016333565627
e2a00fc501f3_CONSIDERACIONES_0,A,0.0,1.0,0.5861,0.2907968163490295,0.3024941682815552,0.0,0.41911613236841694,0.6188916609807404,0.7588547344801109,0.8714822677806328,0.7877105528442243,0.34711492262946964,0.5491794744527481,0.8125624933095537,0.7786630176393797
e2a00fc501f3_DECISIÓN_0,A,0.0,0.5571,0.0,0.1446165442466735,0.1898933053016662,0.0,0.41911613236841694,0.2202306364657934,0.3093038425074956,0.22251383886240148,0.1815399269890542,0.34711492262946964,0.4295811670982639,0.23625866639392556,0.320042109506964
e62b28e9f470_HECHOS_0,A,2.323943661971831,1.0,0.9444,0.1501185297966003,0.190412700176239,0.0,0.9649169313071156,0.6188916609807404,0.9120055468057775,0.24380262809222994,0.1834787008329888,0.34711492262946964,0.7674997940282275,0.42616632552852185,0.47758886581146665
e62b28e9f470_CONSIDERACIONES_0,A,0.0,1.0,0.1346,0.2137108445167541,0.2583779692649841,0.0,0.41911613236841694,0.6188916609807404,0.41202503051756456,0.5609467308903328,0.5516771486213762,0.34711492262946964,0.5491794744527481,0.5134893460978154,0.5397865795259411
e62b28e9f470_DECISIÓN_0,A,0.0,0.975,0.0,0.1736485958099365,0.2666524648666382,0.0,0.41911613236841694,0.5953465538770654,0.3093038425074956,0.3492238207089028,0.6021584087794423,0.34711492262946964,0.5421159423216455,0.41312820366964254,0.4632097245085114
e7173d1fcff2_HECHOS_0,A,0.0790513833992095,1.0,0.2778,0.1972038149833679,0.238375186920166,0.0,0.44953251987557935,0.6188916609807404,0.5301596152811352,0.4719252062015264,0.42727090768007303,0.34711492262946964,0.561346029455613,0.475999239368973,0.5115122080748661
e7173d1fcff2_DECISIÓN_0,A,0.0,0.7917,1.0,0.2278504967689514,0.2661526799201965,0.0,0.41911613236841694,0.416342978832261,0.9257617612922469,0.6344064367200911,0.5991591179276207,0.34711492262946964,0.48841486980820426,0.7112388384539967,0.7021291662951002
e7f2092d1e1a_CONSIDERACIONES_0,A,0.1573426573426573,1.0,0.5,0.2495517134666443,0.3018451333045959,0.0,0.4800337831034193,0.6188916609807404,0.7026566481648343,0.735178759545513,0.7849825028823596,0.34711492262946964,0.573546534746749,0.7403632491323634,0.7230404310995584
e7f2092d1e1a_DECISIÓN_0,A,0.0,1.0,0.0,0.2720624804496765,0.2879416942596435,0.0,0.41911613236841694,0.6188916609807404,0.3093038425074956,0.8188356408814479,0.7205307499793844,0.34711492262946964,0.5491794744527481,0.6364846340986432,0.6336863558602605
e80a5b7facae_DECISIÓN_0,A,0.0,1.0,0.0,0.1982334852218628,0.2335214614868164,0.0,0.41911613236841694,0.6188916609807404,0.3093038425074956,0.477484681408398,0.39785071724000426,0.34711492262946964,0.5491794744527481,0.40314024048760916,0.45061105983350047
e999984766ad_CONSIDERACIONES_0,A,0.2281368821292775,1.0,0.1574,0.191209077835083,0.2292133569717407,0.0,0.5077493722635275,0.6188916609807404,0.43051477135493493,0.43973934584949204,0.37233519009041177,0.34711492262946964,0.5846327704107922,0.4167507267734008,0.46321130959029033
e999984766ad_DECISIÓN_0,A,0.0,0.8667,0.0,0.1817902326583862,0.2343488931655883,0.0,0.41911613236841694,0.4896008763830013,0.3093038425074956,0.3902732211744245,0.4028203612920451,0.34711492262946964,0.5103922390734263,0.36974654960963205,0.42569003277631856
ea6d05e01ebc_CARGOS_0,A,0.3175225401803214,1.0,0.5161,0.2151145339012146,0.2659946084022522,0.0,0.5426543051273328,0.6188916609807404,0.7137241960531842,0.5684178531259453,0.598208945106973,0.34711492262946964,0.5985947435563144,0.6209470835984252,0.629085656701929
ea6d05e01ebc_DECISIÓN_0,A,0.0,0.5383,0.0317,0.1571170091629028,0.1764329075813293,0.0,0.41911613236841694,0.20774520140772296,0.3322737530598439,0.27281101728665386,0.13673099765144298,0.34711492262946964,0.4258355365808428,0.2498258321280476,0.3296715083379239
eae717c0c035_CONSIDERACIONES_0,A,0.2188996384247044,1.0,0.0278,0.2001127004623413,0.2401829957962036,0.5872744845360792,0.5041320964636391,0.6188916609807404,0.3294014890033402,0.4876445055199435,0.43837356117948123,0.8373857078227196,0.4361046245328619,0.4253903172628238,0.37075997263714455
eae717c0c035_DECISIÓN_0,A,0.0,1.0,0.0729,0.204400360584259,0.2504710555076599,0.0,0.41911613236841694,0.6188916609807404,0.36334884311995774,0.5108501963868257,0.5024071174418469,0.34711492262946964,0.5491794744527481,0.46406686672327163,0.5002710645306049
eba83016ec24_HECHOS_0,A,0.2538684719535783,1.0,0.442,0.1846884489059448,0.2502673864364624,0.0,0.5178203185613055,0.6188916609807404,0.6608381314869638,0.4053048226673676,0.5011332494204954,0.34711492262946964,0.5886611489299035,0.5107133433391848,0.5426613075011811
eba83016ec24_DECISIÓN_0,A,0.0,0.8643,0.0,0.2590423822402954,0.3108313083648681,0.0,0.41911613236841694,0.4872325394914043,0.3093038425074956,0.7732155309814297,0.8205038120481731,0.34711492262946964,0.5096817380059472,0.6482285087592725,0.6449935884074521
ecd95cf32904_HECHOS_0,A,3.4054054054054053,1.0,1.0,0.1645236015319824,0.2239935398101806,0.0,0.9933638043738257,0.6188916609807404,0.9257617612922469,0.3057564482596251,0.3423577360930153,0.34711492262946964,0.7788785432549116,0.5027384285194287,0.5393338242983091
ecd95cf32904_CONSIDERACIONES_0,A,0.6617647058823529,1.0,0.4352,0.2075672745704651,0.2635871171951294,0.0,0.6704736417055128,0.6188916609807404,0.6557496187626526,0.5279657837668565,0.5836500814056352,0.34711492262946964,0.6497224781875863,0.583006223557229,0.598816675646235
ecd95cf32904_DECISIÓN_0,A,0.0,1.0,0.0,0.2494574785232544,0.2662944197654724,0.0,0.41911613236841694,0.6188916609807404,0.3093038425074956,0.7347813126161238,0.600010487291461,0.34711492262946964,0.5491794744527481,0.5667068239861365,0.5783399917086823
eda9645d16ab_CONSIDERACIONES_0,A,0.1352874859075535,1.0,0.5357,0.2093843221664428,0.2343918085098266,0.0,0.47141636605510817,0.6188916609807404,0.7268590259041234,0.5377589949750097,0.40307867015300497,0.34711492262946964,0.5700995679274246,0.5540849068071424,0.5743891379808911
eda9645d16ab_DECISIÓN_0,A,0.0,0.65,0.0,0.2199522852897644,0.2444831728935241,0.0,0.41911613236841694,0.2895793819404578,0.3093038425074956,0.593909176557957,0.4650121275866109,0.34711492262946964,0.4503857907406632,0.4698584616514148,0.5023287609650198
edbf193021b3_HECHOS_0,A,3.1578947368421053,0.9333,0.8333,0.1801369190216064,0.2420020103454589,0.0,0.9902510997432112,0.5551310723697586,0.8774794134103125,0.3817887735827852,0.4496076450348585,0.34711492262946964,0.7585052848193712,0.5508416269666654,0.5768854121602344
edbf193021b3_CONSIDERACIONES_0,A,0.1155327342747111,1.0,0.6389,0.2283602952957153,0.2799983024597168,0.0,0.46371205654701253,0.6188916609807404,0.7895244530614828,0.6369628409758977,0.6788217606578247,0.34711492262946964,0.5670178441241863,0.6952890005061514,0.6887524211967022
edbf193021b3_DECISIÓN_0,A,0.0,0.325,0.0,0.3119617700576782,0.3429269194602966,0.0,0.41911613236841694,0.10147262002636089,0.3093038425074956,0.9146989415626674,0.9107441927823953,0.34711492262946964,0.3939537621664342,0.7318939872120342,0.709998706765379
ef6960fc60ef_HECHOS_0,A,2.642857142857143,1.0,1.0,0.1862673759460449,0.2354884147644043,0.0,0.9784150611190955,0.6188916609807404,0.9257617612922469,0.4135712376483152,0.40969705038970183,0.34711492262946964,0.7728990459530195,0.5660661385639107,0.5885130896890878
ef6960fc60ef_CONSIDERACIONES_0,A,0.1385148133897653,1.0,0.303,0.3446710109710693,0.3776437640190124,0.0,0.47267640993274407,0.6188916609807404,0.5509768310015395,0.9560876169419577,0.9605065686876413,0.34711492262946964,0.5706035854784789,0.8358800666835373,0.7952741504789885
ef6960fc60ef_DECISIÓN_0,A,0.0,1.0,0.0,0.2453168630599975,0.2922036647796631,0.0,0.41911613236841694,0.6188916609807404,0.3093038425074956,0.7169459286718723,0.741489531982548,0.34711492262946964,0.5491794744527481,0.6020163838157621,0.6083591376981786
eff3d71f3ff9_CONSIDERACIONES_0,A,0.0,1.0,0.3561,0.1856708526611328,0.2362513542175293,0.0,0.41911613236841694,0.6188916609807404,0.5941785929048716,0.41044216598937117,0.41432116840450883,0.34711492262946964,0.5491794744527481,0.4667267947885626,0.5058346055982625
eff3d71f3ff9_DECISIÓN_0,A,0.0,0.78,0.0,0.236484408378601,0.27046799659729,0.0,0.41911613236841694,0.40515971731682177,0.3093038425074956,0.6765836370901719,0.6247892066945898,0.34711492262946964,0.4850598913535724,0.5508613695966944,0.567075368901679
f0123d038827_HECHOS_0,A,0.0,1.0,0.2381,0.1474978327751159,0.1778976321220398,0.0,0.41911613236841694,0.6188916609807404,0.4971786717673285,0.23349353882258117,0.14111433697667197,0.34711492262946964,0.5491794744527481,0.2848853181522326,0.36019832930688056
f0123d038827_CONSIDERACIONES_0,A,0.0,1.0,0.0583,0.2539653778076172,0.3206552863121032,0.0,0.41911613236841694,0.6188916609807404,0.35218957246295834,0.753362454072944,0.8539031351659718,0.34711492262946964,0.5491794744527481,0.6631727939178567,0.6581089286032218
f0123d038827_DECISIÓN_0,A,0.0,0.975,0.0,0.197241723537445,0.2585271000862121,0.0,0.41911613236841694,0.5953465538770654,0.3093038425074956,0.47212977006500784,0.5525997711828047,0.34711492262946964,0.5421159423216455,0.4474229921330932,0.48769184991618353
f0633ba434a1_DECISIÓN_0,A,0.0,1.0,0.0,0.2010658383369445,0.244890809059143,0.0,0.41911613236841694,0.6188916609807404,0.3093038425074956,0.4928020015201849,0.4675501600691323,0.34711492262946964,0.5491794744527481,0.43017700138106235,0.47263111657431855
f0c306d5ea10_CONSIDERACIONES_0,A,0.0,1.0,0.387,0.2191135883331298,0.269159734249115,0.1989795918367347,0.41911613236841694,0.6188916609807404,0.6187066449508348,0.589521943532903,0.6170853662877973,0.5343441232381373,0.49301071427014775,0.6065463807847509,0.5789357612219015
f0c306d5ea10_DECISIÓN_0,A,0.0,0.6825,0.0,0.22116219997406,0.2634152770042419,0.0,0.41911613236841694,0.3166795155458751,0.3093038425074956,0.6002117676398304,0.58260498501548,0.34711492262946964,0.4585158308222884,0.5076573553128249,0.5336177526467991
f2a29bf83036_HECHOS_0,A,0.0,1.0,0.2267,0.1382870078086853,0.1895258426666259,0.0,0.41911613236841694,0.6188916609807404,0.48769999049572504,0.19970671034118495,0.18017793307716348,0.34711492262946964,0.5491794744527481,0.2802460612083405,0.3574585094696837
f2a29bf83036_CONSIDERACIONES_0,A,0.0,1.0,0.0,0.2476037144660949,0.2927037477493286,0.0,0.41911613236841694,0.6188916609807404,0.3093038425074956,0.7268857499886245,0.7438805035231699,0.34711492262946964,0.5491794744527481,0.6067096038046496,0.6119388269783598
f2a29bf83036_DECISIÓN_0,A,0.0,0.65,0.0,0.2307053804397583,0.2765159606933594,0.0,0.41911613236841694,0.2895793819404578,0.3093038425074956,0.648621116967575,0.6595385763649685,0.34711492262946964,0.4503857907406632,0.5501011724487692,0.5673739552824946
f358586d8c5f_CONSIDERACIONES_0,A,0.4300168634064081,1.0,0.2333,0.1754771471023559,0.2271324396133422,0.8533333333333338,0.5859549877864956,0.6188916609807404,0.4931870073562821,0.35827487284509113,0.36025128476619056,0.9350874173602639,0.43952326820074117,0.3993414367747783,0.3338245514120927
f358586d8c5f_DECISIÓN_0,A,0.0,0.7583,0.0,0.2018258571624755,0.2426992058753967,0.7704545454545454,0.41911613236841694,0.38468427187363036,0.3093038425074956,0.49691566811580723,0.4539277727329094,0.9127077831665401,0.3092393995594938,0.4277357518184444,0.3573410476115354
f372f2431517_CONSIDERACIONES_0,A,0.0,1.0,0.4524,0.2368615269660949,0.2705212235450744,0.0,0.41911613236841694,0.6188916609807404,0.6685489019359216,0.6783678486224424,0.6251013350313784,0.34711492262946964,0.5491794744527481,0.6594422105391671,0.6574999293026638
f372f2431517_DECISIÓN_0,A,0.0,0.4333,0.3889,0.2490258812904358,0.2934331893920898,0.0,0.41911613236841694,0.14763736810135245,0.6201966434611194,0.7329561366593856,0.7473419749110778,0.34711492262946964,0.40780318658893167,0.7034440401754134,0.6923485110649711
f42876e4f73e_HECHOS_0,A,0.0,1.0,1.0,0.2010252475738525,0.2080553770065307,0.0,0.41911613236841694,0.6188916609807404,0.9257617612922469,0.49258232302948024,0.258926171938702,0.34711492262946964,0.5491794744527481,0.5524393091810768,0.5745236956906874
f42876e4f73e_CONSIDERACIONES_0,A,0.0,1.0,0.7917,0.2268737554550171,0.2789956331253052,0.0,0.41911613236841694,0.6188916609807404,0.8618073639169838,0.6294874140727114,0.6733281952086574,0.34711492262946964,0.5491794744527481,0.712335633366777,0.7032071294773298
f42876e4f73e_DECISIÓN_0,A,0.0,0.4333,0.0,0.3003894686698913,0.3389849662780761,0.0,0.41911613236841694,0.14763736810135245,0.3093038425074956,0.8930074722802481,0.9023958233096163,0.34711492262946964,0.40780318658893167,0.7207128886572329,0.7014041736124584
f49019eb3192_DECISIÓN_0,A,0.0,1.0,0.0,0.2232499718666076,0.1945446729660034,0.0,0.41911613236841694,0.6188916609807404,0.3093038425074956,0.6110085427755813,0.19947517456679587,0.34711492262946964,0.5491794744527481,0.39703712223251997,0.44107433257535333
f49019eb3192_DECISIÓN_1,A,0.0,1.0,0.0,0.2232499718666076,0.1945446729660034,0.0,0.41911613236841694,0.6188916609807404,0.3093038425074956,0.6110085427755813,0.19947517456679587,0.34711492262946964,0.5491794744527481,0.39703712223251997,0.44107433257535333
f5201faa976e_HECHOS_0,A,1.2857142857142856,1.0,1.0,0.2625232338905334,0.3016503453254699,1.0,0.843936875912966,0.6188916609807404,0.9257617612922469,0.7861592432016781,0.7841588131211717,0.9621184448064667,0.5346067152174686,0.8274398696046967,0.6709042276025649
f5201faa976e_DECISIÓN_0,A,0.0,0.975,0.0,0.2199139595031738,0.241245150566101,0.0,0.41911613236841694,0.5953465538770654,0.3093038425074956,0.5937090147517287,0.44492642178206016,0.34711492262946964,0.5421159423216455,0.4637526851875582,0.4972472859720136
f6e0a99e03cb_CONSIDERACIONES_0,A,0.136518771331058,1.0,1.0,0.1882910728454589,0.212457537651062,0.0,0.47189705412005023,0.6188916609807404,0.9257617612922469,0.42423725508573595,0.2806134219341948,0.34711492262946964,0.5702918431534013,0.5316074570022269,0.5594419878064373
f6e0a99e03cb_DECISIÓN_0,A,0.0,0.325,0.0,0.2801470756530761,0.3335137367248535,0.0,0.41911613236841694,0.10147262002636089,0.3093038425074956,0.8433717173786613,0.8896577388893843,0.34711492262946964,0.3939537621664342,0.6970371613705286,0.6833289260369244
f7b77f89cfef_HECHOS_0,A,0.0,1.0,0.2576,0.2101086974143982,0.245587944984436,0.0,0.41911613236841694,0.6188916609807404,0.5133931653799151,0.5416554245182849,0.4718945044954012,0.34711492262946964,0.5491794744527481,0.5122484707699089,0.5393955602984206
f7b77f89cfef_CONSIDERACIONES_0,A,0.3188097768331562,1.0,0.2598,0.173736572265625,0.2109636068344116,0.0,0.5431547441470976,0.6188916609807404,0.5152213576079847,0.34965687235547277,0.2731305293693094,0.34711492262946964,0.5987949191642203,0.3763683150353773,0.43256204892507144
f7b77f89cfef_HECHOS_1,A,0.0,1.0,0.5224,0.2101086974143982,0.245587944984436,0.0,0.41911613236841694,0.6188916609807404,0.7179871848807312,0.5416554245182849,0.4718945044954012,0.34711492262946964,0.5491794744527481,0.5736266766201537,0.5905440651736246
f7b77f89cfef_DECISIÓN_0,A,0.054367524465386,0.0,0.0,0.2343865036964416,0.2778098583221435,0.308724832214765,0.4399833083401346,0.03033911542470335,0.3093038425074956,0.6665650898926587,0.666769573176201,0.6368953287668232,0.2940264593334179,0.5594480606621725,0.5166088151353572
f7b77f89cfef_DECISIÓN_1,A,0.054367524465386,0.913,0.0224,0.2343865036964416,0.2778098583221435,0.308724832214765,0.4399833083401346,0.5352545642161297,0.32544548502374937,0.6665650898926587,0.666769573176201,0.6368953287668232,0.4455010939708458,0.5642905534170486,0.5206442257644206
f7dc0d787ca7_CONSIDERACIONES_0,A,0.5521472392638037,1.0,0.5595,0.1883513927459716,0.246914803981781,0.7142857142857142,0.6314865939813842,0.6188916609807404,0.7422929069209265,0.4245563126147978,0.48017432402375215,0.89378332393815,0.47012713870533085,0.5365626943293227,0.454227036732979
f7dc0d787ca7_DECISIÓN_0,A,0.0,0.975,0.0,0.2801024913787842,0.3338160514831543,0.0,0.41911613236841694,0.5953465538770654,0.3093038425074956,0.8432441534244626,0.8903980411618649,0.34711492262946964,0.5421159423216455,0.6972082264705932,0.683475732418785
f7e751fcc9a3_CONSIDERACIONES_0,A,0.3470118424676398,1.0,0.0729,0.2082446813583374,0.2528091669082641,0.6666666666666663,0.5540952719000265,0.6188916609807404,0.36334884311995774,0.5316196783387478,0.5170246886591593,0.87499529066311,0.44480701985529975,0.47675993086923424,0.4045802283137816
f7e751fcc9a3_DECISIÓN_0,A,0.0,1.0,0.0,0.2993743419647217,0.3192711472511291,0.0,0.41911613236841694,0.6188916609807404,0.3093038425074956,0.8908891493224254,0.8495298713938327,0.34711492262946964,0.5491794744527481,0.7040057738993686,0.6875521887461657
f7e751fcc9a3_DECISIÓN_1,A,0.0,0.4333,0.0,0.2993743419647217,0.3192711472511291,0.0,0.41911613236841694,0.14763736810135245,0.3093038425074956,0.8908891493224254,0.8495298713938327,0.34711492262946964,0.40780318658893167,0.7040057738993686,0.6875521887461657
f84c83b9bfbc_HECHOS_0,A,3.611111111111111,1.0,1.0,0.2450424432754516,0.2867957353591919,0.0,0.9951832135638029,0.6188916609807404,0.9257617612922469,0.7157385506903096,0.7147211622760303,0.34711492262946964,0.7796063069309024,0.7784402973466069,0.7554193115732682
f84c83b9bfbc_DECISIÓN_0,A,0.0,0.8667,0.0,0.2422456741333007,0.3078532218933105,0.0,0.41911613236841694,0.4896008763830013,0.3093038425074956,0.7032584256202303,0.8092673596354152,0.34711492262946964,0.5103922390734263,0.6168747308909655,0.6211973436959028
f85ce1b09789_HECHOS_0,A,0.0,1.0,0.0583,0.2160491943359375,0.2817558646202087,0.9554347826086952,0.41911613236841694,0.6188916609807404,0.35218957246295834,0.5733755779096528,0.6883323318106919,0.9553133867970912,0.36671993520246154,0.5415068024459562,0.44108047208189016
f85ce1b09789_CONSIDERACIONES_0,A,0.0801781737193764,1.0,0.125,0.2103320956230163,0.2647091746330261,0.8703488372093019,0.449969374452496,0.6188916609807404,0.40431042409097867,0.542856083390431,0.5904553308932482,0.9389682585843084,0.383964770499928,0.5155721598514404,0.42375461204632436
f85ce1b09789_DECISIÓN_0,A,0.0,0.2687,0.0,0.2387644052505493,0.2941277623176574,0.0,0.41911613236841694,0.08292011845705663,0.3093038425074956,0.6872907848129115,0.7506090702245694,0.34711492262946964,0.38838801169564285,0.5928901877447841,0.6017424791009958
f96dd3079cfb_CONSIDERACIONES_0,A,0.2774719224840343,1.0,1.0,0.1616156101226806,0.2011564373970031,0.3055555555555554,0.527045828413379,0.6188916609807404,0.9257617612922469,0.29255649312150095,0.2272052148639254,0.6340568046030374,0.5062687882786625,0.46291269009545205,0.4491973310548859
f96dd3079cfb_CONSIDERACIONES_1,A,0.2774719224840343,1.0,0.0,0.1616156101226806,0.2011564373970031,0.3055555555555554,0.527045828413379,0.6188916609807404,0.3093038425074956,0.29255649312150095,0.2272052148639254,0.6340568046030374,0.5062687882786625,0.2779753144600267,0.29508285135869805
f96dd3079cfb_CONSIDERACIONES_2,A,0.2774719224840343,1.0,0.0417,0.1616156101226806,0.2011564373970031,0.3055555555555554,0.527045828413379,0.6188916609807404,0.3396953891638308,0.29255649312150095,0.2272052148639254,0.6340568046030374,0.5062687882786625,0.28709277845692727,0.30268073802278184
f96dd3079cfb_HECHOS_0,A,0.0743208610968733,1.0,0.3135,0.2031495571136474,0.2526509761810303,0.4080798479087458,0.44769936182326703,0.6188916609807404,0.559602445999008,0.5040809750546387,0.5160363382320603,0.7203225747314101,0.4486504706041059,0.5243240252911759,0.4760694736278766
f96dd3079cfb_DECISIÓN_0,A,0.0,1.0,0.0,0.2171114683151245,0.2474300861358642,0.0,0.41911613236841694,0.6188916609807404,0.3093038425074956,0.5789923019082492,0.4833929594155514,0.34711492262946964,0.5491794744527481,0.46940596134021384,0.5024489065273426
f96dd3079cfb_DECISIÓN_1,A,0.0,1.0,0.0629,0.2171114683151245,0.2474300861358642,0.0,0.41911613236841694,0.6188916609807404,0.35568880348824555,0.5789923019082492,0.4833929594155514,0.34711492262946964,0.5491794744527481,0.4833214496344388,0.5140451467725301
fad480a34ae5_HECHOS_0,A,0.0,1.0,0.6667,0.2418265342712402,0.2852164506912231,0.0,0.41911613236841694,0.6188916609807404,0.8044816563966242,0.7013610020324174,0.7065970684498987,0.34711492262946964,0.5491794744527481,0.7338680182669237,0.718754997295462
fad480a34ae5_CONSIDERACIONES_0,A,0.0,1.0,0.099,0.2454649209976196,0.2814284563064575,0.3749999999999999,0.41911613236841694,0.6188916609807404,0.3836625394397244,0.7175960557992583,0.6865723316195075,0.6938459831878049,0.44516015628524747,0.6081088836374728,0.5440683378670246
fad480a34ae5_DECISIÓN_0,A,0.0,0.975,0.0,0.3157862424850464,0.3519893288612366,0.0,0.41911613236841694,0.5953465538770654,0.3093038425074956,0.920942231288297,0.9275389373518697,0.34711492262946964,0.5421159423216455,0.7394297264731284,0.7160703798254365
faf3250e811c_HECHOS_0,A,1.44,1.0,0.0,0.2000517845153808,0.2359228730201721,0.0,0.8731966720318461,0.6188916609807404,0.3093038425074956,0.48731496282124864,0.4123283668396113,0.34711492262946964,0.7308116903181198,0.4114156479326315,0.4571795566572574
faf3250e811c_CONSIDERACIONES_0,A,0.0,1.0,0.2879,0.1908010840415954,0.2197000384330749,0.0,0.41911613236841694,0.6188916609807404,0.5385197460338845,0.43756405091663375,0.3185978954114608,0.34711492262946964,0.5491794744527481,0.43216091280025704,0.47612564111043254
faf3250e811c_DECISIÓN_0,A,0.0,0.65,0.0,0.3032656908035278,0.3342801928520202,0.0,0.41911613236841694,0.2895793819404578,0.3093038425074956,0.8988138514095281,0.8915261437060832,0.34711492262946964,0.4503857907406632,0.7197745364278849,0.7004286674503591
fb4ca5af739b_CONSIDERACIONES_0,A,1.1129848229342327,1.0,0.2976,0.255751371383667,0.2851468920707702,0.0,0.8049016770776782,0.6188916609807404,0.5465284964115782,0.7604773422274801,0.7062361506305673,0.34711492262946964,0.7034936923364526,0.6800203310036357,0.6719113799028865
fb85c9c6830d_HECHOS_0,A,0.0,1.0,0.4295,0.1815674901008606,0.2381269931793213,0.0,0.41911613236841694,0.6188916609807404,0.6514564871183228,0.38912615172889026,0.42575207150611344,0.34711492262946964,0.5491794744527481,0.478813028278887,0.5166170006488822
fb85c9c6830d_DECISIÓN_0,A,0.0,0.78,0.0,0.2523953318595886,0.2676417231559753,0.0,0.41911613236841694,0.40515971731682177,0.3093038425074956,0.7469915167173039,0.608072347966879,0.34711492262946964,0.4850598913535724,0.574009463829234,0.5840185181078908
fe5cda1a6584_CARGOS_0,A,0.2505219206680584,1.0,0.0,0.1869951486587524,0.2427274584770202,0.0,0.5165111743740466,0.6188916609807404,0.3093038425074956,0.41739822792946546,0.4541029890057023,0.34711492262946964,0.5881374912549999,0.3959813406257456,0.44664819173124515
fe5cda1a6584_CARGOS_1,A,0.2505219206680584,1.0,0.3077,0.1869951486587524,0.2427274584770202,0.0,0.5165111743740466,0.6188916609807404,0.5548419287758527,0.41739822792946546,0.4541029890057023,0.34711492262946964,0.5881374912549999,0.4696427665062527,0.5080327132983344
fe5cda1a6584_CONSIDERACIONES_0,A,0.1483602290473711,1.0,0.3269,0.2266204357147216,0.2785494327545166,0.0,0.47652243454929033,0.6188916609807404,0.5705576534634166,0.6282072087501713,0.6708679974174433,0.34711492262946964,0.5721419953250974,0.6237105787643265,0.6293955908193725
ffe554eb7e70_CONSIDERACIONES_0,A,0.0319420783645655,1.0,0.0614,0.1807813048362732,0.2215264439582824,0.3630341880341879,0.4313459415428183,0.6188916609807404,0.3545460330554885,0.3850873683077321,0.3285989848052571,0.6839310830231288,0.45302655000441083,0.35897845268131656,0.3495262483528803
ffe554eb7e70_DECISIÓN_0,A,0.0,0.2,0.0,0.253477931022644,0.2917733192443847,0.0,0.41911613236841694,0.06448662759042413,0.3093038425074956,0.75139609716825,0.739420382193759,0.34711492262946964,0.3828579644356531,0.6151757062776764,0.6181769007998947
fff19563cffb_DECISIÓN_0,A,0.0,0.0,0.0,0.1960633397102356,0.2466617822647094,0.5955882352941175,0.41911613236841694,0.03033911542470335,0.3093038425074956,0.4657756390882229,0.4785944461015235,0.8417155146561108,0.22423353317794456,0.42267974221799487,0.36836416094749946
fff19563cffb_DECISIÓN_1,A,0.0,1.0,0.2381,0.1960633397102356,0.2466617822647094,0.5955882352941175,0.41911613236841694,0.6188916609807404,0.4971786717673285,0.4657756390882229,0.4785944461015235,0.8417155146561108,0.4007992968447557,0.4790421909959447,0.4153328682624577
Auto_005_2018_Apertura_Caso003_HECHOS_Y_CONDUCTAS_0,B,2.6682211858760825,1.0,0.8021978021978025,0.1531322305621116,0.2194179892539978,0.0,0.9792384789539823,0.6188916609807404,0.8659142453546846,0.25603334904783775,0.31706793967633706,0.34711492262946964,0.7732284130869742,0.4573079951284416,0.5031325664462128
Auto_005_2018_Apertura_Caso003_RECONOCIMIENTO_0,B,0.0,1.0,0.0,0.1556104783876704,0.2258601188659668,0.7857142857142858,0.41911613236841694,0.6188916609807404,0.3093038425074956,0.26638775909748824,0.3529480976271448,0.9172954507706903,0.37812531601038185,0.30523068567938744,0.2620202226087685
Auto_005_2018_Apertura_Caso003_PATRONES_MACROCRIMINALES_0,B,0.9625668449197862,0.9681481481481484,0.5595238095238096,0.1271827313411505,0.1854103207588195,0.0,0.765229858112922,0.5888109962436672,0.7423080585543397,0.16402682072151623,0.1654660316413006,0.34711492262946964,0.678600765329428,0.33794295534729857,0.406728584239471
Auto_005_2018_Apertura_Caso003_RESUELVE_0,B,2.706766917293233,0.3714285714285714,0.3703703703703703,0.1063162251071725,0.1825153827667236,0.0,0.9804312807817246,0.11945458445604593,0.6055727973807497,0.11101807681032447,0.15570547529362008,0.34711492262946964,0.6238744108606628,0.2727907125264407,0.3542020066857958
Auto_033_2021_Priorizacion_Subcasos_HECHOS_Y_CONDUCTAS_0,B,1.325153374233129,1.0,0.5333333333333333,0.1427356059395655,0.2081920504570007,0.0,0.8519027243124544,0.6188916609807404,0.7252931271561787,0.21554761510706782,0.25958283763884993,0.34711492262946964,0.722294111230363,0.3816818354813357,0.44146029120498353
Auto_033_2021_Priorizacion_Subcasos_CONSIDERACIONES_0,B,7.82608695652174,1.0,0.6666666666666667,0.1859103401087801,0.1904469728469848,0.0,0.9999934370670135,0.6188916609807404,0.80446421374686,0.411697545410864,0.18360719517473498,0.34711492262946964,0.7815303963321867,0.4611004408408241,0.501104131327764
Auto_033_2021_Priorizacion_Subcasos_RECONOCIMIENTO_0,B,1.100538374859146,1.0,0.3595360824742264,0.2029260262841937,0.2716862559318542,0.192654639175258,0.8018214689677609,0.6188916609807404,0.5969319270501873,0.5028710197226425,0.6319067713333935,0.5282544287106482,0.6479197572681321,0.5698000174041312,0.5524200947705583
Auto_033_2021_Priorizacion_Subcasos_CALIFICACION_JURIDICA_0,B,0.0,1.0,0.2179487179487179,0.1312919663198575,0.1890655755996704,0.0,0.41911613236841694,0.6188916609807404,0.48042926014520093,0.1765948367666215,0.17848322520842927,0.34711492262946964,0.5491794744527481,0.26831168031273767,0.3482835878425001
Auto_033_2021_Priorizacion_Subcasos_RESUELVE_0,B,0.0,1.0,0.1666666666666666,0.144489970863303,0.2165899872779846,0.0,0.41911613236841694,0.6188916609807404,0.438088439560593,0.22204006100531623,0.30194936831218994,0.34711492262946964,0.5491794744527481,0.3108273667639614,0.3821984857438967
Auto_055_2022_Subcaso_Casanare_HECHOS_Y_CONDUCTAS_0,B,0.6894244502489804,1.0,0.3798209987966328,0.1418975712670337,0.2199095487594604,0.5618772563177005,0.6799757212470017,0.6188916609807404,0.6130568105730012,0.21249524527423985,0.31973690919540454,0.8235675344078403,0.5105875264706707,0.36483621404021765,0.3322334966428054
Auto_055_2022_Subcaso_Casanare_RECONOCIMIENTO_0,B,1.1048028233849931,1.0,0.4016897081413211,0.1672783703855465,0.1927155256271362,0.4464285714285719,0.8028809255029524,0.6188916609807404,0.6301663804814707,0.31856254393759975,0.19226790928415088,0.7491970492330688,0.5820607537254824,0.37415530450472634,0.3513379257760716
Auto_055_2022_Subcaso_Casanare_PATRONES_MACROCRIMINALES_0,B,0.7413425623061177,1.0,0.3738849765258234,0.1412606097596552,0.1840977072715759,0.7141901408450774,0.6974102595138927,0.6188916609807404,0.6083620290681919,0.21019643489104925,0.16098094350616152,0.8937482379086003,0.49650713072719915,0.3148814657287258,0.27664502602918306
Auto_055_2022_Subcaso_Casanare_CALIFICACION_JURIDICA_0,B,0.9118958955681958,0.0,0.0,0.1450259725898878,0.1992115378379821,0.6427377504223569,0.750669742657031,0.03033911542470335,0.3093038425074956,0.22405131194752498,0.2187751043069865,0.8645197046110618,0.35001372030690486,0.24804420882335465,0.22633118936566565
Auto_055_2022_Subcaso_Casanare_CONSIDERACIONES_0,B,0.2328159645232816,1.0,0.2378910950661851,0.1439840547754567,0.1905605792999267,0.378158844765341,0.5095814005457079,0.6188916609807404,0.4970049359324905,0.2201535668812604,0.18403362475471266,0.6964342426285941,0.48056978572392706,0.2923729949586651,0.2970188617104601
Auto_055_2022_Subcaso_Casanare_SANCIONES_PROPIAS_0,B,0.8137669534781974,1.0,0.3847446236559141,0.1606125470881287,0.2015442848205566,0.0,0.7208047872427026,0.6188916609807404,0.6169350543214979,0.2880816941686431,0.22891348330404668,0.34711492262946964,0.6698549364024623,0.36898723895512064,0.4284636581310851
Auto_125_2021_Norte_Santander_HECHOS_Y_CONDUCTAS_0,B,0.9257898603967673,1.0,0.349537037037037,0.1471720255860364,0.2176184654235839,0.5548611111111109,0.7547213962019294,0.6188916609807404,0.5889033320866632,0.23223331727045124,0.3074003649540582,0.8195911611992827,0.5416787084152092,0.36178443602039695,0.3298276872014592
Auto_125_2021_Norte_Santander_RECONOCIMIENTO_0,B,0.1560021152829191,1.0,0.2736220472440945,0.1755505310266661,0.2454973459243774,0.5937992125984255,0.4795096139901053,0.6188916609807404,0.5266961487073947,0.35864028008702686,0.471329663163092,0.840791764765977,0.4252338144604712,0.44286385559595676,0.3889401840405343
Auto_125_2021_Norte_Santander_CALIFICACION_JURIDICA_0,B,0.2643171806167401,1.0,0.5462962962962963,0.1526447064179477,0.2370580434799194,1.0,0.5219061145152499,0.6188916609807404,0.7338013149644877,0.2540277774002028,0.419226911636106,0.9621184448064667,0.4057944106583821,0.4475195789402593,0.3720417009089159
Auto_125_2021_Norte_Santander_SANCIONES_PROPIAS_0,B,0.0,1.0,0.2261904761904762,0.3139309544994465,0.3879601955413818,0.5312499999999999,0.41911613236841694,0.6188916609807404,0.48727649593935357,0.9179674930935372,0.9692141473913866,0.8056971016587418,0.4116048207439664,0.8041341902366369,0.6783734884289978
Auto_SRVR_ADHC_03_julio_2023_HECHOS_Y_CONDUCTAS_0,B,0.0026953209228778,0.678480957562575,0.1460542667771337,0.1297252943368912,0.1908110380172729,0.2290182270091174,0.42014449030373996,0.31325481789870746,0.42128630455286736,0.17171614968547386,0.1849764471779871,0.5630956195085788,0.39310555563853455,0.2505652853934459,0.29046140893664
Auto_SRVR_ADHC_03_julio_2023_RECONOCIMIENTO_0,B,0.00660414740457,0.9123674911660736,0.1098274799753542,0.1394287203156909,0.2150402069091797,0.1084565619223661,0.42163707278760376,0.534633114035442,0.39221492591622475,0.2036870989324425,0.2938401315936347,0.4470970618869527,0.49491564475958827,0.2872913568259348,0.34320048167980705
Auto_SRVR_ADHC_03_julio_2023_RESUELVE_0,B,0.0,0.8666666666666667,0.3888888888888888,0.1521624050968589,0.2092834115028381,0.0,0.41911613236841694,0.4895679793716401,0.6201879365717403,0.2520539129382928,0.2648650890906634,0.34711492262946964,0.510382369970018,0.3663374728740383,0.4274564457711948
Auto_SRVR_ADHC_03_julio_2023_PATRONES_MACROCRIMINALES_0,B,0.0125531204293397,0.0,0.0,0.1253947264859801,0.1683472990989685,0.1911863835524116,0.4239114254274985,0.03033911542470335,0.3093038425074956,0.15878692195705266,0.11455833391434835,0.5268395148385147,0.320614450346856,0.19067342170937424,0.24823371772487385
Auto_SRVR_ADHC_03_julio_2023_CALIFICACION_JURIDICA_0,B,0.0058933120413672,0.0,0.0,0.1460335181699058,0.2073124647140503,0.2381921424186443,0.42136553345806843,0.03033911542470335,0.3093038425074956,0.22786691670574524,0.2553757013483108,0.5718015628076298,0.30610747916834946,0.26055062983904004,0.2951696484141492
Auto_SRVR_ADHC_03_julio_2023_CONSIDERACIONES_0,B,0.0,0.4396015936254913,0.081840733266061,0.1429737251572722,0.1963096857070922,0.3091511099899137,0.41911613236841694,0.15079673405004246,0.3702568135372195,0.2164206946382525,0.20662025267272305,0.6372763975464041,0.3217025538984583,0.25963139771828375,0.2816901954346806
Auto_SRVR_ADHC_03_julio_2023_SANCIONES_PROPIAS_0,B,0.0,0.9825603217158134,0.0817291455589328,0.2072469372215568,0.2703278660774231,0.0910587639311044,0.41911613236841694,0.6025187597269765,0.370170261485825,0.5262368337188622,0.6239669712471527,0.4305337200508735,0.5192419648501977,0.5087359033074381,0.5202986142887285
Auto_SUBD_062_2023_Antioquia_Montoya_HECHOS_Y_CONDUCTAS_0,B,0.3630612665887369,1.0,0.2393878219118288,0.1375023054619377,0.2165004014968872,0.1986032300305532,0.5602987499911058,0.6188916609807404,0.49824970259839674,0.19700499719428902,0.3014771615123338,0.5339820285508469,0.5495923897254104,0.31872005811093473,0.35223680947579994
Auto_SUBD_062_2023_Antioquia_Montoya_CALIFICACION_JURIDICA_0,B,0.3937911758834098,1.0,0.3586226851851851,0.1484016924658059,0.2302377223968505,0.2234375000000003,0.5721225899390693,0.6188916609807404,0.5962006096227032,0.23701450618215486,0.3783438997492919,0.557780133517537,0.5471824942145888,0.38716915528446044,0.40318445249413787
Auto_SUBD_062_2023_Antioquia_Montoya_RECONOCIMIENTO_0,B,0.2205206738131699,1.0,0.1092342342342342,0.161396287504269,0.1931797266006469,0.1283783783783783,0.5047669308949201,0.6188916609807404,0.3917445645328495,0.29157458786311274,0.19407797866617027,0.46620642886433544,0.5477123419928895,0.29237659810495104,0.34068672638582165
Auto_SUBD_062_2023_Antioquia_Montoya_PATRONES_MACROCRIMINALES_0,B,0.540868926793202,0.0,0.0,0.2011914055276005,0.2815787196159363,0.3698820635721508,0.6273654026606498,0.03033911542470335,0.3093038425074956,0.4934815923425326,0.6873807507527215,0.6896264768456708,0.3531599526379697,0.4963980149150782,0.4592903306486799
Auto_SUBD_062_2023_Antioquia_Montoya_CONSIDERACIONES_0,B,0.5653198043123755,1.0,0.4500000000000001,0.1390344300287666,0.1866811513900756,0.0,0.6362757392416325,0.6188916609807404,0.6667773177302152,0.2023058353908252,0.1699032688204125,0.34711492262946964,0.6360433172020342,0.3319265101215184,0.40043891272901055
Auto_SUBD_062_2023_Antioquia_Montoya_SANCIONES_PROPIAS_0,B,0.0258157045536034,0.7594159292035433,0.1392185954500495,0.1457639855066466,0.2143771052360534,0.2601632047477746,0.42899332920153765,0.3857279950984682,0.41575226436923624,0.22684171927358338,0.29040955966284404,0.5924624952881977,0.4095769816236962,0.3025852349190574,0.32610047273245557
Auto_SUBD_062_2023_Antioquia_Montoya_RESUELVE_0,B,0.3231597845601436,0.0,1.0,0.1216539113739705,0.167054533958435,0.0,0.5448452464354611,0.03033911542470335,0.9257617612922469,0.14826417789406746,0.11131827236350741,0.34711492262946964,0.42290535641275456,0.37042968125435327,0.4343262772562648
Auto_SUBD_081_2023_Subcaso_Huila_CUERPO_0,B,0.0,1.0,0.0,0.3173010605549156,0.3708930015563965,0.0,0.41911613236841694,0.6188916609807404,0.3093038425074956,0.9232975890112464,0.9535772610548494,0.34711492262946964,0.5491794744527481,0.7481833666732021,0.7232865680680662
Auto_SUBD_081_2023_Subcaso_Huila_HECHOS_Y_CONDUCTAS_0,B,0.5432036382011116,1.0,0.3254531126871551,0.1415838644650905,0.2230397462844848,0.1770094562647755,0.6282200690260032,0.6188916609807404,0.5693778730289979,0.21136078194782174,0.337005465354824,0.5131588157158894,0.5830078811898566,0.35645931429427524,0.3873723060371241
Auto_SUBD_081_2023_Subcaso_Huila_RECONOCIMIENTO_0,B,0.4201163064548271,0.0,0.0,0.1679312994179156,0.2437410950660705,0.3583666568656002,0.5821870430260558,0.03033911542470335,0.3093038425074956,0.32163940570800537,0.4603965270932562,0.6800170692206545,0.337971431071637,0.3595658731634277,0.3529135002684587
Auto_SUBD_081_2023_Subcaso_Huila_CALIFICACION_JURIDICA_0,B,0.3904117716862466,1.0,0.2419663915094338,0.1466330013821837,0.1750682592391967,0.2928950471698106,0.570826079971648,0.6188916609807404,0.5003942359208805,0.23015880933502456,0.13275080614981183,0.6226260769475493,0.5272101071986165,0.2820070363552175,0.30280868792867055
Auto_SUBD_081_2023_Subcaso_Huila_PATRONES_MACROCRIMINALES_0,B,0.5807368018501995,1.0,0.2972809667673722,0.1671629622870486,0.2253638505935669,0.4478096676737157,0.6418467208756816,0.6188916609807404,0.5462654480872575,0.31802032708568095,0.350117789503673,0.7501990843525249,0.5173464613387373,0.39612310211155155,0.36946209065293195
Auto_SUBD_081_2023_Subcaso_Huila_RESUELVE_0,B,1.0641891891891893,0.8666666666666667,1.0,0.1471830762523829,0.2395809888839721,0.6964285714285714,0.7926169470398663,0.4895679793716401,0.9257617612922469,0.23227598339334024,0.4346689103769988,0.8870482930199953,0.49780268472144,0.5010395948581098,0.4323808043313144
RC-04-2024-dabeiba_HECHOS_Y_CONDUCTAS_0,B,0.2786285940124494,0.9935032894736856,0.1636029411764706,0.1296149254049133,0.2170135974884033,0.2954923273657283,0.5274974955632548,0.6128217023666294,0.43558107610723334,0.17137651699373735,0.3041878881644372,0.6249826924535758,0.507350701199218,0.2904812960789961,0.31135865767532367
RC-04-2024-dabeiba_SANCIONES_PROPIAS_0,B,0.0504611589246166,1.0,0.1225883051350548,0.1517309934577926,0.2338539958000183,0.3600623330365077,0.4384759669060565,0.6188916609807404,0.402379625032713,0.2502969571660413,0.3998454859024476,0.6814419698564582,0.45662529409970726,0.3407863161469647,0.3393569709123109
RC-04-2024-dabeiba_RECONOCIMIENTO_0,B,0.2932532583695374,1.0,0.2022231427782379,0.0961174888522061,0.1589910387992859,0.3986743993371973,0.5332041337843546,0.6188916609807404,0.4673870040971522,0.0910224211308267,0.09287008957081132,0.7129381240221798,0.48506771460131004,0.20448609655271974,0.22478337495180295
RC-04-2024-dabeiba_CONSIDERACIONES_0,B,0.0,1.0,0.0,0.175565811749786,0.2541216015815735,0.3421052631578947,0.41911613236841694,0.6188916609807404,0.3093038425074956,0.3587163894458292,0.5252187125617773,0.666184206423645,0.45345868931449546,0.39384332229911356,0.383008714316338
RC-04-2024-dabeiba_CALIFICACION_JURIDICA_0,B,0.1034780109226789,1.0,0.3242574257425742,0.1572889076106465,0.2359564304351806,0.33019801980198,0.45901900125052514,0.6188916609807404,0.5684023239902937,0.27355004572576375,0.41253181951507234,0.6558689624121051,0.47251441007080064,0.4037002613419153,0.39612475711164963
RC-04-2024-dabeiba_PATRONES_MACROCRIMINALES_0,B,0.4694792715292394,1.0,0.3504485363550519,0.1466598685869864,0.2123448848724365,0.2276912181303118,0.6008698260912583,0.6188916609807404,0.5896372412640563,0.2302619031242707,0.28004481917664975,0.5618329465062502,0.5574655447788504,0.35300937938192006,0.3741324967462077
RC_01_2022_Norte_Santander_HECHOS_Y_CONDUCTAS_0,B,1.359206702000342,1.0,0.3878048780487805,0.1135566823298867,0.1683661937713623,0.3463414634146346,0.8585078386675791,0.6188916609807404,0.6193381127650969,0.1274597635244527,0.11460629291913928,0.6698166289383886,0.6281256450797372,0.2711672271150519,0.28776070469071713
RC_01_2022_Norte_Santander_RECONOCIMIENTO_0,B,0.5881831085876508,1.0,0.245565181518152,0.1489821303047935,0.200916051864624,0.5259405940594125,0.6445239198294939,0.6188916609807404,0.5033872199843769,0.23929480681532866,0.2261509673420755,0.802463217139181,0.5027381010842654,0.3145793789240672,0.29368034544837546
RC_01_2022_Norte_Santander_SANCIONES_PROPIAS_0,B,0.175267770204479,1.0,0.1445592286501376,0.1234507619584946,0.1857457756996154,0.4309710743801638,0.48704649936277267,0.6188916609807404,0.4200742061365398,0.1532449307545258,0.16662820410403,0.7378007916533711,0.45914586054331985,0.23730869537398125,0.24508892345582597
RC_01_2022_Norte_Santander_CALIFICACION_JURIDICA_0,B,0.2063177526518242,1.0,0.2074209245742092,0.1943330638140079,0.2657560110092163,0.5733576642335775,0.4992044468642651,0.6188916609807404,0.471693816799771,0.4564662392944894,0.5967733324721193,0.8299249471065061,0.43637179290797634,0.5031266404993628,0.43807166968501815
RC_01_2022_Norte_Santander_CONSIDERACIONES_0,B,0.0,1.0,0.0,0.1606013352146046,0.198397159576416,0.515625,0.41911613236841694,0.6188916609807404,0.3093038425074956,0.28803190730488526,0.21531277093981405,0.7960645585648527,0.4144945836721331,0.272597746956147,0.2583508138403225
RC_01_2022_Norte_Santander_PATRONES_MACROCRIMINALES_0,B,1.1545974101135792,1.0,0.5448717948717946,0.1501260455219165,0.224225103855133,0.2927101967799646,0.8149359292904501,0.6188916609807404,0.7328746061126208,0.24383263185019355,0.343663310456047,0.6224581321853944,0.6249044303547838,0.42049442771067774,0.4177926422601461
RC_03_2022_Costa_Caribe_HECHOS_Y_CONDUCTAS_0,B,0.3465572275421796,1.0,0.1914634146341464,0.1157232862133387,0.1651005744934082,0.3207317073170734,0.5539192975591753,0.6188916609807404,0.4584877811065112,0.13276894277902687,0.10657329835361457,0.6475615347910382,0.5129667568805808,0.2226259009496485,0.2515836457405319
RC_03_2022_Costa_Caribe_RECONOCIMIENTO_0,B,0.6125317980988085,1.0,0.3483238387379507,0.1674495894742454,0.2346541881561279,0.503330411919377,0.6532144732820885,0.6188916609807404,0.5879258913716745,0.3193678810732695,0.40465910617007717,0.788238619549885,0.5104817017420921,0.42552265169183334,0.38630888979744177
RC_03_2022_Costa_Caribe_SANCIONES_PROPIAS_0,B,0.2337337932675151,1.0,0.1935567010309278,0.1538922570993414,0.1910167932510376,0.4697680412371114,0.5099407347170005,0.6188916609807404,0.4602172146717967,0.25918058404115707,0.18575377890547498,0.7657693344878428,0.4599129918346695,0.29746353168964434,0.2860930567090965
RC_03_2022_Costa_Caribe_CALIFICACION_JURIDICA_0,B,0.5933171497929458,1.0,0.4521666666666663,0.2182788555600264,0.2665451765060425,0.34895,0.6463645405959864,0.6188916609807404,0.6683768729512717,0.5851412595831162,0.6015151919249712,0.6720433716842494,0.5426003030273419,0.6150241232961193,0.5586067197571456
RC_03_2022_Costa_Caribe_CONSIDERACIONES_0,B,0.0,0.6734615384615386,0.1379310344827586,0.1178907107712802,0.1644514799118042,0.5344827586206896,0.41911613236841694,0.309006137177778,0.4147122064998158,0.1382663432074365,0.10503689604436914,0.8076463686004802,0.31805438352055615,0.2112312680462301,0.20988790487818115
RC_03_2022_Costa_Caribe_PATRONES_MACROCRIMINALES_0,B,0.4639175257731959,1.0,0.3829365079365079,0.1308322206347839,0.1850609183311462,0.4285714285714285,0.5987783754208461,0.6188916609807404,0.6155125364008832,0.17515198124673872,0.16426245743432985,0.7360019927164254,0.504378250647633,0.3039932906492594,0.3002889442895398
informe-avances-resultados-JEP-2024_CUERPO_0,B,0.0,1.0,0.0,0.1192020725716024,0.2036815285682678,0.0,0.41911613236841694,0.6188916609807404,0.3093038425074956,0.14168440184533507,0.23848828696149307,0.34711492262946964,0.5491794744527481,0.22101139957883065,0.3100303683949538
informe-avances-resultados-JEP-2024_RECONOCIMIENTO_0,B,0.1130475741874705,1.0,0.1685323383084577,0.1348682228485066,0.1945748329162597,0.168221393034826,0.4627439986956083,0.6188916609807404,0.4396168707291773,0.18813801610616643,0.19959569419271092,0.5046671369790742,0.5193649566787433,0.267018975919033,0.3153111186665072
informe-avances-resultados-JEP-2024_SANCIONES_PROPIAS_0,B,0.2232788918751292,1.0,0.3129370629370631,0.1703524627167363,0.2359685897827148,0.0996503496503496,0.5058470755727406,0.6188916609807404,0.5591408648186955,0.33318314857458176,0.412605546869031,0.43869617255053245,0.5563974767581586,0.42479718293615065,0.45515231298419967
informe-avances-resultados-JEP-2024_HECHOS_Y_CONDUCTAS_0,B,0.3656678517013713,1.0,0.3691806331471136,0.1372355993032308,0.183892548084259,0.1578212290502792,0.5613045326855296,0.6188916609807404,0.60462703811714,0.19609303722848265,0.1602888794963504,0.4946146343164561,0.5618049210734971,0.3079119901754402,0.35113396370862615
informe-avances-resultados-JEP-2024_CALIFICACION_JURIDICA_0,B,0.0,1.0,0.3017676767676767,0.2735774458417193,0.3242863416671753,0.0,0.41911613236841694,0.6188916609807404,0.5499623771814315,0.8236509941753898,0.8648758805759394,0.34711492262946964,0.5491794744527481,0.7539118749973672,0.7313818781660657
sentencia-TP-SeRVR-RC-ST-001-2025-caso01-farc_RECONOCIMIENTO_0,B,0.007653523642003,1.0,0.1826904344437949,0.1118951600557598,0.1780358552932739,0.2993132670952719,0.422038021421463,0.6188916609807404,0.45125105832015644,0.1235120142536513,0.14153399087935908,0.6284388164246549,0.46595106193541086,0.22724032046131518,0.2595621032910433
sentencia-TP-SeRVR-RC-ST-001-2025-caso01-farc_PATRONES_MACROCRIMINALES_0,B,0.0,0.5260465116279072,0.0709219858156028,0.1219229807898498,0.1843562126159668,0.0,0.41911613236841694,0.19989286376760415,0.36182802176107765,0.14900141679424908,0.16185639603746615,0.34711492262946964,0.42347983528880717,0.21670589205726276,0.30619854496201676
sentencia-TP-SeRVR-RC-ST-001-2025-caso01-farc_CALIFICACION_JURIDICA_0,B,0.0,0.4756459330143535,0.0465879265091863,0.1458645763485179,0.2090024352073669,0.4837598425196857,0.41911613236841694,0.16994545525617957,0.34335216208706804,0.22722394611189264,0.26349859604904435,0.7753329067518235,0.28603021749867363,0.2729448058855908,0.2648132920172312
sentencia-TP-SeRVR-RC-ST-001-2025-caso01-farc_HECHOS_Y_CONDUCTAS_0,B,0.0,0.6411578947368418,0.0,0.1506386559030864,0.2276489734649658,0.5515463917525774,0.41911613236841694,0.28244852508112894,0.3093038425074956,0.24588493909500572,0.3632350026045763,0.8176883871850938,0.30707449431617734,0.3001156291716239,0.2783625155695009
sentencia-TP-SeRVR-RC-ST-001-2025-caso01-farc_SANCIONES_PROPIAS_0,B,0.003301492274508,1.0,0.0664832645575424,0.2050265057264741,0.2538853883743286,0.4424690508940824,0.4203758614468629,0.6188916609807404,0.35842534937680576,0.5142374914713208,0.5237448178873787,0.7463094850855028,0.4299249973473165,0.4703460467677837,0.4255518922403418
sentencia-TP-SeRVR-RC-ST-001-2025-caso03-catatumbo-compressed_RECONOCIMIENTO_0,B,0.0086568909611427,1.0,0.2018402927249246,0.1112272435094773,0.1783058047294616,0.2240637107189006,0.4224214869735489,0.6188916609807404,0.467069963846527,0.12195488490473701,0.14235657884656064,0.5583772646006612,0.4871229137034434,0.2316099167698211,0.2772676482245608
sentencia-TP-SeRVR-RC-ST-001-2025-caso03-catatumbo-compressed_PATRONES_MACROCRIMINALES_0,B,0.0,1.0,0.1666666666666666,0.1255521025169498,0.1849735975265503,0.0,0.41911613236841694,0.6188916609807404,0.438088439560593,0.15924262011615406,0.16396276734539902,0.34711492262946964,0.5491794744527481,0.24431241011825924,0.3288626032354503
sentencia-TP-SeRVR-RC-ST-001-2025-caso03-catatumbo-compressed_CALIFICACION_JURIDICA_0,B,0.0,1.0,0.0863746958637469,0.1529176885134382,0.214307427406311,0.261861313868613,0.41911613236841694,0.6188916609807404,0.37378054122125187,0.25514949036993206,0.29005045624103987,0.5940467965481568,0.4750999122771419,0.30120909538666035,0.32369323716692117
sentencia-TP-SeRVR-RC-ST-001-2025-caso03-catatumbo-compressed_HECHOS_Y_CONDUCTAS_0,B,0.0,1.0,0.0,0.1412142953779793,0.2171193957328796,0.1999999999999999,0.41911613236841694,0.6188916609807404,0.3093038425074956,0.2100299989283042,0.3047484225847851,0.5353256666196332,0.49271625125569896,0.2682276790990059,0.3094569326276348
sentencia-TP-SeRVR-RC-ST-001-2025-caso03-catatumbo-compressed_SANCIONES_PROPIAS_0,B,0.0044603033006244,1.0,0.0961857379767828,0.2020277859787166,0.237788438796997,0.303955223880596,0.42081826839270686,0.6188916609807404,0.38145111577579616,0.4980087181649528,0.4236825305063989,0.6326199272416076,0.46420882747882264,0.4407435811506396,0.42416204157171306
sentencia-interpretativa-SENIT-8-2025-reparacion_CUERPO_0,B,0.0,0.65,0.0,0.1873557256744646,0.2635225057601928,0.2321428571428571,0.41911613236841694,0.2895793819404578,0.3093038425074956,0.41929804378649876,0.5832572157378605,0.5660655057829417,0.3847006157946216,0.43548753498820636,0.43571657654070034
sentencia-interpretativa-SENIT-8-2025-reparacion_HECHOS_Y_CONDUCTAS_0,B,0.0717846460618145,1.0,0.0669398907103825,0.1730896854351917,0.2550811171531677,0.1318306010928961,0.4467171171002755,0.6188916609807404,0.3587747433569775,0.3464784957367055,0.5312009982638146,0.46952956969897053,0.5234954742246412,0.4055841207809198,0.4325315701864155
sentencia-interpretativa-SENIT-8-2025-reparacion_SANCIONES_PROPIAS_0,B,0.0421456696808405,1.0,0.0727869986168742,0.1233115228133469,0.1891098618507385,0.1723288381742734,0.43527109782710327,0.6188916609807404,0.3632618865989642,0.15285412202688306,0.17864574358502686,0.508636688822928,0.507184930778185,0.22371393786595056,0.2796058063894771
sentencia-interpretativa-SENIT-8-2025-reparacion_CONSIDERACIONES_0,B,0.2245322245322245,1.0,0.1991869918699186,0.1629275240357542,0.2346274852752685,0.1859756097560975,0.5063378752464274,0.6188916609807404,0.46487349526105476,0.29847016645202606,0.40449817117315984,0.5218147228327985,0.5316582315429534,0.3801995665110748,0.40252102197760176
sentencia-interpretativa-SENIT-8-2025-reparacion_RECONOCIMIENTO_0,B,0.0,1.0,0.0447729220222793,0.1391291087216373,0.1951180696487426,0.2361825192802057,0.41911613236841694,0.6188916609807404,0.3419921163676994,0.20263687133607342,0.2017758362787126,0.569898057606139,0.4823445339597472,0.24418513432835298,0.28275343804119724
sentencia-interpretativa-SENIT-8-2025-reparacion_CALIFICACION_JURIDICA_0,B,0.0,1.0,0.0594569288389513,0.1493951366389391,0.2171787023544311,0.1544943820224719,0.41911613236841694,0.6188916609807404,0.353068176249076,0.2409264690812981,0.30506289127670827,0.49139952873393067,0.5058940926214097,0.2938099078902545,0.3385308018590494
sentencia-interpretativa-SENIT-8-2025-reparacion_PATRONES_MACROCRIMINALES_0,B,0.2067117519458976,1.0,0.184692671394799,0.1426110663099515,0.215884268283844,0.1257978723404255,0.4993587578955868,0.6188916609807404,0.45290097584085626,0.2150920009449403,0.2982409336128936,0.46372435144433044,0.5462936960191578,0.3113793732141011,0.3595682073580535
sentencia-interpretativa-SENIT-8-2025-reparacion_RESUELVE_0,B,0.0,1.0,0.0,0.1341554345163544,0.2186291217803955,0.18359375,0.41911613236841694,0.6188916609807404,0.3093038425074956,0.18579195927906594,0.3128098020757227,0.5195163432359187,0.49745904827081333,0.26095087708659187,0.3073627302823406
Juan Carlos Chaparro Chaparro,C,0.0,1.0,0.0,0.1858513808438107,0.2763141989707947,0.2382926903543538,0.41911613236841694,0.6188916609807404,0.3093038425074956,0.4113883770196062,0.6584041903138835,0.5718967460076072,0.48174492743930675,0.4548677606542562,0.45096417210970524
Ruben Dario Castro Gomez,C,0.5987781688716268,1.0,0.7583333333333333,0.1701469464193541,0.2725687623023987,0.5656807045184391,0.6483176353667233,0.6188916609807404,0.8480491917956698,0.33219521902668836,0.6370272801707108,0.8256941779054559,0.4972862990692747,0.5784010292005894,0.5057888481185104
Santiago Herrera Fajardo,C,0.7233626588465301,1.0,0.5857142857142857,0.0905305457023759,0.1942536830902099,0.3988127135163385,0.6914332341463518,0.6188916609807404,0.7586198454552898,0.08149637876092723,0.19831518121509462,0.7130475583193692,0.5483265244569521,0.3196790595054862,0.3210731586320005
Alfonso Romero Buitrago,C,0.0,1.0,0.0,0.1065836427397698,0.2350406050682068,0.13199113603259,0.41911613236841694,0.6188916609807404,0.3093038425074956,0.11159083041835267,0.4069902725935748,0.4696841701484395,0.5124087001970571,0.2595245666976622,0.31861394387108555
Carlos Andrés Caravalli,C,0.0,0.4333333333333333,0.0,0.2037506554733841,0.3485229611396789,0.13199113603259,0.41911613236841694,0.1476539351739401,0.3093038425074956,0.5073343979811862,0.9214896696189036,0.4696841701484395,0.37103738245501694,0.5721718128303942,0.5659618633962678
Edie Pinzón Turcios,C,0.2161214953271028,1.0,0.668859649122807,0.1270614201126104,0.2294635772705078,0.3052760169509113,0.5030440824106778,0.6188916609807404,0.8056092468182549,0.16366695708459914,0.37379937267009306,0.6338059885214716,0.49674333470205173,0.419289368680344,0.4171910442931724
Efraín Enrique Prada Correa,C,0.239327296248383,1.0,0.0765765765765765,0.1360939351602264,0.2579727172851562,0.4405884122731864,0.5121303811649643,0.6188916609807404,0.36618287921732967,0.19222538892314073,0.549168210652836,0.7449303271653694,0.46704055261059707,0.35149548253030605,0.33751932371140975
Fidel Iván Ochoa Blanco,C,0.0548717188195165,0.5727586206896553,0.1977401129943503,0.1480122550770045,0.2533153891563415,0.2581051011972788,0.44017794208477157,0.2310340852849475,0.4636763011845211,0.23549298724148957,0.5201865515085529,0.5905397494202809,0.36821947759330864,0.38935605070451795,0.39850565946165917
Hermes Mauricio Alvarado,C,0.0,0.4933928571428571,0.130952380952381,0.1175223356020991,0.2383469939231872,0.2831834856111676,0.41911613236841694,0.18006237153331398,0.4090884723522529,0.1373187118640401,0.4270983093704965,0.6137637008819335,0.33753605414278093,0.30578351926244085,0.3274895688135127
Jaime Coral Trujillo,C,0.2221816093154405,0.5789473684210529,0.2443502824858757,0.1108402896571199,0.1994426250457763,0.3495880035737518,0.5054173751610974,0.23540482362601622,0.5023768486544657,0.12106052499424255,0.2197648426274538,0.6725868236795708,0.37101235004837263,0.2650667173822729,0.2823362155828385
Levis de Jesús Contreras,C,0.1223140495867768,0.8265789473684213,0.2073170731707317,0.1080867890460033,0.2242087125778198,0.3106435233164966,0.46635498954384247,0.4501524440164189,0.4716077234923366,0.11485853109610315,0.34357081725220373,0.6386091716318903,0.43000497753289557,0.29049697466180335,0.310530360188588
Luis Fidel Arenas Rodríguez,C,0.0,0.0,0.0,0.1494472427077378,0.2854824066162109,0.13199113603259,0.41911613236841694,0.03033911542470335,0.3093038425074956,0.24113286290124392,0.7079746355754796,0.4696841701484395,0.33584293653024594,0.40163668858539014,0.43272264436142904
Ricardo Manuel Buelvas Lozano,C,0.0,0.0,0.0,0.1594846610587432,0.2890299558639526,0.13199113603259,0.41911613236841694,0.03033911542470335,0.3093038425074956,0.2830990393507693,0.725980271143602,0.4696841701484395,0.33584293653024594,0.423824849835637,0.4498139061883173
William Andrés Capera,C,0.088594460850826,1.0,0.2738095238095239,0.14299512472891,0.2758999466896057,0.2417260377735812,0.45323474955625437,0.6188916609807404,0.5268516218300884,0.21649928277417838,0.6560694169513661,0.5751436697676238,0.49441829718643676,0.4414760247441077,0.4456513105740924
Yair Leandro Rodríguez,C,0.095377212579481,0.3380434782608696,0.3819444444444444,0.1123036751389032,0.214546799659729,0.3860807845286682,0.4558692860858879,0.10626675644796588,0.6147311980284251,0.12447279045288898,0.2912852231126431,0.7028705141046215,0.3033665871373585,0.321594042523476,0.32327183960020944
Henry Torres Escalante,C,0.3822433054351856,1.0,0.3571428571428571,0.1836407769860006,0.2985405921936035,0.3147496576848543,0.5676882605990334,0.6188916609807404,0.595014869340903,0.3998489518716444,0.7706997600109382,0.6422650399573214,0.5200632905466391,0.5696539695542101,0.5329303349079894
Angel Fernando Carvajal Rojas,C,0.0,0.9857142857142858,1.0,0.2188958365441333,0.3398317098617553,0.624673142459074,0.41911613236841694,0.6054980326338809,0.9257617612922469,0.5883805187476558,0.9042458578892798,0.8561288220354069,0.39245721612690904,0.7843544932535204,0.6627902960125971
Annuar Herrera Osorio,C,0.4294003868471954,1.0,0.1851851851851851,0.1541937937717634,0.2648143768310547,0.6950106392362615,0.5857206583640918,0.6188916609807404,0.4533069855385408,0.260436179995624,0.5910916493581588,0.8864978329657287,0.4540064117501403,0.4174940624672595,0.3619309461297163
Aris Ramirez Campos,C,0.0,0.710526315789474,0.206140350877193,0.1376590238048242,0.2591399550437927,0.4978558001388504,0.41911613236841694,0.3411018548972412,0.4706323343283789,0.19754236217675678,0.5563874313613899,0.7846838769029566,0.3345718463456521,0.38712287457763334,0.3590808746948779
Cesar Augusto Vasquez Ordoñez,C,0.0,0.2752941176470588,0.0,0.0992328041803947,0.2045570611953735,0.4588604623082714,0.41911613236841694,0.0849221373642105,0.3093038425074956,0.09675958025791506,0.24248919410489395,0.7581202569295601,0.26568701707776193,0.2042417430868829,0.21535208184455987
Divar Juspian Jimenez,C,0.0,0.605,0.1666666666666666,0.1386676123743856,0.278910219669342,0.6777132775063126,0.41911613236841694,0.25442517133724074,0.438088439560593,0.2010271013860224,0.6728579866902004,0.8795926063522537,0.2800962224428629,0.4136947684296469,0.3621262157080543
Fabian Fermin Durango de la Cruz,C,0.5717228946690703,1.0,0.0925925925925925,0.1049597857375066,0.2225270271301269,0.8013387797985324,0.6385940559818073,0.6188916609807404,0.37863478957640034,0.10815234385505981,0.3341453837237171,0.9217644694819731,0.46457577984235315,0.25709498953205917,0.22628785258515266
Fabio Nelson Rodriguez Barrera,C,0.3178239083750895,1.0,0.0,0.0904262701700249,0.1944957971572876,0.7013390272735093,0.5427714758024569,0.6188916609807404,0.3093038425074956,0.0813275274884827,0.1992799821165428,0.8889366237235099,0.4360951014981519,0.18510615838260458,0.1737568896578524
Faiver Coronado Camero,C,0.177198073076598,1.0,1.0,0.171312322128985,0.2878848314285278,0.719093943335957,0.48780203157284296,0.6188916609807404,0.9257617612922469,0.3378165825148574,0.7202441895284935,0.8955353428525475,0.412127708067595,0.6289284182521651,0.5337393938891327
Fernando Riveros Sarmiento,C,0.4394299287410926,1.0,0.5128205128205129,0.0971577952629806,0.2208883166313171,0.8757407981836272,0.5895281053550917,0.6188916609807404,0.7114898732809974,0.09290336936899432,0.32508641810455163,0.9401520913170326,0.43943311304114907,0.3481342351632625,0.298984665393679
Francisco Javier Castañeda Alfaro,C,0.0,0.8958333333333334,0.2884615384615385,0.1011163293748897,0.2183494567871093,0.901179304079984,0.41911613236841694,0.5183555937616479,0.5389839600870682,0.10038303026153446,0.31130773188369687,0.9454524646271905,0.33951739168770406,0.2952407196958433,0.25359733914571353
Harbey Sanchez Gomez,C,0.0,0.0,0.1388888888888889,0.1179000796957649,0.2505726814270019,0.7499961720807355,0.41911613236841694,0.03033911542470335,0.4154858642135182,0.13829051585620403,0.5030427359882765,0.9061964854654037,0.2048892419351567,0.33087478640302004,0.28988000771422917
Hernando Mendez Rodriguez,C,0.0,0.4333333333333333,0.0,0.1363318861523752,0.2662999629974365,0.624673142459074,0.41911613236841694,0.1476539351739401,0.3093038425074956,0.19302667912695298,0.6000437708303554,0.8561288220354069,0.25510398688892677,0.35001495565213653,0.31401914266546727
Jair Arias Sanchez,C,0.3708289116849428,1.0,0.6157407407407408,0.0969400980587952,0.2082052230834961,0.8409608331137941,0.5632944977210403,0.6188916609807404,0.7764361067474876,0.09250689275218434,0.2596461843774541,0.9321226037752529,0.43134851625006243,0.3478274444383562,0.3003481198518401
Jair Fernandez,C,0.0983519404572036,0.6328125000000001,0.0119047619047619,0.1098398313663018,0.2088554501533508,0.5294324530273689,0.45702550955027216,0.27581684575343496,0.3178278463406246,0.118774366872606,0.26278555907506357,0.8045946037708464,0.32417687641488546,0.22169376837374885,0.21986674066153458
Jhon Jairo Buitrago Lopez,C,0.0422213769494104,0.7648837209302329,0.1406976744186046,0.1679287640809282,0.2865221500396728,0.4885866949914993,0.4353002521647035,0.39085703543454536,0.4169479516576118,0.3216274279811718,0.7133235037773445,0.7785670715201904,0.35780709004018785,0.46773240782295555,0.42334267794905256
Jose Albeiro Bustos Aguilar,C,0.5866807610993658,0.5633333333333334,0.0694444444444444,0.0979786790391455,0.2323943972587585,0.6289136760994668,0.6439844964202404,0.22448730473545384,0.3606937966868016,0.09441213648435022,0.39111536702914995,0.8581365466965782,0.3674990259797588,0.2633076037085256,0.2446486225349773
Jose David Restrepo Solarte,C,0.0,1.0,0.1789215686274509,0.0981093313959611,0.207025945186615,0.3973073515706198,0.41911613236841694,0.6188916609807404,0.44814830712868386,0.09465428793493827,0.2540149672206252,0.7118551751232531,0.439757398704613,0.24851069747876803,0.2615660699431581
Jose Fabio Guzman Muñoz,C,0.0,1.0,0.3333333333333333,0.1600477556647388,0.2649156451225281,0.5429563753980821,0.41911613236841694,0.6188916609807404,0.5757934647371454,0.2855800959863892,0.5917038853503721,0.8126849164695668,0.4095084763007189,0.464481243420811,0.4150113830238828
Jose Gañan Tapasco,C,1.0,0.7222222222222222,0.4166666666666667,0.1291506408908207,0.2641061544418335,0.4480782849930371,0.7756010360045942,0.35155829876812617,0.6417010167614279,0.16995363198115093,0.586802159644264,0.7503936654030402,0.49058980441136346,0.43653240571416796,0.4080331506151602
Jose Roldan Lopez Ceron,C,0.0,0.2464285714285714,0.238095238095238,0.1108669541747346,0.2572295665740967,0.649808916109336,0.41911613236841694,0.07647212803627557,0.49717471152042303,0.12112197237436068,0.5445609103621856,0.8676901287181894,0.23028105274279265,0.36096947551452685,0.32323247143932243
Jose Yati Anacona Bueno,C,0.0,0.1625,0.2083333333333333,0.1224811846835669,0.2518916726112366,0.434001972749685,0.41911613236841694,0.05610773353507523,0.47245027981862714,0.15054051473620295,0.511290720393711,0.7400614617571956,0.2624603344807307,0.3553385059581826,0.34308511212250636
Julian Andres Calderon Motta,C,0.0876708000947792,1.0,0.1923076923076923,0.1080504085071488,0.1820200681686401,0.6667451518282994,0.45287618318595657,0.6188916609807404,0.4591851893584584,0.11477846910046685,0.15408333101721683,0.8750284785102348,0.4043094280155343,0.2298919437528893,0.2127449751220119
Luis Carlos Aguilera Quintero,C,0.7642429471592546,1.0,0.653846153846154,0.1070079825802083,0.1925859451293945,0.8827350100208098,0.7049271204445907,0.6188916609807404,0.7976680547744817,0.11250498164709016,0.19176493547584214,0.9416556824824733,0.48514164172731644,0.3418318897339332,0.29277860556021335
Luis Carlos Oyola Tapia,C,0.0,0.92,0.3125,0.1069726833232898,0.2279725074768066,0.5109402039099946,0.41911613236841694,0.5421244424416378,0.5587824237819321,0.11242868811638992,0.36510926551032524,0.7931081539101978,0.3923513395067988,0.3221389820342332,0.30607989797594176
Ricardo Andres Lopez Garcia,C,0.0864317695152813,1.0,0.1052631578947368,0.0982424284126881,0.2053340077400207,0.3921838404738322,0.45239526667402036,0.6188916609807404,0.38860126583386073,0.0949015420287,0.24607761173901463,0.7077748833850092,0.45429313994832754,0.22836428008334259,0.24558520532482703
Wilder Samboni Chanchi,C,0.1609395389299695,0.4554545454545454,0.4347826086956521,0.1087407768144901,0.2113984823226928,0.6522799629499868,0.4814404238952685,0.15899072233594605,0.6554360988471837,0.1163060573011603,0.27529586711274107,0.8687831294770991,0.2796384474157615,0.3257420127084415,0.29381818278490945
Heber Hernan Gomez Naranjo,C,0.3376101970913583,1.0,0.7962962962962963,0.1159775161091396,0.1911867260932922,0.3282693963727357,0.5504533459052663,0.6188916609807404,0.8636183457865887,0.13340405251039494,0.18639767488200068,0.6541839609855589,0.509593648360661,0.3683664272047348,0.371688428723154
Jose de Jesus Rueda Quintero,C,0.1502901353965184,0.9622222222222224,0.3472222222222222,0.150038832730417,0.2730329036712646,0.4392349002908844,0.47727667631894916,0.5831331508090968,0.5870377476968425,0.24348462092278378,0.6397080032244645,0.7439346891404304,0.44267020902817955,0.4654175736455056,0.4309448861790758
Juan Carlos Soto Sepulveda,C,0.0,0.5843243243243244,0.2432432432432432,0.1045018862792936,0.2199047207832336,0.4637777979178741,0.41911613236841694,0.2392484420215316,0.5014561618513392,0.10719971814876779,0.3197106373627551,0.7615895197068782,0.3109441296417628,0.2892299270237354,0.2851337113067783
Manuel Valentin Padilla Espitia,C,0.5077767612076853,0.8809523809523808,0.2804232804232803,0.1371516100798385,0.2583463788032532,0.5094953183908291,0.6151679093114384,0.503671239050347,0.5323328170710115,0.19580651089047038,0.551481663106423,0.792189972124213,0.45951154380241555,0.4034669484094185,0.3712575788866571
Yeris Andres Gomez Coronel,C,0.0423952150697802,0.8112195121951224,0.4756097560975609,0.089833315639827,0.1963027119636535,0.6865784629760203,0.4353671976973347,0.43518804120237436,0.6854303709912293,0.080373417182671,0.20659165288855752,0.8831758408092416,0.3397505391968737,0.29975597403700444,0.2704823629628997
