y2_sa,y4_nv,y10_rep,corpus,corpus_type,nivel,subcaso,y2_sa_z,y4_nv_z,y10_rep_z,DIS_n2
1.0,0.1905,0.0,A,A-CSJ,AB,,0.6351615916464532,0.4409838939773533,0.38088369574850534,0.5623858112437807
0.9187,0.0,0.0,A,A-CSJ,AB,,0.561768921023154,0.30669628595899817,0.38088369574850534,0.4896977137192016
1.0,0.2333,0.0,A,A-CSJ,AB,,0.6351615916464532,0.4732229812759495,0.38088369574850534,0.5736694917982893
1.0,0.8333,1.0,A,A-CSJ,AB,,0.6351615916464532,0.8474382405011018,0.9872575527369554,0.5227326754305577
1.0,0.7857,0.0952,A,A-CSJ,AB,,0.6351615916464532,0.8277999038744797,0.493642406287012,0.6639438015462229
1.0,0.45,0.325,A,A-CSJ,AB,,0.6351615916464532,0.6343174975617233,0.7475962546148324,0.520038804838412
1.0,0.2778,0.0,A,A-CSJ,AB,,0.6351615916464532,0.5069771895359981,0.38088369574850534,0.5854834646893063
1.0,0.0324,0.0688,A,A-CE,AB,,0.6351615916464532,0.32800328924820116,0.46180042388218034,0.4985675811484749
1.0,0.1613,0.4879,A,A-CE,AB,,0.6351615916464532,0.419254681823451,0.866872373962326,0.40898398352576865
1.0,0.4762,0.1607,A,A-CE,AB,,0.6351615916464532,0.6525662464133577,0.5723174450357621,0.5790095098102052
1.0,0.7333,0.0,A,A-CE,AB,,0.6351615916464532,0.8039244547935991,0.38088369574850534,0.6894150075294667
1.0,0.0,0.0,A,A-CE,AB,,0.6351615916464532,0.30669628595899817,0.38088369574850534,0.5153851484373564
1.0,0.925,0.0,A,A-CSJ,AB,,0.6351615916464532,0.8800695842450136,0.38088369574850534,0.7160658028374618
1.0,0.3232,0.0,A,A-CSJ,AB,,0.6351615916464532,0.5413465111817226,0.38088369574850534,0.5975127272653099
0.65,0.0,0.0,A,A-CSJ,AB,,0.31793770877002864,0.30669628595899817,0.38088369574850534,0.40435678943060777
1.0,0.5641,0.0,A,A-CE,AB,,0.6351615916464532,0.7103821999663528,0.38088369574850534,0.6566752183399305
1.0,0.5,0.4643,A,A-CE,AB,,0.6351615916464532,0.6687652425999515,0.8531418688479554,0.500431831331855
1.0,0.0778,0.6,A,A-CE,AB,,0.6351615916464532,0.35907623410009015,0.918014870383792,0.3725787778961525
0.34,0.3333,0.0,A,A-CSJ,AB,,0.1267104364066251,0.5489508353339617,0.38088369574850534,0.4222163363846538
1.0,0.3854,0.0,A,A-CSJ,AB,,0.6351615916464532,0.5877400444219274,0.38088369574850534,0.6137504638993816
0.52,0.3333,0.0,A,A-CSJ,AB,,0.2222342503722248,0.5489508353339617,0.38088369574850534,0.4556496712726137
1.0,0.1111,0.0,A,A-CE,AB,,0.6351615916464532,0.38266246566609474,0.38088369574850534,0.5419733113348402
0.6262,0.1296,0.0,A,A-CE,AB,,0.29883147925282516,0.3960170669759619,0.38088369574850534,0.4289318824555238
0.5417,0.0,0.0,A,A-CE,AB,,0.23667489630207847,0.30669628595899817,0.38088369574850534,0.3759148050668252
1.0,0.3214,0.1607,A,A-CSJ,AB,,0.6351615916464532,0.5399891570743226,0.5723174450357621,0.5396075285415429
1.0,0.7018,0.2368,A,A-CSJ,AB,,0.6351615916464532,0.7884083085209409,0.6591067887046006,0.6005174284472077
0.0,0.0,0.0,A,A-CSJ,AB,,0.03877604189617447,0.30669628595899817,0.38088369574850534,0.3066502060247588
1.0,0.0,0.0,A,A-CSJ,AB,,0.6351615916464532,0.30669628595899817,0.38088369574850534,0.5153851484373564
0.65,0.0,0.0,A,A-CSJ,AB,,0.31793770877002864,0.30669628595899817,0.38088369574850534,0.40435678943060777
1.0,0.3188,0.2717,A,A-CSJ,AB,,0.6351615916464532,0.5380274919573124,0.6959499497374192,0.5018311943400922
0.65,0.0,0.0,A,A-CSJ,AB,,0.31793770877002864,0.30669628595899817,0.38088369574850534,0.40435678943060777
1.0,0.3403,0.0726,A,A-CSJ,AB,,0.6351615916464532,0.5542079924067901,0.4663706907302152,0.5763681471995706
0.7429,0.0,0.0,A,A-CSJ,AB,,0.39807011110993257,0.30669628595899817,0.38088369574850534,0.43240313024957416
1.0,0.3654,0.7933,A,A-CE,AB,,0.6351615916464532,0.5729511378918613,0.9661190502025694,0.4330037402776392
1.0,0.0,0.0,A,A-CE,AB,,0.6351615916464532,0.30669628595899817,0.38088369574850534,0.5153851484373564
1.0,0.0,0.0,A,A-CE,AB,,0.6351615916464532,0.30669628595899817,0.38088369574850534,0.5153851484373564
1.0,0.2778,0.0,A,A-CE,AB,,0.6351615916464532,0.5069771895359981,0.38088369574850534,0.5854834646893063
1.0,0.0,0.0,A,A-CE,AB,,0.6351615916464532,0.30669628595899817,0.38088369574850534,0.5153851484373564
1.0,0.5833,0.0,A,A-CE,AB,,0.6351615916464532,0.7222280519064573,0.38088369574850534,0.660821266518967
1.0,1.0,0.7083,A,A-CE,AB,,0.6351615916464532,0.9021037826726974,0.9497597186522639,0.5531149654160236
1.0,1.0,0.0,A,A-CE,AB,,0.6351615916464532,0.9021037826726974,0.38088369574850534,0.7237777722871511
1.0,1.0,0.0,A,A-CE,AB,,0.6351615916464532,0.9021037826726974,0.38088369574850534,0.7237777722871511
1.0,0.1481,0.0833,A,A-CE,AB,,0.6351615916464532,0.40952855552254924,0.4792674789269207,0.5218613078310747
1.0,0.4123,0.2039,A,A-CE,AB,,0.6351615916464532,0.6073795835251371,0.6225107413992799,0.5481361888902726
1.0,0.5595,0.2768,A,A-CE,AB,,0.6351615916464532,0.7075000957670855,0.7011432708986162,0.5595886093251536
0.4333,0.0,0.0,A,A-CE,AB,,0.17092239818971483,0.30669628595899817,0.38088369574850534,0.3529014307274979
0.6352,0.1288,0.0,A,A-CE,AB,,0.3059791606185127,0.3954361926269278,0.38088369574850534,0.4312302649113526
0.8058,0.0,0.0,A,A-CE,AB,,0.455938332517232,0.30669628595899817,0.38088369574850534,0.4526570077421289
1.0,0.3333,0.0,A,A-CE,AB,,0.6351615916464532,0.5489508353339617,0.38088369574850534,0.6001742407185936
1.0,0.1852,0.0,A,A-CE,AB,,0.6351615916464532,0.4370205221471534,0.38088369574850534,0.5609986311032107
1.0,0.375,0.0,A,A-CSJ,AB,,0.6351615916464532,0.5800678056859835,0.38088369574850534,0.6110651803418012
1.0,0.1566,0.0,A,A-CSJ,AB,,0.6351615916464532,0.41578397835863107,0.38088369574850534,0.5535658407772279
0.52,0.0,0.0,A,A-CSJ,AB,,0.2222342503722248,0.30669628595899817,0.38088369574850534,0.3708605789913764
1.0,1.0,0.0,A,A-CSJ,AB,,0.6351615916464532,0.9021037826726974,0.38088369574850534,0.7237777722871511
1.0,0.3274,0.0,A,A-CSJ,AB,,0.6351615916464532,0.5445112512904702,0.38088369574850534,0.5986203863033716
0.8667,0.0,0.0,A,A-CSJ,AB,,0.5131402477832032,0.30669628595899817,0.38088369574850534,0.4726776780852189
1.0,0.5938,0.0,A,A-CSJ,AB,,0.6351615916464532,0.7285786238211499,0.38088369574850534,0.6630439666891095
1.0,0.553,0.0,A,A-CSJ,AB,,0.6351615916464532,0.703399025322461,0.38088369574850534,0.6542311072145683
0.5571,0.0,0.0,A,A-CSJ,AB,,0.24730863208450637,0.30669628595899817,0.38088369574850534,0.379636612590675
1.0,0.3524,0.0,A,A-CE,AB,,0.6351615916464532,0.5632661760022083,0.38088369574850534,0.6051846099524799
0.832,0.0,0.0,A,A-CE,AB,,0.48049328187072304,0.30669628595899817,0.38088369574850534,0.4612512400158508
1.0,0.0,0.4896,A,A-CE,AB,,0.6351615916464532,0.30669628595899817,0.8678182397602576,0.3693047852338307
1.0,0.3651,0.0,A,A-CE,AB,,0.6351615916464532,0.5727282385525002,0.38088369574850534,0.6084963318450821
1.0,0.0,0.0,A,A-CE,AB,,0.6351615916464532,0.30669628595899817,0.38088369574850534,0.5153851484373564
0.3714,0.0,0.0,A,A-CE,AB,,0.1403788319086695,0.30669628595899817,0.38088369574850534,0.3422111825291321
1.0,0.1008,0.0,A,A-CE,AB,,0.6351615916464532,0.37530186587309955,0.38088369574850534,0.5393971014072918
1.0,0.2564,0.0,A,A-CE,AB,,0.6351615916464532,0.490733793046026,0.38088369574850534,0.5797982759178161
0.78,0.0,0.0,A,A-CE,AB,,0.4319652030122755,0.30669628595899817,0.38088369574850534,0.44426641241539416
1.0,0.8317,0.1905,A,A-CE,AB,,0.6351615916464532,0.846809067464104,0.6071669699782283,0.6365396396952265
0.65,0.0,0.2475,A,A-CE,AB,,0.31793770877002864,0.30669628595899817,0.6706351775019234,0.31743134490458236
0.65,0.0,0.3536,A,A-CE,AB,,0.31793770877002864,0.30669628595899817,0.7727907171668419,0.2867846830051068
1.0,0.5294,0.2647,A,A-CSJ,AB,,0.6351615916464532,0.688234179502541,0.6887399174482512,0.5565665446676725
1.0,0.0,0.0,A,A-CSJ,AB,,0.6351615916464532,0.30669628595899817,0.38088369574850534,0.5153851484373564
1.0,0.3951,0.75,A,A-CE,AB,,0.6351615916464532,0.5948577418165054,0.9585543923618004,0.44294044900349533
1.0,0.4946,0.2177,A,A-CE,AB,,0.6351615916464532,0.665123069489748,0.6380597271710274,0.5636817132463622
0.65,0.0,0.0,A,A-CE,AB,,0.31793770877002864,0.30669628595899817,0.38088369574850534,0.40435678943060777
1.0,0.1333,0.1492,A,A-CE,AB,,0.6351615916464532,0.3987074053831654,0.5586539541753238,0.49425796270776934
1.0,1.0,0.5259,A,A-CE,AB,,0.6351615916464532,0.9021037826726974,0.8866875450468054,0.5720366174976611
1.0,0.202,0.5227,A,A-CE,AB,,0.6351615916464532,0.4496089141885838,0.8851234483163051,0.4141326425473714
1.0,0.5,0.0,A,A-CSJ,AB,,0.6351615916464532,0.6687652425999515,0.38088369574850534,0.64210928326169
1.0,0.0,0.0,A,A-CSJ,AB,,0.6351615916464532,0.30669628595899817,0.38088369574850534,0.5153851484373564
0.78,0.0,0.0,A,A-CSJ,AB,,0.4319652030122755,0.30669628595899817,0.38088369574850534,0.44426641241539416
1.0,0.0,0.8478,A,A-CE,AB,,0.6351615916464532,0.30669628595899817,0.9737626798790983,0.3375214531981785
1.0,0.0285,0.0945,A,A-CE,AB,,0.6351615916464532,0.3253984270268298,0.4927962986462442,0.4883571169417758
1.0,0.7083,0.0,A,A-CSJ,AB,,0.6351615916464532,0.7916820740702784,0.38088369574850534,0.6851301742763044
1.0,0.0,0.0,A,A-CSJ,AB,,0.6351615916464532,0.30669628595899817,0.38088369574850534,0.5153851484373564
1.0,0.3403,0.0726,A,A-CSJ,AB,,0.6351615916464532,0.5542079924067901,0.4663706907302152,0.5763681471995706
0.65,0.0,0.0,A,A-CSJ,AB,,0.31793770877002864,0.30669628595899817,0.38088369574850534,0.40435678943060777
0.3071,0.0,0.0,A,A-CE,AB,,0.11362610045006359,0.30669628595899817,0.38088369574850534,0.33284772651862
1.0,0.0,0.275,A,A-CE,AB,,0.6351615916464532,0.30669628595899817,0.6993161463093063,0.41985541326911613
0.65,0.0,0.2045,A,A-CSJ,AB,,0.31793770877002864,0.30669628595899817,0.6231923194497277,0.331664202320241
1.0,0.3013,0.3452,A,A-CE,AB,,0.6351615916464532,0.5247963213356077,0.7655794153268397,0.4763114449456694
1.0,0.0467,0.09,A,A-CE,AB,,0.6351615916464532,0.33764450456277345,0.4873582297513958,0.49427466474781057
0.964,0.0,0.0,A,A-CE,AB,,0.6032178530718221,0.30669628595899817,0.38088369574850534,0.5042048399362354
1.0,0.2056,0.075,A,A-CE,AB,,0.6351615916464532,0.4523154096809476,0.46926013535997546,0.5398389098565977
1.0,0.0,0.0,A,A-CE,AB,,0.6351615916464532,0.30669628595899817,0.38088369574850534,0.5153851484373564
0.6786,0.4762,0.0,A,A-CSJ,AB,,0.3417306411738744,0.6525662464133577,0.38088369574850534,0.5337388019309797
1.0,0.3246,0.1184,A,A-CSJ,AB,,0.6351615916464532,0.542401808024239,0.5216760584851347,0.5556443723392018
0.4333,0.0,0.0,A,A-CSJ,AB,,0.17092239818971483,0.30669628595899817,0.38088369574850534,0.3529014307274979
1.0,0.1389,0.0,A,A-CSJ,AB,,0.6351615916464532,0.4027908804466444,0.38088369574850534,0.5490182565080326
0.78,0.0,0.0,A,A-CSJ,AB,,0.4319652030122755,0.30669628595899817,0.38088369574850534,0.44426641241539416
1.0,0.1905,0.0952,A,A-CE,AB,,0.6351615916464532,0.4409838939773533,0.493642406287012,0.5285581980822287
1.0,0.2803,0.1705,A,A-CE,AB,,0.6351615916464532,0.5088744803078497,0.5838755142941077,0.5252499708957736
1.0,0.4583,0.0,A,A-CE,AB,,0.6351615916464532,0.6401433829774537,0.38088369574850534,0.6320916323938158
1.0,0.0,0.3125,A,A-CE,AB,,0.6351615916464532,0.30669628595899817,0.7360203410224163,0.4088441548551831
1.0,0.1515,0.3977,A,A-CSJ,AB,,0.6351615916464532,0.4120273325965512,0.808050947296842,0.42410083929599895
0.5571,0.0,0.3214,A,A-CSJ,AB,,0.24730863208450637,0.30669628595899817,0.744297135765546,0.2706125805855628
1.0,0.0897,0.0952,A,A-CE,AB,,0.6351615916464532,0.3674336719926154,0.493642406287012,0.5028156203875704
1.0,0.0,0.0521,A,A-CE,AB,,0.6351615916464532,0.30669628595899817,0.4418014006277896,0.49710983697357114
0.9881,0.3646,0.0,A,A-CE,AB,,0.6247181932363749,0.5723566740602328,0.38088369574850534,0.6047110948292611
0.9052,0.3925,0.0,A,A-CE,AB,,0.549219843547403,0.5929536817375837,0.38088369574850534,0.5854956251251937
1.0,0.6301,0.0,A,A-CE,AB,,0.6351615916464532,0.749818686152955,0.38088369574850534,0.6704779885052412
1.0,0.0,0.2557,A,A-CE,AB,,0.6351615916464532,0.30669628595899817,0.6793339858939802,0.42585006139371395
1.0,0.4722,0.0,A,A-CSJ,AB,,0.6351615916464532,0.6498074458638938,0.38088369574850534,0.6354740544040698
0.5938,0.0,0.0,A,A-CSJ,AB,,0.2739150608427782,0.30669628595899817,0.38088369574850534,0.3889488626560701
1.0,1.0,0.0,A,A-CSJ,AB,,0.6351615916464532,0.9021037826726974,0.38088369574850534,0.7237777722871511
1.0,0.5385,0.0,A,A-CSJ,AB,,0.6351615916464532,0.6941319678730504,0.38088369574850534,0.6509876371072747
1.0,0.3261,0.0,A,A-CSJ,AB,,0.6351615916464532,0.5435320608765051,0.38088369574850534,0.5982776696584837
1.0,0.0,0.0,A,A-CSJ,AB,,0.6351615916464532,0.30669628595899817,0.38088369574850534,0.5153851484373564
1.0,0.0,0.0469,A,A-CE,AB,,0.6351615916464532,0.30669628595899817,0.4356094317875977,0.4989674276256287
0.8744,0.0,0.0,A,A-CE,AB,,0.5203792751290649,0.30669628595899817,0.38088369574850534,0.47521133765627044
1.0,0.0,0.6692,A,A-CE,AB,,0.6351615916464532,0.30669628595899817,0.9399309941196259,0.34767095892602023
1.0,1.0,0.0,A,A-CSJ,AB,,0.6351615916464532,0.9021037826726974,0.38088369574850534,0.7237777722871511
0.7917,0.0,0.0,A,A-CSJ,AB,,0.4428041713004862,0.30669628595899817,0.38088369574850534,0.4480600513162679
1.0,0.4524,0.5238,A,A-CE,AB,,0.6351615916464532,0.6360062222040415,0.885663214481866,0.4792097705031133
1.0,0.0,0.2679,A,A-CE,AB,,0.6351615916464532,0.30669628595899817,0.6920475784365309,0.42203598363094874
1.0,0.0,0.0,A,A-CE,AB,,0.6351615916464532,0.30669628595899817,0.38088369574850534,0.5153851484373564
1.0,0.0977,0.0,A,A-CE,AB,,0.6351615916464532,0.37309760243099976,0.38088369574850534,0.538625609202557
0.0,0.0,0.0,A,A-CE,AB,,0.03877604189617447,0.30669628595899817,0.38088369574850534,0.3066502060247588
1.0,0.0694,0.0,A,A-CSJ,AB,,0.6351615916464532,0.3532276037610505,0.38088369574850534,0.5316711096680746
0.99,0.0,0.0,A,A-CSJ,AB,,0.6263937204362712,0.30669628595899817,0.38088369574850534,0.5123163935137927
1.0,0.2024,0.0804,A,A-CSJ,AB,,0.6351615916464532,0.44990949161649924,0.47576863281058657,0.5370442892988574
1.0,0.1771,0.0,A,A-CSJ,AB,,0.6351615916464532,0.4309789648234846,0.38088369574850534,0.5588840860399267
0.5278,0.0,0.0,A,A-CSJ,AB,,0.22735136631538042,0.30669628595899817,0.38088369574850534,0.3726515695714809
1.0,0.0,0.0,A,A-CE,AB,,0.6351615916464532,0.30669628595899817,0.38088369574850534,0.5153851484373564
1.0,0.0614,0.0,A,A-CE,AB,,0.6351615916464532,0.347698016491669,0.38088369574850534,0.5297357541237911
1.0,0.2634,0.0798,A,A-CE,AB,,0.6351615916464532,0.4960465701503776,0.4750450191250964,0.5534093508913619
1.0,1.0,1.0,A,A-CE,AB,,0.6351615916464532,0.9021037826726974,0.9872575527369554,0.5418656151906162
1.0,0.3333,0.1333,A,A-CE,AB,,0.6351615916464532,0.5489508353339617,0.5396197392626202,0.5525534276643591
1.0,0.4608,0.1176,A,A-CSJ,AB,,0.6351615916464532,0.6418901960963134,0.5207106381546196,0.5907549342635824
1.0,0.0,0.0,A,A-CSJ,AB,,0.6351615916464532,0.30669628595899817,0.38088369574850534,0.5153851484373564
1.0,1.0,0.0,A,A-CE,AB,,0.6351615916464532,0.9021037826726974,0.38088369574850534,0.7237777722871511
1.0,0.3333,0.0,A,A-CE,AB,,0.6351615916464532,0.5489508353339617,0.38088369574850534,0.6001742407185936
0.65,0.0,0.0,A,A-CE,AB,,0.31793770877002864,0.30669628595899817,0.38088369574850534,0.40435678943060777
1.0,0.6667,0.0,A,A-CSJ,AB,,0.6351615916464532,0.7700828219335724,0.38088369574850534,0.6775704360284573
1.0,0.6389,0.0,A,A-CSJ,AB,,0.6351615916464532,0.7547976876574023,0.38088369574850534,0.6722206390317977
0.6786,0.0,0.0,A,A-CSJ,AB,,0.3417306411738744,0.30669628595899817,0.38088369574850534,0.4126843157719538
1.0,1.0,0.0,A,A-CSJ,AB,,0.6351615916464532,0.9021037826726974,0.38088369574850534,0.7237777722871511
1.0,0.2857,0.0,A,A-CSJ,AB,,0.6351615916464532,0.51297168398579,0.38088369574850534,0.5875815377467335
0.325,0.0,0.0,A,A-CSJ,AB,,0.12059208765646644,0.30669628595899817,0.38088369574850534,0.335285822040861
1.0,1.0,0.2683,A,A-CSJ,AB,,0.6351615916464532,0.9021037826726974,0.692459662368299,0.630304982301213
0.0,0.0,0.0,A,A-CSJ,AB,,0.03877604189617447,0.30669628595899817,0.38088369574850534,0.3066502060247588
0.8706,0.0877,0.3474,A,A-CSJ,AB,,0.5168076481034902,0.36602331929306847,0.7674833270146203,0.3787458404844094
1.0,0.3063,0.1422,A,A-CSJ,AB,,0.6351615916464532,0.528581028804388,0.5502919709477241,0.5422223258734772
1.0,0.0,0.0,A,A-CSJ,AB,,0.6351615916464532,0.30669628595899817,0.38088369574850534,0.5153851484373564
1.0,0.4091,0.0,A,A-CE,AB,,0.6351615916464532,0.6050600720259535,0.38088369574850534,0.6198124735607907
0.399,0.1939,0.0818,A,A-CE,AB,,0.153392423718004,0.44353043297510913,0.4774574552350629,0.3656857632720707
1.0,0.473,0.0608,A,A-CE,AB,,0.6351615916464532,0.6503600153414584,0.4522006764281384,0.6142723595173276
1.0,0.0833,0.75,A,A-CE,AB,,0.6351615916464532,0.36292864371033845,0.9585543923618004,0.3617652646663369
1.0,0.4032,0.0536,A,A-CE,AB,,0.6351615916464532,0.6007711156624369,0.443591001211555,0.599499147194645
1.0,0.8843,0.1875,A,A-CE,AB,,0.6351615916464532,0.8664011644589236,0.6037014130407933,0.6444365407246437
0.0,0.0,0.0,A,A-CE,AB,,0.03877604189617447,0.30669628595899817,0.38088369574850534,0.3066502060247588
0.8633,0.0,0.0701,A,A-CE,AB,,0.509941858392537,0.30669628595899817,0.4633632528602946,0.4468143746649489
1.0,0.6042,0.0,A,A-CE,AB,,0.6351615916464532,0.7347781419186293,0.38088369574850534,0.6652137980232273
0.6048,0.0169,0.163,A,A-CE,AB,,0.28222818223325935,0.3177146101269025,0.5750376413844659,0.3374686849107168
1.0,0.0,0.1061,A,A-CE,AB,,0.6351615916464532,0.30669628595899817,0.5068191720862422,0.47760450553603534
1.0,0.0,0.0,A,A-CE,AB,,0.6351615916464532,0.30669628595899817,0.38088369574850534,0.5153851484373564
1.0,0.2754,0.0,A,A-CSJ,AB,,0.6351615916464532,0.5051556006206339,0.38088369574850534,0.5848459085689288
1.0,0.0,0.0,A,A-CSJ,AB,,0.6351615916464532,0.30669628595899817,0.38088369574850534,0.5153851484373564
1.0,0.3922,0.1176,A,A-CSJ,AB,,0.6351615916464532,0.5927338015287564,0.5207106381546196,0.5735501961649375
0.7429,0.0,0.0,A,A-CSJ,AB,,0.39807011110993257,0.30669628595899817,0.38088369574850534,0.43240313024957416
1.0,0.2432,0.2426,A,A-CE,AB,,0.6351615916464532,0.4807220679486032,0.6653802552121758,0.49094520429461697
1.0,0.0766,0.9108,A,A-CE,AB,,0.6351615916464532,0.3582380982906746,0.9805189474684431,0.35353420723746176
1.0,0.9028,0.0937,A,A-CE,AB,,0.6351615916464532,0.872770543493896,0.49182936929454196,0.6802274365107597
1.0,0.1012,0.0714,A,A-CE,AB,,0.6351615916464532,0.37558666600845764,0.4649268018970509,0.5142838496101034
1.0,0.7917,0.0625,A,A-CE,AB,,0.6351615916464532,0.8303814250702691,0.45423789400077025,0.6766686876506217
1.0,0.7097,0.0798,A,A-CE,AB,,0.6351615916464532,0.7923822871364289,0.4750450191250964,0.6571268518364798
1.0,0.1181,0.0833,A,A-CE,AB,,0.6351615916464532,0.38769594426484855,0.4792674789269207,0.5142198938908794
1.0,0.0,0.0,A,A-CSJ,AB,,0.6351615916464532,0.30669628595899817,0.38088369574850534,0.5153851484373564
0.52,0.0,0.0,A,A-CSJ,AB,,0.2222342503722248,0.30669628595899817,0.38088369574850534,0.3708605789913764
1.0,0.0,0.0,A,A-CE,AB,,0.6351615916464532,0.30669628595899817,0.38088369574850534,0.5153851484373564
1.0,0.7083,0.3125,A,A-CE,AB,,0.6351615916464532,0.7916820740702784,0.7360203410224163,0.5785891806941311
1.0,0.3333,0.0,A,A-CSJ,AB,,0.6351615916464532,0.5489508353339617,0.38088369574850534,0.6001742407185936
1.0,0.3106,0.0,A,A-CSJ,AB,,0.6351615916464532,0.5318332675484754,0.38088369574850534,0.5941830919936734
0.65,0.0,0.0,A,A-CSJ,AB,,0.31793770877002864,0.30669628595899817,0.38088369574850534,0.40435678943060777
1.0,0.1948,0.0485,A,A-CE,AB,,0.6351615916464532,0.4442050194768683,0.43751260716046136,0.5465245317450241
1.0,0.0,0.0,A,A-CE,AB,,0.6351615916464532,0.30669628595899817,0.38088369574850534,0.5153851484373564
1.0,0.4293,0.0682,A,A-CE,AB,,0.6351615916464532,0.6196186714604666,0.4610793694647617,0.6008492812479934
1.0,0.5903,0.0937,A,A-CE,AB,,0.6351615916464532,0.7264719163214567,0.49182936929454196,0.6290229170004058
0.65,0.0,0.0,A,A-CE,AB,,0.31793770877002864,0.30669628595899817,0.38088369574850534,0.40435678943060777
1.0,0.0972,0.0,A,A-CE,AB,,0.6351615916464532,0.3727425666005125,0.38088369574850534,0.5385013466618864
0.5938,0.0,0.0,A,A-CE,AB,,0.2739150608427782,0.30669628595899817,0.38088369574850534,0.3889488626560701
1.0,0.14,0.0,A,A-CE,AB,,0.6351615916464532,0.40359459700068284,0.38088369574850534,0.549299557301946
0.325,0.0,0.0,A,A-CE,AB,,0.12059208765646644,0.30669628595899817,0.38088369574850534,0.335285822040861
1.0,0.244,0.0,A,A-CE,AB,,0.6351615916464532,0.4813284796561819,0.38088369574850534,0.5765064162313707
1.0,0.1852,0.25,A,A-CE,AB,,0.6351615916464532,0.4370205221471534,0.6733000156939998,0.47327373511956233
1.0,0.2056,0.0,A,A-CE,AB,,0.6351615916464532,0.4523154096809476,0.38088369574850534,0.5663518417400386
1.0,0.3333,1.0,A,A-CE,AB,,0.6351615916464532,0.5489508353339617,0.9872575527369554,0.4182620836220586
1.0,0.1149,0.2198,A,A-CE,AB,,0.6351615916464532,0.38539187860936686,0.6404016517154802,0.46507321907489296
0.8667,0.0,0.0,A,A-CE,AB,,0.5131402477832032,0.30669628595899817,0.38088369574850534,0.4726776780852189
1.0,0.9091,0.0,A,A-CE,AB,,0.6351615916464532,0.874879622077132,0.38088369574850534,0.7142493160787031
1.0,0.0,0.0,A,A-CE,AB,,0.6351615916464532,0.30669628595899817,0.38088369574850534,0.5153851484373564
1.0,0.1042,0.4219,A,A-CE,AB,,0.6351615916464532,0.3777253991305006,0.8255513840159954,0.4068450315671352
1.0,0.619,0.3839,A,A-CE,AB,,0.6351615916464532,0.7434429780768118,0.7974869599881224,0.5432655114067061
1.0,0.0,0.0,A,A-CE,AB,,0.6351615916464532,0.30669628595899817,0.38088369574850534,0.5153851484373564
1.0,0.4,0.26,A,A-CSJ,AB,,0.6351615916464532,0.5984383745390284,0.683846724681985,0.526605970760323
1.0,0.0,0.0,A,A-CSJ,AB,,0.6351615916464532,0.30669628595899817,0.38088369574850534,0.5153851484373564
1.0,0.0,0.0,A,A-CSJ,AB,,0.6351615916464532,0.30669628595899817,0.38088369574850534,0.5153851484373564
1.0,0.0,0.0,A,A-CSJ,AB,,0.6351615916464532,0.30669628595899817,0.38088369574850534,0.5153851484373564
1.0,0.1282,0.7788,A,A-CE,AB,,0.6351615916464532,0.39500073038403066,0.9637472974672981,0.3714326234704799
1.0,0.942,0.0,A,A-CE,AB,,0.6351615916464532,0.8854118606467366,0.38088369574850534,0.7179355995780647
1.0,0.0,0.3214,A,A-CE,AB,,0.6351615916464532,0.30669628595899817,0.744297135765546,0.40636111643224415
1.0,0.0,0.0,A,A-CSJ,AB,,0.6351615916464532,0.30669628595899817,0.38088369574850534,0.5153851484373564
1.0,0.0,0.0,A,A-CSJ,AB,,0.6351615916464532,0.30669628595899817,0.38088369574850534,0.5153851484373564
1.0,0.0,0.0,A,A-CSJ,AB,,0.6351615916464532,0.30669628595899817,0.38088369574850534,0.5153851484373564
1.0,0.7083,0.0,A,A-CSJ,AB,,0.6351615916464532,0.7916820740702784,0.38088369574850534,0.6851301742763044
0.65,0.0,0.0,A,A-CSJ,AB,,0.31793770877002864,0.30669628595899817,0.38088369574850534,0.40435678943060777
1.0,0.4,0.0,A,A-CSJ,AB,,0.6351615916464532,0.5984383745390284,0.38088369574850534,0.617494879440367
1.0,0.0,0.0,A,A-CSJ,AB,,0.6351615916464532,0.30669628595899817,0.38088369574850534,0.5153851484373564
1.0,0.2798,0.0804,A,A-CSJ,AB,,0.6351615916464532,0.5084950408547746,0.47576863281058657,0.5575492315322538
0.325,0.0,0.0,A,A-CSJ,AB,,0.12059208765646644,0.30669628595899817,0.38088369574850534,0.335285822040861
1.0,0.0324,0.0,A,A-CE,AB,,0.6351615916464532,0.32800328924820116,0.38088369574850534,0.5228425995885775
0.6825,0.0,0.0,A,A-CE,AB,,0.3450411907561416,0.30669628595899817,0.38088369574850534,0.4138430081257473
1.0,0.2688,0.2903,A,A-CE,AB,,0.6351615916464532,0.5001456707705342,0.7146407666681297,0.4829653118455067
0.8125,0.0,0.0,A,A-CE,AB,,0.4622020805968466,0.30669628595899817,0.38088369574850534,0.454849319569994
1.0,0.0821,0.0917,A,A-CE,AB,,0.6351615916464532,0.36208659585014985,0.4894123291523007,0.5022131668781209
1.0,0.0,0.625,A,A-CE,AB,,0.6351615916464532,0.30669628595899817,0.9266661112464721,0.35165042378796635
1.0,0.2754,0.0978,A,A-CSJ,AB,,0.6351615916464532,0.5051556006206339,0.49678537227123465,0.5500754056121101
1.0,0.0897,0.0,A,A-CSJ,AB,,0.6351615916464532,0.3674336719926154,0.38088369574850534,0.5366432335491225
1.0,0.0,0.0,A,A-CSJ,AB,,0.6351615916464532,0.30669628595899817,0.38088369574850534,0.5153851484373564
1.0,0.3194,0.0,A,A-CSJ,AB,,0.6351615916464532,0.5384802906687478,0.38088369574850534,0.5965095500857688
1.0,0.0,0.0,A,A-CSJ,AB,,0.6351615916464532,0.30669628595899817,0.38088369574850534,0.5153851484373564
1.0,0.2153,0.1031,A,A-CSJ,AB,,0.6351615916464532,0.4596215183049125,0.5031927080608792,0.5322162760647142
1.0,0.1111,0.2024,A,A-CSJ,AB,,0.6351615916464532,0.38266246566609474,0.6208046807722466,0.4699970158277178
0.4313,0.0,0.0,A,A-CSJ,AB,,0.16985802808270814,0.30669628595899817,0.38088369574850534,0.3525289011900456
0.52,0.0,0.0,A,A-CE,AB,,0.2222342503722248,0.30669628595899817,0.38088369574850534,0.3708605789913764
0.8805,0.2093,0.0523,A,A-CSJ,AB,,0.5261081695817433,0.45510002574781994,0.4420399277609355,0.5108108900370665
1.0,0.3889,0.0,A,A-CSJ,AB,,0.6351615916464532,0.5903126852722825,0.38088369574850534,0.6146508881970059
1.0,0.5556,0.0,A,A-CSJ,AB,,0.6351615916464532,0.7050434430514714,0.38088369574850534,0.654806653419722
0.325,0.0,0.0,A,A-CSJ,AB,,0.12059208765646644,0.30669628595899817,0.38088369574850534,0.335285822040861
1.0,0.4321,0.0,A,A-CE,AB,,0.6351615916464532,0.6216204738002554,0.38088369574850534,0.6256086141817965
0.7222,0.0,0.0,A,A-CE,AB,,0.37955326823804886,0.30669628595899817,0.38088369574850534,0.42592223524441486
1.0,0.0833,0.1125,A,A-CE,AB,,0.6351615916464532,0.36292864371033845,0.5145527495703888,0.4949657575037604
1.0,0.0,0.1731,A,A-CE,AB,,0.6351615916464532,0.30669628595899817,0.5869270676203161,0.45357213687581316
1.0,0.3475,0.0,A,A-CE,AB,,0.6351615916464532,0.5596027189976098,0.38088369574850534,0.6039024000008705
0.0,0.0,0.0,A,A-CE,AB,,0.03877604189617447,0.30669628595899817,0.38088369574850534,0.3066502060247588
1.0,0.0595,0.1384,A,A-CE,AB,,0.6351615916464532,0.34639068591602273,0.54574036896582,0.4798211864571206
0.8698,0.3865,0.0,A,A-CE,AB,,0.5160554954884212,0.5885491123767492,0.38088369574850534,0.572346504028258
1.0,0.0694,0.0417,A,A-CE,AB,,0.6351615916464532,0.3532276037610505,0.42943748121235537,0.5171049740289196
1.0,0.3246,0.3158,A,A-CE,AB,,0.6351615916464532,0.542401808024239,0.7391092130620786,0.49041442596611867
1.0,0.4,0.42,A,A-CE,AB,,0.6351615916464532,0.5984383745390284,0.824224201295484,0.48449272777627334
1.0,0.0,0.0,A,A-CE,AB,,0.6351615916464532,0.30669628595899817,0.38088369574850534,0.5153851484373564
0.8667,0.0,0.0,A,A-CE,AB,,0.5131402477832032,0.30669628595899817,0.38088369574850534,0.4726776780852189
0.97,0.0694,0.0781,A,A-CE,AB,,0.6086116310056655,0.3532276037610505,0.47299535939449494,0.4947451243500021
1.0,0.0,0.495,A,A-CE,AB,,0.6351615916464532,0.30669628595899817,0.8707850222379545,0.36841475049052164
1.0,0.0,0.0,A,A-CSJ,AB,,0.6351615916464532,0.30669628595899817,0.38088369574850534,0.5153851484373564
1.0,0.053,0.1023,A,A-CSJ,AB,,0.6351615916464532,0.341935840934559,0.5022255784954377,0.49131642785472296
1.0,0.0,0.0,A,A-CSJ,AB,,0.6351615916464532,0.30669628595899817,0.38088369574850534,0.5153851484373564
1.0,0.3173,0.1473,A,A-CSJ,AB,,0.6351615916464532,0.5368952222862615,0.5563873571164099,0.5433036777415272
0.9286,0.0,0.0,A,A-CSJ,AB,,0.5709225343319775,0.30669628595899817,0.38088369574850534,0.49290147837728987
1.0,0.3796,0.125,A,A-CSJ,AB,,0.6351615916464532,0.5834663022027975,0.529633937337422,0.5676295816460111
0.26,0.0,0.0,A,A-CSJ,AB,,0.09695292660607363,0.30669628595899817,0.38088369574850534,0.3270121156732235
1.0,0.6167,0.0,A,A-CE,AB,,0.6351615916464532,0.742108657529038,0.38088369574850534,0.6677794784868702
1.0,0.2813,0.0703,A,A-CE,AB,,0.6351615916464532,0.5096333281035765,0.46360375275910426,0.5615970960847791
0.4086,0.0,0.0,A,A-CE,AB,,0.15814500583804625,0.30669628595899817,0.38088369574850534,0.3484293434044139
1.0,0.8704,0.2222,A,A-CE,AB,,0.6351615916464532,0.8614397766747265,0.6430699658387765,0.63088948916078
1.0,0.4,0.1417,A,A-CE,AB,,0.6351615916464532,0.5984383745390284,0.5496935400974859,0.5668519261356728
1.0,0.0,0.1818,A,A-CE,AB,,0.6351615916464532,0.30669628595899817,0.597088349073253,0.4505237524399321
0.78,0.0,0.0,A,A-CE,AB,,0.4319652030122755,0.30669628595899817,0.38088369574850534,0.44426641241539416
0.4333,0.0,0.0,A,A-CE,AB,,0.17092239818971483,0.30669628595899817,0.38088369574850534,0.3529014307274979
1.0,0.0,0.0,A,A-CE,AB,,0.6351615916464532,0.30669628595899817,0.38088369574850534,0.5153851484373564
0.65,0.0,0.0,A,A-CE,AB,,0.31793770877002864,0.30669628595899817,0.38088369574850534,0.40435678943060777
1.0,0.2104,0.2708,A,A-CE,AB,,0.6351615916464532,0.455928434358808,0.6950282212891674,0.4733730427150912
1.0,0.0,0.0,A,A-CE,AB,,0.6351615916464532,0.30669628595899817,0.38088369574850534,0.5153851484373564
1.0,0.1373,0.1176,A,A-CE,AB,,0.6351615916464532,0.4016227706317799,0.5207106381546196,0.5066613353509957
1.0,0.3426,0.2417,A,A-CE,AB,,0.6351615916464532,0.555932758838521,0.6644105414684216,0.5175598602292145
1.0,0.3486,0.0,A,A-CE,AB,,0.6351615916464532,0.5604257075926663,0.38088369574850534,0.6041904460091402
0.5904,0.0,0.067,A,A-CE,AB,,0.2713766222537302,0.30669628595899817,0.4596377521127175,0.36443419224063966
1.0,0.0,0.0,A,A-CE,AB,,0.6351615916464532,0.30669628595899817,0.38088369574850534,0.5153851484373564
1.0,0.0365,0.0,A,A-CE,AB,,0.6351615916464532,0.3307531965376353,0.38088369574850534,0.5238050671398794
0.78,0.0,0.0,A,A-CE,AB,,0.4319652030122755,0.30669628595899817,0.38088369574850534,0.44426641241539416
1.0,0.1852,0.0,A,A-CSJ,AB,,0.6351615916464532,0.4370205221471534,0.38088369574850534,0.5609986311032107
1.0,0.0778,0.0,A,A-CSJ,AB,,0.6351615916464532,0.35907623410009015,0.38088369574850534,0.5337181302867385
0.65,0.0,0.0,A,A-CSJ,AB,,0.31793770877002864,0.30669628595899817,0.38088369574850534,0.40435678943060777
1.0,0.8175,0.3214,A,A-CSJ,AB,,0.6351615916464532,0.8411317208887797,0.744297135765546,0.5934135186576677
0.325,0.0,0.0,A,A-CSJ,AB,,0.12059208765646644,0.30669628595899817,0.38088369574850534,0.335285822040861
1.0,0.2421,0.0849,A,A-CE,AB,,0.6351615916464532,0.4798883449456617,0.4811987698511891,0.5459078468518834
1.0,0.0,0.0,A,A-CE,AB,,0.6351615916464532,0.30669628595899817,0.38088369574850534,0.5153851484373564
1.0,0.0198,0.0381,A,A-CE,AB,,0.6351615916464532,0.31962648580977177,0.4251772897637694,0.5066226401805479
1.0,0.3016,0.0,A,A-CSJ,AB,,0.6351615916464532,0.5250234884865068,0.38088369574850534,0.5917996693219845
1.0,0.0,0.0,A,A-CE,AB,,0.6351615916464532,0.30669628595899817,0.38088369574850534,0.5153851484373564
1.0,0.7391,0.0,A,A-CE,AB,,0.6351615916464532,0.8066856726595129,0.38088369574850534,0.6903814337825365
1.0,0.0,0.0,A,A-CE,AB,,0.6351615916464532,0.30669628595899817,0.38088369574850534,0.5153851484373564
1.0,0.1111,0.0,A,A-CE,AB,,0.6351615916464532,0.38266246566609474,0.38088369574850534,0.5419733113348402
0.0,0.0,0.0,A,A-CE,AB,,0.03877604189617447,0.30669628595899817,0.38088369574850534,0.3066502060247588
0.7281,0.0201,0.0,A,A-CE,AB,,0.38479796236010766,0.3198246140067082,0.38088369574850534,0.4323527930038339
1.0,0.244,0.0,A,A-CE,AB,,0.6351615916464532,0.4813284796561819,0.38088369574850534,0.5765064162313707
1.0,0.2083,0.2812,A,A-CE,AB,,0.6351615916464532,0.4543471424754368,0.7055826167855744,0.46965327190698913
1.0,0.1453,0.0,A,A-CE,AB,,0.6351615916464532,0.40747423539855326,0.38088369574850534,0.5506574307412007
1.0,0.0,0.0,A,A-CE,AB,,0.6351615916464532,0.30669628595899817,0.38088369574850534,0.5153851484373564
1.0,1.0,0.3646,A,A-CE,AB,,0.6351615916464532,0.9021037826726974,0.7819950142019755,0.6034443767511101
1.0,0.0,0.425,A,A-CE,AB,,0.6351615916464532,0.30669628595899817,0.8276998003467856,0.3813403170578723
1.0,0.0,0.0,A,A-CE,AB,,0.6351615916464532,0.30669628595899817,0.38088369574850534,0.5153851484373564
0.2833,0.0,0.0,A,A-CE,AB,,0.10490932871090229,0.30669628595899817,0.38088369574850534,0.3297968564099135
0.5984,0.0521,0.1289,A,A-CE,AB,,0.27737285699120345,0.34132118640468456,0.5343295084749146,0.35624406264608643
1.0,0.1954,0.1379,A,A-CE,AB,,0.6351615916464532,0.4446548582653322,0.5451408877212551,0.5143934911527484
0.8667,0.0,0.0,A,A-CE,AB,,0.5131402477832032,0.30669628595899817,0.38088369574850534,0.4726776780852189
1.0,0.36,0.81,A,A-CE,AB,,0.6351615916464532,0.5689345015784428,0.968665264890639,0.4308340531615219
1.0,0.4074,0.0,A,A-CE,AB,,0.6351615916464532,0.6038258973767929,0.38088369574850534,0.6193805124335845
0.8667,0.0,0.0,A,A-CE,AB,,0.5131402477832032,0.30669628595899817,0.38088369574850534,0.4726776780852189
0.65,0.0,0.0,A,A-CE,AB,,0.31793770877002864,0.30669628595899817,0.38088369574850534,0.40435678943060777
1.0,0.1296,0.0,A,A-CSJ,AB,,0.6351615916464532,0.3960170669759619,0.38088369574850534,0.5466474217932937
1.0,0.0,0.0,A,A-CE,AB,,0.6351615916464532,0.30669628595899817,0.38088369574850534,0.5153851484373564
1.0,0.0,0.0,A,A-CE,AB,,0.6351615916464532,0.30669628595899817,0.38088369574850534,0.5153851484373564
1.0,0.1667,0.0,A,A-CE,AB,,0.6351615916464532,0.42325216426292844,0.38088369574850534,0.556179705843732
0.9533,0.2778,0.0,A,A-CE,AB,,0.5935371696433365,0.5069771895359981,0.38088369574850534,0.5709149169882155
1.0,0.1852,0.1111,A,A-CE,AB,,0.6351615916464532,0.4370205221471534,0.5128614962359662,0.5214052909569724
1.0,0.0,0.0,A,A-CE,AB,,0.6351615916464532,0.30669628595899817,0.38088369574850534,0.5153851484373564
0.4875,0.0,0.225,A,A-CSJ,AB,,0.2018051125176197,0.30669628595899817,0.6461718085978829,0.28412394688745135
0.941,0.191,0.0469,A,A-CE,AB,,0.5823188840244453,0.44135819362981704,0.4356094317875977,0.5276041476427125
1.0,0.7564,0.0,A,A-CE,AB,,0.6351615916464532,0.8147457445516302,0.38088369574850534,0.6932024589447776
1.0,0.1111,0.2667,A,A-CE,AB,,0.6351615916464532,0.38266246566609474,0.6908094907087827,0.44899557284675695
1.0,0.4667,0.0,A,A-CSJ,AB,,0.6351615916464532,0.6459977035742378,0.38088369574850534,0.6341406446026903
1.0,0.0,0.0,A,A-CSJ,AB,,0.6351615916464532,0.30669628595899817,0.38088369574850534,0.5153851484373564
1.0,0.0,0.0,A,A-CE,AB,,0.6351615916464532,0.30669628595899817,0.38088369574850534,0.5153851484373564
1.0,0.0,0.0,A,A-CE,AB,,0.6351615916464532,0.30669628595899817,0.38088369574850534,0.5153851484373564
1.0,0.0,0.0,A,A-CE,AB,,0.6351615916464532,0.30669628595899817,0.38088369574850534,0.5153851484373564
1.0,0.0,0.0,A,A-CE,AB,,0.6351615916464532,0.30669628595899817,0.38088369574850534,0.5153851484373564
1.0,0.0,0.0,A,A-CE,AB,,0.6351615916464532,0.30669628595899817,0.38088369574850534,0.5153851484373564
1.0,0.0,0.0,A,A-CE,AB,,0.6351615916464532,0.30669628595899817,0.38088369574850534,0.5153851484373564
1.0,0.1458,0.0,A,A-CE,AB,,0.6351615916464532,0.40784084333732784,0.38088369574850534,0.5507857435197717
0.65,0.0,0.0,A,A-CE,AB,,0.31793770877002864,0.30669628595899817,0.38088369574850534,0.40435678943060777
1.0,0.0,0.0,A,A-CE,AB,,0.6351615916464532,0.30669628595899817,0.38088369574850534,0.5153851484373564
0.0,0.0,0.0,A,A-CE,AB,,0.03877604189617447,0.30669628595899817,0.38088369574850534,0.3066502060247588
1.0,0.1556,0.0,A,A-CE,AB,,0.6351615916464532,0.4150465949223805,0.38088369574850534,0.5533077565745401
1.0,0.8529,0.0,A,A-CE,AB,,0.6351615916464532,0.8549745594244741,0.38088369574850534,0.7072825441502729
1.0,0.4048,0.0,A,A-CE,AB,,0.6351615916464532,0.601935780865831,0.38088369574850534,0.6187189716547479
1.0,0.8333,0.0,A,A-CE,AB,,0.6351615916464532,0.8474382405011018,0.38088369574850534,0.7046448325270926
1.0,0.0,0.0,A,A-CE,AB,,0.6351615916464532,0.30669628595899817,0.38088369574850534,0.5153851484373564
1.0,0.0,0.0,A,A-CE,AB,,0.6351615916464532,0.30669628595899817,0.38088369574850534,0.5153851484373564
1.0,0.8333,0.3333,A,A-CE,AB,,0.6351615916464532,0.8474382405011018,0.7550944405902454,0.5923816090745706
1.0,0.0,0.0,A,A-CE,AB,,0.6351615916464532,0.30669628595899817,0.38088369574850534,0.5153851484373564
1.0,0.9608,0.0,A,A-CE,AB,,0.6351615916464532,0.8910773784551513,0.38088369574850534,0.71991853081101
1.0,0.5556,0.0,A,A-CE,AB,,0.6351615916464532,0.7050434430514714,0.38088369574850534,0.654806653419722
1.0,0.0,0.0,A,A-CE,AB,,0.6351615916464532,0.30669628595899817,0.38088369574850534,0.5153851484373564
1.0,1.0,0.0,A,A-CE,AB,,0.6351615916464532,0.9021037826726974,0.38088369574850534,0.7237777722871511
1.0,1.0,0.0,A,A-CE,AB,,0.6351615916464532,0.9021037826726974,0.38088369574850534,0.7237777722871511
1.0,0.0,0.0,A,A-CE,AB,,0.6351615916464532,0.30669628595899817,0.38088369574850534,0.5153851484373564
1.0,0.7121,0.1818,A,A-CE,AB,,0.6351615916464532,0.7935786079283726,0.597088349073253,0.6209325651292131
0.0,0.0,0.0,A,A-CE,AB,,0.03877604189617447,0.30669628595899817,0.38088369574850534,0.3066502060247588
1.0,0.3161,0.0,A,A-CE,AB,,0.6351615916464532,0.5359891319574499,0.38088369574850534,0.5956376445368144
1.0,0.0,0.0,A,A-CE,AB,,0.6351615916464532,0.30669628595899817,0.38088369574850534,0.5153851484373564
1.0,0.0,0.0,A,A-CE,AB,,0.6351615916464532,0.30669628595899817,0.38088369574850534,0.5153851484373564
0.0,0.1667,0.0,A,A-CE,AB,,0.03877604189617447,0.42325216426292844,0.38088369574850534,0.3474447634311344
1.0,0.0758,0.0,A,A-CE,AB,,0.6351615916464532,0.3576798216097171,0.38088369574850534,0.533229385915108
0.605,0.0,0.0,A,A-CE,AB,,0.2823807396468745,0.30669628595899817,0.38088369574850534,0.3919118502375038
1.0,0.0,0.0,A,A-CE,AB,,0.6351615916464532,0.30669628595899817,0.38088369574850534,0.5153851484373564
1.0,0.1667,0.0,A,A-CE,AB,,0.6351615916464532,0.42325216426292844,0.38088369574850534,0.556179705843732
0.7579,0.0535,0.0,A,A-CE,AB,,0.4116761947490152,0.3422775453229909,0.38088369574850534,0.4496187003006505
1.0,0.1216,0.0,A,A-CSJ,AB,,0.6351615916464532,0.39022177667390734,0.38088369574850534,0.5446190701875746
1.0,0.6218,0.0,A,A-CSJ,AB,,0.6351615916464532,0.7450612540134705,0.38088369574850534,0.6688128872564216
0.78,0.3333,0.0,A,A-CSJ,AB,,0.4319652030122755,0.5489508353339617,0.38088369574850534,0.5290555046966314
1.0,0.8019,0.9722,A,A-CE,AB,,0.6351615916464532,0.8346991907872078,0.9854507144830524,0.5188160595068656
1.0,0.0707,0.6667,A,A-CE,AB,,0.6351615916464532,0.3541299311227665,0.9392447721291469,0.3644786013304828
0.65,0.0,0.0,A,A-CE,AB,,0.31793770877002864,0.30669628595899817,0.38088369574850534,0.40435678943060777
1.0,0.0,0.0,A,A-CE,AB,,0.6351615916464532,0.30669628595899817,0.38088369574850534,0.5153851484373564
0.8625,0.0,0.0,A,A-CE,AB,,0.509189168167084,0.30669628595899817,0.38088369574850534,0.47129480021957715
1.0,0.0467,0.179,A,A-CE,AB,,0.6351615916464532,0.33764450456277345,0.5938266892942189,0.46233412688496367
1.0,1.0,0.0,A,A-CE,AB,,0.6351615916464532,0.9021037826726974,0.38088369574850534,0.7237777722871511
1.0,0.6012,0.4375,A,A-CE,AB,,0.6351615916464532,0.7329991370714457,0.8361504068991265,0.5280111329815267
0.0,0.0,0.0,A,A-CE,AB,,0.03877604189617447,0.30669628595899817,0.38088369574850534,0.3066502060247588
1.0,0.0,0.0,A,A-CE,AB,,0.6351615916464532,0.30669628595899817,0.38088369574850534,0.5153851484373564
1.0,0.3529,0.0392,A,A-CE,AB,,0.6351615916464532,0.5636396172188668,0.4264778667823717,0.5916370630681506
1.0,0.2381,0.4464,A,A-CE,AB,,0.6351615916464532,0.4768576033493456,0.8419618387474239,0.4366181666243024
1.0,0.0,0.3472,A,A-CE,AB,,0.6351615916464532,0.30669628595899817,0.7673106903934976,0.3994570500438587
1.0,0.4476,0.1714,A,A-CSJ,AB,,0.6351615916464532,0.6326254637454691,0.5849325615439388,0.5682457009239912
0.8667,0.0,0.0,A,A-CSJ,AB,,0.5131402477832032,0.30669628595899817,0.38088369574850534,0.4726776780852189
1.0,0.1768,0.0606,A,A-CE,AB,,0.6351615916464532,0.4307555860741091,0.45196110769612485,0.5374826798933593
1.0,0.25,0.0,A,A-CE,AB,,0.6351615916464532,0.48587819781053976,0.38088369574850534,0.5780988175853959
1.0,0.0,0.0,A,A-CSJ,AB,,0.6351615916464532,0.30669628595899817,0.38088369574850534,0.5153851484373564
1.0,0.125,0.15,A,A-CE,AB,,0.6351615916464532,0.3926810935420696,0.5596075856521181,0.4918626641203475
1.0,0.3472,0.5208,A,A-CE,AB,,0.6351615916464532,0.5593782104967722,0.8841859018428238,0.45283316019728176
0.0,0.0,0.0,A,A-CE,AB,,0.03877604189617447,0.30669628595899817,0.38088369574850534,0.3066502060247588
1.0,0.5296,0.0,A,A-CSJ,AB,,0.6351615916464532,0.688364468762717,0.38088369574850534,0.648969012418658
1.0,0.5648,0.0,A,A-CSJ,AB,,0.6351615916464532,0.7108193037628235,0.38088369574850534,0.6568282046686953
0.975,0.0,0.0,A,A-CSJ,AB,,0.6130863286334298,0.30669628595899817,0.38088369574850534,0.5076588063827983
0.7429,0.1458,0.0,A,A-CE,AB,,0.39807011110993257,0.40784084333732784,0.38088369574850534,0.46780372533198955
1.0,0.1389,0.1719,A,A-CSJ,AB,,0.6351615916464532,0.4027908804466444,0.5855194730568912,0.48762752331551684
0.2167,0.0,0.0,A,A-CSJ,AB,,0.08358798726390115,0.30669628595899817,0.38088369574850534,0.32233438690346317
1.0,0.1094,0.0625,A,A-CE,AB,,0.6351615916464532,0.38144379297673864,0.45423789400077025,0.519540516417886
1.0,0.45,0.1875,A,A-CE,AB,,0.6351615916464532,0.6343174975617233,0.6037014130407933,0.5632072573106237
1.0,0.0,0.0,A,A-CE,AB,,0.6351615916464532,0.30669628595899817,0.38088369574850534,0.5153851484373564
0.8065,0.1047,0.0436,A,A-CE,AB,,0.4565921368559918,0.3780823203385385,0.4316901790186421,0.46262900631249293
1.0,0.6667,0.129,A,A-CSJ,AB,,0.6351615916464532,0.7700828219335724,0.5344498313523388,0.6315005953473073
0.78,0.0,0.0,A,A-CSJ,AB,,0.4319652030122755,0.30669628595899817,0.38088369574850534,0.44426641241539416
1.0,0.5417,0.0,A,A-CSJ,AB,,0.6351615916464532,0.696191022199642,0.38088369574850534,0.6517083061215817
0.975,0.0,0.0,A,A-CSJ,AB,,0.6130863286334298,0.30669628595899817,0.38088369574850534,0.5076588063827983
1.0,1.0,0.0,A,A-CSJ,AB,,0.6351615916464532,0.9021037826726974,0.38088369574850534,0.7237777722871511
1.0,0.2464,0.0,A,A-CSJ,AB,,0.6351615916464532,0.48314803771661663,0.38088369574850534,0.5771432615525228
0.4333,0.0,0.0,A,A-CSJ,AB,,0.17092239818971483,0.30669628595899817,0.38088369574850534,0.3529014307274979
1.0,0.0,0.0,A,A-CE,AB,,0.6351615916464532,0.30669628595899817,0.38088369574850534,0.5153851484373564
1.0,0.0,0.3516,A,A-CE,AB,,0.6351615916464532,0.30669628595899817,0.771088051260472,0.3983238417837664
1.0,0.6667,0.2404,A,A-CE,AB,,0.6351615916464532,0.7700828219335724,0.6630073937264545,0.5929333266350726
1.0,0.0,0.0,A,A-CE,AB,,0.6351615916464532,0.30669628595899817,0.38088369574850534,0.5153851484373564
0.0,0.0,0.0,A,A-CE,AB,,0.03877604189617447,0.30669628595899817,0.38088369574850534,0.3066502060247588
1.0,0.0,0.0,A,A-CE,AB,,0.6351615916464532,0.30669628595899817,0.38088369574850534,0.5153851484373564
1.0,1.0,0.0,A,A-CSJ,AB,,0.6351615916464532,0.9021037826726974,0.38088369574850534,0.7237777722871511
0.7222,0.0,0.0,A,A-CSJ,AB,,0.37955326823804886,0.30669628595899817,0.38088369574850534,0.42592223524441486
1.0,0.6979,0.1406,A,A-CE,AB,,0.6351615916464532,0.7864260574280811,0.5483764883556298,0.6330427306693981
1.0,0.7382,0.0,A,A-CE,AB,,0.6351615916464532,0.8062591537372699,0.38088369574850534,0.6902321521597514
1.0,0.0,0.1076,A,A-CE,AB,,0.6351615916464532,0.30669628595899817,0.5086321588933811,0.4770606094938936
1.0,0.4375,0.2172,A,A-CE,AB,,0.6351615916464532,0.6254693623010239,0.6375011533421555,0.5499704878789703
1.0,0.0,0.0,A,A-CE,AB,,0.6351615916464532,0.30669628595899817,0.38088369574850534,0.5153851484373564
0.7429,0.0,0.3536,A,A-CE,AB,,0.39807011110993257,0.30669628595899817,0.7727907171668419,0.3148310238240732
1.0,0.4048,0.1429,A,A-CE,AB,,0.6351615916464532,0.601935780865831,0.5511295292821706,0.5676452215946483
1.0,0.35,0.1364,A,A-CE,AB,,0.6351615916464532,0.5614726666864899,0.5433416655740391,0.5558194907443184
0.2167,0.0,0.0,A,A-CE,AB,,0.08358798726390115,0.30669628595899817,0.38088369574850534,0.32233438690346317
0.0,0.0,0.0,A,A-CE,AB,,0.03877604189617447,0.30669628595899817,0.38088369574850534,0.3066502060247588
1.0,0.9091,0.0,A,A-CE,AB,,0.6351615916464532,0.874879622077132,0.38088369574850534,0.7142493160787031
1.0,0.0,0.3214,A,A-CE,AB,,0.6351615916464532,0.30669628595899817,0.744297135765546,0.40636111643224415
0.7562,0.0,0.2812,A,A-CSJ,AB,,0.410126951813633,0.30669628595899817,0.7055826167855744,0.3392133481847486
1.0,0.4762,0.0893,A,A-CE,AB,,0.6351615916464532,0.6525662464133577,0.4865125442505167,0.6047509800457788
0.8667,0.0,0.0,A,A-CE,AB,,0.5131402477832032,0.30669628595899817,0.38088369574850534,0.4726776780852189
1.0,0.8696,0.0,A,A-CE,AB,,0.6351615916464532,0.8611495760902134,0.38088369574850534,0.7094437999832817
1.0,0.0,0.0,A,A-CE,AB,,0.6351615916464532,0.30669628595899817,0.38088369574850534,0.5153851484373564
1.0,0.1235,0.0741,A,A-CE,AB,,0.6351615916464532,0.39159542160882527,0.46817634160055926,0.5189120521591797
1.0,0.0,0.0,A,A-CE,AB,,0.6351615916464532,0.30669628595899817,0.38088369574850534,0.5153851484373564
1.0,0.0,0.725,A,A-CE,AB,,0.6351615916464532,0.30669628595899817,0.9534761628699066,0.343607408300936
1.0,0.1296,0.0,A,A-CSJ,AB,,0.6351615916464532,0.3960170669759619,0.38088369574850534,0.5466474217932937
0.9286,0.0,0.0,A,A-CSJ,AB,,0.5709225343319775,0.30669628595899817,0.38088369574850534,0.49290147837728987
1.0,0.0556,0.0,A,A-CE,AB,,0.6351615916464532,0.34371448797917586,0.38088369574850534,0.5283415191444185
0.715,0.0,0.0,A,A-CE,AB,,0.3731909858365075,0.30669628595899817,0.38088369574850534,0.42369543640387536
1.0,0.0,0.0,A,A-CE,AB,,0.6351615916464532,0.30669628595899817,0.38088369574850534,0.5153851484373564
1.0,0.0417,0.0,A,A-CE,AB,,0.6351615916464532,0.33425756946758545,0.38088369574850534,0.5250315976653619
0.8175,0.1473,0.0,A,A-CE,AB,,0.4668844173340929,0.4089412812587099,0.38088369574850534,0.49227388578292935
0.0,0.0,0.0,A,A-CE,AB,,0.03877604189617447,0.30669628595899817,0.38088369574850534,0.3066502060247588
1.0,0.0,0.0,A,A-CSJ,AB,,0.6351615916464532,0.30669628595899817,0.38088369574850534,0.5153851484373564
1.0,0.1098,0.2073,A,A-CSJ,AB,,0.6351615916464532,0.38173040588128,0.6263665390883906,0.46800223740818947
0.78,0.0,0.0,A,A-CSJ,AB,,0.4319652030122755,0.30669628595899817,0.38088369574850534,0.44426641241539416
1.0,0.4167,1.0,A,A-CE,AB,,0.6351615916464532,0.6105609978489742,0.9872575527369554,0.43982564050231293
1.0,0.1574,0.0,A,A-CE,AB,,0.6351615916464532,0.4163741568539508,0.38088369574850534,0.5537724032505897
1.0,0.8095,0.0,A,A-CSJ,AB,,0.6351615916464532,0.8378587133257633,0.38088369574850534,0.7012919980157242
1.0,0.3472,0.0,A,A-CSJ,AB,,0.6351615916464532,0.5593782104967722,0.38088369574850534,0.6038238220255773
0.9187,0.0,0.0,A,A-CSJ,AB,,0.561768921023154,0.30669628595899817,0.38088369574850534,0.4896977137192016
0.78,0.1667,0.3214,A,A-CSJ,AB,,0.4319652030122755,0.42325216426292844,0.744297135765546,0.3760369378166575
1.0,0.0,0.0,A,A-CE,AB,,0.6351615916464532,0.30669628595899817,0.38088369574850534,0.5153851484373564
0.0,0.0,0.0,A,A-CE,AB,,0.03877604189617447,0.30669628595899817,0.38088369574850534,0.3066502060247588
0.8526,0.0347,0.0,A,A-CE,AB,,0.49987224932969754,0.32954448193121577,0.38088369574850534,0.4760307472167681
1.0,0.2698,0.0,A,A-CSJ,AB,,0.6351615916464532,0.5009047777527912,0.38088369574850534,0.5833581205651839
1.0,0.7,0.0,A,A-CSJ,AB,,0.6351615916464532,0.7874951001341053,0.38088369574850534,0.6836647333986439
1.0,0.0,0.0,A,A-CSJ,AB,,0.6351615916464532,0.30669628595899817,0.38088369574850534,0.5153851484373564
0.2167,0.0,0.0,A,A-CSJ,AB,,0.08358798726390115,0.30669628595899817,0.38088369574850534,0.32233438690346317
1.0,0.1914,0.2407,A,A-CE,AB,,0.6351615916464532,0.44165768136281935,0.6633314532448688,0.47788730957978476
0.78,0.0,0.0,A,A-CE,AB,,0.4319652030122755,0.30669628595899817,0.38088369574850534,0.44426641241539416
1.0,0.0432,0.0,A,A-CSJ,AB,,0.6351615916464532,0.33527187666664804,0.38088369574850534,0.5253866051850338
0.8667,0.0,0.0,A,A-CSJ,AB,,0.5131402477832032,0.30669628595899817,0.38088369574850534,0.4726776780852189
1.0,0.119,0.0,A,A-CSJ,AB,,0.6351615916464532,0.3883448737087773,0.38088369574850534,0.5439621541497791
1.0,0.3889,0.0,A,A-CSJ,AB,,0.6351615916464532,0.5903126852722825,0.38088369574850534,0.6146508881970059
0.855,0.4,0.0,A,A-CSJ,AB,,0.5021311342729352,0.5984383745390284,0.38088369574850534,0.5709342193596356
1.0,0.0486,0.0,A,A-CSJ,AB,,0.6351615916464532,0.3389359431056754,0.38088369574850534,0.5266690284386935
0.5571,0.0,0.0,A,A-CSJ,AB,,0.24730863208450637,0.30669628595899817,0.38088369574850534,0.379636612590675
0.9386,0.0,0.0,A,A-CE,AB,,0.5801195940738616,0.30669628595899817,0.38088369574850534,0.4961204492869493
0.0,0.0,0.0,A,A-CE,AB,,0.03877604189617447,0.30669628595899817,0.38088369574850534,0.3066502060247588
1.0,0.3105,0.0,A,A-CSJ,AB,,0.6351615916464532,0.531757663720628,0.38088369574850534,0.5941566306539268
0.8667,0.0,0.0,A,A-CSJ,AB,,0.5131402477832032,0.30669628595899817,0.38088369574850534,0.4726776780852189
0.1955,0.0,0.0,A,A-CE,AB,,0.07767382276688009,0.30669628595899817,0.38088369574850534,0.3202644293295058
1.0,0.6842,0.0,A,A-CSJ,AB,,0.6351615916464532,0.7793558425250078,0.38088369574850534,0.6808159932354597
0.975,0.0,0.0,A,A-CSJ,AB,,0.6130863286334298,0.30669628595899817,0.38088369574850534,0.5076588063827983
1.0,0.0877,0.0,A,A-CE,AB,,0.6351615916464532,0.36602331929306847,0.38088369574850534,0.536149610104281
0.65,0.0,0.0,A,A-CE,AB,,0.31793770877002864,0.30669628595899817,0.38088369574850534,0.40435678943060777
0.69,0.0,0.45,A,A-CSJ,AB,,0.351449846761302,0.30669628595899817,0.8442645302764207,0.2770717873691788
1.0,0.2381,0.0,A,A-CSJ,AB,,0.6351615916464532,0.4768576033493456,0.38088369574850534,0.574941609523978
1.0,0.4737,0.4605,A,A-CSJ,AB,,0.6351615916464532,0.650843182678467,0.8508245512123205,0.4948543056500259
1.0,0.0,0.0,A,A-CSJ,AB,,0.6351615916464532,0.30669628595899817,0.38088369574850534,0.5153851484373564
1.0,0.1538,0.0,A,A-CE,AB,,0.6351615916464532,0.41372026524112226,0.38088369574850534,0.5528435411860998
1.0,0.321,0.0,A,A-CE,AB,,0.6351615916464532,0.5396874415338612,0.38088369574850534,0.5969320528885584
0.575,0.0,0.0,A,A-CE,AB,,0.26006557781788425,0.30669628595899817,0.38088369574850534,0.38410154359735726
1.0,0.4314,0.0952,A,A-CE,AB,,0.6351615916464532,0.6211204085949752,0.493642406287012,0.5916059781983963
1.0,0.2083,0.3094,A,A-CE,AB,,0.6351615916464532,0.4543471424754368,0.73309739567844,0.46139883823912947
0.65,0.0,0.0,A,A-CE,AB,,0.31793770877002864,0.30669628595899817,0.38088369574850534,0.40435678943060777
1.0,1.0,0.0,A,A-CE,AB,,0.6351615916464532,0.9021037826726974,0.38088369574850534,0.7237777722871511
1.0,0.5617,0.1389,A,A-CE,AB,,0.6351615916464532,0.7088805921299329,0.5463397176253297,0.6065128490341362
1.0,1.0,1.0,A,A-CE,AB,,0.6351615916464532,0.9021037826726974,0.9872575527369554,0.5418656151906162
0.0,0.0,0.0,A,A-CE,AB,,0.03877604189617447,0.30669628595899817,0.38088369574850534,0.3066502060247588
1.0,0.0505,0.075,A,A-CE,AB,,0.6351615916464532,0.3402297839198551,0.46926013535997546,0.5006089408402152
1.0,0.7167,0.0,A,A-CE,AB,,0.6351615916464532,0.7958572797133391,0.38088369574850534,0.6865914962513757
0.9736,0.1111,0.055,A,A-CE,AB,,0.6118353006685009,0.38266246566609474,0.44526261785018817,0.514495432862052
1.0,0.4762,0.1607,A,A-CE,AB,,0.6351615916464532,0.6525662464133577,0.5723174450357621,0.5790095098102052
1.0,0.7333,0.0,A,A-CE,AB,,0.6351615916464532,0.8039244547935991,0.38088369574850534,0.6894150075294667
1.0,0.0,0.0,A,A-CE,AB,,0.6351615916464532,0.30669628595899817,0.38088369574850534,0.5153851484373564
1.0,0.225,0.0,A,A-CSJ,AB,,0.6351615916464532,0.4669450244252326,0.38088369574850534,0.5714722069005385
1.0,0.0,0.0,A,A-CSJ,AB,,0.6351615916464532,0.30669628595899817,0.38088369574850534,0.5153851484373564
1.0,0.0926,0.0,A,A-CE,AB,,0.6351615916464532,0.3694827147182257,0.38088369574850534,0.537360398503086
0.7429,0.0,0.0,A,A-CE,AB,,0.39807011110993257,0.30669628595899817,0.38088369574850534,0.43240313024957416
1.0,0.0,0.2045,A,A-CSJ,AB,,0.6351615916464532,0.30669628595899817,0.6231923194497277,0.44269256132698964
1.0,0.7431,0.1875,A,A-CSJ,AB,,0.6351615916464532,0.8085726726222711,0.6037014130407933,0.6241965685818154
1.0,0.3246,0.1184,A,A-CSJ,AB,,0.6351615916464532,0.542401808024239,0.5216760584851347,0.5556443723392018
1.0,0.0,0.1875,A,A-CSJ,AB,,0.6351615916464532,0.30669628595899817,0.6037014130407933,0.44853983324967
1.0,0.9872,0.0,A,A-CSJ,AB,,0.6351615916464532,0.8986173500958351,0.38088369574850534,0.7225575208852493
1.0,0.4211,0.0,A,A-CSJ,AB,,0.6351615916464532,0.6137330274617009,0.38088369574850534,0.6228480079633023
0.4875,0.0,0.0,A,A-CSJ,AB,,0.2018051125176197,0.30669628595899817,0.38088369574850534,0.36371038074226464
1.0,0.0,0.0,A,A-CE,AB,,0.6351615916464532,0.30669628595899817,0.38088369574850534,0.5153851484373564
1.0,1.0,0.0,A,A-CE,AB,,0.6351615916464532,0.9021037826726974,0.38088369574850534,0.7237777722871511
1.0,0.0,0.0,A,A-CE,AB,,0.6351615916464532,0.30669628595899817,0.38088369574850534,0.5153851484373564
1.0,0.0,0.0,A,A-CE,AB,,0.6351615916464532,0.30669628595899817,0.38088369574850534,0.5153851484373564
1.0,0.6296,0.4444,A,A-CE,AB,,0.6351615916464532,0.7495337750729624,0.8406706573721167,0.5324421811401604
1.0,0.7083,0.0,A,A-CE,AB,,0.6351615916464532,0.7916820740702784,0.38088369574850534,0.6851301742763044
1.0,0.5833,0.0,A,A-CE,AB,,0.6351615916464532,0.7222280519064573,0.38088369574850534,0.660821266518967
1.0,0.4762,0.0,A,A-CE,AB,,0.6351615916464532,0.6525662464133577,0.38088369574850534,0.6364396345963822
1.0,0.0,0.0,A,A-CE,AB,,0.6351615916464532,0.30669628595899817,0.38088369574850534,0.5153851484373564
1.0,1.0,0.3636,A,A-CE,AB,,0.6351615916464532,0.9021037826726974,0.7811694901127471,0.6036920339778786
1.0,0.0,0.0,A,A-CE,AB,,0.6351615916464532,0.30669628595899817,0.38088369574850534,0.5153851484373564
1.0,0.0,0.0,A,A-CE,AB,,0.6351615916464532,0.30669628595899817,0.38088369574850534,0.5153851484373564
1.0,0.0,0.0,A,A-CE,AB,,0.6351615916464532,0.30669628595899817,0.38088369574850534,0.5153851484373564
1.0,0.0,0.0,A,A-CE,AB,,0.6351615916464532,0.30669628595899817,0.38088369574850534,0.5153851484373564
1.0,0.3182,0.0,A,A-CE,AB,,0.6351615916464532,0.5375746305010942,0.38088369574850534,0.59619256902709
1.0,0.0,0.0,A,A-CE,AB,,0.6351615916464532,0.30669628595899817,0.38088369574850534,0.5153851484373564
0.65,0.0,0.0,A,A-CE,AB,,0.31793770877002864,0.30669628595899817,0.38088369574850534,0.40435678943060777
0.0,0.0,0.0,A,A-CE,AB,,0.03877604189617447,0.30669628595899817,0.38088369574850534,0.3066502060247588
1.0,0.2692,0.0,A,A-CE,AB,,0.6351615916464532,0.5004493138399905,0.38088369574850534,0.5831987081957037
1.0,0.8246,0.0,A,A-CE,AB,,0.6351615916464532,0.8439914449529885,0.38088369574850534,0.703438454085253
1.0,0.2778,0.0,A,A-CE,AB,,0.6351615916464532,0.5069771895359981,0.38088369574850534,0.5854834646893063
1.0,0.8333,0.0,A,A-CE,AB,,0.6351615916464532,0.8474382405011018,0.38088369574850534,0.7046448325270926
1.0,0.0,0.0,A,A-CE,AB,,0.6351615916464532,0.30669628595899817,0.38088369574850534,0.5153851484373564
1.0,0.0,0.0,A,A-CE,AB,,0.6351615916464532,0.30669628595899817,0.38088369574850534,0.5153851484373564
1.0,0.8333,0.3333,A,A-CE,AB,,0.6351615916464532,0.8474382405011018,0.7550944405902454,0.5923816090745706
1.0,0.0,0.0,A,A-CE,AB,,0.6351615916464532,0.30669628595899817,0.38088369574850534,0.5153851484373564
1.0,0.3889,0.0,A,A-CE,AB,,0.6351615916464532,0.5903126852722825,0.38088369574850534,0.6146508881970059
1.0,0.5556,0.0,A,A-CE,AB,,0.6351615916464532,0.7050434430514714,0.38088369574850534,0.654806653419722
1.0,0.3889,0.0,A,A-CE,AB,,0.6351615916464532,0.5903126852722825,0.38088369574850534,0.6146508881970059
1.0,0.0,0.0,A,A-CE,AB,,0.6351615916464532,0.30669628595899817,0.38088369574850534,0.5153851484373564
1.0,1.0,0.0,A,A-CE,AB,,0.6351615916464532,0.9021037826726974,0.38088369574850534,0.7237777722871511
1.0,0.0,0.0,A,A-CE,AB,,0.6351615916464532,0.30669628595899817,0.38088369574850534,0.5153851484373564
1.0,1.0,0.0,A,A-CE,AB,,0.6351615916464532,0.9021037826726974,0.38088369574850534,0.7237777722871511
1.0,1.0,0.1324,A,A-CE,AB,,0.6351615916464532,0.9021037826726974,0.5385383332264526,0.6764813810437669
0.0,0.0,0.0,A,A-CE,AB,,0.03877604189617447,0.30669628595899817,0.38088369574850534,0.3066502060247588
1.0,0.7843,0.0,A,A-CE,AB,,0.6351615916464532,0.8271930903044815,0.38088369574850534,0.6975590299582755
1.0,0.7083,0.0,A,A-CE,AB,,0.6351615916464532,0.7916820740702784,0.38088369574850534,0.6851301742763044
0.0,0.0,0.0,A,A-CE,AB,,0.03877604189617447,0.30669628595899817,0.38088369574850534,0.3066502060247588
1.0,0.0,0.0,A,A-CE,AB,,0.6351615916464532,0.30669628595899817,0.38088369574850534,0.5153851484373564
1.0,1.0,0.2222,A,A-CE,AB,,0.6351615916464532,0.9021037826726974,0.6430699658387765,0.6451218912600698
1.0,0.614,0.1184,A,A-CE,AB,,0.6351615916464532,0.7405365146472245,0.5216760584851347,0.6249915196572468
1.0,0.0,0.0,A,A-CE,AB,,0.6351615916464532,0.30669628595899817,0.38088369574850534,0.5153851484373564
1.0,0.244,0.1688,A,A-CE,AB,,0.6351615916464532,0.4813284796561819,0.5818767705415396,0.5162084937934603
1.0,0.2368,0.3026,A,A-CE,AB,,0.6351615916464532,0.4758729683106696,0.7266141389297014,0.4708778543060826
1.0,0.2368,0.2039,A,A-CE,AB,,0.6351615916464532,0.4758729683106696,0.6225107413992799,0.5021088735652091
1.0,0.6528,0.1667,A,A-CE,AB,,0.6351615916464532,0.7625249236491993,0.5794040235680159,0.6153690732830737
0.0,0.0,0.0,A,A-CE,AB,,0.03877604189617447,0.30669628595899817,0.38088369574850534,0.3066502060247588
1.0,0.3274,0.0,A,A-CE,AB,,0.6351615916464532,0.5445112512904702,0.38088369574850534,0.5986203863033716
1.0,0.0,0.0,A,A-CE,AB,,0.6351615916464532,0.30669628595899817,0.38088369574850534,0.5153851484373564
1.0,0.0,0.0,A,A-CE,AB,,0.6351615916464532,0.30669628595899817,0.38088369574850534,0.5153851484373564
0.0,0.1944,0.0,A,A-CE,AB,,0.03877604189617447,0.44390517770878557,0.38088369574850534,0.3546733181371844
1.0,0.0775,0.0,A,A-CE,AB,,0.6351615916464532,0.35886661924614904,0.38088369574850534,0.5336447650878592
0.5042,0.0,0.0,A,A-CE,AB,,0.21212266619857584,0.30669628595899817,0.38088369574850534,0.3673215245305993
1.0,0.0,0.0,A,A-CE,AB,,0.6351615916464532,0.30669628595899817,0.38088369574850534,0.5153851484373564
1.0,0.1667,0.0,A,A-CE,AB,,0.6351615916464532,0.42325216426292844,0.38088369574850534,0.556179705843732
0.6879,0.0545,0.0,A,A-CE,AB,,0.3496499004959193,0.342961444881229,0.38088369574850534,0.4281488621574503
0.3714,0.0,0.0,A,A-CE,AB,,0.1403788319086695,0.30669628595899817,0.38088369574850534,0.3422111825291321
0.7676,0.1417,0.0,A,A-CE,AB,,0.42054865184960694,0.4048377213833568,0.38088369574850534,0.47462012190698566
0.6559,0.0,0.0,A,A-CE,AB,,0.32277392129820953,0.30669628595899817,0.38088369574850534,0.4060494638154711
1.0,0.0,0.0,A,A-CE,AB,,0.6351615916464532,0.30669628595899817,0.38088369574850534,0.5153851484373564
1.0,0.3542,0.0,A,A-CE,AB,,0.6351615916464532,0.5646102256715773,0.38088369574850534,0.605655027336759
0.65,0.0,0.0,A,A-CE,AB,,0.31793770877002864,0.30669628595899817,0.38088369574850534,0.40435678943060777
1.0,0.0402,0.0,A,A-CE,AB,,0.6351615916464532,0.3332447925084562,0.38088369574850534,0.5246771257296667
0.65,0.0,0.0,A,A-CE,AB,,0.31793770877002864,0.30669628595899817,0.38088369574850534,0.40435678943060777
1.0,0.0,0.7692,A,A-CE,AB,,0.6351615916464532,0.30669628595899817,0.962089946062966,0.3410232733430182
1.0,0.0,0.0,A,A-CSJ,AB,,0.6351615916464532,0.30669628595899817,0.38088369574850534,0.5153851484373564
1.0,0.0,0.0,A,A-CSJ,AB,,0.6351615916464532,0.30669628595899817,0.38088369574850534,0.5153851484373564
1.0,0.3042,0.0966,A,A-CE,AB,,0.6351615916464532,0.5269918266440183,0.49533472597851436,0.5581532786081107
1.0,0.0397,0.0,A,A-CE,AB,,0.6351615916464532,0.33290754145706736,0.38088369574850534,0.5245590878616806
0.9286,0.0,0.0,A,A-CE,AB,,0.5709225343319775,0.30669628595899817,0.38088369574850534,0.49290147837728987
1.0,0.5637,0.0,A,A-CSJ,AB,,0.6351615916464532,0.7101322507461926,0.38088369574850534,0.6565877361128745
0.5567,0.0,0.0,A,A-CSJ,AB,,0.24702841395566358,0.30669628595899817,0.38088369574850534,0.37953853624558
1.0,0.3933,0.0,A,A-CSJ,AB,,0.6351615916464532,0.5935398467100308,0.38088369574850534,0.6157803947002178
1.0,0.58,0.0,A,A-CSJ,AB,,0.6351615916464532,0.7202133781468054,0.38088369574850534,0.6601161307030889
0.4313,0.0,0.0,A,A-CSJ,AB,,0.16985802808270814,0.30669628595899817,0.38088369574850534,0.3525289011900456
1.0,1.0,0.0,A,A-CSJ,AB,,0.6351615916464532,0.9021037826726974,0.38088369574850534,0.7237777722871511
1.0,0.3646,0.0,A,A-CSJ,AB,,0.6351615916464532,0.5723566740602328,0.38088369574850534,0.6083662842727885
0.4333,0.0,0.0,A,A-CSJ,AB,,0.17092239818971483,0.30669628595899817,0.38088369574850534,0.3529014307274979
1.0,0.2857,0.1607,A,A-CSJ,AB,,0.6351615916464532,0.51297168398579,0.5723174450357621,0.5301514129605565
1.0,0.0,0.0,A,A-CSJ,AB,,0.6351615916464532,0.30669628595899817,0.38088369574850534,0.5153851484373564
1.0,0.4167,0.0,A,A-CE,AB,,0.6351615916464532,0.6105609978489742,0.38088369574850534,0.621737797598848
1.0,0.2045,0.0,A,A-CE,AB,,0.6351615916464532,0.45148811818056084,0.38088369574850534,0.5660622897149032
1.0,0.8333,0.1324,A,A-CE,AB,,0.6351615916464532,0.8474382405011018,0.5385383332264526,0.6573484412837085
0.0,0.0,0.0,A,A-CE,AB,,0.03877604189617447,0.30669628595899817,0.38088369574850534,0.3066502060247588
1.0,0.0285,0.1494,A,A-CE,AB,,0.6351615916464532,0.3253984270268298,0.5588924028939177,0.46852828566747373
0.65,0.0,0.0,A,A-CE,AB,,0.31793770877002864,0.30669628595899817,0.38088369574850534,0.40435678943060777
1.0,0.2639,0.0,A,A-CSJ,AB,,0.6351615916464532,0.49642610260922154,0.38088369574850534,0.5817905842649346
1.0,0.0,0.0,A,A-CSJ,AB,,0.6351615916464532,0.30669628595899817,0.38088369574850534,0.5153851484373564
1.0,0.0,0.0,A,A-CSJ,AB,,0.6351615916464532,0.30669628595899817,0.38088369574850534,0.5153851484373564
1.0,0.5648,0.2361,A,A-CSJ,AB,,0.6351615916464532,0.7108193037628235,0.6583458086396139,0.5735895708013626
0.8667,0.0,0.0,A,A-CSJ,AB,,0.5131402477832032,0.30669628595899817,0.38088369574850534,0.4726776780852189
0.8667,1.0,0.5,A,A-CSJ,AB,,0.5131402477832032,0.9021037826726974,0.8734812973763992,0.5332910214466454
1.0,0.0,0.0,A,A-CSJ,AB,,0.6351615916464532,0.30669628595899817,0.38088369574850534,0.5153851484373564
1.0,0.0595,0.0804,A,A-CE,AB,,0.6351615916464532,0.34639068591602273,0.47576863281058657,0.5008127073036907
1.0,0.0,0.0,A,A-CE,AB,,0.6351615916464532,0.30669628595899817,0.38088369574850534,0.5153851484373564
1.0,1.0,0.2604,A,A-CE,AB,,0.6351615916464532,0.9021037826726974,0.6842647758557046,0.6327634482549913
0.975,0.0,0.0,A,A-CE,AB,,0.6130863286334298,0.30669628595899817,0.38088369574850534,0.5076588063827983
1.0,0.6429,0.1768,A,A-CSJ,AB,,0.6351615916464532,0.7570386336718088,0.5912581219634284,0.6098926422723632
1.0,0.0,0.45,A,A-CSJ,AB,,0.6351615916464532,0.30669628595899817,0.8442645302764207,0.3763708980789818
1.0,0.3485,0.0,A,A-CSJ,AB,,0.6351615916464532,0.5603509041062716,0.38088369574850534,0.6041642647889021
1.0,0.0,0.0,A,A-CSJ,AB,,0.6351615916464532,0.30669628595899817,0.38088369574850534,0.5153851484373564
1.0,0.0933,0.099,A,A-CE,AB,,0.6351615916464532,0.3699780200874156,0.4982360726864605,0.5023280423009159
0.7167,0.0,0.0,A,A-CE,AB,,0.37468933067683247,0.30669628595899817,0.38088369574850534,0.4242198570979891
1.0,0.0,0.0,A,A-CE,AB,,0.6351615916464532,0.30669628595899817,0.38088369574850534,0.5153851484373564
1.0,1.0,0.0,A,A-CSJ,AB,,0.6351615916464532,0.9021037826726974,0.38088369574850534,0.7237777722871511
1.0,0.2333,0.0,A,A-CSJ,AB,,0.6351615916464532,0.4732229812759495,0.38088369574850534,0.5736694917982893
1.0,0.713,0.0,A,A-CSJ,AB,,0.6351615916464532,0.7940259112719634,0.38088369574850534,0.6859505172968943
1.0,0.7708,0.0,A,A-CSJ,AB,,0.6351615916464532,0.8212547107131299,0.38088369574850534,0.6954805971013025
0.325,0.0,0.0,A,A-CSJ,AB,,0.12059208765646644,0.30669628595899817,0.38088369574850534,0.335285822040861
0.7325,0.0,0.0,A,A-CE,AB,,0.388726837031744,0.30669628595899817,0.38088369574850534,0.42913298432220814
1.0,0.2,0.1125,A,A-CSJ,AB,,0.6351615916464532,0.44810658320415475,0.5145527495703888,0.5247780363265961
0.65,0.0,0.0,A,A-CE,AB,,0.31793770877002864,0.30669628595899817,0.38088369574850534,0.40435678943060777
0.65,0.0,0.0,A,A-CE,AB,,0.31793770877002864,0.30669628595899817,0.38088369574850534,0.40435678943060777
1.0,0.3485,0.1364,A,A-CE,AB,,0.6351615916464532,0.5603509041062716,0.5433416655740391,0.5554268738412419
1.0,0.7045,0.0,A,A-CE,AB,,0.6351615916464532,0.7897727314622975,0.38088369574850534,0.6844619043635112
1.0,0.0,0.6429,A,A-CE,AB,,0.6351615916464532,0.30669628595899817,0.9323355058741283,0.3499496053996695
1.0,0.4167,0.0,A,A-CE,AB,,0.6351615916464532,0.6105609978489742,0.38088369574850534,0.621737797598848
1.0,0.7263,0.0,A,A-CE,AB,,0.6351615916464532,0.8005523706425238,0.38088369574850534,0.6882347780765903
1.0,0.9911,0.3898,A,A-CE,AB,,0.6351615916464532,0.8996911325105963,0.8020556989951217,0.5965817437564308
1.0,0.1754,0.1053,A,A-CE,AB,,0.6351615916464532,0.4297135259000109,0.5058521694169433,0.5209506403161794
1.0,0.3571,0.3214,A,A-CE,AB,,0.6351615916464532,0.5667736349223853,0.744297135765546,0.4973881885694297
1.0,0.0,0.25,A,A-CE,AB,,0.6351615916464532,0.30669628595899817,0.6733000156939998,0.42766025245370803
1.0,0.7308,0.0865,A,A-CSJ,AB,,0.6351615916464532,0.8027251122090128,0.48313062274465024,0.658321159526018
0.325,0.2333,0.0,A,A-CSJ,AB,,0.12059208765646644,0.4732229812759495,0.38088369574850534,0.39357016540179396
1.0,1.0,0.0,A,A-CSJ,AB,,0.6351615916464532,0.9021037826726974,0.38088369574850534,0.7237777722871511
1.0,0.0,0.0,A,A-CSJ,AB,,0.6351615916464532,0.30669628595899817,0.38088369574850534,0.5153851484373564
1.0,0.0,0.0,A,A-CE,AB,,0.6351615916464532,0.30669628595899817,0.38088369574850534,0.5153851484373564
1.0,0.0,0.0,A,A-CE,AB,,0.6351615916464532,0.30669628595899817,0.38088369574850534,0.5153851484373564
0.78,0.0,0.0,A,A-CE,AB,,0.4319652030122755,0.30669628595899817,0.38088369574850534,0.44426641241539416
1.0,0.1061,0.0909,A,A-CE,AB,,0.6351615916464532,0.3790824017042416,0.4884456453614662,0.5084517040643033
1.0,0.7454,0.0,A,A-CE,AB,,0.6351615916464532,0.8096513155717106,0.38088369574850534,0.6914194088018057
1.0,0.2356,0.0853,A,A-CE,AB,,0.6351615916464532,0.4749642407035455,0.4816816826390019,0.544039536530799
0.0,0.0,0.0,A,A-CE,AB,,0.03877604189617447,0.30669628595899817,0.38088369574850534,0.3066502060247588
1.0,0.0,0.1237,A,A-CE,AB,,0.6351615916464532,0.30669628595899817,0.528067539153442,0.4712299954158754
1.0,0.0,0.0,A,A-CE,AB,,0.6351615916464532,0.30669628595899817,0.38088369574850534,0.5153851484373564
1.0,0.0,0.0,A,A-CE,AB,,0.6351615916464532,0.30669628595899817,0.38088369574850534,0.5153851484373564
0.52,0.0,0.0,A,A-CE,AB,,0.2222342503722248,0.30669628595899817,0.38088369574850534,0.3708605789913764
1.0,0.8452,0.3214,A,A-CSJ,AB,,0.6351615916464532,0.8520514089896806,0.744297135765546,0.5972354094929829
1.0,0.5024,0.3095,A,A-CSJ,AB,,0.6351615916464532,0.6703775530253709,0.7331920048148385,0.5369810991906869
0.4875,0.0,0.25,A,A-CSJ,AB,,0.2018051125176197,0.30669628595899817,0.6733000156939998,0.2759854847586163
1.0,0.4841,0.3214,A,A-CSJ,AB,,0.6351615916464532,0.6579847579002782,0.744297135765546,0.5293120816116922
1.0,0.2581,0.1452,A,A-CSJ,AB,,0.6351615916464532,0.49202389221349774,0.5538794408275399,0.5283510871027208
0.7322,0.1164,0.0,A,A-CE,AB,,0.38845849307032115,0.386471276740696,0.38088369574850534,0.4569603107093044
1.0,1.0,0.495,A,A-CE,AB,,0.6351615916464532,0.9021037826726974,0.8707850222379545,0.5768073743403164
1.0,0.875,0.0,A,A-CE,AB,,0.6351615916464532,0.8630985645341765,0.38088369574850534,0.7101259459386688
1.0,0.7143,0.0,A,A-CE,AB,,0.6351615916464532,0.794670748099525,0.38088369574850534,0.6861762101865407
1.0,0.0,0.0,A,A-CE,AB,,0.6351615916464532,0.30669628595899817,0.38088369574850534,0.5153851484373564
1.0,0.0,0.0,A,A-CE,AB,,0.6351615916464532,0.30669628595899817,0.38088369574850534,0.5153851484373564
1.0,0.0,0.0,A,A-CE,AB,,0.6351615916464532,0.30669628595899817,0.38088369574850534,0.5153851484373564
1.0,0.881,0.2857,A,A-CE,AB,,0.6351615916464532,0.8652370573390011,0.7100828576094518,0.6121146698620735
1.0,0.8333,0.0,A,A-CE,AB,,0.6351615916464532,0.8474382405011018,0.38088369574850534,0.7046448325270926
1.0,0.0,0.0,A,A-CE,AB,,0.6351615916464532,0.30669628595899817,0.38088369574850534,0.5153851484373564
1.0,0.3889,0.0,A,A-CE,AB,,0.6351615916464532,0.5903126852722825,0.38088369574850534,0.6146508881970059
1.0,0.0,0.0,A,A-CE,AB,,0.6351615916464532,0.30669628595899817,0.38088369574850534,0.5153851484373564
1.0,0.0,0.0,A,A-CE,AB,,0.6351615916464532,0.30669628595899817,0.38088369574850534,0.5153851484373564
1.0,1.0,0.0,A,A-CE,AB,,0.6351615916464532,0.9021037826726974,0.38088369574850534,0.7237777722871511
1.0,0.0,0.0,A,A-CE,AB,,0.6351615916464532,0.30669628595899817,0.38088369574850534,0.5153851484373564
1.0,0.0,0.0,A,A-CE,AB,,0.6351615916464532,0.30669628595899817,0.38088369574850534,0.5153851484373564
1.0,0.8333,0.0,A,A-CE,AB,,0.6351615916464532,0.8474382405011018,0.38088369574850534,0.7046448325270926
1.0,1.0,0.0,A,A-CE,AB,,0.6351615916464532,0.9021037826726974,0.38088369574850534,0.7237777722871511
1.0,1.0,0.1125,A,A-CE,AB,,0.6351615916464532,0.9021037826726974,0.5145527495703888,0.683677056140586
1.0,0.0,0.0,A,A-CE,AB,,0.6351615916464532,0.30669628595899817,0.38088369574850534,0.5153851484373564
1.0,0.625,0.0,A,A-CE,AB,,0.6351615916464532,0.7469024712821782,0.38088369574850534,0.6694573133004693
1.0,0.0,0.0,A,A-CE,AB,,0.6351615916464532,0.30669628595899817,0.38088369574850534,0.5153851484373564
1.0,0.0,0.0,A,A-CE,AB,,0.6351615916464532,0.30669628595899817,0.38088369574850534,0.5153851484373564
1.0,0.0,0.0,A,A-CE,AB,,0.6351615916464532,0.30669628595899817,0.38088369574850534,0.5153851484373564
1.0,1.0,0.5333,A,A-CE,AB,,0.6351615916464532,0.9021037826726974,0.8902335018590968,0.5709728304539737
1.0,1.0,0.495,A,A-CE,AB,,0.6351615916464532,0.9021037826726974,0.8707850222379545,0.5768073743403164
1.0,1.0,0.0,A,A-CE,AB,,0.6351615916464532,0.9021037826726974,0.38088369574850534,0.7237777722871511
1.0,0.0,0.0,A,A-CE,AB,,0.6351615916464532,0.30669628595899817,0.38088369574850534,0.5153851484373564
1.0,0.0439,0.2546,A,A-CE,AB,,0.6351615916464532,0.3357457417198539,0.6781741141302147,0.4363653324391431
1.0,0.3509,0.2039,A,A-CE,AB,,0.6351615916464532,0.5621454235149129,0.6225107413992799,0.5323042328866942
1.0,0.4896,0.1172,A,A-CE,AB,,0.6351615916464532,0.6617330473559893,0.5202278695220597,0.5978447627942369
0.0,0.0,0.0,A,A-CE,AB,,0.03877604189617447,0.30669628595899817,0.38088369574850534,0.3066502060247588
1.0,0.4825,0.0,A,A-CE,AB,,0.6351615916464532,0.6568906064839328,0.38088369574850534,0.6379531606210835
0.0,0.1458,0.0,A,A-CE,AB,,0.03877604189617447,0.40784084333732784,0.38088369574850534,0.3420508011071742
0.0,0.0,0.0,A,A-CE,AB,,0.03877604189617447,0.30669628595899817,0.38088369574850534,0.3066502060247588
0.572,0.0,0.0,A,A-CE,AB,,0.25789805949188277,0.30669628595899817,0.38088369574850534,0.3833429121832567
1.0,0.0397,0.0,A,A-CE,AB,,0.6351615916464532,0.33290754145706736,0.38088369574850534,0.5245590878616806
1.0,0.1852,0.0,A,A-CE,AB,,0.6351615916464532,0.4370205221471534,0.38088369574850534,0.5609986311032107
0.195,0.0,0.0,A,A-CE,AB,,0.07753907260088885,0.30669628595899817,0.38088369574850534,0.3202172667714088
1.0,0.1061,0.0,A,A-CE,AB,,0.6351615916464532,0.3790824017042416,0.38088369574850534,0.5407202889481916
0.9354,0.1638,0.0,A,A-CE,AB,,0.5771822649939592,0.42110408406728844,0.38088369574850534,0.535135113446885
1.0,0.0,0.0,A,A-CE,AB,,0.6351615916464532,0.30669628595899817,0.38088369574850534,0.5153851484373564
1.0,0.4693,0.1303,A,A-CE,AB,,0.6351615916464532,0.6478010177800219,0.5360136589028655,0.5882328156284067
1.0,0.0,0.0,A,A-CE,AB,,0.6351615916464532,0.30669628595899817,0.38088369574850534,0.5153851484373564
1.0,0.4167,0.0,A,A-CE,AB,,0.6351615916464532,0.6105609978489742,0.38088369574850534,0.621737797598848
1.0,0.1852,0.0,A,A-CE,AB,,0.6351615916464532,0.4370205221471534,0.38088369574850534,0.5609986311032107
1.0,0.1875,0.0,A,A-CE,AB,,0.6351615916464532,0.43873951893771423,0.38088369574850534,0.561600279979907
0.7837,0.0472,0.0,A,A-CE,AB,,0.43538637985871503,0.337984123073519,0.38088369574850534,0.4564145673017303
1.0,0.3133,0.0,A,A-CE,AB,,0.6351615916464532,0.5338740071607037,0.38088369574850534,0.5948973508579533
1.0,0.0,0.0,A,A-CE,AB,,0.6351615916464532,0.30669628595899817,0.38088369574850534,0.5153851484373564
1.0,0.2,0.395,A,A-CE,AB,,0.6351615916464532,0.44810658320415475,0.806017653486779,0.4373385651516791
1.0,0.0,0.165,A,A-CE,AB,,0.6351615916464532,0.30669628595899817,0.5773993473857887,0.45643045294617135
1.0,1.0,0.0,A,A-CSJ,AB,,0.6351615916464532,0.9021037826726974,0.38088369574850534,0.7237777722871511
1.0,0.298,0.1364,A,A-CSJ,AB,,0.6351615916464532,0.5222968259369031,0.5433416655740391,0.5421079464819629
0.52,0.0,0.0,A,A-CSJ,AB,,0.2222342503722248,0.30669628595899817,0.38088369574850534,0.3708605789913764
1.0,0.0,0.0,A,A-CSJ,AB,,0.6351615916464532,0.30669628595899817,0.38088369574850534,0.5153851484373564
1.0,0.0,0.55,A,A-CE,AB,,0.6351615916464532,0.30669628595899817,0.8978798443634671,0.36028630385286786
1.0,0.0,0.1071,A,A-CSJ,AB,,0.6351615916464532,0.30669628595899817,0.5080278528294724,0.47724190131306626
0.3071,0.0,0.0,A,A-CSJ,AB,,0.11362610045006359,0.30669628595899817,0.38088369574850534,0.33284772651862
1.0,0.6136,0.3966,A,A-CE,AB,,0.6351615916464532,0.7403030758157422,0.8072245361603909,0.5392452727636511
0.4333,0.0,0.4125,A,A-CE,AB,,0.17092239818971483,0.30669628595899817,0.8189077447930107,0.22149421601414634
1.0,0.0507,0.3783,A,A-CE,AB,,0.6351615916464532,0.3403661168277625,0.7930781814555414,0.40351124352931306
1.0,0.0595,0.4821,A,A-CE,AB,,0.6351615916464532,0.34639068591602273,0.863602115182764,0.38446266259203743
0.3714,0.0,0.0,A,A-CE,AB,,0.1403788319086695,0.30669628595899817,0.38088369574850534,0.3422111825291321
1.0,0.053,0.2045,A,A-CSJ,AB,,0.6351615916464532,0.341935840934559,0.6231923194497277,0.45502640556843593
1.0,0.0,0.0,A,A-CSJ,AB,,0.6351615916464532,0.30669628595899817,0.38088369574850534,0.5153851484373564
1.0,0.4102,0.0,A,A-CSJ,AB,,0.6351615916464532,0.6058579435915924,0.38088369574850534,0.6200917286087644
1.0,0.284,0.0,A,A-CSJ,AB,,0.6351615916464532,0.5116819855216482,0.38088369574850534,0.5871301432842839
0.8667,0.0,0.0,A,A-CSJ,AB,,0.5131402477832032,0.30669628595899817,0.38088369574850534,0.4726776780852189
1.0,0.0,0.0,A,A-CE,AB,,0.6351615916464532,0.30669628595899817,0.38088369574850534,0.5153851484373564
0.975,0.0,0.0,A,A-CE,AB,,0.6130863286334298,0.30669628595899817,0.38088369574850534,0.5076588063827983
1.0,0.1826,0.0,A,A-CE,AB,,0.6351615916464532,0.43507913053451464,0.38088369574850534,0.5603191440387871
1.0,0.0463,0.0556,A,A-CE,AB,,0.6351615916464532,0.33737293025805054,0.44597940653897256,0.5065932607048845
0.65,0.0,0.0,A,A-CE,AB,,0.31793770877002864,0.30669628595899817,0.38088369574850534,0.40435678943060777
1.0,0.0,0.0523,A,A-CE,AB,,0.6351615916464532,0.30669628595899817,0.4420399277609355,0.49703827883362733
0.65,0.0,0.0,A,A-CE,AB,,0.31793770877002864,0.30669628595899817,0.38088369574850534,0.40435678943060777
0.2167,0.0,0.0,A,A-CE,AB,,0.08358798726390115,0.30669628595899817,0.38088369574850534,0.32233438690346317
0.75,0.5556,0.0,A,A-CSJ,AB,,0.4044920791735287,0.7050434430514714,0.38088369574850534,0.5740723240541984
1.0,0.2754,0.0,A,A-CSJ,AB,,0.6351615916464532,0.5051556006206339,0.38088369574850534,0.5848459085689288
0.52,0.0,0.0,A,A-CSJ,AB,,0.2222342503722248,0.30669628595899817,0.38088369574850534,0.3708605789913764
1.0,0.8726,0.0,A,A-CE,AB,,0.6351615916464532,0.8622352044972602,0.38088369574850534,0.7098237699257481
1.0,1.0,0.0,A,A-CE,AB,,0.6351615916464532,0.9021037826726974,0.38088369574850534,0.7237777722871511
1.0,0.1389,0.1667,A,A-CE,AB,,0.6351615916464532,0.4027908804466444,0.5794040235680159,0.4894621581621794
1.0,0.4167,0.0,A,A-CE,AB,,0.6351615916464532,0.6105609978489742,0.38088369574850534,0.621737797598848
0.26,0.0,0.0,A,A-CE,AB,,0.09695292660607363,0.30669628595899817,0.38088369574850534,0.3270121156732235
1.0,0.7396,0.2812,A,A-CSJ,AB,,0.6351615916464532,0.8069223189386121,0.7055826167855744,0.5930545836691006
1.0,0.5861,0.3611,A,A-CSJ,AB,,0.6351615916464532,0.7239304531287669,0.7790958462943616,0.5419534617830185
0.5571,0.0,0.2812,A,A-CSJ,AB,,0.24730863208450637,0.30669628595899817,0.7055826167855744,0.28222693627955425
1.0,0.9444,0.0,A,A-CSJ,AB,,0.6351615916464532,0.8861491531029522,0.38088369574850534,0.7181936519377403
1.0,0.1346,0.0,A,A-CSJ,AB,,0.6351615916464532,0.3996541223660736,0.38088369574850534,0.5479203911798328
0.975,0.0,0.0,A,A-CSJ,AB,,0.6130863286334298,0.30669628595899817,0.38088369574850534,0.5076588063827983
1.0,0.2778,0.0,A,A-CE,AB,,0.6351615916464532,0.5069771895359981,0.38088369574850534,0.5854834646893063
0.7917,1.0,0.0,A,A-CE,AB,,0.4428041713004862,0.9021037826726974,0.38088369574850534,0.6564526751660626
1.0,0.5,0.1053,A,A-CSJ,AB,,0.6351615916464532,0.6687652425999515,0.5058521694169433,0.6046187411611587
1.0,0.0,0.0,A,A-CSJ,AB,,0.6351615916464532,0.30669628595899817,0.38088369574850534,0.5153851484373564
1.0,0.0,0.0,A,A-CE,AB,,0.6351615916464532,0.30669628595899817,0.38088369574850534,0.5153851484373564
1.0,0.1574,0.3611,A,A-CSJ,AB,,0.6351615916464532,0.4163741568539508,0.7790958462943616,0.4343087580868329
0.8667,0.0,0.0,A,A-CSJ,AB,,0.5131402477832032,0.30669628595899817,0.38088369574850534,0.4726776780852189
1.0,0.5161,0.0,A,A-CE,AB,,0.6351615916464532,0.6795037731396579,0.38088369574850534,0.6458677689505873
0.5383,0.0317,0.0,A,A-CE,AB,,0.23437017356069248,0.32753496351394445,0.38088369574850534,0.3824016892515713
1.0,0.0278,0.0536,A,A-CE,AB,,0.6351615916464532,0.32493202216208367,0.443591001211555,0.5029554644695214
1.0,0.0729,0.25,A,A-CE,AB,,0.6351615916464532,0.35565931249301425,0.6733000156939998,0.44479731174061365
1.0,0.442,0.2826,A,A-CSJ,AB,,0.6351615916464532,0.6286647148386636,0.706987050389096,0.5302430921530621
0.8643,0.0,0.0,A,A-CSJ,AB,,0.510882657388064,0.30669628595899817,0.38088369574850534,0.47188752144692014
1.0,1.0,0.0,A,A-CSJ,AB,,0.6351615916464532,0.9021037826726974,0.38088369574850534,0.7237777722871511
1.0,0.4352,0.0,A,A-CSJ,AB,,0.6351615916464532,0.6238319286214158,0.38088369574850534,0.6263826233692025
1.0,0.0,0.0,A,A-CSJ,AB,,0.6351615916464532,0.30669628595899817,0.38088369574850534,0.5153851484373564
1.0,0.5357,0.0,A,A-CSJ,AB,,0.6351615916464532,0.6923239093381721,0.38088369574850534,0.6503548166200672
0.65,0.0,0.0,A,A-CSJ,AB,,0.31793770877002864,0.30669628595899817,0.38088369574850534,0.40435678943060777
0.9333,0.8333,0.0,A,A-CSJ,AB,,0.5752516590448914,0.8474382405011018,0.38088369574850534,0.683676356116546
1.0,0.6389,0.0,A,A-CSJ,AB,,0.6351615916464532,0.7547976876574023,0.38088369574850534,0.6722206390317977
0.325,0.0,0.0,A,A-CSJ,AB,,0.12059208765646644,0.30669628595899817,0.38088369574850534,0.335285822040861
1.0,1.0,0.0,A,A-CSJ,AB,,0.6351615916464532,0.9021037826726974,0.38088369574850534,0.7237777722871511
1.0,0.303,0.0,A,A-CSJ,AB,,0.6351615916464532,0.5260834634147451,0.38088369574850534,0.5921706605468677
1.0,0.0,0.0,A,A-CSJ,AB,,0.6351615916464532,0.30669628595899817,0.38088369574850534,0.5153851484373564
1.0,0.3561,0.1023,A,A-CSJ,AB,,0.6351615916464532,0.5660279149266102,0.5022255784954377,0.569748653751941
0.78,0.0,0.0,A,A-CSJ,AB,,0.4319652030122755,0.30669628595899817,0.38088369574850534,0.44426641241539416
1.0,0.2381,0.1071,A,A-CSJ,AB,,0.6351615916464532,0.4768576033493456,0.5080278528294724,0.5367983623996879
1.0,0.0583,0.0,A,A-CSJ,AB,,0.6351615916464532,0.3455661952688918,0.38088369574850534,0.5289896166958191
0.975,0.0,0.0,A,A-CSJ,AB,,0.6130863286334298,0.30669628595899817,0.38088369574850534,0.5076588063827983
1.0,0.0,0.0,A,A-CSJ,AB,,0.6351615916464532,0.30669628595899817,0.38088369574850534,0.5153851484373564
1.0,0.387,0.0703,A,A-CSJ,AB,,0.6351615916464532,0.5889167126219601,0.46360375275910426,0.5893462806662133
0.6825,0.0,0.0,A,A-CSJ,AB,,0.3450411907561416,0.30669628595899817,0.38088369574850534,0.4138430081257473
1.0,0.2267,0.0,A,A-CSJ,AB,,0.6351615916464532,0.46823008428877677,0.38088369574850534,0.5719219778527789
1.0,0.0,0.0,A,A-CSJ,AB,,0.6351615916464532,0.30669628595899817,0.38088369574850534,0.5153851484373564
0.65,0.0,0.0,A,A-CSJ,AB,,0.31793770877002864,0.30669628595899817,0.38088369574850534,0.40435678943060777
1.0,0.2333,0.17,A,A-CE,AB,,0.6351615916464532,0.4732229812759495,0.583287931646652,0.5129482210288453
0.7583,0.0,0.1904,A,A-CE,AB,,0.41204097825787417,0.30669628595899817,0.6070516230101717,0.36944255557285377
1.0,0.4524,0.1071,A,A-CSJ,AB,,0.6351615916464532,0.6360062222040415,0.5080278528294724,0.5925003789988315
0.4333,0.3889,0.0,A,A-CSJ,AB,,0.17092239818971483,0.5903126852722825,0.38088369574850534,0.45216717048714744
1.0,1.0,0.6136,A,A-CSJ,AB,,0.6351615916464532,0.9021037826726974,0.9228305847540972,0.5611937055854735
1.0,0.7917,0.1875,A,A-CSJ,AB,,0.6351615916464532,0.8303814250702691,0.6037014130407933,0.6318296319386147
0.4333,0.0,0.0,A,A-CSJ,AB,,0.17092239818971483,0.30669628595899817,0.38088369574850534,0.3529014307274979
1.0,0.0,0.0,A,A-CE,AB,,0.6351615916464532,0.30669628595899817,0.38088369574850534,0.5153851484373564
1.0,0.0,0.0,A,A-CE,AB,,0.6351615916464532,0.30669628595899817,0.38088369574850534,0.5153851484373564
1.0,1.0,0.5625,A,A-CSJ,AB,,0.6351615916464532,0.9021037826726974,0.9032905841352794,0.5670557057711189
0.975,0.0,0.0,A,A-CSJ,AB,,0.6130863286334298,0.30669628595899817,0.38088369574850534,0.5076588063827983
1.0,1.0,0.375,A,A-CSJ,AB,,0.6351615916464532,0.9021037826726974,0.7904471231787982,0.6009087440580633
0.325,0.0,0.0,A,A-CSJ,AB,,0.12059208765646644,0.30669628595899817,0.38088369574850534,0.335285822040861
1.0,0.2576,0.5455,A,A-CE,AB,,0.6351615916464532,0.4916444394848088,0.8958671905212287,0.42562195373957307
1.0,0.2598,0.0,A,A-CE,AB,,0.6351615916464532,0.4933140976174032,0.38088369574850534,0.5807013825177981
1.0,0.5224,0.0,A,A-CE,AB,,0.6351615916464532,0.6836553869692116,0.38088369574850534,0.6473208337909311
0.0,0.0,0.0,A,A-CE,AB,,0.03877604189617447,0.30669628595899817,0.38088369574850534,0.3066502060247588
0.913,0.0224,0.0433,A,A-CE,AB,,0.556479106488156,0.3213457541408301,0.4313342994775451,0.4778384113768816
1.0,0.5595,0.0,A,A-CSJ,AB,,0.6351615916464532,0.7075000957670855,0.38088369574850534,0.655666481870187
0.975,0.0,0.0,A,A-CSJ,AB,,0.6130863286334298,0.30669628595899817,0.38088369574850534,0.5076588063827983
1.0,0.0729,0.4219,A,A-CSJ,AB,,0.6351615916464532,0.35565931249301425,0.8255513840159954,0.399121901244015
1.0,0.0,0.0,A,A-CSJ,AB,,0.6351615916464532,0.30669628595899817,0.38088369574850534,0.5153851484373564
0.4333,0.0,0.0,A,A-CSJ,AB,,0.17092239818971483,0.30669628595899817,0.38088369574850534,0.3529014307274979
1.0,1.0,0.0,A,A-CSJ,AB,,0.6351615916464532,0.9021037826726974,0.38088369574850534,0.7237777722871511
0.8667,0.0,0.0,A,A-CSJ,AB,,0.5131402477832032,0.30669628595899817,0.38088369574850534,0.4726776780852189
1.0,0.0583,0.2362,A,A-CE,AB,,0.6351615916464532,0.3455661952688918,0.6584545701213128,0.4457183543839769
1.0,0.125,0.8414,A,A-CE,AB,,0.6351615916464532,0.3926810935420696,0.9729602632170624,0.3678568608508643
0.2687,0.0,0.0,A,A-CE,AB,,0.09985874215820668,0.30669628595899817,0.38088369574850534,0.3280291511164701
1.0,1.0,0.975,A,A-CE,AB,,0.6351615916464532,0.9021037826726974,0.9856435780708569,0.5423498075904456
1.0,0.0,0.1946,A,A-CE,AB,,0.6351615916464532,0.30669628595899817,0.6118857697216478,0.44608452624541367
1.0,0.0417,0.05,A,A-CE,AB,,0.6351615916464532,0.33425756946758545,0.4392985072681088,0.5075071542094809
1.0,0.3135,0.0,A,A-CE,AB,,0.6351615916464532,0.5340251288106891,0.38088369574850534,0.5949502434354482
1.0,0.0,0.0,A,A-CE,AB,,0.6351615916464532,0.30669628595899817,0.38088369574850534,0.5153851484373564
1.0,0.0629,0.0377,A,A-CE,AB,,0.6351615916464532,0.3487317446033871,0.4247046083434242,0.5169512851844168
1.0,0.6667,0.0,A,A-CSJ,AB,,0.6351615916464532,0.7700828219335724,0.38088369574850534,0.6775704360284573
1.0,0.099,0.0682,A,A-CSJ,AB,,0.6351615916464532,0.37402133514118485,0.4610793694647617,0.5148902135362448
0.975,0.0,0.0,A,A-CSJ,AB,,0.6130863286334298,0.30669628595899817,0.38088369574850534,0.5076588063827983
1.0,0.0,0.0,A,A-CSJ,AB,,0.6351615916464532,0.30669628595899817,0.38088369574850534,0.5153851484373564
1.0,0.2879,0.0,A,A-CSJ,AB,,0.6351615916464532,0.5146404466690659,0.38088369574850534,0.5881656046858801
0.65,0.0,0.0,A,A-CSJ,AB,,0.31793770877002864,0.30669628595899817,0.38088369574850534,0.40435678943060777
1.0,0.2976,0.1429,A,A-CSJ,AB,,0.6351615916464532,0.5219937784039658,0.5511295292821706,0.5396655207329955
1.0,0.4295,0.5192,A,A-CSJ,AB,,0.6351615916464532,0.6197617932185231,0.8833912383550598,0.47420581319622374
0.78,0.0,0.0,A,A-CSJ,AB,,0.4319652030122755,0.30669628595899817,0.38088369574850534,0.44426641241539416
1.0,0.0,0.0,A,A-CSJ,AB,,0.6351615916464532,0.30669628595899817,0.38088369574850534,0.5153851484373564
1.0,0.3077,0.0,A,A-CSJ,AB,,0.6351615916464532,0.5296401771366098,0.38088369574850534,0.5934155103495204
1.0,0.3269,0.0769,A,A-CSJ,AB,,0.6351615916464532,0.5441346798997062,0.4715490845072883,0.5712889696889693
1.0,0.0614,0.0,A,A-CSJ,AB,,0.6351615916464532,0.347698016491669,0.38088369574850534,0.5297357541237911
0.2,0.0,0.0,A,A-CSJ,AB,,0.07889625594251935,0.30669628595899817,0.38088369574850534,0.3206922809409795
0.0,0.0,0.0,A,A-CE,AB,,0.03877604189617447,0.30669628595899817,0.38088369574850534,0.3066502060247588
1.0,0.2381,0.2679,A,A-CE,AB,,0.6351615916464532,0.4768576033493456,0.6920475784365309,0.48159244471757034
0.439,0.1253,0.031,B,B,AB,,0.17398489310538476,0.392898355663849,0.41680829945110165,0.37336664723390134
0.5379,0.0303,0.0705,B,B,AB,,0.23410005604626727,0.3265993424049281,0.4638442695901494,0.3570915085808735
0.8334,0.0,0.0,B,B,AB,,0.48180909893565294,0.30669628595899817,0.38088369574850534,0.46171177598857627
1.0,0.1076,0.0,B,B,AB,,0.6351615916464532,0.38015505874636946,0.38088369574850534,0.5410957189129363
1.0,0.0,0.0,B,B,AB,,0.6351615916464532,0.30669628595899817,0.38088369574850534,0.5153851484373564
1.0,0.0877,0.8487,B,B,AB,,0.6351615916464532,0.36602331929306847,0.9738736452370866,0.35825262525770657
1.0,0.2361,0.2986,B,B,AB,,0.6351615916464532,0.47534285740335774,0.7227548995186045,0.47185008731185246
0.9075,0.1358,0.1704,B,B,AB,,0.5513627164779191,0.40052868104965716,0.5837580167765175,0.4580345841016964
1.0,0.5152,0.0,B,B,AB,,0.6351615916464532,0.6789083390894859,0.38088369574850534,0.6456593670330271
1.0,0.1209,0.1691,B,B,AB,,0.6351615916464532,0.38971613424910156,0.5822296874459524,0.48403829782965846
1.0,0.098,0.2206,B,B,AB,,0.6351615916464532,0.3733106896300111,0.6412920643191312,0.4605776791510231
1.0,0.1167,0.2362,B,B,AB,,0.6351615916464532,0.38668729069242674,0.6584545701213128,0.4601107377822141
1.0,0.1667,0.5625,B,B,AB,,0.6351615916464532,0.42325216426292844,0.9032905841352794,0.3994576393276998
0.975,0.0,0.1429,B,B,AB,,0.6130863286334298,0.30669628595899817,0.5511295292821706,0.45658505632269863
0.5571,0.0,0.0,B,B,AB,,0.24730863208450637,0.30669628595899817,0.38088369574850534,0.379636612590675
1.0,0.148,0.0,B,B,AB,,0.6351615916464532,0.4094551320880205,0.38088369574850534,0.5513507445825142
1.0,0.3129,0.0,B,B,AB,,0.6351615916464532,0.5335717452352925,0.38088369574850534,0.5947915591840593
0.271,0.1179,0.0,B,B,AB,,0.1006397845380246,0.3875517917252019,0.38088369574850534,0.35660194296757763
0.6272,0.1631,0.0,B,B,AB,,0.2996209256143085,0.4205860258897204,0.38088369574850534,0.4378073243018585
0.6256,0.1587,0.0,B,B,AB,,0.2983583848003354,0.41733370770235145,0.38088369574850534,0.43622712365138877
0.6313,0.1271,0.0,B,B,AB,,0.30287008646600033,0.3942028160115886,0.38088369574850534,0.4297104071426045
0.7337,0.1745,0.0,B,B,AB,,0.38980088599828633,0.42904395824788477,0.38088369574850534,0.4723305867616083
0.6798,0.1806,0.0476,B,B,AB,,0.3427476484364666,0.4335871028447352,0.43644184098208394,0.4407846106537955
1.0,0.3821,0.0,B,B,AB,,0.6351615916464532,0.5853100108961496,0.38088369574850534,0.6128999521653594
1.0,0.1802,0.0,B,B,AB,,0.6351615916464532,0.43328884083701985,0.38088369574850534,0.559692542644664
1.0,0.3226,0.129,B,B,AB,,0.6351615916464532,0.540894126980533,0.5344498313523388,0.5512845521137435
1.0,0.0,0.0,B,B,AB,,0.6351615916464532,0.30669628595899817,0.38088369574850534,0.5153851484373564
1.0,0.2319,0.0815,B,B,AB,,0.6351615916464532,0.47216340033831833,0.4770955200031537,0.5444350911937239
1.0,0.1508,0.1458,B,B,AB,,0.6351615916464532,0.4115125031469614,0.5545962739934475,0.4999570509796608
1.0,0.0805,0.069,B,B,AB,,0.6351615916464532,0.3609651818988987,0.4620408110250255,0.5100321274333656
1.0,0.1828,0.0,B,B,AB,,0.6351615916464532,0.43522839846644845,0.38088369574850534,0.560371387814964
1.0,0.1795,0.0,B,B,AB,,0.6351615916464532,0.43276699874224944,0.38088369574850534,0.5595098979114943
1.0,0.4069,0.1383,B,B,AB,,0.6351615916464532,0.6034626522952014,0.5456204832690478,0.5698323403988648
1.0,0.2135,0.2023,B,B,AB,,0.6351615916464532,0.45826433806000055,0.6206908365842975,0.49649182442196954
1.0,0.2432,0.1209,B,B,AB,,0.6351615916464532,0.4807220679486032,0.5246919207447094,0.533151704634857
1.0,0.1789,0.2738,B,B,AB,,0.6351615916464532,0.43231982416738834,0.6980945327507481,0.4641901357096201
1.0,0.6286,0.0,B,B,AB,,0.6351615916464532,0.7489633051262099,0.38088369574850534,0.6701786051458805
0.7685,0.0556,0.1917,B,B,AB,,0.4213745711027168,0.34371448797917586,0.6085501977998221,0.3852161113387158
1.0,0.6095,0.1357,B,B,AB,,0.6351615916464532,0.7379024784631588,0.5425016384781259,0.6178219329949264
1.0,0.4762,0.1786,B,B,AB,,0.6351615916464532,0.6525662464133577,0.5933600542737263,0.5726967270388159
1.0,0.0417,0.3781,B,B,AB,,0.6351615916464532,0.33425756946758545,0.7929194207867037,0.40142088015390237
1.0,0.9,0.1333,B,B,AB,,0.6351615916464532,0.8718234664851763,0.5396197392626202,0.6655588485672842
1.0,0.1958,0.4463,B,B,AB,,0.6351615916464532,0.44495480123790704,0.8418974820512879,0.42547149289413966
1.0,1.0,0.0,B,B,AB,,0.6351615916464532,0.9021037826726974,0.38088369574850534,0.7237777722871511
1.0,0.1979,0.0859,B,B,AB,,0.6351615916464532,0.4465301549215021,0.4824061157089515,0.5338702765860989
1.0,0.7576,0.2273,B,B,AB,,0.6351615916464532,0.8152950789780863,0.6487105932593321,0.6130466567407892
1.0,0.193,0.227,B,B,AB,,0.6351615916464532,0.44285605464465494,0.6483799204562933,0.48279220006499984
0.8025,0.26,0.29,B,B,AB,,0.45285819393137233,0.4934658926757204,0.7143448266475159,0.4169099823182276
1.0,0.2009,0.2724,B,B,AB,,0.6351615916464532,0.4487825166096557,0.696665763905817,0.470380708717893
0.9243,0.1786,0.3161,B,B,AB,,0.566952300235953,0.4320962781847506,0.739388857034696,0.4278503453368374
1.0,0.3083,0.2062,B,B,AB,,0.6351615916464532,0.5300940167067663,0.6251208044249184,0.5203032215961513
1.0,0.2105,0.75,B,B,AB,,0.6351615916464532,0.4560037563957203,0.9585543923618004,0.39434155410622057
1.0,0.3162,0.1212,B,B,AB,,0.6351615916464532,0.5360646486441994,0.5250537075678113,0.552413071831385
1.0,0.1739,0.3424,B,B,AB,,0.6351615916464532,0.4285977239006178,0.763140653135192,0.44337356450091725
0.6125,0.0,0.0,C,C,C,casanare,0.28813757214681573,0.30669628595899817,0.38088369574850534,0.39392674161248326
1.0,0.0,0.1111,C,C,C,casanare,0.6351615916464532,0.30669628595899817,0.5128614962359662,0.4757918082911181
1.0,0.0,1.0,C,C,C,casanare,0.6351615916464532,0.30669628595899817,0.9872575527369554,0.33347299134082137
1.0,0.2647,0.0,C,C,C,casanare,0.6351615916464532,0.49703336292826455,0.38088369574850534,0.5820031253765996
1.0,0.2083,0.0,C,C,C,casanare,0.6351615916464532,0.4543471424754368,0.38088369574850534,0.5670629482181099
1.0,0.5556,0.0,C,C,C,casanare,0.6351615916464532,0.7050434430514714,0.38088369574850534,0.654806653419722
1.0,0.3846,0.0,C,C,C,casanare,0.6351615916464532,0.5871513331929921,0.38088369574850534,0.6135444149692543
1.0,0.8333,0.0,C,C,C,casanare,0.6351615916464532,0.8474382405011018,0.38088369574850534,0.7046448325270926
1.0,1.0,0.0,C,C,C,casanare,0.6351615916464532,0.9021037826726974,0.38088369574850534,0.7237777722871511
1.0,0.8333,0.0,C,C,C,casanare,0.6351615916464532,0.8474382405011018,0.38088369574850534,0.7046448325270926
1.0,0.0,0.0,C,C,C,casanare,0.6351615916464532,0.30669628595899817,0.38088369574850534,0.5153851484373564
1.0,0.0,0.0,C,C,C,casanare,0.6351615916464532,0.30669628595899817,0.38088369574850534,0.5153851484373564
1.0,1.0,0.0,C,C,C,casanare,0.6351615916464532,0.9021037826726974,0.38088369574850534,0.7237777722871511
1.0,1.0,0.0,C,C,C,casanare,0.6351615916464532,0.9021037826726974,0.38088369574850534,0.7237777722871511
1.0,0.8333,0.0,C,C,C,casanare,0.6351615916464532,0.8474382405011018,0.38088369574850534,0.7046448325270926
1.0,1.0,0.0,C,C,C,casanare,0.6351615916464532,0.9021037826726974,0.38088369574850534,0.7237777722871511
1.0,1.0,1.0,C,C,C,casanare,0.6351615916464532,0.9021037826726974,0.9872575527369554,0.5418656151906162
1.0,0.0,0.0,C,C,C,casanare,0.6351615916464532,0.30669628595899817,0.38088369574850534,0.5153851484373564
1.0,0.0,0.0,C,C,C,casanare,0.6351615916464532,0.30669628595899817,0.38088369574850534,0.5153851484373564
1.0,1.0,0.0,C,C,C,casanare,0.6351615916464532,0.9021037826726974,0.38088369574850534,0.7237777722871511
1.0,1.0,0.0,C,C,C,casanare,0.6351615916464532,0.9021037826726974,0.38088369574850534,0.7237777722871511
1.0,1.0,0.0,C,C,C,casanare,0.6351615916464532,0.9021037826726974,0.38088369574850534,0.7237777722871511
1.0,0.0,1.0,C,C,C,casanare,0.6351615916464532,0.30669628595899817,0.9872575527369554,0.33347299134082137
1.0,0.0,0.0,C,C,C,casanare,0.6351615916464532,0.30669628595899817,0.38088369574850534,0.5153851484373564
1.0,0.0,1.0,C,C,C,casanare,0.6351615916464532,0.30669628595899817,0.9872575527369554,0.33347299134082137
1.0,0.0,0.0,C,C,C,casanare,0.6351615916464532,0.30669628595899817,0.38088369574850534,0.5153851484373564
1.0,0.0,0.0,C,C,C,casanare,0.6351615916464532,0.30669628595899817,0.38088369574850534,0.5153851484373564
1.0,0.0,1.0,C,C,C,casanare,0.6351615916464532,0.30669628595899817,0.9872575527369554,0.33347299134082137
1.0,0.0,0.0,C,C,C,casanare,0.6351615916464532,0.30669628595899817,0.38088369574850534,0.5153851484373564
1.0,1.0,0.0,C,C,C,casanare,0.6351615916464532,0.9021037826726974,0.38088369574850534,0.7237777722871511
1.0,0.0,0.0,C,C,C,casanare,0.6351615916464532,0.30669628595899817,0.38088369574850534,0.5153851484373564
1.0,1.0,0.0,C,C,C,casanare,0.6351615916464532,0.9021037826726974,0.38088369574850534,0.7237777722871511
1.0,0.0,1.0,C,C,C,casanare,0.6351615916464532,0.30669628595899817,0.9872575527369554,0.33347299134082137
1.0,0.0,0.0,C,C,C,casanare,0.6351615916464532,0.30669628595899817,0.38088369574850534,0.5153851484373564
1.0,1.0,0.0,C,C,C,casanare,0.6351615916464532,0.9021037826726974,0.38088369574850534,0.7237777722871511
1.0,1.0,0.0,C,C,C,casanare,0.6351615916464532,0.9021037826726974,0.38088369574850534,0.7237777722871511
1.0,0.0,0.0,C,C,C,casanare,0.6351615916464532,0.30669628595899817,0.38088369574850534,0.5153851484373564
1.0,1.0,0.0,C,C,C,casanare,0.6351615916464532,0.9021037826726974,0.38088369574850534,0.7237777722871511
1.0,0.0,0.0,C,C,C,casanare,0.6351615916464532,0.30669628595899817,0.38088369574850534,0.5153851484373564
1.0,1.0,0.0,C,C,C,casanare,0.6351615916464532,0.9021037826726974,0.38088369574850534,0.7237777722871511
1.0,0.7576,0.0,C,C,C,casanare,0.6351615916464532,0.8152950789780863,0.38088369574850534,0.6933947259940372
1.0,0.8556,0.0,C,C,C,casanare,0.6351615916464532,0.8559881445091762,0.38088369574850534,0.7076372989299187
1.0,0.0,0.0,C,C,C,casanare,0.6351615916464532,0.30669628595899817,0.38088369574850534,0.5153851484373564
1.0,0.0,0.1042,C,C,C,casanare,0.6351615916464532,0.30669628595899817,0.504522470727764,0.4782935159435788
1.0,0.1852,0.0,C,C,C,casanare,0.6351615916464532,0.4370205221471534,0.38088369574850534,0.5609986311032107
0.72,0.0729,0.0,C,C,C,casanare,0.377604726394848,0.35565931249301425,0.38088369574850534,0.4423773048862002
1.0,0.0,0.0,C,C,C,casanare,0.6351615916464532,0.30669628595899817,0.38088369574850534,0.5153851484373564
1.0,0.0,0.0,C,C,C,casanare,0.6351615916464532,0.30669628595899817,0.38088369574850534,0.5153851484373564
0.2447,0.0,0.1103,C,C,C,casanare,0.09202546429307006,0.30669628595899817,0.5118949310298323,0.2859841332792742
0.3712,0.0,0.0,C,C,C,casanare,0.14028799413963733,0.30669628595899817,0.38088369574850534,0.3421793893099708
0.5374,0.0,0.0,C,C,C,casanare,0.2337627132435878,0.30669628595899817,0.38088369574850534,0.37489554099635347
0.3695,0.0,0.0,C,C,C,casanare,0.1395178578578022,0.30669628595899817,0.38088369574850534,0.34190984161132854
1.0,0.0,0.0,C,C,C,casanare,0.6351615916464532,0.30669628595899817,0.38088369574850534,0.5153851484373564
1.0,0.2024,0.0,C,C,C,casanare,0.6351615916464532,0.44990949161649924,0.38088369574850534,0.5655097704174817
1.0,0.3333,0.85,C,C,C,casanare,0.6351615916464532,0.5489508353339617,0.9740331226053819,0.42222941266153063
1.0,1.0,0.0,C,C,C,casanare,0.6351615916464532,0.9021037826726974,0.38088369574850534,0.7237777722871511
1.0,1.0,0.0,C,C,C,casanare,0.6351615916464532,0.9021037826726974,0.38088369574850534,0.7237777722871511
1.0,1.0,0.0,C,C,C,casanare,0.6351615916464532,0.9021037826726974,0.38088369574850534,0.7237777722871511
1.0,1.0,0.0,C,C,C,casanare,0.6351615916464532,0.9021037826726974,0.38088369574850534,0.7237777722871511
1.0,0.2083,0.0,C,C,C,casanare,0.6351615916464532,0.4543471424754368,0.38088369574850534,0.5670629482181099
1.0,1.0,1.0,C,C,C,casanare,0.6351615916464532,0.9021037826726974,0.9872575527369554,0.5418656151906162
1.0,0.0,0.0,C,C,C,casanare,0.6351615916464532,0.30669628595899817,0.38088369574850534,0.5153851484373564
1.0,0.0,0.0,C,C,C,casanare,0.6351615916464532,0.30669628595899817,0.38088369574850534,0.5153851484373564
1.0,0.0,1.0,C,C,C,casanare,0.6351615916464532,0.30669628595899817,0.9872575527369554,0.33347299134082137
1.0,1.0,0.0,C,C,C,casanare,0.6351615916464532,0.9021037826726974,0.38088369574850534,0.7237777722871511
1.0,0.8333,1.0,C,C,C,casanare,0.6351615916464532,0.8474382405011018,0.9872575527369554,0.5227326754305577
1.0,0.0,0.0,C,C,C,casanare,0.6351615916464532,0.30669628595899817,0.38088369574850534,0.5153851484373564
1.0,1.0,0.0,C,C,C,casanare,0.6351615916464532,0.9021037826726974,0.38088369574850534,0.7237777722871511
1.0,0.0,0.0,C,C,C,casanare,0.6351615916464532,0.30669628595899817,0.38088369574850534,0.5153851484373564
1.0,0.5833,0.0,C,C,C,casanare,0.6351615916464532,0.7222280519064573,0.38088369574850534,0.660821266518967
1.0,1.0,0.0,C,C,C,casanare,0.6351615916464532,0.9021037826726974,0.38088369574850534,0.7237777722871511
1.0,1.0,0.0,C,C,C,casanare,0.6351615916464532,0.9021037826726974,0.38088369574850534,0.7237777722871511
1.0,1.0,0.0,C,C,C,casanare,0.6351615916464532,0.9021037826726974,0.38088369574850534,0.7237777722871511
1.0,0.3889,0.0,C,C,C,casanare,0.6351615916464532,0.5903126852722825,0.38088369574850534,0.6146508881970059
1.0,1.0,0.0,C,C,C,casanare,0.6351615916464532,0.9021037826726974,0.38088369574850534,0.7237777722871511
1.0,1.0,0.0,C,C,C,casanare,0.6351615916464532,0.9021037826726974,0.38088369574850534,0.7237777722871511
1.0,0.0,0.0,C,C,C,casanare,0.6351615916464532,0.30669628595899817,0.38088369574850534,0.5153851484373564
1.0,0.4048,0.0,C,C,C,casanare,0.6351615916464532,0.601935780865831,0.38088369574850534,0.6187189716547479
1.0,1.0,0.0,C,C,C,casanare,0.6351615916464532,0.9021037826726974,0.38088369574850534,0.7237777722871511
1.0,1.0,0.0,C,C,C,casanare,0.6351615916464532,0.9021037826726974,0.38088369574850534,0.7237777722871511
1.0,0.5833,0.0,C,C,C,casanare,0.6351615916464532,0.7222280519064573,0.38088369574850534,0.660821266518967
1.0,1.0,0.0,C,C,C,casanare,0.6351615916464532,0.9021037826726974,0.38088369574850534,0.7237777722871511
1.0,1.0,0.0,C,C,C,casanare,0.6351615916464532,0.9021037826726974,0.38088369574850534,0.7237777722871511
1.0,0.0,0.0,C,C,C,casanare,0.6351615916464532,0.30669628595899817,0.38088369574850534,0.5153851484373564
1.0,1.0,0.0,C,C,C,casanare,0.6351615916464532,0.9021037826726974,0.38088369574850534,0.7237777722871511
1.0,1.0,0.0,C,C,C,casanare,0.6351615916464532,0.9021037826726974,0.38088369574850534,0.7237777722871511
1.0,1.0,0.0,C,C,C,casanare,0.6351615916464532,0.9021037826726974,0.38088369574850534,0.7237777722871511
1.0,0.0,0.0,C,C,C,casanare,0.6351615916464532,0.30669628595899817,0.38088369574850534,0.5153851484373564
1.0,0.0,0.0,C,C,C,casanare,0.6351615916464532,0.30669628595899817,0.38088369574850534,0.5153851484373564
1.0,0.0,1.0,C,C,C,casanare,0.6351615916464532,0.30669628595899817,0.9872575527369554,0.33347299134082137
1.0,0.0,0.0,C,C,C,casanare,0.6351615916464532,0.30669628595899817,0.38088369574850534,0.5153851484373564
1.0,1.0,0.0,C,C,C,casanare,0.6351615916464532,0.9021037826726974,0.38088369574850534,0.7237777722871511
1.0,1.0,0.0,C,C,C,casanare,0.6351615916464532,0.9021037826726974,0.38088369574850534,0.7237777722871511
1.0,1.0,0.0,C,C,C,casanare,0.6351615916464532,0.9021037826726974,0.38088369574850534,0.7237777722871511
1.0,0.0,0.0,C,C,C,casanare,0.6351615916464532,0.30669628595899817,0.38088369574850534,0.5153851484373564
1.0,0.0,0.0,C,C,C,casanare,0.6351615916464532,0.30669628595899817,0.38088369574850534,0.5153851484373564
1.0,0.0,0.0,C,C,C,casanare,0.6351615916464532,0.30669628595899817,0.38088369574850534,0.5153851484373564
1.0,0.0,0.0,C,C,C,casanare,0.6351615916464532,0.30669628595899817,0.38088369574850534,0.5153851484373564
1.0,1.0,0.0,C,C,C,casanare,0.6351615916464532,0.9021037826726974,0.38088369574850534,0.7237777722871511
1.0,0.0,0.0,C,C,C,casanare,0.6351615916464532,0.30669628595899817,0.38088369574850534,0.5153851484373564
1.0,0.0,0.0,C,C,C,casanare,0.6351615916464532,0.30669628595899817,0.38088369574850534,0.5153851484373564
1.0,1.0,0.0,C,C,C,casanare,0.6351615916464532,0.9021037826726974,0.38088369574850534,0.7237777722871511
1.0,1.0,0.0,C,C,C,casanare,0.6351615916464532,0.9021037826726974,0.38088369574850534,0.7237777722871511
1.0,0.0,0.0,C,C,C,casanare,0.6351615916464532,0.30669628595899817,0.38088369574850534,0.5153851484373564
1.0,0.0,0.0,C,C,C,casanare,0.6351615916464532,0.30669628595899817,0.38088369574850534,0.5153851484373564
1.0,1.0,1.0,C,C,C,casanare,0.6351615916464532,0.9021037826726974,0.9872575527369554,0.5418656151906162
1.0,1.0,0.0,C,C,C,casanare,0.6351615916464532,0.9021037826726974,0.38088369574850534,0.7237777722871511
1.0,1.0,1.0,C,C,C,casanare,0.6351615916464532,0.9021037826726974,0.9872575527369554,0.5418656151906162
1.0,0.0,0.0,C,C,C,casanare,0.6351615916464532,0.30669628595899817,0.38088369574850534,0.5153851484373564
1.0,1.0,0.0,C,C,C,casanare,0.6351615916464532,0.9021037826726974,0.38088369574850534,0.7237777722871511
1.0,1.0,0.0,C,C,C,casanare,0.6351615916464532,0.9021037826726974,0.38088369574850534,0.7237777722871511
1.0,0.0,0.0,C,C,C,casanare,0.6351615916464532,0.30669628595899817,0.38088369574850534,0.5153851484373564
1.0,1.0,0.0,C,C,C,casanare,0.6351615916464532,0.9021037826726974,0.38088369574850534,0.7237777722871511
1.0,1.0,1.0,C,C,C,casanare,0.6351615916464532,0.9021037826726974,0.9872575527369554,0.5418656151906162
1.0,1.0,0.0,C,C,C,casanare,0.6351615916464532,0.9021037826726974,0.38088369574850534,0.7237777722871511
1.0,1.0,0.0,C,C,C,casanare,0.6351615916464532,0.9021037826726974,0.38088369574850534,0.7237777722871511
1.0,0.0,0.0,C,C,C,casanare,0.6351615916464532,0.30669628595899817,0.38088369574850534,0.5153851484373564
1.0,0.0,0.0,C,C,C,casanare,0.6351615916464532,0.30669628595899817,0.38088369574850534,0.5153851484373564
1.0,0.3704,0.0,C,C,C,casanare,0.6351615916464532,0.576661699338006,0.38088369574850534,0.6098730431200091
1.0,0.2576,0.0,C,C,C,casanare,0.6351615916464532,0.4916444394848088,0.38088369574850534,0.5801170021713901
1.0,0.1667,0.0,C,C,C,catatumbo,0.6351615916464532,0.42325216426292844,0.38088369574850534,0.556179705843732
0.5579,0.1111,0.2833,C,C,C,catatumbo,0.24786970830952745,0.38266246566609474,0.7076877941853743,0.30837992263585545
1.0,0.881,0.2679,C,C,C,catatumbo,0.6351615916464532,0.8652370573390011,0.6920475784365309,0.6175252536139498
1.0,0.1296,0.0,C,C,C,catatumbo,0.6351615916464532,0.3960170669759619,0.38088369574850534,0.5466474217932937
1.0,0.3704,0.2083,C,C,C,catatumbo,0.6351615916464532,0.576661699338006,0.6274975732112504,0.5358888798811856
1.0,1.0,0.0,C,C,C,catatumbo,0.6351615916464532,0.9021037826726974,0.38088369574850534,0.7237777722871511
1.0,1.0,0.0,C,C,C,catatumbo,0.6351615916464532,0.9021037826726974,0.38088369574850534,0.7237777722871511
1.0,0.1515,0.0,C,C,C,catatumbo,0.6351615916464532,0.4120273325965512,0.38088369574850534,0.5522510147605
0.215,0.0389,0.0,C,C,C,catatumbo,0.08309902930809425,0.3323682956993087,0.38088369574850534,0.3311484550280394
0.1108,0.0,0.0,C,C,C,catatumbo,0.057689388217949035,0.30669628595899817,0.38088369574850534,0.3132698772373799
0.3526,0.2632,0.0,C,C,C,catatumbo,0.13205316238117254,0.4958947584180303,0.38088369574850534,0.40551666355516935
0.6444,0.5,0.0,C,C,C,catatumbo,0.31338343003628694,0.6687652425999515,0.38088369574850534,0.5294869266981318
1.0,0.6667,0.0,C,C,C,catatumbo,0.6351615916464532,0.7700828219335724,0.38088369574850534,0.6775704360284573
1.0,0.1852,0.0,C,C,C,catatumbo,0.6351615916464532,0.4370205221471534,0.38088369574850534,0.5609986311032107
1.0,0.2083,0.4844,C,C,C,catatumbo,0.6351615916464532,0.4543471424754368,0.8649069618233248,0.421855968395664
1.0,0.7143,0.8929,C,C,C,catatumbo,0.6351615916464532,0.794670748099525,0.9787948704224949,0.5068028577843439
1.0,0.1852,0.2778,C,C,C,catatumbo,0.6351615916464532,0.4370205221471534,0.7021555826687287,0.46461706502714367
1.0,0.1296,0.0,C,C,C,catatumbo,0.6351615916464532,0.3960170669759619,0.38088369574850534,0.5466474217932937
1.0,0.0,0.0,C,C,C,catatumbo,0.6351615916464532,0.30669628595899817,0.38088369574850534,0.5153851484373564
1.0,0.1458,0.9375,C,C,C,catatumbo,0.6351615916464532,0.40784084333732784,0.9828381450906575,0.3701994087171261
1.0,1.0,0.0,C,C,C,catatumbo,0.6351615916464532,0.9021037826726974,0.38088369574850534,0.7237777722871511
1.0,0.303,0.3864,C,C,C,catatumbo,0.6351615916464532,0.5260834634147451,0.7994324085386927,0.4666060467098116
0.375,0.2083,0.0,C,C,C,catatumbo,0.1420223400190563,0.4543471424754368,0.38088369574850534,0.39446421014852096
0.5354,0.9583,0.1607,C,C,C,catatumbo,0.23241672253223178,0.890338409543152,0.5723174450357621,0.5212690627156557
1.0,0.0,0.1442,C,C,C,catatumbo,0.6351615916464532,0.30669628595899817,0.5526842221907936,0.4638449905046699
0.6509,0.0,0.2273,C,C,C,catatumbo,0.3186729358761175,0.30669628595899817,0.6487105932593321,0.3242660496644908
0.7073,0.1111,0.2917,C,C,C,catatumbo,0.36643515811924693,0.38266246566609474,0.7160193817093802,0.3473783538120555
1.0,0.1389,0.2083,C,C,C,catatumbo,0.6351615916464532,0.4027908804466444,0.6274975732112504,0.4750340932692091
1.0,0.0,0.0,C,C,C,catatumbo,0.6351615916464532,0.30669628595899817,0.38088369574850534,0.5153851484373564
0.6222,0.1852,0.0,C,C,C,catatumbo,0.2956856712275599,0.4370205221471534,0.38088369574850534,0.44218205895659807
0.6,0.25,0.1125,C,C,C,catatumbo,0.2785818534791368,0.48587819781053976,0.5145527495703888,0.4131951930802701
0.43,0.2222,0.0,C,C,C,catatumbo,0.1691690187422874,0.46482941898374763,0.38088369574850534,0.40763434447956065
0.7107,0.2222,0.0,C,C,C,catatumbo,0.3694119581864944,0.46482941898374763,0.38088369574850534,0.4777193732850331
0.1238,0.2381,0.0,C,C,C,catatumbo,0.06040829887086982,0.4768576033493456,0.38088369574850534,0.3737779570525238
0.0448,0.1075,0.0,C,C,C,catatumbo,0.04557540311932375,0.3800835117233278,0.38088369574850534,0.3347155114703764
0.0189,0.0709,0.0,C,C,C,catatumbo,0.04151697122744444,0.35426884313095136,0.38088369574850534,0.3242599263008869
0.1696,0.0,0.0,C,C,C,catatumbo,0.07096960801704616,0.30669628595899817,0.38088369574850534,0.3179179541670639
0.5038,0.1961,0.1324,C,C,C,catatumbo,0.21187109396891576,0.4451797848004583,0.5385383332264526,0.36840630760134513
0.1238,0.0,0.0,C,C,C,catatumbo,0.06040829887086982,0.30669628595899817,0.38088369574850534,0.3142214959659022
0.2294,0.2632,0.0,C,C,C,catatumbo,0.08732421517954125,0.4958947584180303,0.38088369574850534,0.3898615320345984
0.3824,0.2917,0.1125,C,C,C,catatumbo,0.1454510785418112,0.5175220650020993,0.5145527495703888,0.377674775369252
0.7308,0.3846,0.7115,C,C,C,catatumbo,0.38720711747060366,0.5871513331929921,0.9504929864093842,0.3558775618094432
0.4859,0.0521,0.0,C,C,C,catatumbo,0.200836554321499,0.34132118640468456,0.38088369574850534,0.3754901005296126
0.3103,0.0,0.1406,C,C,C,catatumbo,0.11484512201281835,0.30669628595899817,0.5483764883556298,0.2830265462834468
0.0588,0.0498,0.0739,C,C,C,catatumbo,0.047923798349121645,0.3397528271753158,0.4679355389506253,0.2953061572483655
0.1822,0.1543,0.0417,C,C,C,catatumbo,0.07416162338316994,0.41408856550549966,0.42943748121235537,0.3420563217473277
0.0591,0.1515,0.1023,C,C,C,catatumbo,0.0479753581579282,0.4120273325965512,0.5022255784954377,0.3103332682154365
0.5548,0.275,0.3273,C,C,C,catatumbo,0.24570029362472925,0.5048519878541077,0.7496892077186145,0.3377865362020086
0.2218,0.0859,0.0882,C,C,C,catatumbo,0.08507058390628922,0.36475596189716625,0.4851837677625196,0.3118841607024535
0.1444,0.0,0.397,C,C,C,catatumbo,0.06496329096922243,0.30669628595899817,0.8075253622548817,0.18782324324841268
0.0,0.0,0.0,C,C,C,catatumbo,0.03877604189617447,0.30669628595899817,0.38088369574850534,0.3066502060247588
0.0,0.0,0.0,C,C,C,catatumbo,0.03877604189617447,0.30669628595899817,0.38088369574850534,0.3066502060247588
0.0,0.0,0.0,C,C,C,catatumbo,0.03877604189617447,0.30669628595899817,0.38088369574850534,0.3066502060247588
0.0,0.0,0.0,C,C,C,catatumbo,0.03877604189617447,0.30669628595899817,0.38088369574850534,0.3066502060247588
0.0,0.0,0.0,C,C,C,catatumbo,0.03877604189617447,0.30669628595899817,0.38088369574850534,0.3066502060247588
0.0,0.0,0.0,C,C,C,catatumbo,0.03877604189617447,0.30669628595899817,0.38088369574850534,0.3066502060247588
0.0,0.0,0.0,C,C,C,catatumbo,0.03877604189617447,0.30669628595899817,0.38088369574850534,0.3066502060247588
0.0,0.0,0.0,C,C,C,catatumbo,0.03877604189617447,0.30669628595899817,0.38088369574850534,0.3066502060247588
1.0,0.0,0.0,C,C,C,dabeiba,0.6351615916464532,0.30669628595899817,0.38088369574850534,0.5153851484373564
1.0,1.0,0.0,C,C,C,dabeiba,0.6351615916464532,0.9021037826726974,0.38088369574850534,0.7237777722871511
1.0,0.0,0.0,C,C,C,dabeiba,0.6351615916464532,0.30669628595899817,0.38088369574850534,0.5153851484373564
1.0,1.0,0.0,C,C,C,dabeiba,0.6351615916464532,0.9021037826726974,0.38088369574850534,0.7237777722871511
1.0,0.375,0.1667,C,C,C,dabeiba,0.6351615916464532,0.5800678056859835,0.5794040235680159,0.5515090819959481
0.3781,0.0729,0.0,C,C,C,dabeiba,0.1434504215078825,0.35565931249301425,0.38088369574850534,0.36042329817576224
0.6644,0.3704,0.0,C,C,C,dabeiba,0.3298083557358518,0.576661699338006,0.38088369574850534,0.5029994105512986
1.0,0.2564,0.0,C,C,C,dabeiba,0.6351615916464532,0.490733793046026,0.38088369574850534,0.5797982759178161
1.0,0.0,0.0,C,C,C,dabeiba,0.6351615916464532,0.30669628595899817,0.38088369574850534,0.5153851484373564
0.6222,0.0,0.0,C,C,C,dabeiba,0.2956856712275599,0.30669628595899817,0.38088369574850534,0.3965685762907437
1.0,0.0,0.0,C,C,C,dabeiba,0.6351615916464532,0.30669628595899817,0.38088369574850534,0.5153851484373564
0.5,0.0,0.0,C,C,C,dabeiba,0.2094920415415333,0.30669628595899817,0.38088369574850534,0.3664008059006344
0.4864,0.2121,0.225,C,C,C,dabeiba,0.2011388543806554,0.45720918037965874,0.6461718085978829,0.336570269586745
0.7,0.2179,0.1442,C,C,C,dabeiba,0.3600783678321197,0.4615829423569459,0.5526842221907936,0.4217761919089349
0.8658,0.0794,0.0952,C,C,C,dabeiba,0.5122937092604127,0.3601950873983333,0.493642406287012,0.4572783569444575
0.98,0.0,0.0,C,C,C,dabeiba,0.6175420162304021,0.30669628595899817,0.38088369574850534,0.5092182970417385
1.0,0.0,0.1731,C,C,C,dabeiba,0.6351615916464532,0.30669628595899817,0.5869270676203161,0.45357213687581316
0.7654,0.0,0.0,C,C,C,dabeiba,0.41853161856893173,0.30669628595899817,0.38088369574850534,0.43956465786022386
0.6011,0.0,0.0,C,C,C,dabeiba,0.2794149123740492,0.30669628595899817,0.38088369574850534,0.390873810692015
1.0,1.0,0.625,C,C,C,dabeiba,0.6351615916464532,0.9021037826726974,0.9266661112464721,0.5600430476377611
1.0,0.0,0.0,C,C,C,dabeiba,0.6351615916464532,0.30669628595899817,0.38088369574850534,0.5153851484373564
1.0,0.6667,0.0,C,C,C,dabeiba,0.6351615916464532,0.7700828219335724,0.38088369574850534,0.6775704360284573
1.0,0.1458,0.4688,C,C,C,dabeiba,0.6351615916464532,0.40784084333732784,0.8558474317002988,0.40829662273423367
1.0,0.5556,0.0,C,C,C,dabeiba,0.6351615916464532,0.7050434430514714,0.38088369574850534,0.654806653419722
0.2854,0.3846,0.0,C,C,C,dabeiba,0.10565406447549242,0.5871513331929921,0.38088369574850534,0.42821678045941797
0.5167,0.2222,0.0,C,C,C,dabeiba,0.2200942326222631,0.46482941898374763,0.38088369574850534,0.42545816933755215
1.0,0.3571,0.0,C,C,C,dabeiba,0.6351615916464532,0.5667736349223853,0.38088369574850534,0.6064122205745419
1.0,0.0,0.0,C,C,C,dabeiba,0.6351615916464532,0.30669628595899817,0.38088369574850534,0.5153851484373564
1.0,0.0,0.0,C,C,C,dabeiba,0.6351615916464532,0.30669628595899817,0.38088369574850534,0.5153851484373564
0.4175,0.2778,0.2062,C,C,C,dabeiba,0.16265722693724163,0.5069771895359981,0.6251208044249184,0.3468358044381584
0.7091,1.0,0.0,C,C,C,dabeiba,0.3680098575074915,0.9021037826726974,0.38088369574850534,0.6302746653385145
1.0,0.7738,0.0,C,C,C,dabeiba,0.6351615916464532,0.8225880025312464,0.38088369574850534,0.6959472492376433
1.0,0.3333,0.0,C,C,C,dabeiba,0.6351615916464532,0.5489508353339617,0.38088369574850534,0.6001742407185936
0.65,0.2083,0.2812,C,C,C,dabeiba,0.31793770877002864,0.4543471424754368,0.7055826167855744,0.35862491290024057
0.7962,0.1282,0.0,C,C,C,dabeiba,0.44698813638754104,0.39500073038403066,0.38088369574850534,0.4804309946454985
0.3794,0.5263,0.0,C,C,C,dabeiba,0.14405284332141066,0.6862108950657436,0.38088369574850534,0.4763271997109524
0.2438,0.4167,0.1562,C,C,C,dabeiba,0.09174273605536173,0.6105609978489742,0.5669828014575767,0.3757114664292445
0.5056,0.0,0.0,C,C,C,dabeiba,0.21300488746845808,0.30669628595899817,0.38088369574850534,0.3676303019750581
0.4225,0.2813,0.0,C,C,C,dabeiba,0.16523738152450726,0.5096333281035765,0.38088369574850534,0.4219396396452777
0.7858,0.0,0.0,C,C,C,dabeiba,0.43733089118127366,0.30669628595899817,0.38088369574850534,0.4461444032745435
0.39,0.2024,0.0,C,C,C,dabeiba,0.1490436972263761,0.44990949161649924,0.38088369574850534,0.3953685073704547
0.3583,0.0926,0.125,C,C,C,dabeiba,0.13453222852713997,0.3694827147182257,0.529633937337422,0.3175150489346513
0.8509,0.2222,0.15,C,C,C,dabeiba,0.4982722035593954,0.46482941898374763,0.5596075856521181,0.46920329219446455
0.76,0.0,0.0,C,C,C,dabeiba,0.4135923818972663,0.30669628595899817,0.38088369574850534,0.43783592502514096
0.8667,0.0,0.0,C,C,C,dabeiba,0.5131402477832032,0.30669628595899817,0.38088369574850534,0.4726776780852189
1.0,0.0,0.0,C,C,C,dabeiba,0.6351615916464532,0.30669628595899817,0.38088369574850534,0.5153851484373564
0.6722,0.0,0.6944,C,C,C,dabeiba,0.3363313230004212,0.30669628595899817,0.9464536519229797,0.24112356755890285
0.65,0.0,0.2475,C,C,C,dabeiba,0.31793770877002864,0.30669628595899817,0.6706351775019234,0.31743134490458236
0.6,0.1282,0.0,C,C,C,dabeiba,0.2785818534791368,0.39500073038403066,0.38088369574850534,0.42148879562755703
1.0,0.3333,0.1875,C,C,C,dabeiba,0.6351615916464532,0.5489508353339617,0.6037014130407933,0.5333289255309073
1.0,0.0,0.1442,C,C,C,dabeiba,0.6351615916464532,0.30669628595899817,0.5526842221907936,0.4638449905046699
1.0,0.0,0.0,C,C,C,dabeiba,0.6351615916464532,0.30669628595899817,0.38088369574850534,0.5153851484373564
0.4643,0.0,0.0,C,C,C,dabeiba,0.1881013817909255,0.30669628595899817,0.38088369574850534,0.35891407498792166
1.0,0.1389,0.0,C,C,C,dabeiba,0.6351615916464532,0.4027908804466444,0.38088369574850534,0.5490182565080326
1.0,0.0,0.0,C,C,C,dabeiba,0.6351615916464532,0.30669628595899817,0.38088369574850534,0.5153851484373564
0.5308,0.0,0.0,C,C,C,dabeiba,0.2293414943464011,0.30669628595899817,0.38088369574850534,0.3733481143823381
0.3611,0.0,0.0,C,C,C,dabeiba,0.13576434839655394,0.30669628595899817,0.38088369574850534,0.3405961132998916
0.2464,0.1111,0.0,C,C,C,dabeiba,0.09256164346844675,0.38266246566609474,0.38088369574850534,0.35206332947253793
0.5909,0.0,0.0,C,C,C,dabeiba,0.27174899483645387,0.30669628595899817,0.38088369574850534,0.3881907395538566
0.8583,0.2778,0.0,C,C,C,dabeiba,0.5052369402105049,0.5069771895359981,0.38088369574850534,0.5400098366867244
1.0,0.0,0.0,C,C,C,dabeiba,0.6351615916464532,0.30669628595899817,0.38088369574850534,0.5153851484373564
0.52,0.3333,0.0,C,C,C,dabeiba,0.2222342503722248,0.5489508353339617,0.38088369574850534,0.4556496712726137
1.0,0.0,0.0,C,C,C,dabeiba,0.6351615916464532,0.30669628595899817,0.38088369574850534,0.5153851484373564
0.2262,0.1587,0.0,C,C,C,dabeiba,0.08636881023760308,0.41733370770235145,0.38088369574850534,0.3620307725544325
0.9259,0.0,0.0,C,C,C,dabeiba,0.568430629428466,0.30669628595899817,0.38088369574850534,0.49202931166106084
0.445,0.0,0.1184,C,C,C,dabeiba,0.17725519352703392,0.30669628595899817,0.5216760584851347,0.31288020027457086
1.0,0.0985,0.0,C,C,C,dabeiba,0.6351615916464532,0.37366594423386224,0.38088369574850534,0.5388245288335588
0.5778,0.3889,0.0,C,C,C,dabeiba,0.2620992234917002,0.5903126852722825,0.38088369574850534,0.48407905934284234
0.9014,0.7381,0.0,C,C,C,dabeiba,0.5456754784180191,0.8062117186421351,0.38088369574850534,0.6588954102465023
0.1382,0.1961,0.0,C,C,C,dabeiba,0.06355974596180664,0.4451797848004583,0.38088369574850534,0.3637937270422411
0.7571,0.4762,0.1607,C,C,C,dabeiba,0.41094691918550813,0.6525662464133577,0.5723174450357621,0.5005343744488744
0.3733,0.3556,0.165,C,C,C,dabeiba,0.14124424696211033,0.565654942570982,0.5773993473857887,0.3741949121208457
0.4844,0.0463,0.1042,C,C,C,dabeiba,0.19993169571419184,0.33737293025805054,0.504522470727764,0.3366998778719556
0.6654,0.0833,0.0,C,C,C,dabeiba,0.33064104670014804,0.36292864371033845,0.38088369574850534,0.42848428291911866
1.0,0.0833,0.0,C,C,C,dabeiba,0.6351615916464532,0.36292864371033845,0.38088369574850534,0.5350664736503254
0.4,0.0778,0.15,C,C,C,dabeiba,0.15388197475817003,0.35907623410009015,0.5596075856521181,0.3116530974047556
0.845,0.3667,0.0,C,C,C,dabeiba,0.49271958738775246,0.5739166916098403,0.38088369574850534,0.5590575889246059
0.6771,0.0,0.0,C,C,C,dabeiba,0.34046142669895907,0.30669628595899817,0.38088369574850534,0.4122400907057334
0.9755,0.0,0.2273,C,C,C,dabeiba,0.6135327638895876,0.30669628595899817,0.6487105932593321,0.4274669894692053
0.7425,0.2361,0.3958,C,C,C,dabeiba,0.3977093297666616,0.47534285740335774,0.8066218106291918,0.36358172232074926
1.0,0.0,0.1923,C,C,C,dabeiba,0.6351615916464532,0.30669628595899817,0.6092411598888174,0.44687790919526277
0.761,0.5667,0.0,C,C,C,dabeiba,0.41450577613301764,0.7120037532792621,0.38088369574850534,0.5800132265697463
0.47,0.325,0.0,C,C,C,dabeiba,0.19140062094648258,0.542703251952554,0.38088369574850534,0.44267124679011116
0.7569,0.1719,0.0,C,C,C,dabeiba,0.41076466128732764,0.42711111834463383,0.38088369574850534,0.47899141414663493
1.0,0.0,0.1562,C,C,C,dabeiba,0.6351615916464532,0.30669628595899817,0.5669828014575767,0.45955541672463496
1.0,0.0,0.2812,C,C,C,dabeiba,0.6351615916464532,0.30669628595899817,0.7055826167855744,0.41797547212623565
0.6682,0.0985,0.2045,C,C,C,dabeiba,0.33297822167712876,0.37366594423386224,0.6231923194497277,0.36036776223392847
0.7614,0.0,0.0,C,C,C,dabeiba,0.41487129884839824,0.30669628595899817,0.38088369574850534,0.43828354595803715
1.0,0.4167,0.0,C,C,C,dabeiba,0.6351615916464532,0.6105609978489742,0.38088369574850534,0.621737797598848
1.0,0.15,0.0,C,C,C,dabeiba,0.6351615916464532,0.4109243637828855,0.38088369574850534,0.5518649756757169
1.0,0.1667,0.3571,C,C,C,dabeiba,0.6351615916464532,0.42325216426292844,0.7757488160995052,0.43772016973843203
1.0,0.0,0.0,C,C,C,dabeiba,0.6351615916464532,0.30669628595899817,0.38088369574850534,0.5153851484373564
0.78,0.0,0.0,C,C,C,dabeiba,0.4319652030122755,0.30669628595899817,0.38088369574850534,0.44426641241539416
1.0,0.3889,0.0,C,C,C,dabeiba,0.6351615916464532,0.5903126852722825,0.38088369574850534,0.6146508881970059
1.0,1.0,0.0,C,C,C,dabeiba,0.6351615916464532,0.9021037826726974,0.38088369574850534,0.7237777722871511
1.0,0.0,0.0,C,C,C,dabeiba,0.6351615916464532,0.30669628595899817,0.38088369574850534,0.5153851484373564
1.0,0.0,0.0,C,C,C,dabeiba,0.6351615916464532,0.30669628595899817,0.38088369574850534,0.5153851484373564
1.0,0.5556,0.0,C,C,C,dabeiba,0.6351615916464532,0.7050434430514714,0.38088369574850534,0.654806653419722
1.0,0.2987,0.0,C,C,C,dabeiba,0.6351615916464532,0.5228271194914306,0.38088369574850534,0.5910309401737077
0.1182,0.0,0.1031,C,C,C,dabeiba,0.059222675547846465,0.30669628595899817,0.5031927080608792,0.2771138241091319
1.0,0.119,0.0,C,C,C,dabeiba,0.6351615916464532,0.3883448737087773,0.38088369574850534,0.5439621541497791
0.9111,0.1167,0.0,C,C,C,dabeiba,0.5547129241826364,0.38668729069242674,0.38088369574850534,0.5152249664817204
0.9045,0.0,0.0,C,C,C,dabeiba,0.5485672985299216,0.30669628595899817,0.38088369574850534,0.4850771458465703
1.0,0.3542,0.0,C,C,C,dabeiba,0.6351615916464532,0.5646102256715773,0.38088369574850534,0.605655027336759
0.9175,0.1875,0.375,C,C,C,dabeiba,0.5606564007263641,0.43873951893771423,0.7904471231787982,0.41265443492878795
1.0,0.3333,0.0,C,C,C,dabeiba,0.6351615916464532,0.5489508353339617,0.38088369574850534,0.6001742407185936
1.0,0.0,0.0,C,C,C,dabeiba,0.6351615916464532,0.30669628595899817,0.38088369574850534,0.5153851484373564
1.0,0.0,0.0,C,C,C,dabeiba,0.6351615916464532,0.30669628595899817,0.38088369574850534,0.5153851484373564
0.8636,0.0,0.3846,C,C,C,dabeiba,0.51022410578932,0.30669628595899817,0.7980331008113504,0.3465122068685062
0.242,0.0595,0.0,C,C,C,dabeiba,0.09117962133217478,0.34639068591602273,0.38088369574850534,0.3388844988123175
0.3263,0.0877,0.0,C,C,C,dabeiba,0.1211120886955507,0.36602331929306847,0.38088369574850534,0.3562322840714651
0.4567,0.1111,0.0,C,C,C,dabeiba,0.183770615076945,0.38266246566609474,0.38088369574850534,0.3839864695355123
0.8508,0.1389,0.0,C,C,C,dabeiba,0.49817808400182334,0.4027908804466444,0.38088369574850534,0.5010740288324121
0.7873,0.6944,0.0,C,C,C,dabeiba,0.4387210115328204,0.7846356261711731,0.38088369574850534,0.6139097144718461
0.2812,0.1042,0.4641,C,C,C,dabeiba,0.10416923101201492,0.3777253991305006,0.8530206514043022,0.21275692512858976
0.65,0.1167,0.0,C,C,C,dabeiba,0.31793770877002864,0.38668729069242674,0.38088369574850534,0.4323536410873078
0.9244,0.0,0.0,C,C,C,dabeiba,0.5670447310222878,0.30669628595899817,0.38088369574850534,0.49154424721889844
1.0,0.7,0.0,C,C,C,dabeiba,0.6351615916464532,0.7874951001341053,0.38088369574850534,0.6836647333986439
1.0,1.0,0.0,C,C,C,dabeiba,0.6351615916464532,0.9021037826726974,0.38088369574850534,0.7237777722871511
1.0,1.0,0.0,C,C,C,dabeiba,0.6351615916464532,0.9021037826726974,0.38088369574850534,0.7237777722871511
0.8036,0.0,0.0,C,C,C,huila,0.4538845175687616,0.30669628595899817,0.38088369574850534,0.45193817251016427
1.0,0.7407,0.0,C,C,C,huila,0.6351615916464532,0.8074421648562266,0.38088369574850534,0.6906462060513863
0.7714,0.3571,0.0,C,C,C,huila,0.4240388386456446,0.5667736349223853,0.38088369574850534,0.5325192570242588
0.9,0.2778,0.0,C,C,C,huila,0.5443684724988301,0.5069771895359981,0.38088369574850534,0.5537058729876383
0.5864,0.2576,0.2045,C,C,C,huila,0.26840919542897157,0.4916444394848088,0.6231923194497277,0.37906107638490477
0.9687,0.2083,0.0,C,C,C,huila,0.6074451788988546,0.4543471424754368,0.38088369574850534,0.5573622037564504
0.91,0.1515,0.0,C,C,C,huila,0.5536897626681586,0.4120273325965512,0.38088369574850534,0.5237358746180969
1.0,0.2381,0.3214,C,C,C,huila,0.6351615916464532,0.4768576033493456,0.744297135765546,0.46591757751886576
0.6615,0.0897,0.0,C,C,C,huila,0.32739959612719494,0.3674336719926154,0.38088369574850534,0.428926535117382
0.5778,0.1852,0.0,C,C,C,huila,0.2620992234917002,0.4370205221471534,0.38088369574850534,0.43042680224904717
0.3958,0.0,0.0,C,C,C,huila,0.1518344274070214,0.30669628595899817,0.38088369574850534,0.3462206409535552
0.7875,0.0298,0.0,C,C,C,huila,0.4389064340939655,0.3262655257614942,0.38088369574850534,0.45354507722485926
0.9611,0.3333,0.0,C,C,C,huila,0.6006017489360717,0.5489508353339617,0.38088369574850534,0.5880782957699601
1.0,0.6667,0.0,C,C,C,huila,0.6351615916464532,0.7700828219335724,0.38088369574850534,0.6775704360284573
1.0,0.8333,0.4688,C,C,C,huila,0.6351615916464532,0.8474382405011018,0.8558474317002988,0.5621557117415547
1.0,1.0,0.0,C,C,C,huila,0.6351615916464532,0.9021037826726974,0.38088369574850534,0.7237777722871511
1.0,1.0,0.0,C,C,C,huila,0.6351615916464532,0.9021037826726974,0.38088369574850534,0.7237777722871511
1.0,1.0,0.0,C,C,C,huila,0.6351615916464532,0.9021037826726974,0.38088369574850534,0.7237777722871511
1.0,0.5556,0.7917,C,C,C,huila,0.6351615916464532,0.7050434430514714,0.9658648706042382,0.47931230096300215
1.0,0.4167,1.0,C,C,C,huila,0.6351615916464532,0.6105609978489742,0.9872575527369554,0.43982564050231293
1.0,0.1515,0.0,C,C,C,huila,0.6351615916464532,0.4120273325965512,0.38088369574850534,0.5522510147605
1.0,0.1667,0.0,C,C,C,huila,0.6351615916464532,0.42325216426292844,0.38088369574850534,0.556179705843732
0.4321,0.0,0.0,C,C,C,huila,0.17028314217613452,0.30669628595899817,0.38088369574850534,0.35267769112274483
0.4433,0.1042,0.0,C,C,C,huila,0.17632374098198267,0.3777253991305006,0.38088369574850534,0.3796520903148175
0.6544,0.1042,0.1406,C,C,C,huila,0.3215407224270188,0.3777253991305006,0.5483764883556298,0.3802301960384429
1.0,0.0,0.0,C,C,C,huila,0.6351615916464532,0.30669628595899817,0.38088369574850534,0.5153851484373564
0.86,0.3333,0.0,C,C,C,huila,0.5068367582431026,0.5489508353339617,0.38088369574850534,0.555260549027421
1.0,0.0,0.0,C,C,C,huila,0.6351615916464532,0.30669628595899817,0.38088369574850534,0.5153851484373564
1.0,0.0,0.0,C,C,C,huila,0.6351615916464532,0.30669628595899817,0.38088369574850534,0.5153851484373564
0.6143,0.0,0.0,C,C,C,huila,0.2895295621708561,0.30669628595899817,0.38088369574850534,0.39441393812089737
0.3833,0.0,0.0,C,C,C,huila,0.14587273946804852,0.30669628595899817,0.38088369574850534,0.3441340501749147
1.0,0.0321,0.3846,C,C,C,huila,0.6351615916464532,0.327802536235091,0.7980331008113504,0.39762751451513534
0.7455,0.1111,0.0,C,C,C,huila,0.40041787397901585,0.38266246566609474,0.38088369574850534,0.4598130101512371
0.4875,0.0,0.0,C,C,C,huila,0.2018051125176197,0.30669628595899817,0.38088369574850534,0.36371038074226464
0.6167,0.3778,0.0,C,C,C,huila,0.2913917318195373,0.5821373815505693,0.38088369574850534,0.4914700809549857
1.0,0.1667,0.0,C,C,C,huila,0.6351615916464532,0.42325216426292844,0.38088369574850534,0.556179705843732
0.6273,0.0972,0.0,C,C,C,huila,0.29969993585853716,0.3727425666005125,0.38088369574850534,0.4210897671361158
0.764,0.0,0.0,C,C,C,huila,0.41724946423869275,0.30669628595899817,0.38088369574850534,0.4391159038446402
0.3013,0.1042,0.0,C,C,C,huila,0.11144536706760881,0.3777253991305006,0.38088369574850534,0.3569446594447867
0.3823,0.0758,0.0,C,C,C,huila,0.14540428981293782,0.3576798216097171,0.38088369574850534,0.3618143302733776
0.1953,0.0,0.1125,C,C,C,huila,0.07761989698518477,0.30669628595899817,0.5145527495703888,0.2801448391593474
0.0796,0.119,0.0,C,C,C,huila,0.05162595672997908,0.3883448737087773,0.38088369574850534,0.3397246819290131
0.3269,0.119,0.0,C,C,C,huila,0.12135274057119565,0.3883448737087773,0.38088369574850534,0.36412905627343894
0.1304,0.1333,0.0,C,C,C,huila,0.0618341439028871,0.3987074053831654,0.38088369574850534,0.3469244335255668
0.4756,0.0,0.0,C,C,C,huila,0.19468481468333054,0.30669628595899817,0.38088369574850534,0.36121827650026345
0.794,0.1111,0.0,C,C,C,huila,0.44494166659340095,0.38266246566609474,0.38088369574850534,0.47539633756627186
1.0,0.2333,0.5,C,C,C,huila,0.6351615916464532,0.4732229812759495,0.8734812973763992,0.4258902113099211
1.0,0.6667,0.45,C,C,C,huila,0.6351615916464532,0.7700828219335724,0.8442645302764207,0.5385561856700828
1.0,0.0,1.0,C,C,C,huila,0.6351615916464532,0.30669628595899817,0.9872575527369554,0.33347299134082137
1.0,1.0,0.0,C,C,C,huila,0.6351615916464532,0.9021037826726974,0.38088369574850534,0.7237777722871511
1.0,0.2917,0.625,C,C,C,huila,0.6351615916464532,0.5175220650020993,0.9266661112464721,0.4254394464530517
1.0,0.5556,0.0,C,C,C,huila,0.6351615916464532,0.7050434430514714,0.38088369574850534,0.654806653419722
1.0,0.0,0.0,C,C,C,huila,0.6351615916464532,0.30669628595899817,0.38088369574850534,0.5153851484373564
1.0,1.0,1.0,C,C,C,huila,0.6351615916464532,0.9021037826726974,0.9872575527369554,0.5418656151906162
1.0,0.8333,1.0,C,C,C,huila,0.6351615916464532,0.8474382405011018,0.9872575527369554,0.5227326754305577
1.0,0.0,0.2344,C,C,C,huila,0.6351615916464532,0.30669628595899817,0.6564943221158502,0.43270196052715293
0.8509,0.0,0.1875,C,C,C,huila,0.4982722035593954,0.30669628595899817,0.6037014130407933,0.40062854741919973
0.86,0.6667,0.0,C,C,C,huila,0.5068367582431026,0.7700828219335724,0.38088369574850534,0.6326567443372846
1.0,0.2576,0.0,C,C,C,huila,0.6351615916464532,0.4916444394848088,0.38088369574850534,0.5801170021713901
1.0,0.2083,0.3125,C,C,C,huila,0.6351615916464532,0.4543471424754368,0.7360203410224163,0.4605219546359366
0.55,0.0,0.1705,C,C,C,huila,0.2423665422945479,0.30669628595899817,0.5838755142941077,0.3170093356005088
0.52,0.0,0.0,C,C,C,huila,0.2222342503722248,0.30669628595899817,0.38088369574850534,0.3708605789913764
1.0,0.2083,0.0,C,C,C,huila,0.6351615916464532,0.4543471424754368,0.38088369574850534,0.5670629482181099
1.0,0.1131,0.1339,C,C,C,huila,0.6351615916464532,0.38409808839742904,0.5403404700865655,0.4946387469893891
1.0,1.0,0.0,C,C,C,huila,0.6351615916464532,0.9021037826726974,0.38088369574850534,0.7237777722871511
0.78,0.1389,0.0,C,C,C,huila,0.4319652030122755,0.4027908804466444,0.38088369574850534,0.4778995204860703
1.0,0.1061,0.2273,C,C,C,huila,0.6351615916464532,0.3790824017042416,0.6487105932593321,0.4603722196949435
1.0,0.2381,0.3571,C,C,C,huila,0.6351615916464532,0.4768576033493456,0.7757488160995052,0.456482073418678
0.936,0.2833,0.0,C,C,C,huila,0.5777334366424601,0.511150887023103,0.38088369574850534,0.5668444045583955
0.8375,0.2917,0.9344,C,C,C,huila,0.4856639474564233,0.5175220650020993,0.9825834490317387,0.35634006965096127
1.0,0.7083,0.45,C,C,C,huila,0.6351615916464532,0.7916820740702784,0.8442645302764207,0.5461159239179298
1.0,0.0,0.475,C,C,C,huila,0.6351615916464532,0.30669628595899817,0.8595070589247024,0.3717981394844973
1.0,0.0,0.0,C,C,C,huila,0.6351615916464532,0.30669628595899817,0.38088369574850534,0.5153851484373564
0.735,0.1667,0.0,C,C,C,huila,0.39096564619029356,0.42325216426292844,0.38088369574850534,0.4707111249340761
0.7429,0.4762,0.3571,C,C,C,huila,0.39807011110993257,0.6525662464133577,0.7757488160995052,0.4349980803033
1.0,0.2778,1.0,C,C,C,huila,0.6351615916464532,0.5069771895359981,0.9872575527369554,0.4035713075927713
1.0,0.4762,0.0,C,C,C,huila,0.6351615916464532,0.6525662464133577,0.38088369574850534,0.6364396345963822
0.2,0.2564,0.0,C,C,C,huila,0.07889625594251935,0.490733793046026,0.38088369574850534,0.38510540842143925
0.0,0.2778,0.2083,C,C,C,huila,0.03877604189617447,0.5069771895359981,0.6274975732112504,0.30276435903788523
0.8227,0.0,0.0,C,C,C,huila,0.4717602322316984,0.30669628595899817,0.38088369574850534,0.45819467264219216
0.575,0.625,0.4125,C,C,C,huila,0.26006557781788425,0.7469024712821782,0.8189077447930107,0.40676649374711865
0.8854,0.0,0.5161,C,C,C,huila,0.5307051669833867,0.30669628595899817,0.8818381055278627,0.3285390768714758
0.72,0.1923,0.1923,C,C,C,huila,0.377604726394848,0.4423316836359984,0.6092411598888174,0.40420539554415097
0.4333,0.0,0.1923,C,C,C,huila,0.17092239818971483,0.30669628595899817,0.6092411598888174,0.2843941914854043
1.0,0.1667,0.0,C,C,C,huila,0.6351615916464532,0.42325216426292844,0.38088369574850534,0.556179705843732
0.7962,0.5128,0.1731,C,C,C,huila,0.44698813638754104,0.6773176708037123,0.5869270676203161,0.5174289122308438
0.8841,0.0,0.125,C,C,C,huila,0.5294860308976203,0.30669628595899817,0.529633937337422,0.4337736296985898
0.0619,0.0,0.0,C,C,C,huila,0.04845912947939933,0.30669628595899817,0.38088369574850534,0.3100392866788875
0.3824,0.0439,0.6526,C,C,C,huila,0.1454510785418112,0.3357457417198539,0.9352353529085018,0.18784828121903221
0.65,0.3472,0.0,C,C,C,huila,0.31793770877002864,0.5593782104967722,0.38088369574850534,0.49279546301882865
0.6043,0.7143,0.1768,C,C,C,huila,0.2818470075902288,0.794670748099525,0.5912581219634284,0.4994037779023852
0.4333,0.1282,0.0,C,C,C,huila,0.17092239818971483,0.39500073038403066,0.38088369574850534,0.38380798627625934
1.0,0.0,0.225,C,C,C,huila,0.6351615916464532,0.30669628595899817,0.6461718085978829,0.4357987145825431
1.0,0.2083,0.2344,C,C,C,huila,0.6351615916464532,0.4543471424754368,0.6564943221158502,0.4843797603079064
0.4333,0.0,0.0,C,C,C,huila,0.17092239818971483,0.30669628595899817,0.38088369574850534,0.3529014307274979
0.761,0.1515,0.2045,C,C,C,huila,0.41450577613301764,0.4120273325965512,0.6231923194497277,0.4023288922204308
1.0,0.0,0.0,C,C,C,huila,0.6351615916464532,0.30669628595899817,0.38088369574850534,0.5153851484373564
1.0,0.0,0.0,C,C,C,huila,0.6351615916464532,0.30669628595899817,0.38088369574850534,0.5153851484373564
0.845,0.3148,0.2083,C,C,C,huila,0.49271958738775246,0.5350072660830884,0.6274975732112504,0.4714551267514191
1.0,0.0,0.0,C,C,C,huila,0.6351615916464532,0.30669628595899817,0.38088369574850534,0.5153851484373564
1.0,0.1852,0.4583,C,C,C,huila,0.6351615916464532,0.4370205221471534,0.849469213730123,0.4204229757087254
1.0,0.0,0.625,C,C,C,huila,0.6351615916464532,0.30669628595899817,0.9266661112464721,0.35165042378796635
0.735,0.2833,0.0,C,C,C,huila,0.39096564619029356,0.511150887023103,0.38088369574850534,0.5014756779001371
1.0,0.0897,0.0,C,C,C,huila,0.6351615916464532,0.3674336719926154,0.38088369574850534,0.5366432335491225
1.0,0.2381,0.0,C,C,C,huila,0.6351615916464532,0.4768576033493456,0.38088369574850534,0.574941609523978
1.0,0.0,0.0,C,C,C,huila,0.6351615916464532,0.30669628595899817,0.38088369574850534,0.5153851484373564
0.5042,0.1795,0.0,C,C,C,huila,0.21212266619857584,0.43276699874224944,0.38088369574850534,0.4114462740047372
0.7562,0.4375,0.0,C,C,C,huila,0.410126951813633,0.6254693623010239,0.38088369574850534,0.5481936012155784
1.0,0.2083,0.25,C,C,C,huila,0.6351615916464532,0.4543471424754368,0.6733000156939998,0.4793380522344615
1.0,0.0,0.0,C,C,C,huila,0.6351615916464532,0.30669628595899817,0.38088369574850534,0.5153851484373564
1.0,0.1515,0.0,C,C,C,huila,0.6351615916464532,0.4120273325965512,0.38088369574850534,0.5522510147605
0.8292,0.3397,0.0,C,C,C,huila,0.4778624775562682,0.5537578368395737,0.38088369574850534,0.546802001313993
1.0,0.0,0.0,C,C,C,huila,0.6351615916464532,0.30669628595899817,0.38088369574850534,0.5153851484373564
0.4308,0.0,0.0,C,C,C,huila,0.16959276069914025,0.30669628595899817,0.38088369574850534,0.3524360576057968
1.0,0.0,0.0,C,C,C,huila,0.6351615916464532,0.30669628595899817,0.38088369574850534,0.5153851484373564
0.9058,0.0,0.0,C,C,C,huila,0.5497790332102327,0.30669628595899817,0.38088369574850534,0.48550125298467917
0.8636,0.0,0.0,C,C,C,huila,0.51022410578932,0.30669628595899817,0.38088369574850534,0.47165702838735973
0.8708,0.0,0.0,C,C,C,huila,0.5169956744920032,0.30669628595899817,0.38088369574850534,0.47402707743329886
0.7691,0.0,0.0,C,C,C,huila,0.4219254287556402,0.30669628595899817,0.38088369574850534,0.4407524914255718
0.72,0.2564,0.0,C,C,C,huila,0.377604726394848,0.490733793046026,0.38088369574850534,0.48965337307975426
0.0,0.0,0.0,C,C,C,costa_caribe,0.03877604189617447,0.30669628595899817,0.38088369574850534,0.3066502060247588
0.0,0.0,0.0,C,C,C,costa_caribe,0.03877604189617447,0.30669628595899817,0.38088369574850534,0.3066502060247588
0.1238095238095238,0.303030303030303,0.0,C,C,C,costa_caribe,0.06041033403137658,0.5261064040305254,0.38088369574850534,0.39101574959711405
0.42,0.3214285714285714,0.0,C,C,C,costa_caribe,0.16394322375764547,0.5400107070654968,0.38088369574850534,0.4321187670635482
0.3124,0.1282051282051282,0.0,C,C,C,costa_caribe,0.11565127723426948,0.39500445157867947,0.38088369574850534,0.3644643963599805
0.4525,0.0617283950617283,0.0,C,C,C,costa_caribe,0.18141063830782037,0.347924208363446,0.38088369574850534,0.3710020876103916
0.134375,0.0,0.0,C,C,C,costa_caribe,0.0627079990369389,0.30669628595899817,0.38088369574850534,0.31502639102402635
0.0565217391304347,0.1149425287356321,0.0,C,C,C,costa_caribe,0.04753395661653912,0.38542246676503267,0.38088369574850534,0.3372696394589985
1.0,0.4166666666666667,0.0,C,C,C,costa_caribe,0.6351615916464532,0.6105369311986949,0.38088369574850534,0.6217293742712502
1.0,0.5000000000000001,0.0,C,C,C,costa_caribe,0.6351615916464532,0.6687652425999516,0.38088369574850534,0.6421092832616901
1.0,0.1851851851851851,0.0,C,C,C,costa_caribe,0.6351615916464532,0.43700945456046714,0.38088369574850534,0.5609947574478705
1.0,0.7142857142857143,0.2857142857142857,C,C,C,costa_caribe,0.6351615916464532,0.7946636701232441,0.7100970791331861,0.5874097178794383
1.0,0.0,0.3522727272727272,C,C,C,costa_caribe,0.6351615916464532,0.30669628595899817,0.7716617657313689,0.3981517274424973
1.0,0.0,0.0,C,C,C,costa_caribe,0.6351615916464532,0.30669628595899817,0.38088369574850534,0.5153851484373564
1.0,0.7575757575757576,0.0,C,C,C,costa_caribe,0.6351615916464532,0.8152839937928689,0.38088369574850534,0.6933908461792111
1.0,0.5555555555555556,0.1666666666666666,C,C,C,costa_caribe,0.6351615916464532,0.7050153779270505,0.5793647411264193,0.5952525170128005
1.0,0.4166666666666667,0.0,C,C,C,costa_caribe,0.6351615916464532,0.6105369311986949,0.38088369574850534,0.6217293742712502
0.9227272727272728,0.7575757575757576,0.0,C,C,C,costa_caribe,0.5654980071179355,0.8152839937928689,0.38088369574850534,0.6690085915942299
1.0,0.5555555555555556,0.0,C,C,C,costa_caribe,0.6351615916464532,0.7050153779270505,0.38088369574850534,0.6547968306261747
1.0,0.0,0.0,C,C,C,costa_caribe,0.6351615916464532,0.30669628595899817,0.38088369574850534,0.5153851484373564
1.0,0.2333333333333333,0.3749999999999999,C,C,C,costa_caribe,0.6351615916464532,0.47324821237156106,0.7904471231787981,0.4508092944526656
1.0,0.1944444444444444,0.0,C,C,C,costa_caribe,0.6351615916464532,0.44393849144718583,0.38088369574850534,0.5634199203582221
1.0,0.0,0.234375,C,C,C,costa_caribe,0.6351615916464532,0.30669628595899817,0.6564670586748218,0.43271013955946147
0.631,0.0,0.25,C,C,C,costa_caribe,0.30263166795766505,0.30669628595899817,0.6733000156939998,0.3112747791626322
1.0,0.8333333333333334,0.0,C,C,C,costa_caribe,0.6351615916464532,0.8474513257129828,0.38088369574850534,0.704649412351251
0.5909090909090909,0.0,0.0,C,C,C,costa_caribe,0.271755768210957,0.30669628595899817,0.38088369574850534,0.3881931102349327
1.0,0.2638888888888889,0.0,C,C,C,costa_caribe,0.6351615916464532,0.4964176685082156,0.38088369574850534,0.5817876323295825
1.0,0.5555555555555556,0.0,C,C,C,costa_caribe,0.6351615916464532,0.7050153779270505,0.38088369574850534,0.6547968306261747
1.0,1.0,0.3125,C,C,C,costa_caribe,0.6351615916464532,0.9021037826726974,0.7360203410224163,0.6172367787049778
1.0,0.0,1.0,C,C,C,costa_caribe,0.6351615916464532,0.30669628595899817,0.9872575527369554,0.33347299134082137
1.0,0.0,0.3125,C,C,C,costa_caribe,0.6351615916464532,0.30669628595899817,0.7360203410224163,0.4088441548551831
1.0,0.6428571428571429,0.0,C,C,C,costa_caribe,0.6351615916464532,0.7570146973979165,0.38088369574850534,0.6729965924409778
1.0,0.5555555555555556,0.0,C,C,C,costa_caribe,0.6351615916464532,0.7050153779270505,0.38088369574850534,0.6547968306261747
0.955,0.2179487179487179,0.0,C,C,C,costa_caribe,0.5950802964801798,0.4616197064251285,0.38088369574850534,0.5555798922923063
1.0,0.3571428571428571,0.0,C,C,C,costa_caribe,0.6351615916464532,0.5668055876177459,0.38088369574850534,0.606423404017918
1.0,0.0,0.2249999999999999,C,C,C,costa_caribe,0.6351615916464532,0.30669628595899817,0.6461718085978827,0.43579871458254316
1.0,0.9305555555555556,0.15625,C,C,C,costa_caribe,0.6351615916464532,0.8818386810463364,0.567042163050975,0.6608374465271839
1.0,0.925925925925926,0.0,C,C,C,costa_caribe,0.6351615916464532,0.8803660141559809,0.38088369574850534,0.7161695533063004
1.0,0.1296296296296296,0.0,C,C,C,costa_caribe,0.6351615916464532,0.39603858648680423,0.38088369574850534,0.5466549536220885
1.0,0.3333333333333333,0.0,C,C,C,costa_caribe,0.6351615916464532,0.5489758962802885,0.38088369574850534,0.600183012049808
1.0,0.1388888888888889,0.3541666666666667,C,C,C,costa_caribe,0.6351615916464532,0.402782764752596,0.7732715104463588,0.4312990716057596
1.0,0.9500000000000002,0.0,C,C,C,costa_caribe,0.6351615916464532,0.8878534371126434,0.38088369574850534,0.7187901513411322
0.7,0.1111111111111111,0.1666666666666666,C,C,C,costa_caribe,0.3600783678321197,0.3826704357207275,0.5793647411264193,0.3861526589055707
0.6638888888888889,0.0,0.0,C,C,C,costa_caribe,0.32938316970332293,0.30669628595899817,0.38088369574850534,0.4083627007572608
0.8954545454545454,0.0,0.0,C,C,C,costa_caribe,0.5401208231311124,0.30669628595899817,0.38088369574850534,0.48212087945698706
1.0,0.6944444444444445,0.0,C,C,C,costa_caribe,0.6351615916464532,0.7846584299187673,0.38088369574850534,0.6826718988232756
1.0,1.0,0.0,C,C,C,costa_caribe,0.6351615916464532,0.9021037826726974,0.38088369574850534,0.7237777722871511
1.0,1.0,0.0,C,C,C,costa_caribe,0.6351615916464532,0.9021037826726974,0.38088369574850534,0.7237777722871511
1.0,0.0,0.0,C,C,C,costa_caribe,0.6351615916464532,0.30669628595899817,0.38088369574850534,0.5153851484373564
0.2473684210526316,0.0833333333333333,0.2249999999999999,C,C,C,costa_caribe,0.09286833578378714,0.3629520459614396,0.6461718085978827,0.26568559103146455
0.0944444444444444,0.1296296296296296,0.0,C,C,C,costa_caribe,0.054431793793542745,0.39603858648680423,0.38088369574850534,0.3433995243735698
1.0,1.0,1.0,C,C,C,costa_caribe,0.6351615916464532,0.9021037826726974,0.9872575527369554,0.5418656151906162
1.0,1.0,0.0,C,C,C,costa_caribe,0.6351615916464532,0.9021037826726974,0.38088369574850534,0.7237777722871511
0.9611111111111112,0.5555555555555556,0.7472222222222222,C,C,C,costa_caribe,0.6006117833902967,0.7050153779270505,0.9580174383082193,0.4695642749686057
1.0,0.6944444444444445,0.3749999999999999,C,C,C,costa_caribe,0.6351615916464532,0.7846584299187673,0.7904471231787981,0.5598028705941878
0.5041666666666667,0.2564102564102564,0.173076923076923,C,C,C,costa_caribe,0.21210169351130656,0.49074157609698715,0.5869000118102758,0.36992514081982
0.3433333333333334,0.1111111111111111,0.0,C,C,C,costa_caribe,0.1281056101090876,0.3826704357207275,0.38088369574850534,0.3645065073158837
0.2764705882352941,0.2647058823529412,0.1323529411764706,C,C,C,costa_caribe,0.10251933578918951,0.497037828112279,0.5384817790510209,0.34830047365020766
0.3973684210526316,0.2324561403508772,0.3157894736842105,C,C,C,costa_caribe,0.15259642115000582,0.47258428207331377,0.7390993974680191,0.29708342688775613
0.4653846153846154,0.0297619047619047,0.4821428571428571,C,C,C,costa_caribe,0.18872578878375232,0.32624009932713893,0.8636265258342661,0.2211501030885321
0.49,0.3333333333333333,0.3166666666666666,C,C,C,costa_caribe,0.20332546350484584,0.5489758962802885,0.7399165435867513,0.34133051284877164
0.0,0.0277777777777777,0.15,C,C,C,costa_caribe,0.03877604189617447,0.32491722133732276,0.5596075856521181,0.25941036643608856
0.0,0.2678571428571429,0.3392857142857142,C,C,C,costa_caribe,0.03877604189617447,0.4994299406539974,0.7604076673832224,0.2602497936775934
0.8733333333333333,0.0777777777777777,0.15,C,C,C,costa_caribe,0.5193769076712744,0.3590607052272391,0.5596075856521181,0.4395708888188442
0.5571428571428572,0.523809523809524,0.0,C,C,C,costa_caribe,0.24733866811065608,0.6845802805020805,0.38088369574850534,0.5119065232899062
0.3431818181818182,0.1666666666666666,0.0,C,C,C,costa_caribe,0.12804190983427843,0.423227457032116,0.38088369574850534,0.3786791696786864
1.0,1.0,0.0,C,C,C,costa_caribe,0.6351615916464532,0.9021037826726974,0.38088369574850534,0.7237777722871511
1.0,0.7064814814814815,0.0,C,C,C,costa_caribe,0.6351615916464532,0.7907699421357368,0.38088369574850534,0.684810928099215
1.0,0.7777777777777778,0.0,C,C,C,costa_caribe,0.6351615916464532,0.8243438035698244,0.38088369574850534,0.6965617796011456
1.0,0.5961538461538461,0.0,C,C,C,costa_caribe,0.6351615916464532,0.7299897027466367,0.38088369574850534,0.6635378443130299
0.675,0.2083333333333333,0.0,C,C,C,costa_caribe,0.3386883682718344,0.454372235240856,0.38088369574850534,0.46330610250489
0.33,0.25,0.0,C,C,C,costa_caribe,0.12260268213924681,0.48587819781053976,0.38088369574850534,0.3987031992578737
0.3294117647058823,0.2982456140350877,0.0,C,C,C,costa_caribe,0.12236465323840197,0.5224828996361467,0.38088369574850534,0.41143153478154043
1.0,0.0,0.0,C,C,C,costa_caribe,0.6351615916464532,0.30669628595899817,0.38088369574850534,0.5153851484373564
1.0,0.0,0.0,C,C,C,costa_caribe,0.6351615916464532,0.30669628595899817,0.38088369574850534,0.5153851484373564
1.0,0.8333333333333334,0.0,C,C,C,costa_caribe,0.6351615916464532,0.8474513257129828,0.38088369574850534,0.704649412351251
0.6933333333333334,0.392156862745098,0.3970588235294118,C,C,C,costa_caribe,0.3543155794503344,0.5927021817096959,0.8075695712168932,0.3891853450409426
0.6066666666666667,0.3333333333333333,0.0,C,C,C,costa_caribe,0.28365399425456017,0.5489758962802885,0.38088369574850534,0.47715535296264544
0.4717647058823529,0.2941176470588235,0.1470588235294117,C,C,C,costa_caribe,0.19243096948366517,0.5193548223043273,0.5560994766713157,0.3822951841244026
1.0,0.2843137254901961,0.0,C,C,C,costa_caribe,0.6351615916464532,0.5119200043725531,0.38088369574850534,0.5872134498821007
0.2254166666666666,0.1180555555555555,0.309375,C,C,C,costa_caribe,0.08613638138429197,0.38766390866700084,0.7330737400611769,0.24590797949959942
1.0,0.2833333333333333,0.2249999999999999,C,C,C,costa_caribe,0.6351615916464532,0.511176178008165,0.6461718085978827,0.5073666767997516
1.0,0.0,0.8749999999999999,C,C,C,costa_caribe,0.6351615916464532,0.30669628595899817,0.9769218034726967,0.33657371612009895
1.0,0.3,0.0,C,C,C,costa_caribe,0.6351615916464532,0.5238118129598125,0.38088369574850534,0.5913755828876414
1.0,0.3703703703703703,0.7500000000000001,C,C,C,costa_caribe,0.6351615916464532,0.5766397358441175,0.9585543923618004,0.43656414691315965
1.0,0.1666666666666666,0.0,C,C,C,costa_caribe,0.6351615916464532,0.423227457032116,0.38088369574850534,0.5561710583129476
1.0,1.0,0.4499999999999999,C,C,C,costa_caribe,0.6351615916464532,0.9021037826726974,0.8442645302764205,0.5847635219287766
1.0,1.0,0.0,C,C,C,costa_caribe,0.6351615916464532,0.9021037826726974,0.38088369574850534,0.7237777722871511
1.0,0.0757575757575757,0.0,C,C,C,costa_caribe,0.6351615916464532,0.35765022679134484,0.38088369574850534,0.5332190277286777
1.0,0.4166666666666667,0.0,C,C,C,costa_caribe,0.6351615916464532,0.6105369311986949,0.38088369574850534,0.6217293742712502
0.52,0.0,0.0,C,C,C,costa_caribe,0.2222342503722248,0.30669628595899817,0.38088369574850534,0.3708605789913764
1.0,0.4047619047619047,0.3571428571428571,C,C,C,costa_caribe,0.6351615916464532,0.601908064093504,0.775784867472605,0.5002389192672034
1.0,0.5256410256410257,0.0,C,C,C,costa_caribe,0.6351615916464532,0.685779883199384,0.38088369574850534,0.6480644074714914
1.0,0.5,0.0,C,C,C,costa_caribe,0.6351615916464532,0.6687652425999515,0.38088369574850534,0.64210928326169
1.0,0.5128205128205129,0.0,C,C,C,costa_caribe,0.6351615916464532,0.6773312837368918,0.38088369574850534,0.6451073976596191
1.0,0.8333333333333334,0.0,C,C,C,costa_caribe,0.6351615916464532,0.8474513257129828,0.38088369574850534,0.704649412351251
1.0,0.1282051282051282,0.0,C,C,C,costa_caribe,0.6351615916464532,0.39500445157867947,0.38088369574850534,0.5462930064042448
0.6666666666666666,0.0,0.0,C,C,C,costa_caribe,0.3316973134231854,0.30669628595899817,0.38088369574850534,0.40917265105921263
0.7166666666666667,0.0,0.0,C,C,C,costa_caribe,0.3746599281657278,0.30669628595899817,0.38088369574850534,0.4242095662191025
1.0,0.5555555555555556,0.0,C,C,C,costa_caribe,0.6351615916464532,0.7050153779270505,0.38088369574850534,0.6547968306261747
0.1954545454545454,0.0694444444444444,0.103125,C,C,C,costa_caribe,0.07766156389549972,0.3532584353377676,0.5032229305124966,0.2998551205778946
0.5269230769230769,0.0,0.0,C,C,C,costa_caribe,0.22677194388120692,0.30669628595899817,0.38088369574850534,0.3724487717195202
0.6166666666666667,0.0,0.0,C,C,C,costa_caribe,0.29136582010458795,0.30669628595899817,0.38088369574850534,0.3950566283977035
0.23,0.1111111111111111,0.15,C,C,C,costa_caribe,0.08750441429774627,0.3826704357207275,0.5596075856521181,0.29667892181083033
0.25,0.2777777777777778,0.0,C,C,C,costa_caribe,0.09370635021252198,0.5069603237469835,0.38088369574850534,0.39596822716127533
0.5375,0.0,0.0,C,C,C,costa_caribe,0.23383015477001784,0.30669628595899817,0.38088369574850534,0.374919145530604
0.7769230769230769,0.2564102564102564,0.0,C,C,C,costa_caribe,0.4291250699288741,0.49074157609698715,0.38088369574850534,0.5076882173844999
1.0,0.0,0.3863636363636364,C,C,C,costa_caribe,0.6351615916464532,0.30669628595899817,0.7994042117121559,0.3898289936482612
1.0,0.2777777777777778,0.1874999999999999,C,C,C,costa_caribe,0.6351615916464532,0.5069603237469835,0.6037014130407931,0.5186322464754649
0.5684210526315789,0.0,0.0,C,C,C,costa_caribe,0.25532771499597684,0.30669628595899817,0.38088369574850534,0.38244329160968965
0.96875,1.0,0.0,C,C,C,costa_caribe,0.607490065215233,0.9021037826726974,0.38088369574850534,0.7140927380362241
1.0,1.0,0.0,C,C,C,costa_caribe,0.6351615916464532,0.9021037826726974,0.38088369574850534,0.7237777722871511
0.7454545454545454,0.6944444444444445,0.0,C,C,C,costa_caribe,0.4003767895370647,0.7846584299187673,0.38088369574850534,0.6004972180849896
1.0,1.0,0.0,C,C,C,costa_caribe,0.6351615916464532,0.9021037826726974,0.38088369574850534,0.7237777722871511
1.0,1.0,0.0,C,C,C,costa_caribe,0.6351615916464532,0.9021037826726974,0.38088369574850534,0.7237777722871511
1.0,1.0,1.0,C,C,C,costa_caribe,0.6351615916464532,0.9021037826726974,0.9872575527369554,0.5418656151906162
1.0,1.0,1.0,C,C,C,costa_caribe,0.6351615916464532,0.9021037826726974,0.9872575527369554,0.5418656151906162
1.0,1.0,0.0,C,C,C,costa_caribe,0.6351615916464532,0.9021037826726974,0.38088369574850534,0.7237777722871511
1.0,0.2916666666666667,0.0,C,C,C,costa_caribe,0.6351615916464532,0.5174967924335669,0.38088369574850534,0.5891653257034555
1.0,0.8333333333333334,0.0,C,C,C,costa_caribe,0.6351615916464532,0.8474513257129828,0.38088369574850534,0.704649412351251
1.0,0.7708333333333334,0.28125,C,C,C,costa_caribe,0.6351615916464532,0.8212695680387825,0.7056328426344893,0.5980610530994857
0.8666666666666667,0.5555555555555556,0.3333333333333333,C,C,C,costa_caribe,0.5131088958188897,0.7050153779270505,0.7551242482824643,0.4998062213263398
1.0,1.0,0.0,C,C,C,costa_caribe,0.6351615916464532,0.9021037826726974,0.38088369574850534,0.7237777722871511
1.0,0.8333333333333334,0.0,C,C,C,costa_caribe,0.6351615916464532,0.8474513257129828,0.38088369574850534,0.704649412351251
0.65,0.0,0.0,C,C,C,costa_caribe,0.31793770877002864,0.30669628595899817,0.38088369574850534,0.40435678943060777
1.0,0.8,1.0,C,C,C,costa_caribe,0.6351615916464532,0.8339016363799079,0.9872575527369554,0.5179948639881398
0.2043478260869565,0.0694444444444444,0.0,C,C,C,costa_caribe,0.08009403476113304,0.3532584353377676,0.38088369574850534,0.3374082558100636
0.3727272727272727,0.0,0.2152173913043478,C,C,C,costa_caribe,0.1409829119223668,0.30669628595899817,0.6352826415926345,0.26610292678068737
0.6153846153846154,0.0777777777777777,0.29,C,C,C,costa_caribe,0.2903702462668667,0.3590607052272391,0.7143448266475159,0.31299738502868224
