doc_id,section_id,corpus_type,year,y1_ebi,y2_sa,y3_civil,y4_nv,y5_corpus_type,y6_period,y10_rep,y7_surprisal,y8_mafapo,y9_cidh,y11_conv_rest,text_length_chars,n_sa_instances,n_nv_instances,n_rep_instances,n_nv_questioned,processing_time_s,has_warning,y8_cs,y9_cs,y8_mafapo_cs,y9_cidh_cs,corpus,y2_sa_z,y4_nv_z,y10_rep_z,y8_mafapo_cs_z,y9_cidh_cs_z,DIS_n1,IEI_n1
01807c73506b81282e53ddbc4cf7286176cd5308a4ce76243a3ff3af0e5fc8d7,CONSIDERACIONES,A-CSJ,2013.0,0.0,1.0,0.995,0.1905,1,0.6552,0.0,0.7044787784814261,0.3012205206975924,0.245297269600333,,8000,74,3,0,0,1.86,False,0.2162932157516479,0.2497575879096985,0.2162932157516479,0.2497575879096985,A,0.615440636199528,0.4603305703234268,0.375536481290374,0.5387376397894504,0.48192049005183263,0.563858977895922,0.524917618259456
01807c73506b81282e53ddbc4cf7286176cd5308a4ce76243a3ff3af0e5fc8d7,DECISIÓN,A-CSJ,2013.0,0.0,0.9187,0.9928,0.0,1,0.6552,0.0,0.6437872830180572,0.2253061988513125,0.2479181923443597,,1223,6,0,0,0,0.378,False,0.2160991430282592,0.2350721359252929,0.2160991430282592,0.2350721359252929,A,0.5327896358873615,0.3133564794428533,0.375536481290374,0.5375406206053106,0.387950436562157,0.483490195978463,0.4689611281269286
036f7d338673e78683eed13caa9ca8464b307abff7ca2bde122b327871cb7991,DECISIÓN,A-CSJ,,0.0,1.0,0.9974,0.2333,0,0.5,0.0,0.6464726532224632,0.2415555521560479,0.2332014888051842,,904,8,1,0,0,0.299,False,0.1997628808021545,0.2472068071365356,0.1997628808021545,0.2472068071365356,A,0.615440636199528,0.495378081259308,0.375536481290374,0.43660442399868227,0.46531172935308107,0.5761256067234803,0.4946111183269072
0453281fce29cacfd49d0150b73fa6e021280ddc3eff06e464e0981bf51c8264,HECHOS,A-CSJ,2015.0,0.0,1.0,0.9824,0.8333,1,0.7241,1.0,0.6703702783148865,0.1820436131942646,0.2058615939140656,,975,5,1,1,0,0.306,False,0.2051552534103393,0.265583872795105,0.2051552534103393,0.265583872795105,A,0.615440636199528,0.8756068964065898,0.9940963974781457,0.4697525985855571,0.5844419700012289,0.5236377171686976,0.5013842481112091
0453281fce29cacfd49d0150b73fa6e021280ddc3eff06e464e0981bf51c8264,CARGOS,A-CSJ,2015.0,0.0,1.0,0.9861,0.7857,1,0.7241,0.0952,0.7376664544009526,0.272178708327097,0.2612984338972408,,8000,40,12,1,0,1.774,False,0.1494669318199157,0.1958874464035034,0.1494669318199157,0.1958874464035034,A,0.615440636199528,0.8575620546898202,0.5069736723958057,0.18196411761792736,0.18551121331109335,0.6634588400925301,0.41378546302178715
0453281fce29cacfd49d0150b73fa6e021280ddc3eff06e464e0981bf51c8264,CONSIDERACIONES,A-CSJ,2015.0,0.0,1.0,0.9946,0.45,1,0.7241,0.325,0.7068567081217488,0.2527764786642995,0.2214645304213207,,8000,55,6,3,0,1.859,False,0.1965851783752441,0.2470471858978271,0.1965851783752441,0.2470471858978271,A,0.615440636199528,0.6666328959744321,0.7896431134505053,0.41731335534506137,0.4642745653540762,0.5118328022257345,0.4476441887450937
0453281fce29cacfd49d0150b73fa6e021280ddc3eff06e464e0981bf51c8264,DECISIÓN,A-CSJ,2015.0,0.0,1.0,0.9952,0.2778,1,0.7241,0.0,0.6770739834046626,0.2286882870257527,0.2572901862219781,,874,6,1,0,0,0.334,False,0.2337839007377624,0.2788824439048767,0.2337839007377624,0.2788824439048767,A,0.615440636199528,0.5318610378917045,0.375536481290374,0.6432067770054152,0.6656099680748715,0.5888946415448192,0.6161023287817209
04d6e5308972acfd85429aaf0d6222a1715042427efb66c6f66dce61317a7561,CONSIDERACIONES,A-CE,2010.0,0.0,1.0,0.9801,0.0324,0,0.5517,0.0688,0.7131803038572619,0.2865878928999575,0.2499910326845491,,8000,59,1,1,0,2.128,False,0.313835859298706,0.3451180458068847,0.313835859298706,0.3451180458068847,A,0.615440636199528,0.3366863790672415,0.46982111529962345,0.9292927735720109,0.9182256186821492,0.4922981207534823,0.6991049661935194
04d6e5308972acfd85429aaf0d6222a1715042427efb66c6f66dce61317a7561,DECISIÓN,A-CE,2010.0,0.0,1.0,0.9823,0.1613,0,0.5517,0.4879,0.6764819443991581,0.2211136239928331,0.260617292944127,,7338,34,3,7,0,2.186,False,0.17938232421875,0.2258766889572143,0.17938232421875,0.2258766889572143,A,0.615440636199528,0.4366219330972226,0.9038440845309565,0.31849050829189507,0.33267257806395134,0.3970686738945758,0.30639285988306786
04e1eb5aaa561608b95e411f6164d101e4c09ecfbf3514bf4802ee3044fa84f7,HECHOS,A-CE,2017.0,0.0,1.0,0.9912,0.4762,0,0.7931,0.1607,0.7060699544317853,0.2468461417129528,0.2363490844577715,,4159,29,4,1,0,1.283,False,0.1443036794662475,0.1898087263107299,0.1443036794662475,0.1898087263107299,A,0.615440636199528,0.6854681615705052,0.5979610080552799,0.1636622405904328,0.16270709098091568,0.5759297768029277,0.3415980411844049
04e1eb5aaa561608b95e411f6164d101e4c09ecfbf3514bf4802ee3044fa84f7,CONSIDERACIONES,A-CE,2017.0,0.0,1.0,0.9931,0.7333,0,0.7931,0.0,0.7138013204461708,0.2531122832406441,0.2111831366590756,,8000,105,11,0,0,2.001,False,0.1972742080688476,0.2412400245666504,0.1972742080688476,0.2412400245666504,A,0.615440636199528,0.8352282764463349,0.375536481290374,0.42147696719035094,0.42682192725105744,0.6950731750389397,0.5665810968203432
04e1eb5aaa561608b95e411f6164d101e4c09ecfbf3514bf4802ee3044fa84f7,DECISIÓN,A-CE,2017.0,0.0,1.0,0.994,0.0,0,0.7931,0.0,0.6768973808553447,0.2154083851021323,0.2444511624235459,,1043,7,0,0,0,0.36,False,0.217328131198883,0.2611383199691772,0.217328131198883,0.2611383199691772,A,0.615440636199528,0.3133564794428533,0.375536481290374,0.5451130126124883,0.5559933405330051,0.5124180460877212,0.5052200461236104
057f5cc436d1502f742a53154eb9aaf8aa1e2a9b31896c22b66756f059831b16,HECHOS,A-CSJ,2016.0,0.0,1.0,0.9813,0.925,1,0.7586,0.0,0.6998816818216416,0.1811239748035196,0.2113557355539,,1312,4,4,0,0,0.442,False,0.1986026763916015,0.2745041847229004,0.1986026763916015,0.2745041847229004,A,0.615440636199528,0.9048699092374233,0.375536481290374,0.42953563144495327,0.6396937176822286,0.7194477465158207,0.6293863955934603
057f5cc436d1502f742a53154eb9aaf8aa1e2a9b31896c22b66756f059831b16,CONSIDERACIONES,A-CSJ,2016.0,0.0,1.0,0.9879,0.3232,1,0.7586,0.0,0.7139791201269343,0.2798071854598383,0.2639393816052995,,8000,63,7,0,0,1.862,False,0.2375556826591491,0.3009083867073059,0.2375556826591491,0.3009083867073059,A,0.615440636199528,0.5687314266594934,0.375536481290374,0.6643879223764327,0.7796652274046838,0.6017992776135452,0.6555443787194868
057f5cc436d1502f742a53154eb9aaf8aa1e2a9b31896c22b66756f059831b16,DECISIÓN,A-CSJ,2016.0,0.0,0.65,0.993,0.0,1,0.7586,0.0,0.6476960273643618,0.2039159153318158,0.2329033864867249,,402,2,0,0,0,0.217,False,0.1993750929832458,0.2276062369346618,0.1993750929832458,0.2276062369346618,A,0.27116699167845204,0.3133564794428533,0.375536481290374,0.4342387298904336,0.3427763862693383,0.39192227050534467,0.4237706563181579
05d2e3f2271c9000f85db3e5656c4158310f74e804f2a4f558dc6594c24289b8,HECHOS,A-CE,2020.0,0.0,1.0,0.9832,0.5641,0,0.8966,0.0,0.7463757840629591,0.2632172979417856,0.2713777566564215,,3083,14,5,0,0,0.738,False,0.4045480489730835,0.4196357131004333,0.4045480489730835,0.4196357131004333,A,0.615440636199528,0.7441432227825878,0.375536481290374,0.992053032358665,0.9874436284541488,0.6631934062566283,0.8556357964539346
05d2e3f2271c9000f85db3e5656c4158310f74e804f2a4f558dc6594c24289b8,CONSIDERACIONES,A-CE,2020.0,0.0,1.0,0.9804,0.5,0,0.8966,0.4643,0.7035397100542634,0.2506874320422079,0.1759541841908809,,8000,55,9,6,0,1.859,False,0.2310335636138916,0.2749361991882324,0.2310335636138916,0.2749361991882324,A,0.615440636199528,0.7020666296461159,0.8916497529371452,0.6273950332250882,0.6422904613687851,0.4936326171648318,0.5452330607266378
05d2e3f2271c9000f85db3e5656c4158310f74e804f2a4f558dc6594c24289b8,DECISIÓN,A-CE,2020.0,0.0,1.0,0.9857,0.0778,0,0.8966,0.6,0.7018763152707138,0.251092030820971,0.2502933757928854,,4007,16,1,4,0,0.903,False,0.2087166905403137,0.2605551481246948,0.2087166905403137,0.2605551481246948,A,0.615440636199528,0.37074179301034466,0.9464624456979117,0.4918114719773684,0.5522298283293439,0.3612251165140819,0.38597293997095156
05fe0c7e89a387dd400d18f92fdb89a766114a68b5f92a3d29d07e64f624290d,HECHOS,A-CSJ,2016.0,0.0,0.34,0.9744,0.3333,1,0.7586,0.0,0.6745203897303779,0.2026408671574689,0.2358063564475936,,1357,2,1,0,0,0.407,False,0.1582309603691101,0.2016675472259521,0.1582309603691101,0.2016675472259521,A,0.0927153016178208,0.5768457789978932,0.375536481290374,0.21659697617500875,0.20941284304600008,0.42168543382838775,0.3867956587618516
05fe0c7e89a387dd400d18f92fdb89a766114a68b5f92a3d29d07e64f624290d,CONSIDERACIONES,A-CSJ,2016.0,0.0,1.0,0.9953,0.3854,1,0.7586,0.0,0.7106573239535703,0.2510980889040227,0.2348194515192443,,6645,51,4,0,0,2.084,False,0.196719229221344,0.2595148086547851,0.196719229221344,0.2595148086547851,A,0.615440636199528,0.6179595075500016,0.375536481290374,0.4181224830370001,0.545501368020666,0.6190291059252232,0.5348257232965088
05fe0c7e89a387dd400d18f92fdb89a766114a68b5f92a3d29d07e64f624290d,DECISIÓN,A-CSJ,2016.0,0.0,0.52,0.9868,0.3333,1,0.7586,0.0,0.6662181747992547,0.2327381115440679,0.272084469658712,,773,2,1,0,0,0.57,False,0.2769802808761596,0.2975323796272278,0.2769802808761596,0.2975323796272278,A,0.17790510243813928,0.5768457789978932,0.375536481290374,0.8404083439270287,0.7641439928355376,0.4515018641154992,0.716075867432966
0835aff2f7b290575f4c137c746195900f0297f0d0f9973533ccfe7931843bd1,CONSIDERACIONES,A-CE,2012.0,0.0,1.0,0.9952,0.1111,0,0.6207,0.0,0.6997957611146624,0.3118738837242808,0.2582114233959924,,8000,32,1,0,0,2.88,False,0.2060458064079284,0.229725956916809,0.2060458064079284,0.229725956916809,A,0.615440636199528,0.3965877921666637,0.375536481290374,0.4752608190301291,0.35535588380367233,0.5415490055410549,0.4614521152048707
0835aff2f7b290575f4c137c746195900f0297f0d0f9973533ccfe7931843bd1,DECISIÓN,A-CE,2012.0,0.0,0.6262,0.9965,0.1296,0,0.6207,0.0,0.6860403985204913,0.2326238536447511,0.2554278287350575,,3027,4,1,0,0,1.548,False,0.1812694668769836,0.2115870714187622,0.1812694668769836,0.2115870714187622,A,0.25201045835129693,0.4112106827924416,0.375536481290374,0.3287406907023007,0.255523121264967,0.41946645501319624,0.39385924043883425
08e5432af3304b3a3a170a98fdbf65a0ed258dee5857fee19d538aa2d87f4057,DECISIÓN,A-CE,2006.0,0.0,0.5417,0.9911,0.0,0,0.4138,0.0,0.706257873888984,0.2596777865228202,0.2602325772729359,,2225,5,0,0,0,1.105,False,0.230901300907135,0.2882275581359863,0.230901300907135,0.2882275581359863,A,0.19152202029808166,0.3133564794428533,0.375536481290374,0.6266274253030444,0.717580484312325,0.36404653052221503,0.566067519321169
0be911634d3b2d7209148e109c1d461a347493ccc1087408ebcb1ed0cbddc9ca,HECHOS,A-CSJ,2017.0,0.0,1.0,0.9805,0.3214,1,0.7931,0.1607,0.7116707053969545,0.2623350377505241,0.2487591933979281,,6792,52,6,2,0,2.686,False,0.1237969398498535,0.1768851280212402,0.1237969398498535,0.1768851280212402,A,0.615440636199528,0.5672812911250122,0.5979610080552799,0.10525788158271554,0.12176849337464532,0.5345643721470051,0.28342207839907657
0be911634d3b2d7209148e109c1d461a347493ccc1087408ebcb1ed0cbddc9ca,CONSIDERACIONES,A-CSJ,2017.0,0.0,1.0,0.9871,0.7018,1,0.7931,0.2368,0.7020285138831558,0.2312107392218529,0.2113234615873788,,8000,70,9,2,0,3.018,False,0.1529850363731384,0.2097803354263305,0.1529850363731384,0.2097803354263305,A,0.615440636199528,0.8204974248908093,0.6954630405796284,0.19532218404350843,0.24664972183184788,0.5939394092077296,0.3837244568883742
0be911634d3b2d7209148e109c1d461a347493ccc1087408ebcb1ed0cbddc9ca,DECISIÓN,A-CSJ,2017.0,0.0,0.0,0.9931,0.0,1,0.7931,0.0,0.6624161809367596,0.2386823571925995,0.2750159519518664,,360,0,0,0,0,0.396,False,0.2472058534622192,0.2951812148094177,0.2472058534622192,0.2951812148094177,A,0.024169707443500377,0.3133564794428533,0.375536481290374,0.7155285271279099,0.7528967816736954,0.3054732210231116,0.6042461644321461
0c26b5b6275ecd41519f439bd6423b00c5a60d7f16364fe93ed8b2a60cc488c2,DECISIÓN,A-CSJ,2015.0,0.0,1.0,0.9966,0.0,1,0.7241,0.0,0.6349521697644548,0.1928248939304016,0.2257362371548671,,481,6,0,0,0,0.472,False,0.2492591142654419,0.315207839012146,0.2492591142654419,0.315207839012146,A,0.615440636199528,0.3133564794428533,0.375536481290374,0.7257851535781353,0.8371563446876423,0.5124180460877212,0.6246878962925143
0c6ebf783e6197586b6569bbd3e53cc9d96e6929eaaf5dae3e9a390bc5925295,HECHOS,A-CSJ,2015.0,0.0,0.65,0.9889,0.0,1,0.7241,0.0,0.6629345558499087,0.1942194856943684,0.212427953088545,,637,1,0,0,0,0.529,False,0.2232046127319336,0.2779681086540222,0.2232046127319336,0.2779681086540222,A,0.27116699167845204,0.3133564794428533,0.375536481290374,0.580974395214101,0.6602734923523251,0.39192227050534467,0.5386275603980388
0c6ebf783e6197586b6569bbd3e53cc9d96e6929eaaf5dae3e9a390bc5925295,CONSIDERACIONES,A-CSJ,2015.0,0.0,1.0,0.9925,0.3188,1,0.7241,0.2717,0.7026651759735824,0.2356102039103755,0.2229671079856356,,8000,57,5,3,0,3.549,False,0.1596043705940246,0.2077230811119079,0.1596043705940246,0.2077230811119079,A,0.615440636199528,0.565184620450626,0.7354476552234435,0.22243602115589078,0.23680132753854258,0.49258454326052087,0.31941949698023814
0c6ebf783e6197586b6569bbd3e53cc9d96e6929eaaf5dae3e9a390bc5925295,DECISIÓN,A-CSJ,2015.0,0.0,0.65,0.9945,0.0,1,0.7241,0.0,0.6631026635582093,0.2096351903974795,0.2318283162318051,,605,2,0,0,0,0.439,False,0.2770748138427734,0.3201673626899719,0.2770748138427734,0.3201673626899719,A,0.27116699167845204,0.3133564794428533,0.375536481290374,0.8407227334248886,0.8540547483462819,0.39192227050534467,0.6682957299706058
0d0427146a475d6807860fa5ff899640aa9dd7d1ab1d174310b080e601a3161c,CONSIDERACIONES,A-CSJ,2017.0,0.0,1.0,0.9901,0.3403,1,0.7931,0.0726,0.7012254624161969,0.2492428829749575,0.1907132229588783,,8000,60,7,1,0,3.286,False,0.3534969091415405,0.3786271214485168,0.3534969091415405,0.3786271214485168,A,0.615440636199528,0.5824456352558316,0.4751579267609594,0.9723503493751857,0.964213462904394,0.576712816981088,0.7837451383239599
0d0427146a475d6807860fa5ff899640aa9dd7d1ab1d174310b080e601a3161c,DECISIÓN,A-CSJ,2017.0,0.0,0.7429,0.9946,0.0,1,0.7931,0.0,0.6899043940571309,0.2544972148723643,0.2895800213987303,,831,4,0,0,0,0.449,False,0.2599927186965942,0.3157248497009277,0.2599927186965942,0.3157248497009277,A,0.35400911036211175,0.3133564794428533,0.375536481290374,0.7755129794176105,0.8389889671572456,0.4209170120446255,0.6424591598302513
0d799109865a9a1c946f34c99eb7dd27372d79c6adcd5aad2721ca3535a139ae,DECISIÓN,A-CE,2007.0,0.0,1.0,0.9836,0.3654,0,0.4483,0.7933,0.6940359189420118,0.2222249693783297,0.2220864668358237,,8000,65,6,11,0,2.441,False,0.2046244740486145,0.2514148950576782,0.2046244740486145,0.2514148950576782,A,0.615440636199528,0.6023415181691238,0.9813220399178827,0.4664730536953009,0.49273539014654993,0.4318271420536633,0.41613361838136975
0d799109865a9a1c946f34c99eb7dd27372d79c6adcd5aad2721ca3535a139ae,CONSIDERACIONES,A-CE,2007.0,0.0,1.0,1.0,0.0,0,0.4483,0.0,0.6283265718223666,0.2895364438763739,0.2732997461116337,,182,2,0,0,0,0.305,False,0.2960203886032104,0.2940312027931213,0.2960203886032104,0.2940312027931213,A,0.615440636199528,0.3133564794428533,0.375536481290374,0.8941421913911092,0.7472659749190148,0.5124180460877212,0.6656347855733297
0d799109865a9a1c946f34c99eb7dd27372d79c6adcd5aad2721ca3535a139ae,HECHOS,A-CE,2007.0,0.0,1.0,0.9847,0.0,0,0.4483,0.0,0.6905534037377041,0.262511182127342,0.2661607458671895,,8000,31,0,0,0,2.685,False,0.2195156812667846,0.2663180828094482,0.2195156812667846,0.2663180828094482,A,0.615440636199528,0.3133564794428533,0.375536481290374,0.5585378946624745,0.5890919694001635,0.5124180460877212,0.5165384806145372
0d799109865a9a1c946f34c99eb7dd27372d79c6adcd5aad2721ca3535a139ae,HECHOS,A-CE,2007.0,0.0,1.0,0.997,0.2778,0,0.4483,0.0,0.6905534037377041,0.262511182127342,0.2661607458671895,,779,5,1,0,0,0.528,False,0.2195156812667846,0.2663180828094482,0.2195156812667846,0.2663180828094482,A,0.615440636199528,0.5318610378917045,0.375536481290374,0.5585378946624745,0.5890919694001635,0.5888946415448192,0.5711646202267501
0d799109865a9a1c946f34c99eb7dd27372d79c6adcd5aad2721ca3535a139ae,HECHOS,A-CE,2007.0,0.0,1.0,1.0,0.0,0,0.4483,0.0,0.6905534037377041,0.262511182127342,0.2661607458671895,,343,2,0,0,0,0.299,False,0.2195156812667846,0.2663180828094482,0.2195156812667846,0.2663180828094482,A,0.615440636199528,0.3133564794428533,0.375536481290374,0.5585378946624745,0.5890919694001635,0.5124180460877212,0.5165384806145372
0d799109865a9a1c946f34c99eb7dd27372d79c6adcd5aad2721ca3535a139ae,HECHOS,A-CE,2007.0,0.0,1.0,1.0,0.5833,0,0.4483,0.0,0.6905534037377041,0.262511182127342,0.2661607458671895,,393,4,1,0,0,0.361,False,0.2195156812667846,0.2663180828094482,0.2195156812667846,0.2663180828094482,A,0.615440636199528,0.7559596413878443,0.375536481290374,0.5585378946624745,0.5890919694001635,0.667329152768468,0.627189271100785
0d799109865a9a1c946f34c99eb7dd27372d79c6adcd5aad2721ca3535a139ae,HECHOS,A-CE,2007.0,0.0,1.0,0.9876,1.0,0,0.4483,0.7083,0.6905534037377041,0.262511182127342,0.2661607458671895,,5180,55,8,2,0,1.956,False,0.2195156812667846,0.2663180828094482,0.2195156812667846,0.2663180828094482,A,0.615440636199528,0.924056999575638,0.9701885451645247,0.5585378946624745,0.5890919694001635,0.5477676089719506,0.5502831978729034
0d799109865a9a1c946f34c99eb7dd27372d79c6adcd5aad2721ca3535a139ae,HECHOS,A-CE,2007.0,0.0,1.0,0.9841,1.0,0,0.4483,0.0,0.6905534037377041,0.262511182127342,0.2661607458671895,,5174,31,8,0,0,2.995,False,0.2195156812667846,0.2663180828094482,0.2195156812667846,0.2663180828094482,A,0.615440636199528,0.924056999575638,0.375536481290374,0.5585378946624745,0.5890919694001635,0.7261632281341959,0.6692136106477334
0d799109865a9a1c946f34c99eb7dd27372d79c6adcd5aad2721ca3535a139ae,DECISIÓN,A-CE,2007.0,0.0,1.0,1.0,1.0,0,0.4483,0.0,0.6940359189420118,0.2222249693783297,0.2220864668358237,,181,1,2,0,0,0.452,False,0.2046244740486145,0.2514148950576782,0.2046244740486145,0.2514148950576782,A,0.615440636199528,0.924056999575638,0.375536481290374,0.4664730536953009,0.49273539014654993,0.7261632281341959,0.6177196004585
0d799109865a9a1c946f34c99eb7dd27372d79c6adcd5aad2721ca3535a139ae,HECHOS,A-CE,2007.0,0.0,1.0,0.9808,0.1481,0,0.4483,0.0833,0.6905534037377041,0.262511182127342,0.2661607458671895,,8000,49,3,1,0,3.155,False,0.2195156812667846,0.2663180828094482,0.2195156812667846,0.2663180828094482,A,0.615440636199528,0.4259921050230335,0.49021181940259834,0.5585378946624745,0.5890919694001635,0.517437913607117,0.5217623193871375
0d799109865a9a1c946f34c99eb7dd27372d79c6adcd5aad2721ca3535a139ae,DECISIÓN,A-CE,2007.0,0.0,1.0,0.9867,0.4123,0,0.4483,0.2039,0.6940359189420118,0.2222249693783297,0.2220864668358237,,8000,59,5,2,0,2.447,False,0.2046244740486145,0.2514148950576782,0.2046244740486145,0.2514148950576782,A,0.615440636199528,0.6385822849211926,0.6548439219787374,0.4664730536953009,0.49273539014654993,0.542454845798631,0.490489433657216
0d799109865a9a1c946f34c99eb7dd27372d79c6adcd5aad2721ca3535a139ae,DECISIÓN,A-CE,2007.0,0.0,1.0,0.9794,0.5595,0,0.4483,0.2768,0.6940359189420118,0.2222249693783297,0.2220864668358237,,8000,50,5,2,0,2.022,False,0.2046244740486145,0.2514148950576782,0.2046244740486145,0.2514148950576782,A,0.615440636199528,0.7412571106088457,0.7410009973618497,0.4664730536953009,0.49273539014654993,0.5525439121743758,0.4989267250025068
0d799109865a9a1c946f34c99eb7dd27372d79c6adcd5aad2721ca3535a139ae,HECHOS,A-CE,2007.0,0.0,0.4333,0.9963,0.0,0,0.4483,0.0,0.6905534037377041,0.262511182127342,0.2661607458671895,,447,1,0,0,0,0.335,False,0.2195156812667846,0.2663180828094482,0.2195156812667846,0.2663180828094482,A,0.13101564848505567,0.3133564794428533,0.375536481290374,0.5585378946624745,0.5890919694001635,0.34286930038765595,0.5165384806145372
0d799109865a9a1c946f34c99eb7dd27372d79c6adcd5aad2721ca3535a139ae,HECHOS,A-CE,2007.0,0.0,0.6352,0.9795,0.1288,0,0.4483,0.0,0.6905534037377041,0.262511182127342,0.2661607458671895,,5505,18,4,0,0,2.315,False,0.2195156812667846,0.2663180828094482,0.2195156812667846,0.2663180828094482,A,0.2591478080904305,0.4105748855399257,0.375536481290374,0.5585378946624745,0.5890919694001635,0.42174199838351245,0.5408430821388054
0d799109865a9a1c946f34c99eb7dd27372d79c6adcd5aad2721ca3535a139ae,DECISIÓN,A-CE,2007.0,0.0,0.8058,0.9698,0.0,0,0.4483,0.0,0.6940359189420118,0.2222249693783297,0.2220864668358237,,3108,14,0,0,0,1.587,False,0.2046244740486145,0.2514148950576782,0.2046244740486145,0.2514148950576782,A,0.4159871602747311,0.3133564794428533,0.375536481290374,0.4664730536953009,0.49273539014654993,0.4426093295140423,0.46504447042530384
0d799109865a9a1c946f34c99eb7dd27372d79c6adcd5aad2721ca3535a139ae,HECHOS,A-CE,2007.0,0.0,1.0,0.9912,0.3333,0,0.4483,0.0,0.6905534037377041,0.262511182127342,0.2661607458671895,,882,6,1,0,0,0.555,False,0.2195156812667846,0.2663180828094482,0.2195156812667846,0.2663180828094482,A,0.615440636199528,0.5768457789978932,0.375536481290374,0.5585378946624745,0.5890919694001635,0.6046393009319853,0.5824108055032973
0d799109865a9a1c946f34c99eb7dd27372d79c6adcd5aad2721ca3535a139ae,DECISIÓN,A-CE,2007.0,0.0,1.0,0.9849,0.1852,0,0.4483,0.0,0.6940359189420118,0.2222249693783297,0.2220864668358237,,2913,27,1,0,0,1.858,False,0.2046244740486145,0.2514148950576782,0.2046244740486145,0.2514148950576782,A,0.615440636199528,0.45601071965008794,0.375536481290374,0.4664730536953009,0.49273539014654993,0.5623470301602533,0.5007080304771125
0dbbebfd3378e61da701d999871c50a597e2c0c9087259ca6f4496ba330547fb,HECHOS,A-CSJ,2015.0,0.0,1.0,0.9814,0.375,1,0.7241,0.0,0.713451624978337,0.2348714291470414,0.2456282147104809,,2340,11,1,0,0,0.662,False,0.175383448600769,0.2460252046585083,0.175383448600769,0.2460252046585083,A,0.615440636199528,0.6098663301259416,0.375536481290374,0.2973490727854727,0.45764178099315644,0.6161964938268022,0.4729598179469573
0dbbebfd3378e61da701d999871c50a597e2c0c9087259ca6f4496ba330547fb,CONSIDERACIONES,A-CSJ,2015.0,0.0,1.0,0.9929,0.1566,1,0.7241,0.0,0.7110431562507653,0.272832066276111,0.2380411300254751,,8000,60,4,0,0,1.832,False,0.1640225648880005,0.2285987138748169,0.1640225648880005,0.2285987138748169,A,0.615440636199528,0.4328298655306761,0.375536481290374,0.24197449949040759,0.34864005345356647,0.5542337312184592,0.3875192556369502
0dbbebfd3378e61da701d999871c50a597e2c0c9087259ca6f4496ba330547fb,DECISIÓN,A-CSJ,2015.0,0.0,0.52,0.9884,0.0,1,0.7241,0.0,0.6705142772044933,0.2502240784015979,0.2734707129552374,,1091,2,0,0,0,0.349,False,0.2376773357391357,0.2448464035987854,0.2376773357391357,0.2448464035987854,A,0.17790510243813928,0.3133564794428533,0.375536481290374,0.6650607405209366,0.4500099695755269,0.3592806092712352,0.5260050767000717
0ed77f2cfbb0dd802977892ac2f74ced8f0997e901f65ff326b1a24383a8014d,HECHOS,A-CSJ,2014.0,0.0,1.0,0.9819,1.0,1,0.6897,0.0,0.7109487035145283,0.2069503453245021,0.2381418323336479,,1336,6,4,0,0,0.422,False,0.1523600220680236,0.2047284245491027,0.1523600220680236,0.2047284245491027,A,0.615440636199528,0.924056999575638,0.375536481290374,0.19289591764589886,0.22295683294688917,0.7261632281341959,0.4680118914012772
0ed77f2cfbb0dd802977892ac2f74ced8f0997e901f65ff326b1a24383a8014d,CONSIDERACIONES,A-CSJ,2014.0,0.0,1.0,0.9919,0.3274,1,0.6897,0.0,0.7031627344158411,0.2626515556792118,0.2347076533272198,,8000,54,7,0,0,2.21,False,0.2001519799232483,0.2448062300682068,0.2001519799232483,0.2448062300682068,A,0.615440636199528,0.5721104555263044,0.375536481290374,0.4389810204833149,0.44975027094055403,0.6029819377169291,0.5115137289807723
0ed77f2cfbb0dd802977892ac2f74ced8f0997e901f65ff326b1a24383a8014d,DECISIÓN,A-CSJ,2014.0,0.0,0.8667,0.9947,0.0,1,0.6897,0.0,0.6646571280924609,0.2165651446066625,0.2550829725252395,,763,4,0,0,0,0.357,False,0.2151415944099426,0.2893388867378235,0.2151415944099426,0.2893388867378235,A,0.4786601584403959,0.3133564794428533,0.375536481290374,0.5316284911827011,0.7234259443336597,0.464544878872025,0.5339869843833158
1017bb4b8803a7bc19c985b819db04d31c7ceb9ea89dcb490bf22e55e7b21310,HECHOS,A-CSJ,2012.0,0.0,1.0,0.9755,0.5938,1,0.6207,0.0,0.6792187547902097,0.1742135214815514,0.1964918111459607,,844,5,3,0,2,0.348,False,0.2123857736587524,0.2716879844665527,0.2123857736587524,0.2716879844665527,A,0.615440636199528,0.7622633682383769,0.375536481290374,0.5145695691382266,0.6225710668347787,0.6695354571661545,0.6200721083668544
1017bb4b8803a7bc19c985b819db04d31c7ceb9ea89dcb490bf22e55e7b21310,CONSIDERACIONES,A-CSJ,2012.0,0.0,1.0,0.9907,0.553,1,0.6207,0.0,0.7131143343229057,0.2597868293019465,0.2157131653813224,,6760,73,10,0,0,1.55,False,0.1846451163291931,0.2323975563049316,0.1846451163291931,0.2323975563049316,A,0.615440636199528,0.7371429447743701,0.375536481290374,0.3474841752369461,0.37149791954215244,0.6607433089537521,0.5050974851768794
1017bb4b8803a7bc19c985b819db04d31c7ceb9ea89dcb490bf22e55e7b21310,DECISIÓN,A-CSJ,2012.0,0.0,0.5571,0.9891,0.0,1,0.6207,0.0,0.6748500958797815,0.2249380121664128,0.2560275702560991,,741,3,0,0,0,0.278,False,0.2704799771308899,0.2993080615997314,0.2704799771308899,0.2993080615997314,A,0.20165913292246235,0.3133564794428533,0.375536481290374,0.8175682441121601,0.7724005240713643,0.36759451994074827,0.6438608138561674
101c3e12caf10998684a857b9e1944c517a646fd3a95eb52668ed22b6afb4847,CONSIDERACIONES,A-CE,2009.0,0.0,1.0,0.9857,0.3524,0,0.5172,0.0,0.7116529304259726,0.2831665969826157,0.2583524424732584,,8000,49,8,0,0,3.044,False,0.1877030134201049,0.2357869148254394,0.1877030134201049,0.2357869148254394,A,0.615440636199528,0.5920746663853296,0.375536481290374,0.3648832005836998,0.39239272691669524,0.6099694115175879,0.47909903592589154
101c3e12caf10998684a857b9e1944c517a646fd3a95eb52668ed22b6afb4847,DECISIÓN,A-CE,2009.0,0.0,0.832,1.0,0.0,0,0.5172,0.0,0.6601238010700275,0.2850086580646165,0.2624510613144433,,638,3,0,0,0,0.533,False,0.2567518353462219,0.2815765142440796,0.2567518353462219,0.2815765142440796,A,0.442738394220388,0.3133564794428533,0.375536481290374,0.7612020799902215,0.6810856056438008,0.4519722613950222,0.6058696727279762
106207e34d1fde6cc55bdea86edabf25cf31ebd5a39d5abd7a682be041c84ca6,DECISIÓN,A-CE,2006.0,0.0,1.0,0.982,0.0,0,0.4138,0.4896,0.6885962380114353,0.2313955349155008,0.2350399888203822,,4240,18,0,3,0,2.121,False,0.2339910268783569,0.2741550803184509,0.2339910268783569,0.2741550803184509,A,0.615440636199528,0.3133564794428533,0.9046733956603087,0.6443855025272943,0.6375893320159509,0.35367697177674084,0.4504572330163948
11c114614955769118b19cb9b78875fec45fc67acf2a040cd0127ef278738517,CONSIDERACIONES,A-CE,2016.0,0.0,1.0,0.9908,0.3651,0,0.7586,0.0,0.7146096336666653,0.3092475298702141,0.2548970359993643,,8000,65,5,0,0,3.148,False,0.2222058176994323,0.2824698090553283,0.2222058176994323,0.2824698090553283,A,0.615440636199528,0.6021055660287394,0.375536481290374,0.5749285746584144,0.6861321652219601,0.6134802263927814,0.613870529423947
11c114614955769118b19cb9b78875fec45fc67acf2a040cd0127ef278738517,DECISIÓN,A-CE,2016.0,0.0,1.0,0.9919,0.0,0,0.7586,0.0,0.6512369976726149,0.2587511810423256,0.2297833621954125,,402,3,0,0,0,0.408,False,0.2268676161766052,0.2579812407493591,0.2268676161766052,0.2579812407493591,A,0.615440636199528,0.3133564794428533,0.375536481290374,0.6029269091608298,0.535553246380521,0.5124180460877212,0.5213668910850331
11c114614955769118b19cb9b78875fec45fc67acf2a040cd0127ef278738517,DECISIÓN,A-CE,2016.0,0.0,0.3714,0.9861,0.0,0,0.7586,0.0,0.6512369976726149,0.2587511810423256,0.2297833621954125,,685,2,0,0,0,0.505,False,0.2268676161766052,0.2579812407493591,0.2268676161766052,0.2579812407493591,A,0.10432803684448139,0.3133564794428533,0.375536481290374,0.6029269091608298,0.535553246380521,0.3335286363134549,0.5213668910850331
128907d4b8ab2daa38d9d84c3a8d7c94aa85787d1938526d9d7d1e50e7ef7e14,HECHOS,A-CE,2004.0,0.0,1.0,0.9856,0.1008,0,0.3448,0.0,0.6930102360175464,0.2655830028510744,0.2398925029014622,,5588,39,2,0,0,2.321,False,0.1765409708023071,0.2216670513153076,0.1765409708023071,0.2216670513153076,A,0.615440636199528,0.38852400341766347,0.375536481290374,0.3033853902189116,0.3087267962223523,0.5387266794789048,0.38995395041743053
128907d4b8ab2daa38d9d84c3a8d7c94aa85787d1938526d9d7d1e50e7ef7e14,CONSIDERACIONES,A-CE,2004.0,0.0,1.0,0.9878,0.2564,0,0.3448,0.0,0.7121975898830697,0.285182947219833,0.2298952159824566,,8000,79,2,0,0,2.791,False,0.2362434267997741,0.2721015810966491,0.2362434267997741,0.2721015810966491,A,0.615440636199528,0.5143348726389206,0.375536481290374,0.6570882818744842,0.6251061822495084,0.5827604837063448,0.6084785570076264
128907d4b8ab2daa38d9d84c3a8d7c94aa85787d1938526d9d7d1e50e7ef7e14,DECISIÓN,A-CE,2004.0,0.0,0.78,0.9933,0.0,0,0.3448,0.0,0.6754240296629203,0.2700412896601388,0.2997679843647524,,456,3,0,0,0,0.347,False,0.2281113266944885,0.2796282172203064,0.2281113266944885,0.2796282172203064,A,0.3901185231462347,0.3133564794428533,0.375536481290374,0.6102919253001452,0.6699315528059614,0.4335553065190686,0.5508203080188816
12c68e398fa497e0ea30779cdba94307138aedeb24e33f6014c4d899fbccb577,CONSIDERACIONES,A-CE,,0.0,1.0,0.9725,0.8317,0,0.5,0.1905,0.7001573963159574,0.2369678167875277,0.2209595365836502,,8000,48,13,2,1,2.629,False,0.1360500454902649,0.1722828149795532,0.1360500454902649,0.1722828149795532,A,0.615440636199528,0.8750335882723981,0.6375841060429194,0.1375191689410866,0.10948604673430977,0.6303907467522983,0.3612704943357579
12c68e398fa497e0ea30779cdba94307138aedeb24e33f6014c4d899fbccb577,DECISIÓN,A-CE,,0.0,0.65,0.9962,0.0,0,0.5,0.2475,0.7016185418557724,0.2561219528434763,0.2541858993779325,,1917,5,0,1,0,0.786,False,0.1778882145881652,0.223412811756134,0.1778882145881652,0.223412811756134,A,0.27116699167845204,0.3133564794428533,0.708080118986085,0.31049732933076635,0.3185423055959066,0.2921591791966313,0.30910562244844586
1416ae13e1f448ff1c4a051b27136a9f9ba34ec7174f346d299d3cb978e3b460,DECISIÓN,A-CE,2003.0,0.0,0.65,0.9911,0.0,0,0.3103,0.3536,0.6568677402883659,0.2166674087991451,0.2223966011663865,,1524,3,0,1,0,0.743,False,0.1945481300354004,0.2475891709327697,0.1945481300354004,0.2475891709327697,A,0.27116699167845204,0.3133564794428533,0.8151656113966604,0.4050749129612419,0.46779740141448073,0.2600335314734587,0.35064169740071205
143256801feffea8eacf63001c92274b9ee28a8c10aef1662e7c78759e087fcb,CONSIDERACIONES,A-CSJ,2014.0,0.0,1.0,0.9947,0.5294,1,0.6897,0.2647,0.7154591664864522,0.2906997950191431,0.2367539971692326,,7102,52,6,2,0,2.516,False,0.2358390092849731,0.2723278403282165,0.2358390092849731,0.2723278403282165,A,0.615440636199528,0.7218559417802346,0.7277023975060906,0.6548233838200092,0.6264901362879075,0.5497430830410898,0.5894097175384252
143256801feffea8eacf63001c92274b9ee28a8c10aef1662e7c78759e087fcb,DECISIÓN,A-CSJ,2014.0,0.0,1.0,0.9919,0.0,1,0.6897,0.0,0.6866175828033722,0.2747356926795723,0.3086348766383757,,524,3,0,0,0,0.598,False,0.3341352343559265,0.3682382702827453,0.3341352343559265,0.3682382702827453,A,0.615440636199528,0.3133564794428533,0.375536481290374,0.9560444091552807,0.9535751195355627,0.5124180460877212,0.7285623907140992
154480cd4a5177fbc95ccb84329bb279147770f8e9ba039528ea8c761a2c24a2,HECHOS,A-CE,2017.0,0.0,1.0,0.9846,0.3951,0,0.7931,0.75,0.7127881292867932,0.223675514014769,0.222065647937686,,8000,56,7,9,0,2.753,False,0.1839845776557922,0.2448161840438842,0.1839845776557922,0.2448161840438842,A,0.615440636199528,0.6254495103437825,0.9762832044388932,0.34377684459887015,0.4498146150882321,0.4414265899584907,0.3713905553254179
154480cd4a5177fbc95ccb84329bb279147770f8e9ba039528ea8c761a2c24a2,CONSIDERACIONES,A-CE,2017.0,0.0,1.0,0.9943,0.4946,0,0.7931,0.2177,0.7054870820996827,0.2704952206273039,0.2269402658321287,,8000,70,11,3,0,2.687,False,0.2348383069038391,0.277729332447052,0.2348383069038391,0.277729332447052,A,0.615440636199528,0.698344903812762,0.6722018325404214,0.6491889258061564,0.6588730900656256,0.558164389242175,0.5991366014903861
154480cd4a5177fbc95ccb84329bb279147770f8e9ba039528ea8c761a2c24a2,DECISIÓN,A-CE,2017.0,0.0,0.65,0.9945,0.0,0,0.7931,0.0,0.6646654432973264,0.2400692426146252,0.2622242137347836,,476,2,0,0,0,0.381,False,0.2762581706047058,0.3037660121917724,0.2762581706047058,0.3037660121917724,A,0.27116699167845204,0.3133564794428533,0.375536481290374,0.8379902075578258,0.7922198072093461,0.39192227050534467,0.6549723576897467
15a84895577a3f984716399508c5f7a8380a5a0f3eafcefd1eb69cebc13b53b5,CONSIDERACIONES,A-CE,2009.0,0.0,1.0,0.9811,0.1333,0,0.5172,0.1492,0.7085968953484465,0.2809546068764341,0.2512785174039454,,8000,60,3,2,0,2.786,False,0.1712948679924011,0.2348459362983703,0.1712948679924011,0.2348459362983703,A,0.615440636199528,0.41415507222552683,0.582288777863872,0.27659487841105057,0.386548457353842,0.48567186458960754,0.36119891139824345
15a84895577a3f984716399508c5f7a8380a5a0f3eafcefd1eb69cebc13b53b5,CONSIDERACIONES,A-CE,2009.0,0.0,1.0,0.9784,1.0,0,0.5172,0.5259,0.7085968953484465,0.2809546068764341,0.2512785174039454,,8000,48,25,7,0,3.116,False,0.1712948679924011,0.2348459362983703,0.1712948679924011,0.2348459362983703,A,0.615440636199528,0.924056999575638,0.9209123848026813,0.27659487841105057,0.386548457353842,0.5625504570805037,0.42094967184800935
15a84895577a3f984716399508c5f7a8380a5a0f3eafcefd1eb69cebc13b53b5,DECISIÓN,A-CE,2009.0,0.0,1.0,0.9943,0.202,0,0.5172,0.5227,0.7107668577250253,0.234219223155362,0.2385305247689192,,8000,50,4,9,0,2.546,False,0.1686159372329712,0.2329683303833007,0.1686159372329712,0.2329683303833007,A,0.615440636199528,0.4697234911278939,0.9195891015966603,0.2634922630776068,0.3749855273484801,0.4039307140855996,0.30073245000949983
1969b99d5165452c36d6547d63b53c088dfb4ac534cec78d3854d494f6ec287c,HECHOS,A-CSJ,2014.0,0.0,1.0,0.9898,0.5,1,0.6897,0.0,0.6837996442716913,0.237904810529551,0.2200195048046813,,8000,43,6,0,0,2.769,False,0.2052150964736938,0.2650902867317199,0.2052150964736938,0.2650902867317199,A,0.615440636199528,0.7020666296461159,0.375536481290374,0.47012252221051765,0.5813073959255203,0.6484665986588631,0.5812137231122394
1969b99d5165452c36d6547d63b53c088dfb4ac534cec78d3854d494f6ec287c,DECISIÓN,A-CSJ,2014.0,0.0,1.0,0.9965,0.0,1,0.6897,0.0,0.6485439142473556,0.2340501015271665,0.2210541936877725,,484,4,0,0,0,0.554,False,0.2227383852005005,0.2715342044830322,0.2227383852005005,0.2715342044830322,A,0.615440636199528,0.3133564794428533,0.375536481290374,0.5781551765053689,0.6216267608203031,0.5124180460877212,0.5299114875435782
1969b99d5165452c36d6547d63b53c088dfb4ac534cec78d3854d494f6ec287c,DECISIÓN,A-CSJ,2014.0,0.0,0.78,0.9932,0.0,1,0.6897,0.0,0.6485439142473556,0.2340501015271665,0.2210541936877725,,468,3,0,0,0,0.464,False,0.2227383852005005,0.2715342044830322,0.2227383852005005,0.2715342044830322,A,0.3901185231462347,0.3133564794428533,0.375536481290374,0.5781551765053689,0.6216267608203031,0.4335553065190686,0.5299114875435782
1b2f8e6c0f9fba53439452a0db00ccf2070329a79f195529f9764da939332f8d,CONSIDERACIONES,A-CE,,0.0,1.0,0.9825,0.0,0,0.5,0.8478,0.6987707733276943,0.2570714399646427,0.2213885910820425,,8000,61,0,10,0,3.331,False,0.1734085083007812,0.2144520878791809,0.1734085083007812,0.2144520878791809,A,0.615440636199528,0.3133564794428533,0.9861926891103336,0.28721198751278104,0.27001740749413594,0.32922118374173337,0.23562825916694716
1b2f8e6c0f9fba53439452a0db00ccf2070329a79f195529f9764da939332f8d,DECISIÓN,A-CE,,0.0,1.0,0.991,0.0285,0,0.5,0.0945,0.6663995207900538,0.2041464431537147,0.2338157301811508,,8000,36,1,2,0,3.173,False,0.1943843960762024,0.2385753393173217,0.1943843960762024,0.2385753393173217,A,0.615440636199528,0.3338327220314017,0.505987746852983,0.40409610069488777,0.40988724857927583,0.4804493513249305,0.4056717160963197
1cdfc83e3657c1421bd5cbb381fc7984156440675f4bcb70206be4ded8f81ff9,HECHOS,A-CSJ,2014.0,0.0,1.0,0.9879,0.7083,1,0.6897,0.0,0.6965330078202467,0.1800596035818036,0.2026732546664578,,1040,3,2,0,0,0.551,False,0.2586327791213989,0.3071120977401733,0.2586327791213989,0.3071120977401733,A,0.615440636199528,0.8236191192930988,0.375536481290374,0.7695830928188608,0.8062395589841129,0.6910099700353072,0.7613994778486237
1cdfc83e3657c1421bd5cbb381fc7984156440675f4bcb70206be4ded8f81ff9,DECISIÓN,A-CSJ,2014.0,0.0,1.0,0.9947,0.0,1,0.6897,0.0,0.6807853129486662,0.2607774963403007,0.3032886393225249,,746,5,0,0,0,0.486,False,0.2778316736221313,0.3238439559936523,0.2778316736221313,0.3238439559936523,A,0.615440636199528,0.3133564794428533,0.375536481290374,0.8432217548878461,0.8656226138336676,0.5124180460877212,0.6714839605801182
1d59753be972090bd0a2b825206390fe1d43be194d8f797ac7b097623ae9e4d1,CONSIDERACIONES,A-CSJ,2018.0,0.0,1.0,0.9904,0.3403,1,0.8276,0.0726,0.7026855396463175,0.25262495054328,0.1926734553411608,,8000,60,7,1,0,2.799,False,0.356445848941803,0.3812864422798157,0.356445848941803,0.3812864422798157,A,0.615440636199528,0.5824456352558316,0.4751579267609594,0.9742512679725814,0.9665345272430284,0.576712816981088,0.7848746727007753
1d59753be972090bd0a2b825206390fe1d43be194d8f797ac7b097623ae9e4d1,DECISIÓN,A-CSJ,2018.0,0.0,0.65,0.9948,0.0,1,0.8276,0.0,0.693654079611944,0.2615580328100714,0.2936628027186018,,866,4,0,0,0,0.486,False,0.2448290586471557,0.3041402101516723,0.2448290586471557,0.3041402101516723,A,0.27116699167845204,0.3133564794428533,0.375536481290374,0.703371783333147,0.7938241038931864,0.39192227050534467,0.6081767685478772
1d827284136d2487d88645af44ae64472c936914676cafcee2eacf23514ca158,DECISIÓN,A-CE,2003.0,0.0,0.3071,0.9973,0.0,0,0.3103,0.0,0.6433385964145928,0.2132273544032803,0.2053127460297836,,844,2,0,0,0,0.47,False,0.2116666436195373,0.2769454717636108,0.2116666436195373,0.2769454717636108,A,0.08180555149970216,0.3133564794428533,0.375536481290374,0.5101108407691273,0.6542563869650234,0.3256457664427822,0.5126218952648377
1e6c5f6e8510143dc607c36570938f46d49e2e887291340d25f12ac2a964507d,DECISIÓN,A-CE,,0.0,1.0,0.9894,0.0,0,0.5,0.275,0.7050979818725333,0.2398313647500611,0.2486101677993506,,3102,7,0,1,0,1.266,False,0.1762856245040893,0.2367097735404968,0.1762856245040893,0.2367097735404968,A,0.615440636199528,0.3133564794428533,0.7390496808518581,0.30204785355181646,0.39815457176689456,0.40336408621927605,0.3158768467868564
2132a193e2be757480179b35a44891f32d1fad47b3923b917d6e94617e1018a4,DECISIÓN,A-CSJ,2007.0,0.0,0.65,0.9932,0.0,0,0.4483,0.2045,0.6840765109200723,0.2413172283485359,0.2611087958503008,,1009,5,0,1,0,0.521,False,0.2352249026298523,0.2902739644050598,0.2352249026298523,0.2902739644050598,A,0.27116699167845204,0.3133564794428533,0.655607680454427,0.6513706912008462,0.7282860280247855,0.30790091075612874,0.5208545312950811
21649e686b573d7662c1ad154761aeb3d93749226065487f3951e711f22a4a4f,HECHOS,A-CE,2017.0,0.0,1.0,0.9908,0.3013,0,0.7931,0.3452,0.7096635902650175,0.269301324048729,0.2446896429579816,,8000,59,5,4,0,2.633,False,0.2554827928543091,0.2810418009757995,0.2554827928543091,0.2810418009757995,A,0.615440636199528,0.5510153048559999,0.8079273842868739,0.7554305786036203,0.6780442651574691,0.4658813640833726,0.576177904899386
21649e686b573d7662c1ad154761aeb3d93749226065487f3951e711f22a4a4f,CONSIDERACIONES,A-CE,2017.0,0.0,1.0,0.9951,0.0467,0,0.7931,0.09,0.7006630329689316,0.2834058695400587,0.2441758484867153,,8000,54,1,1,0,2.899,False,0.2082840204238891,0.2477705478668213,0.2082840204238891,0.2477705478668213,A,0.615440636199528,0.3472508767632858,0.49964887337518854,0.4891281725330267,0.46897706408459267,0.48704736752442823,0.45187321771926164
21649e686b573d7662c1ad154761aeb3d93749226065487f3951e711f22a4a4f,DECISIÓN,A-CE,2017.0,0.0,0.964,0.9938,0.0,0,0.7931,0.0,0.6897216027312645,0.2666983461321539,0.280903064484449,,1117,4,0,0,0,0.643,False,0.3233330845832824,0.3489054441452026,0.3233330845832824,0.3489054441452026,A,0.5793673591390553,0.3133564794428533,0.375536481290374,0.9432972543867124,0.9253531075227194,0.4997923991165558,0.7184564841425317
2226d308a75bcc78bec425ffa65a2a8fb543f29dfd7fb27da57b759d0417deda,CONSIDERACIONES,A-CE,2004.0,0.0,1.0,0.9867,0.2056,0,0.3448,0.075,0.7047300457081537,0.2609507463488357,0.2337194538163867,,8000,48,4,1,0,2.714,False,0.1595999002456665,0.1896116137504577,0.1595999002456665,0.1896116137504577,A,0.615440636199528,0.4726686140606662,0.4785315481853234,0.22241683445397997,0.16200689561421047,0.5372787731354709,0.33270811505983694
2226d308a75bcc78bec425ffa65a2a8fb543f29dfd7fb27da57b759d0417deda,DECISIÓN,A-CE,2004.0,0.0,1.0,0.9898,0.0,0,0.3448,0.0,0.6968451414965144,0.2203373347796133,0.2134585239212308,,2704,9,0,0,0,0.968,False,0.2216687202453613,0.2675043940544128,0.2216687202453613,0.2675043940544128,A,0.615440636199528,0.3133564794428533,0.375536481290374,0.5716680499995841,0.5965714247507446,0.5124180460877212,0.5226299260526419
23bbdee45fd67bf8149df3930d9034967b76fa08e5586fa25fe4ea2f62a7e8c1,HECHOS,A-CSJ,2014.0,0.0,0.6786,0.9822,0.4762,1,0.6897,0.0,0.6975999824401662,0.2248229742969016,0.235289820947282,,1090,4,2,0,0,0.583,False,0.2077707052230835,0.2549077272415161,0.2077707052230835,0.2549077272415161,A,0.2953598647849104,0.6854681615705052,0.375536481290374,0.4859455595784657,0.5155381922481785,0.5306288648372832,0.5694483284366502
23bbdee45fd67bf8149df3930d9034967b76fa08e5586fa25fe4ea2f62a7e8c1,CONSIDERACIONES,A-CSJ,2014.0,0.0,1.0,0.9909,0.3246,1,0.6897,0.1184,0.7036274072249707,0.2619286744185428,0.2327891983765055,,8000,58,4,1,0,2.664,False,0.1687359809875488,0.223815381526947,0.1687359809875488,0.223815381526947,A,0.615440636199528,0.5698584969376738,0.5395730731427987,0.26407078737720147,0.3208292107645657,0.552982774655181,0.39114062734079236
23bbdee45fd67bf8149df3930d9034967b76fa08e5586fa25fe4ea2f62a7e8c1,DECISIÓN,A-CSJ,2014.0,0.0,0.4333,0.9885,0.0,1,0.6897,0.0,0.6596113299722657,0.2046628931961873,0.2318583841363044,,599,2,0,0,0,0.372,False,0.2381545901298523,0.2848967909812927,0.2381545901298523,0.2848967909812927,A,0.13101564848505567,0.3133564794428533,0.375536481290374,0.6676937664856837,0.6996205049637217,0.34286930038765595,0.5768487428653721
254d6cd44092136418782cdda8bedea28aaa1427466d870436906e3d93915c16,CARGOS,A-CSJ,2016.0,0.0,1.0,0.9946,0.1389,1,0.7586,0.0,0.7157835731044663,0.3082613378433401,0.2671053443458648,,8000,50,2,0,0,3.031,False,0.1780096292495727,0.2187767624855041,0.1780096292495727,0.2187767624855041,A,0.615440636199528,0.4186230738453443,0.375536481290374,0.3111427513100418,0.29285189096480174,0.5492613541285931,0.3970188133547362
254d6cd44092136418782cdda8bedea28aaa1427466d870436906e3d93915c16,DECISIÓN,A-CSJ,2016.0,0.0,0.78,0.9923,0.0,1,0.7586,0.0,0.675220979453814,0.2741069518465527,0.3079540405472845,,638,3,0,0,0,0.437,False,0.2211690545082092,0.2696484923362732,0.2211690545082092,0.2696484923362732,A,0.3901185231462347,0.3133564794428533,0.375536481290374,0.5686291557561793,0.6099741753479596,0.4335553065190686,0.5242468631868932
2556aa061d8aded9dad71d767d0648b9a7a48475556d519db0662f48d7a0e340,CONSIDERACIONES,A-CE,,0.0,1.0,0.9933,0.1905,0,0.5,0.0952,0.6940167662478474,0.2844887502527468,0.259516149266858,,8000,48,3,1,0,2.748,False,0.1617668271064758,0.2100143432617187,0.1617668271064758,0.2100143432617187,A,0.615440636199528,0.4603305703234268,0.5069736723958057,0.2318555987696621,0.24778723180732692,0.5244278205642925,0.3443948140325427
2556aa061d8aded9dad71d767d0648b9a7a48475556d519db0662f48d7a0e340,DECISIÓN,A-CE,,0.0,1.0,0.9857,0.2803,0,0.5,0.1705,0.6849463393785634,0.2357586815001595,0.2323781127888849,,8000,50,4,2,0,2.748,False,0.386972963809967,0.414644181728363,0.386972963809967,0.414644181728363,A,0.615440636199528,0.5339042000903503,0.6111616045037702,0.9877613667221639,0.98571999000814,0.5189222113503263,0.7541042054762189
26dfc2f5529297e29c7d1c5aacf3bfce219fb1eb6cdbf09f715a143f2722ada2,CONSIDERACIONES,A-CE,2004.0,0.0,1.0,0.9862,0.4583,0,0.3448,0.0,0.6961547179516702,0.2671175020293113,0.2324539819736583,,8000,38,8,0,0,3.003,False,0.175675094127655,0.246042788028717,0.175675094127655,0.246042788028717,A,0.615440636199528,0.6726612542707933,0.375536481290374,0.298863429383361,0.4577557791918427,0.6381747172775002,0.48921137343216836
26dfc2f5529297e29c7d1c5aacf3bfce219fb1eb6cdbf09f715a143f2722ada2,DECISIÓN,A-CE,2004.0,0.0,1.0,0.994,0.0,0,0.3448,0.3125,0.6664537691380648,0.2785594112132235,0.241128714521053,,1508,4,0,1,0,0.877,False,0.2156969904899597,0.2769352793693542,0.2156969904899597,0.2769352793693542,A,0.615440636199528,0.3133564794428533,0.7777047380950182,0.5350588255827042,0.6541961626707925,0.39176756904632803,0.4409079937298146
274d29962451441c036e97f327c52962feec52b31fef624dbdb88b936376f9c4,CONSIDERACIONES,A-CSJ,2017.0,0.0,1.0,0.9904,0.1515,0,0.7931,0.3977,0.7054018784433981,0.2588358180663616,0.2181245310152593,,8000,59,2,4,0,2.72,False,0.1870015263557434,0.2500327825546264,0.1870015263557434,0.2500327825546264,A,0.615440636199528,0.4287239662531772,0.849722486317172,0.36085856129794874,0.48371539681803577,0.4105408649632953,0.3602800701177491
274d29962451441c036e97f327c52962feec52b31fef624dbdb88b936376f9c4,DECISIÓN,A-CSJ,2017.0,0.0,0.5571,0.9918,0.0,0,0.7931,0.3214,0.6712550651939307,0.2424510196315804,0.2661308815119418,,1111,3,0,1,0,0.503,False,0.2961639761924743,0.3127822875976562,0.2961639761924743,0.3127822875976562,A,0.20165913292246235,0.3133564794428533,0.786253786166372,0.8944789878414746,0.8283338294237684,0.24437932847794885,0.5998227742567088
27ced80839f5d06057ae1462ab99c9138bcfab5db28af07a3042e1ffb9e60863,CONSIDERACIONES,A-CE,,0.0,1.0,0.9873,0.0897,0,0.5,0.0952,0.7124513412244262,0.2880494376253592,0.2520261583163826,,8000,66,2,1,0,2.684,False,0.1857427358627319,0.216174840927124,0.1857427358627319,0.216174840927124,A,0.615440636199528,0.37990181650863575,0.5069736723958057,0.3536855785150622,0.2789782051365117,0.49627775672911556,0.3731663131555719
27ced80839f5d06057ae1462ab99c9138bcfab5db28af07a3042e1ffb9e60863,DECISIÓN,A-CE,,0.0,1.0,0.9894,0.0,0,0.5,0.0521,0.6727988201870796,0.2089326135740584,0.2335816960523801,,8000,34,0,1,0,2.473,False,0.2070708274841308,0.2456557750701904,0.2070708274841308,0.2456557750701904,A,0.615440636199528,0.3133564794428533,0.4464650537446262,0.48160812354480886,0.45524770319741514,0.49113947435144556,0.4486584929919542
27d9721f69fcc9c5aae1369419546b29f74c68854893d7b6cf2f95233aa00024,HECHOS,A-CE,,0.0,0.9881,0.9587,0.3646,0,0.5,0.0,0.7126911902695748,0.2257776710750541,0.2667115729472653,,8000,23,8,0,0,3.626,False,0.1565402746200561,0.2163460850715637,0.1565402746200561,0.2163460850715637,A,0.6036354337139334,0.6017122070329779,0.375536481290374,0.2095624450491361,0.2798788192945105,0.6092107298743067,0.40464337512626936
27d9721f69fcc9c5aae1369419546b29f74c68854893d7b6cf2f95233aa00024,HECHOS,A-CE,,0.0,0.9052,0.9693,0.3925,0,0.5,0.0,0.7126911902695748,0.2257776710750541,0.2667115729472653,,6689,22,8,0,0,2.984,False,0.1565402746200561,0.2163460850715637,0.1565402746200561,0.2163460850715637,A,0.5187595055398534,0.6234476003869233,0.375536481290374,0.2095624450491361,0.2798788192945105,0.5871115426872596,0.4100772234647557
27d9721f69fcc9c5aae1369419546b29f74c68854893d7b6cf2f95233aa00024,HECHOS,A-CE,,0.0,1.0,0.9779,0.6301,0,0.5,0.0,0.7126911902695748,0.2257776710750541,0.2667115729472653,,8000,38,12,0,0,2.889,False,0.1565402746200561,0.2163460850715637,0.1565402746200561,0.2163460850715637,A,0.615440636199528,0.7831827364511237,0.375536481290374,0.2095624450491361,0.2798788192945105,0.6768572360406159,0.4500110074808058
27d9721f69fcc9c5aae1369419546b29f74c68854893d7b6cf2f95233aa00024,DECISIÓN,A-CE,,0.0,1.0,0.9796,0.0,0,0.5,0.2557,0.706298531142309,0.2530836694458063,0.2655696531672211,,8000,44,0,3,0,2.938,False,0.193231463432312,0.2739638686180115,0.193231463432312,0.2739638686180115,A,0.615440636199528,0.3133564794428533,0.7175382871849768,0.39722579083359194,0.6364344711790881,0.4098175043193404,0.40114738345129275
2a3b67dd8318e81ac2c4ff4f18ee62c053dd38b9d4b39b282011ed46e3283b29,HECHOS,A-CSJ,2016.0,0.0,1.0,0.9878,0.4722,1,0.7586,0.0,0.7229415214089563,0.2691700834906988,0.2792438878482528,,2058,9,2,0,0,0.866,False,0.1966512203216552,0.2679123878479004,0.1966512203216552,0.2679123878479004,A,0.615440636199528,0.6826297809320642,0.375536481290374,0.41771192759173753,0.5991335913510142,0.641663701608945,0.5615760419022522
2a3b67dd8318e81ac2c4ff4f18ee62c053dd38b9d4b39b282011ed46e3283b29,DECISIÓN,A-CSJ,2016.0,0.0,0.5938,0.9899,0.0,1,0.7586,0.0,0.6679024272085458,0.2338337936382081,0.2512261931255326,,982,4,0,0,0,0.684,False,0.1789275407791137,0.2344019412994384,0.1789275407791137,0.2344019412994384,A,0.22741324086385967,0.3133564794428533,0.375536481290374,0.31604589152269963,0.3838020691560023,0.3766084577202373,0.3906082994667839
2b419c8e925543ff79ac0413de3ab026b4f45d1a5617693533e477fb54a4d888,HECHOS,A-CSJ,2015.0,0.0,1.0,0.979,1.0,1,0.7241,0.0,0.671281854974487,0.1857770855142437,0.2065605073529428,,1228,3,3,0,0,0.683,False,0.2034642696380615,0.2709660530090332,0.2034642696380615,0.2709660530090332,A,0.615440636199528,0.924056999575638,0.375536481290374,0.4593149246336227,0.6181299962141193,0.7261632281341959,0.6402931765004265
2b419c8e925543ff79ac0413de3ab026b4f45d1a5617693533e477fb54a4d888,CARGOS,A-CSJ,2015.0,0.0,1.0,0.9923,0.5385,1,0.7241,0.0,0.7407049254186332,0.2804920158060395,0.2502882758936549,,4779,33,6,0,0,1.67,False,0.1941655874252319,0.2665119767189026,0.1941655874252319,0.2665119767189026,A,0.615440636199528,0.7278148438913206,0.375536481290374,0.4027892400185822,0.5903173488475845,0.6574784736446848,0.565886118490776
2b419c8e925543ff79ac0413de3ab026b4f45d1a5617693533e477fb54a4d888,CONSIDERACIONES,A-CSJ,2015.0,0.0,1.0,0.9956,0.3261,1,0.7241,0.0,0.7109077096865881,0.2802067493989408,0.2430567666046941,,8000,61,6,0,0,3.3,False,0.3020268082618713,0.3285281658172607,0.3020268082618713,0.3285281658172607,A,0.615440636199528,0.5710652689739153,0.375536481290374,0.9074444307879643,0.8792289900143643,0.602616122423593,0.7611103697640644
2b419c8e925543ff79ac0413de3ab026b4f45d1a5617693533e477fb54a4d888,DECISIÓN,A-CSJ,2015.0,0.0,1.0,0.9946,0.0,1,0.7241,0.0,0.6690085389684545,0.2243391270737093,0.243676508108069,,709,5,0,0,0,0.565,False,0.209208071231842,0.2838024497032165,0.209208071231842,0.2838024497032165,A,0.615440636199528,0.3133564794428533,0.375536481290374,0.494859441826438,0.6935793972376033,0.5124180460877212,0.5151485076894124
2cab90c8736fb4fe23022c4cf28f65ee1e9d20f0cff3b63fd36470d360dccce8,CONSIDERACIONES,A-CE,,0.0,1.0,0.9916,0.0,0,0.5,0.0469,0.7085169254936134,0.2959802664283157,0.2564942946938738,,8000,44,0,1,0,3.164,False,0.212749183177948,0.2566084861755371,0.212749183177948,0.2566084861755371,A,0.615440636199528,0.3133564794428533,0.4392356363143375,0.516821932612252,0.5266240076527069,0.49330829958053224,0.4767044705426754
2cab90c8736fb4fe23022c4cf28f65ee1e9d20f0cff3b63fd36470d360dccce8,DECISIÓN,A-CE,,0.0,0.8744,0.99,0.0,0,0.5,0.0,0.6744002111199997,0.2503440094103826,0.2488620324357247,,2240,6,0,0,0,0.881,False,0.1940190196037292,0.2552804350852966,0.1940190196037292,0.2552804350852966,A,0.4866745689276994,0.3133564794428533,0.375536481290374,0.40191461641918946,0.517969250347938,0.46734992254258123,0.4474957894189424
2d6a4e9ebe0fdc7f468e3d4c471d83b596c7395d4fe4532971f02d1e21f41deb,DECISIÓN,A-CE,2017.0,0.0,1.0,0.9879,0.0,0,0.7931,0.6692,0.696173895139134,0.2244177981122077,0.2251935277261862,,3398,14,0,4,0,1.535,False,0.1839373111724853,0.2143311500549316,0.1839373111724853,0.2143311500549316,A,0.615440636199528,0.3133564794428533,0.9631117614347577,0.34351227927505107,0.2693952129570586,0.33614546204440615,0.25982510791144137
2e0feeefc4bc50d2e47795c18c7901bc7c83fd8c2a01de2a00a924727e62957b,HECHOS,A-CSJ,2012.0,0.0,1.0,0.9896,1.0,1,0.6207,0.0,0.6566805367678259,0.1738653617461849,0.1919068872980477,,567,7,1,0,0,0.389,False,0.141989529132843,0.1981900930404663,0.141989529132843,0.1981900930404663,A,0.615440636199528,0.924056999575638,0.375536481290374,0.15595272142536915,0.19477136468868536,0.7261632281341959,0.449444679072451
2e0feeefc4bc50d2e47795c18c7901bc7c83fd8c2a01de2a00a924727e62957b,DECISIÓN,A-CSJ,2012.0,0.0,0.7917,0.9953,0.0,1,0.6207,0.0,0.672823597091749,0.2341449474722478,0.2577981134551632,,882,4,0,0,0,0.503,False,0.2443671822547912,0.2846571207046509,0.2443671822547912,0.2846571207046509,A,0.40178251961032513,0.3133564794428533,0.375536481290374,0.7009748110126087,0.6983032672158821,0.43763770528150026,0.588233660900228
30899dac6eaab5df87fd13c32e8fd4ab13ee639829d581a9b032998090c6bb2d,HECHOS,A-CE,2018.0,0.0,1.0,0.9873,0.4524,0,0.8276,0.5238,0.6937352792080762,0.248905089112025,0.2442951110490469,,8000,43,6,5,0,2.616,False,0.1690710186958313,0.2145073413848877,0.1690710186958313,0.2145073413848877,A,0.615440636199528,0.6683817537009494,0.9200462436630525,0.2656897298202031,0.270301973971889,0.4733239633662514,0.3301379899240757
30899dac6eaab5df87fd13c32e8fd4ab13ee639829d581a9b032998090c6bb2d,DECISIÓN,A-CE,2018.0,0.0,1.0,0.991,0.0,0,0.8276,0.2679,0.6845524839270289,0.2614304926354718,0.2420759206015945,,2017,17,0,1,0,0.803,False,0.286726713180542,0.3247497081756592,0.286726713180542,0.3247497081756592,A,0.615440636199528,0.3133564794428533,0.7312606403847852,0.8702461116899607,0.868350832116332,0.4057007983593979,0.6103432972985089
3109c1a737befc06c5eff167678140d2593b7205d9ab6141fbdfa0b28183eee2,CONSIDERACIONES,A-CE,,0.0,1.0,0.998,0.0,0,0.5,0.0,0.6868595579386201,0.2388631855300302,0.2022495139285905,,1442,9,0,0,0,0.681,False,0.2266101241111755,0.2705984115600586,0.2266101241111755,0.2705984115600586,A,0.615440636199528,0.3133564794428533,0.375536481290374,0.6013961237831011,0.6158607325256481,0.5124180460877212,0.5368926134318536
3109c1a737befc06c5eff167678140d2593b7205d9ab6141fbdfa0b28183eee2,CONSIDERACIONES,A-CE,,0.0,1.0,0.9873,0.0977,0,0.5,0.0,0.6868595579386201,0.2388631855300302,0.2022495139285905,,8000,51,2,0,0,2.61,False,0.2266101241111755,0.2705984115600586,0.2266101241111755,0.2705984115600586,A,0.615440636199528,0.38610871715763884,0.375536481290374,0.6013961237831011,0.6158607325256481,0.5378813292878962,0.55508067286055
3109c1a737befc06c5eff167678140d2593b7205d9ab6141fbdfa0b28183eee2,DECISIÓN,A-CE,,0.0,0.0,0.9921,0.0,0,0.5,0.0,0.6382945329232768,0.1905748357387234,0.2237278488286479,,415,0,0,0,0,0.378,False,0.1753888130187988,0.2359746098518371,0.1753888130187988,0.2359746098518371,A,0.024169707443500377,0.3133564794428533,0.375536481290374,0.297376887308948,0.3935622277015498,0.3054732210231116,0.38602617970108033
33b2b2c031f6ed6f35d3e441a8c3a3d2af615eed31d06dbb0796268f68869675,CONSIDERACIONES,A-CSJ,2017.0,0.0,1.0,0.9931,0.0694,1,0.7931,0.0,0.7101203736949749,0.2820920607874753,0.2303806813364043,,8000,71,1,0,0,2.632,False,0.2060140967369079,0.2445513606071472,0.2060140967369079,0.2445513606071472,A,0.615440636199528,0.3643309858389947,0.375536481290374,0.4750645779854901,0.4481033310630561,0.5302591233263707,0.47186871870920666
33b2b2c031f6ed6f35d3e441a8c3a3d2af615eed31d06dbb0796268f68869675,DECISIÓN,A-CSJ,2017.0,0.0,0.99,0.9946,0.0,1,0.7931,0.0,0.6864352176368371,0.2481669228361543,0.2725582019197839,,1302,7,0,0,0,0.749,False,0.2253680229187011,0.2825757265090942,0.2253680229187011,0.2825757265090942,A,0.6055288101219867,0.3133564794428533,0.375536481290374,0.5939844688220349,0.6867276542967666,0.5089489069605818,0.548471918549704
3415c8e1439b6620466038c51e3593f469a5fcf746e27f0f2609e1615c173d28,HECHOS,A-CSJ,2016.0,0.0,1.0,0.9905,0.2024,1,0.7586,0.0804,0.7109561034228954,0.2682198644596152,0.2605513385024616,,8000,56,4,1,0,2.317,False,0.2093442678451538,0.2551010251045227,0.2093442678451538,0.2551010251045227,A,0.615440636199528,0.4700506266747957,0.48612889259882525,0.4957043288186552,0.5167991135587824,0.5340832742263657,0.49714321594721966
3415c8e1439b6620466038c51e3593f469a5fcf746e27f0f2609e1615c173d28,CONSIDERACIONES,A-CSJ,2016.0,0.0,1.0,0.996,0.1771,1,0.7586,0.0,0.7083173852288696,0.2849190939149686,0.2023335014633498,,8000,51,2,0,0,1.916,False,0.2282346487045288,0.2899603247642517,0.2282346487045288,0.2899603247642517,A,0.615440636199528,0.4494216674698765,0.375536481290374,0.611019540567053,0.7266618599406771,0.5600408618971794,0.5964373317959983
3415c8e1439b6620466038c51e3593f469a5fcf746e27f0f2609e1615c173d28,DECISIÓN,A-CSJ,2016.0,0.0,0.5278,0.99,0.0,1,0.7586,0.0,0.6675783232694485,0.2120469950056085,0.2354338668411839,,1375,4,0,0,0,0.424,False,0.2173457145690918,0.2619833350181579,0.2173457145690918,0.2619833350181579,A,0.1827102954331104,0.3133564794428533,0.375536481290374,0.5452212094854912,0.5614351713823256,0.3609624268194751,0.5063462811990256
341a32fb6a6c70b59f37bb727fa60ca65e17bb52525259dbe551b3142839e812,CONSIDERACIONES,A-CE,2013.0,0.0,1.0,0.9895,0.0,0,0.6552,0.0,0.7047948708426048,0.2612858386508518,0.2277206535691911,,2470,17,0,0,0,0.633,False,0.1775292158126831,0.236758291721344,0.1775292158126831,0.236758291721344,A,0.615440636199528,0.3133564794428533,0.375536481290374,0.30859326148146055,0.39845829129446103,0.5124180460877212,0.3909311233800419
341a32fb6a6c70b59f37bb727fa60ca65e17bb52525259dbe551b3142839e812,CONSIDERACIONES,A-CE,2013.0,0.0,1.0,0.985,0.0614,0,0.6552,0.0,0.7047948708426048,0.2612858386508518,0.2277206535691911,,6678,28,1,0,0,1.671,False,0.1775292158126831,0.236758291721344,0.1775292158126831,0.236758291721344,A,0.615440636199528,0.3582698603756721,0.375536481290374,0.30859326148146055,0.39845829129446103,0.5281377294142078,0.4021594686132466
341a32fb6a6c70b59f37bb727fa60ca65e17bb52525259dbe551b3142839e812,HECHOS,A-CE,2013.0,0.0,1.0,0.9832,0.2634,0,0.6552,0.0798,0.7235881923083307,0.2781139153987557,0.2646358755874843,,8000,49,7,1,0,1.946,False,0.1681578159332275,0.2132108211517334,0.1681578159332275,0.2132108211517334,A,0.615440636199528,0.5200737194991868,0.48528436221039883,0.26129194269002526,0.2636746099666419,0.5518447158314306,0.37714865936755415
341a32fb6a6c70b59f37bb727fa60ca65e17bb52525259dbe551b3142839e812,DECISIÓN,A-CE,2013.0,0.0,1.0,0.9942,1.0,0,0.6552,1.0,0.6435216453170374,0.2527334351155993,0.2155206028946581,,207,2,1,1,0,0.206,False,0.1784688234329223,0.2329890727996826,0.1784688234329223,0.2329890727996826,A,0.615440636199528,0.924056999575638,0.9940963974781457,0.31359039006381395,0.37511251715717236,0.5405952532778644,0.41697411035204973
341a32fb6a6c70b59f37bb727fa60ca65e17bb52525259dbe551b3142839e812,DECISIÓN,A-CE,2013.0,0.0,1.0,0.9911,0.3333,0,0.6552,0.1333,0.6435216453170374,0.2527334351155993,0.2155206028946581,,4363,17,3,1,0,0.979,False,0.1784688234329223,0.2329890727996826,0.1784688234329223,0.2329890727996826,A,0.615440636199528,0.5768457789978932,0.5603500191569942,0.31359039006381395,0.37511251715717236,0.5491952395719991,0.4169205808718438
350095495340fb12b07ca444364c3533da1af9284c9b274f1e8f88dbf0f68567,CONSIDERACIONES,A-CSJ,2017.0,0.0,1.0,0.9983,0.4608,0,0.7931,0.1176,0.7158221183493148,0.2881476266397664,0.2266637900911862,,8000,63,10,2,0,2.518,False,0.3110473752021789,0.3228247761726379,0.3110473752021789,0.3228247761726379,A,0.615440636199528,0.6744660257194489,0.5384529728986087,0.9246085892160854,0.8624957926001443,0.5899314398020592,0.7570380765957991
350095495340fb12b07ca444364c3533da1af9284c9b274f1e8f88dbf0f68567,DECISIÓN,A-CSJ,2017.0,0.0,1.0,0.9947,0.0,0,0.7931,0.0,0.6766272448385311,0.2249043191719135,0.2499808986909046,,1318,8,0,0,0,0.769,False,0.2334115505218505,0.271924614906311,0.2334115505218505,0.271924614906311,A,0.615440636199528,0.3133564794428533,0.375536481290374,0.6410834256042267,0.6240223093552846,0.5124180460877212,0.5524154844351747
36383edb1b72a168d2e170297c730eecf2af9f0dd9de1877698ff75c82aa487e,HECHOS,A-CE,2017.0,0.0,1.0,0.9885,1.0,0,0.7931,0.0,0.7156606216315414,0.2333916095980754,0.2367738103023348,,1124,6,5,0,0,0.667,False,0.1494903564453125,0.2184510231018066,0.1494903564453125,0.2184510231018066,A,0.615440636199528,0.924056999575638,0.375536481290374,0.18205066264783898,0.29109300841377767,0.7261632281341959,0.47784328724533387
36383edb1b72a168d2e170297c730eecf2af9f0dd9de1877698ff75c82aa487e,CONSIDERACIONES,A-CE,2017.0,0.0,1.0,0.9876,0.3333,0,0.7931,0.0,0.7086923157299991,0.245619468397918,0.2081013287839782,,8000,53,5,0,0,2.799,False,0.171038806438446,0.2246710062026977,0.171038806438446,0.2246710062026977,A,0.615440636199528,0.5768457789978932,0.375536481290374,0.27532522956484723,0.3257183918468951,0.6046393009319853,0.43061165720847405
36383edb1b72a168d2e170297c730eecf2af9f0dd9de1877698ff75c82aa487e,DECISIÓN,A-CE,2017.0,0.0,0.65,0.9913,0.0,0,0.7931,0.0,0.6562928586993578,0.2117924261277031,0.2405976531665926,,576,2,0,0,0,0.385,False,0.2369100451469421,0.2663270235061645,0.2369100451469421,0.2663270235061645,A,0.27116699167845204,0.3133564794428533,0.375536481290374,0.6608060079568312,0.5891484976567501,0.39192227050534467,0.5523436259188794
36cd99c4ff64b1c3b87547f819934c3f99fe7caad8b57f7ae12f93d9be36e76f,CONSIDERACIONES,A-CSJ,2014.0,0.0,1.0,0.991,0.6667,1,0.6897,0.0,0.7081084330513446,0.2597905406640093,0.2171211695357321,,8000,71,12,0,0,2.608,False,0.2137172818183899,0.2571847438812256,0.2137172818183899,0.2571847438812256,A,0.615440636199528,0.8028936184467005,0.375536481290374,0.5228184967526862,0.5303747476618734,0.6837560447390677,0.6146775317494152
3740f9b9c39523eeb834166b9ebafecee126cfeff75ab2ca77b844d56a2f1561,CONSIDERACIONES,A-CSJ,2016.0,0.0,1.0,0.9889,0.6389,1,0.7586,0.0,0.6936563182060667,0.2743033735412011,0.2373589018891511,,8000,54,9,0,0,2.452,False,0.2531579732894897,0.3217254281044006,0.2531579732894897,0.3217254281044006,A,0.615440636199528,0.7880487872370036,0.375536481290374,0.7446151831981448,0.8590546879302634,0.6785603538156738,0.7543311522565794
3740f9b9c39523eeb834166b9ebafecee126cfeff75ab2ca77b844d56a2f1561,DECISIÓN,A-CSJ,2016.0,0.0,0.6786,0.9933,0.0,1,0.7586,0.0,0.6468389203495379,0.1946441712505824,0.2338847205041854,,813,4,0,0,0,0.52,False,0.1810120344161987,0.2432570457458496,0.1810120344161987,0.2432570457458496,A,0.2953598647849104,0.3133564794428533,0.375536481290374,0.3273324989138514,0.4397578990616304,0.40038977609260507,0.4057497780348126
385d059d4b3909a5c44affea556ec2342cf8975a17920305723334c1bbecf59c,HECHOS,A-CSJ,2015.0,0.0,1.0,0.9928,1.0,1,0.7241,0.0,0.7053228186280749,0.216613187594852,0.2130972114407728,,1076,5,5,0,0,0.597,False,0.1976282596588134,0.244011640548706,0.1976282596588134,0.244011640548706,A,0.615440636199528,0.924056999575638,0.375536481290374,0.4236207908787454,0.44461951489580837,0.7261632281341959,0.5930981334225572
385d059d4b3909a5c44affea556ec2342cf8975a17920305723334c1bbecf59c,CONSIDERACIONES,A-CSJ,2015.0,0.0,1.0,0.9982,0.2857,1,0.7241,0.0,0.6996330034547323,0.2741210561869297,0.2473416544220618,,8000,69,3,0,0,2.843,False,0.1872476935386657,0.2545351386070251,0.1872476935386657,0.2545351386070251,A,0.615440636199528,0.5383134611087591,0.375536481290374,0.36226870438235886,0.5131071764705984,0.5911529896707882,0.48888655084706023
385d059d4b3909a5c44affea556ec2342cf8975a17920305723334c1bbecf59c,DECISIÓN,A-CSJ,2015.0,0.0,0.325,0.9953,0.0,1,0.7241,0.0,0.6645378819290298,0.2311572689728613,0.2568530857855235,,623,1,0,0,0,0.356,False,0.3094005584716797,0.3384051918983459,0.3094005584716797,0.3384051918983459,A,0.08758787535064123,0.3133564794428533,0.375536481290374,0.9217099314574448,0.9040570243370334,0.32766957979061084,0.7066417044801508
3a3a50b4d65142e832cfcccb04be2ac09c81521d58f1e0073029224e7091263e,HECHOS,A-CSJ,,0.0,1.0,0.9791,1.0,1,0.5,0.2683,0.7183263434441862,0.2420466827451401,0.2389951350813332,,8000,64,24,3,0,2.586,False,0.1972463130950927,0.2414763569831848,0.1972463130950927,0.2414763569831848,A,0.615440636199528,0.924056999575638,0.7317033471379832,0.4213081844955535,0.42833280724114253,0.6193131683799131,0.5177980064879851
3a3a50b4d65142e832cfcccb04be2ac09c81521d58f1e0073029224e7091263e,DECISIÓN,A-CSJ,,0.0,0.0,1.0,0.0,1,0.5,0.0,0.6291122760867954,0.1955356427881864,0.2377675892833297,,235,0,0,0,0,0.308,False,0.1480270624160766,0.2237956523895263,0.1480270624160766,0.2237956523895263,A,0.024169707443500377,0.3133564794428533,0.375536481290374,0.17670565088870577,0.3207169323097135,0.3054732210231116,0.32922218787562824
3a3a50b4d65142e832cfcccb04be2ac09c81521d58f1e0073029224e7091263e,DECISIÓN,A-CSJ,,0.0,0.8706,0.9835,0.0877,1,0.5,0.3474,0.6291122760867954,0.1955356427881864,0.2377675892833297,,4046,12,1,3,0,1.431,False,0.1480270624160766,0.2237956523895263,0.1480270624160766,0.2237956523895263,A,0.48271829191147136,0.3783561216046229,0.80984375464246,0.17670565088870577,0.3207169323097135,0.35842291833789497,0.25861064374565346
3a6ef04fd3f8e8b5d900d5bb2c2504de978271867dda71d30dc38a036128156d,CONSIDERACIONES,A-CSJ,2017.0,0.0,1.0,0.9901,0.3063,1,0.7931,0.1422,0.7012419736077509,0.2491985246557759,0.1909626984272183,,8000,60,6,2,0,2.614,False,0.1495676636695861,0.1997961401939392,0.1495676636695861,0.1997961401939392,A,0.615440636199528,0.5550731714707919,0.5726649641258172,0.1823365103372607,0.20143498775013438,0.5378803434468667,0.3283400762106027
3a6ef04fd3f8e8b5d900d5bb2c2504de978271867dda71d30dc38a036128156d,DECISIÓN,A-CSJ,2017.0,0.0,1.0,0.9939,0.0,1,0.7931,0.0,0.6735082254614686,0.2449783428148175,0.2630733318482645,,1112,5,0,0,0,0.56,False,0.2059997320175171,0.2512195706367492,0.2059997320175171,0.2512195706367492,A,0.615440636199528,0.3133564794428533,0.375536481290374,0.47497568184766437,0.4914602340189981,0.5124180460877212,0.46776535905312067
3a767d97c18ee6f954fd3890e221c40e75e5b1ab7f7cdeff2605e4137eef9fc4,CONSIDERACIONES,A-CE,,0.0,1.0,0.9971,0.4091,0,0.5,0.0,0.7223239797981141,0.2872560456427061,0.2531682668592061,,3073,18,3,0,0,1.235,False,0.2102736830711364,0.2775629162788391,0.2102736830711364,0.2775629162788391,A,0.615440636199528,0.6361539367890572,0.375536481290374,0.5014703016804393,0.6578954293995656,0.6253971561588926,0.5910248794072563
3a767d97c18ee6f954fd3890e221c40e75e5b1ab7f7cdeff2605e4137eef9fc4,HECHOS,A-CE,,0.0,0.399,0.952,0.1939,0,0.5,0.0818,0.7101886029511345,0.2371534988536188,0.274692508105905,,5557,17,7,2,0,2.255,False,0.1632938981056213,0.222420334815979,0.1632938981056213,0.222420334815979,A,0.11557833098897864,0.46310497797809314,0.4880997632377736,0.2386732367590024,0.3129416402780834,0.35610922916714305,0.3642802527682361
3a767d97c18ee6f954fd3890e221c40e75e5b1ab7f7cdeff2605e4137eef9fc4,CONSIDERACIONES,A-CE,,0.0,1.0,0.9849,0.473,0,0.5,0.0608,0.7223239797981141,0.2872560456427061,0.2531682668592061,,8000,44,12,1,0,2.767,False,0.2102736830711364,0.2775629162788391,0.2102736830711364,0.2775629162788391,A,0.615440636199528,0.6831985536172589,0.45860970444443844,0.5014703016804393,0.6578954293995656,0.6169408051025439,0.5861713889834939
3a767d97c18ee6f954fd3890e221c40e75e5b1ab7f7cdeff2605e4137eef9fc4,DECISIÓN,A-CE,,0.0,1.0,0.9933,0.0833,0,0.5,0.75,0.7038333537737304,0.2194436568853013,0.2327807646712256,,4044,17,1,8,0,1.879,False,0.1698518395423889,0.2055252790451049,0.1698518395423889,0.2055252790451049,A,0.615440636199528,0.37496431631196064,0.9762832044388932,0.2694872445736179,0.22658357170213064,0.3537567720473531,0.2381216881314039
3d645ce0e1168ecb31ac658c07fb6c9e365f0e2909bb3cd2569efb56fd2d24d1,CONSIDERACIONES,A-CE,2012.0,0.0,1.0,0.9831,0.4032,0,0.6207,0.0536,0.6862484099158405,0.2193930609633312,0.2279523774124805,,8000,47,13,1,0,4.157,False,0.1585768461227417,0.1887640953063964,0.1585768461227417,0.1887640953063964,A,0.615440636199528,0.6316585080311354,0.4485548162019837,0.21805698830095108,0.15902396172248762,0.601918255620137,0.37632840201721757
3d645ce0e1168ecb31ac658c07fb6c9e365f0e2909bb3cd2569efb56fd2d24d1,HECHOS,A-CE,2012.0,0.0,1.0,0.9825,0.8843,0,0.6207,0.1875,0.7209117479287461,0.2268916676296695,0.1982608145874501,,8000,56,23,3,0,3.536,False,0.2961939573287964,0.3112508058547973,0.2961939573287964,0.3112508058547973,A,0.615440636199528,0.8927282596983024,0.6336689774238463,0.894549191670135,0.8225706692416287,0.6377584203370867,0.7740546203726794
3d645ce0e1168ecb31ac658c07fb6c9e365f0e2909bb3cd2569efb56fd2d24d1,DECISIÓN,A-CE,2012.0,0.0,0.0,0.994,0.0,0,0.6207,0.0,0.6578457822803085,0.3485337167913238,0.3391696406501946,,200,0,0,0,0,0.273,False,0.1806255578994751,0.2092929482460022,0.1806255578994751,0.2092929482460022,A,0.024169707443500377,0.3133564794428533,0.375536481290374,0.3252242502348341,0.2442918353422879,0.3054732210231116,0.36591867825328805
3d645ce0e1168ecb31ac658c07fb6c9e365f0e2909bb3cd2569efb56fd2d24d1,DECISIÓN,A-CE,2012.0,0.0,0.8633,0.9864,0.0,0,0.6207,0.0701,0.6578457822803085,0.3485337167913238,0.3391696406501946,,8000,35,0,3,0,3.65,False,0.1806255578994751,0.2092929482460022,0.1806255578994751,0.2092929482460022,A,0.4751245764158415,0.3133564794428533,0.47164615184359165,0.3252242502348341,0.2442918353422879,0.43447452399746567,0.3466967441426445
3e95682f11cf6ecb4035ede13db44222259e4435d2496fc1b4db6d7116f0719e,HECHOS,A-CE,2005.0,0.0,1.0,0.9962,0.6042,0,0.3793,0.0,0.6984076498024668,0.2709066996697676,0.2557278450922634,,8000,54,9,0,0,2.56,False,0.230490505695343,0.2661169767379761,0.230490505695343,0.2661169767379761,A,0.615440636199528,0.7683957142171088,0.375536481290374,0.6242392539500387,0.5878198415997795,0.6716817782587107,0.6530393394986719
3e95682f11cf6ecb4035ede13db44222259e4435d2496fc1b4db6d7116f0719e,DECISIÓN,A-CE,2005.0,0.0,0.6048,0.9864,0.0169,0,0.3793,0.163,0.6746534160538052,0.2426985435766644,0.2635266841868193,,8000,31,1,5,0,2.181,False,0.2114113569259643,0.2423255443572998,0.2114113569259643,0.2423255443572998,A,0.23556992109210367,0.3254171416552742,0.6010726596280268,0.5085275961901211,0.4337725299309934,0.3160236740731742,0.42587891814095424
3f6c6c737fa1ae5e63042d957530f03381e611b738d5523bf476ec3b8d09fcb2,CONSIDERACIONES,A-CE,,0.0,1.0,0.9867,0.0,0,0.5,0.1061,0.7012779136708089,0.287517494508296,0.2510167954313183,,8000,38,0,2,0,2.123,False,0.2302101254463195,0.2803515791893005,0.2302101254463195,0.2803515791893005,A,0.615440636199528,0.3133564794428533,0.5223141464021164,0.62260577020824,0.6740960310514587,0.46838474655419854,0.5266075163634658
3f6c6c737fa1ae5e63042d957530f03381e611b738d5523bf476ec3b8d09fcb2,DECISIÓN,A-CE,,0.0,1.0,0.9888,0.0,0,0.5,0.0,0.7028737998636281,0.238414996448454,0.2388436434156746,,2824,10,0,0,0,0.715,False,0.1840701103210449,0.2436821460723877,0.1840701103210449,0.2436821460723877,A,0.615440636199528,0.3133564794428533,0.375536481290374,0.34425584417619326,0.4424953257683187,0.5124180460877212,0.41222043421796983
4057d1ad8f86b3cf45f48245afda19ddad651c832f0e0a27bc46951dd4633a05,CONSIDERACIONES,A-CSJ,2016.0,0.0,1.0,0.995,0.2754,1,0.7586,0.0,0.7132433629773863,0.2633887469485962,0.2131120653325191,,8000,74,5,0,0,2.374,False,0.1953201293945312,0.2142069935798645,0.1953201293945312,0.2142069935798645,A,0.615440636199528,0.5298985956769329,0.375536481290374,0.40970003138932876,0.2687574015955583,0.5882077867696491,0.45451384396653516
4057d1ad8f86b3cf45f48245afda19ddad651c832f0e0a27bc46951dd4633a05,DECISIÓN,A-CSJ,2016.0,0.0,1.0,0.9955,0.0,1,0.7586,0.0,0.6804897202978368,0.245962900213019,0.2727522741397247,,751,6,0,0,0,0.463,False,0.258793294429779,0.2899572253227234,0.258793294429779,0.2899572253227234,A,0.615440636199528,0.3133564794428533,0.375536481290374,0.7702886800517761,0.7266457794405239,0.5124180460877212,0.6181620175088649
40bb3c6463aa058307d957077863c81b95dcfda8bb9243a3e8fa8d88a77093c2,CONSIDERACIONES,A-CSJ,2015.0,0.0,1.0,0.9714,0.3922,1,0.7241,0.1176,0.7101658846377655,0.2362649281658224,0.2361742936836813,,8000,31,4,1,0,2.106,False,0.1414330601692199,0.1846064925193786,0.1414330601692199,0.1846064925193786,A,0.615440636199528,0.6232163378536039,0.5384529728986087,0.1541436053986837,0.14503251881686136,0.5719940490490135,0.3310702555365908
40bb3c6463aa058307d957077863c81b95dcfda8bb9243a3e8fa8d88a77093c2,DECISIÓN,A-CSJ,2015.0,0.0,0.7429,0.9858,0.0,1,0.7241,0.0,0.6735580643991361,0.2104307957765376,0.233607545828764,,1235,4,0,0,0,0.431,False,0.298831582069397,0.3257029056549072,0.298831582069397,0.3257029056549072,A,0.35400911036211175,0.3133564794428533,0.375536481290374,0.900566104393255,0.8711710634947167,0.4209170120446255,0.6926641728392211
41ceffd00ab85e79bd74b881369a4692faafec9edba1ff9fa47478b01766fa47,HECHOS,A-CE,,0.0,1.0,0.9862,0.2432,0,0.5,0.2426,0.7077176998340361,0.2632893502848695,0.2465410803131378,,8000,41,6,4,0,1.891,False,0.1727765798568725,0.2287437319755554,0.1727765798568725,0.2287437319755554,A,0.615440636199528,0.5035039718896329,0.7023403304735185,0.2840123095449027,0.34950073922755875,0.48092851368915074,0.35471238306393227
41ceffd00ab85e79bd74b881369a4692faafec9edba1ff9fa47478b01766fa47,DECISIÓN,A-CE,,0.0,1.0,0.9858,0.0766,0,0.5,0.9108,0.6719415060089251,0.2343560211590163,0.2628015231664067,,7938,54,2,16,0,1.854,False,0.233534574508667,0.2777570486068725,0.233534574508667,0.2777570486068725,A,0.615440636199528,0.36982310959784054,0.9902785018646583,0.6417855944966453,0.6590357858781347,0.3477587604696815,0.45083219227598126
424b3b2ff0d91d37da11bcc93a53cd3803a0dad5015fe25a9f1da7bcf8791f84,HECHOS,A-CE,2000.0,0.0,1.0,0.9736,0.9028,0,0.2069,0.0937,0.7053528738160361,0.2463159792484699,0.2757440214979386,,8000,34,16,1,0,2.271,False,0.2218385934829712,0.2483415603637695,0.2218385934829712,0.2483415603637695,A,0.615440636199528,0.8984078053341633,0.5048609182242048,0.5726999761176113,0.47269309204354126,0.6783886790695306,0.6186133777385721
424b3b2ff0d91d37da11bcc93a53cd3803a0dad5015fe25a9f1da7bcf8791f84,DECISIÓN,A-CE,2000.0,0.0,1.0,0.9893,0.1012,0,0.2069,0.0714,0.6787072559157695,0.2177448819933504,0.2148992181417119,,8000,47,2,1,0,2.61,False,0.1922627687454223,0.2446751594543457,0.1922627687454223,0.2446751594543457,A,0.615440636199528,0.38883605519117675,0.47347194665842424,0.39148439361475046,0.4489031664033058,0.5094552579892194,0.4293147955119332
42adec3d5f421c720e88988a4fd62cd8d435fb45bc65e5b9973ce3cf18b097cb,HECHOS,A-CE,,0.0,1.0,0.982,0.7917,0,0.5,0.0625,0.7208120843650782,0.2635970352973973,0.2788930579947717,,8000,56,18,1,0,1.848,False,0.1793106794357299,0.2048555612564087,0.1793106794357299,0.2048555612564087,A,0.615440636199528,0.8599514392948369,0.460989012686042,0.31810472464595924,0.22353268612444957,0.6780905226172151,0.47883324813747646
42adec3d5f421c720e88988a4fd62cd8d435fb45bc65e5b9973ce3cf18b097cb,CONSIDERACIONES,A-CE,,0.0,1.0,0.9811,0.7097,0,0.5,0.0798,0.6999736903264534,0.2696145216400474,0.2486658244596682,,8000,53,15,1,0,1.861,False,0.2439199090003967,0.2699328660964966,0.2439199090003967,0.2699328660964966,A,0.615440636199528,0.8242858731252156,0.48528436221039883,0.6986430738106072,0.6117398604504909,0.6583189696005406,0.6758876437630348
42adec3d5f421c720e88988a4fd62cd8d435fb45bc65e5b9973ce3cf18b097cb,DECISIÓN,A-CE,,0.0,1.0,0.9933,0.1181,0,0.5,0.0833,0.6959872882917633,0.2235280687253216,0.228916268166472,,8000,44,2,1,0,1.961,False,0.1943860054016113,0.2608568072319031,0.1943860054016113,0.2608568072319031,A,0.615440636199528,0.40210058412161426,0.49021181940259834,0.40410571764805175,0.55417736685923,0.5090758812916203,0.454755256698548
44413afc8bd69f07cac4603aac3b7b2ffae23532691be889d1327fc5a8d00746,HECHOS,A-CSJ,2013.0,0.0,1.0,0.988,0.0,1,0.6552,0.0,0.6804116653226433,0.1604885833003195,0.2011265104984967,,638,5,0,0,0,0.314,False,0.238888680934906,0.2919803857803345,0.238888680934906,0.2919803857803345,A,0.615440636199528,0.3133564794428533,0.375536481290374,0.6717233484722002,0.7370159008133459,0.5124180460877212,0.5857381757305777
44413afc8bd69f07cac4603aac3b7b2ffae23532691be889d1327fc5a8d00746,DECISIÓN,A-CSJ,2013.0,0.0,0.52,0.9917,0.0,1,0.6552,0.0,0.6771731897170358,0.2546608446143251,0.2812771135178816,,509,2,0,0,0,0.323,False,0.2381786704063415,0.2686724066734314,0.2381786704063415,0.2686724066734314,A,0.17790510243813928,0.3133564794428533,0.375536481290374,0.6678263424607932,0.6038919277490432,0.3592806092712352,0.5577494290137247
456b33c2da9d55d55ffeab01054cd4970a716a90384a2477f1dc700e4ee026df,CONSIDERACIONES,A-CE,2003.0,0.0,1.0,0.9908,0.0,0,0.3103,0.0,0.6894156787808617,0.2417172367510676,0.2056501023812749,,7338,57,0,0,0,2.357,False,0.2245380282402038,0.2591926455497741,0.2245380282402038,0.2591926455497741,A,0.615440636199528,0.3133564794428533,0.375536481290374,0.5890076678944117,0.543414266775384,0.5124180460877212,0.5180673607207594
456b33c2da9d55d55ffeab01054cd4970a716a90384a2477f1dc700e4ee026df,CONSIDERACIONES,A-CE,2003.0,0.0,1.0,0.9857,0.7083,0,0.3103,0.3125,0.6894156787808617,0.2417172367510676,0.2056501023812749,,8000,53,10,3,0,2.294,False,0.2245380282402038,0.2591926455497741,0.2245380282402038,0.2591926455497741,A,0.615440636199528,0.8236191192930988,0.7777047380950182,0.5890076678944117,0.543414266775384,0.570359492993914,0.5651993693223919
466c0f272f36469e055db65ae0206ba67019ddac5bbc07dedac8e0b0e58ad67a,HECHOS,A-CSJ,2015.0,0.0,1.0,0.9748,0.3333,1,0.7241,0.0,0.7018938737468815,0.2167509389591162,0.2570346011025519,,8000,35,7,0,0,1.885,False,0.1854572892189026,0.2171427607536316,0.1854572892189026,0.2171427607536316,A,0.615440636199528,0.5768457789978932,0.375536481290374,0.35206799943400313,0.28409200744052193,0.6046393009319853,0.449146349781404
466c0f272f36469e055db65ae0206ba67019ddac5bbc07dedac8e0b0e58ad67a,CONSIDERACIONES,A-CSJ,2015.0,0.0,1.0,0.9939,0.3106,1,0.7241,0.0,0.7197511140433398,0.2732670011069857,0.2349695532086169,,8000,56,5,0,0,1.846,False,0.2211167812347412,0.2394335865974426,0.2211167812347412,0.2394335865974426,A,0.615440636199528,0.5585570933349677,0.375536481290374,0.5683109344187863,0.4153203443644565,0.5982382609499612,0.5465048729951336
466c0f272f36469e055db65ae0206ba67019ddac5bbc07dedac8e0b0e58ad67a,DECISIÓN,A-CSJ,2015.0,0.0,0.65,0.9942,0.0,1,0.7241,0.0,0.6473934567348217,0.1951989539070546,0.2236884511561359,,603,2,0,0,0,0.407,False,0.2353911399841308,0.2594132423400879,0.2353911399841308,0.2594132423400879,A,0.27116699167845204,0.3133564794428533,0.375536481290374,0.6523069158700937,0.5448435499094618,0.39192227050534467,0.5405079541390636
46c2cbd912acbbe2ede2d0c825ee59367d8ac693043aa154262305f0f2127a73,CONSIDERACIONES,A-CE,2001.0,0.0,1.0,0.971,0.1948,0,0.2414,0.0485,0.6877243451896952,0.2593040952937423,0.261754168863714,,8000,42,7,1,0,2.009,False,0.2714903354644775,0.3180269002914428,0.2714903354644775,0.3180269002914428,A,0.615440636199528,0.4638397696777986,0.44145747322627965,0.8212781599967764,0.8469470911239032,0.5453109000891804,0.6845052219978461
46c2cbd912acbbe2ede2d0c825ee59367d8ac693043aa154262305f0f2127a73,DECISIÓN,A-CE,2001.0,0.0,1.0,0.9922,0.0,0,0.2414,0.0,0.6705469694729036,0.2622127238181921,0.2690546995011222,,1587,4,0,0,0,0.461,False,0.1783753633499145,0.2381213903427124,0.1783753633499145,0.2381213903427124,A,0.615440636199528,0.3133564794428533,0.375536481290374,0.3130913729634396,0.4070223245605697,0.5124180460877212,0.39421826905195634
46f73e71f130933a7643d49c124961328f9662670c59341c61853aecf4f9aa61,HECHOS,A-CE,2017.0,0.0,1.0,0.9843,0.4293,0,0.7931,0.0682,0.7159572513511707,0.246983010648836,0.2384603635656353,,8000,57,10,1,0,2.241,False,0.1739230155944824,0.2468267679214477,0.1739230155944824,0.2468267679214477,A,0.615440636199528,0.6513620500573705,0.4689790599033899,0.2898329522723017,0.46284287471320956,0.6026872222188975,0.46305480877161215
46f73e71f130933a7643d49c124961328f9662670c59341c61853aecf4f9aa61,CONSIDERACIONES,A-CE,2017.0,0.0,1.0,0.9868,0.5903,0,0.7931,0.0937,0.7176719086102777,0.2941773264106502,0.2416322160568562,,8000,46,10,1,0,2.342,False,0.2064037322998047,0.2386493682861328,0.2064037322998047,0.2386493682861328,A,0.615440636199528,0.7601746439282737,0.5048609182242048,0.4774764237923601,0.4103550399292802,0.6300070725774691,0.5382592336504095
46f73e71f130933a7643d49c124961328f9662670c59341c61853aecf4f9aa61,DECISIÓN,A-CE,2017.0,0.0,0.65,0.9808,0.0,0,0.7931,0.0,0.663910768328199,0.2280817388410045,0.2621257437716384,,384,1,0,0,0,0.478,False,0.2252244353294372,0.2563396096229553,0.2252244353294372,0.2563396096229553,A,0.27116699167845204,0.3133564794428533,0.375536481290374,0.5931248404737705,0.5248728922183711,0.39192227050534467,0.5158000962121324
47c342aab276844a18d7a750a40d593b4048b5be4c0efee8d0280fe877fcfe9e,CONSIDERACIONES,A-CE,,0.0,1.0,0.9916,0.0972,0,0.5,0.0,0.7061419117266045,0.3023525254777692,0.2634320729001159,,8000,53,2,0,0,3.186,False,0.1837033033370971,0.2268877625465393,0.1837033033370971,0.2268877625465393,A,0.615440636199528,0.38571967590037515,0.375536481290374,0.34220389699932124,0.33856118179266315,0.5377451648478538,0.408806223025314
47c342aab276844a18d7a750a40d593b4048b5be4c0efee8d0280fe877fcfe9e,DECISIÓN,A-CE,,0.0,0.5938,0.9933,0.0,0,0.5,0.0,0.6688158403234463,0.2413873127445979,0.2604311860955127,,788,4,0,0,0,0.558,False,0.2178012132644653,0.2761328220367431,0.2178012132644653,0.2761328220367431,A,0.22741324086385967,0.3133564794428533,0.375536481290374,0.5480225416197401,0.6494392492625821,0.3766084577202373,0.5249275630220639
492a5569c657471578f0ebeb3f47a63967eca0eb4a4759434cec33fb3338fb39,CONSIDERACIONES,A-CE,2005.0,0.0,1.0,0.9924,0.14,0,0.3793,0.0,0.6995143874141637,0.2971890567977671,0.2618414319045025,,8000,64,3,0,0,2.111,False,0.1855517625808715,0.2271763086318969,0.1855517625808715,0.2271763086318969,A,0.615440636199528,0.419502312343936,0.375536481290374,0.35260299093634234,0.34025101659533585,0.5495690876031002,0.42122953197469615
492a5569c657471578f0ebeb3f47a63967eca0eb4a4759434cec33fb3338fb39,DECISIÓN,A-CE,2005.0,0.0,0.325,0.9918,0.0,0,0.3793,0.0,0.6759097770194198,0.2567244662822155,0.2710760402412022,,524,1,0,0,0,0.329,False,0.224632978439331,0.250232458114624,0.224632978439331,0.250232458114624,A,0.08758787535064123,0.3133564794428533,0.375536481290374,0.589577950802498,0.4850180098947437,0.32766957979061084,0.5065877083624615
49c68763984e5d9e59b163f8fe18c8123aec99174b8a146a271e473e5f36c8fe,CONSIDERACIONES,A-CE,2017.0,0.0,1.0,0.9845,0.244,0,0.7931,0.0,0.7155411701002815,0.2418108145418251,0.2245859197347885,,8000,60,5,0,0,1.904,False,0.2080582380294799,0.2344216704368591,0.2080582380294799,0.2344216704368591,A,0.615440636199528,0.5041605861205305,0.375536481290374,0.48772817200966123,0.3839239504837328,0.5791994834249082,0.49842250057218584
49c68763984e5d9e59b163f8fe18c8123aec99174b8a146a271e473e5f36c8fe,DECISIÓN,A-CE,2017.0,0.0,1.0,0.9889,0.1852,0,0.7931,0.25,0.6982374511302264,0.257972327223554,0.2768133730679788,,2231,11,1,1,0,0.613,False,0.1789117455482483,0.2130253314971923,0.1789117455482483,0.2130253314971923,A,0.615440636199528,0.45601071965008794,0.7109833857647492,0.31596116822475423,0.2627350262451012,0.46171295881794083,0.33493941688725637
4a602a4e9037c3425ae5bf5a5870a8835797872f276effa88d8374d24bf0e8d4,CONSIDERACIONES,A-CE,2003.0,0.0,1.0,0.9799,0.2056,0,0.3103,0.0,0.6944772393646731,0.2658681337262054,0.2301661065351965,,8000,31,4,0,0,1.832,False,0.1213095784187316,0.1702311635017395,0.1213095784187316,0.1702311635017395,A,0.615440636199528,0.4726686140606662,0.375536481290374,0.09958462057152968,0.10436944080304096,0.5681772932039557,0.29878836261773534
4a602a4e9037c3425ae5bf5a5870a8835797872f276effa88d8374d24bf0e8d4,DECISIÓN,A-CE,2003.0,0.0,1.0,0.9845,0.3333,0,0.3103,1.0,0.6931772548938847,0.2428218152658525,0.2469856608916806,,2112,5,1,3,0,0.591,False,0.1579397916793823,0.2099133133888244,0.1579397916793823,0.2099133133888244,A,0.615440636199528,0.5768457789978932,0.9940963974781457,0.21537342235357873,0.24729569532416085,0.4190713260756537,0.2702320021424289
4c84260b1cda2b5cec7757601f04d45f7f7e4ff5fbc56177161cae23bceb0e14,CONSIDERACIONES,A-CE,2017.0,0.0,1.0,0.99,0.1149,0,0.7931,0.2198,0.7122849346591086,0.2637190914153049,0.224347249692275,,8000,40,2,3,0,1.934,False,0.1856675744056701,0.2171405553817749,0.1856675744056701,0.2171405553817749,A,0.615440636199528,0.3995772880178081,0.6748038821652207,0.3532593241492485,0.2840802917419925,0.45281510882650144,0.34539036737204337
4c84260b1cda2b5cec7757601f04d45f7f7e4ff5fbc56177161cae23bceb0e14,DECISIÓN,A-CE,2017.0,0.0,0.8667,0.9869,0.0,0,0.7931,0.0,0.6610808568427813,0.2280974023619884,0.2508527114322765,,1723,8,0,0,0,0.54,False,0.258207619190216,0.275262713432312,0.258207619190216,0.275262713432312,A,0.4786601584403959,0.3133564794428533,0.375536481290374,0.7677068620364064,0.6442475492038962,0.464544878872025,0.6007787351561599
4d04f54b01999b47535286a995f2fa8a923078a41fefd1d2e07fecabbfd8197c,CONSIDERACIONES,A-CE,2017.0,0.0,1.0,0.9923,0.9091,0,0.7931,0.0,0.715602906112868,0.2469791965744415,0.2117623874175691,,8000,99,12,0,0,2.092,False,0.1830119490623474,0.2458891868591308,0.1830119490623474,0.2458891868591308,A,0.615440636199528,0.9002802138786344,0.375536481290374,0.3383524564006433,0.45676008805420715,0.7178413531402447,0.5597381345626504
4d04f54b01999b47535286a995f2fa8a923078a41fefd1d2e07fecabbfd8197c,DECISIÓN,A-CE,2017.0,0.0,1.0,0.9946,0.0,0,0.7931,0.0,0.6700379423966403,0.2197070971870334,0.2361305800765702,,1213,8,0,0,0,0.472,False,0.1287993192672729,0.1617840528488159,0.1287993192672729,0.1617840528488159,A,0.615440636199528,0.3133564794428533,0.375536481290374,0.11753496138801772,0.08547109580256913,0.5124180460877212,0.2614632792489585
4e618123e250d59be341912a25482a05c12998cddc7a65b372ca84a1cab92599,HECHOS,A-CE,2019.0,0.0,1.0,0.9828,0.1042,0,0.8621,0.4219,0.707190857365923,0.2577532125856712,0.2452466447126402,,3984,15,1,3,0,1.018,False,0.2515355944633484,0.3025436401367187,0.2515355944633484,0.3025436401367187,A,0.615440636199528,0.3911793323147278,0.8663180350739048,0.736883939034874,0.7869150855285363,0.3924215784578181,0.5398236218318142
4e618123e250d59be341912a25482a05c12998cddc7a65b372ca84a1cab92599,CONSIDERACIONES,A-CE,2019.0,0.0,1.0,0.9936,0.619,0,0.8621,0.3839,0.6865118261513236,0.2358001772516538,0.1919136577870586,,8000,39,11,5,0,1.819,False,0.195127248764038,0.2465456128120422,0.195127248764038,0.2465456128120422,A,0.615440636199528,0.7769303959572235,0.8395206463553655,0.40854293388548446,0.46101756739519234,0.5354736673482533,0.4615220100571908
4e618123e250d59be341912a25482a05c12998cddc7a65b372ca84a1cab92599,DECISIÓN,A-CE,2019.0,0.0,1.0,0.9856,0.0,0,0.8621,0.0,0.6655343524611071,0.236110685023649,0.2655469979409384,,777,4,0,0,0,0.3,False,0.185870885848999,0.2354150414466858,0.185870885848999,0.2354150414466858,A,0.615440636199528,0.3133564794428533,0.375536481290374,0.35441287686906003,0.3900792912596162,0.5124180460877212,0.40529218875873274
4e65a8bde9be809a08c85a65b1d2759eb3c4c339e05df00fb53ff13808e06da1,CONSIDERACIONES,A-CSJ,2018.0,0.0,1.0,0.9907,0.4,1,0.8276,0.26,0.7036583677693115,0.2752603373405047,0.235868495811809,,8000,60,6,3,0,1.852,False,0.1969836950302124,0.2393770217895507,0.1969836950302124,0.2393770217895507,A,0.615440636199528,0.6292106512665044,0.7224231015300904,0.41972008133211064,0.41496161359607925,0.5189010201540842,0.44271239369606263
4e65a8bde9be809a08c85a65b1d2759eb3c4c339e05df00fb53ff13808e06da1,DECISIÓN,A-CSJ,2018.0,0.0,1.0,0.9938,0.0,1,0.8276,0.0,0.678909686409019,0.2392848742536366,0.259891963646564,,1051,4,0,0,0,0.38,False,0.1828758716583252,0.235212504863739,0.1828758716583252,0.235212504863739,A,0.615440636199528,0.3133564794428533,0.375536481290374,0.3375968846332685,0.38882137479631373,0.5124180460877212,0.3991550081835452
4f02fad65f7f67527db3e81414a58bb410559a19b03df01e88f9a848d1afe209,CONSIDERACIONES,A-CSJ,2016.0,0.0,1.0,0.9968,0.0,1,0.7586,0.0,0.7011743964473713,0.2495988915556527,0.2210990513903719,,8000,55,0,0,0,1.795,False,0.2603964805603027,0.2943888902664184,0.2603964805603027,0.2943888902664184,A,0.615440636199528,0.3133564794428533,0.375536481290374,0.7772525250048089,0.7490263811600055,0.5124180460877212,0.6250754835863227
4f02fad65f7f67527db3e81414a58bb410559a19b03df01e88f9a848d1afe209,DECISIÓN,A-CSJ,2016.0,0.0,1.0,0.9945,0.0,1,0.7586,0.0,0.6789010202955106,0.260265855007274,0.2654094104707183,,671,3,0,0,0,0.288,False,0.2241061329841613,0.2745169997215271,0.2241061329841613,0.2745169997215271,A,0.615440636199528,0.3133564794428533,0.375536481290374,0.5864106524850362,0.6397708644451449,0.5124180460877212,0.5364297248614301
5087ff8d325aba3d05c8c21849e28b2e58e7104e414223bd1a36263cf773ad31,DECISIÓN,A-CE,,0.0,1.0,0.9858,0.1282,0,0.5,0.7788,0.6917883766084802,0.2291805631638115,0.2327849924215124,,3374,17,1,5,0,0.772,False,0.1903538703918457,0.2475073337554931,0.1903538703918457,0.2475073337554931,A,0.615440636199528,0.41009823345381735,0.9797640635070559,0.38025923474427276,0.46726525527954466,0.3650093853265541,0.3331155288784476
509f961769e57ed1c22b287da92f973875c8d22b06626cb858ed9aa7ed65dd40,CONSIDERACIONES,A-CE,2005.0,0.0,1.0,0.9923,0.942,0,0.3793,0.0,0.707076795251094,0.2415300794731314,0.1975315164065902,,8000,100,13,0,0,1.816,False,0.1750189661979675,0.2330259084701538,0.1750189661979675,0.2330259084701538,A,0.615440636199528,0.9095671591511479,0.375536481290374,0.2954627518579286,0.3753380758922254,0.7210917839856243,0.5307640718584322
509f961769e57ed1c22b287da92f973875c8d22b06626cb858ed9aa7ed65dd40,DECISIÓN,A-CE,2005.0,0.0,1.0,0.9925,0.0,0,0.3793,0.3214,0.676487464439771,0.2205679076788651,0.2323706769144039,,1253,9,0,1,0,0.501,False,0.1457191705703735,0.1972197294235229,0.1457191705703735,0.1972197294235229,A,0.615440636199528,0.3133564794428533,0.786253786166372,0.1685272618536503,0.19082693364293632,0.3892028546249219,0.2182382910048038
50a93dcc78eff844105f718cbb671587164ba3550dffd77102230094b8e2a3b1,HECHOS,A-CSJ,2015.0,0.0,1.0,0.9819,0.0,1,0.7241,0.0,0.6753248536621973,0.206922934276643,0.2221345261464102,,1041,3,0,0,0,0.464,False,0.1298882961273193,0.2018384337425232,0.1298882961273193,0.2018384337425232,A,0.615440636199528,0.3133564794428533,0.375536481290374,0.12036700357452063,0.21015278789075634,0.5124180460877212,0.287390832431872
50a93dcc78eff844105f718cbb671587164ba3550dffd77102230094b8e2a3b1,CONSIDERACIONES,A-CSJ,2015.0,0.0,1.0,0.9945,0.0,1,0.7241,0.0,0.699019559505452,0.2507828726581157,0.2167699428673634,,8000,71,0,0,0,2.057,False,0.1536676287651062,0.1955800056457519,0.1536676287651062,0.1955800056457519,A,0.615440636199528,0.3133564794428533,0.375536481290374,0.1979982874015404,0.18430090919816589,0.5124180460877212,0.30939140603281085
50a93dcc78eff844105f718cbb671587164ba3550dffd77102230094b8e2a3b1,DECISIÓN,A-CSJ,2015.0,0.0,1.0,0.9874,0.0,1,0.7241,0.0,0.6662693357004331,0.20010489481681,0.2297016653554404,,1432,7,0,0,0,0.498,False,0.2868260145187378,0.3096442222595215,0.2868260145187378,0.3096442222595215,A,0.615440636199528,0.3133564794428533,0.375536481290374,0.870524116541399,0.8163629532481311,0.5124180460877212,0.6711878550417544
51f6c0948856c2604b566132838d7488eb3bdc1596e90fa610dcfdeda5a9258d,HECHOS,A-CSJ,,0.0,1.0,0.9882,0.7083,1,0.5,0.0,0.7014567953891186,0.1843967024140507,0.2019401781504486,,1111,3,2,0,0,0.403,False,0.2628371715545654,0.2939015626907348,0.2628371715545654,0.2939015626907348,A,0.615440636199528,0.8236191192930988,0.375536481290374,0.7875624585197705,0.7466259200696687,0.6910099700353072,0.7557695280610532
51f6c0948856c2604b566132838d7488eb3bdc1596e90fa610dcfdeda5a9258d,DECISIÓN,A-CSJ,,0.0,0.65,0.9946,0.0,1,0.5,0.0,0.6670005883405687,0.2230027060960858,0.2530755165296645,,743,3,0,0,0,0.336,False,0.2614195346832275,0.3195604085922241,0.2614195346832275,0.3195604085922241,A,0.27116699167845204,0.3133564794428533,0.375536481290374,0.7816170321683122,0.8520675440544471,0.39192227050534467,0.6472112936724371
54214e95e02c9df91fe86364913c8fdba183546bf71bb24b2fc111ec9180d6f6,CONSIDERACIONES,A-CSJ,2014.0,0.0,1.0,0.9956,0.4,1,0.6897,0.0,0.7192218799064889,0.3055763600053608,0.2657401784393087,,8000,72,6,0,0,1.77,False,0.2500796318054199,0.2609992623329162,0.2500796318054199,0.2609992623329162,A,0.615440636199528,0.6292106512665044,0.375536481290374,0.7298189223643269,0.5550964957024909,0.6229670062259991,0.6486512885265638
54214e95e02c9df91fe86364913c8fdba183546bf71bb24b2fc111ec9180d6f6,DECISIÓN,A-CSJ,2014.0,0.0,1.0,0.9912,0.0,1,0.6897,0.0,0.6935727115798589,0.2610695827349838,0.2682782080184528,,1257,7,0,0,0,0.432,False,0.1762661337852478,0.2182129025459289,0.1762661337852478,0.2182129025459289,A,0.615440636199528,0.3133564794428533,0.375536481290374,0.3019458961518582,0.2898111852219742,0.5124180460877212,0.36687512430018376
54f16a9edb76f0c1af04dd8a18c819fe6d236cc8a5a129d98d8415f6bdc7a0ce,CONSIDERACIONES,A-CSJ,2018.0,0.0,1.0,0.9915,0.2798,0,0.8276,0.0804,0.685826228605639,0.2280819936641502,0.182900743687306,,7180,46,5,1,0,1.725,False,0.1898185014724731,0.2525588274002075,0.1898185014724731,0.2525588274002075,A,0.615440636199528,0.5334956564280823,0.48612889259882525,0.37713331841216347,0.5002047977118502,0.556289034640016,0.4681857565738828
54f16a9edb76f0c1af04dd8a18c819fe6d236cc8a5a129d98d8415f6bdc7a0ce,DECISIÓN,A-CSJ,2018.0,0.0,0.325,0.9902,0.0,0,0.8276,0.0,0.675424853947175,0.2666489899178839,0.2992741579007021,,499,1,0,0,0,0.249,False,0.3091779351234436,0.3497517108917236,0.3091779351234436,0.3497517108917236,A,0.08758787535064123,0.3133564794428533,0.375536481290374,0.9213103414506958,0.9268656940876524,0.32766957979061084,0.7110635819279125
564e929ad9f0f0bd90cce7516093e61457fb90f5931e7dabd678b98b47293a4a,CONSIDERACIONES,A-CE,2017.0,0.0,1.0,0.996,0.0324,0,0.7931,0.0,0.7144572497007075,0.253909985644116,0.2015658680843899,,5228,25,1,0,0,1.365,False,0.1452664136886596,0.1875137686729431,0.1452664136886596,0.1875137686729431,A,0.615440636199528,0.3366863790672415,0.375536481290374,0.16695872280841267,0.15470481924655047,0.5205835109562571,0.2984408153409901
564e929ad9f0f0bd90cce7516093e61457fb90f5931e7dabd678b98b47293a4a,DECISIÓN,A-CE,2017.0,0.0,0.6825,0.99,0.0,0,0.7931,0.0,0.6926580577884285,0.2584225007494368,0.2642497862843841,,1168,4,0,0,0,0.364,False,0.1885735988616943,0.2416362166404724,0.1885735988616943,0.2416362166404724,A,0.2987545029630376,0.3133564794428533,0.375536481290374,0.36990434395186067,0.42935555461292674,0.4015778994549496,0.41856945490837505
56b1fce642a634504c1dcd1f10bf85ebce9b173ef93ba83e0ca711562dbb2460,CONSIDERACIONES,A-CE,2017.0,0.0,1.0,0.9883,0.2688,0,0.7931,0.2903,0.694924876302456,0.2455172065089554,0.2142765236574707,,8000,66,5,4,0,2.022,False,0.1599372029304504,0.1925180554389953,0.1599372029304504,0.1925180554389953,A,0.615440636199528,0.524497292127747,0.7553306102242565,0.22386785347074267,0.17257960397095837,0.4723790918472693,0.2929278704960371
56b1fce642a634504c1dcd1f10bf85ebce9b173ef93ba83e0ca711562dbb2460,DECISIÓN,A-CE,2017.0,0.0,0.8125,0.9925,0.0,0,0.7931,0.0,0.6840327219360968,0.2466741331559752,0.2634373380504404,,950,5,0,0,0,0.447,False,0.2658995389938354,0.2774634957313537,0.2658995389938354,0.2774634957313537,A,0.42278766951309105,0.3133564794428533,0.375536481290374,0.7999993414949371,0.6573107129670707,0.44498950774746826,0.6146937357192805
56ccaa67b12645eda3ffcf9827e88f18449c896e5ffdc1d2eddc394eb6544ae9,CONSIDERACIONES,A-CE,2003.0,0.0,1.0,0.9803,0.0821,0,0.3103,0.0917,0.6955877795871441,0.2598244787539585,0.2257013670152878,,8000,35,2,1,0,4.059,False,0.2211886644363403,0.2776791453361511,0.2211886644363403,0.2776791453361511,A,0.615440636199528,0.3740413891788388,0.5020436556387956,0.5687485195142973,0.6585783929557767,0.4957056121907897,0.52387927658811
56ccaa67b12645eda3ffcf9827e88f18449c896e5ffdc1d2eddc394eb6544ae9,DECISIÓN,A-CE,2003.0,0.0,1.0,0.994,0.0,0,0.3103,0.625,0.6800071477304068,0.2347402852588506,0.222711354019333,,1212,6,0,1,0,0.665,False,0.1313905715942382,0.1662145256996154,0.1313905715942382,0.1662145256996154,A,0.615440636199528,0.3133564794428533,0.9531677192122913,0.12437040395538729,0.09496147441426275,0.3391286747111461,0.15022751228549316
5795a1a495c73d0ae8a2dceee05623c2d51eddc7b49364c10fba845258be58ab,HECHOS,A-CSJ,2017.0,0.0,1.0,0.9893,0.2754,1,0.7931,0.0978,0.6995425582254566,0.2214748498796414,0.2455263935304494,,6408,44,5,1,0,2.288,False,0.2792761325836181,0.3231721520423889,0.2792761325836181,0.3231721520423889,A,0.615440636199528,0.5298985956769329,0.5106351459976111,0.8479024185258606,0.8635683464022222,0.547678187357478,0.6998271354842067
5795a1a495c73d0ae8a2dceee05623c2d51eddc7b49364c10fba845258be58ab,CONSIDERACIONES,A-CSJ,2017.0,0.0,1.0,0.9916,0.0897,1,0.7931,0.0,0.7067141002395307,0.2729073419928887,0.2517665536136793,,8000,65,2,0,0,2.732,False,0.2084762454032898,0.2719033360481262,0.2084762454032898,0.2719033360481262,A,0.615440636199528,0.37990181650863575,0.375536481290374,0.49032023012239834,0.623891897830126,0.5357089140607451,0.5162586179779487
5795a1a495c73d0ae8a2dceee05623c2d51eddc7b49364c10fba845258be58ab,DECISIÓN,A-CSJ,2017.0,0.0,1.0,0.9864,0.0,1,0.7931,0.0,0.6472532155834966,0.2306209643041809,0.255530057491379,,520,6,0,0,0,0.426,False,0.2748737931251526,0.2895540595054626,0.2748737931251526,0.2895540595054626,A,0.615440636199528,0.3133564794428533,0.375536481290374,0.8332718055827731,0.7245490540958396,0.5124180460877212,0.639786766375777
579957b654b50e4304d4c521f34b579041cecc87782a576691ae98a5f159aae1,CONSIDERACIONES,A-CSJ,2000.0,0.0,1.0,0.9812,0.3194,1,0.2069,0.0,0.6778504459621146,0.2154494579922845,0.2338874399385446,,8000,30,9,0,0,4.26,False,0.228492796421051,0.279218316078186,0.228492796421051,0.279218316078186,A,0.615440636199528,0.5656686773883715,0.375536481290374,0.612541040735601,0.6675597650337636,0.6007273153686525,0.6142111903532311
579957b654b50e4304d4c521f34b579041cecc87782a576691ae98a5f159aae1,DECISIÓN,A-CSJ,2000.0,0.0,1.0,0.9907,0.0,1,0.2069,0.0,0.6415770194543168,0.1950060873958712,0.2266961393841172,,210,1,0,0,0,0.335,False,0.17840176820755,0.2507104277610779,0.17840176820755,0.2507104277610779,A,0.615440636199528,0.3133564794428533,0.375536481290374,0.3132323142274627,0.4881369092224342,0.5124180460877212,0.4104905154267373
579957b654b50e4304d4c521f34b579041cecc87782a576691ae98a5f159aae1,DECISIÓN,A-CSJ,2000.0,0.0,1.0,0.988,0.2153,1,0.2069,0.1031,0.6415770194543168,0.1950060873958712,0.2266961393841172,,8000,44,4,1,0,3.527,False,0.17840176820755,0.2507104277610779,0.17840176820755,0.2507104277610779,A,0.615440636199528,0.4806129837612678,0.5180949659043886,0.3132323142274627,0.4881369092224342,0.5281902772149619,0.423792944583538
582a0ca996f8f4da5d02d56b1a63437f70fb458a912f82b32ab07544f2ab17dc,CONSIDERACIONES,A-CSJ,2014.0,0.0,1.0,0.9969,0.1111,1,0.6897,0.2024,0.7203854705281655,0.2659702331093529,0.2111440770376341,,5252,23,2,2,0,3.13,False,0.1782565116882324,0.2175313830375671,0.1782565116882324,0.2175313830375671,A,0.615440636199528,0.3965877921666637,0.6529310322316738,0.31245740582135867,0.2861610460332002,0.458330640258665,0.3351530428394467
582a0ca996f8f4da5d02d56b1a63437f70fb458a912f82b32ab07544f2ab17dc,DECISIÓN,A-CSJ,2014.0,0.0,0.4313,0.9921,0.0,1,0.6897,0.0,0.6644488759724301,0.2098924232883183,0.2425153062217937,,740,3,0,0,0,0.589,False,0.1585130095481872,0.2257424592971801,0.1585130095481872,0.2257424592971801,A,0.1300694089220761,0.3133564794428533,0.375536481290374,0.21778699577202817,0.33189467614266505,0.34253811654061306,0.34583620735138143
58ca5969441aa9f271c612f5e3cf47d78ee367a21690ebaafa55b4d27baf6493,DECISIÓN,A-CE,,0.0,0.52,0.9968,0.0,0,0.5,0.0,0.6416149128462475,0.219300078856812,0.2372413642487638,,605,2,0,0,0,0.538,False,0.2422628998756408,0.2713711857795715,0.2422628998756408,0.2713711857795715,A,0.17790510243813928,0.3133564794428533,0.375536481290374,0.6899155142430952,0.6206247154044576,0.3592806092712352,0.5688271966686133
5b2ca880cd1d9f46cc2fdc4c87d67d7c79441a417d5e7434dda05b500198ce94,CONSIDERACIONES,A-CSJ,2007.0,0.0,0.8805,0.9781,0.2093,1,0.4483,0.0523,0.7327978350694863,0.2543749587265778,0.2809543899098115,,8000,30,6,1,0,3.946,False,0.2014222145080566,0.2446352839469909,0.2014222145080566,0.2446352839469909,A,0.49302871859386965,0.47569752747686217,0.44674358109312484,0.4467584920339367,0.4486455110387952,0.5050311117968187,0.4756702400702274
5b2ca880cd1d9f46cc2fdc4c87d67d7c79441a417d5e7434dda05b500198ce94,DECISIÓN,A-CSJ,2007.0,0.0,1.0,0.9932,0.3889,1,0.4483,0.0,0.6489644472402447,0.1906393013081745,0.2011453592838752,,523,5,1,0,0,0.634,False,0.2921719551086426,0.3281295299530029,0.2921719551086426,0.3281295299530029,A,0.615440636199528,0.6206687648996695,0.375536481290374,0.8847565296788592,0.8781189696360971,0.6199773459976069,0.7653484742816627
5b69527a56abd944c9bab22a4e99ef8632d45cde19573f8dbe04bf758ea93888,HECHOS,A-CSJ,2010.0,0.0,1.0,0.9801,0.5556,1,0.5517,0.0,0.7000988554316722,0.2058766679168445,0.2193702433748005,,1090,3,1,0,0,0.735,False,0.2791298031806946,0.3182598948478699,0.2791298031806946,0.3182598948478699,A,0.615440636199528,0.7387936504925534,0.375536481290374,0.8474335194295192,0.8477343214358721,0.6613210559551163,0.7757397124525697
5b69527a56abd944c9bab22a4e99ef8632d45cde19573f8dbe04bf758ea93888,DECISIÓN,A-CSJ,2010.0,0.0,0.325,0.9902,0.0,1,0.5517,0.0,0.6446550833740756,0.2199988519874756,0.2557820645664171,,407,1,0,0,0,0.587,False,0.2127230763435363,0.2506457567214966,0.2127230763435363,0.2506457567214966,A,0.08758787535064123,0.3133564794428533,0.375536481290374,0.5166601476458573,0.48771485132369724,0.32766957979061084,0.481605845543428
5c15f0d320ed9c989f6bd416bb885bdae1443139d55bab358b62cd2b2673ca82,CONSIDERACIONES,A-CE,2005.0,0.0,1.0,0.9955,0.4321,0,0.3793,0.0,0.6983650174098528,0.2540741074251524,0.2205574407614083,,8000,64,7,0,0,3.67,False,0.1271396875381469,0.1670631170272827,0.1271396875381469,0.1670631170272827,A,0.615440636199528,0.6534468004384826,0.375536481290374,0.11333002635742592,0.09688362460716825,0.6314496584361915,0.3472966379980786
5c15f0d320ed9c989f6bd416bb885bdae1443139d55bab358b62cd2b2673ca82,DECISIÓN,A-CE,2005.0,0.0,0.7222,0.9898,0.0,0,0.3793,0.0,0.6809508697207871,0.2485308296106319,0.2862778014362996,,881,5,0,0,0,0.669,False,0.2235434055328369,0.2763554453849792,0.2235434055328369,0.2763554453849792,A,0.3345339548269462,0.3133564794428533,0.375536481290374,0.5830197313475448,0.6507619744211761,0.41410070760731765,0.5374411244585143
5d262916b690464e6e7a4e347e2800d310079d93ff46e9f6c40231b1662ef22a,CONSIDERACIONES,A-CE,2007.0,0.0,1.0,0.9917,0.0833,0,0.4483,0.1125,0.6961671623964908,0.2891954887635493,0.2490150524533605,,8000,48,1,1,0,3.861,False,0.196390151977539,0.2442461848258972,0.196390151977539,0.2442461848258972,A,0.615440636199528,0.37496431631196064,0.53130367571925,0.4161369764649399,0.4461328166121488,0.48725063066324603,0.42235484901929893
5d262916b690464e6e7a4e347e2800d310079d93ff46e9f6c40231b1662ef22a,CONSIDERACIONES,A-CE,2007.0,0.0,1.0,0.9927,0.0,0,0.4483,0.1731,0.6961671623964908,0.2891954887635493,0.2490150524533605,,3112,26,0,1,0,1.636,False,0.196390151977539,0.2442461848258972,0.196390151977539,0.2442461848258972,A,0.615440636199528,0.3133564794428533,0.6146374724588012,0.4161369764649399,0.4461328166121488,0.4406877487371931,0.39028613045411176
5d262916b690464e6e7a4e347e2800d310079d93ff46e9f6c40231b1662ef22a,CONSIDERACIONES,A-CE,2007.0,0.0,1.0,0.9896,0.3475,0,0.4483,0.0,0.6961671623964908,0.2891954887635493,0.2490150524533605,,8000,50,7,0,0,3.813,False,0.196390151977539,0.2442461848258972,0.196390151977539,0.2442461848258972,A,0.615440636199528,0.5881833770587006,0.375536481290374,0.4161369764649399,0.4461328166121488,0.6086074602532678,0.5068130530917591
5d262916b690464e6e7a4e347e2800d310079d93ff46e9f6c40231b1662ef22a,DECISIÓN,A-CE,2007.0,0.0,0.0,0.9944,0.0,0,0.4483,0.0,0.6410345751150868,0.2138112052924341,0.2276305152180293,,207,0,0,0,0,0.306,False,0.1738367080688476,0.2487558126449585,0.1738367080688476,0.2487558126449585,A,0.024169707443500377,0.3133564794428533,0.375536481290374,0.28939230365470403,0.4753908765800714,0.3054732210231116,0.39959730519779924
5d262916b690464e6e7a4e347e2800d310079d93ff46e9f6c40231b1662ef22a,DECISIÓN,A-CE,2007.0,0.0,1.0,0.9844,0.0595,0,0.4483,0.1384,0.6410345751150868,0.2138112052924341,0.2276305152180293,,8000,33,1,2,0,2.319,False,0.1738367080688476,0.2487558126449585,0.1738367080688476,0.2487558126449585,A,0.615440636199528,0.3568368908038639,0.567416991943986,0.28939230365470403,0.4753908765800714,0.47007203686799137,0.37209130590732953
5d3a164339e079058c75050b5822528177101b1b0bc79089514d87b38cfa9f5d,HECHOS,A-CE,2014.0,0.0,0.8698,0.9767,0.3865,0,0.6897,0.0,0.7189970332911638,0.2324447964875947,0.2472194229406317,,8000,29,13,0,0,2.621,False,0.173940896987915,0.233802855014801,0.173940896987915,0.233802855014801,A,0.48188565082930224,0.6188117879870185,0.375536481290374,0.28992429652263985,0.38010808816083747,0.5725831591986,0.45709077215377125
5d3a164339e079058c75050b5822528177101b1b0bc79089514d87b38cfa9f5d,CONSIDERACIONES,A-CE,2014.0,0.0,1.0,0.9723,0.0694,0,0.6897,0.0417,0.6999680084923063,0.2729168450495387,0.2684625541339168,,8000,46,2,1,0,2.717,False,0.2085957527160644,0.2650842666625976,0.2085957527160644,0.2650842666625976,A,0.615440636199528,0.3643309858389947,0.4320319146283893,0.49106139515372926,0.5812691237013227,0.5133104933249661,0.49280167657814056
5d3a164339e079058c75050b5822528177101b1b0bc79089514d87b38cfa9f5d,CONSIDERACIONES,A-CE,2014.0,0.0,1.0,0.986,0.3246,0,0.6897,0.3158,0.6999680084923063,0.2729168450495387,0.2684625541339168,,5161,37,4,3,0,1.678,False,0.2085957527160644,0.2650842666625976,0.2085957527160644,0.2650842666625976,A,0.615440636199528,0.5698584969376738,0.7809028138236481,0.49106139515372926,0.5812691237013227,0.48058385245092616,0.47440937451375853
5d3a164339e079058c75050b5822528177101b1b0bc79089514d87b38cfa9f5d,CONSIDERACIONES,A-CE,2014.0,0.0,1.0,0.9881,0.4,0,0.6897,0.42,0.6999680084923063,0.2729168450495387,0.2684625541339168,,8000,36,6,5,0,2.638,False,0.2085957527160644,0.2650842666625976,0.2085957527160644,0.2650842666625976,A,0.615440636199528,0.6292106512665044,0.8650732757827969,0.49106139515372926,0.5812691237013227,0.47610596787827225,0.47241332070413644
5d3a164339e079058c75050b5822528177101b1b0bc79089514d87b38cfa9f5d,DECISIÓN,A-CE,2014.0,0.0,1.0,1.0,0.0,0,0.6897,0.0,0.6636525221758494,0.3422470260594196,0.334555769074461,,212,2,0,0,0,0.253,False,0.2024643421173095,0.229303777217865,0.2024643421173095,0.229303777217865,A,0.615440636199528,0.3133564794428533,0.375536481290374,0.4531589892287281,0.35283379803341347,0.5124180460877212,0.43240422943937606
5d3a164339e079058c75050b5822528177101b1b0bc79089514d87b38cfa9f5d,DECISIÓN,A-CE,2014.0,0.0,0.8667,0.9903,0.0,0,0.6897,0.0,0.6636525221758494,0.3422470260594196,0.334555769074461,,2024,4,0,0,0,0.815,False,0.2024643421173095,0.229303777217865,0.2024643421173095,0.229303777217865,A,0.4786601584403959,0.3133564794428533,0.375536481290374,0.4531589892287281,0.35283379803341347,0.464544878872025,0.43240422943937606
5d3a164339e079058c75050b5822528177101b1b0bc79089514d87b38cfa9f5d,CONSIDERACIONES,A-CE,2014.0,0.0,0.97,0.9822,0.0694,0,0.6897,0.0781,0.6999680084923063,0.2729168450495387,0.2684625541339168,,5052,18,1,1,0,1.783,False,0.2085957527160644,0.2650842666625976,0.2085957527160644,0.2650842666625976,A,0.5854500650931723,0.3643309858389947,0.48289199840877683,0.49106139515372926,0.5812691237013227,0.48755576830362535,0.4826296598220631
5d9f344ca202681a6a2638d24e03baf8c93fff56c68f6558f60441f0057dbcf9,DECISIÓN,A-CE,2004.0,0.0,1.0,0.9904,0.0,0,0.3448,0.495,0.6917129021630094,0.2453290708816059,0.2495292607766923,,3196,9,0,2,0,1.044,False,0.1728870272636413,0.2255252599716186,0.1728870272636413,0.2255252599716186,A,0.615440636199528,0.3133564794428533,0.9072653706083008,0.2845699910320991,0.33063788222866936,0.3528993792923432,0.2626131190460217
5ee19e3ec4b05a744d2b132cebd2fd52c687bb4e2423fb27d1b73799c081dbbc,HECHOS,A-CSJ,2016.0,0.0,1.0,0.9892,0.0,1,0.7586,0.0,0.683743025414137,0.2101889442297884,0.2154485622634748,,833,4,0,0,0,0.423,False,0.1454346179962158,0.1950984597206115,0.1454346179962158,0.1950984597206115,A,0.615440636199528,0.3133564794428533,0.375536481290374,0.16754008577109514,0.18241750348230215,0.5124180460877212,0.2983543543189823
5ee19e3ec4b05a744d2b132cebd2fd52c687bb4e2423fb27d1b73799c081dbbc,CONSIDERACIONES,A-CSJ,2016.0,0.0,1.0,0.9926,0.053,1,0.7586,0.1023,0.726920005424107,0.3124825278462818,0.2517448068163261,,8000,46,1,1,0,2.531,False,0.2039058208465576,0.240882933139801,0.2039058208465576,0.240882933139801,A,0.615440636199528,0.3519540923119401,0.5169693902502454,0.4620373526589869,0.42454162836746695,0.4834973379039402,0.43121604413207476
5ee19e3ec4b05a744d2b132cebd2fd52c687bb4e2423fb27d1b73799c081dbbc,DECISIÓN,A-CSJ,2016.0,0.0,1.0,0.9936,0.0,1,0.7586,0.0,0.6665987377209981,0.2676896431179971,0.2770500106950601,,508,4,0,0,0,0.334,False,0.1993764638900756,0.2333519458770752,0.1993764638900756,0.2333519458770752,A,0.615440636199528,0.3133564794428533,0.375536481290374,0.4342470878788275,0.3773368757239232,0.5124180460877212,0.4306856795050128
60fe3a5fe8639d765cd9819859af8f840498cd899c4bae3e357a958af03190fd,CONSIDERACIONES,A-CSJ,2018.0,0.0,1.0,0.9892,0.3173,1,0.8276,0.1473,0.700765475044353,0.2485131834831601,0.1903623906207813,,8000,60,6,2,0,2.402,False,0.1915088295936584,0.2099549770355224,0.1915088295936584,0.2099549770355224,A,0.615440636199528,0.5639739361033627,0.5796824684689681,0.38703644196359216,0.2474983203946255,0.5388903597653213,0.4100194090982294
60fe3a5fe8639d765cd9819859af8f840498cd899c4bae3e357a958af03190fd,DECISIÓN,A-CSJ,2018.0,0.0,0.9286,0.9914,0.0,1,0.8276,0.0,0.6776835635917329,0.2483347104579838,0.2701676439982561,,1046,5,0,0,0,0.517,False,0.2136429548263549,0.2305291295051574,0.2136429548263549,0.2305291295051574,A,0.5430467933184526,0.3133564794428533,0.375536481290374,0.5223583139962978,0.3601761590074685,0.4870802010793448,0.4580924653028364
6142253bdf38cd5cc397589515bdee769a0fa913e6ac6d97b57ba0ccbce41639,CONSIDERACIONES,A-CSJ,2016.0,0.0,1.0,0.9931,0.3796,1,0.7586,0.125,0.6914678791008836,0.268037668352592,0.2331287068250095,,8000,71,5,1,0,2.207,False,0.2313998341560363,0.2674022316932678,0.2313998341560363,0.2674022316932678,A,0.615440636199528,0.6134537608110644,0.5487976282857933,0.6295173842125041,0.5959290222329017,0.5654737504679693,0.5831208034665643
6142253bdf38cd5cc397589515bdee769a0fa913e6ac6d97b57ba0ccbce41639,DECISIÓN,A-CSJ,2016.0,0.0,0.26,0.9943,0.0,1,0.7586,0.0,0.6551755411686259,0.2267964427189648,0.255572863728877,,607,1,0,0,0,0.329,False,0.2613537311553955,0.302736759185791,0.2613537311553955,0.302736759185791,A,0.06821757679704545,0.3133564794428533,0.375536481290374,0.7813381680040263,0.787759687734641,0.32088997529685237,0.6342521199509759
61c54929ab3781f501c37871f15a3c44d2a4ee48e4e5022179446e4108020dfb,HECHOS,A-CE,2018.0,0.0,1.0,0.9895,0.6167,0,0.8276,0.0,0.7143530473104029,0.221445374193026,0.2369534645193293,,3241,20,4,0,0,1.012,False,0.1945466995239257,0.2401994466781616,0.1945466995239257,0.2401994466781616,A,0.615440636199528,0.7756189109978069,0.375536481290374,0.4050663579891946,0.42018607375160205,0.674209897131955,0.5446078715379155
61c54929ab3781f501c37871f15a3c44d2a4ee48e4e5022179446e4108020dfb,CONSIDERACIONES,A-CE,2018.0,0.0,1.0,0.9944,0.2813,0,0.8276,0.0703,0.7053116820233983,0.2187212118091048,0.1758837418929605,,8000,54,6,1,0,2.386,False,0.2390000820159912,0.2895198464393616,0.2390000820159912,0.2895198464393616,A,0.615440636199528,0.5347211504468541,0.4719269952129599,0.6723326671981502,0.7243706656499543,0.5609785267623457,0.619485455218465
61c54929ab3781f501c37871f15a3c44d2a4ee48e4e5022179446e4108020dfb,DECISIÓN,A-CE,2018.0,0.0,0.4086,0.9933,0.0,0,0.8276,0.0,0.669241688526681,0.2280827523282184,0.2642504909748352,,823,2,0,0,0,0.39,False,0.2584571242332458,0.3150908946990967,0.2584571242332458,0.3150908946990967,A,0.11973220581938805,0.3133564794428533,0.375536481290374,0.7688092172343365,0.836739495249879,0.3389200954546723,0.639662948684632
6394eb6138b13ab1a1d3a60fe26513444024c872d1e25503cdd02a009df2b315,DECISIÓN,A-CE,2021.0,0.0,1.0,0.9894,0.8704,0,0.931,0.2222,0.6978960729700053,0.2776867699431325,0.2687416524037301,,2724,32,5,1,0,1.135,False,0.1682840585708618,0.2323235273361206,0.1682840585708618,0.2323235273361206,A,0.615440636199528,0.8882788434628082,0.6777644927955394,0.2618970892120416,0.37104654994214875,0.6229724700431558,0.4523901035192384
66f4e08f6b0a81499a6fb64b2f5c873f0e00d840deb6217b85310a3f60350211,CONSIDERACIONES,A-CE,,0.0,1.0,0.9852,0.4,0,0.5,0.1417,0.7138576110111683,0.2452754845599145,0.2399311698431787,,8000,71,9,2,0,2.695,False,0.1853784322738647,0.2137460708618164,0.1853784322738647,0.2137460708618164,A,0.615440636199528,0.6292106512665044,0.5719753487606306,0.35162172586227186,0.2663979398942268,0.5640353459849221,0.41925478509514047
66f4e08f6b0a81499a6fb64b2f5c873f0e00d840deb6217b85310a3f60350211,DECISIÓN,A-CE,,0.0,1.0,0.9892,0.0,0,0.5,0.1818,0.7132441472669985,0.2713069152517152,0.293120282445749,,7805,28,0,3,0,3.183,False,0.1531708240509033,0.2230371236801147,0.1531708240509033,0.2230371236801147,A,0.615440636199528,0.3133564794428533,0.6261817465351298,0.1960478409087716,0.3164159649190582,0.43722446651429453,0.2850027078555691
688ad821ace128f0dcbc0bf324dde8177b1e969c0a4bcfcc8596a1d00e8e4be8,DECISIÓN,A-CE,2007.0,0.0,0.78,1.0,0.0,0,0.4483,0.0,0.6481906844694606,0.284005706368992,0.2599115931087643,,210,1,0,0,0,0.327,False,0.2459641695022583,0.2924983501434326,0.2459641695022583,0.2924983501434326,A,0.3901185231462347,0.3133564794428533,0.375536481290374,0.7092150720269491,0.7396297754428726,0.4335553065190686,0.5993830539006452
688ad821ace128f0dcbc0bf324dde8177b1e969c0a4bcfcc8596a1d00e8e4be8,DECISIÓN,A-CE,2007.0,0.0,0.4333,0.9837,0.0,0,0.4483,0.0,0.6481906844694606,0.284005706368992,0.2599115931087643,,2774,4,0,0,0,1.086,False,0.2459641695022583,0.2924983501434326,0.2459641695022583,0.2924983501434326,A,0.13101564848505567,0.3133564794428533,0.375536481290374,0.7092150720269491,0.7396297754428726,0.34286930038765595,0.5993830539006452
689bbf4b90d26cecc3e5c74c6f33f3588c1ebfae08f65844ffb914d2d78ee311,DECISIÓN,A-CE,2018.0,0.0,1.0,1.0,0.0,0,0.8276,0.0,0.6530628331278029,0.3262782299222228,0.3103232858811947,,199,4,0,0,0,0.316,False,0.188876986503601,0.2272888422012329,0.188876986503601,0.2272888422012329,A,0.615440636199528,0.3133564794428533,0.375536481290374,0.3716608450265946,0.3409111617718151,0.5124180460877212,0.4014953517163097
689bbf4b90d26cecc3e5c74c6f33f3588c1ebfae08f65844ffb914d2d78ee311,DECISIÓN,A-CE,2018.0,0.0,0.65,0.9972,0.0,0,0.8276,0.0,0.6530628331278029,0.3262782299222228,0.3103232858811947,,795,2,0,0,0,0.354,False,0.188876986503601,0.2272888422012329,0.188876986503601,0.2272888422012329,A,0.27116699167845204,0.3133564794428533,0.375536481290374,0.3716608450265946,0.3409111617718151,0.39192227050534467,0.4014953517163097
6cbd498b0828a051db72b529c056be73a30c968ad29022d5e3f82d2163f1a633,CONSIDERACIONES,A-CE,2007.0,0.0,1.0,0.9771,0.2104,0,0.4483,0.2708,0.7103363294229742,0.2409494228083273,0.2342434454891584,,8000,68,4,3,0,2.421,False,0.1322786211967468,0.1907400488853454,0.1322786211967468,0.1907400488853454,A,0.615440636199528,0.4765983702612372,0.7344597779166466,0.12679030794514362,0.16604839571568955,0.4618757188862738,0.24984392390591814
6cbd498b0828a051db72b529c056be73a30c968ad29022d5e3f82d2163f1a633,DECISIÓN,A-CE,2007.0,0.0,1.0,0.9791,0.0,0,0.4483,0.0,0.7086339292317966,0.2206226155906605,0.2326164316203898,,3960,11,0,0,0,1.288,False,0.218173861503601,0.2751045823097229,0.218173861503601,0.2751045823097229,A,0.615440636199528,0.3133564794428533,0.375536481290374,0.5503120879462495,0.6433003272026935,0.5124180460877212,0.5245011198243645
6fee7f9e0570c157172034520a4b7726e97703d2e585293a405358c07cf0f446,CONSIDERACIONES,A-CE,,0.0,1.0,0.9914,0.1373,0,0.5,0.1176,0.692039040625048,0.2778464456722652,0.2531477775002706,,8000,51,2,1,0,2.491,False,0.2990081310272217,0.3389959335327148,0.2990081310272217,0.3389959335327148,A,0.615440636199528,0.417345105219552,0.5384529728986087,0.9009577417326414,0.9053870936361019,0.49993911762709536,0.693058310058811
6fee7f9e0570c157172034520a4b7726e97703d2e585293a405358c07cf0f446,DECISIÓN,A-CE,,0.0,1.0,0.9747,0.3426,0,0.5,0.2417,0.6893794526058941,0.2605780499819716,0.247213227775855,,8000,58,4,2,0,2.318,False,0.2335430383682251,0.266707181930542,0.2335430383682251,0.266707181930542,A,0.615440636199528,0.5842810311884311,0.7012790400851191,0.641833880316255,0.5915498835965687,0.50951887156025,0.5487662846100869
70c691d7fd400f79f3770b597ada5d44a52bdca3d84f1ada5be5dcafa503628f,HECHOS,A-CE,2007.0,0.0,1.0,0.9884,0.3486,0,0.4483,0.0,0.684852805409431,0.2233190263312411,0.2311166215371447,,8000,46,10,0,0,2.836,False,0.1763413548469543,0.2197382450103759,0.1763413548469543,0.2197382450103759,A,0.615440636199528,0.589057910479529,0.375536481290374,0.302339490833415,0.298079675053883,0.6089135469505578,0.4375919381642793
70c691d7fd400f79f3770b597ada5d44a52bdca3d84f1ada5be5dcafa503628f,DECISIÓN,A-CE,2007.0,0.0,0.5904,0.9888,0.0,0,0.4483,0.067,0.6943494749662903,0.2270242726271568,0.2207167578016808,,3989,11,0,1,0,1.677,False,0.2398825883865356,0.2894567847251892,0.2398825883865356,0.2894567847251892,A,0.22493277921728475,0.3133564794428533,0.46729548368897683,0.6771389907258717,0.7240416716065469,0.34821259542435523,0.5666870041982824
719e6b74d9fabde605b90fb7d909ff2032c6f49437a97d563901fc4345670d86,HECHOS,A-CE,2014.0,0.0,1.0,0.9942,0.0,0,0.6897,0.0,0.7109810070323179,0.2682751505181732,0.2599365312379139,,5499,29,0,0,0,1.904,False,0.2217629551887512,0.270780086517334,0.2217629551887512,0.270780086517334,A,0.615440636199528,0.3133564794428533,0.375536481290374,0.5722405750170887,0.6169827569072728,0.5124180460877212,0.526912576240074
719e6b74d9fabde605b90fb7d909ff2032c6f49437a97d563901fc4345670d86,CONSIDERACIONES,A-CE,2014.0,0.0,1.0,0.9914,0.0365,0,0.6897,0.0,0.72314756379305,0.283595792497801,0.2687907870145724,,8000,47,1,0,0,2.186,False,0.1812039613723755,0.2383511066436767,0.1812039613723755,0.2383511066436767,A,0.615440636199528,0.33969927016333146,0.375536481290374,0.3283820730366553,0.40847131317698065,0.5216380228398886,0.40644550948098357
719e6b74d9fabde605b90fb7d909ff2032c6f49437a97d563901fc4345670d86,DECISIÓN,A-CE,2014.0,0.0,0.78,0.9932,0.0,0,0.6897,0.0,0.6900787115399164,0.2824683720893891,0.2769896077144348,,1039,4,0,0,0,0.509,False,0.1902559399604797,0.248015820980072,0.1902559399604797,0.248015820980072,A,0.3901185231462347,0.3133564794428533,0.375536481290374,0.3796866866024837,0.47057285210458255,0.4335553065190686,0.43023673433442433
724eee2e14b8e2ab80319291a84b98992d23c094cd1a9fb6de0d481aaf0890da,HECHOS,A-CSJ,2014.0,0.0,1.0,0.9946,0.1852,1,0.6897,0.0,0.7113471683339764,0.2549542688268441,0.2199918268765137,,4020,19,2,0,0,1.211,False,0.2170407176017761,0.2406801581382751,0.2170407176017761,0.2406801581382751,A,0.615440636199528,0.45601071965008794,0.375536481290374,0.5433438556034182,0.4232481785353924,0.5623470301602533,0.5137153688227221
724eee2e14b8e2ab80319291a84b98992d23c094cd1a9fb6de0d481aaf0890da,CONSIDERACIONES,A-CSJ,2014.0,0.0,1.0,0.9932,0.0778,1,0.6897,0.0,0.7182817560077157,0.2831551297743871,0.2542265287692393,,2972,19,1,0,0,0.882,False,0.2486332654953003,0.2965937256813049,0.2486332654953003,0.2965937256813049,A,0.615440636199528,0.37074179301034466,0.375536481290374,0.7226833351123041,0.7596966252268584,0.5325029058363432,0.6224566443291895
724eee2e14b8e2ab80319291a84b98992d23c094cd1a9fb6de0d481aaf0890da,DECISIÓN,A-CSJ,2014.0,0.0,0.65,0.9947,0.0,1,0.6897,0.0,0.6851918354811257,0.2708248468119462,0.2929664816460769,,725,2,0,0,0,0.462,False,0.17999929189682,0.2551567554473877,0.17999929189682,0.2551567554473877,A,0.27116699167845204,0.3133564794428533,0.375536481290374,0.321822945592407,0.5171626149146028,0.39192227050534467,0.41930237754290156
74e7e6f7a44ea3dfa39bf7e94ef73fa2629968ca1f4fac2c7e9e69561fff57f6,CONSIDERACIONES,A-CSJ,2014.0,0.0,1.0,0.9879,0.8175,1,0.6897,0.3214,0.7177167410061738,0.2907727332198098,0.2449571803007704,,6827,61,11,3,0,2.06,False,0.2042797803878784,0.2400199174880981,0.2042797803878784,0.2400199174880981,A,0.615440636199528,0.8698456718498401,0.786253786166372,0.4643448160558635,0.4190440435405798,0.5839740719673673,0.5065401550568538
7645582bce3db055d951408f2d305a3aac5d8a881e6fe9d0e88233093be2bfd2,DECISIÓN,A-CSJ,2016.0,0.0,0.325,0.9929,0.0,1,0.7586,0.0,0.6741740430539204,0.2411392788692232,0.2521748579442255,,737,1,0,0,0,0.445,False,0.2363886833190918,0.2728567719459533,0.2363886833190918,0.2728567719459533,A,0.08758787535064123,0.3133564794428533,0.375536481290374,0.6579000396239019,0.6297173385661202,0.32766957979061084,0.5594403051842282
771e9779f623140ad26a9df6cb40533159c25cc222831614dcff08936d40d72b,CONSIDERACIONES,A-CE,2012.0,0.0,1.0,0.9852,0.2421,0,0.6207,0.0849,0.6958609933324038,0.25825966806911,0.2439575200952225,,8000,45,11,2,0,3.286,False,0.1404401659965515,0.1924437284469604,0.1404401659965515,0.1924437284469604,A,0.615440636199528,0.5026011080494042,0.4924650626869062,0.15095831428082665,0.1723025517294413,0.5435750916810543,0.3144531848191474
771e9779f623140ad26a9df6cb40533159c25cc222831614dcff08936d40d72b,DECISIÓN,A-CE,2012.0,0.0,1.0,1.0,0.0,0,0.6207,0.0,0.6416667128094491,0.2341894252977329,0.1864566492074952,,199,1,0,0,0,0.325,False,0.2097376585006714,0.2295409440994262,0.2097376585006714,0.2295409440994262,A,0.615440636199528,0.3133564794428533,0.375536481290374,0.49814482334175875,0.3542496254224966,0.5124180460877212,0.4484324368567534
771e9779f623140ad26a9df6cb40533159c25cc222831614dcff08936d40d72b,DECISIÓN,A-CE,2012.0,0.0,1.0,0.9746,0.0198,0,0.6207,0.0381,0.6416667128094491,0.2341894252977329,0.1864566492074952,,8000,31,1,1,0,3.037,False,0.2097376585006714,0.2295409440994262,0.2097376585006714,0.2295409440994262,A,0.615440636199528,0.3275107663486156,0.4270613217131247,0.49814482334175875,0.3542496254224966,0.5019145943779129,0.44166604049864383
7810f1a05d333148fd1554d5f3a3a2cfaa6c0a47229c7e712a05a871b780d7aa,CONSIDERACIONES,A-CSJ,2013.0,0.0,1.0,0.9907,0.3016,1,0.6552,0.0,0.7076857266982153,0.3200948089842842,0.2672944533534702,,8000,46,5,0,0,2.369,False,0.2069928646087646,0.2673747539520263,0.2069928646087646,0.2673747539520263,A,0.615440636199528,0.5512589739607435,0.375536481290374,0.48112511442292194,0.5957561844674767,0.5956839191689828,0.5502524741736291
7909efeac68ce7775c28ef36a812bed695149fe0f0da6a50fc018c8b5d6a802b,CONSIDERACIONES,A-CE,2007.0,0.0,1.0,1.0,0.0,0,0.4483,0.0,0.6977309599066608,0.2803109078485208,0.2426112660082428,,2505,13,0,0,0,0.952,False,0.2500492930412292,0.2743241786956787,0.2500492930412292,0.2743241786956787,A,0.615440636199528,0.3133564794428533,0.375536481290374,0.7296704402481475,0.6386093138499532,0.5124180460877212,0.5863383404594807
7909efeac68ce7775c28ef36a812bed695149fe0f0da6a50fc018c8b5d6a802b,HECHOS,A-CE,2007.0,0.0,1.0,0.9828,0.7391,0,0.4483,0.0,0.7055220055783675,0.2516195165046467,0.2692047804298356,,8000,56,16,0,0,2.626,False,0.2165948152542114,0.2656248807907104,0.2165948152542114,0.2656248807907104,A,0.615440636199528,0.8378323010946103,0.375536481290374,0.5405969810872946,0.5847020924480741,0.6959845836658362,0.6405001408857457
7909efeac68ce7775c28ef36a812bed695149fe0f0da6a50fc018c8b5d6a802b,CONSIDERACIONES,A-CE,2007.0,0.0,1.0,0.9924,0.0,0,0.4483,0.0,0.6977309599066608,0.2803109078485208,0.2426112660082428,,4920,30,0,0,0,2.038,False,0.2500492930412292,0.2743241786956787,0.2500492930412292,0.2743241786956787,A,0.615440636199528,0.3133564794428533,0.375536481290374,0.7296704402481475,0.6386093138499532,0.5124180460877212,0.5863383404594807
7909efeac68ce7775c28ef36a812bed695149fe0f0da6a50fc018c8b5d6a802b,CONSIDERACIONES,A-CE,2007.0,0.0,1.0,0.9721,0.1111,0,0.4483,0.0,0.6977309599066608,0.2803109078485208,0.2426112660082428,,4213,22,1,0,0,1.498,False,0.2500492930412292,0.2743241786956787,0.2500492930412292,0.2743241786956787,A,0.615440636199528,0.3965877921666637,0.375536481290374,0.7296704402481475,0.6386093138499532,0.5415490055410549,0.6071461686404334
7909efeac68ce7775c28ef36a812bed695149fe0f0da6a50fc018c8b5d6a802b,DECISIÓN,A-CE,2007.0,0.0,0.0,1.0,0.0,0,0.4483,0.0,0.6586879778838501,0.3489454193106872,0.3395279927497279,,215,0,0,0,0,0.342,False,0.21945321559906,0.252271294593811,0.21945321559906,0.252271294593811,A,0.024169707443500377,0.3133564794428533,0.375536481290374,0.5581556355328725,0.49832720452700646,0.3054732210231116,0.49825173694454516
7909efeac68ce7775c28ef36a812bed695149fe0f0da6a50fc018c8b5d6a802b,DECISIÓN,A-CE,2007.0,0.0,0.7281,0.9872,0.0201,0,0.4483,0.0,0.6586879778838501,0.3489454193106872,0.3395279927497279,,8000,28,1,0,0,2.602,False,0.21945321559906,0.252271294593811,0.21945321559906,0.252271294593811,A,0.3400311287117549,0.32772774239936087,0.375536481290374,0.5581556355328725,0.49832720452700646,0.4210546605017783,0.5018445526836721
795b680b187d3c7a31ba09062898d5927a6e0e4814939fcd3115aec5dadf3b97,CONSIDERACIONES,A-CE,2017.0,0.0,1.0,0.9846,0.244,0,0.7931,0.0,0.719765408639156,0.2425970247568976,0.2271113998649867,,8000,61,5,0,0,2.25,False,0.1982085108757019,0.2411863803863525,0.1982085108757019,0.2411863803863525,A,0.615440636199528,0.5041605861205305,0.375536481290374,0.4271404703319804,0.42647916748433284,0.5791994834249082,0.4857278483851175
795b680b187d3c7a31ba09062898d5927a6e0e4814939fcd3115aec5dadf3b97,DECISIÓN,A-CE,2017.0,0.0,1.0,0.9883,0.2083,0,0.7931,0.2812,0.7012045423857511,0.2585236205935789,0.2821376558681725,,2215,10,1,1,0,0.751,False,0.1986601948738098,0.2457725405693054,0.1986601948738098,0.2457725405693054,A,0.615440636199528,0.4748787165501069,0.7457307601513912,0.42988542340942304,0.45600418041456553,0.45789254541695484,0.41123426138345964
7965f19b2b4f07635ddd5ded3ae8775b1e12ba7feb8f3e765949a66fb9dc5826,CONSIDERACIONES,A-CE,2008.0,0.0,1.0,0.9853,0.1453,0,0.4828,0.0,0.71115347710755,0.276127764849708,0.2395234492220563,,8000,33,4,0,0,2.491,False,0.1615715026855468,0.2087210416793823,0.1615715026855468,0.2087210416793823,A,0.615440636199528,0.42374571643608294,0.375536481290374,0.2309934481743161,0.2415445747030669,0.5510542790353516,0.35998575465257
7965f19b2b4f07635ddd5ded3ae8775b1e12ba7feb8f3e765949a66fb9dc5826,DECISIÓN,A-CE,2008.0,0.0,1.0,0.9884,0.0,0,0.4828,0.0,0.6859046978835379,0.2385306995716972,0.2194327348577101,,4913,8,0,0,0,1.468,False,0.1857295036315918,0.2625402212142944,0.1857295036315918,0.2625402212142944,A,0.615440636199528,0.3133564794428533,0.375536481290374,0.3536105192184645,0.5650134967400938,0.5124180460877212,0.4399982046771198
79da7d3fdfcfc3852df15150d2f0e46ccfbee04ba82d946b64ffb6aa22652e46,CONSIDERACIONES,A-CE,2018.0,0.0,1.0,0.978,1.0,0,0.8276,0.3646,0.721131343378524,0.2731890179535915,0.2300973495563081,,8000,60,22,4,0,2.323,False,0.1874747276306152,0.2191434502601623,0.1874747276306152,0.2191434502601623,A,0.615440636199528,0.924056999575638,0.8243227977589448,0.363571351236761,0.29483931059158175,0.5915273331936246,0.4523675253933032
79da7d3fdfcfc3852df15150d2f0e46ccfbee04ba82d946b64ffb6aa22652e46,DECISIÓN,A-CE,2018.0,0.0,1.0,0.9907,0.0,0,0.8276,0.425,0.6597570535621957,0.2260596871097386,0.256092773148924,,1827,8,0,2,0,0.71,False,0.2321410775184631,0.2625518441200256,0.2321410775184631,0.2625518441200256,A,0.615440636199528,0.3133564794428533,0.8683280994204423,0.6337971677143804,0.5650881100453341,0.36458056064870076,0.4395201306857249
7b47a4d7d758fa548493871c1d04dd3b2d13cce8b986512650f8d0a99e812f91,CONSIDERACIONES,A-CE,2013.0,0.0,1.0,0.998,0.0,0,0.6552,0.0,0.6891795644610873,0.2743220548924795,0.2450240466226133,,1462,6,0,0,0,0.707,False,0.2182485461235046,0.2653654813766479,0.2182485461235046,0.2653654813766479,A,0.615440636199528,0.3133564794428533,0.375536481290374,0.5507706962399384,0.583055877395334,0.5124180460877212,0.5126127427656837
7b47a4d7d758fa548493871c1d04dd3b2d13cce8b986512650f8d0a99e812f91,DECISIÓN,A-CE,2013.0,0.0,0.2833,1.0,0.0,0,0.6552,0.0,0.6533681281350159,0.3535195861532085,0.3499824116441875,,200,1,0,0,0,0.251,False,0.2826763987541199,0.2906116843223572,0.2826763987541199,0.2906116843223572,A,0.07465613667046082,0.3133564794428533,0.375536481290374,0.8584680683670705,0.7300281142809723,0.3231434712525477,0.6497012703873076
7b47a4d7d758fa548493871c1d04dd3b2d13cce8b986512650f8d0a99e812f91,DECISIÓN,A-CE,2013.0,0.0,0.5984,0.9902,0.0521,0,0.6552,0.1289,0.6533681281350159,0.3535195861532085,0.3499824116441875,,6326,16,1,2,0,2.105,False,0.2826763987541199,0.2906116843223572,0.2826763987541199,0.2906116843223572,A,0.23079977753879805,0.35128041812180427,0.5542331902715275,0.8584680683670705,0.7300281142809723,0.3374581113997525,0.6234429132608146
7de7edb69d97de48dbe82627f2b37797b118d45f0294c67edb324c92c4586564,CONSIDERACIONES,A-CE,2017.0,0.0,1.0,0.9992,0.1954,0,0.7931,0.1379,0.6991355851486404,0.2505976382369914,0.2130401296709954,,8000,65,4,2,0,2.333,False,0.1695042252540588,0.2056081891059875,0.1695042252540588,0.2056081891059875,A,0.615440636199528,0.46432971825227554,0.5667253151809073,0.2677924022598245,0.2269633075866014,0.507902029503859,0.3418573688351463
7de7edb69d97de48dbe82627f2b37797b118d45f0294c67edb324c92c4586564,DECISIÓN,A-CE,2017.0,0.0,0.8667,0.9939,0.0,0,0.7931,0.0,0.6681264078008786,0.2148524128411886,0.2382343272796039,,1052,4,0,0,0,0.454,False,0.2154839634895324,0.2509858012199402,0.2154839634895324,0.2509858012199402,A,0.4786601584403959,0.3133564794428533,0.375536481290374,0.5337434651862437,0.48993424104099287,0.464544878872025,0.48802888462602234
7efa27692854007dcce78e46ee395c2727c3b984ea096396e1c28b63460729e1,HECHOS,A-CE,2016.0,0.0,1.0,0.9847,0.36,0,0.7586,0.81,0.7092802181279525,0.2444468177768257,0.2419709630991264,,8000,57,6,9,0,2.225,False,0.1275593042373657,0.1836532950401306,0.1275593042373657,0.1836532950401306,A,0.615440636199528,0.5980871995060744,0.9829709316992901,0.11438063047803305,0.14197245983492185,0.42984346298717385,0.2213553261709565
7efa27692854007dcce78e46ee395c2727c3b984ea096396e1c28b63460729e1,CONSIDERACIONES,A-CE,2016.0,0.0,1.0,0.9954,0.4074,0,0.7586,0.0,0.7135947778936729,0.2982244676552604,0.2841665254762867,,8000,55,5,0,0,2.358,False,0.2142885327339172,0.2483580112457275,0.2142885327339172,0.2483580112457275,A,0.615440636199528,0.6348610403737973,0.375536481290374,0.5263539476008587,0.472800197729348,0.6249446424135516,0.5623918850415447
7efa27692854007dcce78e46ee395c2727c3b984ea096396e1c28b63460729e1,DECISIÓN,A-CE,2016.0,0.0,0.8667,0.9918,0.0,0,0.7586,0.0,0.6620561760577456,0.2354056578121627,0.2587465607326382,,693,4,0,0,0,0.489,False,0.2422110438346862,0.2656008005142212,0.2422110438346862,0.2656008005142212,A,0.4786601584403959,0.3133564794428533,0.375536481290374,0.6896401468708133,0.584549351838843,0.464544878872025,0.5615157453751918
7ffc5e67928f3a01276d21f9fd9b4d2e8e0d2987799f3c0cca77639bd5bc1986,DECISIÓN,A-CE,2012.0,0.0,0.65,0.9942,0.0,0,0.6207,0.0,0.6326908040800513,0.2154088984835066,0.2455462570591945,,705,2,0,0,0,0.48,False,0.2333637475967407,0.2876073718070984,0.2333637475967407,0.2876073718070984,A,0.27116699167845204,0.3133564794428533,0.375536481290374,0.6408104233343178,0.7142860036606656,0.39192227050534467,0.5703726725017828
828d11620a20da7e4a849946e67589f477fe77e271ee681ae58f4b96f41d145b,CONSIDERACIONES,A-CSJ,2013.0,0.0,1.0,0.9966,0.1296,1,0.6552,0.0,0.7132154319873797,0.3048622030128446,0.2530203171725388,,8000,77,2,0,0,2.307,False,0.2475475668907165,0.3030334115028381,0.2475475668907165,0.3030334115028381,A,0.615440636199528,0.4112106827924416,0.375536481290374,0.7172514394709473,0.7890523213819871,0.5466670172600772,0.6365438425312646
829402b726f228fec3233006455cc446edd9882cf2817471db4dc9d38731e1f6,CONSIDERACIONES,A-CE,2017.0,0.0,1.0,0.9939,0.0,0,0.7931,0.0,0.6972279226050414,0.2620553594908346,0.2275890078100797,,6793,58,0,0,0,1.988,False,0.2585167288780212,0.3153700232505798,0.2585167288780212,0.3153700232505798,A,0.615440636199528,0.3133564794428533,0.375536481290374,0.7690720185647313,0.8377330329241564,0.5124180460877212,0.6399536366851257
829402b726f228fec3233006455cc446edd9882cf2817471db4dc9d38731e1f6,CARGOS,A-CE,2017.0,0.0,1.0,0.99,0.0,0,0.7931,0.0,0.6969663239780531,0.2774175688673701,0.2653460952072375,,2096,10,0,0,0,0.843,False,0.2104420661926269,0.2746514081954956,0.2104420661926269,0.2746514081954956,A,0.615440636199528,0.3133564794428533,0.375536481290374,0.5025149319158727,0.6405795728853639,0.5124180460877212,0.5072279643502667
829402b726f228fec3233006455cc446edd9882cf2817471db4dc9d38731e1f6,CONSIDERACIONES,A-CE,2017.0,0.0,1.0,0.9958,0.1667,0,0.7931,0.0,0.6972279226050414,0.2620553594908346,0.2275890078100797,,6583,39,3,0,0,1.877,False,0.2585167288780212,0.3153700232505798,0.2585167288780212,0.3153700232505798,A,0.615440636199528,0.4409879157271208,0.375536481290374,0.7690720185647313,0.8377330329241564,0.5570890487872149,0.6718614957561926
829402b726f228fec3233006455cc446edd9882cf2817471db4dc9d38731e1f6,DECISIÓN,A-CE,2017.0,0.0,0.9533,0.9887,0.2778,0,0.7931,0.0,0.6513313296600151,0.2080936205176663,0.2266507674493325,,719,4,1,0,0,0.376,False,0.2370199561119079,0.2622214555740356,0.2370199561119079,0.2622214555740356,A,0.5684609687182662,0.5318610378917045,0.375536481290374,0.6614170956336826,0.5629660421190127,0.5724517579263775,0.6019471551104427
8383f2a4b777890b894bd9de0e2daec4066c78da440ccf6a347717cf7c5340e4,CONSIDERACIONES,A-CE,2017.0,0.0,1.0,0.995,0.1852,0,0.7931,0.1111,0.7108868748153345,0.2672471508322203,0.2325762101925192,,8000,66,2,1,0,2.275,False,0.2148775458335876,0.2479248046875,0.2148775458335876,0.2479248046875,A,0.615440636199528,0.45601071965008794,0.5293387479563794,0.529996559057598,0.4699806128832699,0.5162063501604517,0.4876298485680594
8383f2a4b777890b894bd9de0e2daec4066c78da440ccf6a347717cf7c5340e4,DECISIÓN,A-CE,2017.0,0.0,1.0,0.9897,0.0,0,0.7931,0.0,0.6652633580741703,0.2416414315406054,0.2665102162074827,,1138,6,0,0,0,0.504,False,0.1983354687690735,0.2441676259040832,0.1983354687690735,0.2441676259040832,A,0.615440636199528,0.3133564794428533,0.375536481290374,0.42791156730436253,0.445625834426697,0.5124180460877212,0.44212603904450476
849bf9553f4f6fb2f97683070a5946afa4f9ce8108b49ac0740829d014944325,DECISIÓN,A-CSJ,2014.0,0.0,0.4875,0.9891,0.0,1,0.6897,0.225,0.68438418931142,0.2271181820571119,0.2445850649039707,,1445,3,0,1,0,0.538,False,0.2844361066818237,0.3110679984092712,0.2844361066818237,0.3110679984092712,A,0.15894758353528282,0.3133564794428533,0.6812005792508733,0.863691267388342,0.8218726993886423,0.2609462482670856,0.6087654874741868
86612fca64bcb05a9d4eae7edd489bdb0325e7ce24066545460ba3f25b67ee84,HECHOS,A-CE,2005.0,0.0,0.941,0.9732,0.191,0,0.3793,0.0469,0.7178314276026908,0.2554694789159804,0.266074060434289,,8000,31,7,1,0,2.409,False,0.2616387605667114,0.31828773021698,0.2616387605667114,0.31828773021698,A,0.5558418249434897,0.4607384214780753,0.4392356363143375,0.7825442243370879,0.8478281477167904,0.5240323953532465,0.6707935861679901
86612fca64bcb05a9d4eae7edd489bdb0325e7ce24066545460ba3f25b67ee84,CONSIDERACIONES,A-CE,2005.0,0.0,1.0,0.9781,0.7564,0,0.3793,0.0,0.7043148551523982,0.2398382089069696,0.1999751190583563,,8000,41,14,0,0,2.299,False,0.1978713274002075,0.2463394999504089,0.1978713274002075,0.2463394999504089,A,0.615440636199528,0.8454024451144329,0.375536481290374,0.4250942659632423,0.45968010823916944,0.6986341340727741,0.5769623297555021
86612fca64bcb05a9d4eae7edd489bdb0325e7ce24066545460ba3f25b67ee84,DECISIÓN,A-CE,2005.0,0.0,1.0,0.9921,0.1111,0,0.3793,0.2667,0.7018783313357517,0.2368530933640303,0.2423298399878946,,5036,27,1,2,0,1.481,False,0.1591324210166931,0.2044376134872436,0.1591324210166931,0.2044376134872436,A,0.615440636199528,0.3965877921666637,0.7299297512062021,0.2204169414021986,0.22164361344162434,0.43523102456630647,0.2746356499795199
8695e3bbff2b1626bc06e0f77fd0fe0c2be58d5a7e196e9f566f7fb02b9a9cae,CONSIDERACIONES,A-CSJ,2014.0,0.0,1.0,0.9963,0.4667,1,0.6897,0.0,0.7189802089038344,0.2819819950027964,0.2476312469556605,,5434,51,6,0,0,1.728,False,0.2865197658538818,0.3372227549552917,0.2865197658538818,0.3372227549552917,A,0.615440636199528,0.6787047529353164,0.375536481290374,0.8696651078697657,0.9013444512818424,0.6402899418100834,0.7792205699865408
8695e3bbff2b1626bc06e0f77fd0fe0c2be58d5a7e196e9f566f7fb02b9a9cae,DECISIÓN,A-CSJ,2014.0,0.0,1.0,0.9918,0.0,1,0.6897,0.0,0.6735654073578524,0.284919828633059,0.3126365164070797,,537,3,0,0,0,0.368,False,0.2492305040359497,0.2989830374717712,0.2492305040359497,0.2989830374717712,A,0.615440636199528,0.3133564794428533,0.375536481290374,0.7256438279008212,0.7709046058626801,0.5124180460877212,0.6113880845404619
8698957dce8f3b0665874be392a0de86cc836708a58394f82cc58ff06e519987,DECISIÓN,A-CE,,0.0,1.0,0.9924,0.0,0,0.5,0.0,0.6999704256631346,0.2423535792888946,0.2515481500490093,,2666,8,0,0,0,1.023,False,0.1805563569068908,0.2291591167449951,0.1805563569068908,0.2291591167449951,A,0.615440636199528,0.3133564794428533,0.375536481290374,0.324847498416283,0.3519714760193403,0.5124180460877212,0.3873227432522056
86c58e3302ae7ea2eead8d7cc9faf3a47401dde45f53dc99675428d51900bc5c,CONSIDERACIONES,A-CE,2016.0,0.0,1.0,0.9949,0.0,0,0.7586,0.0,0.6942389659443686,0.2784208111112705,0.2507176113236455,,3117,30,0,0,0,1.45,False,0.2107774019241333,0.2462407350540161,0.2107774019241333,0.2462407350540161,A,0.615440636199528,0.3133564794428533,0.375536481290374,0.5045952432736921,0.4590394308420177,0.5124180460877212,0.4716480449168342
86c58e3302ae7ea2eead8d7cc9faf3a47401dde45f53dc99675428d51900bc5c,DECISIÓN,A-CE,2016.0,0.0,1.0,1.0,0.0,0,0.7586,0.0,0.6308789319335462,0.2849581298246033,0.2911276741902243,,141,4,0,0,0,0.251,False,0.1792446374893188,0.2010735273361206,0.1792446374893188,0.2010735273361206,A,0.615440636199528,0.3133564794428533,0.375536481290374,0.3177493313725587,0.2068556282639982,0.5124180460877212,0.3558152152358337
86c58e3302ae7ea2eead8d7cc9faf3a47401dde45f53dc99675428d51900bc5c,HECHOS,A-CE,2016.0,0.0,1.0,0.9973,0.0,0,0.7586,0.0,0.6492553396973341,0.2267292724887857,0.1960894209504466,,969,15,0,0,0,0.64,False,0.2121316194534301,0.2303980588912964,0.2121316194534301,0.2303980588912964,A,0.615440636199528,0.3133564794428533,0.375536481290374,0.5129939982430295,0.3593875749757337,0.5124180460877212,0.4546572379828455
86c58e3302ae7ea2eead8d7cc9faf3a47401dde45f53dc99675428d51900bc5c,HECHOS,A-CE,2016.0,0.0,1.0,1.0,0.0,0,0.7586,0.0,0.6492553396973341,0.2267292724887857,0.1960894209504466,,274,4,0,0,0,0.345,False,0.2121316194534301,0.2303980588912964,0.2121316194534301,0.2303980588912964,A,0.615440636199528,0.3133564794428533,0.375536481290374,0.5129939982430295,0.3593875749757337,0.5124180460877212,0.4546572379828455
86c58e3302ae7ea2eead8d7cc9faf3a47401dde45f53dc99675428d51900bc5c,HECHOS,A-CE,2016.0,0.0,1.0,1.0,0.0,0,0.7586,0.0,0.6492553396973341,0.2267292724887857,0.1960894209504466,,585,3,0,0,0,0.44,False,0.2121316194534301,0.2303980588912964,0.2121316194534301,0.2303980588912964,A,0.615440636199528,0.3133564794428533,0.375536481290374,0.5129939982430295,0.3593875749757337,0.5124180460877212,0.4546572379828455
86c58e3302ae7ea2eead8d7cc9faf3a47401dde45f53dc99675428d51900bc5c,HECHOS,A-CE,2016.0,0.0,1.0,0.991,0.1458,0,0.7586,0.0,0.6492553396973341,0.2267292724887857,0.1960894209504466,,2910,24,1,0,0,1.285,False,0.2121316194534301,0.2303980588912964,0.2121316194534301,0.2303980588912964,A,0.615440636199528,0.42414662897085864,0.375536481290374,0.5129939982430295,0.3593875749757337,0.551194598422523,0.48235477536484694
86c58e3302ae7ea2eead8d7cc9faf3a47401dde45f53dc99675428d51900bc5c,HECHOS,A-CE,2016.0,0.0,0.65,0.9851,0.0,0,0.7586,0.0,0.6492553396973341,0.2267292724887857,0.1960894209504466,,294,1,0,0,0,0.437,False,0.2121316194534301,0.2303980588912964,0.2121316194534301,0.2303980588912964,A,0.27116699167845204,0.3133564794428533,0.375536481290374,0.5129939982430295,0.3593875749757337,0.39192227050534467,0.4546572379828455
86c58e3302ae7ea2eead8d7cc9faf3a47401dde45f53dc99675428d51900bc5c,HECHOS,A-CE,2016.0,0.0,1.0,1.0,0.0,0,0.7586,0.0,0.6492553396973341,0.2267292724887857,0.1960894209504466,,373,2,0,0,0,0.401,False,0.2121316194534301,0.2303980588912964,0.2121316194534301,0.2303980588912964,A,0.615440636199528,0.3133564794428533,0.375536481290374,0.5129939982430295,0.3593875749757337,0.5124180460877212,0.4546572379828455
86c58e3302ae7ea2eead8d7cc9faf3a47401dde45f53dc99675428d51900bc5c,HECHOS,A-CE,2016.0,0.0,0.0,0.9853,0.0,0,0.7586,0.0,0.6492553396973341,0.2267292724887857,0.1960894209504466,,126,0,0,0,0,0.335,False,0.2121316194534301,0.2303980588912964,0.2121316194534301,0.2303980588912964,A,0.024169707443500377,0.3133564794428533,0.375536481290374,0.5129939982430295,0.3593875749757337,0.3054732210231116,0.4546572379828455
86c58e3302ae7ea2eead8d7cc9faf3a47401dde45f53dc99675428d51900bc5c,HECHOS,A-CE,2016.0,0.0,1.0,0.9853,0.1556,0,0.7586,0.0,0.6492553396973341,0.2267292724887857,0.1960894209504466,,8000,51,2,0,0,2.973,False,0.2121316194534301,0.2303980588912964,0.2121316194534301,0.2303980588912964,A,0.615440636199528,0.43202404136435685,0.375536481290374,0.5129939982430295,0.3593875749757337,0.5539516927602475,0.4843241284632215
86c58e3302ae7ea2eead8d7cc9faf3a47401dde45f53dc99675428d51900bc5c,DECISIÓN,A-CE,2016.0,0.0,1.0,0.9963,0.8529,0,0.7586,0.0,0.6308789319335462,0.2849581298246033,0.2911276741902243,,4194,44,9,0,0,2.684,False,0.1792446374893188,0.2010735273361206,0.1792446374893188,0.2010735273361206,A,0.615440636199528,0.8824483537300333,0.375536481290374,0.3177493313725587,0.2068556282639982,0.7116002020882342,0.49808818380762865
86c58e3302ae7ea2eead8d7cc9faf3a47401dde45f53dc99675428d51900bc5c,HECHOS,A-CE,2016.0,0.0,1.0,0.996,0.4048,0,0.7586,0.0,0.6492553396973341,0.2267292724887857,0.1960894209504466,,1623,20,2,0,0,0.996,False,0.2121316194534301,0.2303980588912964,0.2121316194534301,0.2303980588912964,A,0.615440636199528,0.6328799070902208,0.375536481290374,0.5129939982430295,0.3593875749757337,0.6242512457642998,0.5345380948946874
86c58e3302ae7ea2eead8d7cc9faf3a47401dde45f53dc99675428d51900bc5c,HECHOS,A-CE,2016.0,0.0,1.0,0.9956,0.8333,0,0.7586,0.0,0.6492553396973341,0.2267292724887857,0.1960894209504466,,1340,19,2,0,0,0.864,False,0.2121316194534301,0.2303980588912964,0.2121316194534301,0.2303980588912964,A,0.615440636199528,0.8756068964065898,0.375536481290374,0.5129939982430295,0.3593875749757337,0.709205692025029,0.5952198422237797
86c58e3302ae7ea2eead8d7cc9faf3a47401dde45f53dc99675428d51900bc5c,DECISIÓN,A-CE,2016.0,0.0,1.0,1.0,0.0,0,0.7586,0.0,0.6308789319335462,0.2849581298246033,0.2911276741902243,,411,4,0,0,0,0.411,False,0.1792446374893188,0.2010735273361206,0.1792446374893188,0.2010735273361206,A,0.615440636199528,0.3133564794428533,0.375536481290374,0.3177493313725587,0.2068556282639982,0.5124180460877212,0.3558152152358337
86c58e3302ae7ea2eead8d7cc9faf3a47401dde45f53dc99675428d51900bc5c,DECISIÓN,A-CE,2016.0,0.0,1.0,1.0,0.0,0,0.7586,0.0,0.6308789319335462,0.2849581298246033,0.2911276741902243,,679,6,0,0,0,0.623,False,0.1792446374893188,0.2010735273361206,0.1792446374893188,0.2010735273361206,A,0.615440636199528,0.3133564794428533,0.375536481290374,0.3177493313725587,0.2068556282639982,0.5124180460877212,0.3558152152358337
86c58e3302ae7ea2eead8d7cc9faf3a47401dde45f53dc99675428d51900bc5c,DECISIÓN,A-CE,2016.0,0.0,1.0,0.9951,0.8333,0,0.7586,0.3333,0.6308789319335462,0.2849581298246033,0.2911276741902243,,1913,34,3,1,0,1.2,False,0.1792446374893188,0.2010735273361206,0.1792446374893188,0.2010735273361206,A,0.615440636199528,0.8756068964065898,0.7973065430510441,0.3177493313725587,0.2068556282639982,0.582674673496828,0.4120238071246338
86c58e3302ae7ea2eead8d7cc9faf3a47401dde45f53dc99675428d51900bc5c,HECHOS,A-CE,2016.0,0.0,1.0,1.0,0.0,0,0.7586,0.0,0.6492553396973341,0.2267292724887857,0.1960894209504466,,258,3,0,0,0,0.295,False,0.2121316194534301,0.2303980588912964,0.2121316194534301,0.2303980588912964,A,0.615440636199528,0.3133564794428533,0.375536481290374,0.5129939982430295,0.3593875749757337,0.5124180460877212,0.4546572379828455
86c58e3302ae7ea2eead8d7cc9faf3a47401dde45f53dc99675428d51900bc5c,HECHOS,A-CE,2016.0,0.0,1.0,0.982,0.9608,0,0.7586,0.0,0.6492553396973341,0.2267292724887857,0.1960894209504466,,6096,36,14,0,0,2.299,False,0.2121316194534301,0.2303980588912964,0.2121316194534301,0.2303980588912964,A,0.615440636199528,0.9145176405137576,0.375536481290374,0.5129939982430295,0.3593875749757337,0.7228244524625377,0.6049475282505716
86c58e3302ae7ea2eead8d7cc9faf3a47401dde45f53dc99675428d51900bc5c,HECHOS,A-CE,2016.0,0.0,1.0,1.0,0.5556,0,0.7586,0.0,0.6492553396973341,0.2267292724887857,0.1960894209504466,,454,4,1,0,0,0.437,False,0.2121316194534301,0.2303980588912964,0.2121316194534301,0.2303980588912964,A,0.615440636199528,0.7387936504925534,0.375536481290374,0.5129939982430295,0.3593875749757337,0.6613210559551163,0.5610165307452706
86c58e3302ae7ea2eead8d7cc9faf3a47401dde45f53dc99675428d51900bc5c,HECHOS,A-CE,2016.0,0.0,1.0,1.0,0.0,0,0.7586,0.0,0.6492553396973341,0.2267292724887857,0.1960894209504466,,404,6,0,0,0,0.482,False,0.2121316194534301,0.2303980588912964,0.2121316194534301,0.2303980588912964,A,0.615440636199528,0.3133564794428533,0.375536481290374,0.5129939982430295,0.3593875749757337,0.5124180460877212,0.4546572379828455
86c58e3302ae7ea2eead8d7cc9faf3a47401dde45f53dc99675428d51900bc5c,HECHOS,A-CE,2016.0,0.0,1.0,1.0,1.0,0,0.7586,0.0,0.6492553396973341,0.2267292724887857,0.1960894209504466,,559,5,1,0,0,0.468,False,0.2121316194534301,0.2303980588912964,0.2121316194534301,0.2303980588912964,A,0.615440636199528,0.924056999575638,0.375536481290374,0.5129939982430295,0.3593875749757337,0.7261632281341959,0.6073323680160417
86c58e3302ae7ea2eead8d7cc9faf3a47401dde45f53dc99675428d51900bc5c,HECHOS,A-CE,2016.0,0.0,1.0,0.9898,1.0,0,0.7586,0.0,0.6492553396973341,0.2267292724887857,0.1960894209504466,,8000,73,12,0,0,2.947,False,0.2121316194534301,0.2303980588912964,0.2121316194534301,0.2303980588912964,A,0.615440636199528,0.924056999575638,0.375536481290374,0.5129939982430295,0.3593875749757337,0.7261632281341959,0.6073323680160417
86c58e3302ae7ea2eead8d7cc9faf3a47401dde45f53dc99675428d51900bc5c,DECISIÓN,A-CE,2016.0,0.0,1.0,0.9985,0.0,0,0.7586,0.0,0.6308789319335462,0.2849581298246033,0.2911276741902243,,2623,12,0,0,0,0.948,False,0.1792446374893188,0.2010735273361206,0.1792446374893188,0.2010735273361206,A,0.615440636199528,0.3133564794428533,0.375536481290374,0.3177493313725587,0.2068556282639982,0.5124180460877212,0.3558152152358337
86c58e3302ae7ea2eead8d7cc9faf3a47401dde45f53dc99675428d51900bc5c,DECISIÓN,A-CE,2016.0,0.0,1.0,0.9914,0.7121,0,0.7586,0.1818,0.6308789319335462,0.2849581298246033,0.2911276741902243,,4303,24,5,1,0,1.72,False,0.1792446374893188,0.2010735273361206,0.1792446374893188,0.2010735273361206,A,0.615440636199528,0.8254242630982088,0.6261817465351298,0.3177493313725587,0.2068556282639982,0.6164481907936689,0.4337031081007214
86c58e3302ae7ea2eead8d7cc9faf3a47401dde45f53dc99675428d51900bc5c,CONSIDERACIONES,A-CE,2016.0,0.0,0.0,0.986,0.0,0,0.7586,0.0,0.6942389659443686,0.2784208111112705,0.2507176113236455,,237,0,0,0,0,0.398,False,0.2107774019241333,0.2462407350540161,0.2107774019241333,0.2462407350540161,A,0.024169707443500377,0.3133564794428533,0.375536481290374,0.5045952432736921,0.4590394308420177,0.3054732210231116,0.4716480449168342
86c58e3302ae7ea2eead8d7cc9faf3a47401dde45f53dc99675428d51900bc5c,CONSIDERACIONES,A-CE,2016.0,0.0,1.0,0.9883,0.3161,0,0.7586,0.0,0.6942389659443686,0.2784208111112705,0.2507176113236455,,3477,18,7,0,0,1.667,False,0.2107774019241333,0.2462407350540161,0.2107774019241333,0.2462407350540161,A,0.615440636199528,0.5630048385030595,0.375536481290374,0.5045952432736921,0.4590394308420177,0.5997949717587934,0.5340601346818858
86c58e3302ae7ea2eead8d7cc9faf3a47401dde45f53dc99675428d51900bc5c,DECISIÓN,A-CE,2016.0,0.0,1.0,1.0,0.0,0,0.7586,0.0,0.6308789319335462,0.2849581298246033,0.2911276741902243,,558,7,0,0,0,0.497,False,0.1792446374893188,0.2010735273361206,0.1792446374893188,0.2010735273361206,A,0.615440636199528,0.3133564794428533,0.375536481290374,0.3177493313725587,0.2068556282639982,0.5124180460877212,0.3558152152358337
86c58e3302ae7ea2eead8d7cc9faf3a47401dde45f53dc99675428d51900bc5c,CARGOS,A-CE,2016.0,0.0,1.0,1.0,0.0,0,0.7586,0.0,0.6506122812511462,0.244172741299308,0.2242259365054966,,671,5,0,0,0,0.597,False,0.2199970483779907,0.2328515648841858,0.2199970483779907,0.2328515648841858,A,0.615440636199528,0.3133564794428533,0.375536481290374,0.561481264445495,0.3742709837056929,0.5124180460877212,0.47460446289970026
86c58e3302ae7ea2eead8d7cc9faf3a47401dde45f53dc99675428d51900bc5c,DECISIÓN,A-CE,2016.0,0.0,0.0,1.0,0.1667,0,0.7586,0.0,0.6308789319335462,0.2849581298246033,0.2911276741902243,,672,0,1,0,0,0.635,False,0.1792446374893188,0.2010735273361206,0.1792446374893188,0.2010735273361206,A,0.024169707443500377,0.4409879157271208,0.375536481290374,0.3177493313725587,0.2068556282639982,0.35014422372260523,0.38772307430690056
86c58e3302ae7ea2eead8d7cc9faf3a47401dde45f53dc99675428d51900bc5c,HECHOS,A-CE,2016.0,0.0,1.0,1.0,0.0758,0,0.7586,0.0,0.6492553396973341,0.2267292724887857,0.1960894209504466,,3482,27,2,0,0,2.302,False,0.2121316194534301,0.2303980588912964,0.2121316194534301,0.2303980588912964,A,0.615440636199528,0.36921117690364136,0.375536481290374,0.5129939982430295,0.3593875749757337,0.5319671901989971,0.4686209123480426
86c58e3302ae7ea2eead8d7cc9faf3a47401dde45f53dc99675428d51900bc5c,DECISIÓN,A-CE,2016.0,0.0,0.605,0.9931,0.0,0,0.7586,0.0,0.6308789319335462,0.2849581298246033,0.2911276741902243,,974,5,0,0,0,0.729,False,0.1792446374893188,0.2010735273361206,0.1792446374893188,0.2010735273361206,A,0.23572008159930743,0.3133564794428533,0.375536481290374,0.3177493313725587,0.2068556282639982,0.37951585197764404,0.3558152152358337
86c58e3302ae7ea2eead8d7cc9faf3a47401dde45f53dc99675428d51900bc5c,HECHOS,A-CE,2016.0,0.0,1.0,0.9916,0.0,0,0.7586,0.0,0.6492553396973341,0.2267292724887857,0.1960894209504466,,798,5,0,0,0,0.696,False,0.2121316194534301,0.2303980588912964,0.2121316194534301,0.2303980588912964,A,0.615440636199528,0.3133564794428533,0.375536481290374,0.5129939982430295,0.3593875749757337,0.5124180460877212,0.4546572379828455
86c58e3302ae7ea2eead8d7cc9faf3a47401dde45f53dc99675428d51900bc5c,HECHOS,A-CE,2016.0,0.0,1.0,0.9859,0.1667,0,0.7586,0.0,0.6492553396973341,0.2267292724887857,0.1960894209504466,,1161,5,1,0,0,0.821,False,0.2121316194534301,0.2303980588912964,0.2121316194534301,0.2303980588912964,A,0.615440636199528,0.4409879157271208,0.375536481290374,0.5129939982430295,0.3593875749757337,0.5570890487872149,0.4865650970539125
86c58e3302ae7ea2eead8d7cc9faf3a47401dde45f53dc99675428d51900bc5c,DECISIÓN,A-CE,2016.0,0.0,0.7579,0.9658,0.0535,0,0.7586,0.0,0.6308789319335462,0.2849581298246033,0.2911276741902243,,8000,31,2,0,0,3.765,False,0.1792446374893188,0.2010735273361206,0.1792446374893188,0.2010735273361206,A,0.3684350562925897,0.35232861068863414,0.375536481290374,0.3177493313725587,0.2068556282639982,0.4396063390563161,0.3655582480472789
8752ccb0cdc41f4410d175d187441eeb28c268ec06a4a1d6edab09f54a1af209,CONSIDERACIONES,A-CSJ,2014.0,0.0,1.0,0.9896,0.1216,1,0.6897,0.0,0.7041135871809261,0.2639566743601367,0.2473140008668336,,8000,43,3,0,0,3.178,False,0.2091876864433288,0.2497239112854004,0.2091876864433288,0.2497239112854004,A,0.615440636199528,0.4048663844404398,0.375536481290374,0.49473298850104425,0.48170087153216645,0.5444465128368765,0.4956060201338339
8906a05addaf736749502cacb8b12f59bc933e440a4d76c2eb1b3bcafe596c8e,HECHOS,A-CSJ,2015.0,0.0,1.0,0.9885,0.6218,1,0.7241,0.0,0.7119108631233975,0.2508349095105009,0.2600479182094286,,8000,40,10,0,0,2.624,False,0.1352063417434692,0.1861335039138794,0.1352063417434692,0.1861335039138794,A,0.615440636199528,0.7785195979941163,0.375536481290374,0.13505463714469337,0.1500486299425756,0.6752251375806633,0.39680145222961205
8906a05addaf736749502cacb8b12f59bc933e440a4d76c2eb1b3bcafe596c8e,DECISIÓN,A-CSJ,2015.0,0.0,0.78,0.9895,0.3333,1,0.7241,0.0,0.680440842041624,0.2428285197955648,0.2617756554125034,,949,3,1,0,0,0.537,False,0.1846380233764648,0.238581895828247,0.1846380233764648,0.238581895828247,A,0.3901185231462347,0.5768457789978932,0.375536481290374,0.3474442660787033,0.4099286728080931,0.5257765613633325,0.47269537618056323
8990f6200a9b0a5ada173d372c086d8b65a827580dc9f9b3191c06e89b1d8d90,HECHOS,A-CE,2018.0,0.0,1.0,0.987,0.8019,0,0.8276,0.9722,0.7029929026477794,0.2459316833724238,0.2325102826742499,,3846,19,5,4,0,1.324,False,0.1192628145217895,0.1730333566665649,0.1192628145217895,0.1730333566665649,A,0.615440636199528,0.8639363134245357,0.9931021498469597,0.09512191304047025,0.11141212298806695,0.5198512874143344,0.27293874254851996
8990f6200a9b0a5ada173d372c086d8b65a827580dc9f9b3191c06e89b1d8d90,CONSIDERACIONES,A-CE,2018.0,0.0,1.0,0.9915,0.0707,0,0.8276,0.6667,0.710307244912513,0.2655542312989082,0.2251150164645177,,8000,36,2,10,0,2.885,False,0.2163390517234802,0.2427953481674194,0.2163390517234802,0.2427953481674194,A,0.615440636199528,0.36532005639671034,0.9626080067216181,0.539020286333655,0.4367889560312943,0.354483840392198,0.37482330417789206
8990f6200a9b0a5ada173d372c086d8b65a827580dc9f9b3191c06e89b1d8d90,DECISIÓN,A-CE,2018.0,0.0,0.65,0.9928,0.0,0,0.8276,0.0,0.660057080746234,0.2297698727286921,0.2586474246683617,,755,3,0,0,0,0.518,False,0.2044156193733215,0.2371832728385925,0.2044156193733215,0.2371832728385925,A,0.27116699167845204,0.3133564794428533,0.375536481290374,0.46518337426766976,0.4011219533085314,0.39192227050534467,0.44627039525802925
89cb54f99680da083d373debac1aeb54dc3affc716a2288b666fd5a08338bf1f,CONSIDERACIONES,A-CE,,0.0,1.0,0.9958,0.0,0,0.5,0.0,0.6956751688732619,0.2564012946332724,0.224845416362483,,8000,49,0,0,0,2.705,False,0.2011235356330871,0.2627018094062805,0.2011235356330871,0.2627018094062805,A,0.615440636199528,0.3133564794428533,0.375536481290374,0.4449272328136949,0.566050547371952,0.5124180460877212,0.4721664645618221
89cb54f99680da083d373debac1aeb54dc3affc716a2288b666fd5a08338bf1f,DECISIÓN,A-CE,,0.0,0.8625,0.9958,0.0,0,0.5,0.0,0.6690476453758859,0.2320715054571562,0.2210741621787038,,1216,3,0,0,0,0.589,False,0.2464412450790405,0.2699806094169616,0.2464412450790405,0.2699806094169616,A,0.47429302387627825,0.3133564794428533,0.375536481290374,0.7116505750576899,0.6120360141561982,0.4630163817745838,0.5747167277040696
8a736052e4150c4e698e250243995ae46f07a05414d0853fe17d183e6fca8124,CONSIDERACIONES,A-CE,2007.0,0.0,1.0,0.9889,0.0467,0,0.4483,0.179,0.698315899459005,0.2527260318801223,0.2420807065350768,,8000,39,1,2,0,2.513,False,0.1768550276756286,0.1945653557777404,0.1768550276756286,0.1945653557777404,A,0.615440636199528,0.3472508767632858,0.6224812963956049,0.30503503494250217,0.18034992402753255,0.45019764061830336,0.30514870694708274
8a736052e4150c4e698e250243995ae46f07a05414d0853fe17d183e6fca8124,HECHOS,A-CE,2007.0,0.0,1.0,0.9818,1.0,0,0.4483,0.0,0.7178384547878508,0.2478762731298434,0.2573931647344101,,3429,15,8,0,0,1.248,False,0.2420298457145691,0.2835963368415832,0.2420298457145691,0.2835963368415832,A,0.615440636199528,0.924056999575638,0.375536481290374,0.6886768889076739,0.6924340252166791,0.7261632281341959,0.7354306697968563
8a736052e4150c4e698e250243995ae46f07a05414d0853fe17d183e6fca8124,CONSIDERACIONES,A-CE,2007.0,0.0,1.0,0.9807,0.6012,0,0.4483,0.4375,0.698315899459005,0.2527260318801223,0.2420807065350768,,8000,46,11,6,0,2.579,False,0.1768550276756286,0.1945653557777404,0.1768550276756286,0.1945653557777404,A,0.615440636199528,0.7666381760270778,0.8761744527594832,0.30503503494250217,0.18034992402753255,0.520875248451467,0.3592569004902551
8a736052e4150c4e698e250243995ae46f07a05414d0853fe17d183e6fca8124,DECISIÓN,A-CE,2007.0,0.0,0.0,0.9942,0.0,0,0.4483,0.0,0.6215952820894555,0.2346615356756599,0.2344983786237715,,208,0,0,0,0,0.281,False,0.1784879565238952,0.1785118579864502,0.1784879565238952,0.1785118579864502,A,0.024169707443500377,0.3133564794428533,0.375536481290374,0.3136926017967609,0.12638597185377945,0.3054732210231116,0.33830142860226076
8a736052e4150c4e698e250243995ae46f07a05414d0853fe17d183e6fca8124,DECISIÓN,A-CE,2007.0,0.0,1.0,0.982,0.0,0,0.4483,0.0,0.6215952820894555,0.2346615356756599,0.2344983786237715,,3989,19,0,0,0,1.248,False,0.1784879565238952,0.1785118579864502,0.1784879565238952,0.1785118579864502,A,0.615440636199528,0.3133564794428533,0.375536481290374,0.3136926017967609,0.12638597185377945,0.5124180460877212,0.33830142860226076
8ae9435d3ce088671ec30f8b3ddf3ee9c76c2472047128b8d2ffd5cb62e4558c,CONSIDERACIONES,A-CE,,0.0,1.0,0.981,0.3529,0,0.5,0.0392,0.7040463532439917,0.255212502209476,0.2344509159992734,,8000,45,12,1,0,2.837,False,0.1808246970176696,0.2377470135688781,0.1808246970176696,0.2377470135688781,A,0.615440636199528,0.5924710970993388,0.42857859998945574,0.3263096867620748,0.40466432964931204,0.5941955266577665,0.4575433105735321
8ae9435d3ce088671ec30f8b3ddf3ee9c76c2472047128b8d2ffd5cb62e4558c,CONSIDERACIONES,A-CE,,0.0,1.0,0.9879,0.2381,0,0.5,0.4464,0.7040463532439917,0.255212502209476,0.2344509159992734,,8000,49,4,6,0,2.438,False,0.1808246970176696,0.2377470135688781,0.1808246970176696,0.2377470135688781,A,0.615440636199528,0.4993178674343273,0.8815135032583821,0.3263096867620748,0.40466432964931204,0.42571142529433476,0.343668022503494
8ae9435d3ce088671ec30f8b3ddf3ee9c76c2472047128b8d2ffd5cb62e4558c,DECISIÓN,A-CE,,0.0,1.0,0.9824,0.0,0,0.5,0.3472,0.7007210998008566,0.2342734394601788,0.2526757404996568,,8000,32,0,6,0,2.464,False,0.1568967700004577,0.1974702477455139,0.1568967700004577,0.1974702477455139,A,0.615440636199528,0.3133564794428533,0.8096701454838594,0.21103164362907156,0.191839384788548,0.38217794682967565,0.2286340429918261
8f8692086f524ad275c52bec2ca4c66f76e438376c6420999f3cb7053a110801,CONSIDERACIONES,A-CSJ,2016.0,0.0,1.0,0.9992,0.4476,0,0.7586,0.1714,0.7163103522609359,0.2876109354693996,0.2250088999743698,,8000,59,10,3,0,2.968,False,0.2035070061683654,0.2321916222572326,0.2035070061683654,0.2321916222572326,A,0.615440636199528,0.6648794395942674,0.612366088967074,0.459578317482754,0.370242856150828,0.5644021998377062,0.47864762445428155
8f8692086f524ad275c52bec2ca4c66f76e438376c6420999f3cb7053a110801,DECISIÓN,A-CSJ,2016.0,0.0,0.8667,0.9929,0.0,0,0.7586,0.0,0.6485893542349218,0.1905506694788601,0.2256110670365895,,738,4,0,0,0,0.466,False,0.2106513977050781,0.2627240419387817,0.2106513977050781,0.2627240419387817,A,0.4786601584403959,0.3133564794428533,0.375536481290374,0.503813569789032,0.5661931876445389,0.464544878872025,0.49280521055770743
8fb4a679e739d9a79ee3887fa1e924fb4069b8ffec3ed0b7dac5a7f4d5620eef,CONSIDERACIONES,A-CE,2012.0,0.0,1.0,0.9909,0.1768,0,0.6207,0.0606,0.7086217618232046,0.292393712761285,0.2623301100754254,,8000,49,5,1,0,2.555,False,0.2803404927253723,0.3361907005310058,0.2803404927253723,0.3361907005310058,A,0.615440636199528,0.4491779545356554,0.4583299077516303,0.8512775466238106,0.8989212573184401,0.5351175344318251,0.6983598998656095
8fb4a679e739d9a79ee3887fa1e924fb4069b8ffec3ed0b7dac5a7f4d5620eef,DECISIÓN,A-CE,2012.0,0.0,1.0,0.9919,0.25,0,0.6207,0.0,0.7015547144564039,0.2604924055855345,0.2494627744592262,,4690,24,3,0,0,1.591,False,0.1710236072540283,0.2237078547477722,0.1710236072540283,0.2237078547477722,A,0.615440636199528,0.5090845790484423,0.375536481290374,0.2752499800487698,0.32021752792481767,0.5809228809496774,0.41254484710606876
8fba60217966df3ec043a7fd65d4509b371017b946ec07becd8b7c2b074c642d,DECISIÓN,A-CSJ,2017.0,0.0,1.0,0.995,0.0,1,0.7931,0.0,0.6743732270288137,0.2725258533107833,0.2995208843782693,,847,6,0,0,0,0.544,False,0.2139756083488464,0.2536135911941528,0.2139756083488464,0.2536135911941528,A,0.615440636199528,0.3133564794428533,0.375536481290374,0.5244175746746295,0.5070919671036472,0.5124180460877212,0.4881963681594882
8fd4f9a0479eb2822f111de0527f3eadd09b7d063e8ca086d57071413a8d74c3,CONSIDERACIONES,A-CE,2015.0,0.0,1.0,0.9798,0.125,0,0.7241,0.15,0.7144976842149353,0.2773313849364194,0.2678235202122451,,8000,58,3,3,0,2.595,False,0.1753115057945251,0.2230774760246276,0.1753115057945251,0.2230774760246276,A,0.615440636199528,0.4075589602171523,0.5833848065547343,0.29697619418940274,0.3166439878954227,0.48303441677941783,0.3524832442887167
8fd4f9a0479eb2822f111de0527f3eadd09b7d063e8ca086d57071413a8d74c3,CONSIDERACIONES,A-CE,2015.0,0.0,1.0,0.9867,0.3472,0,0.7241,0.5208,0.7144976842149353,0.2773313849364194,0.2678235202122451,,8000,48,5,6,0,2.202,False,0.1753115057945251,0.2230774760246276,0.1753115057945251,0.2230774760246276,A,0.615440636199528,0.5879447710180051,0.9187938717629852,0.29697619418940274,0.3166439878954227,0.445546730997241,0.33049788394727975
8fd4f9a0479eb2822f111de0527f3eadd09b7d063e8ca086d57071413a8d74c3,DECISIÓN,A-CE,2015.0,0.0,0.0,0.9961,0.0,0,0.7241,0.0,0.6500888167620568,0.2588028187642881,0.2349043493911111,,433,0,0,0,0,0.383,False,0.2059770822525024,0.2365190386772155,0.2059770822525024,0.2365190386772155,A,0.024169707443500377,0.3133564794428533,0.375536481290374,0.4748355168876187,0.39696135021649365,0.3054732210231116,0.4488165245566038
920842d40706ca51069ab8d6f53c8a8e6771c35d835a6d248acd36a8b8c213a1,HECHOS,A-CSJ,2014.0,0.0,1.0,0.9821,0.5296,1,0.6897,0.0,0.7130410619933791,0.2465853398366804,0.2196494385077012,,6896,39,12,0,0,2.408,False,0.2247053384780883,0.2491568922996521,0.2247053384780883,0.2491568922996521,A,0.615440636199528,0.7219877653018532,0.375536481290374,0.5900123928201678,0.4780042463091884,0.6554389961383712,0.6074948318162849
920842d40706ca51069ab8d6f53c8a8e6771c35d835a6d248acd36a8b8c213a1,CONSIDERACIONES,A-CSJ,2014.0,0.0,1.0,0.9898,0.5648,1,0.6897,0.0,0.7168373004677723,0.2571301163476385,0.2279789382282127,,4478,36,7,0,0,1.314,False,0.2114689350128173,0.2811467051506042,0.2114689350128173,0.2811467051506042,A,0.615440636199528,0.7445805570998091,0.375536481290374,0.5088847017485874,0.6786421401983807,0.6633464732676557,0.6248759166685591
920842d40706ca51069ab8d6f53c8a8e6771c35d835a6d248acd36a8b8c213a1,DECISIÓN,A-CSJ,2014.0,0.0,0.975,0.9861,0.0,1,0.6897,0.0,0.6896618059070039,0.31195083476031,0.327753848652354,,900,3,0,0,0,0.376,False,0.1778043508529663,0.2359675765037536,0.1778043508529663,0.2359675765037536,A,0.5904992427032943,0.3133564794428533,0.375536481290374,0.3100519524150665,0.3935183818199674,0.5036885583640395,0.3904536833119052
92de0775e7d0c941c3b6515b3be1b07a475e79d72a354ced155181a5dee095c0,DECISIÓN,A-CE,,0.0,0.7429,0.9846,0.1458,0,0.5,0.0,0.649839272666273,0.2129674164992729,0.2066141067925354,,1514,4,1,0,0,0.69,False,0.1990234851837158,0.2474677562713623,0.1990234851837158,0.2474677562713623,A,0.35400911036211175,0.42414662897085864,0.375536481290374,0.4320963352546362,0.467007929383128,0.45969356437942743,0.4755646642003881
93089bb3d1b4f92da4b789c3ca93cb9b39af3fca771aa75e1d3ff353865fcfb5,CONSIDERACIONES,A-CSJ,2014.0,0.0,1.0,0.9904,0.1389,0,0.6897,0.1719,0.7152461586118154,0.2627551589316952,0.2041629856210426,,8000,67,2,2,0,2.526,False,0.1918444037437439,0.2251433730125427,0.1918444037437439,0.2251433730125427,A,0.615440636199528,0.4186230738453443,0.6130346550224761,0.3890139229789627,0.3284340047839287,0.4780119020089625,0.3838905114562635
93089bb3d1b4f92da4b789c3ca93cb9b39af3fca771aa75e1d3ff353865fcfb5,DECISIÓN,A-CSJ,2014.0,0.0,0.2167,0.993,0.0,0,0.6897,0.0,0.6807786212523549,0.2241425390316529,0.2541388043055861,,720,1,0,0,0,0.505,False,0.2549341917037964,0.2699810862541199,0.2549341917037964,0.2699810862541199,A,0.05760093327087432,0.3133564794428533,0.375536481290374,0.7529065710491114,0.6120389715789551,0.31717415006269245,0.5891569177856185
93cd493c18bc96eb20978618b5304ceca79b12d45c7ca57e3e31244aca9042e8,CONSIDERACIONES,A-CE,,0.0,1.0,0.9906,0.1094,0,0.5,0.0625,0.704172130566206,0.299545161178731,0.2479737747771917,,8000,51,3,1,0,2.546,False,0.1902186870574951,0.2383132576942443,0.1902186870574951,0.2383132576942443,A,0.615440636199528,0.39525286830189954,0.460989012686042,0.3794689761189391,0.40823246198939883,0.5154460227696871,0.4210760485777749
93cd493c18bc96eb20978618b5304ceca79b12d45c7ca57e3e31244aca9042e8,HECHOS,A-CE,,0.0,1.0,0.9892,0.45,0,0.5,0.1875,0.712704259668239,0.2503519839913239,0.2240740130063314,,4310,32,3,1,0,1.533,False,0.2280302047729492,0.2794346809387207,0.2280302047729492,0.2794346809387207,A,0.615440636199528,0.6666328959744321,0.6336689774238463,0.6098130277330926,0.6688127728420411,0.5586250430337322,0.5871215427838293
93cd493c18bc96eb20978618b5304ceca79b12d45c7ca57e3e31244aca9042e8,DECISIÓN,A-CE,,0.0,1.0,1.0,0.0,0,0.5,0.0,0.647055788133881,0.2322215752179985,0.2294153708937836,,211,3,0,0,0,0.251,False,0.2588635087013244,0.3248355984687805,0.2588635087013244,0.3248355984687805,A,0.615440636199528,0.3133564794428533,0.375536481290374,0.7705968482312445,0.8686070881119737,0.5124180460877212,0.6466621381059688
93cd493c18bc96eb20978618b5304ceca79b12d45c7ca57e3e31244aca9042e8,DECISIÓN,A-CE,,0.0,0.8065,0.9827,0.1047,0,0.5,0.0436,0.647055788133881,0.2322215752179985,0.2294153708937836,,8000,26,3,1,0,2.822,False,0.2588635087013244,0.3248355984687805,0.2588635087013244,0.3248355984687805,A,0.41669621365268933,0.39157037003929995,0.4346608779696135,0.7705968482312445,0.8686070881119737,0.4524950409013122,0.6543907314192327
940bc8b01846705133a120996b65765ba0f8f12338c1692b6ad6d8f9441806ce,CONSIDERACIONES,A-CSJ,2019.0,0.0,1.0,0.9953,0.6667,0,0.8621,0.129,0.7085925929333311,0.2623169794527522,0.2120958453730328,,8000,46,13,2,0,2.3,False,0.149911344051361,0.18710458278656,0.149911344051361,0.18710458278656,A,0.615440636199528,0.8028936184467005,0.5543723988996064,0.18361150876649898,0.15331228951032377,0.630105269456298,0.3847754108020932
940bc8b01846705133a120996b65765ba0f8f12338c1692b6ad6d8f9441806ce,DECISIÓN,A-CSJ,2019.0,0.0,0.78,0.9867,0.0,0,0.8621,0.0,0.668731952025465,0.2412649594871865,0.2669626676652751,,955,3,0,0,0,0.465,False,0.1720160245895385,0.2239472866058349,0.1720160245895385,0.2239472866058349,A,0.3901185231462347,0.3133564794428533,0.375536481290374,0.28019000819349504,0.3215804144366785,0.4335553065190686,0.3656144093576975
9426d4a89f8bc30287b86044775d154b3762c6de46acbfde7a153db3d4b73faf,CONSIDERACIONES,A-CSJ,2014.0,0.0,1.0,0.9939,0.5417,1,0.6897,0.0,0.7019358838062286,0.2929180238039814,0.2410549272485134,,8000,84,9,0,0,3.178,False,0.2070145606994629,0.2464202046394348,0.2070145606994629,0.2464202046394348,A,0.615440636199528,0.7298911862193723,0.375536481290374,0.4812595263015572,0.4602037300446764,0.6582051934595029,0.5678470805112485
9426d4a89f8bc30287b86044775d154b3762c6de46acbfde7a153db3d4b73faf,DECISIÓN,A-CSJ,2014.0,0.0,0.975,0.9902,0.0,1,0.6897,0.0,0.6557292716013641,0.2493632192028857,0.2727990130972414,,473,3,0,0,0,0.534,False,0.2500399947166443,0.3048614859580993,0.2500399947166443,0.3048614859580993,A,0.5904992427032943,0.3133564794428533,0.375536481290374,0.7296249226759999,0.7968905041928237,0.5036885583640395,0.6179786473778032
9561dc53d21bcaf102790c09b71146e8cc16fdbdd3cf0bfe0cdcbff00e8b09c9,HECHOS,A-CSJ,2015.0,0.0,1.0,0.9876,1.0,1,0.7241,0.0,0.6989205901394816,0.2294836044310846,0.2415099709233439,,1377,11,5,0,0,0.714,False,0.2321151494979858,0.2686864733695984,0.2321151494979858,0.2686864733695984,A,0.615440636199528,0.924056999575638,0.375536481290374,0.6336478161379517,0.6039798146147085,0.7261632281341959,0.6984796522070595
9561dc53d21bcaf102790c09b71146e8cc16fdbdd3cf0bfe0cdcbff00e8b09c9,CONSIDERACIONES,A-CSJ,2015.0,0.0,1.0,0.9942,0.2464,1,0.7241,0.0,0.7178561463487527,0.2809243117069924,0.2407228214671022,,8000,83,4,0,0,1.831,False,0.2317333817481994,0.2635508179664612,0.2317333817481994,0.2635508179664612,A,0.615440636199528,0.5061303336490818,0.375536481290374,0.6314457820657609,0.5714896659049705,0.5798888950599012,0.586729244058206
9561dc53d21bcaf102790c09b71146e8cc16fdbdd3cf0bfe0cdcbff00e8b09c9,DECISIÓN,A-CSJ,2015.0,0.0,0.4333,0.9904,0.0,1,0.7241,0.0,0.6462130555464435,0.2191753892123799,0.2490587119149708,,499,2,0,0,0,0.254,False,0.2851084470748901,0.2980994582176208,0.2851084470748901,0.2980994582176208,A,0.13101564848505567,0.3133564794428533,0.375536481290374,0.8656436507550608,0.7668031079580029,0.34286930038765595,0.6595677229585103
963ef8d22e1d958870fdee61513d27ae7e891c41e0433382fa726ef4e439a5bd,CONSIDERACIONES,A-CE,,0.0,1.0,0.9971,0.0,0,0.5,0.0,0.685529924525697,0.2730396736242446,0.2387431832416349,,8000,42,0,0,0,1.732,False,0.1748692393302917,0.2255797982215881,0.1748692393302917,0.2255797982215881,A,0.615440636199528,0.3133564794428533,0.375536481290374,0.294689880720845,0.3309532339401039,0.5124180460877212,0.37256392864295507
963ef8d22e1d958870fdee61513d27ae7e891c41e0433382fa726ef4e439a5bd,DECISIÓN,A-CE,,0.0,1.0,0.9834,0.0,0,0.5,0.3516,0.6891547888006417,0.2232528459697759,0.2211065116303104,,4778,22,0,3,0,1.067,False,0.1653279662132263,0.2299771308898925,0.1653279662132263,0.2299771308898925,A,0.615440636199528,0.3133564794428533,0.8134615766078893,0.24796600048617937,0.3568602184960246,0.38104051749246665,0.27380694840850317
997f40b40ded4430488de9198fbd19d08afd3c5143686164ac835f285bcd62f9,CONSIDERACIONES,A-CE,2018.0,0.0,1.0,0.9968,0.6667,0,0.8276,0.2404,0.6867015553024607,0.2553948452076469,0.2138608687088139,,8000,42,11,3,0,1.719,False,0.203715980052948,0.2640262842178345,0.203715980052948,0.2640262842178345,A,0.615440636199528,0.8028936184467005,0.6997422379877924,0.460866583254797,0.574528268601633,0.5864943177298422,0.5369839148736222
997f40b40ded4430488de9198fbd19d08afd3c5143686164ac835f285bcd62f9,DECISIÓN,A-CE,2018.0,0.0,1.0,0.9933,0.0,0,0.8276,0.0,0.6822859492308792,0.265640345867126,0.2948041313478184,,764,5,0,0,0,0.296,False,0.2448992729187011,0.2846394181251526,0.2448992729187011,0.2846394181251526,A,0.615440636199528,0.3133564794428533,0.375536481290374,0.7037351958652883,0.6982058430748448,0.5124180460877212,0.5891803107704584
9b9937638e2e24088512bafdd6f48b8d3eb6da87804ae5e6e98047bf4ca74738,DECISIÓN,A-CE,2011.0,0.0,0.0,0.9908,0.0,0,0.5862,0.0,0.6388931303219958,0.2215764983635981,0.2430359309446648,,208,0,0,0,0,0.188,False,0.1781604290008545,0.2522839903831482,0.1781604290008545,0.2522839903831482,A,0.024169707443500377,0.3133564794428533,0.375536481290374,0.3119454030781602,0.4984101075995572,0.3054732210231116,0.412094736199906
9b9937638e2e24088512bafdd6f48b8d3eb6da87804ae5e6e98047bf4ca74738,DECISIÓN,A-CE,2011.0,0.0,1.0,0.9794,0.0,0,0.5862,0.0,0.6388931303219958,0.2215764983635981,0.2430359309446648,,1412,11,0,0,0,0.443,False,0.1781604290008545,0.2522839903831482,0.1781604290008545,0.2522839903831482,A,0.615440636199528,0.3133564794428533,0.375536481290374,0.3119454030781602,0.4984101075995572,0.5124180460877212,0.412094736199906
9c24fba0ba7a0a467bb75139eff9e69009f8d52e33c3d021d56b9c3935c5b8a0,HECHOS,A-CSJ,2014.0,0.0,1.0,0.9883,1.0,1,0.6897,0.0,0.661435119215578,0.1746578844052517,0.2024361710821345,,418,4,2,0,0,0.242,False,0.2271273136138916,0.3019030690193176,0.2271273136138916,0.3019030690193176,A,0.615440636199528,0.924056999575638,0.375536481290374,0.6044687671811839,0.7840960329198451,0.7261632281341959,0.724290228733218
9c24fba0ba7a0a467bb75139eff9e69009f8d52e33c3d021d56b9c3935c5b8a0,DECISIÓN,A-CSJ,2014.0,0.0,0.7222,0.9848,0.0,1,0.6897,0.0,0.7060946239857304,0.2954989174787374,0.3045427733887835,,1604,5,0,0,0,0.498,False,0.2411091923713684,0.2921991944313049,0.2411091923713684,0.2921991944313049,A,0.3345339548269462,0.3133564794428533,0.375536481290374,0.683757498759088,0.7381221610053867,0.41410070760731765,0.5901713803693966
9c9810687ab3fcab9c3908a87bf3cf377dac6622ba2172f816c887f209a47a85,HECHOS,A-CE,2009.0,0.0,1.0,0.9806,0.6979,0,0.5172,0.1406,0.7127668397975615,0.2420422193278967,0.242435263138442,,3189,18,8,1,0,1.069,False,0.1415761709213256,0.1997233629226684,0.1415761709213256,0.1997233629226684,A,0.615440636199528,0.8186037806697762,0.5704572138835694,0.15460722181384826,0.20112937607635376,0.6307783817391857,0.3848979052408478
9c9810687ab3fcab9c3908a87bf3cf377dac6622ba2172f816c887f209a47a85,CONSIDERACIONES,A-CE,2009.0,0.0,1.0,0.9788,0.7382,0,0.5172,0.0,0.7113239520196182,0.2695207615770415,0.2577535724423537,,8000,47,16,0,0,1.966,False,0.2048836350440979,0.2404719591140747,0.2048836350440979,0.2404719591140747,A,0.615440636199528,0.8374304147223397,0.375536481290374,0.4680739964338659,0.42192122414935895,0.6958439234355415,0.5824604510042349
9c9810687ab3fcab9c3908a87bf3cf377dac6622ba2172f816c887f209a47a85,DECISIÓN,A-CE,2009.0,0.0,1.0,0.9859,0.0,0,0.5172,0.1076,0.706624362818295,0.2443864451363541,0.256693351041273,,8000,29,0,1,0,1.885,False,0.1874274015426635,0.2473481297492981,0.1874274015426635,0.2473481297492981,A,0.615440636199528,0.3133564794428533,0.5244225809218734,0.36329964385718205,0.4662302458704915,0.46775221619827145,0.39385552820045067
9e1ad91a57791069a3aacdd92fe196c4b156e4412cb6506fe88daa37e0435898,CONSIDERACIONES,A-CE,,0.0,1.0,0.9832,0.4375,0,0.5,0.2172,0.7088508295430657,0.2690086305517423,0.26770974294901,,8000,51,9,3,0,1.712,False,0.2105736136436462,0.2666345238685608,0.2105736136436462,0.2666345238685608,A,0.615440636199528,0.6574507492532049,0.6715807263439267,0.5033310229179906,0.5910912508342546,0.5440377670052785,0.5244306502326636
9e1ad91a57791069a3aacdd92fe196c4b156e4412cb6506fe88daa37e0435898,DECISIÓN,A-CE,,0.0,1.0,0.9946,0.0,0,0.5,0.0,0.6341394248081024,0.2461720825812962,0.2124932967742666,,210,3,0,0,0,0.197,False,0.2023048996925354,0.2402733564376831,0.2023048996925354,0.2402733564376831,A,0.615440636199528,0.3133564794428533,0.375536481290374,0.4521786743370331,0.4206564814368671,0.5124180460877212,0.44562565590797354
9e1ad91a57791069a3aacdd92fe196c4b156e4412cb6506fe88daa37e0435898,DECISIÓN,A-CE,,0.0,0.7429,0.9971,0.0,0,0.5,0.3536,0.6341394248081024,0.2461720825812962,0.2124932967742666,,2478,4,0,1,0,0.58,False,0.2023048996925354,0.2402733564376831,0.2023048996925354,0.2402733564376831,A,0.35400911036211175,0.3133564794428533,0.8151656113966604,0.4521786743370331,0.4206564814368671,0.2890282730127396,0.3576998298867163
9e69f9bcbc95fe0c00686016656675db8d2e37618a5e300da4c3e69abb6862b5,DECISIÓN,A-CE,,0.0,1.0,0.9863,0.4048,0,0.5,0.1429,0.6770430974010754,0.2067513469903246,0.1987991866008478,,8000,61,4,1,0,1.651,False,0.1423847675323486,0.1932757496833801,0.1423847675323486,0.1932757496833801,A,0.615440636199528,0.6328799070902208,0.573629950787171,0.15724815292754699,0.17542402796086426,0.5648232049152607,0.3336156457319353
a07146779a6dd7563c38d4d92557bcf296a2e1f4880ecb2afc600eaabd149cc4,HECHOS,A-CE,2011.0,0.0,1.0,0.9835,0.35,0,0.5862,0.1364,0.7183134338529841,0.2456388228112273,0.2369301913568058,,8000,28,8,2,0,1.934,False,0.2189452052116394,0.2677973508834839,0.2189452052116394,0.2677973508834839,A,0.615440636199528,0.5901701389639277,0.5646487346493403,0.555044341366062,0.5984117108012382,0.5525691509124073,0.5485606494494831
a07146779a6dd7563c38d4d92557bcf296a2e1f4880ecb2afc600eaabd149cc4,DECISIÓN,A-CE,2011.0,0.0,0.2167,0.9982,0.0,0,0.5862,0.0,0.6747209139739022,0.2167139348468451,0.2430377035235307,,1446,1,0,0,0,0.467,False,0.1991513967514038,0.2410056591033935,0.1991513967514038,0.2410056591033935,A,0.05760093327087432,0.3133564794428533,0.375536481290374,0.4328754284528746,0.4253249693920165,0.31717415006269245,0.43980321743954787
a0a90e425086749aacc5bab3bc31d4423819c5a108493762a4c6e0a775ef2db8,DECISIÓN,A-CE,,0.0,0.0,0.9965,0.0,0,0.5,0.0,0.6473659901168675,0.2781924350742297,0.2498310052169303,,493,0,0,0,0,0.254,False,0.1903730034828186,0.2254989743232727,0.1903730034828186,0.2254989743232727,A,0.024169707443500377,0.3133564794428533,0.375536481290374,0.3803711349117658,0.3304859473601933,0.3054732210231116,0.4024589102937952
a2a0d6158d9ba6d940b159206ba839a94952bbc292c766adcc4f96ee6eb1e619,CONSIDERACIONES,A-CE,2005.0,0.0,1.0,0.9923,0.9091,0,0.3793,0.0,0.703193289280265,0.239591855964785,0.1940409841921009,,8000,102,12,0,0,1.924,False,0.1690243482589721,0.1994698047637939,0.1690243482589721,0.1994698047637939,A,0.615440636199528,0.9002802138786344,0.375536481290374,0.26546383335750773,0.2000673267213491,0.7178413531402447,0.48288856423098137
a2a0d6158d9ba6d940b159206ba839a94952bbc292c766adcc4f96ee6eb1e619,DECISIÓN,A-CE,2005.0,0.0,1.0,0.9925,0.0,0,0.3793,0.3214,0.6709530034700746,0.2199256706954235,0.2390125305846145,,1271,9,0,1,0,0.388,False,0.1477601528167724,0.1982010006904602,0.1477601528167724,0.1982010006904602,A,0.615440636199528,0.3133564794428533,0.786253786166372,0.17574410443720637,0.19481605247198777,0.3892028546249219,0.22156200967485873
a378f835f8de9d90f4756e60a7e446c8213a464ad089d6b857ba7c3bb42ab28b,DECISIÓN,A-CSJ,2013.0,0.0,0.7562,0.9887,0.0,1,0.6552,0.2812,0.6801914832462307,0.2206529230911909,0.2403528791843555,,1514,5,0,1,0,0.457,False,0.2130161523818969,0.2465704679489135,0.2130161523818969,0.2465704679489135,A,0.3667876764079215,0.3133564794428533,0.7457307601513912,0.5184761417314223,0.4611788898250272,0.3143312265023538,0.4028953954014383
a401074525a27dc4a93c39854280d25f848543a9ea8ac2dd111bc9367214ae09,CONSIDERACIONES,A-CE,2017.0,0.0,1.0,0.9942,0.4762,0,0.7931,0.0893,0.7094278775847658,0.257933293668517,0.1977536806455399,,8000,68,6,1,0,1.756,False,0.2000654339790344,0.2473009824752807,0.2000654339790344,0.2473009824752807,A,0.615440636199528,0.6854681615705052,0.4986627849813243,0.4384521564628192,0.4659237896707311,0.6057192437251143,0.5182774960924943
a401074525a27dc4a93c39854280d25f848543a9ea8ac2dd111bc9367214ae09,DECISIÓN,A-CE,2017.0,0.0,0.8667,0.9938,0.0,0,0.7931,0.0,0.6612131227756309,0.213960639589815,0.2527054076447156,,971,6,0,0,0,0.365,False,0.1813793182373047,0.2227203249931335,0.1813793182373047,0.2227203249931335,A,0.4786601584403959,0.3133564794428533,0.375536481290374,0.3293425331867176,0.31462887055580835,0.464544878872025,0.3814274843291513
a456317fa574c28c6c4769075f52e15ac20aca86e9fb6e37a29b6f610ab681fb,CONSIDERACIONES,A-CE,2017.0,0.0,1.0,0.9923,0.8696,0,0.7931,0.0,0.7058477851419868,0.239616094829685,0.1953543421998026,,8000,102,12,0,0,1.778,False,0.1565871834754943,0.1954635381698608,0.1565871834754943,0.1954635381698608,A,0.615440636199528,0.8880179137752008,0.375536481290374,0.20975533684228231,0.18384400997274358,0.7135495481040428,0.4570803520750729
a456317fa574c28c6c4769075f52e15ac20aca86e9fb6e37a29b6f610ab681fb,DECISIÓN,A-CE,2017.0,0.0,1.0,0.9941,0.0,0,0.7931,0.0,0.6848217021964996,0.2352581655110838,0.2575869920383971,,1079,8,0,0,0,0.373,False,0.1843945384025573,0.2268362641334533,0.1843945384025573,0.2268362641334533,A,0.615440636199528,0.3133564794428533,0.375536481290374,0.3460755778174578,0.3382600186252666,0.5124180460877212,0.3920102795638021
a4a3e6dd75b71212148d7acf64a7ffde9432adabc6039b45448668a3d8fed0a9,CONSIDERACIONES,A-CE,2017.0,0.0,1.0,0.9924,0.1235,0,0.7931,0.0741,0.7180012088750813,0.2905766426132379,0.2501287718637687,,8000,79,2,1,0,1.955,False,0.1988347768783569,0.2349516153335571,0.1988347768783569,0.2349516153335571,A,0.615440636199528,0.40637036449995184,0.47726619404769277,0.43094755099109505,0.38720322066066165,0.5144539920305101,0.434411639294465
a4a3e6dd75b71212148d7acf64a7ffde9432adabc6039b45448668a3d8fed0a9,DECISIÓN,A-CE,2017.0,0.0,1.0,0.9915,0.0,0,0.7931,0.0,0.6717888295216717,0.2190132610252375,0.2475259566439873,,929,6,0,0,0,0.349,False,0.2127842903137207,0.2429214715957641,0.2127842903137207,0.2429214715957641,A,0.615440636199528,0.3133564794428533,0.375536481290374,0.5170394871955406,0.43759955149188035,0.5124180460877212,0.4717155544194538
a4e132f42a430a865b8c4e8f3bbeda77e8a677d6f938cb2d09361017defecb18,DECISIÓN,A-CE,2009.0,0.0,1.0,0.9831,0.0,0,0.5172,0.725,0.7008414825767907,0.2235427742577646,0.2248650703487679,,2808,12,0,4,0,0.716,False,0.153027594089508,0.2364599108695984,0.153027594089508,0.2364599108695984,A,0.615440636199528,0.3133564794428533,0.9727930529890589,0.19548822786691722,0.3965916995529342,0.3332410745781158,0.23151972892690942
a5acda67e247666bef63de699b54f08974a9977857e1f0ed52ac7a8a45e4e17c,CONSIDERACIONES,A-CSJ,2016.0,0.0,1.0,0.9935,0.1296,1,0.7586,0.0,0.7104608905594519,0.2673431259577659,0.2274372207023167,,2421,15,1,0,0,0.623,False,0.1952370405197143,0.2197831273078918,0.1952370405197143,0.2197831273078918,A,0.615440636199528,0.4112106827924416,0.375536481290374,0.4092014549989762,0.2983250179935915,0.5466670172600772,0.4305808872883956
a5acda67e247666bef63de699b54f08974a9977857e1f0ed52ac7a8a45e4e17c,DECISIÓN,A-CSJ,2016.0,0.0,0.9286,0.9921,0.0,1,0.7586,0.0,0.6774561492495317,0.236870407623617,0.2705288054189141,,727,5,0,0,0,0.299,False,0.3159237504005432,0.3318914175033569,0.3159237504005432,0.3318914175033569,A,0.5430467933184526,0.3133564794428533,0.375536481290374,0.9326224814314515,0.8882508648663776,0.4870802010793448,0.707299865076922
a5fe81001ff8ad88dd41020e09c0ee0c6c5aebd28824c8966f2f8052b5157f81,CONSIDERACIONES,A-CE,,0.0,1.0,0.998,0.0556,0,0.5,0.0,0.6963290821150867,0.2680753017508124,0.2411809360099357,,8000,63,1,0,0,1.736,False,0.2187965512275695,0.2548802495002746,0.2187965512275695,0.2548802495002746,A,0.615440636199528,0.3539035668868395,0.375536481290374,0.5541330867263288,0.5153589329142051,0.5266095266931164,0.5103869624006911
a5fe81001ff8ad88dd41020e09c0ee0c6c5aebd28824c8966f2f8052b5157f81,DECISIÓN,A-CE,,0.0,0.715,0.9913,0.0,0,0.5,0.0,0.6753424647441086,0.2539903483477317,0.2383099097059167,,551,2,0,0,0,0.28,False,0.1811687350273132,0.2316479682922363,0.1811687350273132,0.2316479682922363,A,0.327886013741693,0.3133564794428533,0.375536481290374,0.32818930491748655,0.36693801105017315,0.411773928227479,0.39148568253379346
a7b8b3f9e00f55601e3685c9dac901d4d6f2be242e7889a2b7b0e69d292311f4,CONSIDERACIONES,A-CE,,0.0,1.0,1.0,0.0,0,0.5,0.0,0.6771346113951449,0.2413174907547292,0.2043870731439276,,429,3,0,0,0,0.259,False,0.2614368796348572,0.2755570411682129,0.2614368796348572,0.2755570411682129,A,0.615440636199528,0.3133564794428533,0.375536481290374,0.78169049443195,0.6460075947875892,0.5124180460877212,0.6060250156113388
a7b8b3f9e00f55601e3685c9dac901d4d6f2be242e7889a2b7b0e69d292311f4,HECHOS,A-CE,,0.0,1.0,0.9897,0.0417,0,0.5,0.0,0.6980407582468559,0.2574266536772684,0.2134535962517452,,4019,26,1,0,0,1.259,False,0.1301603317260742,0.1671282052993774,0.1301603317260742,0.1671282052993774,A,0.615440636199528,0.3435392172431346,0.375536481290374,0.12108360651205269,0.09703248186379379,0.5229820043178197,0.27256326670468606
a7b8b3f9e00f55601e3685c9dac901d4d6f2be242e7889a2b7b0e69d292311f4,HECHOS,A-CE,,0.0,0.8175,0.977,0.1473,0,0.5,0.0,0.6980407582468559,0.2574266536772684,0.2134535962517452,,8000,43,7,0,0,2.175,False,0.1301603317260742,0.1671282052993774,0.1301603317260742,0.1671282052993774,A,0.4278819638255597,0.4253499637117842,0.375536481290374,0.12108360651205269,0.09703248186379379,0.4859702302509581,0.2930159533218485
a7b8b3f9e00f55601e3685c9dac901d4d6f2be242e7889a2b7b0e69d292311f4,DECISIÓN,A-CE,,0.0,0.0,0.9968,0.0,0,0.5,0.0,0.6460871524366837,0.1933263988886591,0.19524052409278,,726,0,0,0,0,0.338,False,0.1928470134735107,0.2524651288986206,0.1928470134735107,0.2524651288986206,A,0.024169707443500377,0.3133564794428533,0.375536481290374,0.3949436939071503,0.4995929432701584,0.3054732210231116,0.4413807051241728
a84bf555763598812ee0f1a7143c964f2df8e6a23cb7b585312fec372cd537a1,HECHOS,A-CSJ,2016.0,0.0,1.0,0.9915,0.0,1,0.7586,0.0,0.6673386704057954,0.1661833685727827,0.1858148685849542,,699,4,0,0,0,0.319,False,0.2009238600730896,0.245676040649414,0.2009238600730896,0.245676040649414,A,0.615440636199528,0.3133564794428533,0.375536481290374,0.44370381298679973,0.4553789811114135,0.5124180460877212,0.4496039543703011
a84bf555763598812ee0f1a7143c964f2df8e6a23cb7b585312fec372cd537a1,CONSIDERACIONES,A-CSJ,2016.0,0.0,1.0,0.9894,0.1098,1,0.7586,0.2073,0.7016778165869595,0.249227232024173,0.2218880171898857,,8000,81,3,4,0,1.873,False,0.2014570236206054,0.2584584355354309,0.2014570236206054,0.2584584355354309,A,0.615440636199528,0.3955668283562037,0.6591612169871408,0.44697200858886327,0.5386521764587039,0.4561042474983638,0.4312301019894657
a84bf555763598812ee0f1a7143c964f2df8e6a23cb7b585312fec372cd537a1,DECISIÓN,A-CSJ,2016.0,0.0,0.78,0.9898,0.0,1,0.7586,0.0,0.6833951024783963,0.2509367630152714,0.2887080129129427,,623,3,0,0,0,0.275,False,0.1654197573661804,0.2176637053489685,0.1654197573661804,0.2176637053489685,A,0.3901185231462347,0.3133564794428533,0.375536481290374,0.24839102182425418,0.28686759137702045,0.4335553065190686,0.3475421995165316
a8a3c7f204880ad2045fc02c21b671fb4d0dbe8f4165ea118997cb95d2ab8164,DECISIÓN,A-CE,2021.0,0.0,1.0,0.9841,0.4167,0,0.931,1.0,0.7168238065665882,0.1847671292907268,0.1959880208995996,,977,8,1,2,0,0.345,False,0.2019006609916687,0.2462058067321777,0.2019006609916687,0.2462058067321777,A,0.615440636199528,0.6419097133259613,0.9940963974781457,0.4496949347957131,0.4588128868243813,0.4418437030904775,0.410813953379237
a8a3c7f204880ad2045fc02c21b671fb4d0dbe8f4165ea118997cb95d2ab8164,CONSIDERACIONES,A-CE,2021.0,0.0,1.0,0.9776,0.1574,0,0.931,0.0,0.6868960250433941,0.2429689896577646,0.2289882972757622,,4453,37,2,0,0,1.041,False,0.19814133644104,0.2373608350753784,0.19814133644104,0.2373608350753784,A,0.615440636199528,0.4334747810258512,0.375536481290374,0.42673261971764054,0.4022366055590967,0.5544594516417705,0.4630651370113815
a926896c2c238b5bd3ddcb7b6aa05dc86f022e2f20826eca94255aeabe78f5aa,HECHOS,A-CSJ,2014.0,0.0,1.0,0.976,0.8095,1,0.6897,0.0,0.7368879032250858,0.2873538939610939,0.2883263852917782,,2186,8,4,0,0,0.584,False,0.229967713356018,0.2665029168128967,0.229967713356018,0.2665029168128967,A,0.615440636199528,0.8668429783241148,0.375536481290374,0.621191237868844,0.5902601164912018,0.7061383206961628,0.6770724048752896
a926896c2c238b5bd3ddcb7b6aa05dc86f022e2f20826eca94255aeabe78f5aa,CONSIDERACIONES,A-CSJ,2014.0,0.0,1.0,0.9869,0.3472,1,0.6897,0.0,0.7098585153140429,0.2329742780565522,0.2091615756646589,,8000,60,5,0,0,1.767,False,0.2084847688674926,0.2398147583007812,0.2084847688674926,0.2398147583007812,A,0.615440636199528,0.5879447710180051,0.375536481290374,0.4903730898985507,0.4177400363710157,0.6085239481390243,0.5270574852351224
a926896c2c238b5bd3ddcb7b6aa05dc86f022e2f20826eca94255aeabe78f5aa,DECISIÓN,A-CSJ,2014.0,0.0,0.9187,0.9873,0.0,1,0.6897,0.0,0.6731698195457404,0.2104114931222365,0.2369239897417276,,1063,6,0,0,0,0.354,False,0.3377590179443359,0.3461823463439941,0.3377590179443359,0.3461823463439941,A,0.5327896358873615,0.3133564794428533,0.375536481290374,0.9596722579908761,0.9202889008643355,0.483490195978463,0.7231748940723122
ae34bd6296146e45be80b360dbe00c21ea28d5c506da5765d5f15337452245d9,DECISIÓN,A-CSJ,2015.0,0.0,0.78,0.9899,0.1667,1,0.7241,0.3214,0.6709074736304601,0.2198718258610225,0.2381170413295052,,1181,4,1,1,0,0.383,False,0.2248095870018005,0.2763006687164306,0.2248095870018005,0.2763006687164306,A,0.3901185231462347,0.4409879157271208,0.786253786166372,0.5906380428894156,0.6504367310465191,0.35501111775576283,0.489806882919105
ae46f73439902655deca088dda4b6c57f24f58b44a4fe9637cdc9a7e0c2712f8,CONSIDERACIONES,A-CE,2006.0,0.0,1.0,0.9953,0.0,0,0.4138,0.0,0.7081123008273712,0.2935329629626766,0.258455630662347,,8000,70,0,0,0,1.994,False,0.1991463303565979,0.2351802587509155,0.1991463303565979,0.2351802587509155,A,0.615440636199528,0.3133564794428533,0.375536481290374,0.432844563341741,0.3886212363609615,0.5124180460877212,0.43245166804444013
ae46f73439902655deca088dda4b6c57f24f58b44a4fe9637cdc9a7e0c2712f8,DECISIÓN,A-CE,2006.0,0.0,0.0,0.9942,0.0,0,0.4138,0.0,0.6330906318021877,0.2842546737906428,0.2800401545556377,,204,0,0,0,0,0.202,False,0.1811478734016418,0.2157580852508545,0.1811478734016418,0.2157580852508545,A,0.024169707443500377,0.3133564794428533,0.375536481290374,0.3280751717339325,0.2767938271092158,0.3054732210231116,0.37341689913135806
ae46f73439902655deca088dda4b6c57f24f58b44a4fe9637cdc9a7e0c2712f8,DECISIÓN,A-CE,2006.0,0.0,0.8526,0.9807,0.0347,0,0.4138,0.0,0.6330906318021877,0.2842546737906428,0.2800401545556377,,6468,32,1,0,0,1.707,False,0.1811478734016418,0.2157580852508545,0.1811478734016418,0.2157580852508545,A,0.46401579500922235,0.33837492171394123,0.375536481290374,0.3280751717339325,0.2767938271092158,0.468175806465995,0.37967150969913
ae9e6581dbdc3407c98b7130436830879beaa2dc71807ebf20ce571a8c5e3683,CONSIDERACIONES,A-CSJ,2016.0,0.0,1.0,0.9921,0.2698,1,0.7586,0.0,0.7097017398792979,0.2915164736524422,0.2467171203247757,,8000,74,4,0,0,2.004,False,0.2624050378799438,0.2991496920585632,0.2624050378799438,0.2991496920585632,A,0.615440636199528,0.5253160713188447,0.375536481290374,0.7857627481349537,0.7716724927919879,0.5866039032443182,0.6855731819772677
aeab01bc5cd03110bac1cc6d40e6286b30bae7b4bc1933a1ad6cc0a65cb43094,CONSIDERACIONES,A-CSJ,2013.0,0.0,1.0,0.9917,0.7,1,0.6552,0.0,0.709408673263441,0.305232084435781,0.2521387042787789,,8000,76,9,0,0,1.728,False,0.1793081164360046,0.2374423742294311,0.1793081164360046,0.2374423742294311,A,0.615440636199528,0.8196253608218979,0.375536481290374,0.3180909283526663,0.40274880950115977,0.6896121545703868,0.5216806307710647
aeab01bc5cd03110bac1cc6d40e6286b30bae7b4bc1933a1ad6cc0a65cb43094,DECISIÓN,A-CSJ,2013.0,0.0,1.0,0.9934,0.0,1,0.6552,0.0,0.6278997754395703,0.2064607274329267,0.1828578467993226,,519,4,0,0,0,0.26,False,0.2980234622955322,0.3187230229377746,0.2980234622955322,0.3187230229377746,A,0.615440636199528,0.3133564794428533,0.375536481290374,0.8987558275483399,0.849289248884906,0.5124180460877212,0.6876542130215386
aeab01bc5cd03110bac1cc6d40e6286b30bae7b4bc1933a1ad6cc0a65cb43094,DECISIÓN,A-CSJ,2013.0,0.0,0.2167,0.9883,0.0,1,0.6552,0.0,0.6278997754395703,0.2064607274329267,0.1828578467993226,,570,1,0,0,0,0.268,False,0.2980234622955322,0.3187230229377746,0.2980234622955322,0.3187230229377746,A,0.05760093327087432,0.3133564794428533,0.375536481290374,0.8987558275483399,0.849289248884906,0.31717415006269245,0.6876542130215386
b05f381ca34ae4be3d7ccc8adf76fc0b1d59a45cf8a15d12b1338b9fda316a6f,HECHOS,A-CE,2018.0,0.0,1.0,0.9779,0.1914,0,0.8276,0.2407,0.7266335576619313,0.253554806038422,0.2731469697089441,,8000,37,4,3,0,1.663,False,0.1611344814300537,0.243899405002594,0.1611344814300537,0.243899405002594,A,0.615440636199528,0.4610647402837765,0.7000972851497802,0.22907259604803162,0.4438957220601111,0.4667476962242225,0.34420128106982134
b05f381ca34ae4be3d7ccc8adf76fc0b1d59a45cf8a15d12b1338b9fda316a6f,DECISIÓN,A-CE,2018.0,0.0,0.78,0.9917,0.0,0,0.8276,0.0,0.6581229654295957,0.2407943252547992,0.2579866536665294,,611,3,0,0,0,0.288,False,0.1914426684379577,0.2525765895843506,0.1914426684379577,0.2525765895843506,A,0.3901185231462347,0.3133564794428533,0.375536481290374,0.38664700242595607,0.50032078537257,0.4335553065190686,0.43862243152623714
b0684112e798e12a9444ff6136564590e34c91df0ab6b7d9ecddbac0d50cd017,CONSIDERACIONES,A-CSJ,2015.0,0.0,1.0,0.9955,0.0432,1,0.7241,0.0,0.715356695846636,0.2931167866234869,0.2577645929139482,,8000,63,1,0,0,1.644,False,0.2181340456008911,0.2546899914741516,0.2181340456008911,0.2546899914741516,A,0.615440636199528,0.3446507343112627,0.375536481290374,0.5500675594541461,0.5141176213603575,0.5233710352916645,0.5064025574007635
b0684112e798e12a9444ff6136564590e34c91df0ab6b7d9ecddbac0d50cd017,DECISIÓN,A-CSJ,2015.0,0.0,0.8667,0.9849,0.0,1,0.7241,0.0,0.6572973678902472,0.2550034912693855,0.2822768313029022,,618,4,0,0,0,0.277,False,0.201402485370636,0.2411713004112243,0.201402485370636,0.2411713004112243,A,0.4786601584403959,0.3133564794428533,0.375536481290374,0.44663748366036526,0.4263828266069494,0.464544878872025,0.44483150820515627
b0df2b8eaff4ca6d8bd8ab1ae38152117f98a53c2691f5eec564978f9f75148a,CONSIDERACIONES,A-CSJ,2014.0,0.0,1.0,0.9943,0.119,1,0.6897,0.0,0.7243229731559091,0.3021092992395284,0.2428803847843678,,8000,61,2,0,0,1.763,False,0.2122110724449157,0.233443021774292,0.2122110724449157,0.233443021774292,A,0.615440636199528,0.40281120269042475,0.375536481290374,0.5134865781202078,0.3778959737147986,0.5437271992243713,0.4808950014995639
b0df2b8eaff4ca6d8bd8ab1ae38152117f98a53c2691f5eec564978f9f75148a,DECISIÓN,A-CSJ,2014.0,0.0,1.0,0.9935,0.3889,1,0.6897,0.0,0.6556497786374175,0.2706421998844066,0.2556785800489438,,532,5,1,0,0,0.243,False,0.2201918959617614,0.2486663460731506,0.2201918959617614,0.2486663460731506,A,0.615440636199528,0.6206687648996695,0.375536481290374,0.5626714634830824,0.4748081057034662,0.6199773459976069,0.5719565283266146
b12cf5c14bcafce006d2f3c9d35e1e3613b3e0def6489e1ba9663f6521f660a1,HECHOS,A-CSJ,2014.0,0.0,0.855,0.9741,0.4,1,0.6897,0.0,0.7064005471033356,0.2418232610657634,0.2566956031141663,,2127,7,3,0,0,0.598,False,0.1725150942802429,0.2325586676597595,0.1725150942802429,0.2325586676597595,A,0.466504773515855,0.6292106512665044,0.375536481290374,0.28269462406534857,0.37248102264146304,0.5708394542867136,0.45563468950971586
b12cf5c14bcafce006d2f3c9d35e1e3613b3e0def6489e1ba9663f6521f660a1,CONSIDERACIONES,A-CSJ,2014.0,0.0,1.0,0.9942,0.0486,1,0.6897,0.0,0.7116464659581375,0.2900622914321171,0.2552245250467417,,8000,72,1,0,0,1.715,False,0.175172209739685,0.2258116006851196,0.175172209739685,0.2258116006851196,A,0.615440636199528,0.3486662198844815,0.375536481290374,0.29625499297053737,0.3322952573748899,0.5247764552422911,0.38220755772771164
b12cf5c14bcafce006d2f3c9d35e1e3613b3e0def6489e1ba9663f6521f660a1,DECISIÓN,A-CSJ,2014.0,0.0,0.5571,0.9933,0.0,1,0.6897,0.0,0.6834472744018427,0.2483903003270892,0.2812005323724481,,745,3,0,0,0,0.292,False,0.3064265251159668,0.3270993828773498,0.3064265251159668,0.3270993828773498,A,0.20165913292246235,0.3133564794428533,0.375536481290374,0.9162157106202189,0.8752097330914832,0.36759451994074827,0.6989492689380117
b1be861bfbf5719834ba5133c5326db6503a2ca93d89be3a6ebfbdfee12d8ad6,DECISIÓN,A-CE,,0.0,0.9386,0.9942,0.0,0,0.5,0.0,0.662760731506855,0.2483197717639657,0.2443411406323792,,1474,5,0,0,0,0.516,False,0.2388557195663452,0.2838352918624878,0.2388557195663452,0.2838352918624878,A,0.5533706039242773,0.3133564794428533,0.375536481290374,0.6715429521248197,0.693761681528955,0.49069353479138345,0.5770241931521164
b20fe3243343cef03590219de1d73462c03f1527bb97b8689a179accaf0adcc4,DECISIÓN,A-CE,,0.0,0.0,0.9954,0.0,0,0.5,0.0,0.6230915898775774,0.1936027097165085,0.2012470642029631,,306,0,0,0,0,0.234,False,0.276483952999115,0.3111406564712524,0.276483952999115,0.3111406564712524,A,0.024169707443500377,0.3133564794428533,0.375536481290374,0.8387494466473243,0.8221503694407786,0.3054732210231116,0.6612242038173577
b25be1e4f4bc77b8b3b06ea410b073360dc9301b85655bf2d6fbb8ea204368ef,CONSIDERACIONES,A-CSJ,2014.0,0.0,1.0,0.9964,0.3105,1,0.6897,0.0,0.7189702032617193,0.2892483385091875,0.2626858491299639,,8000,44,6,0,0,1.851,False,0.224922776222229,0.2713868021965027,0.224922776222229,0.2713868021965027,A,0.615440636199528,0.5584761359760985,0.375536481290374,0.5913170185527663,0.6207207513146338,0.5982099258743571,0.5956168444923448
b25be1e4f4bc77b8b3b06ea410b073360dc9301b85655bf2d6fbb8ea204368ef,DECISIÓN,A-CSJ,2014.0,0.0,0.8667,0.9917,0.0,1,0.6897,0.0,0.6741837234498059,0.2620727876638317,0.2795630070448367,,683,4,0,0,0,0.289,False,0.2321945428848266,0.2820865511894226,0.2321945428848266,0.2820865511894226,A,0.4786601584403959,0.3133564794428533,0.375536481290374,0.6341050597600456,0.683972295511474,0.464544878872025,0.5619630536209492
b290640286fba24996d86cb7a3afce15304ebd1bb63636010459bd54aa239b00,DECISIÓN,A-CE,2011.0,0.0,0.1955,1.0,0.0,0,0.5862,0.0,0.6646671289700131,0.2413889007006168,0.2592424063295002,,1409,2,0,0,0,0.426,False,0.2640051245689392,0.3047564625740051,0.2640051245689392,0.3047564625740051,A,0.05298727471402871,0.3133564794428533,0.375536481290374,0.7923712713640272,0.7964461349413235,0.3155593695677965,0.6398509955683127
b4885a59c00544b71ad22232d7c8b60b7bf5eaf2b5cdc4ea75f371d2956a0f75,CONSIDERACIONES,A-CSJ,2015.0,0.0,1.0,0.9904,0.6842,1,0.7241,0.0,0.7025652999155726,0.2680495578445324,0.2215193455744171,,8000,43,9,0,0,1.667,False,0.1706017851829528,0.2102568745613098,0.1706017851829528,0.2102568745613098,A,0.615440636199528,0.8118285661537352,0.375536481290374,0.27316668199390454,0.248969881028472,0.6868832764365299,0.47325216018392
b4885a59c00544b71ad22232d7c8b60b7bf5eaf2b5cdc4ea75f371d2956a0f75,DECISIÓN,A-CSJ,2015.0,0.0,0.975,0.9945,0.0,1,0.7241,0.0,0.6404994110888839,0.2188598407534601,0.2484487649153938,,609,3,0,0,0,0.238,False,0.1876738667488098,0.2387738227844238,0.1876738667488098,0.2387738227844238,A,0.5904992427032943,0.3133564794428533,0.375536481290374,0.36471559632325895,0.411141836922188,0.5036885583640395,0.4131106497002167
b4fe2e08aca38da47b4197edc162080b7b03e35932fd80b96814dd0f9d51b867,CONSIDERACIONES,A-CE,2017.0,0.0,1.0,0.993,0.0877,0,0.7931,0.0,0.7035445460992726,0.2532711009637167,0.2162905915377739,,8000,73,1,0,0,1.584,False,0.2425963282585144,0.2880682349205017,0.2425963282585144,0.2880682349205017,A,0.615440636199528,0.3783561216046229,0.375536481290374,0.6916828749591019,0.7167363477485864,0.5351679208443406,0.6049180099284839
b4fe2e08aca38da47b4197edc162080b7b03e35932fd80b96814dd0f9d51b867,DECISIÓN,A-CE,2017.0,0.0,0.65,0.9935,0.0,0,0.7931,0.0,0.6634576449644082,0.2264995204932379,0.2654341782212578,,924,4,0,0,0,0.314,False,0.1872933506965637,0.2410697937011718,0.1872933506965637,0.2410697937011718,A,0.27116699167845204,0.3133564794428533,0.375536481290374,0.3625305083570194,0.425734480180242,0.39192227050534467,0.41526439756364375
b6db713596d5b69d333f42e22f8345618fda27160eb254367aeafe2a56086582,CARGOS,A-CSJ,2014.0,0.0,0.69,0.9897,0.0,1,0.6897,0.45,0.672841625163316,0.2496632218709245,0.2168448638994982,,969,3,0,1,0,0.322,False,0.2099161744117736,0.2514510154724121,0.2099161744117736,0.2514510154724121,A,0.30534508310815633,0.3133564794428533,0.8836159093708268,0.49925232631807187,0.49297120954515294,0.25146077408160533,0.37494849410690373
b6db713596d5b69d333f42e22f8345618fda27160eb254367aeafe2a56086582,CARGOS,A-CSJ,2014.0,0.0,1.0,0.9885,0.2381,1,0.6897,0.0,0.672841625163316,0.2496632218709245,0.2168448638994982,,2361,14,1,0,0,0.625,False,0.2099161744117736,0.2514510154724121,0.2099161744117736,0.2514510154724121,A,0.615440636199528,0.4993178674343273,0.375536481290374,0.49925232631807187,0.49297120954515294,0.5775045318847372,0.5230547267208628
b6db713596d5b69d333f42e22f8345618fda27160eb254367aeafe2a56086582,CONSIDERACIONES,A-CSJ,2014.0,0.0,1.0,0.9846,0.4737,1,0.6897,0.4605,0.7084105149562251,0.2556578724776125,0.2187603455422767,,8000,49,6,4,0,1.663,False,0.2552235722541809,0.2841141819953918,0.2552235722541809,0.2841141819953918,A,0.615440636199528,0.6836957809527322,0.889563688883473,0.7542401317752334,0.6953071638374061,0.48782863933824916,0.5960566863503013
b6db713596d5b69d333f42e22f8345618fda27160eb254367aeafe2a56086582,DECISIÓN,A-CSJ,2014.0,0.0,1.0,0.9938,0.0,1,0.6897,0.0,0.6760183984486244,0.2609129012373398,0.2755698803179061,,539,3,0,0,0,0.229,False,0.2344778776168823,0.2552640438079834,0.2344778776168823,0.2552640438079834,A,0.615440636199528,0.3133564794428533,0.375536481290374,0.6471491963627986,0.5178623521487912,0.5124180460877212,0.5333065127593762
b8a72e19d5adaa62d941f6ea4512212e843a1ff5870e5d1be564237fdcc2451a,HECHOS,A-CE,2017.0,0.0,1.0,0.9904,0.1538,0,0.7931,0.0,0.7199366422197776,0.2655365801462489,0.2513888477718735,,8000,53,3,0,0,1.625,False,0.1908410787582397,0.2421678304672241,0.1908410787582397,0.2421678304672241,A,0.615440636199528,0.43057446684122036,0.375536481290374,0.3831126143497845,0.4327609985166801,0.5534443416771497,0.4531779351779909
b8a72e19d5adaa62d941f6ea4512212e843a1ff5870e5d1be564237fdcc2451a,CONSIDERACIONES,A-CE,2017.0,0.0,1.0,0.9968,0.321,0,0.7931,0.0,0.7162853139408704,0.2938360193819045,0.2281101745952684,,8000,52,7,0,0,1.598,False,0.1900063157081604,0.2454074025154113,0.1900063157081604,0.2454074025154113,A,0.615440636199528,0.5669588812687011,0.375536481290374,0.37822878107084634,0.45363928721988583,0.601178886726768,0.4897403548778738
b8a72e19d5adaa62d941f6ea4512212e843a1ff5870e5d1be564237fdcc2451a,DECISIÓN,A-CE,2017.0,0.0,0.575,0.993,0.0,0,0.7931,0.0,0.6849825695107863,0.2319081583248696,0.2428332018301483,,1486,3,0,0,0,0.396,False,0.2122478485107422,0.2410792112350464,0.2122478485107422,0.2410792112350464,A,0.21393925240860912,0.3133564794428533,0.375536481290374,0.5137145676470113,0.4257946213988183,0.37189256176089963,0.4681908465588561
b9f9fd4aa5c362101ccbac6e87b81fc1a2c2dc37eb4e12ea7b3cccbf9787e513,CONSIDERACIONES,A-CE,,0.0,1.0,0.9837,0.4314,0,0.5,0.0952,0.7067535361136641,0.2496465841358066,0.223300870591379,,8000,48,8,1,0,1.585,False,0.205474853515625,0.2470422983169555,0.205474853515625,0.2470422983169555,A,0.615440636199528,0.652926161008164,0.5069736723958057,0.4717286018504758,0.4642428123610735,0.5918362773039505,0.5197903788927611
b9f9fd4aa5c362101ccbac6e87b81fc1a2c2dc37eb4e12ea7b3cccbf9787e513,DECISIÓN,A-CE,,0.0,1.0,0.9853,0.2083,0,0.5,0.3094,0.7055350026184938,0.2388086572237794,0.2492191916776605,,2373,7,1,1,0,0.563,False,0.1648887991905212,0.2150571942329406,0.1648887991905212,0.2150571942329406,A,0.615440636199528,0.4748787165501069,0.7746702420216155,0.24593927530067014,0.27314409133773604,0.44921070085588755,0.30449319535598535
ba28871aa5e3de1f269fa8f0bc639f8d07af54662adfc709341fa5099caeed08,CONSIDERACIONES,A-CE,2007.0,0.0,0.65,1.0,0.0,0,0.4483,0.0,0.6519093219800698,0.2760034555391472,0.2587407026798207,,170,1,0,0,0,0.174,False,0.2597100734710693,0.3133854866027832,0.2597100734710693,0.3133854866027832,A,0.27116699167845204,0.3133564794428533,0.375536481290374,0.7742895150204196,0.8305626569813689,0.39192227050534467,0.6403456852560592
ba28871aa5e3de1f269fa8f0bc639f8d07af54662adfc709341fa5099caeed08,HECHOS,A-CE,2007.0,0.0,1.0,0.9749,1.0,0,0.4483,0.0,0.7077477019279884,0.247710215608197,0.2559589337978591,,8000,43,25,0,0,1.791,False,0.2332909703254699,0.2808044552803039,0.2332909703254699,0.2808044552803039,A,0.615440636199528,0.924056999575638,0.375536481290374,0.6403946175906972,0.6766894209862265,0.7261632281341959,0.715382953989824
ba28871aa5e3de1f269fa8f0bc639f8d07af54662adfc709341fa5099caeed08,CONSIDERACIONES,A-CE,2007.0,0.0,1.0,0.9902,0.5617,0,0.4483,0.1389,0.6519093219800698,0.2760034555391472,0.2587407026798207,,7400,43,11,2,0,1.525,False,0.2597100734710693,0.3133854866027832,0.2597100734710693,0.3133854866027832,A,0.615440636199528,0.742640064820537,0.5681084060016862,0.7742895150204196,0.8305626569813689,0.6048957235565169,0.7091521966582176
ba28871aa5e3de1f269fa8f0bc639f8d07af54662adfc709341fa5099caeed08,DECISIÓN,A-CE,2007.0,0.0,1.0,0.9867,1.0,0,0.4483,1.0,0.6846977038838372,0.2371839038516916,0.1807513696022844,,2638,13,5,4,0,0.622,False,0.2217479944229126,0.2408632040023803,0.2217479944229126,0.2408632040023803,A,0.615440636199528,0.924056999575638,0.9940963974781457,0.5721496936634953,0.42441573555696166,0.5405952532778644,0.517330510291896
ba28871aa5e3de1f269fa8f0bc639f8d07af54662adfc709341fa5099caeed08,DECISIÓN,A-CE,2007.0,0.0,0.0,0.9942,0.0,0,0.4483,0.0,0.6846977038838372,0.2371839038516916,0.1807513696022844,,214,0,0,0,0,0.179,False,0.2217479944229126,0.2408632040023803,0.2217479944229126,0.2408632040023803,A,0.024169707443500377,0.3133564794428533,0.375536481290374,0.5721496936634953,0.42441573555696166,0.3054732210231116,0.4883673634962542
ba28871aa5e3de1f269fa8f0bc639f8d07af54662adfc709341fa5099caeed08,DECISIÓN,A-CE,2007.0,0.0,1.0,0.9896,0.0505,0,0.4483,0.075,0.6846977038838372,0.2371839038516916,0.1807513696022844,,6376,36,1,1,0,1.418,False,0.2217479944229126,0.2408632040023803,0.2217479944229126,0.2408632040023803,A,0.615440636199528,0.35008423783371434,0.4785315481853234,0.5721496936634953,0.42441573555696166,0.4943742414560378,0.4769502897149796
bad2a966a35b0bacf4f0e3941e5a673a0cca1462eb8456ce11486a01d1808577,HECHOS,A-CE,2006.0,0.0,1.0,0.9873,0.7167,0,0.4138,0.0,0.7030125030927258,0.2382102458973669,0.2137320486964482,,8000,43,12,0,0,1.712,False,0.1419121623039245,0.1845058798789978,0.1419121623039245,0.1845058798789978,A,0.615440636199528,0.8275899083741849,0.375536481290374,0.15570016483840132,0.14470695369662254,0.6923997462136873,0.4152266292682364
bad2a966a35b0bacf4f0e3941e5a673a0cca1462eb8456ce11486a01d1808577,DECISIÓN,A-CE,2006.0,0.0,0.9736,0.9905,0.1111,0,0.4138,0.055,0.697855306492862,0.2325730878138309,0.2261649595642905,,8000,28,3,1,0,1.793,False,0.2639120221138,0.3212409019470215,0.2639120221138,0.3212409019470215,A,0.5890873467796554,0.3965877921666637,0.4505069029833686,0.79199090539455,0.857515341436647,0.5098342277362011,0.6577454526204141
bb30a038bca732234244cedb78ab6ca3d3d33577738ce4ddab8b8af3652613b9,HECHOS,A-CE,2017.0,0.0,1.0,0.991,0.4762,0,0.7931,0.1607,0.709467351519075,0.2488266287517592,0.239178206893825,,4078,28,4,1,0,0.832,False,0.2710207104682922,0.309434175491333,0.2710207104682922,0.309434175491333,A,0.615440636199528,0.6854681615705052,0.5979610080552799,0.819561143736858,0.8155390266950759,0.5759297768029277,0.7017290444284858
bb30a038bca732234244cedb78ab6ca3d3d33577738ce4ddab8b8af3652613b9,CONSIDERACIONES,A-CE,2017.0,0.0,1.0,0.9931,0.7333,0,0.7931,0.0,0.7128063840947211,0.2528705735388173,0.2103659791910338,,8000,106,11,0,0,1.56,False,0.2532974481582641,0.2872835993766784,0.2532974481582641,0.2872835993766784,A,0.615440636199528,0.8352282764463349,0.375536481290374,0.7452728198759483,0.7125569669631451,0.6950731750389397,0.7370566532027198
bb30a038bca732234244cedb78ab6ca3d3d33577738ce4ddab8b8af3652613b9,DECISIÓN,A-CE,2017.0,0.0,1.0,0.9943,0.0,0,0.7931,0.0,0.6696834203337806,0.2241954303947705,0.2472495028247137,,1105,7,0,0,0,0.322,False,0.1824487447738647,0.2459851503372192,0.1824487447738647,0.2459851503372192,A,0.615440636199528,0.3133564794428533,0.375536481290374,0.33523065017181425,0.45738211353946034,0.5124180460877212,0.41203897387066557
bc32651c079994f34e27d181827655046ee267c4ba13ca100a3a9bac1ed4cce6,CONSIDERACIONES,A-CSJ,2014.0,0.0,1.0,0.9846,0.225,1,0.6897,0.0,0.719642268871373,0.3144065696727349,0.2563021838222298,,8000,56,3,0,0,1.544,False,0.221468448638916,0.2531268000602722,0.221468448638916,0.2531268000602722,A,0.615440636199528,0.4885671688962324,0.375536481290374,0.5704506629500815,0.5039135994399166,0.5737417873964039,0.5474749478864951
bc32651c079994f34e27d181827655046ee267c4ba13ca100a3a9bac1ed4cce6,DECISIÓN,A-CSJ,2014.0,0.0,1.0,0.9976,0.0,1,0.6897,0.0,0.6733063181491379,0.2479686132809569,0.2160502065996732,,1122,14,0,0,0,0.323,False,0.1811919212341308,0.2222433686256408,0.1811919212341308,0.2222433686256408,A,0.615440636199528,0.3133564794428533,0.375536481290374,0.3283161796234809,0.3119486461194174,0.5124180460877212,0.3805322156947403
bcd333ff5277c3fd606f129004f9a7b084689ec38d5b5c3b0e30c88765223092,CONSIDERACIONES,A-CE,2017.0,0.0,1.0,0.993,0.0926,0,0.7931,0.0,0.7033379256385193,0.2494633723538835,0.2114894997213285,,8000,75,1,0,0,1.542,False,0.1709536910057068,0.2098012566566467,0.1709536910057068,0.2098012566566467,A,0.615440636199528,0.3821474005766756,0.375536481290374,0.2749039966172968,0.24675127663257745,0.5364948684845591,0.3659962080286635
bcd333ff5277c3fd606f129004f9a7b084689ec38d5b5c3b0e30c88765223092,DECISIÓN,A-CE,2017.0,0.0,0.7429,0.9937,0.0,0,0.7931,0.0,0.6899659060603639,0.2475860007731938,0.2707468745367191,,973,4,0,0,0,0.299,False,0.2034351825714111,0.2331233620643615,0.2034351825714111,0.2331233620643615,A,0.35400911036211175,0.3133564794428533,0.375536481290374,0.4591356688508728,0.3759350818351035,0.4209170120446255,0.4391163240674647
bce62fa6635eb9c1ccd8575e5ccca13488090732900217d99526aebe0e411cb0,HECHOS,A-CSJ,2014.0,0.0,1.0,0.9836,0.0,1,0.6897,0.2045,0.7034710800233125,0.2472065402445195,0.2460561954080486,,4629,26,0,1,0,0.925,False,0.2036169171333313,0.2258063554763794,0.2036169171333313,0.2258063554763794,A,0.615440636199528,0.3133564794428533,0.655607680454427,0.4602558217180763,0.332264859940089,0.42839668633850536,0.37476009335917243
bce62fa6635eb9c1ccd8575e5ccca13488090732900217d99526aebe0e411cb0,CARGOS,A-CSJ,2014.0,0.0,1.0,0.9894,0.7431,1,0.6897,0.1875,0.6962889545392102,0.2177285364429855,0.1733020317323643,,7575,64,11,2,0,1.451,False,0.1503986716270446,0.1986346840858459,0.1503986716270446,0.1986346840858459,A,0.615440636199528,0.8396087736353717,0.6336689774238463,0.18543124496050273,0.19659911884634831,0.619166600215061,0.3873891574295193
bce62fa6635eb9c1ccd8575e5ccca13488090732900217d99526aebe0e411cb0,CARGOS,A-CSJ,2014.0,0.0,1.0,0.9896,0.3246,1,0.6897,0.1184,0.6962889545392102,0.2177285364429855,0.1733020317323643,,8000,65,5,1,0,1.55,False,0.1503986716270446,0.1986346840858459,0.1503986716270446,0.1986346840858459,A,0.615440636199528,0.5698584969376738,0.5395730731427987,0.18543124496050273,0.19659911884634831,0.552982774655181,0.3387707691113043
bce62fa6635eb9c1ccd8575e5ccca13488090732900217d99526aebe0e411cb0,CONSIDERACIONES,A-CSJ,2014.0,0.0,1.0,0.9932,0.0,1,0.6897,0.1875,0.7108890849017833,0.3135394128259395,0.2629666638928379,,4423,36,0,1,0,0.854,False,0.1847030520439148,0.2353679537773132,0.1847030520439148,0.2353679537773132,A,0.615440636199528,0.3133564794428533,0.6336689774238463,0.3478102361177951,0.3897867074848291,0.43497829724767956,0.35129624851413815
bce62fa6635eb9c1ccd8575e5ccca13488090732900217d99526aebe0e411cb0,CARGOS,A-CSJ,2014.0,0.0,1.0,0.9938,0.9872,1,0.6897,0.0,0.6962889545392102,0.2177285364429855,0.1733020317323643,,7343,80,8,0,0,1.419,False,0.1503986716270446,0.1986346840858459,0.1503986716270446,0.1986346840858459,A,0.615440636199528,0.9210547500693479,0.375536481290374,0.18543124496050273,0.19659911884634831,0.7251124408069943,0.45937715076470775
bce62fa6635eb9c1ccd8575e5ccca13488090732900217d99526aebe0e411cb0,CARGOS,A-CSJ,2014.0,0.0,1.0,0.9918,0.4211,1,0.6897,0.0,0.6962889545392102,0.2177285364429855,0.1733020317323643,,8000,63,6,0,0,1.569,False,0.1503986716270446,0.1986346840858459,0.1503986716270446,0.1986346840858459,A,0.615440636199528,0.6452235268944995,0.375536481290374,0.18543124496050273,0.19659911884634831,0.6285715126957974,0.39041934497099573
bce62fa6635eb9c1ccd8575e5ccca13488090732900217d99526aebe0e411cb0,DECISIÓN,A-CSJ,2014.0,0.0,0.4875,0.9892,0.0,1,0.6897,0.0,0.6675784053928641,0.2337587788824909,0.2159788969662983,,1113,3,0,0,0,0.36,False,0.1993058323860168,0.2538948655128479,0.1993058323860168,0.2538948655128479,A,0.15894758353528282,0.3133564794428533,0.375536481290374,0.43381651855158565,0.5089282249369468,0.35264547765523546,0.45685325008308286
bd84e0e05af15669b4ecd5c8692886d428ffaae4d73c8d6c6e0438a218cd64ef,HECHOS,A-CE,2017.0,0.0,1.0,1.0,0.0,0,0.7931,0.0,0.6655654636810282,0.2297803121684822,0.169624347841367,,386,4,0,0,0,0.267,False,0.2309945821762085,0.2485945224761963,0.2309945821762085,0.2485945224761963,A,0.615440636199528,0.3133564794428533,0.375536481290374,0.6271688647127561,0.47434030790612997,0.5124180460877212,0.5176089878333291
bd84e0e05af15669b4ecd5c8692886d428ffaae4d73c8d6c6e0438a218cd64ef,HECHOS,A-CE,2017.0,0.0,1.0,0.9923,1.0,0,0.7931,0.0,0.6655654636810282,0.2297803121684822,0.169624347841367,,2276,23,5,0,0,0.733,False,0.2309945821762085,0.2485945224761963,0.2309945821762085,0.2485945224761963,A,0.615440636199528,0.924056999575638,0.375536481290374,0.6271688647127561,0.47434030790612997,0.7261632281341959,0.6702841178665253
bd84e0e05af15669b4ecd5c8692886d428ffaae4d73c8d6c6e0438a218cd64ef,HECHOS,A-CE,2017.0,0.0,1.0,0.9973,0.0,0,0.7931,0.0,0.6655654636810282,0.2297803121684822,0.169624347841367,,1035,10,0,0,0,0.46,False,0.2309945821762085,0.2485945224761963,0.2309945821762085,0.2485945224761963,A,0.615440636199528,0.3133564794428533,0.375536481290374,0.6271688647127561,0.47434030790612997,0.5124180460877212,0.5176089878333291
bd84e0e05af15669b4ecd5c8692886d428ffaae4d73c8d6c6e0438a218cd64ef,HECHOS,A-CE,2017.0,0.0,1.0,1.0,0.0,0,0.7931,0.0,0.6655654636810282,0.2297803121684822,0.169624347841367,,489,8,0,0,0,0.291,False,0.2309945821762085,0.2485945224761963,0.2309945821762085,0.2485945224761963,A,0.615440636199528,0.3133564794428533,0.375536481290374,0.6271688647127561,0.47434030790612997,0.5124180460877212,0.5176089878333291
bd84e0e05af15669b4ecd5c8692886d428ffaae4d73c8d6c6e0438a218cd64ef,HECHOS,A-CE,2017.0,0.0,1.0,0.993,0.6296,0,0.7931,0.4444,0.6655654636810282,0.2297803121684822,0.169624347841367,,3759,36,4,2,0,1.073,False,0.2309945821762085,0.2485945224761963,0.2309945821762085,0.2485945224761963,A,0.615440636199528,0.7829038453317335,0.8803313503236977,0.6271688647127561,0.47434030790612997,0.5253211634388322,0.5340368554988845
bd84e0e05af15669b4ecd5c8692886d428ffaae4d73c8d6c6e0438a218cd64ef,HECHOS,A-CE,2017.0,0.0,1.0,0.9939,0.7083,0,0.7931,0.0,0.6655654636810282,0.2297803121684822,0.169624347841367,,784,9,2,0,0,0.398,False,0.2309945821762085,0.2485945224761963,0.2309945821762085,0.2485945224761963,A,0.615440636199528,0.8236191192930988,0.375536481290374,0.6271688647127561,0.47434030790612997,0.6910099700353072,0.6451746477958905
bd84e0e05af15669b4ecd5c8692886d428ffaae4d73c8d6c6e0438a218cd64ef,HECHOS,A-CE,2017.0,0.0,1.0,1.0,0.5833,0,0.7931,0.0,0.6655654636810282,0.2297803121684822,0.169624347841367,,569,9,1,0,0,0.287,False,0.2309945821762085,0.2485945224761963,0.2309945821762085,0.2485945224761963,A,0.615440636199528,0.7559596413878443,0.375536481290374,0.6271688647127561,0.47434030790612997,0.667329152768468,0.6282597783195769
bd84e0e05af15669b4ecd5c8692886d428ffaae4d73c8d6c6e0438a218cd64ef,HECHOS,A-CE,2017.0,0.0,1.0,0.9957,0.4762,0,0.7931,0.0,0.6655654636810282,0.2297803121684822,0.169624347841367,,4749,30,2,0,0,1.556,False,0.2309945821762085,0.2485945224761963,0.2309945821762085,0.2485945224761963,A,0.615440636199528,0.6854681615705052,0.375536481290374,0.6271688647127561,0.47434030790612997,0.6426571348323994,0.6106369083652421
bd84e0e05af15669b4ecd5c8692886d428ffaae4d73c8d6c6e0438a218cd64ef,DECISIÓN,A-CE,2017.0,0.0,1.0,1.0,0.0,0,0.7931,0.0,0.6331051928732404,0.2151946794714254,0.212787775598097,,300,2,0,0,0,0.21,False,0.1820272207260131,0.2110985517501831,0.1820272207260131,0.2110985517501831,A,0.615440636199528,0.3133564794428533,0.375536481290374,0.3329035434652277,0.25310331594588487,0.5124180460877212,0.3703687270046452
bd84e0e05af15669b4ecd5c8692886d428ffaae4d73c8d6c6e0438a218cd64ef,DECISIÓN,A-CE,2017.0,0.0,1.0,0.9812,1.0,0,0.7931,0.3636,0.6331051928732404,0.2151946794714254,0.212787775598097,,8000,49,21,2,0,1.647,False,0.1820272207260131,0.2110985517501831,0.1820272207260131,0.2110985517501831,A,0.615440636199528,0.924056999575638,0.8235053026905047,0.3329035434652277,0.25310331594588487,0.5917725817141567,0.4334500927578152
bd84e0e05af15669b4ecd5c8692886d428ffaae4d73c8d6c6e0438a218cd64ef,CONSIDERACIONES,A-CE,2017.0,0.0,1.0,0.9949,0.0,0,0.7931,0.0,0.6892270600897735,0.2762577845430156,0.2541524606249253,,3136,30,0,0,0,0.898,False,0.2568180561065674,0.2945219278335571,0.2568180561065674,0.2945219278335571,A,0.615440636199528,0.3133564794428533,0.375536481290374,0.7615006658771991,0.749679059081982,0.5124180460877212,0.6196928684760545
bd84e0e05af15669b4ecd5c8692886d428ffaae4d73c8d6c6e0438a218cd64ef,DECISIÓN,A-CE,2017.0,0.0,1.0,1.0,0.0,0,0.7931,0.0,0.6331051928732404,0.2151946794714254,0.212787775598097,,751,10,0,0,0,0.316,False,0.1820272207260131,0.2110985517501831,0.1820272207260131,0.2110985517501831,A,0.615440636199528,0.3133564794428533,0.375536481290374,0.3329035434652277,0.25310331594588487,0.5124180460877212,0.3703687270046452
bd84e0e05af15669b4ecd5c8692886d428ffaae4d73c8d6c6e0438a218cd64ef,HECHOS,A-CE,2017.0,0.0,1.0,0.9966,0.0,0,0.7931,0.0,0.6655654636810282,0.2297803121684822,0.169624347841367,,2209,34,0,0,0,0.736,False,0.2309945821762085,0.2485945224761963,0.2309945821762085,0.2485945224761963,A,0.615440636199528,0.3133564794428533,0.375536481290374,0.6271688647127561,0.47434030790612997,0.5124180460877212,0.5176089878333291
bd84e0e05af15669b4ecd5c8692886d428ffaae4d73c8d6c6e0438a218cd64ef,HECHOS,A-CE,2017.0,0.0,1.0,1.0,0.0,0,0.7931,0.0,0.6655654636810282,0.2297803121684822,0.169624347841367,,273,3,0,0,0,0.233,False,0.2309945821762085,0.2485945224761963,0.2309945821762085,0.2485945224761963,A,0.615440636199528,0.3133564794428533,0.375536481290374,0.6271688647127561,0.47434030790612997,0.5124180460877212,0.5176089878333291
bd84e0e05af15669b4ecd5c8692886d428ffaae4d73c8d6c6e0438a218cd64ef,HECHOS,A-CE,2017.0,0.0,1.0,0.9906,0.3182,0,0.7931,0.0,0.6655654636810282,0.2297803121684822,0.169624347841367,,4139,35,3,0,0,1.031,False,0.2309945821762085,0.2485945224761963,0.2309945821762085,0.2485945224761963,A,0.615440636199528,0.5647004391804744,0.375536481290374,0.6271688647127561,0.47434030790612997,0.6003884319958886,0.5804449777677344
bd84e0e05af15669b4ecd5c8692886d428ffaae4d73c8d6c6e0438a218cd64ef,HECHOS,A-CE,2017.0,0.0,1.0,0.9952,0.0,0,0.7931,0.0,0.6655654636810282,0.2297803121684822,0.169624347841367,,292,2,0,0,0,0.242,False,0.2309945821762085,0.2485945224761963,0.2309945821762085,0.2485945224761963,A,0.615440636199528,0.3133564794428533,0.375536481290374,0.6271688647127561,0.47434030790612997,0.5124180460877212,0.5176089878333291
bd84e0e05af15669b4ecd5c8692886d428ffaae4d73c8d6c6e0438a218cd64ef,HECHOS,A-CE,2017.0,0.0,0.65,0.9918,0.0,0,0.7931,0.0,0.6655654636810282,0.2297803121684822,0.169624347841367,,372,1,0,0,0,0.272,False,0.2309945821762085,0.2485945224761963,0.2309945821762085,0.2485945224761963,A,0.27116699167845204,0.3133564794428533,0.375536481290374,0.6271688647127561,0.47434030790612997,0.39192227050534467,0.5176089878333291
bd84e0e05af15669b4ecd5c8692886d428ffaae4d73c8d6c6e0438a218cd64ef,HECHOS,A-CE,2017.0,0.0,0.0,0.9918,0.0,0,0.7931,0.0,0.6655654636810282,0.2297803121684822,0.169624347841367,,126,0,0,0,0,0.182,False,0.2309945821762085,0.2485945224761963,0.2309945821762085,0.2485945224761963,A,0.024169707443500377,0.3133564794428533,0.375536481290374,0.6271688647127561,0.47434030790612997,0.3054732210231116,0.5176089878333291
bd84e0e05af15669b4ecd5c8692886d428ffaae4d73c8d6c6e0438a218cd64ef,HECHOS,A-CE,2017.0,0.0,1.0,0.9851,0.2692,0,0.7931,0.0,0.6655654636810282,0.2297803121684822,0.169624347841367,,8000,51,3,0,0,1.904,False,0.2309945821762085,0.2485945224761963,0.2309945821762085,0.2485945224761963,A,0.615440636199528,0.5248248198560763,0.375536481290374,0.6271688647127561,0.47434030790612997,0.5864319652323493,0.5704760729366349
bd84e0e05af15669b4ecd5c8692886d428ffaae4d73c8d6c6e0438a218cd64ef,DECISIÓN,A-CE,2017.0,0.0,1.0,0.9962,0.8246,0,0.7931,0.0,0.6331051928732404,0.2151946794714254,0.212787775598097,,4194,43,10,0,0,1.788,False,0.1820272207260131,0.2110985517501831,0.1820272207260131,0.2110985517501831,A,0.615440636199528,0.872462151165141,0.375536481290374,0.3329035434652277,0.25310331594588487,0.7081050311905219,0.5101451449352171
bd84e0e05af15669b4ecd5c8692886d428ffaae4d73c8d6c6e0438a218cd64ef,HECHOS,A-CE,2017.0,0.0,1.0,0.9939,0.2778,0,0.7931,0.0,0.6655654636810282,0.2297803121684822,0.169624347841367,,1624,22,1,0,0,0.806,False,0.2309945821762085,0.2485945224761963,0.2309945821762085,0.2485945224761963,A,0.615440636199528,0.5318610378917045,0.375536481290374,0.6271688647127561,0.47434030790612997,0.5888946415448192,0.572235127445542
bd84e0e05af15669b4ecd5c8692886d428ffaae4d73c8d6c6e0438a218cd64ef,HECHOS,A-CE,2017.0,0.0,1.0,0.9978,0.8333,0,0.7931,0.0,0.6655654636810282,0.2297803121684822,0.169624347841367,,1338,19,2,0,0,0.976,False,0.2309945821762085,0.2485945224761963,0.2309945821762085,0.2485945224761963,A,0.615440636199528,0.8756068964065898,0.375536481290374,0.6271688647127561,0.47434030790612997,0.709205692025029,0.6581715920742632
bd84e0e05af15669b4ecd5c8692886d428ffaae4d73c8d6c6e0438a218cd64ef,DECISIÓN,A-CE,2017.0,0.0,1.0,1.0,0.0,0,0.7931,0.0,0.6331051928732404,0.2151946794714254,0.212787775598097,,409,4,0,0,0,0.621,False,0.1820272207260131,0.2110985517501831,0.1820272207260131,0.2110985517501831,A,0.615440636199528,0.3133564794428533,0.375536481290374,0.3329035434652277,0.25310331594588487,0.5124180460877212,0.3703687270046452
bd84e0e05af15669b4ecd5c8692886d428ffaae4d73c8d6c6e0438a218cd64ef,DECISIÓN,A-CE,2017.0,0.0,1.0,0.9969,0.0,0,0.7931,0.0,0.6331051928732404,0.2151946794714254,0.212787775598097,,679,8,0,0,0,0.59,False,0.1820272207260131,0.2110985517501831,0.1820272207260131,0.2110985517501831,A,0.615440636199528,0.3133564794428533,0.375536481290374,0.3329035434652277,0.25310331594588487,0.5124180460877212,0.3703687270046452
bd84e0e05af15669b4ecd5c8692886d428ffaae4d73c8d6c6e0438a218cd64ef,DECISIÓN,A-CE,2017.0,0.0,1.0,0.9951,0.8333,0,0.7931,0.3333,0.6331051928732404,0.2151946794714254,0.212787775598097,,1919,32,3,1,0,1.01,False,0.1820272207260131,0.2110985517501831,0.1820272207260131,0.2110985517501831,A,0.615440636199528,0.8756068964065898,0.7973065430510441,0.3329035434652277,0.25310331594588487,0.582674673496828,0.4265773188934453
bd84e0e05af15669b4ecd5c8692886d428ffaae4d73c8d6c6e0438a218cd64ef,HECHOS,A-CE,2017.0,0.0,1.0,1.0,0.0,0,0.7931,0.0,0.6655654636810282,0.2297803121684822,0.169624347841367,,256,2,0,0,0,0.344,False,0.2309945821762085,0.2485945224761963,0.2309945821762085,0.2485945224761963,A,0.615440636199528,0.3133564794428533,0.375536481290374,0.6271688647127561,0.47434030790612997,0.5124180460877212,0.5176089878333291
bd84e0e05af15669b4ecd5c8692886d428ffaae4d73c8d6c6e0438a218cd64ef,HECHOS,A-CE,2017.0,0.0,1.0,1.0,0.3889,0,0.7931,0.0,0.6655654636810282,0.2297803121684822,0.169624347841367,,342,3,1,0,0,0.347,False,0.2309945821762085,0.2485945224761963,0.2309945821762085,0.2485945224761963,A,0.615440636199528,0.6206687648996695,0.375536481290374,0.6271688647127561,0.47434030790612997,0.6199773459976069,0.5944370591975332
bd84e0e05af15669b4ecd5c8692886d428ffaae4d73c8d6c6e0438a218cd64ef,HECHOS,A-CE,2017.0,0.0,1.0,1.0,0.5556,0,0.7931,0.0,0.6655654636810282,0.2297803121684822,0.169624347841367,,453,4,1,0,0,0.337,False,0.2309945821762085,0.2485945224761963,0.2309945821762085,0.2485945224761963,A,0.615440636199528,0.7387936504925534,0.375536481290374,0.6271688647127561,0.47434030790612997,0.6613210559551163,0.6239682805957542
bd84e0e05af15669b4ecd5c8692886d428ffaae4d73c8d6c6e0438a218cd64ef,HECHOS,A-CE,2017.0,0.0,1.0,1.0,0.3889,0,0.7931,0.0,0.6655654636810282,0.2297803121684822,0.169624347841367,,573,8,1,0,0,0.377,False,0.2309945821762085,0.2485945224761963,0.2309945821762085,0.2485945224761963,A,0.615440636199528,0.6206687648996695,0.375536481290374,0.6271688647127561,0.47434030790612997,0.6199773459976069,0.5944370591975332
bd84e0e05af15669b4ecd5c8692886d428ffaae4d73c8d6c6e0438a218cd64ef,HECHOS,A-CE,2017.0,0.0,1.0,1.0,0.0,0,0.7931,0.0,0.6655654636810282,0.2297803121684822,0.169624347841367,,386,4,0,0,0,0.3,False,0.2309945821762085,0.2485945224761963,0.2309945821762085,0.2485945224761963,A,0.615440636199528,0.3133564794428533,0.375536481290374,0.6271688647127561,0.47434030790612997,0.5124180460877212,0.5176089878333291
bd84e0e05af15669b4ecd5c8692886d428ffaae4d73c8d6c6e0438a218cd64ef,HECHOS,A-CE,2017.0,0.0,1.0,0.9927,1.0,0,0.7931,0.0,0.6655654636810282,0.2297803121684822,0.169624347841367,,3312,34,5,0,0,1.35,False,0.2309945821762085,0.2485945224761963,0.2309945821762085,0.2485945224761963,A,0.615440636199528,0.924056999575638,0.375536481290374,0.6271688647127561,0.47434030790612997,0.7261632281341959,0.6702841178665253
bd84e0e05af15669b4ecd5c8692886d428ffaae4d73c8d6c6e0438a218cd64ef,HECHOS,A-CE,2017.0,0.0,1.0,1.0,0.0,0,0.7931,0.0,0.6655654636810282,0.2297803121684822,0.169624347841367,,486,7,0,0,0,0.379,False,0.2309945821762085,0.2485945224761963,0.2309945821762085,0.2485945224761963,A,0.615440636199528,0.3133564794428533,0.375536481290374,0.6271688647127561,0.47434030790612997,0.5124180460877212,0.5176089878333291
bd84e0e05af15669b4ecd5c8692886d428ffaae4d73c8d6c6e0438a218cd64ef,HECHOS,A-CE,2017.0,0.0,1.0,0.9821,1.0,0,0.7931,0.0,0.6655654636810282,0.2297803121684822,0.169624347841367,,8000,44,20,0,0,4.055,False,0.2309945821762085,0.2485945224761963,0.2309945821762085,0.2485945224761963,A,0.615440636199528,0.924056999575638,0.375536481290374,0.6271688647127561,0.47434030790612997,0.7261632281341959,0.6702841178665253
bd84e0e05af15669b4ecd5c8692886d428ffaae4d73c8d6c6e0438a218cd64ef,HECHOS,A-CE,2017.0,0.0,1.0,0.9907,1.0,0,0.7931,0.1324,0.6655654636810282,0.2297803121684822,0.169624347841367,,8000,50,14,1,0,4.037,False,0.2309945821762085,0.2485945224761963,0.2309945821762085,0.2485945224761963,A,0.615440636199528,0.924056999575638,0.5591002777952733,0.6271688647127561,0.47434030790612997,0.6710940891827262,0.6335713585655455
bd84e0e05af15669b4ecd5c8692886d428ffaae4d73c8d6c6e0438a218cd64ef,DECISIÓN,A-CE,2017.0,0.0,0.0,1.0,0.0,0,0.7931,0.0,0.6331051928732404,0.2151946794714254,0.212787775598097,,304,0,0,0,0,0.303,False,0.1820272207260131,0.2110985517501831,0.1820272207260131,0.2110985517501831,A,0.024169707443500377,0.3133564794428533,0.375536481290374,0.3329035434652277,0.25310331594588487,0.3054732210231116,0.3703687270046452
bd84e0e05af15669b4ecd5c8692886d428ffaae4d73c8d6c6e0438a218cd64ef,DECISIÓN,A-CE,2017.0,0.0,1.0,0.9891,0.7843,0,0.7931,0.0,0.6331051928732404,0.2151946794714254,0.212787775598097,,8000,79,8,0,0,2.619,False,0.1820272207260131,0.2110985517501831,0.1820272207260131,0.2110985517501831,A,0.615440636199528,0.8569996631570338,0.375536481290374,0.3329035434652277,0.25310331594588487,0.7026931603876844,0.5062795229331903
bd84e0e05af15669b4ecd5c8692886d428ffaae4d73c8d6c6e0438a218cd64ef,HECHOS,A-CE,2017.0,0.0,1.0,0.9939,0.7083,0,0.7931,0.0,0.6655654636810282,0.2297803121684822,0.169624347841367,,785,9,2,0,0,0.846,False,0.2309945821762085,0.2485945224761963,0.2309945821762085,0.2485945224761963,A,0.615440636199528,0.8236191192930988,0.375536481290374,0.6271688647127561,0.47434030790612997,0.6910099700353072,0.6451746477958905
bd84e0e05af15669b4ecd5c8692886d428ffaae4d73c8d6c6e0438a218cd64ef,HECHOS,A-CE,2017.0,0.0,0.0,1.0,0.0,0,0.7931,0.0,0.6655654636810282,0.2297803121684822,0.169624347841367,,345,0,0,0,0,0.317,False,0.2309945821762085,0.2485945224761963,0.2309945821762085,0.2485945224761963,A,0.024169707443500377,0.3133564794428533,0.375536481290374,0.6271688647127561,0.47434030790612997,0.3054732210231116,0.5176089878333291
bd84e0e05af15669b4ecd5c8692886d428ffaae4d73c8d6c6e0438a218cd64ef,HECHOS,A-CE,2017.0,0.0,1.0,0.9958,0.0,0,0.7931,0.0,0.6655654636810282,0.2297803121684822,0.169624347841367,,397,10,0,0,0,0.461,False,0.2309945821762085,0.2485945224761963,0.2309945821762085,0.2485945224761963,A,0.615440636199528,0.3133564794428533,0.375536481290374,0.6271688647127561,0.47434030790612997,0.5124180460877212,0.5176089878333291
bd84e0e05af15669b4ecd5c8692886d428ffaae4d73c8d6c6e0438a218cd64ef,HECHOS,A-CE,2017.0,0.0,1.0,0.9874,1.0,0,0.7931,0.2222,0.6655654636810282,0.2297803121684822,0.169624347841367,,6084,63,9,1,0,2.637,False,0.2309945821762085,0.2485945224761963,0.2309945821762085,0.2485945224761963,A,0.615440636199528,0.924056999575638,0.6777644927955394,0.6271688647127561,0.47434030790612997,0.6354948246826463,0.6098385155654923
bd84e0e05af15669b4ecd5c8692886d428ffaae4d73c8d6c6e0438a218cd64ef,HECHOS,A-CE,2017.0,0.0,1.0,0.9825,0.614,0,0.7931,0.1184,0.6655654636810282,0.2297803121684822,0.169624347841367,,7714,45,7,1,0,2.992,False,0.2309945821762085,0.2485945224761963,0.2309945821762085,0.2485945224761963,A,0.615440636199528,0.7740723614438556,0.5395730731427987,0.6271688647127561,0.47434030790612997,0.6244576272323447,0.5999806399630948
bd84e0e05af15669b4ecd5c8692886d428ffaae4d73c8d6c6e0438a218cd64ef,DECISIÓN,A-CE,2017.0,0.0,1.0,1.0,0.0,0,0.7931,0.0,0.6331051928732404,0.2151946794714254,0.212787775598097,,181,2,0,0,0,0.263,False,0.1820272207260131,0.2110985517501831,0.1820272207260131,0.2110985517501831,A,0.615440636199528,0.3133564794428533,0.375536481290374,0.3329035434652277,0.25310331594588487,0.5124180460877212,0.3703687270046452
bd84e0e05af15669b4ecd5c8692886d428ffaae4d73c8d6c6e0438a218cd64ef,HECHOS,A-CE,2017.0,0.0,1.0,0.9795,0.244,0,0.7931,0.1688,0.6655654636810282,0.2297803121684822,0.169624347841367,,6706,44,5,2,0,2.624,False,0.2309945821762085,0.2485945224761963,0.2309945821762085,0.2485945224761963,A,0.615440636199528,0.5041605861205305,0.6088827705693324,0.6271688647127561,0.47434030790612997,0.5091955966412207,0.5186407566469567
bd84e0e05af15669b4ecd5c8692886d428ffaae4d73c8d6c6e0438a218cd64ef,DECISIÓN,A-CE,2017.0,0.0,1.0,0.9872,0.2368,0,0.7931,0.3026,0.6331051928732404,0.2151946794714254,0.212787775598097,,8000,62,3,3,0,2.407,False,0.1820272207260131,0.2110985517501831,0.1820272207260131,0.2110985517501831,A,0.615440636199528,0.498250813183484,0.7679115173643655,0.3329035434652277,0.25310331594588487,0.4594185520747445,0.33811730322500455
bd84e0e05af15669b4ecd5c8692886d428ffaae4d73c8d6c6e0438a218cd64ef,DECISIÓN,A-CE,2017.0,0.0,1.0,0.9874,0.2368,0,0.7931,0.2039,0.6331051928732404,0.2151946794714254,0.212787775598097,,8000,53,3,2,0,2.366,False,0.1820272207260131,0.2110985517501831,0.1820272207260131,0.2110985517501831,A,0.615440636199528,0.498250813183484,0.6548439219787374,0.3329035434652277,0.25310331594588487,0.49333883069043294,0.36073082230213016
bd84e0e05af15669b4ecd5c8692886d428ffaae4d73c8d6c6e0438a218cd64ef,DECISIÓN,A-CE,2017.0,0.0,1.0,0.9914,0.6528,0,0.7931,0.1667,0.6331051928732404,0.2151946794714254,0.212787775598097,,4300,23,5,1,0,1.838,False,0.1820272207260131,0.2110985517501831,0.1820272207260131,0.2110985517501831,A,0.615440636199528,0.7955713071672597,0.6060611803218141,0.3329035434652277,0.25310331594588487,0.6120358260818315,0.44481749412945876
bd84e0e05af15669b4ecd5c8692886d428ffaae4d73c8d6c6e0438a218cd64ef,CONSIDERACIONES,A-CE,2017.0,0.0,0.0,0.9864,0.0,0,0.7931,0.0,0.6892270600897735,0.2762577845430156,0.2541524606249253,,238,0,0,0,0,0.355,False,0.2568180561065674,0.2945219278335571,0.2568180561065674,0.2945219278335571,A,0.024169707443500377,0.3133564794428533,0.375536481290374,0.7615006658771991,0.749679059081982,0.3054732210231116,0.6196928684760545
bd84e0e05af15669b4ecd5c8692886d428ffaae4d73c8d6c6e0438a218cd64ef,CONSIDERACIONES,A-CE,2017.0,0.0,1.0,0.9888,0.3274,0,0.7931,0.0,0.6892270600897735,0.2762577845430156,0.2541524606249253,,3485,18,7,0,0,1.295,False,0.2568180561065674,0.2945219278335571,0.2568180561065674,0.2945219278335571,A,0.615440636199528,0.5721104555263044,0.375536481290374,0.7615006658771991,0.749679059081982,0.6029819377169291,0.6843813624969173
bd84e0e05af15669b4ecd5c8692886d428ffaae4d73c8d6c6e0438a218cd64ef,DECISIÓN,A-CE,2017.0,0.0,1.0,1.0,0.0,0,0.7931,0.0,0.6331051928732404,0.2151946794714254,0.212787775598097,,558,8,0,0,0,0.603,False,0.1820272207260131,0.2110985517501831,0.1820272207260131,0.2110985517501831,A,0.615440636199528,0.3133564794428533,0.375536481290374,0.3329035434652277,0.25310331594588487,0.5124180460877212,0.3703687270046452
bd84e0e05af15669b4ecd5c8692886d428ffaae4d73c8d6c6e0438a218cd64ef,CARGOS,A-CE,2017.0,0.0,1.0,1.0,0.0,0,0.7931,0.0,0.6244903226533617,0.2294916055098497,0.2180378373016414,,352,3,0,0,0,0.405,False,0.2385858297348022,0.2615718841552734,0.2385858297348022,0.2615718841552734,A,0.615440636199528,0.3133564794428533,0.375536481290374,0.6700639540205621,0.5587872225799385,0.5124180460877212,0.5495116520258229
bd84e0e05af15669b4ecd5c8692886d428ffaae4d73c8d6c6e0438a218cd64ef,DECISIÓN,A-CE,2017.0,0.0,0.0,1.0,0.1944,0,0.7931,0.0,0.6331051928732404,0.2151946794714254,0.212787775598097,,673,0,1,0,0,0.613,False,0.1820272207260131,0.2110985517501831,0.1820272207260131,0.2110985517501831,A,0.024169707443500377,0.4635131760132583,0.375536481290374,0.3329035434652277,0.25310331594588487,0.3580280648227533,0.4079079011472464
bd84e0e05af15669b4ecd5c8692886d428ffaae4d73c8d6c6e0438a218cd64ef,HECHOS,A-CE,2017.0,0.0,1.0,1.0,0.0775,0,0.7931,0.0,0.6655654636810282,0.2297803121684822,0.169624347841367,,3411,28,2,0,0,2.173,False,0.2309945821762085,0.2485945224761963,0.2309945821762085,0.2485945224761963,A,0.615440636199528,0.37051203416711853,0.375536481290374,0.6271688647127561,0.47434030790612997,0.532422490241214,0.5318978765143955
bd84e0e05af15669b4ecd5c8692886d428ffaae4d73c8d6c6e0438a218cd64ef,DECISIÓN,A-CE,2017.0,0.0,0.5042,0.9931,0.0,0,0.7931,0.0,0.6331051928732404,0.2151946794714254,0.212787775598097,,975,5,0,0,0,0.623,False,0.1820272207260131,0.2110985517501831,0.1820272207260131,0.2110985517501831,A,0.16847601660287756,0.3133564794428533,0.375536481290374,0.3329035434652277,0.25310331594588487,0.3559804292288936,0.3703687270046452
bd84e0e05af15669b4ecd5c8692886d428ffaae4d73c8d6c6e0438a218cd64ef,HECHOS,A-CE,2017.0,0.0,1.0,0.9916,0.0,0,0.7931,0.0,0.6655654636810282,0.2297803121684822,0.169624347841367,,796,5,0,0,0,0.538,False,0.2309945821762085,0.2485945224761963,0.2309945821762085,0.2485945224761963,A,0.615440636199528,0.3133564794428533,0.375536481290374,0.6271688647127561,0.47434030790612997,0.5124180460877212,0.5176089878333291
bd84e0e05af15669b4ecd5c8692886d428ffaae4d73c8d6c6e0438a218cd64ef,HECHOS,A-CE,2017.0,0.0,1.0,0.9859,0.1667,0,0.7931,0.0,0.6655654636810282,0.2297803121684822,0.169624347841367,,1162,5,1,0,0,0.761,False,0.2309945821762085,0.2485945224761963,0.2309945821762085,0.2485945224761963,A,0.615440636199528,0.4409879157271208,0.375536481290374,0.6271688647127561,0.47434030790612997,0.5570890487872149,0.5495168469043961
bd84e0e05af15669b4ecd5c8692886d428ffaae4d73c8d6c6e0438a218cd64ef,DECISIÓN,A-CE,2017.0,0.0,0.6879,0.965,0.0545,0,0.7931,0.0,0.6331051928732404,0.2151946794714254,0.212787775598097,,8000,29,2,0,0,3.705,False,0.1820272207260131,0.2110985517501831,0.1820272207260131,0.2110985517501831,A,0.30349151057476664,0.35307819195010215,0.375536481290374,0.3329035434652277,0.25310331594588487,0.4171384514965919,0.3802991551314574
bd84e0e05af15669b4ecd5c8692886d428ffaae4d73c8d6c6e0438a218cd64ef,HECHOS,A-CE,2017.0,0.0,0.3714,0.996,0.0,0,0.7931,0.0,0.6655654636810282,0.2297803121684822,0.169624347841367,,557,2,0,0,0,0.475,False,0.2309945821762085,0.2485945224761963,0.2309945821762085,0.2485945224761963,A,0.10432803684448139,0.3133564794428533,0.375536481290374,0.6271688647127561,0.47434030790612997,0.3335286363134549,0.5176089878333291
bd84e0e05af15669b4ecd5c8692886d428ffaae4d73c8d6c6e0438a218cd64ef,HECHOS,A-CE,2017.0,0.0,0.7676,0.9803,0.1417,0,0.7931,0.0,0.6655654636810282,0.2297803121684822,0.169624347841367,,5482,19,4,0,0,3.232,False,0.2309945821762085,0.2485945224761963,0.2309945821762085,0.2485945224761963,A,0.37789263764552605,0.4208621394411093,0.375536481290374,0.6271688647127561,0.47434030790612997,0.4669032275932101,0.5444854028328932
bd84e0e05af15669b4ecd5c8692886d428ffaae4d73c8d6c6e0438a218cd64ef,DECISIÓN,A-CE,2017.0,0.0,0.6559,0.9712,0.0,0,0.7931,0.0,0.6331051928732404,0.2151946794714254,0.212787775598097,,3075,11,0,0,0,2.06,False,0.1820272207260131,0.2110985517501831,0.1820272207260131,0.2110985517501831,A,0.2760548465924821,0.3133564794428533,0.375536481290374,0.3329035434652277,0.25310331594588487,0.39363301972525516,0.3703687270046452
bd84e0e05af15669b4ecd5c8692886d428ffaae4d73c8d6c6e0438a218cd64ef,HECHOS,A-CE,2017.0,0.0,1.0,0.9854,0.0,0,0.7931,0.0,0.6655654636810282,0.2297803121684822,0.169624347841367,,883,9,0,0,0,0.686,False,0.2309945821762085,0.2485945224761963,0.2309945821762085,0.2485945224761963,A,0.615440636199528,0.3133564794428533,0.375536481290374,0.6271688647127561,0.47434030790612997,0.5124180460877212,0.5176089878333291
bd84e0e05af15669b4ecd5c8692886d428ffaae4d73c8d6c6e0438a218cd64ef,DECISIÓN,A-CE,2017.0,0.0,1.0,0.985,0.3542,0,0.7931,0.0,0.6331051928732404,0.2151946794714254,0.212787775598097,,2917,24,2,0,0,1.722,False,0.1820272207260131,0.2110985517501831,0.1820272207260131,0.2110985517501831,A,0.615440636199528,0.5935012525651557,0.375536481290374,0.3329035434652277,0.25310331594588487,0.610468716680527,0.4404049202852208
bdc843a5729f89c090c977a95b172b7f68ebeae0ac0488fb1cc3d6ef9f84b86a,CONSIDERACIONES,A-CE,2020.0,0.0,0.65,1.0,0.0,0,0.8966,0.0,0.6412303607021314,0.268556226083389,0.2622987436132091,,344,1,0,0,0,0.305,False,0.2079010605812072,0.2329031229019165,0.2079010605812072,0.2329031229019165,A,0.27116699167845204,0.3133564794428533,0.375536481290374,0.48675367997680213,0.3745864243669632,0.39192227050534467,0.4485128964679119
bdc843a5729f89c090c977a95b172b7f68ebeae0ac0488fb1cc3d6ef9f84b86a,CONSIDERACIONES,A-CE,2020.0,0.0,1.0,0.9874,0.0402,0,0.8966,0.0,0.6412303607021314,0.268556226083389,0.2622987436132091,,8000,66,1,0,0,2.356,False,0.2079010605812072,0.2329031229019165,0.2079010605812072,0.2329031229019165,A,0.615440636199528,0.34242941181870457,0.375536481290374,0.48675367997680213,0.3745864243669632,0.5225935724192692,0.4557811295618748
bdc843a5729f89c090c977a95b172b7f68ebeae0ac0488fb1cc3d6ef9f84b86a,DECISIÓN,A-CE,2020.0,0.0,0.65,1.0,0.0,0,0.8966,0.0,0.6740081716812056,0.2544432126095204,0.2772324119102285,,1974,3,0,0,0,0.655,False,0.3078264594078064,0.3285096883773803,0.3078264594078064,0.3285096883773803,A,0.27116699167845204,0.3133564794428533,0.375536481290374,0.9188442908406445,0.8791777320308413,0.39192227050534467,0.7006628718030323
bdd5ae3bf5317406cf2a68a87f919601ea55f06fc429525561d542cc52d9b488,DECISIÓN,A-CE,2008.0,0.0,1.0,0.9816,0.0,0,0.4828,0.7692,0.6965475912460922,0.2384575990528209,0.2389246307582291,,3865,21,0,5,0,1.207,False,0.2428072094917297,0.271147072315216,0.2428072094917297,0.271147072315216,A,0.615440636199528,0.3133564794428533,0.9786632687439141,0.6927977784244237,0.6192454523070517,0.33148000985165926,0.44893477902188905
bde275be985fa79f49013e2a47f9834415d6fdb60c79098a629076726efb806c,CONSIDERACIONES,A-CSJ,2014.0,0.0,1.0,0.9962,0.0,1,0.6897,0.0,0.7183615728331102,0.2652322324816293,0.2238731266245647,,8000,39,0,0,0,2.401,False,0.2073553800582885,0.2392354011535644,0.2073553800582885,0.2392354011535644,A,0.615440636199528,0.3133564794428533,0.375536481290374,0.4833713179300432,0.41406385975529786,0.5124180460877212,0.45522455682921315
bde275be985fa79f49013e2a47f9834415d6fdb60c79098a629076726efb806c,DECISIÓN,A-CSJ,2014.0,0.0,1.0,0.9864,0.0,1,0.6897,0.0,0.6920114298712625,0.2455078103931842,0.2312487646875314,,8000,39,0,0,0,2.609,False,0.1771776676177978,0.2116134762763977,0.1771776676177978,0.2116134762763977,A,0.615440636199528,0.3133564794428533,0.375536481290374,0.3067349921624007,0.2556543454852096,0.5124180460877212,0.3617199399565207
bdeb25833f827d6b54afb413b2a26661c9f7c0ae60acc82eb376a187ad0c0ef8,HECHOS,A-CE,2014.0,0.0,1.0,0.9946,0.3042,0,0.6897,0.0966,0.7077052934595467,0.2610618657051848,0.2349505715895257,,8000,52,9,2,0,2.832,False,0.2185693979263305,0.2617796063423157,0.2185693979263305,0.2617796063423157,A,0.615440636199528,0.5533697299918454,0.508945353104742,0.5527399271718872,0.5601244750284743,0.5564000222355581,0.5420372313928683
bdeb25833f827d6b54afb413b2a26661c9f7c0ae60acc82eb376a187ad0c0ef8,CONSIDERACIONES,A-CE,2014.0,0.0,1.0,0.9974,0.0397,0,0.6897,0.0,0.7298844232527336,0.300254125643254,0.2501589472857602,,8000,77,1,0,0,2.75,False,0.1849626898765564,0.2318205833435058,0.1849626898765564,0.2318205833435058,A,0.615440636199528,0.34205985868256006,0.375536481290374,0.3492732214164654,0.3679859911347902,0.5224642288216186,0.40625049413528613
bdeb25833f827d6b54afb413b2a26661c9f7c0ae60acc82eb376a187ad0c0ef8,DECISIÓN,A-CE,2014.0,0.0,0.9286,0.996,0.0,0,0.6897,0.0,0.6656603466823365,0.2125331067924499,0.2350754745896666,,964,5,0,0,0,0.504,False,0.2537375688552856,0.2666516304016113,0.2537375688552856,0.2666516304016113,A,0.5430467933184526,0.3133564794428533,0.375536481290374,0.7473407091225548,0.591199245122381,0.4870802010793448,0.5830409208200089
bec5401dce335865ec7fced997d7cec4a91db27fa43fb81931555ce9f773ea95,CONSIDERACIONES,A-CSJ,2004.0,0.0,1.0,0.9819,0.5637,1,0.3448,0.0,0.7244592567879771,0.2791840780560504,0.2557904236957719,,8000,53,12,0,0,2.197,False,0.2307032346725464,0.2695922255516052,0.2307032346725464,0.2695922255516052,A,0.615440636199528,0.7438930969608271,0.375536481290374,0.625476723337733,0.6096244697638219,0.663105862219012,0.6517077251031029
bec5401dce335865ec7fced997d7cec4a91db27fa43fb81931555ce9f773ea95,DECISIÓN,A-CSJ,2004.0,0.0,0.5567,0.9897,0.0,1,0.3448,0.0,0.6500934281589354,0.2061665892262516,0.249747415855893,,944,4,0,0,0,0.309,False,0.1826179027557373,0.2205507159233093,0.1826179027557373,0.2205507159233093,A,0.20139083175376327,0.3133564794428533,0.375536481290374,0.3361667844314021,0.302538826002805,0.3675006145317036,0.3813979633541902
c0a97e16ecc76c1678ed472ed18e1de11c5aa3f2676ed290d280a95f8d1e3833,HECHOS,A-CSJ,2001.0,0.0,1.0,0.9872,0.3933,1,0.2414,0.0,0.7046703932899079,0.2321838920922835,0.2146254805109385,,8000,45,7,0,0,1.563,False,0.2209731936454773,0.2687011957168579,0.2209731936454773,0.2687011957168579,A,0.615440636199528,0.6240640253095121,0.375536481290374,0.567436534091071,0.6040717907100847,0.6211656871410518,0.6003258551431949
c0a97e16ecc76c1678ed472ed18e1de11c5aa3f2676ed290d280a95f8d1e3833,CONSIDERACIONES,A-CSJ,2001.0,0.0,1.0,0.9945,0.58,1,0.2414,0.0,0.7085487149913422,0.2712618080213445,0.2155368607663005,,8000,56,9,0,0,1.484,False,0.2330513596534729,0.2777105569839477,0.2330513596534729,0.2777105569839477,A,0.615440636199528,0.7539552528876197,0.375536481290374,0.6390241381644943,0.6587628555055282,0.6666276167933894,0.6687925364225087
c0a97e16ecc76c1678ed472ed18e1de11c5aa3f2676ed290d280a95f8d1e3833,DECISIÓN,A-CSJ,2001.0,0.0,0.4313,0.9927,0.0,1,0.2414,0.0,0.6815495083587654,0.2836190803149674,0.2839546352909508,,1121,3,0,0,0,0.334,False,0.2145556807518005,0.2459249496459961,0.2145556807518005,0.2459249496459961,A,0.1300694089220761,0.3133564794428533,0.375536481290374,0.5280064320603616,0.45699188313651584,0.34253811654061306,0.47943245145106816
c1d74a603a6e0b5d0e3d380e5769fd704d0aceb9a346caacaedaafd9ee740f8c,HECHOS,A-CSJ,2010.0,0.0,1.0,0.983,1.0,1,0.5517,0.0,0.698104475608245,0.2188123350625123,0.222206485030818,,2058,11,4,0,0,0.478,False,0.2650789618492126,0.2835397720336914,0.2650789618492126,0.2835397720336914,A,0.615440636199528,0.924056999575638,0.375536481290374,0.7967212754373062,0.6921192779578581,0.7261632281341959,0.7731832556304635
c1d74a603a6e0b5d0e3d380e5769fd704d0aceb9a346caacaedaafd9ee740f8c,CONSIDERACIONES,A-CSJ,2010.0,0.0,1.0,0.991,0.3646,1,0.5517,0.0,0.706475028007357,0.2875532119884147,0.2324340182998689,,8000,68,5,0,0,1.503,False,0.1789391040802002,0.2208211421966552,0.1789391040802002,0.2208211421966552,A,0.615440636199528,0.6017122070329779,0.375536481290374,0.3161079231180451,0.30403137958858817,0.6133425507442648,0.4467648045092031
c1d74a603a6e0b5d0e3d380e5769fd704d0aceb9a346caacaedaafd9ee740f8c,DECISIÓN,A-CSJ,2010.0,0.0,0.4333,0.9912,0.0,1,0.5517,0.0,0.6641502241560656,0.2419105493696335,0.2684802628789047,,527,1,0,0,0,0.231,False,0.2429633736610412,0.2915719747543335,0.2429633736610412,0.2915719747543335,A,0.13101564848505567,0.3133564794428533,0.375536481290374,0.693621951468483,0.7349430183148616,0.34286930038765595,0.5929881102795799
c1d9f13438c1de88e1250ceffbdc7f8ae1c0d6f4c7312a047a7289936076f993,CONSIDERACIONES,A-CSJ,2015.0,0.0,1.0,0.9949,0.2857,1,0.7241,0.1607,0.7063124230760462,0.2801338980004264,0.2269411203744495,,8000,62,3,1,0,1.522,False,0.2061051130294799,0.2586032152175903,0.2061051130294799,0.2586032152175903,A,0.615440636199528,0.5383134611087591,0.5979610080552799,0.4756278692655361,0.5395918046863674,0.5244256316413165,0.48937427884634493
c1d9f13438c1de88e1250ceffbdc7f8ae1c0d6f4c7312a047a7289936076f993,DECISIÓN,A-CSJ,2015.0,0.0,1.0,0.9949,0.0,1,0.7241,0.0,0.6685922943481273,0.2436978630648621,0.2860582657631879,,827,5,0,0,0,0.265,False,0.3327490091323852,0.3656598329544067,0.3327490091323852,0.3656598329544067,A,0.615440636199528,0.3133564794428533,0.375536481290374,0.9545758858249819,0.9505008483372926,0.5124180460877212,0.7274335533088406
c221692920ea88fd4ff45ef2cde02373df0f012b759d04af628ce4a4ac23ac36,HECHOS,A-CE,2013.0,0.0,1.0,1.0,0.4167,0,0.6552,0.0,0.6356896924448654,0.253522218951835,0.2332042431701041,,570,3,1,0,0,0.248,False,0.2338017225265503,0.2775000333786011,0.2338017225265503,0.2775000333786011,A,0.615440636199528,0.6419097133259613,0.375536481290374,0.6433082667292467,0.6575256553810138,0.627411677946809,0.6420331565048545
c221692920ea88fd4ff45ef2cde02373df0f012b759d04af628ce4a4ac23ac36,CONSIDERACIONES,A-CE,2013.0,0.0,1.0,0.9852,0.2045,0,0.6552,0.0,0.6790070584682107,0.1971854025383732,0.2036413965373074,,8000,44,9,0,0,1.976,False,0.2067885398864746,0.238858938217163,0.2067885398864746,0.238858938217163,A,0.615440636199528,0.4717685040255795,0.375536481290374,0.47985941615723143,0.4116801957553329,0.5678622546916754,0.49312166455441764
c221692920ea88fd4ff45ef2cde02373df0f012b759d04af628ce4a4ac23ac36,HECHOS,A-CE,2013.0,0.0,1.0,0.9812,0.8333,0,0.6552,0.1324,0.6356896924448654,0.253522218951835,0.2332042431701041,,8000,57,20,2,0,1.784,False,0.2338017225265503,0.2775000333786011,0.2338017225265503,0.2775000333786011,A,0.615440636199528,0.8756068964065898,0.5591002777952733,0.6433082667292467,0.6575256553810138,0.6541365530735592,0.6637446929740318
c221692920ea88fd4ff45ef2cde02373df0f012b759d04af628ce4a4ac23ac36,DECISIÓN,A-CE,2013.0,0.0,0.0,1.0,0.0,0,0.6552,0.0,0.6423985813930652,0.3124564320938441,0.2894630796920945,,201,0,0,0,0,0.191,False,0.2597730159759521,0.2913604974746704,0.2597730159759521,0.2913604974746704,A,0.024169707443500377,0.3133564794428533,0.375536481290374,0.7745623776762138,0.7338655734724546,0.3054732210231116,0.6211017704838042
c221692920ea88fd4ff45ef2cde02373df0f012b759d04af628ce4a4ac23ac36,DECISIÓN,A-CE,2013.0,0.0,1.0,0.9821,0.0285,0,0.6552,0.1494,0.6423985813930652,0.3124564320938441,0.2894630796920945,,8000,33,1,3,0,1.796,False,0.2597730159759521,0.2913604974746704,0.2597730159759521,0.2913604974746704,A,0.615440636199528,0.3338327220314017,0.5825628616957091,0.7745623776762138,0.7338655734724546,0.4574768168721126,0.5848155550498744
c222575da4c1142a1ed597fce69cdc6b07972429ba1b46edee5f3455993d3d87,DECISIÓN,A-CE,2006.0,0.0,0.65,0.9918,0.0,0,0.4138,0.0,0.6657201891721118,0.2376715139674904,0.268302281327661,,523,3,0,0,0,0.232,False,0.1837408542633056,0.2552036643028259,0.1837408542633056,0.2552036643028259,A,0.27116699167845204,0.3133564794428533,0.375536481290374,0.34241369039715996,0.5174685640259314,0.39192227050534467,0.4265703280468308
c278eaf7ad429d8147d40896646995454f2cdcc30301c360a1b8148e0717ed11,CONSIDERACIONES,A-CSJ,2010.0,0.0,1.0,0.9816,0.2639,1,0.5517,0.0,0.7051051409208899,0.2662394983341873,0.2520655889915755,,8000,36,5,0,0,1.563,False,0.3040875792503357,0.3288625478744507,0.3040875792503357,0.3288625478744507,A,0.615440636199528,0.5204834524652439,0.375536481290374,0.911651061851655,0.8801533568192725,0.584912486645558,0.7501221098701699
c278eaf7ad429d8147d40896646995454f2cdcc30301c360a1b8148e0717ed11,DECISIÓN,A-CSJ,2010.0,0.0,1.0,0.996,0.0,1,0.5517,0.0,0.6692464581040636,0.2411261153065337,0.2602241067108767,,8000,48,0,0,0,1.494,False,0.246886670589447,0.3271717429161072,0.246886670589447,0.3271717429161072,A,0.615440636199528,0.3133564794428533,0.375536481290374,0.7139135138120551,0.8754160140641257,0.5124180460877212,0.628184756249683
c42ba148300730f4a0717710f055cbdad5d219b3ea7f247ede099d00057b0438,HECHOS,A-CSJ,2015.0,0.0,1.0,0.9851,0.0,1,0.7241,0.0,0.6718956227421646,0.1914555433760723,0.2141960776044958,,539,3,0,0,0,0.228,False,0.1537907123565673,0.2401356697082519,0.1537907123565673,0.2401356697082519,A,0.615440636199528,0.3133564794428533,0.375536481290374,0.19848376414696406,0.4197802739100887,0.5124180460877212,0.3566571958360937
c42ba148300730f4a0717710f055cbdad5d219b3ea7f247ede099d00057b0438,CONSIDERACIONES,A-CSJ,2015.0,0.0,1.0,0.9917,0.5648,1,0.7241,0.2361,0.7078720808253955,0.2616702101450964,0.2370778719554646,,6906,40,7,2,0,1.365,False,0.2307856678962707,0.2692227363586426,0.2307856678962707,0.2692227363586426,A,0.615440636199528,0.7445805570998091,0.6946270032361528,0.6259558073966136,0.6073252599508954,0.5676193166839221,0.5877693232067156
c42ba148300730f4a0717710f055cbdad5d219b3ea7f247ede099d00057b0438,DECISIÓN,A-CSJ,2015.0,0.0,0.8667,0.9875,0.0,1,0.7241,0.0,0.6627714248326149,0.2220756695280765,0.251034850872126,,478,2,0,0,0,0.229,False,0.1795789003372192,0.2345304489135742,0.1795789003372192,0.2345304489135742,A,0.4786601584403959,0.3133564794428533,0.375536481290374,0.31955028432189747,0.3845962162617869,0.464544878872025,0.39199366636766
c47ce5a90ec4b4ce6f2159aa0174f163cd8fce28d59739cdc2705b2c1abb4178,HECHOS,A-CSJ,,0.0,0.8667,0.9837,1.0,1,0.5,0.5,0.6674033546354564,0.1546837924091902,0.1678797289874088,,823,2,3,1,0,0.293,False,0.1586767435073852,0.1924754977226257,0.1586767435073852,0.1924754977226257,A,0.4786601584403959,0.924056999575638,0.9096087478000721,0.21847998185274467,0.17242092789323843,0.5180683809655902,0.3600446795610034
c47ce5a90ec4b4ce6f2159aa0174f163cd8fce28d59739cdc2705b2c1abb4178,DECISIÓN,A-CSJ,,0.0,1.0,0.9965,0.0,1,0.5,0.0,0.6445126323410441,0.229615469493714,0.2209994678913658,,1308,6,0,0,0,0.394,False,0.2210384011268615,0.2593324780464172,0.2210384011268615,0.2593324780464172,A,0.615440636199528,0.3133564794428533,0.375536481290374,0.567833678227174,0.5443203491390181,0.5124180460877212,0.510837680809953
c4c4285e78cae07499403437df09c3f829e07d5a91849d50969ea1830d3004d7,CONSIDERACIONES,A-CE,2017.0,0.0,1.0,0.9927,0.0595,0,0.7931,0.0804,0.7176269700995196,0.2832213946193891,0.2466092766296779,,8000,66,1,1,0,1.531,False,0.2054315209388733,0.2452822923660278,0.2054315209388733,0.2452822923660278,A,0.615440636199528,0.3568368908038639,0.48612889259882525,0.47146063463750365,0.45282946064981866,0.4944584666715396,0.447560558434291
c4c4285e78cae07499403437df09c3f829e07d5a91849d50969ea1830d3004d7,DECISIÓN,A-CE,2017.0,0.0,1.0,0.995,0.0,0,0.7931,0.0,0.7048520349645743,0.2820778208976729,0.290650972535084,,1544,9,0,0,0,0.399,False,0.2234242558479309,0.2601044178009033,0.2234242558479309,0.2601044178009033,A,0.615440636199528,0.3133564794428533,0.375536481290374,0.5823007310949566,0.5493169023644692,0.5124180460877212,0.5169004599587671
c4d4e8b6d81885862d74cc32fa685017576893d2d5cf8180f4b250c9b40ee8cf,CONSIDERACIONES,A-CE,2018.0,0.0,1.0,0.9983,1.0,0,0.8276,0.2604,0.6868200002317767,0.2469504321297578,0.2031933402275336,,8000,44,16,3,0,1.561,False,0.2126097083091735,0.2693784236907959,0.2126097083091735,0.2693784236907959,A,0.615440636199528,0.924056999575638,0.722874849553508,0.5159575618951272,0.6082946376353838,0.6219617176552557,0.5886833541735792
c4d4e8b6d81885862d74cc32fa685017576893d2d5cf8180f4b250c9b40ee8cf,DECISIÓN,A-CE,2018.0,0.0,0.975,0.99,0.0,0,0.8276,0.0,0.6751360377102542,0.2794137156930859,0.2964600636241027,,703,3,0,0,0,0.259,False,0.3005368113517761,0.3273690938949585,0.3005368113517761,0.3273690938949585,A,0.5904992427032943,0.3133564794428533,0.375536481290374,0.9042917392436386,0.8759771278387444,0.5036885583640395,0.6949293579056609
c643525bb6a6c431abdcf40b4c43789f35ce88ee1d6b2ee6a8da1683f910c9e5,CONSIDERACIONES,A-CSJ,2015.0,0.0,1.0,0.9956,0.6429,1,0.7241,0.1768,0.7053461837468771,0.2775337152625279,0.2469585524061139,,8000,70,6,1,0,1.519,False,0.1975785493850708,0.2594618201255798,0.1975785493850708,0.2594618201255798,A,0.615440636199528,0.7902340760147898,0.6195637284457853,0.4233196138549489,0.5451581950247418,0.6061170307412755,0.5308392771687209
c643525bb6a6c431abdcf40b4c43789f35ce88ee1d6b2ee6a8da1683f910c9e5,DECISIÓN,A-CSJ,2015.0,0.0,1.0,0.992,0.0,1,0.7241,0.45,0.6872855376275447,0.2790631522740558,0.2885371687679289,,1164,5,0,1,0,0.327,False,0.2162273526191711,0.2805402278900146,0.2162273526191711,0.2805402278900146,A,0.615440636199528,0.3133564794428533,0.8836159093708268,0.5383314526187479,0.6751776330695227,0.3599942176635854,0.42506747301701425
c69dc286db3c9455d3cf0679ea98fd3d52677841a01ff41d415f390d1843b778,CONSIDERACIONES,A-CSJ,2014.0,0.0,1.0,0.9882,0.3485,1,0.6897,0.0,0.7275411760668047,0.3115561504115575,0.2523018607599145,,8000,42,5,0,0,1.505,False,0.1831457614898681,0.2192278504371643,0.1831457614898681,0.2192278504371643,A,0.615440636199528,0.5889784306029883,0.375536481290374,0.33909625670910726,0.2952978626702561,0.6088857289937685,0.449880573774911
c69dc286db3c9455d3cf0679ea98fd3d52677841a01ff41d415f390d1843b778,DECISIÓN,A-CSJ,2014.0,0.0,1.0,0.997,0.0,1,0.6897,0.0,0.6534116611117846,0.2377888851077996,0.2357017698571888,,586,6,0,0,0,0.247,False,0.2052969336509704,0.2365316152572631,0.2052969336509704,0.2365316152572631,A,0.615440636199528,0.3133564794428533,0.375536481290374,0.47062845688487254,0.39703999069770657,0.5124180460877212,0.44735978165188517
c76a6c050b25c99f092552260ef4e0f164d8af4246b2c4a7d0a57488486bf8e1,CONSIDERACIONES,A-CE,2004.0,0.0,1.0,0.99,0.0933,0,0.3448,0.099,0.702001377133363,0.2637405550236104,0.2341100863589522,,8000,59,2,1,0,1.559,False,0.2069825530052185,0.2592955827713012,0.2069825530052185,0.2592955827713012,A,0.615440636199528,0.3826901972241024,0.5123246958747033,0.48106123281078117,0.5440813044994112,0.49564838293585967,0.4703953025147406
c76a6c050b25c99f092552260ef4e0f164d8af4246b2c4a7d0a57488486bf8e1,DECISIÓN,A-CE,2004.0,0.0,0.7167,0.9966,0.0,0,0.3448,0.0,0.6429742961890355,0.3104501568740878,0.3089912151323024,,639,2,0,0,0,0.263,False,0.1931738853454589,0.231057584285736,0.1931738853454589,0.231057584285736,A,0.32944957658246127,0.3133564794428533,0.375536481290374,0.3968837195887921,0.3633632234878206,0.4123211752217479,0.41481377015627985
c7e4faba1b79c771b2d9d5a77f76bc76dfe53206730ef2f190253b7e683c767a,DECISIÓN,A-CE,,0.0,1.0,0.9919,0.0,0,0.5,0.0,0.6645240659717578,0.3013438861564528,0.305064527790742,,1755,11,0,0,0,0.439,False,0.24530029296875,0.2807588577270508,0.24530029296875,0.2807588577270508,A,0.615440636199528,0.3133564794428533,0.375536481290374,0.7058058295736938,0.6764287949930827,0.5124180460877212,0.5855496229520478
c82de3033e6e9712e9be936eee8721f54a629b33209e086bf635a934495f1246,HECHOS,A-CSJ,2018.0,0.0,1.0,0.9925,1.0,1,0.8276,0.0,0.6731243380977628,0.1870643007050654,0.1848671789161731,,1001,7,4,0,0,0.319,False,0.1596888303756714,0.2153766751289367,0.1596888303756714,0.2153766751289367,A,0.615440636199528,0.924056999575638,0.375536481290374,0.22279874395806737,0.27480398770768005,0.7261632281341959,0.48884731156269434
c82de3033e6e9712e9be936eee8721f54a629b33209e086bf635a934495f1246,CARGOS,A-CSJ,2018.0,0.0,1.0,0.9858,0.2333,1,0.8276,0.0,0.7024367973632643,0.2655321162312796,0.2404139975675704,,2004,18,1,0,0,0.494,False,0.2394452691078186,0.280401349067688,0.2394452691078186,0.280401349067688,A,0.615440636199528,0.495378081259308,0.375536481290374,0.674761851884519,0.6743815633177351,0.5761256067234803,0.6197801848798808
c82de3033e6e9712e9be936eee8721f54a629b33209e086bf635a934495f1246,CARGOS,A-CSJ,2018.0,0.0,1.0,0.9923,0.713,1,0.8276,0.0,0.7024367973632643,0.2655321162312796,0.2404139975675704,,8000,45,8,0,0,1.539,False,0.2394452691078186,0.280401349067688,0.2394452691078186,0.280401349067688,A,0.615440636199528,0.8258496574890455,0.375536481290374,0.674761851884519,0.6743815633177351,0.6917906584038884,0.7023980789373152
c82de3033e6e9712e9be936eee8721f54a629b33209e086bf635a934495f1246,CONSIDERACIONES,A-CSJ,2018.0,0.0,1.0,0.9882,0.7708,1,0.8276,0.0,0.713788027746696,0.262419123694107,0.240642412583266,,8000,41,8,0,0,1.562,False,0.2452776432037353,0.286401093006134,0.2452776432037353,0.286401093006134,A,0.615440636199528,0.8514812755394,0.375536481290374,0.7056891044569644,0.7078125966933259,0.7007617247215125,0.7263167285253779
c82de3033e6e9712e9be936eee8721f54a629b33209e086bf635a934495f1246,DECISIÓN,A-CSJ,2018.0,0.0,0.325,0.9944,0.0,1,0.8276,0.0,0.659736707857922,0.2284894167109138,0.2520248553459012,,456,1,0,0,0,0.217,False,0.2544048428535461,0.2994747161865234,0.2544048428535461,0.2994747161865234,A,0.08758787535064123,0.3133564794428533,0.375536481290374,0.7504546057818371,0.7731648723109193,0.32766957979061084,0.6205239100884653
c8e3b5b128862d35b4ebe6fd4323025015e2d201ca2308a54e13c572ef49efda,DECISIÓN,A-CE,,0.0,0.7325,0.9828,0.0,0,0.5,0.0,0.6623800636505147,0.211337746585689,0.2281702383878489,,2170,5,0,0,0,0.526,False,0.249560534954071,0.279361367225647,0.249560534954071,0.279361367225647,A,0.34415904698284505,0.3133564794428533,0.375536481290374,0.7272713229590275,0.6683884668427823,0.4174694898618822,0.5914544800068545
c96e93212fb2bae3565e40a81b6de60161342d5c6b5ee3a5e0f398533b9b805d,CONSIDERACIONES,A-CSJ,2016.0,0.0,1.0,0.994,0.2,1,0.7586,0.1125,0.7051462619041476,0.2726606150368273,0.2355064927963481,,8000,69,3,1,0,1.602,False,0.2165018320083618,0.259990394115448,0.2165018320083618,0.259990394115448,A,0.615440636199528,0.4680882091856106,0.53130367571925,0.5400238634972345,0.5485794596063944,0.5198439931690235,0.5094855612978636
c9d3820f5dc36b34223fe2be9521cc1765c30851334d348bf3fd01451e589301,DECISIÓN,A-CE,2017.0,0.0,0.65,1.0,0.0,0,0.7931,0.0,0.6696622186689823,0.3748555008159795,0.3288068426241542,,230,1,0,0,0,0.19,False,0.2167081832885742,0.254434585571289,0.2167081832885742,0.254434585571289,A,0.27116699167845204,0.3133564794428533,0.375536481290374,0.5412955982881247,0.5124509905844964,0.39192227050534467,0.49517548112038146
c9d3820f5dc36b34223fe2be9521cc1765c30851334d348bf3fd01451e589301,DECISIÓN,A-CE,2017.0,0.0,0.65,0.9933,0.0,0,0.7931,0.0,0.6696622186689823,0.3748555008159795,0.3288068426241542,,452,2,0,0,0,0.221,False,0.2167081832885742,0.254434585571289,0.2167081832885742,0.254434585571289,A,0.27116699167845204,0.3133564794428533,0.375536481290374,0.5412955982881247,0.5124509905844964,0.39192227050534467,0.49517548112038146
ca2ba5db740d9ea63e8cafdd5b9dae53c64fb1875c15ddd87ee12bab4d8465ea,HECHOS,A-CE,2019.0,0.0,1.0,0.9862,0.3485,0,0.8621,0.1364,0.7149229518830817,0.269853001907212,0.2570243030053384,,8000,35,9,2,0,1.557,False,0.1592317819595337,0.213578999042511,0.1592317819595337,0.213578999042511,A,0.615440636199528,0.5889784306029883,0.5646487346493403,0.22084092926736454,0.2655459647064083,0.5521520529860786,0.3647183789057382
ca2ba5db740d9ea63e8cafdd5b9dae53c64fb1875c15ddd87ee12bab4d8465ea,CONSIDERACIONES,A-CE,2019.0,0.0,1.0,0.9793,0.7045,0,0.8621,0.0,0.7324755664239825,0.2720091987887677,0.2632556414967291,,8000,47,12,0,0,1.608,False,0.1787384748458862,0.2409916520118713,0.1787384748458862,0.2409916520118713,A,0.615440636199528,0.8217993396753029,0.375536481290374,0.31503257293491777,0.42523554523848617,0.6903730471690785,0.5256510482356694
ca2ba5db740d9ea63e8cafdd5b9dae53c64fb1875c15ddd87ee12bab4d8465ea,DECISIÓN,A-CE,2019.0,0.0,1.0,0.9864,0.0,0,0.8621,0.6429,0.6721116018462628,0.2326564598140422,0.2062051469383368,,1732,11,0,2,0,0.496,False,0.1790099740028381,0.2201123237609863,0.1790099740028381,0.2201123237609863,A,0.615440636199528,0.3133564794428533,0.9574698594949924,0.316488249420809,0.30012806665485403,0.3378380326263357,0.2576416485899688
ca4b10eb48138e1df4eb2b48c995e7d02822032988a2f7650ac237a2136c9d48,CONSIDERACIONES,A-CE,2002.0,0.0,1.0,1.0,0.4167,0,0.2759,0.0,0.6992866974786693,0.2335770356346043,0.2011292897309513,,4021,17,3,0,0,0.879,False,0.1798853278160095,0.2325846552848816,0.1798853278160095,0.2325846552848816,A,0.615440636199528,0.6419097133259613,0.375536481290374,0.3212060096210275,0.3726396984502478,0.627411677946809,0.4723201751308247
ca4b10eb48138e1df4eb2b48c995e7d02822032988a2f7650ac237a2136c9d48,HECHOS,A-CE,2002.0,0.0,1.0,0.964,0.7263,0,0.2759,0.0,0.7188662692370179,0.2586659302514842,0.2885283735934012,,8000,40,13,0,0,1.926,False,0.1763239502906799,0.2392656803131103,0.1763239502906799,0.2392656803131103,A,0.615440636199528,0.8320409136494367,0.375536481290374,0.30224839553261623,0.4142557559924632,0.6939575980600254,0.5215410217891927
ca4b10eb48138e1df4eb2b48c995e7d02822032988a2f7650ac237a2136c9d48,CONSIDERACIONES,A-CE,2002.0,0.0,1.0,0.9789,0.9911,0,0.2759,0.3898,0.6992866974786693,0.2335770356346043,0.2011292897309513,,8000,52,21,6,0,1.57,False,0.1798853278160095,0.2325846552848816,0.1798853278160095,0.2325846552848816,A,0.615440636199528,0.9219808136835689,0.843949257516584,0.3212060096210275,0.3726396984502478,0.5849127302041087,0.4486553949749846
ca4b10eb48138e1df4eb2b48c995e7d02822032988a2f7650ac237a2136c9d48,DECISIÓN,A-CE,2002.0,0.0,1.0,0.9871,0.1754,0,0.2759,0.1053,0.6985275231359295,0.2452210682243694,0.2504169547771795,,4022,15,2,1,0,0.833,False,0.2235491871833801,0.2717825770378113,0.2235491871833801,0.2717825770378113,A,0.615440636199528,0.44804095196421645,0.5211893179719533,0.5830546113498337,0.6231514635736859,0.5158617604657245,0.5364717810838425
ca66e02c1b6e5c645e0c35206e4b11f74cd7be826041923fc0c38e71ac7cc052,CONSIDERACIONES,A-CE,2019.0,0.0,1.0,0.9892,0.3571,0,0.8621,0.3214,0.7146725302023549,0.2554153214126168,0.2178832707126495,,8000,40,6,4,0,1.557,False,0.2204259634017944,0.2695038318634033,0.2204259634017944,0.2695038318634033,A,0.615440636199528,0.5957963174901733,0.786253786166372,0.5641002768507006,0.6090748637050819,0.4880567979414838,0.5109483917780305
ca66e02c1b6e5c645e0c35206e4b11f74cd7be826041923fc0c38e71ac7cc052,DECISIÓN,A-CE,2019.0,0.0,1.0,0.992,0.0,0,0.8621,0.25,0.6989334808319654,0.2484291786214887,0.2347448114525091,,2496,15,0,1,0,0.558,False,0.2203022241592407,0.2551103234291076,0.2203022241592407,0.2551103234291076,A,0.615440636199528,0.3133564794428533,0.7109833857647492,0.5633450688323587,0.516859763159401,0.41178397474540873,0.43668516943096913
cbdf9a296c1dca6cbd0e41dd22c927d4b139d586293018d51366b0d77adf2cbd,CONSIDERACIONES,A-CSJ,2019.0,0.0,1.0,0.9817,0.7308,0,0.8621,0.0865,0.7247745810289251,0.2831280176281455,0.2252464086429411,,7312,47,12,1,0,1.397,False,0.1607599854469299,0.2242412567138672,0.1607599854469299,0.2242412567138672,A,0.615440636199528,0.8340955423756005,0.4947186121276872,0.2274355170679788,0.3232579043983217,0.6589220788629888,0.4538341750218196
cbdf9a296c1dca6cbd0e41dd22c927d4b139d586293018d51366b0d77adf2cbd,DECISIÓN,A-CSJ,2019.0,0.0,0.325,0.9903,0.2333,0,0.8621,0.0,0.6666033096173835,0.2435519553036493,0.2718285641298991,,525,1,1,0,0,0.221,False,0.1758263707160949,0.2270852327346801,0.1758263707160949,0.2270852327346801,A,0.08758787535064123,0.495378081259308,0.375536481290374,0.29965066682457187,0.339717200165922,0.39137714042637006,0.42155839747853674
ccde7d83c86956127ee7a5f04681b4e19a8b50ad09686a374ad1ae0922758a94,HECHOS,A-CSJ,2014.0,0.0,1.0,0.988,1.0,1,0.6897,0.0,0.6852497089434852,0.1967450136577935,0.1976056346566654,,1095,8,2,0,0,0.321,False,0.2675204873085022,0.2953803539276123,0.2675204873085022,0.2953803539276123,A,0.615440636199528,0.924056999575638,0.375536481290374,0.8063578305867081,0.7538632198124214,0.7261632281341959,0.7889048383036668
ccde7d83c86956127ee7a5f04681b4e19a8b50ad09686a374ad1ae0922758a94,DECISIÓN,A-CSJ,2014.0,0.0,1.0,0.9944,0.0,1,0.6897,0.0,0.6576746361742584,0.2531361584288413,0.2848474500289168,,633,3,0,0,0,0.248,False,0.2902180552482605,0.3083689212799072,0.2902180552482605,0.3083689212799072,A,0.615440636199528,0.3133564794428533,0.375536481290374,0.8797196040405296,0.8113164299928056,0.5124180460877212,0.673396971015385
ce1823634145536d41bd16547ab5830c2807744d6d92978a40529a5fcc89f0cd,CONSIDERACIONES,A-CE,2019.0,0.0,1.0,0.9911,0.0,0,0.8621,0.0,0.706541284062753,0.2697663540325696,0.2195748710274102,,8000,58,0,0,0,1.571,False,0.2301527857780456,0.2731553912162781,0.2301527857780456,0.2731553912162781,A,0.615440636199528,0.3133564794428533,0.375536481290374,0.6222713670610425,0.6315342384581543,0.5124180460877212,0.5473336497656343
ce1823634145536d41bd16547ab5830c2807744d6d92978a40529a5fcc89f0cd,DECISIÓN,A-CE,2019.0,0.0,1.0,1.0,0.0,0,0.8621,0.0,0.6602044691230756,0.3542442472245017,0.3453461813905062,,212,2,0,0,0,0.177,False,0.2197089195251464,0.2525053024291992,0.2197089195251464,0.2525053024291992,A,0.615440636199528,0.3133564794428533,0.375536481290374,0.5597199764988625,0.4998552777657154,0.5124180460877212,0.49910487093038347
ce1823634145536d41bd16547ab5830c2807744d6d92978a40529a5fcc89f0cd,DECISIÓN,A-CE,2019.0,0.0,0.78,0.9924,0.0,0,0.8621,0.0,0.6602044691230756,0.3542442472245017,0.3453461813905062,,731,3,0,0,0,0.271,False,0.2197089195251464,0.2525053024291992,0.2197089195251464,0.2525053024291992,A,0.3901185231462347,0.3133564794428533,0.375536481290374,0.5597199764988625,0.4998552777657154,0.4335553065190686,0.49910487093038347
ce7e21d9cf563292fad36404b6cff82493f3b33c75c331d8f38797388fa0ebd9,CONSIDERACIONES,A-CE,2004.0,0.0,1.0,0.9907,0.1061,0,0.3448,0.0909,0.7060532755899768,0.2617037246577205,0.2299910114992119,,8000,36,2,1,0,1.527,False,0.2212893366813659,0.2463578581809997,0.2212893366813659,0.2463578581809997,A,0.615440636199528,0.3926660149540834,0.5009167042501925,0.5693611758138482,0.45979921088542675,0.5025623166287062,0.48921941660041457
ce7e21d9cf563292fad36404b6cff82493f3b33c75c331d8f38797388fa0ebd9,HECHOS,A-CE,2004.0,0.0,1.0,0.9822,0.7454,0,0.3448,0.0,0.7075742834631666,0.2351736201440554,0.2739808028486935,,8000,44,17,0,0,1.634,False,0.1706865429878235,0.2084112763404846,0.1706865429878235,0.2084112763404846,A,0.615440636199528,0.8406230980457886,0.375536481290374,0.27358449353540426,0.2400653774364574,0.6969613625987485,0.47881612647805527
ce7e21d9cf563292fad36404b6cff82493f3b33c75c331d8f38797388fa0ebd9,CONSIDERACIONES,A-CE,2004.0,0.0,1.0,0.9734,0.2356,0,0.3448,0.0853,0.7060532755899768,0.2617037246577205,0.2299910114992119,,8000,56,5,1,0,1.575,False,0.2212893366813659,0.2463578581809997,0.2212893366813659,0.2463578581809997,A,0.615440636199528,0.49726585394939865,0.4930284249199968,0.5693611758138482,0.45979921088542675,0.5415387440761252,0.5169470322152825
ce7e21d9cf563292fad36404b6cff82493f3b33c75c331d8f38797388fa0ebd9,DECISIÓN,A-CE,2004.0,0.0,0.0,0.9945,0.0,0,0.3448,0.0,0.6378366703097987,0.2164024274355475,0.2106630830941318,,209,0,0,0,0,0.174,False,0.2191553115844726,0.2485846281051635,0.2191553115844726,0.2485846281051635,A,0.024169707443500377,0.3133564794428533,0.375536481290374,0.5563316690619302,0.4742758679031598,0.3054732210231116,0.492803081354946
ce7e21d9cf563292fad36404b6cff82493f3b33c75c331d8f38797388fa0ebd9,DECISIÓN,A-CE,2004.0,0.0,1.0,0.9882,0.0,0,0.3448,0.1237,0.6378366703097987,0.2164024274355475,0.2106630830941318,,6537,23,0,1,0,1.341,False,0.2191553115844726,0.2485846281051635,0.2191553115844726,0.2485846281051635,A,0.615440636199528,0.3133564794428533,0.546983117913961,0.5563316690619302,0.4742758679031598,0.4609840551006451,0.4585137540302286
cf64a4026cc99439542ed78ff6a16437faffeb18148752c85bf21402d4faae83,CONSIDERACIONES,A-CE,2018.0,0.0,1.0,0.9936,0.0,0,0.8276,0.0,0.7090142150050232,0.2798799728472035,0.2276214244357378,,8000,44,0,0,0,1.513,False,0.2284270524978637,0.2639861106872558,0.2284270524978637,0.2639861106872558,A,0.615440636199528,0.3133564794428533,0.375536481290374,0.6121537587907157,0.5742717424927238,0.5124180460877212,0.5323399876779338
cf64a4026cc99439542ed78ff6a16437faffeb18148752c85bf21402d4faae83,DECISIÓN,A-CE,2018.0,0.0,1.0,0.9967,0.0,0,0.8276,0.0,0.6634617778686571,0.2619888126346263,0.2427099558016696,,566,5,0,0,0,0.224,False,0.2601110339164734,0.2774249315261841,0.2601110339164734,0.2774249315261841,A,0.615440636199528,0.3133564794428533,0.375536481290374,0.7760237201777566,0.65708377877035,0.5124180460877212,0.6062568814189232
cf64a4026cc99439542ed78ff6a16437faffeb18148752c85bf21402d4faae83,DECISIÓN,A-CE,2018.0,0.0,0.52,0.9978,0.0,0,0.8276,0.0,0.6634617778686571,0.2619888126346263,0.2427099558016696,,1122,2,0,0,0,0.308,False,0.2601110339164734,0.2774249315261841,0.2601110339164734,0.2774249315261841,A,0.17790510243813928,0.3133564794428533,0.375536481290374,0.7760237201777566,0.65708377877035,0.3592806092712352,0.6062568814189232
d1501d4896ef9899961e120218198174c3ce5dba8051dc14d7605d90af4c8c9d,HECHOS,A-CSJ,2017.0,0.0,1.0,0.9794,0.8452,0,0.7931,0.3214,0.7104371055250454,0.2287744306328202,0.2301873257548742,,8000,55,8,2,0,1.497,False,0.1351932883262634,0.1929804682731628,0.1351932883262634,0.1929804682731628,A,0.615440636199528,0.8798003977519878,0.786253786166372,0.13501680141324277,0.1743111606161256,0.5874582260331189,0.34481745482258264
d1501d4896ef9899961e120218198174c3ce5dba8051dc14d7605d90af4c8c9d,CONSIDERACIONES,A-CSJ,2017.0,0.0,1.0,0.9885,0.5024,0,0.7931,0.3095,0.7032246951789656,0.2556280577334866,0.2175359724857094,,8000,68,7,3,0,1.5,False,0.1895737648010254,0.2151039242744445,0.1895737648010254,0.2151039242744445,A,0.615440636199528,0.7037122187145276,0.7747685859105775,0.37570772774395655,0.2733864910251136,0.5292729234467463,0.40714934041192385
d1501d4896ef9899961e120218198174c3ce5dba8051dc14d7605d90af4c8c9d,DECISIÓN,A-CSJ,2017.0,0.0,0.4875,0.9913,0.0,0,0.7931,0.25,0.6786071656401904,0.2280128030571316,0.246491300198181,,1509,3,0,1,0,0.373,False,0.2023401260375976,0.2130996584892273,0.2023401260375976,0.2130996584892273,A,0.15894758353528282,0.3133564794428533,0.7109833857647492,0.4523952281356735,0.26311126508653226,0.25201140631292285,0.3471030255725557
d1fb3b43b90d9c741653286c948cf8abe88055875b16ddb903bc8509d77903e7,CARGOS,A-CSJ,2014.0,0.0,1.0,0.9836,0.4841,1,0.6897,0.3214,0.7315686797919053,0.3096842444420534,0.2733076411627244,,8000,42,7,3,0,1.535,False,0.1761147379875183,0.2355232238769531,0.1761147379875183,0.2355232238769531,A,0.615440636199528,0.6910333056199557,0.786253786166372,0.3011545990553827,0.3907517926230436,0.5213897437869077,0.39906203736570717
d1fb3b43b90d9c741653286c948cf8abe88055875b16ddb903bc8509d77903e7,CONSIDERACIONES,A-CSJ,2014.0,0.0,1.0,0.9875,0.2581,1,0.6897,0.1452,0.6923998172526736,0.2697961757449316,0.2295245776916588,,8000,49,6,2,0,1.563,False,0.2288139462471008,0.2757188081741333,0.2288139462471008,0.2757188081741333,A,0.615440636199528,0.5157289979437154,0.5767966383885962,0.6144308067195052,0.6469732643765902,0.5228703804335564,0.5580183570353545
d313e99855ec56b686e7bf0152cb94b82d5728728346bd25e4e90b31088d888f,CONSIDERACIONES,A-CE,2008.0,0.0,0.7322,0.9858,0.1164,0,0.4828,0.0,0.6969591805124645,0.2317317092599081,0.2376443234635492,,8000,28,5,0,0,1.845,False,0.164608895778656,0.1855658292770385,0.164608895778656,0.1855658292770385,A,0.3438768406906689,0.4007594282599122,0.375536481290374,0.2446533788212664,0.14816738433179055,0.4479617497455911,0.3403447202607046
d313e99855ec56b686e7bf0152cb94b82d5728728346bd25e4e90b31088d888f,HECHOS,A-CE,2008.0,0.0,1.0,0.9744,1.0,0,0.4828,0.495,0.6771587732637168,0.2189123208319232,0.2779805608315686,,8000,34,8,2,0,2.012,False,0.1746748089790344,0.2460165023803711,0.1746748089790344,0.2460165023803711,A,0.615440636199528,0.924056999575638,0.9072653706083008,0.29368801473314693,0.45758536318572557,0.5666445613388178,0.4438690535659959
d313e99855ec56b686e7bf0152cb94b82d5728728346bd25e4e90b31088d888f,DECISIÓN,A-CE,2008.0,0.0,1.0,0.995,0.875,0,0.4828,0.0,0.7079377905164124,0.2574881514795979,0.2310345585649864,,4183,44,9,0,0,1.512,False,0.2648041248321533,0.3338879346847534,0.2648041248321533,0.3338879346847534,A,0.615440636199528,0.8897688936413601,0.375536481290374,0.7956144407687982,0.8933234180329769,0.7141623910571986,0.8044646650279399
d313e99855ec56b686e7bf0152cb94b82d5728728346bd25e4e90b31088d888f,HECHOS,A-CE,2008.0,0.0,1.0,0.9938,0.7143,0,0.4828,0.0,0.6771587732637168,0.2189123208319232,0.2779805608315686,,1623,27,3,0,0,0.675,False,0.1746748089790344,0.2460165023803711,0.1746748089790344,0.2460165023803711,A,0.615440636199528,0.8264626713458274,0.375536481290374,0.29368801473314693,0.45758536318572557,0.6920052132537622,0.5258162493721286
d313e99855ec56b686e7bf0152cb94b82d5728728346bd25e4e90b31088d888f,HECHOS,A-CE,2008.0,0.0,1.0,1.0,0.0,0,0.4828,0.0,0.6771587732637168,0.2189123208319232,0.2779805608315686,,1338,16,0,0,0,0.577,False,0.1746748089790344,0.2460165023803711,0.1746748089790344,0.2460165023803711,A,0.615440636199528,0.3133564794428533,0.375536481290374,0.29368801473314693,0.45758536318572557,0.5124180460877212,0.39753970139638506
d313e99855ec56b686e7bf0152cb94b82d5728728346bd25e4e90b31088d888f,DECISIÓN,A-CE,2008.0,0.0,1.0,1.0,0.0,0,0.4828,0.0,0.7079377905164124,0.2574881514795979,0.2310345585649864,,411,3,0,0,0,0.284,False,0.2648041248321533,0.3338879346847534,0.2648041248321533,0.3338879346847534,A,0.615440636199528,0.3133564794428533,0.375536481290374,0.7956144407687982,0.8933234180329769,0.5124180460877212,0.6603615614783133
d313e99855ec56b686e7bf0152cb94b82d5728728346bd25e4e90b31088d888f,DECISIÓN,A-CE,2008.0,0.0,1.0,0.9934,0.0,0,0.4828,0.0,0.7079377905164124,0.2574881514795979,0.2310345585649864,,679,10,0,0,0,0.351,False,0.2648041248321533,0.3338879346847534,0.2648041248321533,0.3338879346847534,A,0.615440636199528,0.3133564794428533,0.375536481290374,0.7956144407687982,0.8933234180329769,0.5124180460877212,0.6603615614783133
d313e99855ec56b686e7bf0152cb94b82d5728728346bd25e4e90b31088d888f,DECISIÓN,A-CE,2008.0,0.0,1.0,0.9969,0.881,0,0.4828,0.2857,0.7079377905164124,0.2574881514795979,0.2310345585649864,,1915,31,4,1,0,0.652,False,0.2648041248321533,0.3338879346847534,0.2648041248321533,0.3338879346847534,A,0.615440636199528,0.8916862492532168,0.75050876731054,0.7956144407687982,0.8933234180329769,0.6023417797152987,0.729949546726871
d313e99855ec56b686e7bf0152cb94b82d5728728346bd25e4e90b31088d888f,HECHOS,A-CE,2008.0,0.0,1.0,1.0,0.8333,0,0.4828,0.0,0.6771587732637168,0.2189123208319232,0.2779805608315686,,258,4,1,0,0,0.225,False,0.1746748089790344,0.2460165023803711,0.1746748089790344,0.2460165023803711,A,0.615440636199528,0.8756068964065898,0.375536481290374,0.29368801473314693,0.45758536318572557,0.709205692025029,0.5381023056373192
d313e99855ec56b686e7bf0152cb94b82d5728728346bd25e4e90b31088d888f,HECHOS,A-CE,2008.0,0.0,1.0,1.0,0.0,0,0.4828,0.0,0.6771587732637168,0.2189123208319232,0.2779805608315686,,343,4,0,0,0,0.234,False,0.1746748089790344,0.2460165023803711,0.1746748089790344,0.2460165023803711,A,0.615440636199528,0.3133564794428533,0.375536481290374,0.29368801473314693,0.45758536318572557,0.5124180460877212,0.39753970139638506
d313e99855ec56b686e7bf0152cb94b82d5728728346bd25e4e90b31088d888f,HECHOS,A-CE,2008.0,0.0,1.0,1.0,0.3889,0,0.4828,0.0,0.6771587732637168,0.2189123208319232,0.2779805608315686,,453,4,1,0,0,0.267,False,0.1746748089790344,0.2460165023803711,0.1746748089790344,0.2460165023803711,A,0.615440636199528,0.6206687648996695,0.375536481290374,0.29368801473314693,0.45758536318572557,0.6199773459976069,0.47436777276058906
d313e99855ec56b686e7bf0152cb94b82d5728728346bd25e4e90b31088d888f,HECHOS,A-CE,2008.0,0.0,1.0,1.0,0.0,0,0.4828,0.0,0.6771587732637168,0.2189123208319232,0.2779805608315686,,404,4,0,0,0,0.26,False,0.1746748089790344,0.2460165023803711,0.1746748089790344,0.2460165023803711,A,0.615440636199528,0.3133564794428533,0.375536481290374,0.29368801473314693,0.45758536318572557,0.5124180460877212,0.39753970139638506
d313e99855ec56b686e7bf0152cb94b82d5728728346bd25e4e90b31088d888f,HECHOS,A-CE,2008.0,0.0,1.0,0.9953,0.0,0,0.4828,0.0,0.6771587732637168,0.2189123208319232,0.2779805608315686,,559,6,0,0,0,0.307,False,0.1746748089790344,0.2460165023803711,0.1746748089790344,0.2460165023803711,A,0.615440636199528,0.3133564794428533,0.375536481290374,0.29368801473314693,0.45758536318572557,0.5124180460877212,0.39753970139638506
d313e99855ec56b686e7bf0152cb94b82d5728728346bd25e4e90b31088d888f,HECHOS,A-CE,2008.0,0.0,1.0,0.9947,1.0,0,0.4828,0.0,0.6771587732637168,0.2189123208319232,0.2779805608315686,,2308,22,6,0,0,0.731,False,0.1746748089790344,0.2460165023803711,0.1746748089790344,0.2460165023803711,A,0.615440636199528,0.924056999575638,0.375536481290374,0.29368801473314693,0.45758536318572557,0.7261632281341959,0.5502148314295813
d313e99855ec56b686e7bf0152cb94b82d5728728346bd25e4e90b31088d888f,HECHOS,A-CE,2008.0,0.0,1.0,0.9972,0.0,0,0.4828,0.0,0.6771587732637168,0.2189123208319232,0.2779805608315686,,1043,15,0,0,0,0.428,False,0.1746748089790344,0.2460165023803711,0.1746748089790344,0.2460165023803711,A,0.615440636199528,0.3133564794428533,0.375536481290374,0.29368801473314693,0.45758536318572557,0.5124180460877212,0.39753970139638506
d313e99855ec56b686e7bf0152cb94b82d5728728346bd25e4e90b31088d888f,HECHOS,A-CE,2008.0,0.0,1.0,1.0,0.0,0,0.4828,0.0,0.6771587732637168,0.2189123208319232,0.2779805608315686,,674,5,0,0,0,0.256,False,0.1746748089790344,0.2460165023803711,0.1746748089790344,0.2460165023803711,A,0.615440636199528,0.3133564794428533,0.375536481290374,0.29368801473314693,0.45758536318572557,0.5124180460877212,0.39753970139638506
d313e99855ec56b686e7bf0152cb94b82d5728728346bd25e4e90b31088d888f,HECHOS,A-CE,2008.0,0.0,1.0,0.9972,0.8333,0,0.4828,0.0,0.6771587732637168,0.2189123208319232,0.2779805608315686,,885,6,1,0,0,0.296,False,0.1746748089790344,0.2460165023803711,0.1746748089790344,0.2460165023803711,A,0.615440636199528,0.8756068964065898,0.375536481290374,0.29368801473314693,0.45758536318572557,0.709205692025029,0.5381023056373192
d313e99855ec56b686e7bf0152cb94b82d5728728346bd25e4e90b31088d888f,HECHOS,A-CE,2008.0,0.0,1.0,0.9869,1.0,0,0.4828,0.0,0.6771587732637168,0.2189123208319232,0.2779805608315686,,4952,34,15,0,0,1.198,False,0.1746748089790344,0.2460165023803711,0.1746748089790344,0.2460165023803711,A,0.615440636199528,0.924056999575638,0.375536481290374,0.29368801473314693,0.45758536318572557,0.7261632281341959,0.5502148314295813
d313e99855ec56b686e7bf0152cb94b82d5728728346bd25e4e90b31088d888f,HECHOS,A-CE,2008.0,0.0,1.0,0.9912,1.0,0,0.4828,0.1125,0.6771587732637168,0.2189123208319232,0.2779805608315686,,8000,42,14,1,0,2.381,False,0.1746748089790344,0.2460165023803711,0.1746748089790344,0.2460165023803711,A,0.615440636199528,0.924056999575638,0.53130367571925,0.29368801473314693,0.45758536318572557,0.6794330698055331,0.519061392543806
d313e99855ec56b686e7bf0152cb94b82d5728728346bd25e4e90b31088d888f,DECISIÓN,A-CE,2008.0,0.0,1.0,1.0,0.0,0,0.4828,0.0,0.7079377905164124,0.2574881514795979,0.2310345585649864,,306,4,0,0,0,0.185,False,0.2648041248321533,0.3338879346847534,0.2648041248321533,0.3338879346847534,A,0.615440636199528,0.3133564794428533,0.375536481290374,0.7956144407687982,0.8933234180329769,0.5124180460877212,0.6603615614783133
d313e99855ec56b686e7bf0152cb94b82d5728728346bd25e4e90b31088d888f,DECISIÓN,A-CE,2008.0,0.0,1.0,0.9882,0.625,0,0.4828,0.0,0.7079377905164124,0.2574881514795979,0.2310345585649864,,8000,72,9,0,0,1.709,False,0.2648041248321533,0.3338879346847534,0.2648041248321533,0.3338879346847534,A,0.615440636199528,0.7803258890034345,0.375536481290374,0.7956144407687982,0.8933234180329769,0.6758573394339247,0.7771039138684586
d313e99855ec56b686e7bf0152cb94b82d5728728346bd25e4e90b31088d888f,HECHOS,A-CE,2008.0,0.0,1.0,1.0,0.0,0,0.4828,0.0,0.6771587732637168,0.2189123208319232,0.2779805608315686,,780,4,0,0,0,0.361,False,0.1746748089790344,0.2460165023803711,0.1746748089790344,0.2460165023803711,A,0.615440636199528,0.3133564794428533,0.375536481290374,0.29368801473314693,0.45758536318572557,0.5124180460877212,0.39753970139638506
d313e99855ec56b686e7bf0152cb94b82d5728728346bd25e4e90b31088d888f,HECHOS,A-CE,2008.0,0.0,1.0,0.9939,0.0,0,0.4828,0.0,0.6771587732637168,0.2189123208319232,0.2779805608315686,,348,4,0,0,0,0.251,False,0.1746748089790344,0.2460165023803711,0.1746748089790344,0.2460165023803711,A,0.615440636199528,0.3133564794428533,0.375536481290374,0.29368801473314693,0.45758536318572557,0.5124180460877212,0.39753970139638506
d313e99855ec56b686e7bf0152cb94b82d5728728346bd25e4e90b31088d888f,HECHOS,A-CE,2008.0,0.0,1.0,1.0,0.0,0,0.4828,0.0,0.6771587732637168,0.2189123208319232,0.2779805608315686,,397,4,0,0,0,0.228,False,0.1746748089790344,0.2460165023803711,0.1746748089790344,0.2460165023803711,A,0.615440636199528,0.3133564794428533,0.375536481290374,0.29368801473314693,0.45758536318572557,0.5124180460877212,0.39753970139638506
d313e99855ec56b686e7bf0152cb94b82d5728728346bd25e4e90b31088d888f,HECHOS,A-CE,2008.0,0.0,1.0,0.9762,1.0,0,0.4828,0.5333,0.6771587732637168,0.2189123208319232,0.2779805608315686,,8000,71,28,4,5,1.83,False,0.1746748089790344,0.2460165023803711,0.1746748089790344,0.2460165023803711,A,0.615440636199528,0.924056999575638,0.9238965279962157,0.29368801473314693,0.45758536318572557,0.5616552141224433,0.4405428220884129
d313e99855ec56b686e7bf0152cb94b82d5728728346bd25e4e90b31088d888f,HECHOS,A-CE,2008.0,0.0,1.0,0.9744,1.0,0,0.4828,0.495,0.6771587732637168,0.2189123208319232,0.2779805608315686,,8000,34,8,2,0,1.993,False,0.1746748089790344,0.2460165023803711,0.1746748089790344,0.2460165023803711,A,0.615440636199528,0.924056999575638,0.9072653706083008,0.29368801473314693,0.45758536318572557,0.5666445613388178,0.4438690535659959
d313e99855ec56b686e7bf0152cb94b82d5728728346bd25e4e90b31088d888f,HECHOS,A-CE,2008.0,0.0,1.0,0.9862,1.0,0,0.4828,0.0,0.6771587732637168,0.2189123208319232,0.2779805608315686,,5181,37,9,0,0,1.33,False,0.1746748089790344,0.2460165023803711,0.1746748089790344,0.2460165023803711,A,0.615440636199528,0.924056999575638,0.375536481290374,0.29368801473314693,0.45758536318572557,0.7261632281341959,0.5502148314295813
d313e99855ec56b686e7bf0152cb94b82d5728728346bd25e4e90b31088d888f,DECISIÓN,A-CE,2008.0,0.0,1.0,0.9898,0.0,0,0.4828,0.0,0.7079377905164124,0.2574881514795979,0.2310345585649864,,181,1,0,0,0,0.194,False,0.2648041248321533,0.3338879346847534,0.2648041248321533,0.3338879346847534,A,0.615440636199528,0.3133564794428533,0.375536481290374,0.7956144407687982,0.8933234180329769,0.5124180460877212,0.6603615614783133
d313e99855ec56b686e7bf0152cb94b82d5728728346bd25e4e90b31088d888f,HECHOS,A-CE,2008.0,0.0,1.0,0.9788,0.0439,0,0.4828,0.2546,0.6771587732637168,0.2189123208319232,0.2779805608315686,,8000,54,1,4,0,1.697,False,0.1746748089790344,0.2460165023803711,0.1746748089790344,0.2460165023803711,A,0.615440636199528,0.345170025354921,0.7162803437273273,0.29368801473314693,0.45758536318572557,0.42132962842585897,0.3373443153870113
d313e99855ec56b686e7bf0152cb94b82d5728728346bd25e4e90b31088d888f,DECISIÓN,A-CE,2008.0,0.0,1.0,0.9874,0.3509,0,0.4828,0.2039,0.7079377905164124,0.2574881514795979,0.2310345585649864,,8000,51,4,2,0,1.629,False,0.2648041248321533,0.3338879346847534,0.2648041248321533,0.3338879346847534,A,0.615440636199528,0.5908846569971637,0.6548439219787374,0.7956144407687982,0.8933234180329769,0.5257606760252209,0.6738821177292182
d313e99855ec56b686e7bf0152cb94b82d5728728346bd25e4e90b31088d888f,DECISIÓN,A-CE,2008.0,0.0,1.0,0.9862,0.4896,0,0.4828,0.1172,0.7079377905164124,0.2574881514795979,0.2310345585649864,,8000,45,5,1,0,1.719,False,0.2648041248321533,0.3338879346847534,0.2648041248321533,0.3338879346847534,A,0.615440636199528,0.6948754338138892,0.5378927764338741,0.7956144407687982,0.8933234180329769,0.5972427915745337,0.7232700410423722
d313e99855ec56b686e7bf0152cb94b82d5728728346bd25e4e90b31088d888f,CONSIDERACIONES,A-CE,2008.0,0.0,0.0,1.0,0.0,0,0.4828,0.0,0.6969591805124645,0.2317317092599081,0.2376443234635492,,238,0,0,0,0,0.206,False,0.164608895778656,0.1855658292770385,0.164608895778656,0.1855658292770385,A,0.024169707443500377,0.3133564794428533,0.375536481290374,0.2446533788212664,0.14816738433179055,0.3054732210231116,0.31849398305643983
d313e99855ec56b686e7bf0152cb94b82d5728728346bd25e4e90b31088d888f,CONSIDERACIONES,A-CE,2008.0,0.0,1.0,0.9916,0.4825,0,0.4828,0.0,0.6969591805124645,0.2317317092599081,0.2376443234635492,,3474,21,7,0,0,0.875,False,0.164608895778656,0.1855658292770385,0.164608895778656,0.1855658292770385,A,0.615440636199528,0.6899105853822238,0.375536481290374,0.2446533788212664,0.14816738433179055,0.644211983166501,0.4126325095412825
d313e99855ec56b686e7bf0152cb94b82d5728728346bd25e4e90b31088d888f,DECISIÓN,A-CE,2008.0,0.0,0.0,0.9929,0.1458,0,0.4828,0.0,0.7079377905164124,0.2574881514795979,0.2310345585649864,,558,0,1,0,0,0.295,False,0.2648041248321533,0.3338879346847534,0.2648041248321533,0.3338879346847534,A,0.024169707443500377,0.42414662897085864,0.375536481290374,0.7956144407687982,0.8933234180329769,0.3442497733579134,0.6880590988603146
d313e99855ec56b686e7bf0152cb94b82d5728728346bd25e4e90b31088d888f,CARGOS,A-CE,2008.0,0.0,0.0,1.0,0.0,0,0.4828,0.0,0.6411184347328731,0.2619004722383846,0.2896201522451134,,351,0,0,0,0,0.245,False,0.3016097545623779,0.3067131638526916,0.3016097545623779,0.3067131638526916,A,0.024169707443500377,0.3133564794428533,0.375536481290374,0.9065715056426623,0.8046065453008618,0.3054732210231116,0.6814531596377427
d313e99855ec56b686e7bf0152cb94b82d5728728346bd25e4e90b31088d888f,DECISIÓN,A-CE,2008.0,0.0,0.572,1.0,0.0,0,0.4828,0.0,0.7079377905164124,0.2574881514795979,0.2310345585649864,,670,2,0,0,0,0.353,False,0.2648041248321533,0.3338879346847534,0.2648041248321533,0.3338879346847534,A,0.21184377114134367,0.3133564794428533,0.375536481290374,0.7956144407687982,0.8933234180329769,0.3711591433173567,0.6603615614783133
d313e99855ec56b686e7bf0152cb94b82d5728728346bd25e4e90b31088d888f,HECHOS,A-CE,2008.0,0.0,1.0,1.0,0.0397,0,0.4828,0.0,0.6771587732637168,0.2189123208319232,0.2779805608315686,,3404,27,1,0,0,1.326,False,0.1746748089790344,0.2460165023803711,0.1746748089790344,0.2460165023803711,A,0.615440636199528,0.34205985868256006,0.375536481290374,0.29368801473314693,0.45758536318572557,0.5224642288216186,0.4047155462063118
d313e99855ec56b686e7bf0152cb94b82d5728728346bd25e4e90b31088d888f,DECISIÓN,A-CE,2008.0,0.0,1.0,0.9951,0.1852,0,0.4828,0.0,0.7079377905164124,0.2574881514795979,0.2310345585649864,,972,6,1,0,0,0.457,False,0.2648041248321533,0.3338879346847534,0.2648041248321533,0.3338879346847534,A,0.615440636199528,0.45601071965008794,0.375536481290374,0.7956144407687982,0.8933234180329769,0.5623470301602533,0.6960251215301219
d313e99855ec56b686e7bf0152cb94b82d5728728346bd25e4e90b31088d888f,HECHOS,A-CE,2008.0,0.0,0.195,0.9919,0.0,0,0.4828,0.0,0.6771587732637168,0.2189123208319232,0.2779805608315686,,796,1,0,0,0,0.404,False,0.1746748089790344,0.2460165023803711,0.1746748089790344,0.2460165023803711,A,0.052882787003107196,0.3133564794428533,0.375536481290374,0.29368801473314693,0.45758536318572557,0.31552279886897394,0.39753970139638506
d313e99855ec56b686e7bf0152cb94b82d5728728346bd25e4e90b31088d888f,HECHOS,A-CE,2008.0,0.0,1.0,0.9917,0.1061,0,0.4828,0.0,0.6771587732637168,0.2189123208319232,0.2779805608315686,,1158,10,1,0,0,0.503,False,0.1746748089790344,0.2460165023803711,0.1746748089790344,0.2460165023803711,A,0.615440636199528,0.3926660149540834,0.375536481290374,0.29368801473314693,0.45758536318572557,0.5401763835166518,0.41736708527419253
d313e99855ec56b686e7bf0152cb94b82d5728728346bd25e4e90b31088d888f,DECISIÓN,A-CE,2008.0,0.0,0.9354,0.9853,0.1638,0,0.4828,0.0,0.7079377905164124,0.2574881514795979,0.2310345585649864,,8000,38,6,0,0,2.181,False,0.2648041248321533,0.3338879346847534,0.2648041248321533,0.3338879346847534,A,0.5500715560936714,0.43864204259324246,0.375536481290374,0.7956144407687982,0.8933234180329769,0.5333888151533076,0.6916829522659105
d313e99855ec56b686e7bf0152cb94b82d5728728346bd25e4e90b31088d888f,HECHOS,A-CE,2008.0,0.0,1.0,0.9931,0.0,0,0.4828,0.0,0.6771587732637168,0.2189123208319232,0.2779805608315686,,447,3,0,0,0,0.257,False,0.1746748089790344,0.2460165023803711,0.1746748089790344,0.2460165023803711,A,0.615440636199528,0.3133564794428533,0.375536481290374,0.29368801473314693,0.45758536318572557,0.5124180460877212,0.39753970139638506
d313e99855ec56b686e7bf0152cb94b82d5728728346bd25e4e90b31088d888f,HECHOS,A-CE,2008.0,0.0,1.0,0.9731,0.4693,0,0.4828,0.1303,0.6771587732637168,0.2189123208319232,0.2779805608315686,,8000,32,11,2,0,1.896,False,0.1746748089790344,0.2460165023803711,0.1746748089790344,0.2460165023803711,A,0.615440636199528,0.6805634121173325,0.55618132709739,0.29368801473314693,0.45758536318572557,0.5867470187816841,0.45321246540360166
d313e99855ec56b686e7bf0152cb94b82d5728728346bd25e4e90b31088d888f,DECISIÓN,A-CE,2008.0,0.0,1.0,0.967,0.0,0,0.4828,0.0,0.7079377905164124,0.2574881514795979,0.2310345585649864,,3068,15,0,0,0,1.233,False,0.2648041248321533,0.3338879346847534,0.2648041248321533,0.3338879346847534,A,0.615440636199528,0.3133564794428533,0.375536481290374,0.7956144407687982,0.8933234180329769,0.5124180460877212,0.6603615614783133
d313e99855ec56b686e7bf0152cb94b82d5728728346bd25e4e90b31088d888f,HECHOS,A-CE,2008.0,0.0,1.0,0.9971,0.4167,0,0.4828,0.0,0.6771587732637168,0.2189123208319232,0.2779805608315686,,883,6,1,0,0,0.436,False,0.1746748089790344,0.2460165023803711,0.1746748089790344,0.2460165023803711,A,0.615440636199528,0.6419097133259613,0.375536481290374,0.29368801473314693,0.45758536318572557,0.627411677946809,0.479678009867162
d313e99855ec56b686e7bf0152cb94b82d5728728346bd25e4e90b31088d888f,DECISIÓN,A-CE,2008.0,0.0,1.0,0.9846,0.1852,0,0.4828,0.0,0.7079377905164124,0.2574881514795979,0.2310345585649864,,2910,27,1,0,0,1.192,False,0.2648041248321533,0.3338879346847534,0.2648041248321533,0.3338879346847534,A,0.615440636199528,0.45601071965008794,0.375536481290374,0.7956144407687982,0.8933234180329769,0.5623470301602533,0.6960251215301219
d34e73987d1ce11f39cd71718c9e67d1246fc7cf3e6400e6e054f4598933a26b,CONSIDERACIONES,A-CE,2004.0,0.0,1.0,0.9845,0.1875,0,0.3448,0.0,0.6909413796195989,0.2531738374611791,0.2396136886538378,,8000,55,3,0,0,1.647,False,0.1852548718452453,0.222539484500885,0.1852548718452453,0.222539484500885,A,0.615440636199528,0.4578845977121031,0.375536481290374,0.35092298400703925,0.3136111825000251,0.5630028874819587,0.4249091340724197
d34e73987d1ce11f39cd71718c9e67d1246fc7cf3e6400e6e054f4598933a26b,CONSIDERACIONES,A-CE,2004.0,0.0,0.7837,0.9881,0.0472,0,0.3448,0.0,0.6909413796195989,0.2531738374611791,0.2396136886538378,,8000,36,2,0,0,1.764,False,0.1852548718452453,0.222539484500885,0.1852548718452453,0.222539484500885,A,0.3937942577692507,0.3476230750268584,0.375536481290374,0.35092298400703925,0.3136111825000251,0.446835122091526,0.3973437534011085
d34e73987d1ce11f39cd71718c9e67d1246fc7cf3e6400e6e054f4598933a26b,CONSIDERACIONES,A-CE,2004.0,0.0,1.0,0.9823,0.3133,0,0.3448,0.0,0.6909413796195989,0.2531738374611791,0.2396136886538378,,8000,65,5,0,0,1.69,False,0.1852548718452453,0.222539484500885,0.1852548718452453,0.222539484500885,A,0.615440636199528,0.5607417516613202,0.375536481290374,0.35092298400703925,0.3136111825000251,0.5990028913641846,0.450623422559724
d34e73987d1ce11f39cd71718c9e67d1246fc7cf3e6400e6e054f4598933a26b,DECISIÓN,A-CE,2004.0,0.0,1.0,1.0,0.0,0,0.3448,0.0,0.6306924011378675,0.2652637795476026,0.2560434672082095,,209,1,0,0,0,0.187,False,0.1942663788795471,0.2424689531326294,0.1942663788795471,0.2424689531326294,A,0.615440636199528,0.3133564794428533,0.375536481290374,0.40339105869632735,0.43469279192563365,0.5124180460877212,0.43135725253147983
d34e73987d1ce11f39cd71718c9e67d1246fc7cf3e6400e6e054f4598933a26b,DECISIÓN,A-CE,2004.0,0.0,1.0,0.9827,0.2,0,0.3448,0.395,0.6306924011378675,0.2652637795476026,0.2560434672082095,,6787,39,3,5,0,1.37,False,0.1942663788795471,0.2424689531326294,0.1942663788795471,0.2424689531326294,A,0.615440636199528,0.4680882091856106,0.8477693950425118,0.40339105869632735,0.43469279192563365,0.424904277372045,0.3755936022167416
d486f76d012c734ac901f7b253aa0fdd6fb5a31f25c3c31f946b7ea325b13ad5,DECISIÓN,A-CE,2002.0,0.0,1.0,0.9884,0.0,0,0.2759,0.165,0.7006205624440693,0.2300333847548077,0.2300209436124202,,3458,14,0,1,0,0.706,False,0.1909199357032776,0.256321907043457,0.1909199357032776,0.256321907043457,A,0.615440636199528,0.3133564794428533,0.6037718340871389,0.38357521110760817,0.5247575784863203,0.4439474402486918,0.39678759262821245
d4f1ec308715f9199e8133ead0e72f320b3d1ada320a81011a75cbff4e98366a,HECHOS,A-CSJ,2016.0,0.0,1.0,0.9801,1.0,1,0.7586,0.0,0.6744012833338123,0.2030429132483946,0.2030131446894048,,959,3,3,0,0,0.298,False,0.1581493616104126,0.22018963098526,0.1581493616104126,0.22018963098526,A,0.615440636199528,0.924056999575638,0.375536481290374,0.21625357406537604,0.30055238906623105,0.7261632281341959,0.4917061823719625
d4f1ec308715f9199e8133ead0e72f320b3d1ada320a81011a75cbff4e98366a,CONSIDERACIONES,A-CSJ,2016.0,0.0,1.0,0.9941,0.298,1,0.7586,0.1364,0.72127065405347,0.2869220279336086,0.2728035155349604,,8000,43,8,2,0,1.771,False,0.2068233489990234,0.2437789440155029,0.2068233489990234,0.2437789440155029,A,0.615440636199528,0.5483333536186017,0.5646487346493403,0.48007502487883064,0.44311914933979546,0.5379262760415433,0.4808036800503322
d4f1ec308715f9199e8133ead0e72f320b3d1ada320a81011a75cbff4e98366a,DECISIÓN,A-CSJ,2016.0,0.0,0.52,0.9908,0.0,1,0.7586,0.0,0.679744260592498,0.263033197956103,0.293195534259839,,553,2,0,0,0,0.268,False,0.2333915829658508,0.2625827193260193,0.2333915829658508,0.2625827193260193,A,0.17790510243813928,0.3133564794428533,0.375536481290374,0.6409694020932156,0.5652862992656699,0.3592806092712352,0.5406283741883979
d66b3436b885d33c3eda21f116c30cc0a2f6c5beb1781ee993ede0ba08db97d6,DECISIÓN,A-CSJ,2016.0,0.0,1.0,0.9902,0.0,1,0.7586,0.0,0.67042016738708,0.2535134832285797,0.2743541461525933,,816,5,0,0,0,0.287,False,0.2260596752166748,0.2728016376495361,0.2260596752166748,0.2728016376495361,A,0.615440636199528,0.3133564794428533,0.375536481290374,0.5981170936459077,0.6293814792019429,0.5124180460877212,0.5384491022190948
d7baa5d83fa92ed0461b8083146e37289c684dc99debe90974f9969199769e5e,DECISIÓN,A-CE,,0.0,1.0,0.9885,0.0,0,0.5,0.55,0.6890637802061487,0.262143930163538,0.2623990365037927,,6104,42,0,4,0,1.222,False,0.2308623790740966,0.2961949706077575,0.2308623790740966,0.2961949706077575,A,0.615440636199528,0.3133564794428533,0.930254642605832,0.6264014144639337,0.7577900489141245,0.34600259769308384,0.4630866961847486
d8b92a2308557bd5513724e8be29ff5f98f1e9eab22be9b1147b6f75dfc6d7a0,CARGOS,A-CSJ,2016.0,0.0,1.0,0.9944,0.0,1,0.7586,0.1071,0.7232363982912742,0.305249253950377,0.2595460981670766,,8000,70,0,1,0,1.503,False,0.2123548984527588,0.2648930549621582,0.2123548984527588,0.2648930549621582,A,0.615440636199528,0.3133564794428533,0.5237198624209713,0.5143781801836026,0.5800530002872843,0.46796303174854204,0.4696381104982369
d8b92a2308557bd5513724e8be29ff5f98f1e9eab22be9b1147b6f75dfc6d7a0,DECISIÓN,A-CSJ,2016.0,0.0,0.3071,0.9873,0.0,1,0.7586,0.0,0.6794702857819807,0.2325556412181096,0.2525339324272776,,775,2,0,0,0,0.259,False,0.1985718607902526,0.254457950592041,0.1985718607902526,0.254457950592041,A,0.08180555149970216,0.3133564794428533,0.375536481290374,0.429348258869542,0.512603469223712,0.3256457664427822,0.4560244080517206
d8d34808d36ea8f851646b5492464a3ac2c5de74d246d346946239228a2db6f7,CONSIDERACIONES,A-CE,2003.0,0.0,1.0,0.9811,0.6136,0,0.3103,0.3966,0.6902711842498253,0.2538900532483297,0.2155751083507332,,8000,56,9,4,0,1.507,False,0.196196436882019,0.2514951825141907,0.196196436882019,0.2514951825141907,A,0.615440636199528,0.7738426021579413,0.8489292839253035,0.4149694521314762,0.4932595672080312,0.5315703482475231,0.46756601544204757
d95ac6a1be3265873ea953e85bc60460523720be753b0f35489d445371fb26c1,DECISIÓN,A-CE,,0.0,0.4333,0.9818,0.0,0,0.5,0.4125,0.7102529597461833,0.2861990605206725,0.2998610435499291,,2402,2,0,1,0,0.541,False,0.1530265808105468,0.2377530932426452,0.1530265808105468,0.2377530932426452,A,0.13101564848505567,0.3133564794428533,0.8600639605899163,0.19548427320105044,0.4047025873806603,0.19751105659779322,0.25568634083922975
da4f9dd7ff238a27c727fdfc5d79cd31046df4ceaf58b3a7beb83d897f700040,DECISIÓN,A-CE,2005.0,0.0,1.0,0.9857,0.0507,0,0.3793,0.3783,0.6913015089693025,0.2456154676507296,0.2705599994500531,,4597,25,1,4,0,0.924,False,0.1907618641853332,0.2516392469406128,0.1907618641853332,0.2516392469406128,A,0.615440636199528,0.3502336576623706,0.8352237065776633,0.3826481326687181,0.4942001648113143,0.38741889087836545,0.3532805524963742
db9d7c74bc297e1b1ce3577359e2a83fba5d489990b024ea820215c25a3b92f4,HECHOS,A-CE,2017.0,0.0,1.0,0.9904,0.0595,0,0.7931,0.4821,0.7038580637421634,0.2467759129447162,0.2293402499395992,,7980,37,1,6,0,1.617,False,0.1656479239463806,0.2262308597564697,0.1656479239463806,0.2262308597564697,A,0.615440636199528,0.3568368908038639,0.9009659726183841,0.24944961470082058,0.33472948169030886,0.3700073426656719,0.2632692896606381
db9d7c74bc297e1b1ce3577359e2a83fba5d489990b024ea820215c25a3b92f4,DECISIÓN,A-CE,2017.0,0.0,0.3714,0.9934,0.0,0,0.7931,0.0,0.6651743529352957,0.2182788732252054,0.2488691462346626,,840,2,0,0,0,0.271,False,0.3176449537277221,0.3613053560256958,0.3176449537277221,0.3613053560256958,A,0.10432803684448139,0.3133564794428533,0.375536481290374,0.9352574009880301,0.9448669082256879,0.3335286363134549,0.7195452955935866
dd06dc7442e0a29cf3431c81835dd912ff1f56869876389421e5c912afa6bb34,CONSIDERACIONES,A-CSJ,2014.0,0.0,1.0,0.9923,0.053,1,0.6897,0.2045,0.6992561604305197,0.2634327224231904,0.2227065576867635,,8000,79,1,2,0,1.502,False,0.1684852242469787,0.2318075299263,0.1684852242469787,0.2318075299263,A,0.615440636199528,0.3519540923119401,0.655607680454427,0.26286324726101057,0.367906697524463,0.44190585084268574,0.32245046303334596
dd06dc7442e0a29cf3431c81835dd912ff1f56869876389421e5c912afa6bb34,DECISIÓN,A-CSJ,2014.0,0.0,1.0,0.9858,0.0,1,0.6897,0.0,0.6816080654194084,0.2781390655755635,0.2930939880077193,,834,3,0,0,0,0.254,False,0.2365839481353759,0.2643487453460693,0.2365839481353759,0.2643487453460693,A,0.615440636199528,0.3133564794428533,0.375536481290374,0.6589898100064014,0.5765858636964477,0.5124180460877212,0.5491954298441685
dd624c162f87b675f9ee70c6c4cdbeb33f38c8e83dff2c3e902ac261042d38fd,HECHOS,A-CSJ,2018.0,0.0,1.0,0.9889,0.4102,1,0.8276,0.0,0.7069599767555922,0.2500390503914811,0.2331761859307889,,8000,45,8,0,0,1.503,False,0.1335850358009338,0.1868320703506469,0.1335850358009338,0.1868320703506469,A,0.615440636199528,0.6369894714677686,0.375536481290374,0.1304233044175902,0.1523905889558759,0.6256895932964416,0.3602663459461991
dd624c162f87b675f9ee70c6c4cdbeb33f38c8e83dff2c3e902ac261042d38fd,CONSIDERACIONES,A-CSJ,2018.0,0.0,1.0,0.9916,0.284,1,0.8276,0.0,0.7155824252709656,0.2524946084466672,0.2321188004946613,,8000,40,5,0,0,1.479,False,0.1992839574813842,0.2556629776954651,0.1992839574813842,0.2556629776954651,A,0.615440636199528,0.5369259738605597,0.375536481290374,0.43368318946110324,0.5204635721918103,0.5906673691339185,0.5150060279568133
dd624c162f87b675f9ee70c6c4cdbeb33f38c8e83dff2c3e902ac261042d38fd,DECISIÓN,A-CSJ,2018.0,0.0,0.8667,0.9925,0.0,1,0.8276,0.0,0.6774420002087045,0.2706261415824106,0.2956367242502622,,1058,6,0,0,0,0.309,False,0.2624740600585937,0.3143796324729919,0.2624740600585937,0.3143796324729919,A,0.4786601584403959,0.3133564794428533,0.375536481290374,0.7860509478469329,0.8341856792124169,0.464544878872025,0.6451867911915483
ddeb856c980f25c2dc3fafb43652bcb4870c99a6ef45aa8bf8e5d28f2880890a,CONSIDERACIONES,A-CE,2016.0,0.0,1.0,0.9951,0.0,0,0.7586,0.0,0.7124483008971068,0.2835416116859215,0.2510916764906497,,2291,16,0,0,0,0.516,False,0.2213293313980102,0.2613533735275268,0.2213293313980102,0.2613533735275268,A,0.615440636199528,0.3133564794428533,0.375536481290374,0.5696045109400609,0.5573795968036855,0.5124180460877212,0.514069321792397
ddeb856c980f25c2dc3fafb43652bcb4870c99a6ef45aa8bf8e5d28f2880890a,DECISIÓN,A-CE,2016.0,0.0,0.975,0.9917,0.0,0,0.7586,0.0,0.6609711078428536,0.2476436896340206,0.2816795031085,,662,3,0,0,0,0.239,False,0.2244476079940796,0.2778231501579284,0.2244476079940796,0.2778231501579284,A,0.5904992427032943,0.3133564794428533,0.375536481290374,0.5884643700281347,0.6594236553856733,0.5036885583640395,0.5410790841896203
de242b4cc9f12c10c809c6e284ead376fb123ff7d91e09e5ace2e9c8129daa34,HECHOS,A-CE,2019.0,0.0,1.0,0.9866,0.1826,0,0.8621,0.0,0.7214209801992173,0.2712190986758183,0.2567722522504656,,5739,28,3,0,0,1.182,False,0.1579067707061767,0.2214128971099853,0.1579067707061767,0.2214128971099853,A,0.615440636199528,0.4538939240522004,0.375536481290374,0.21523497815248446,0.30731183615471735,0.5616061517009927,0.3751607943392884
de242b4cc9f12c10c809c6e284ead376fb123ff7d91e09e5ace2e9c8129daa34,CONSIDERACIONES,A-CE,2019.0,0.0,1.0,0.9905,0.0463,0,0.8621,0.0556,0.6977221186144393,0.2588389610391269,0.2342646361801064,,8000,58,1,1,0,1.659,False,0.1553232073783874,0.2144434452056884,0.1553232073783874,0.2144434452056884,A,0.615440636199528,0.3469532524989605,0.4513439818577017,0.20460336708430288,0.269972913093704,0.5014346664871605,0.32207527785144663
de242b4cc9f12c10c809c6e284ead376fb123ff7d91e09e5ace2e9c8129daa34,DECISIÓN,A-CE,2019.0,0.0,0.65,0.9947,0.0,0,0.8621,0.0,0.6343945945906319,0.1983040897534436,0.2242538603025845,,716,2,0,0,0,0.282,False,0.1875438690185547,0.2441573143005371,0.1875438690185547,0.2441573143005371,A,0.27116699167845204,0.3133564794428533,0.375536481290374,0.3639684605920896,0.4455592965829533,0.39192227050534467,0.4197326441264605
dea3d90ee23bbf805bd948d19a0b7c6b1ec2a5f22771e3180cf01f942b167a95,CONSIDERACIONES,A-CE,,0.0,1.0,0.9955,0.0,0,0.5,0.0523,0.6988845069297516,0.2273465686159163,0.2339105527039258,,8000,43,0,1,0,1.682,False,0.2223046422004699,0.2794744372367859,0.2223046422004699,0.2794744372367859,A,0.615440636199528,0.3133564794428533,0.44674358109312484,0.5755278018373965,0.6690427493341194,0.49105591614689603,0.524233684152001
dea3d90ee23bbf805bd948d19a0b7c6b1ec2a5f22771e3180cf01f942b167a95,DECISIÓN,A-CE,,0.0,0.65,0.9944,0.0,0,0.5,0.0,0.6429325201927816,0.2645837742215207,0.2740902077843337,,209,1,0,0,0,0.185,False,0.2531118392944336,0.2851248979568481,0.2531118392944336,0.2851248979568481,A,0.27116699167845204,0.3133564794428533,0.375536481290374,0.7443974118687252,0.7008711365626376,0.39192227050534467,0.6039451450692198
dea3d90ee23bbf805bd948d19a0b7c6b1ec2a5f22771e3180cf01f942b167a95,DECISIÓN,A-CE,,0.0,0.2167,0.9923,0.0,0,0.5,0.0,0.6429325201927816,0.2645837742215207,0.2740902077843337,,1475,1,0,0,0,0.382,False,0.2531118392944336,0.2851248979568481,0.2531118392944336,0.2851248979568481,A,0.05760093327087432,0.3133564794428533,0.375536481290374,0.7443974118687252,0.7008711365626376,0.31717415006269245,0.6039451450692198
dff68261216a548b4939ccf40781ccdb25789eb7029248bc38d24a437d13024e,HECHOS,A-CSJ,2015.0,0.0,0.75,0.9889,0.5556,1,0.7241,0.0,0.6435134161301783,0.1817299198976656,0.1802265230454365,,674,1,1,0,0,0.242,False,0.1453950405120849,0.1930428147315979,0.1453950405120849,0.1930428147315979,A,0.3608061574258898,0.7387936504925534,0.375536481290374,0.1674031491811216,0.17454566946775504,0.5721989883843429,0.4030913524720071
dff68261216a548b4939ccf40781ccdb25789eb7029248bc38d24a437d13024e,CONSIDERACIONES,A-CSJ,2015.0,0.0,1.0,0.9958,0.2754,1,0.7241,0.0,0.7012534303210531,0.249285622963106,0.2301119176594439,,7905,81,5,0,0,1.502,False,0.2392256259918213,0.2926462888717651,0.2392256259918213,0.2926462888717651,A,0.615440636199528,0.5298985956769329,0.375536481290374,0.6735645229024119,0.7403732406021283,0.5882077867696491,0.6411895837974282
dff68261216a548b4939ccf40781ccdb25789eb7029248bc38d24a437d13024e,DECISIÓN,A-CSJ,2015.0,0.0,0.52,0.987,0.0,1,0.7241,0.0,0.6602467260861201,0.2430098416412112,0.2741605559637721,,449,2,0,0,0,0.207,False,0.3172391057014465,0.3431354761123657,0.3172391057014465,0.3431354761123657,A,0.17790510243813928,0.3133564794428533,0.375536481290374,0.9346448812079857,0.9142520501852841,0.3592806092712352,0.7132079420624903
e131fa29090de067ace126a92b80b30512e5bdc5730e3126cf17e824cc583662,HECHOS,A-CE,,0.0,1.0,0.9795,0.8726,0,0.5,0.0,0.7053144252002888,0.2349666577180676,0.2309213528941731,,8000,45,19,0,0,1.569,False,0.2230899930000305,0.284006118774414,0.2230899930000305,0.284006118774414,A,0.615440636199528,0.8889936608196768,0.375536481290374,0.5802817867865544,0.6947088465032809,0.7138910595696094,0.6891815136227946
e131fa29090de067ace126a92b80b30512e5bdc5730e3126cf17e824cc583662,CONSIDERACIONES,A-CE,,0.0,1.0,0.9839,1.0,0,0.5,0.0,0.7126160405339051,0.262338254019569,0.2273345885878349,,8000,54,18,0,0,1.467,False,0.2213881015777588,0.2658022046089172,0.2213881015777588,0.2658022046089172,A,0.615440636199528,0.924056999575638,0.375536481290374,0.569962018368877,0.5858263501619789,0.7261632281341959,0.6725589300973375
e131fa29090de067ace126a92b80b30512e5bdc5730e3126cf17e824cc583662,DECISIÓN,A-CE,,0.0,1.0,0.9936,0.1389,0,0.5,0.1667,0.6889612826782309,0.2348159651050994,0.2251914016488774,,3748,18,1,1,0,0.791,False,0.2190654277801513,0.2620821595191955,0.2190654277801513,0.2620821595191955,A,0.615440636199528,0.4186230738453443,0.6060611803218141,0.5557810399950442,0.5620706551664761,0.4801039444191611,0.49038102742853396
e223c61ed7c208815b83989d0b46972b9d361d25e0781666baa3f3472d201f0a,CONSIDERACIONES,A-CE,2005.0,0.0,1.0,0.9917,0.4167,0,0.3793,0.0,0.7177711354052536,0.2860111056106202,0.2348246544878486,,8000,57,5,0,0,1.524,False,0.1892520785331726,0.2443104982376098,0.1892520785331726,0.2443104982376098,A,0.615440636199528,0.6419097133259613,0.375536481290374,0.37383718048208114,0.446547948492468,0.627411677946809,0.5055227349406375
e223c61ed7c208815b83989d0b46972b9d361d25e0781666baa3f3472d201f0a,DECISIÓN,A-CE,2005.0,0.0,0.26,0.9977,0.0,0,0.3793,0.0,0.6500491266191128,0.2039988264323915,0.2332994985034188,,1222,1,0,0,0,0.368,False,0.2533247470855713,0.286393940448761,0.2533247470855713,0.286393940448761,A,0.06821757679704545,0.3133564794428533,0.375536481290374,0.7454014062832309,0.7077739570133014,0.32088997529685237,0.6056771072044296
e2a00fc501f37b68aca1747bea614b3160d987e6872dc83834a72c37b05e515a,HECHOS,A-CSJ,2017.0,0.0,1.0,0.9801,0.7396,0,0.7931,0.2812,0.7064164222171023,0.226475443043012,0.2333509122875043,,7864,51,8,2,0,1.48,False,0.1292065382003784,0.1863808631896972,0.1292065382003784,0.1863808631896972,A,0.615440636199528,0.8380552248963492,0.7457307601513912,0.11858716967245772,0.15087449940915607,0.5850043233381396,0.33204806346100046
e2a00fc501f37b68aca1747bea614b3160d987e6872dc83834a72c37b05e515a,CONSIDERACIONES,A-CSJ,2017.0,0.0,1.0,0.9885,0.5861,0,0.7931,0.3611,0.7021277396381221,0.2569341446295466,0.2205070865910681,,8000,66,7,3,0,1.466,False,0.2907968163490295,0.3024941682815552,0.2907968163490295,0.3024941682815552,A,0.615440636199528,0.7576516415094874,0.8214484947762019,0.881231075747405,0.7866983274498058,0.5341477487652948,0.6908937534236843
e2a00fc501f37b68aca1747bea614b3160d987e6872dc83834a72c37b05e515a,DECISIÓN,A-CSJ,2017.0,0.0,0.5571,0.9872,0.0,0,0.7931,0.2812,0.6691703148798559,0.2204928437194704,0.250765332478294,,1122,3,0,1,0,0.307,False,0.1446165442466735,0.1898933053016662,0.1446165442466735,0.1898933053016662,A,0.20165913292246235,0.3133564794428533,0.7457307601513912,0.16472773541170058,0.16300828440611723,0.2565362362824431,0.21944933210575374
e62b28e9f470b0abf3b37a2568633b896e6528bb0d9fe5e4b98c25def18c739c,HECHOS,A-CSJ,2016.0,0.0,1.0,0.99,0.9444,1,0.7586,0.0,0.6760187011184207,0.1920277825354961,0.2136930737056904,,857,6,2,0,0,0.286,False,0.1501185297966003,0.190412700176239,0.1501185297966003,0.190412700176239,A,0.615440636199528,0.910213224527757,0.375536481290374,0.18438346702531322,0.16486774689899616,0.7213179068674375,0.44995377271252335
e62b28e9f470b0abf3b37a2568633b896e6528bb0d9fe5e4b98c25def18c739c,CONSIDERACIONES,A-CSJ,2016.0,0.0,1.0,0.9916,0.1346,1,0.7586,0.0,0.7121129838108741,0.2955770882734597,0.2631549480052508,,8000,56,3,0,0,1.494,False,0.2137108445167541,0.2583779692649841,0.2137108445167541,0.2583779692649841,A,0.615440636199528,0.4151910570186968,0.375536481290374,0.5227786428304403,0.5381298266675808,0.5480601482392664,0.5192889583207696
e62b28e9f470b0abf3b37a2568633b896e6528bb0d9fe5e4b98c25def18c739c,DECISIÓN,A-CSJ,2016.0,0.0,0.975,0.9922,0.0,1,0.7586,0.0,0.6424292859079525,0.2111259645410832,0.2449324034491486,,596,3,0,0,0,0.232,False,0.1736485958099365,0.2666524648666382,0.1736485958099365,0.2666524648666382,A,0.5904992427032943,0.3133564794428533,0.375536481290374,0.2884332619185529,0.5912045129113802,0.5036885583640395,0.422424367856408
e7173d1fcff2cf6bdac6971a01a9e4e997cebbf6b29297109cb2da13a0403ff0,HECHOS,A-CE,2003.0,0.0,1.0,0.9965,0.2778,0,0.3103,0.0,0.7187546826140333,0.3203602347084348,0.3019845878937484,,8000,65,4,0,0,1.492,False,0.1972038149833679,0.238375186920166,0.1972038149833679,0.238375186920166,A,0.615440636199528,0.5318610378917045,0.375536481290374,0.4210510786971524,0.408623297700062,0.5888946415448192,0.486950500298867
e7173d1fcff2cf6bdac6971a01a9e4e997cebbf6b29297109cb2da13a0403ff0,DECISIÓN,A-CE,2003.0,0.0,0.7917,0.9933,1.0,0,0.3103,0.0,0.6602806795435973,0.247318626337413,0.2498626619518822,,1929,4,4,0,0,0.453,False,0.2278504967689514,0.2661526799201965,0.2278504967689514,0.2661526799201965,A,0.40178251961032513,0.924056999575638,0.375536481290374,0.6087513811094879,0.5880457738283971,0.6513828873279749,0.6865790917898349
e7f2092d1e1ac15ef95156dba2c6ad2d32e490ee651598c92361830ae903496c,CONSIDERACIONES,A-CSJ,2020.0,0.0,1.0,0.9899,0.5,0,0.8966,0.1053,0.7147441485934742,0.2311394165559643,0.2277190248458704,,6936,50,6,1,0,1.325,False,0.2495517134666443,0.3018451333045959,0.2495517134666443,0.3018451333045959,A,0.615440636199528,0.7020666296461159,0.5211893179719533,0.727227899763809,0.7838397389126975,0.6047707476543893,0.6825765065170111
e7f2092d1e1ac15ef95156dba2c6ad2d32e490ee651598c92361830ae903496c,DECISIÓN,A-CSJ,2020.0,0.0,1.0,0.9926,0.0,0,0.8966,0.0,0.6957354405219539,0.2594809790874446,0.2632273010605088,,1134,5,0,0,0,0.308,False,0.2720624804496765,0.2879416942596435,0.2720624804496765,0.2879416942596435,A,0.615440636199528,0.3133564794428533,0.375536481290374,0.8233526972503233,0.7160648157000842,0.5124180460877212,0.6346182307802685
e80a5b7facae5c99383a3619ddac27505dca06a6aeaad22f61baa1b45952f388,DECISIÓN,A-CE,2015.0,0.0,1.0,0.9898,0.0,0,0.7241,0.0,0.6659863907325355,0.2333637446268768,0.2218226101965049,,1154,5,0,0,0,0.326,False,0.1982334852218628,0.2335214614868164,0.1982334852218628,0.2335214614868164,A,0.615440636199528,0.3133564794428533,0.375536481290374,0.42729212775440634,0.3783777609790423,0.5124180460877212,0.4284596205124892
e999984766ad22f0af16cdb558a7aa53ae2b8194ea68a1cb37212ec2ec677d59,CONSIDERACIONES,A-CSJ,2017.0,0.0,1.0,0.9945,0.1574,1,0.7931,0.3611,0.7163386318856149,0.2882688710422805,0.2344979153623094,,8000,56,2,3,0,1.448,False,0.191209077835083,0.2292133569717407,0.191209077835083,0.2292133569717407,A,0.615440636199528,0.4334747810258512,0.8214484947762019,0.3852731973996449,0.3522946896297961,0.4206858475960221,0.34938355331705734
e999984766ad22f0af16cdb558a7aa53ae2b8194ea68a1cb37212ec2ec677d59,DECISIÓN,A-CSJ,2017.0,0.0,0.8667,0.9921,0.0,1,0.7931,0.0,0.6737714532637351,0.2518117103134701,0.2880141857843621,,919,4,0,0,0,0.297,False,0.1817902326583862,0.2343488931655883,0.1817902326583862,0.2343488931655883,A,0.4786601584403959,0.3133564794428533,0.375536481290374,0.33159876497695967,0.3834744244127004,0.464544878872025,0.39598627622711446
ea6d05e01ebc2b1b832ea0bbb2be7cebde4c52fe2d5d7e24661e340692de990a,CARGOS,A-CE,2016.0,0.0,1.0,0.9872,0.5161,0,0.7586,0.0,0.7064108716552978,0.2358535689073657,0.2141685761999335,,8000,48,12,0,0,1.731,False,0.2151145339012146,0.2659946084022522,0.2151145339012146,0.2659946084022522,A,0.615440636199528,0.713004050716374,0.375536481290374,0.5314612762863441,0.5870452059792285,0.6522946960334535,0.6065642043170848
ea6d05e01ebc2b1b832ea0bbb2be7cebde4c52fe2d5d7e24661e340692de990a,DECISIÓN,A-CE,2016.0,0.0,0.5383,0.9932,0.0317,0,0.7586,0.0,0.7129798811864454,0.2732011480333129,0.2563317343560897,,8000,29,2,0,0,1.904,False,0.1571170091629028,0.1764329075813293,0.1571170091629028,0.1764329075813293,A,0.18933709590475092,0.3361732989270766,0.375536481290374,0.21194306278927524,0.12051093351010664,0.3712676938040274,0.307218287151962
eae717c0c035c62781edf99d76c26e9818a6b272668bdb7d0646edbec55a7310,CONSIDERACIONES,A-CE,2002.0,0.0,1.0,0.9882,0.0278,0,0.2759,0.0536,0.7198730940631503,0.2664596367284841,0.2515584112127291,,8000,41,1,1,0,1.507,False,0.2001127004623413,0.2401829957962036,0.2001127004623413,0.2401829957962036,A,0.615440636199528,0.3333218053353835,0.4485548162019837,0.438740974726349,0.42008138979795845,0.4975004096766239,0.43119510720726295
eae717c0c035c62781edf99d76c26e9818a6b272668bdb7d0646edbec55a7310,DECISIÓN,A-CE,2002.0,0.0,1.0,0.9896,0.0729,0,0.2759,0.25,0.697535952564165,0.2551093281784258,0.2658812835022834,,4113,20,1,2,0,0.865,False,0.204400360584259,0.2504710555076599,0.204400360584259,0.2504710555076599,A,0.615440636199528,0.36699645637913286,0.7109833857647492,0.46508916914808146,0.486574800785637,0.43055796667310653,0.40964860630078925
eba83016ec24d962770367f29ed6d2f08be80cc4052c92ce1590fa2c171ca1f8,HECHOS,A-CSJ,2016.0,0.0,1.0,0.9853,0.442,1,0.7586,0.2826,0.7281149497030497,0.2697354252477707,0.2573580965446791,,8000,46,7,3,0,1.703,False,0.1846884489059448,0.2502673864364624,0.1846884489059448,0.2502673864364624,A,0.615440636199528,0.660770363578281,0.7472236913039622,0.3477280365276803,0.48524589139360746,0.5225067425310445,0.43450184369718736
eba83016ec24d962770367f29ed6d2f08be80cc4052c92ce1590fa2c171ca1f8,DECISIÓN,A-CSJ,2016.0,0.0,0.8643,0.9913,0.0,1,0.7586,0.0,0.6895907396531163,0.2326011936339619,0.2559902195244268,,1219,5,0,0,0,0.339,False,0.2590423822402954,0.3108313083648681,0.2590423822402954,0.3108313083648681,A,0.4761642105742166,0.3133564794428533,0.375536481290374,0.7713806057776188,0.8209658101237256,0.46367129711886224,0.6374081976495501
ecd95cf3290421be14f200f54bd16742a9ae37a3be66789f7168eaaca491a00a,HECHOS,A-CSJ,2016.0,0.0,1.0,0.9804,1.0,1,0.7586,0.0,0.6911311997146419,0.1931968393381722,0.2096168654562527,,1154,9,5,0,0,0.341,False,0.1645236015319824,0.2239935398101806,0.1645236015319824,0.2239935398101806,A,0.615440636199528,0.924056999575638,0.375536481290374,0.24426243576637527,0.32184404690736784,0.7261632281341959,0.5057676155355396
ecd95cf3290421be14f200f54bd16742a9ae37a3be66789f7168eaaca491a00a,CONSIDERACIONES,A-CSJ,2016.0,0.0,1.0,0.9908,0.4352,1,0.7586,0.0,0.7176122340235076,0.238188521979205,0.2132116888141041,,3292,31,5,0,0,0.746,False,0.2075672745704651,0.2635871171951294,0.2075672745704651,0.2635871171951294,A,0.615440636199528,0.6557480632459285,0.375536481290374,0.4846845671678691,0.5717218396698462,0.6322551004187975,0.5728136859961308
ecd95cf3290421be14f200f54bd16742a9ae37a3be66789f7168eaaca491a00a,DECISIÓN,A-CSJ,2016.0,0.0,1.0,0.9876,0.0,1,0.7586,0.0,0.6832213653321254,0.2994930979185306,0.3083911025471725,,556,3,0,0,0,0.239,False,0.2494574785232544,0.2662944197654724,0.2494574785232544,0.2662944197654724,A,0.615440636199528,0.3133564794428533,0.375536481290374,0.7267637649186631,0.5889423465998699,0.5124180460877212,0.5753876106441446
eda9645d16abac33fb0ed879152da266aa1d9007682faa62bf8cf0e37088a957,CONSIDERACIONES,A-CSJ,2017.0,0.0,1.0,0.9962,0.5357,1,0.7931,0.0,0.7296850289636844,0.3091683509031537,0.2517662301240171,,8000,103,9,0,0,1.573,False,0.2093843221664428,0.2343918085098266,0.2093843221664428,0.2343918085098266,A,0.615440636199528,0.7259898698357746,0.375536481290374,0.4959528081271985,0.38373947716752477,0.6568397327252437,0.5567215494788933
eda9645d16abac33fb0ed879152da266aa1d9007682faa62bf8cf0e37088a957,DECISIÓN,A-CSJ,2017.0,0.0,0.65,0.9957,0.0,1,0.7931,0.0,0.6656487557103925,0.2064416250682341,0.23364766935916,,1956,6,0,0,0,0.457,False,0.2199522852897644,0.2444831728935241,0.2199522852897644,0.2444831728935241,A,0.27116699167845204,0.3133564794428533,0.375536481290374,0.5612077349510713,0.4476629005971913,0.39192227050534467,0.4891871109549517
edbf193021b34839684de145576cbf985fe02f67b5fd1366200fbf8f9601fbb7,HECHOS,A-CSJ,2016.0,0.0,0.9333,0.9882,0.8333,1,0.7586,0.0,0.6678003671116806,0.1876064704802365,0.2024387510608593,,1023,2,2,0,0,0.297,False,0.1801369190216064,0.2420020103454589,0.1801369190216064,0.2420020103454589,A,0.5479041416811411,0.8756068964065898,0.375536481290374,0.3225688087558983,0.4316980803664102,0.6855679189435936,0.5430331269814191
edbf193021b34839684de145576cbf985fe02f67b5fd1366200fbf8f9601fbb7,CONSIDERACIONES,A-CSJ,2016.0,0.0,1.0,0.986,0.6389,1,0.7586,0.0,0.7106302139715889,0.2536030722620224,0.2532498214743135,,8000,54,11,0,0,1.545,False,0.2283602952957153,0.2799983024597168,0.2283602952957153,0.2799983024597168,A,0.615440636199528,0.7880487872370036,0.375536481290374,0.6117603628121419,0.6720655583645622,0.6785603538156738,0.6704341392083382
edbf193021b34839684de145576cbf985fe02f67b5fd1366200fbf8f9601fbb7,DECISIÓN,A-CSJ,2016.0,0.0,0.325,0.9908,0.0,1,0.7586,0.0,0.649156311568896,0.2111101437518665,0.2406856937243112,,472,1,0,0,0,0.226,False,0.3119617700576782,0.3429269194602966,0.3119617700576782,0.3429269194602966,A,0.08758787535064123,0.3133564794428533,0.375536481290374,0.9261752024026084,0.913824024973359,0.32766957979061084,0.7101579494382232
ef6960fc60ef8c53d29b5a0a772d040141b090a62cd027b96689708551b7f198,HECHOS,A-CSJ,2007.0,0.0,1.0,0.9879,1.0,1,0.4483,0.0,0.7291009793170091,0.2794835701223501,0.2797748280497446,,2650,24,8,0,0,0.593,False,0.1862673759460449,0.2354884147644043,0.1862673759460449,0.2354884147644043,A,0.615440636199528,0.924056999575638,0.375536481290374,0.35666735917643955,0.3905353610786761,0.7261632281341959,0.5588476015633238
ef6960fc60ef8c53d29b5a0a772d040141b090a62cd027b96689708551b7f198,CONSIDERACIONES,A-CSJ,2007.0,0.0,1.0,0.996,0.303,1,0.4483,0.0,0.7208138321502298,0.2948450119499797,0.2372150570074813,,8000,55,4,0,0,1.784,False,0.3446710109710693,0.3776437640190124,0.3446710109710693,0.3776437640190124,A,0.615440636199528,0.5523957692811368,0.375536481290374,0.9658115198667407,0.9633165194160123,0.5960817975311204,0.793688981898771
ef6960fc60ef8c53d29b5a0a772d040141b090a62cd027b96689708551b7f198,DECISIÓN,A-CSJ,2007.0,0.0,1.0,0.9939,0.0,1,0.4483,0.0,0.6526970524868873,0.2347503677828631,0.2675115099948032,,536,4,0,0,0,0.233,False,0.2453168630599975,0.2922036647796631,0.2453168630599975,0.2922036647796631,A,0.615440636199528,0.3133564794428533,0.375536481290374,0.7058912061093249,0.7381447310189164,0.5124180460877212,0.5979226919446855
eff3d71f3ff9b463c06910e9b9d46e45d7fe60c6895e7e3b30b370df14d80829,CONSIDERACIONES,A-CSJ,2019.0,0.0,1.0,0.9937,0.3561,0,0.8621,0.1023,0.6979605974536381,0.2150098410102351,0.1841559515398994,,7505,49,5,1,0,1.608,False,0.1856708526611328,0.2362513542175293,0.1856708526611328,0.2362513542175293,A,0.615440636199528,0.5950053836097695,0.5169693902502454,0.3532779108741106,0.3952888063139703,0.5685652898581806,0.44806249792112607
eff3d71f3ff9b463c06910e9b9d46e45d7fe60c6895e7e3b30b370df14d80829,DECISIÓN,A-CSJ,2019.0,0.0,0.78,0.9886,0.0,0,0.8621,0.0,0.6934355672346334,0.2646279369709297,0.288407979705414,,953,3,0,0,0,0.305,False,0.236484408378601,0.27046799659729,0.236484408378601,0.27046799659729,A,0.3901185231462347,0.3133564794428533,0.375536481290374,0.658434489018461,0.6150545280716165,0.4335553065190686,0.5566948003734231
f0123d038827364014b35e6d7fa6d4652f742dca9faeb295780542d37907e954,HECHOS,A-CSJ,2014.0,0.0,1.0,0.9826,0.2381,1,0.6897,0.1071,0.7137190342700082,0.2541550995042938,0.2272865752743769,,4537,19,3,1,0,1.051,False,0.1474978327751159,0.1778976321220398,0.1474978327751159,0.1778976321220398,A,0.615440636199528,0.4993178674343273,0.5237198624209713,0.17480310773367155,0.12462514198769462,0.533049517545558,0.3061916104787115
f0123d038827364014b35e6d7fa6d4652f742dca9faeb295780542d37907e954,CONSIDERACIONES,A-CSJ,2014.0,0.0,1.0,0.9902,0.0583,1,0.6897,0.0,0.7092917915607786,0.2414062904449212,0.2544481129746848,,4653,31,1,0,0,1.018,False,0.2539653778076172,0.3206552863121032,0.2539653778076172,0.3206552863121032,A,0.615440636199528,0.35593317363424615,0.375536481290374,0.7484066859919902,0.8556361491318564,0.5273198890547087,0.6469455670740546
f0123d038827364014b35e6d7fa6d4652f742dca9faeb295780542d37907e954,DECISIÓN,A-CSJ,2014.0,0.0,0.975,0.9945,0.0,1,0.6897,0.0,0.6761426222353611,0.2585673707284981,0.2877173464258395,,692,3,0,0,0,0.249,False,0.197241723537445,0.2585271000862121,0.197241723537445,0.2585271000862121,A,0.5904992427032943,0.3133564794428533,0.375536481290374,0.42128041645372105,0.5390978478848847,0.5036885583640395,0.45849953893841777
f0633ba434a12203258fcea232c29432aff16bc8703420d4f5f2bbab5f906b29,DECISIÓN,A-CSJ,2014.0,0.0,1.0,0.9913,0.0,1,0.6897,0.0,0.6710810837690993,0.2142270991378591,0.2477324754974418,,891,4,0,0,0,0.288,False,0.2010658383369445,0.244890809059143,0.2010658383369445,0.244890809059143,A,0.615440636199528,0.3133564794428533,0.375536481290374,0.44457365001070687,0.45029705688641997,0.5124180460877212,0.44889201248366994
f0c306d5ea10cfa5b703a95fdc99db4ecd7d77c3d91886ee653328b203ae82cc,CONSIDERACIONES,A-CSJ,2015.0,0.0,1.0,0.9866,0.387,1,0.7241,0.0703,0.7177248708628621,0.2834064766821895,0.243798386097886,,8000,51,10,1,0,1.644,False,0.2191135883331298,0.269159734249115,0.2191135883331298,0.269159734249115,A,0.615440636199528,0.6191989467730559,0.4719269952129599,0.5560760891408488,0.606932740169612,0.5905457554765163,0.5764275168838915
f0c306d5ea10cfa5b703a95fdc99db4ecd7d77c3d91886ee653328b203ae82cc,DECISIÓN,A-CSJ,2015.0,0.0,0.6825,0.9884,0.0,1,0.7241,0.0,0.6749435359674009,0.2329470618590104,0.2760774344130478,,842,4,0,0,0,0.267,False,0.22116219997406,0.2634152770042419,0.22116219997406,0.2634152770042419,A,0.2987545029630376,0.3133564794428533,0.375536481290374,0.5685874309807425,0.5706224539424656,0.4015778994549496,0.5163619152343915
f2a29bf8303622c6e9ec9cc57dd19e9a4ad61f35927726588790a6167fbd40b3,HECHOS,A-CSJ,2017.0,0.0,1.0,0.978,0.2267,1,0.7931,0.0,0.7007765500767934,0.2441420698996912,0.2305616854288885,,8000,50,4,0,0,1.528,False,0.1382870078086853,0.1895258426666259,0.1382870078086853,0.1895258426666259,A,0.615440636199528,0.4899619121295426,0.375536481290374,0.14423680872580857,0.16170297408727236,0.5742299475280624,0.3302066596457983
f2a29bf8303622c6e9ec9cc57dd19e9a4ad61f35927726588790a6167fbd40b3,CONSIDERACIONES,A-CSJ,2017.0,0.0,1.0,0.9916,0.0,1,0.7931,0.0,0.7148243400242126,0.2815454088329561,0.2456860097853949,,8000,49,0,0,0,1.521,False,0.2476037144660949,0.2927037477493286,0.2476037144660949,0.2927037477493286,A,0.615440636199528,0.3133564794428533,0.375536481290374,0.7175339290330277,0.7406616278877426,0.5124180460877212,0.6025010243417467
f2a29bf8303622c6e9ec9cc57dd19e9a4ad61f35927726588790a6167fbd40b3,DECISIÓN,A-CSJ,2017.0,0.0,0.65,0.9883,0.0,1,0.7931,0.0,0.6678781709280801,0.2366424906992541,0.2589767974431607,,772,3,0,0,0,0.254,False,0.2307053804397583,0.2765159606933594,0.2307053804397583,0.2765159606933594,A,0.27116699167845204,0.3133564794428533,0.375536481290374,0.625489197194477,0.651714245553641,0.39192227050534467,0.5524958917314337
f358586d8c5f9b268967dc7cfe293ddbfbbccfd2c66e824dd196fcd0f6c6d41e,CONSIDERACIONES,A-CE,2005.0,0.0,1.0,0.9843,0.2333,0,0.3793,0.17,0.717905113056086,0.2964147066975877,0.2837178317706958,,8000,48,5,2,0,1.512,False,0.1754771471023559,0.2271324396133422,0.1754771471023559,0.2271324396133422,A,0.615440636199528,0.495378081259308,0.6104918584925152,0.2978351154978586,0.3399938396248967,0.505638993562838,0.3739872069655539
f358586d8c5f9b268967dc7cfe293ddbfbbccfd2c66e824dd196fcd0f6c6d41e,DECISIÓN,A-CE,2005.0,0.0,0.7583,0.9926,0.0,0,0.3793,0.1904,0.6711006460054877,0.2268076287725198,0.2471052028539802,,2439,7,0,1,0,0.541,False,0.2018258571624755,0.2426992058753967,0.2018258571624755,0.2426992058753967,A,0.3688231231322899,0.3133564794428533,0.6374538920806779,0.4492355932368124,0.43617127586667925,0.34752669327709673,0.39531505425079794
f372f243151777dcb31363cb2b4a3c2f3d96c2d544db274c395b1d970dabe6f2,CONSIDERACIONES,A-CSJ,2020.0,0.0,1.0,0.9886,0.4524,0,0.8966,0.1071,0.7209565368409672,0.2792772893491289,0.2159708753434588,,6998,34,6,1,0,1.499,False,0.2368615269660949,0.2705212235450744,0.2368615269660949,0.2705212235450744,A,0.615440636199528,0.6683817537009494,0.5237198624209713,0.6605360837916615,0.6153836451348761,0.5922218777388757,0.6166158242950999
f372f243151777dcb31363cb2b4a3c2f3d96c2d544db274c395b1d970dabe6f2,DECISIÓN,A-CSJ,2020.0,0.0,0.4333,0.9934,0.3889,0,0.8966,0.0,0.6809857027077714,0.2570165374770908,0.277766968959812,,808,1,1,0,0,0.279,False,0.2490258812904358,0.2934331893920898,0.2490258812904358,0.2934331893920898,A,0.13101564848505567,0.6206687648996695,0.375536481290374,0.7246317354264233,0.7443045743841257,0.4504286002975416,0.6825419172429159
f42876e4f73eb8326d7f0210d32300db062d1accafab82cf8ae4b85684dd5668,HECHOS,A-CSJ,2016.0,0.0,1.0,0.9853,1.0,1,0.7586,0.6136,0.7141613084855185,0.2454668155250422,0.2462587079905071,,5304,33,15,3,0,1.05,False,0.2010252475738525,0.2080553770065307,0.2010252475738525,0.2080553770065307,A,0.615440636199528,0.924056999575638,0.9502153213584382,0.4443249337309766,0.23837354560161533,0.5537595761137766,0.44415962154838673
f42876e4f73eb8326d7f0210d32300db062d1accafab82cf8ae4b85684dd5668,CONSIDERACIONES,A-CSJ,2016.0,0.0,1.0,0.9917,0.7917,1,0.7586,0.1875,0.7061945856175433,0.2573588631774446,0.2202983622819212,,5225,32,6,1,0,0.999,False,0.2268737554550171,0.2789956331253052,0.2268737554550171,0.2789956331253052,A,0.615440636199528,0.8599514392948369,0.6336689774238463,0.6029633826006657,0.6662676877538461,0.6262865331958738,0.6325447857999421
f42876e4f73eb8326d7f0210d32300db062d1accafab82cf8ae4b85684dd5668,DECISIÓN,A-CSJ,2016.0,0.0,0.4333,0.9921,0.0,1,0.7586,0.0,0.6656659368533394,0.2323713866558681,0.2592303943053261,,545,2,0,0,0,0.213,False,0.3003894686698913,0.3389849662780761,0.3003894686698913,0.3389849662780761,A,0.13101564848505567,0.3133564794428533,0.375536481290374,0.9039748119539465,0.9053625517136772,0.34286930038765595,0.7006955181292551
f49019eb3192879906406eea490db3d7613fa140f8f7371cc1c9cfe143b0d93e,DECISIÓN,A-CE,2017.0,0.0,1.0,1.0,0.0,0,0.7931,0.0,0.6343281927909709,0.2648167843592582,0.2295496376999458,,223,1,0,0,0,0.171,False,0.2232499718666076,0.1945446729660034,0.2232499718666076,0.1945446729660034,A,0.615440636199528,0.3133564794428533,0.375536481290374,0.5812483972366316,0.1802700777710413,0.5124180460877212,0.44272277818966776
f49019eb3192879906406eea490db3d7613fa140f8f7371cc1c9cfe143b0d93e,DECISIÓN,A-CE,2017.0,0.0,1.0,0.9942,0.0,0,0.7931,0.0,0.6343281927909709,0.2648167843592582,0.2295496376999458,,452,2,0,0,0,0.217,False,0.2232499718666076,0.1945446729660034,0.2232499718666076,0.1945446729660034,A,0.615440636199528,0.3133564794428533,0.375536481290374,0.5812483972366316,0.1802700777710413,0.5124180460877212,0.44272277818966776
f5201faa976e4819add068257847a43d05f5f838e868ce8b36b847edc607447d,HECHOS,A-CSJ,2014.0,0.0,1.0,0.9871,1.0,1,0.6897,0.5625,0.7126052908727074,0.2220595804323386,0.2145833805545659,,896,4,6,1,0,0.27,False,0.2625232338905334,0.3016503453254699,0.2625232338905334,0.3016503453254699,A,0.615440636199528,0.924056999575638,0.9346883425814149,0.786256099288174,0.7829764274255185,0.5584176697468837,0.6758615016135912
f5201faa976e4819add068257847a43d05f5f838e868ce8b36b847edc607447d,DECISIÓN,A-CSJ,2014.0,0.0,0.975,0.9854,0.0,1,0.6897,0.0,0.681449831573088,0.2570074513098979,0.2705886450375229,,797,3,0,0,0,0.259,False,0.2199139595031738,0.241245150566101,0.2199139595031738,0.241245150566101,A,0.5904992427032943,0.3133564794428533,0.375536481290374,0.560973511691297,0.4268546835355843,0.5036885583640395,0.4849434894017093
f6e0a99e03cb229bb1a0a4bc37f88b42972c601661771fd853a5f3895d5743ab,CONSIDERACIONES,A-CSJ,2016.0,0.0,1.0,0.9856,1.0,1,0.7586,0.375,0.7002443003774469,0.2402031141059408,0.1887435995784222,,5474,34,14,3,0,1.057,False,0.1882910728454589,0.212457537651062,0.1882910728454589,0.212457537651062,A,0.615440636199528,0.924056999575638,0.8326486090096031,0.36827171415184823,0.25987233619885436,0.5890295898184271,0.4453540952849066
f6e0a99e03cb229bb1a0a4bc37f88b42972c601661771fd853a5f3895d5743ab,DECISIÓN,A-CSJ,2016.0,0.0,0.325,0.9931,0.0,1,0.7586,0.0,0.6614780303568443,0.2287201559971388,0.2574212023062733,,430,1,0,0,0,0.195,False,0.2801470756530761,0.3335137367248535,0.2801470756530761,0.3335137367248535,A,0.08758787535064123,0.3133564794428533,0.375536481290374,0.8506688433435918,0.8923883911392392,0.32766957979061084,0.6794435970007434
f7b77f89cfef279defc179769873f21ce42158a0202631ffd9cbdc6726acec54,HECHOS,A-CE,,0.0,1.0,0.9858,0.2576,0,0.5,0.5455,0.6854965857836965,0.2340510195694495,0.2220023586989234,,5145,36,2,3,0,1.045,False,0.2101086974143982,0.245587944984436,0.2101086974143982,0.245587944984436,A,0.615440636199528,0.5153189855279369,0.9285914236643494,0.5004467364303753,0.4548083536462109,0.41718844050530784,0.40922949012898785
f7b77f89cfef279defc179769873f21ce42158a0202631ffd9cbdc6726acec54,CONSIDERACIONES,A-CE,,0.0,1.0,0.9726,0.2598,0,0.5,0.0,0.7160505811481689,0.2546259643586286,0.2506673704144696,,8000,39,6,0,0,1.697,False,0.173736572265625,0.2109636068344116,0.173736572265625,0.2109636068344116,A,0.615440636199528,0.517122878484026,0.375536481290374,0.2888815518630135,0.25243756438249726,0.5837362857521317,0.4057694793914859
f7b77f89cfef279defc179769873f21ce42158a0202631ffd9cbdc6726acec54,HECHOS,A-CE,,0.0,1.0,0.9901,0.5224,0,0.5,0.0,0.6854965857836965,0.2340510195694495,0.2220023586989234,,8000,35,10,0,0,1.595,False,0.2101086974143982,0.245587944984436,0.2101086974143982,0.245587944984436,A,0.615440636199528,0.7172180020462599,0.375536481290374,0.5004467364303753,0.4548083536462109,0.6537695789989135,0.5703152327333637
f7b77f89cfef279defc179769873f21ce42158a0202631ffd9cbdc6726acec54,DECISIÓN,A-CE,,0.0,0.0,1.0,0.0,0,0.5,0.0,0.6572709455649773,0.3904538920210714,0.3793260484386934,,201,0,0,0,0,0.171,False,0.2343865036964416,0.2778098583221435,0.2343865036964416,0.2778098583221435,A,0.024169707443500377,0.3133564794428533,0.375536481290374,0.6466312394716256,0.6593456789214895,0.3054732210231116,0.5614218932020053
f7b77f89cfef279defc179769873f21ce42158a0202631ffd9cbdc6726acec54,DECISIÓN,A-CE,,0.0,0.913,0.9852,0.0224,0,0.5,0.0433,0.6572709455649773,0.3904538920210714,0.3793260484386934,,8000,30,1,1,0,1.928,False,0.2343865036964416,0.2778098583221435,0.2343865036964416,0.2778098583221435,A,0.5268708377367722,0.3293936671675795,0.43424553013032063,0.6466312394716256,0.6593456789214895,0.46941891767742683,0.5536893803651975
f7dc0d787ca723bed31252266f569ea6bc1d3b751972e8dc31117c31bd98a749,CONSIDERACIONES,A-CSJ,2013.0,0.0,1.0,0.992,0.5595,1,0.6552,0.0,0.7055440094715575,0.2283937923751626,0.2319195924475965,,6000,39,5,0,0,1.144,False,0.1883513927459716,0.246914803981781,0.1883513927459716,0.246914803981781,A,0.615440636199528,0.7412571106088457,0.375536481290374,0.3686200321761543,0.46341462708522413,0.6621832669958185,0.5319069180728354
f7dc0d787ca723bed31252266f569ea6bc1d3b751972e8dc31117c31bd98a749,DECISIÓN,A-CSJ,2013.0,0.0,0.975,0.9916,0.0,1,0.6552,0.0,0.6643624480812725,0.2565607018836224,0.2869906479809305,,526,3,0,0,0,0.208,False,0.2801024913787842,0.3338160514831543,0.2801024913787842,0.3338160514831543,A,0.5904992427032943,0.3133564794428533,0.375536481290374,0.8505282411079903,0.893144356838865,0.5036885583640395,0.6795455793582081
f7e751fcc9a3e341aac71199f57102f39e1382cda1b7c62af5191b72e0767fe6,CONSIDERACIONES,A-CSJ,2014.0,0.0,1.0,0.9946,0.0729,1,0.6897,0.4219,0.7122994238491954,0.3014511104591864,0.2492401618145933,,8000,76,1,3,0,1.462,False,0.2082446813583374,0.2528091669082641,0.2082446813583374,0.2528091669082641,A,0.615440636199528,0.36699645637913286,0.8663180350739048,0.4888842313589554,0.5018395153022355,0.38395757188035984,0.3899628911160837
f7e751fcc9a3e341aac71199f57102f39e1382cda1b7c62af5191b72e0767fe6,DECISIÓN,A-CSJ,2014.0,0.0,1.0,0.9959,0.0,1,0.6897,0.0,0.6353987730683003,0.2242529223012178,0.2035791937191842,,411,3,0,0,0,0.205,False,0.2993743419647217,0.3192711472511291,0.2993743419647217,0.3192711472511291,A,0.615440636199528,0.3133564794428533,0.375536481290374,0.9017657294174197,0.8511126435147985,0.5124180460877212,0.6890723576016952
f7e751fcc9a3e341aac71199f57102f39e1382cda1b7c62af5191b72e0767fe6,DECISIÓN,A-CSJ,2014.0,0.0,0.4333,0.9914,0.0,1,0.6897,0.0,0.6353987730683003,0.2242529223012178,0.2035791937191842,,634,2,0,0,0,0.241,False,0.2993743419647217,0.3192711472511291,0.2993743419647217,0.3192711472511291,A,0.13101564848505567,0.3133564794428533,0.375536481290374,0.9017657294174197,0.8511126435147985,0.34286930038765595,0.6890723576016952
f84c83b9bfbca5ee3afd1acbe89069ce599df74c1a0fba637630c54ae276d14a,HECHOS,A-CSJ,2012.0,0.0,1.0,0.9897,1.0,1,0.6207,0.0,0.7089364332690451,0.2230474606489453,0.2104103721197329,,1338,4,4,0,0,0.349,False,0.2450424432754516,0.2867957353591919,0.2450424432754516,0.2867957353591919,A,0.615440636199528,0.924056999575638,0.375536481290374,0.7044754124551122,0.7099398824580979,0.7261632281341959,0.7444613244867435
f84c83b9bfbca5ee3afd1acbe89069ce599df74c1a0fba637630c54ae276d14a,DECISIÓN,A-CSJ,2012.0,0.0,0.8667,0.9963,0.0,1,0.6207,0.0,0.702766730800631,0.2897043163540761,0.2814282211178147,,1152,4,0,0,0,0.331,False,0.2422456741333007,0.3078532218933105,0.2422456741333007,0.3078532218933105,A,0.4786601584403959,0.3133564794428533,0.375536481290374,0.6898240565524817,0.8092457406715147,0.464544878872025,0.60651939153031
f85ce1b09789e6d8cb0e842bbd0e138bcf9cda13e861fad37e2fa9ddb07963aa,HECHOS,A-CE,2018.0,0.0,1.0,0.992,0.0583,0,0.8276,0.2362,0.7193016027824418,0.2808935732452051,0.2643754803696744,,6128,30,1,2,0,1.14,False,0.2160491943359375,0.2817558646202087,0.2160491943359375,0.2817558646202087,A,0.615440636199528,0.35593317363424615,0.6947465158743041,0.5372324719767517,0.6821022863693452,0.4315568786795297,0.47448581269943285
f85ce1b09789e6d8cb0e842bbd0e138bcf9cda13e861fad37e2fa9ddb07963aa,CONSIDERACIONES,A-CE,2018.0,0.0,1.0,0.9907,0.125,0,0.8276,0.8414,0.7099946110932724,0.2451356590894182,0.2321230578832018,,8000,44,3,12,0,1.618,False,0.2103320956230163,0.2647091746330261,0.2103320956230163,0.2647091746330261,A,0.615440636199528,0.4075589602171523,0.9856929258106375,0.5018326886003615,0.5788825872589354,0.36234198100264686,0.3961691133540741
f85ce1b09789e6d8cb0e842bbd0e138bcf9cda13e861fad37e2fa9ddb07963aa,DECISIÓN,A-CE,2018.0,0.0,0.2687,0.9906,0.0,0,0.8276,0.0,0.6965857445101273,0.2581953151296233,0.2779305327919454,,1262,2,0,0,0,0.355,False,0.2387644052505493,0.2941277623176574,0.2387644052505493,0.2941277623176574,A,0.07055915362517638,0.3133564794428533,0.375536481290374,0.6710429279513324,0.7477420095909296,0.3217095271866982,0.5876452503037908
f96dd3079cfbb7c6e1ca7f4423aca46f92a348e802df4bcc40a7dd21a307c304,CONSIDERACIONES,A-CE,,0.0,1.0,0.9734,1.0,0,0.5,0.975,0.697105074396584,0.2432414803399882,0.2354968074733686,,8000,54,9,5,0,1.618,False,0.1616156101226806,0.2011564373970031,0.1616156101226806,0.2011564373970031,A,0.615440636199528,0.924056999575638,0.993209393167909,0.23118793959997175,0.20721115968008827,0.5408613545709354,0.35473038205633545
f96dd3079cfbb7c6e1ca7f4423aca46f92a348e802df4bcc40a7dd21a307c304,CONSIDERACIONES,A-CE,,0.0,1.0,0.9777,0.0,0,0.5,0.1946,0.697105074396584,0.2432414803399882,0.2354968074733686,,3044,20,0,2,0,0.756,False,0.1616156101226806,0.2011564373970031,0.1616156101226806,0.2011564373970031,A,0.615440636199528,0.3133564794428533,0.6429053142538853,0.23118793959997175,0.20721115968008827,0.4322073961986679,0.272116067805944
f96dd3079cfbb7c6e1ca7f4423aca46f92a348e802df4bcc40a7dd21a307c304,CONSIDERACIONES,A-CE,,0.0,1.0,0.984,0.0417,0,0.5,0.05,0.697105074396584,0.2432414803399882,0.2354968074733686,,8000,43,1,1,0,1.674,False,0.1616156101226806,0.2011564373970031,0.1616156101226806,0.2011564373970031,A,0.615440636199528,0.3435392172431346,0.44354257816178666,0.23118793959997175,0.20721115968008827,0.5025801752563959,0.31953429947443407
f96dd3079cfbb7c6e1ca7f4423aca46f92a348e802df4bcc40a7dd21a307c304,HECHOS,A-CE,,0.0,1.0,0.9731,0.3135,0,0.5,0.0,0.665283031662319,0.2633859918338945,0.3059530975508251,,8000,33,11,0,0,1.843,False,0.2031495571136474,0.2526509761810303,0.2031495571136474,0.2526509761810303,A,0.615440636199528,0.5609034856691755,0.375536481290374,0.4573760047341295,0.500806531835223,0.5990594982669339,0.525361483183209
f96dd3079cfbb7c6e1ca7f4423aca46f92a348e802df4bcc40a7dd21a307c304,DECISIÓN,A-CE,,0.0,1.0,1.0,0.0,0,0.5,0.0,0.6681081923535299,0.3580196875915327,0.3501865014061007,,219,1,0,0,0,0.179,False,0.2171114683151245,0.2474300861358642,0.2171114683151245,0.2474300861358642,A,0.615440636199528,0.3133564794428533,0.375536481290374,0.5437794605579203,0.46676302103646905,0.5124180460877212,0.4869072390052044
f96dd3079cfbb7c6e1ca7f4423aca46f92a348e802df4bcc40a7dd21a307c304,DECISIÓN,A-CE,,0.0,1.0,0.9826,0.0629,0,0.5,0.0377,0.6681081923535299,0.3580196875915327,0.3501865014061007,,8000,42,2,1,0,1.681,False,0.2171114683151245,0.2474300861358642,0.2171114683151245,0.2474300861358642,A,0.615440636199528,0.3594029446431372,0.4265099227119261,0.5437794605579203,0.46676302103646905,0.513242276481355,0.488224167020965
fad480a34ae5af95cef477f8d9902f959c55d5c7dbf93d59de06ab1f6dfcb67a,HECHOS,A-CSJ,2016.0,0.0,1.0,0.986,0.6667,1,0.7586,0.0,0.6762991191847105,0.2225491788629519,0.2250292051495749,,800,5,2,0,0,0.273,False,0.2418265342712402,0.2852164506912231,0.2418265342712402,0.2852164506912231,A,0.615440636199528,0.8028936184467005,0.375536481290374,0.6875941282293226,0.7013722483021619,0.6837560447390677,0.7065485028942956
fad480a34ae5af95cef477f8d9902f959c55d5c7dbf93d59de06ab1f6dfcb67a,CONSIDERACIONES,A-CSJ,2016.0,0.0,1.0,0.987,0.099,1,0.7586,0.0682,0.739497098925911,0.2950400675227956,0.2830200028639222,,7015,47,3,1,0,1.353,False,0.2454649209976196,0.2814284563064575,0.2454649209976196,0.2814284563064575,A,0.615440636199528,0.38712090427623624,0.4689790599033899,0.7066534249126127,0.6802450107258597,0.5102028211955005,0.5863621149529675
fad480a34ae5af95cef477f8d9902f959c55d5c7dbf93d59de06ab1f6dfcb67a,DECISIÓN,A-CSJ,2016.0,0.0,0.975,0.9916,0.0,1,0.7586,0.0,0.6641048689309604,0.2411340755981545,0.2683531988085975,,471,3,0,0,0,0.205,False,0.3157862424850464,0.3519893288612366,0.3157862424850464,0.3519893288612366,A,0.5904992427032943,0.3133564794428533,0.375536481290374,0.932407737517567,0.930730045243178,0.5036885583640395,0.7157205407824225
faf3250e811c1a9a758722569e7d0c14c5ce34470e33434bcffaf26b79984cd2,HECHOS,A-CSJ,2013.0,0.0,1.0,0.9752,0.0,1,0.6552,0.0,0.6695496308020186,0.199907894668492,0.2232912724267748,,765,4,0,0,0,0.26,False,0.2000517845153808,0.2359228730201721,0.2000517845153808,0.2359228730201721,A,0.615440636199528,0.3133564794428533,0.375536481290374,0.4383687602008455,0.3932397404963826,0.5124180460877212,0.43530883777221097
faf3250e811c1a9a758722569e7d0c14c5ce34470e33434bcffaf26b79984cd2,CONSIDERACIONES,A-CSJ,2013.0,0.0,1.0,0.9967,0.2879,1,0.6552,0.0,0.6970338911697234,0.27194365277931,0.2426376846205366,,8000,51,5,0,0,1.604,False,0.1908010840415954,0.2197000384330749,0.1908010840415954,0.2197000384330749,A,0.615440636199528,0.5401081490488403,0.375536481290374,0.3828780750456842,0.2978709155245097,0.5917811304498167,0.45350125037502664
faf3250e811c1a9a758722569e7d0c14c5ce34470e33434bcffaf26b79984cd2,DECISIÓN,A-CSJ,2013.0,0.0,0.65,0.9935,0.0,1,0.6552,0.0,0.6618395410705258,0.2213983802015454,0.2478271778044136,,584,3,0,0,0,0.224,False,0.3032656908035278,0.3342801928520202,0.3032656908035278,0.3342801928520202,A,0.27116699167845204,0.3133564794428533,0.375536481290374,0.9099944510512571,0.8942958850891461,0.39192227050534467,0.7005890584884077
fb4ca5af739b54a379236e467c23ce5cce8839726f742482b1d99cd168352b5e,CONSIDERACIONES,A-CSJ,2020.0,0.0,1.0,0.9946,0.2976,0,0.8966,0.1429,0.6955448237797183,0.2446331196096934,0.2086127951069434,,8000,48,5,2,0,1.494,False,0.255751371383667,0.2851468920707702,0.255751371383667,0.2851468920707702,A,0.615440636199528,0.5480080745983092,0.573629950787171,0.7566598810555739,0.7009915648124856,0.5351180635430917,0.6273052998240911
fb85c9c6830d8aab14e9169c88eca936fcd10c7f0abf2cad978c224ba5961a3e,HECHOS,A-CSJ,2014.0,0.0,1.0,0.9886,0.4295,1,0.6897,0.5192,0.7091230524824801,0.2731920884198618,0.250173039054308,,8000,61,7,6,0,1.569,False,0.1815674901008606,0.2381269931793213,0.1815674901008606,0.2381269931793213,A,0.615440636199528,0.6515111542306559,0.9181186507047959,0.33037477107879337,0.4070576466165525,0.46799753143912554,0.37629675761759296
fb85c9c6830d8aab14e9169c88eca936fcd10c7f0abf2cad978c224ba5961a3e,DECISIÓN,A-CSJ,2014.0,0.0,0.78,0.9938,0.0,1,0.6897,0.0,0.6537636034295247,0.2127223843022038,0.2267816485975582,,553,3,0,0,0,0.228,False,0.2523953318595886,0.2676417231559753,0.2523953318595886,0.2676417231559753,A,0.3901185231462347,0.3133564794428533,0.375536481290374,0.7409995809022325,0.5974344357580468,0.4335553065190686,0.5820685640700293
fe5cda1a6584f019c2ad9686f8e61d15526b212d50818222d727cb2dd0e083a4,CARGOS,A-CSJ,2017.0,0.0,1.0,0.996,0.0,1,0.7931,0.0,0.6851020909285023,0.2127922171873254,0.201204862443633,,1669,10,0,0,0,0.418,False,0.1869951486587524,0.2427274584770202,0.1869951486587524,0.2427274584770202,A,0.615440636199528,0.3133564794428533,0.375536481290374,0.3608220590686699,0.4363527683640108,0.5124180460877212,0.4167900979494752
fe5cda1a6584f019c2ad9686f8e61d15526b212d50818222d727cb2dd0e083a4,CARGOS,A-CSJ,2017.0,0.0,1.0,0.9932,0.3077,1,0.7931,0.0,0.6851020909285023,0.2127922171873254,0.201204862443633,,2906,22,3,0,0,0.611,False,0.1869951486587524,0.2427274584770202,0.1869951486587524,0.2427274584770202,A,0.615440636199528,0.5562080831014877,0.375536481290374,0.3608220590686699,0.4363527683640108,0.5974161073682432,0.4775029988641337
fe5cda1a6584f019c2ad9686f8e61d15526b212d50818222d727cb2dd0e083a4,CONSIDERACIONES,A-CSJ,2017.0,0.0,1.0,0.9949,0.3269,1,0.7931,0.0769,0.7007512130958883,0.3149821777696139,0.2812559820141819,,8000,71,6,1,0,1.525,False,0.2266204357147216,0.2785494327545166,0.2266204357147216,0.2785494327545166,A,0.615440636199528,0.5717085363276828,0.48120373658700855,0.6014574644030907,0.6636711780751758,0.5711410894084212,0.589930734920636
ffe554eb7e709ce27836992742a0abfc1918b2c39d4aefb7f5a1b38c5910508c,CONSIDERACIONES,A-CSJ,2016.0,0.0,1.0,0.9945,0.0614,1,0.7586,0.0,0.7086175657238272,0.2839311449471895,0.2326331473076972,,8000,51,2,0,0,1.613,False,0.1807813048362732,0.2215264439582824,0.1807813048362732,0.2215264439582824,A,0.615440636199528,0.3582698603756721,0.375536481290374,0.3260730122048941,0.30794354305182586,0.5281377294142078,0.3901744317179213
ffe554eb7e709ce27836992742a0abfc1918b2c39d4aefb7f5a1b38c5910508c,DECISIÓN,A-CSJ,2016.0,0.0,0.2,0.9833,0.0,1,0.7586,0.0,0.6891753683393119,0.2551683324808452,0.2841507620503354,,1061,2,0,0,0,0.321,False,0.253477931022644,0.2917733192443847,0.253477931022644,0.2917733192443847,A,0.05393647180319275,0.3133564794428533,0.375536481290374,0.7461221569351889,0.7359662427859175,0.3158915885490039,0.6115678270871381
fff19563cffbd29a6ba22c6f71c12006af8b1e1d3cb2081d663f82f95259f91b,DECISIÓN,A-CE,2007.0,0.0,0.0,1.0,0.0,0,0.4483,0.0,0.6317111053675978,0.197372236219729,0.2157074490313204,,208,0,0,0,0,0.165,False,0.1960633397102356,0.2466617822647094,0.1960633397102356,0.2466617822647094,A,0.024169707443500377,0.3133564794428533,0.375536481290374,0.41416782532545093,0.4617716355560295,0.3054732210231116,0.4405448895777522
fff19563cffbd29a6ba22c6f71c12006af8b1e1d3cb2081d663f82f95259f91b,DECISIÓN,A-CE,2007.0,0.0,1.0,0.9826,0.2381,0,0.4483,0.2679,0.6317111053675978,0.197372236219729,0.2157074490313204,,6325,27,2,2,0,1.241,False,0.1960633397102356,0.2466617822647094,0.1960633397102356,0.2466617822647094,A,0.615440636199528,0.4993178674343273,0.7312606403847852,0.41416782532545093,0.4617716355560295,0.4707872841564138,0.4158904047567385
134ed38c3158c8c3fb0cf615c947b49d793a4000a06dc40ba9d76020663edfe0,CONSIDERACIONES,B,2023.0,0.0,0.439,0.9871,0.1253,2,1.0,0.031,0.680158524871928,0.2224537134170532,0.2356422543525695,,8000,26,10,2,0,2.003,False,0.1827509403228759,0.2337947487831115,0.1827509403228759,0.2337947487831115,B,0.13374453865355734,0.40779680970326826,0.4173021558407991,0.3369039307979858,0.3800581989537506,0.3643488251726492,0.4124167868277024
134ed38c3158c8c3fb0cf615c947b49d793a4000a06dc40ba9d76020663edfe0,RESUELVE,B,2023.0,0.0,0.5379,0.9844,0.0303,2,1.0,0.0705,0.6600600378022775,0.217207670211792,0.2521040439605713,,3766,12,1,2,0,0.929,False,0.16778165102005,0.2091136574745178,0.16778165102005,0.2091136574745178,B,0.1890813059995258,0.33514829823762654,0.47220785635308554,0.25949415498551365,0.24342830821557512,0.3418180045770776,0.3288541191768343
134ed38c3158c8c3fb0cf615c947b49d793a4000a06dc40ba9d76020663edfe0,CONSIDERACIONES,B,2023.0,0.0,0.8334,0.9901,0.0,2,1.0,0.0,0.680158524871928,0.2224537134170532,0.2356422543525695,,8000,32,0,0,0,1.902,False,0.1827509403228759,0.2337947487831115,0.1827509403228759,0.2337947487831115,B,0.44417868659813114,0.3133564794428533,0.375536481290374,0.3369039307979858,0.3800581989537506,0.4524763637272323,0.3971598391726836
134ed38c3158c8c3fb0cf615c947b49d793a4000a06dc40ba9d76020663edfe0,RESUELVE,B,2023.0,0.0,1.0,0.9871,0.1076,2,1.0,0.0,0.6600600378022775,0.217207670211792,0.2521040439605713,,8000,53,4,0,0,2.099,False,0.16778165102005,0.2091136574745178,0.16778165102005,0.2091136574745178,B,0.615440636199528,0.3938411202502125,0.375536481290374,0.25949415498551365,0.24342830821557512,0.540587670370297,0.3628615996925232
5dacfe26a9a4fa570eef6e3800675f9dcde57f221c3e0898568be72cf1c4a2c6,HECHOS_Y_CONDUCTAS,B,2022.0,0.0,1.0,0.9961,0.0,2,0.9655,0.0,0.6223419458356044,0.2475261092185974,0.2623468041419983,,348,2,0,0,0,0.186,False,0.2076100707054138,0.2441417574882507,0.2076100707054138,0.2441417574882507,B,0.615440636199528,0.3133564794428533,0.375536481290374,0.4849498291402614,0.4454589165929089,0.5124180460877212,0.4620560471203118
5dacfe26a9a4fa570eef6e3800675f9dcde57f221c3e0898568be72cf1c4a2c6,CONSIDERACIONES,B,2022.0,0.0,1.0,0.9909,0.0877,2,0.9655,0.8487,0.7163600378705843,0.2297616600990295,0.22421395778656,,8000,28,2,17,0,1.841,False,0.3261445760726928,0.3611020445823669,0.3261445760726928,0.3611020445823669,B,0.615440636199528,0.3783561216046229,0.9862615737107631,0.9469156913186529,0.944589610347738,0.3519503931182239,0.6176751296900792
5dacfe26a9a4fa570eef6e3800675f9dcde57f221c3e0898568be72cf1c4a2c6,RECONOCIMIENTO,B,2022.0,0.0,1.0,0.9887,0.2361,2,0.9655,0.2986,0.7060558025727052,0.2522886395454407,0.2097617983818054,,8000,64,6,5,0,1.798,False,0.1325947046279907,0.1881406307220459,0.1325947046279907,0.1881406307220459,B,0.615440636199528,0.49767625149008643,0.7638702657752325,0.12766128840797045,0.15685815800955208,0.46042983095879525,0.24769809226217518
5dacfe26a9a4fa570eef6e3800675f9dcde57f221c3e0898568be72cf1c4a2c6,RECONOCIMIENTO,B,2022.0,0.0,0.9075,0.9895,0.1358,2,0.9655,0.1704,0.7060558025727052,0.2522886395454407,0.2097617983818054,,8000,31,5,4,0,1.803,False,0.1325947046279907,0.1881406307220459,0.1325947046279907,0.1881406307220459,B,0.521152529460559,0.41614801681079594,0.611027688779494,0.12766128840797045,0.15685815800955208,0.44474688456112604,0.25788454899150026
5dacfe26a9a4fa570eef6e3800675f9dcde57f221c3e0898568be72cf1c4a2c6,RECONOCIMIENTO,B,2022.0,0.0,1.0,0.9939,0.5152,2,0.9655,0.0,0.7060558025727052,0.2522886395454407,0.2097617983818054,,4482,41,8,0,0,1.121,False,0.1325947046279907,0.1881406307220459,0.1325947046279907,0.1881406307220459,B,0.615440636199528,0.712399003501966,0.375536481290374,0.12766128840797045,0.15685815800955208,0.6520829295084107,0.37904553716211675
5dacfe26a9a4fa570eef6e3800675f9dcde57f221c3e0898568be72cf1c4a2c6,RECONOCIMIENTO,B,2022.0,0.0,1.0,0.98,0.1209,2,0.9655,0.1691,0.7060558025727052,0.2522886395454407,0.2097617983818054,,8000,42,4,4,0,1.849,False,0.1325947046279907,0.1881406307220459,0.1325947046279907,0.1881406307220459,B,0.615440636199528,0.40431273485931835,0.6092852660724789,0.12766128840797045,0.15685815800955208,0.47412810004885253,0.2552742130450339
5dacfe26a9a4fa570eef6e3800675f9dcde57f221c3e0898568be72cf1c4a2c6,RESUELVE,B,2022.0,0.0,1.0,0.9831,0.098,2,0.9655,0.2206,0.7126326243481849,0.219365119934082,0.2208755612373352,,4133,32,1,2,0,0.997,False,0.1865798234939575,0.2073609232902526,0.1865798234939575,0.2073609232902526,B,0.615440636199528,0.38634221178196676,0.6757923197928081,0.35844845752990584,0.23509598365374368,0.44788630085568076,0.33390324585314585
6c00908400fcc09ffd4841d618a8bfde84bd8f25dfb92faa084d2396cc33f4ba,CONSIDERACIONES,B,2021.0,0.0,1.0,0.991,0.1167,2,0.931,0.2362,0.6948747212090464,0.2060041427612304,0.2224374413490295,,8000,41,2,2,0,2.054,False,0.1884759664535522,0.2348518371582031,0.1884759664535522,0.2348518371582031,B,0.615440636199528,0.40099599544560804,0.6947465158743041,0.3693398179892761,0.3865850069543219,0.4473288663135064,0.3678856333736522
6c00908400fcc09ffd4841d618a8bfde84bd8f25dfb92faa084d2396cc33f4ba,RESUELVE,B,2021.0,0.0,1.0,0.9924,0.1667,2,0.931,0.5625,0.6723786696747572,0.2406476140022277,0.2351046800613403,,2004,10,1,3,0,0.568,False,0.203785240650177,0.2287654280662536,0.203785240650177,0.2287654280662536,B,0.615440636199528,0.4409879157271208,0.9346883425814149,0.4612936717672959,0.3496295905732917,0.3893434903999026,0.35468801364870917
7d16bf05fa6b5ef7db16b6e98fc4bb216e176f83da0d74d7e69cc3a6470c7341,RESUELVE,B,2018.0,0.0,0.975,0.9926,0.0,2,0.8276,0.1429,0.6697577064483906,0.2341639399528503,0.2400685548782348,,1895,9,0,1,0,0.481,False,0.1928079724311828,0.2482236623764038,0.1928079724311828,0.2482236623764038,B,0.5904992427032943,0.3133564794428533,0.573629950787171,0.39471220018044306,0.4719255754387033,0.4442605175150003,0.3961475148541748
810ea24daa85374e8a28ab0fff9db3c7063c918a31681145440e36d2e27241e3,HECHOS_Y_CONDUCTAS,B,2023.0,0.0,0.5571,0.9949,0.0,2,1.0,0.0,0.6479793956715354,0.1943390965461731,0.2083563804626464,,761,3,0,0,0,0.27,False,0.1808202862739563,0.2269791364669799,0.1808202862739563,0.2269791364669799,B,0.20165913292246235,0.3133564794428533,0.375536481290374,0.3262856251390495,0.3390958591548313,0.36759451994074827,0.3852509642322721
810ea24daa85374e8a28ab0fff9db3c7063c918a31681145440e36d2e27241e3,CONSIDERACIONES,B,2023.0,0.0,1.0,0.9903,0.148,2,1.0,0.0,0.7055911287310884,0.2269741892814636,0.2428348064422607,,8000,45,9,0,0,2.128,False,0.1458482146263122,0.202217698097229,0.1458482146263122,0.202217698097229,B,0.615440636199528,0.42591182366120656,0.375536481290374,0.16897647053399176,0.21180186533719572,0.5518124165641449,0.33287279741156306
87a5f30a82d351797c9413004d89df15b530b0c00b5819d80594e06b24ea2de1,CONSIDERACIONES,B,2023.0,0.0,1.0,0.9863,0.3129,2,1.0,0.0,0.716121597138531,0.1925079226493835,0.2585213184356689,,8000,40,11,0,0,1.895,False,0.1860058307647705,0.2460070252418518,0.1860058307647705,0.2460070252418518,B,0.615440636199528,0.5604182449716235,0.375536481290374,0.35517946720982263,0.45752392311239104,0.5988896640227908,0.48081486313074717
87a5f30a82d351797c9413004d89df15b530b0c00b5819d80594e06b24ea2de1,PATRONES_MACROCRIMINALES,B,2023.0,0.0,0.271,0.9823,0.1179,2,1.0,0.0,0.6781595103737097,0.2036681175231933,0.2266883850097656,,8000,18,9,0,0,2.023,False,0.2165214419364929,0.2850659489631653,0.2165214419364929,0.2850659489631653,B,0.07119049432697537,0.4019427246057941,0.375536481290374,0.5401447413870445,0.7005482256773657,0.3529356822393571,0.5545386895143124
87a5f30a82d351797c9413004d89df15b530b0c00b5819d80594e06b24ea2de1,PATRONES_MACROCRIMINALES,B,2023.0,0.0,0.6272,0.9859,0.1631,2,1.0,0.0,0.6781595103737097,0.2036681175231933,0.2266883850097656,,8000,30,10,0,0,2.126,False,0.2165214419364929,0.2850659489631653,0.2165214419364929,0.2850659489631653,B,0.25279702410748883,0.43807620392921587,0.375536481290374,0.5401447413870445,0.7005482256773657,0.4291446854257345,0.5635720593451679
87a5f30a82d351797c9413004d89df15b530b0c00b5819d80594e06b24ea2de1,PATRONES_MACROCRIMINALES,B,2023.0,0.0,0.6256,0.9785,0.1587,2,1.0,0.0,0.6781595103737097,0.2036681175231933,0.2266883850097656,,8000,24,6,0,0,2.249,False,0.2165214419364929,0.2850659489631653,0.2165214419364929,0.2850659489631653,B,0.25153929854658014,0.43452324854537555,0.375536481290374,0.5401447413870445,0.7005482256773657,0.4274609470950723,0.5626838204992078
87a5f30a82d351797c9413004d89df15b530b0c00b5819d80594e06b24ea2de1,PATRONES_MACROCRIMINALES,B,2023.0,0.0,0.6313,0.9882,0.1271,2,1.0,0.0,0.6781595103737097,0.2036681175231933,0.2266883850097656,,8000,30,7,0,0,2.278,False,0.2165214419364929,0.2850659489631653,0.2165214419364929,0.2850659489631653,B,0.25603888893129007,0.4092248103165039,0.375536481290374,0.5401447413870445,0.7005482256773657,0.4201813503496157,0.5563592109419899
87a5f30a82d351797c9413004d89df15b530b0c00b5819d80594e06b24ea2de1,PATRONES_MACROCRIMINALES,B,2023.0,0.0,0.7337,0.9879,0.1745,2,1.0,0.0,0.6781595103737097,0.2036681175231933,0.2266883850097656,,8000,28,7,0,0,2.461,False,0.2165214419364929,0.2850659489631653,0.2165214419364929,0.2850659489631653,B,0.3452889707465053,0.4473103077349988,0.375536481290374,0.5401447413870445,0.7005482256773657,0.4647488030814142,0.5658805852966136
87a5f30a82d351797c9413004d89df15b530b0c00b5819d80594e06b24ea2de1,RESUELVE,B,2023.0,0.0,0.6798,0.9788,0.1806,2,1.0,0.0476,0.6731809977573756,0.2172509431838989,0.2482978701591491,,8000,31,10,2,0,2.306,False,0.2091838717460632,0.2564223408699035,0.2091838717460632,0.2564223408699035,B,0.2964019815511177,0.45226674921775595,0.44020739567297296,0.49470932479521573,0.5254117641293852,0.42997183706721387,0.503255824674047
c61b39eef647cdcf5efa45482941fef7c795b5d0ac2a22b2a35b89f9f22f7944,CONSIDERACIONES,B,2022.0,0.0,1.0,0.9938,0.3821,2,0.9655,0.0,0.703218029737326,0.2362367510795593,0.2382282018661499,,8000,44,10,0,0,2.208,False,0.2037761807441711,0.2452020645141601,0.2037761807441711,0.2452020645141601,B,0.615440636199528,0.6153983258903253,0.375536481290374,0.4612378015233909,0.4523102841905045,0.6181326923443364,0.5306375725857942
c61b39eef647cdcf5efa45482941fef7c795b5d0ac2a22b2a35b89f9f22f7944,RESUELVE,B,2022.0,0.0,1.0,0.989,0.1802,2,0.9655,0.0,0.7185581857676258,0.2421486377716064,0.2655328512191772,,8000,33,4,0,0,2.353,False,0.1912434101104736,0.2612738013267517,0.1912434101104736,0.2612738013267517,B,0.615440636199528,0.45194143552654226,0.375536481290374,0.3854750001321541,0.5568667696157894,0.5609227807170124,0.4841676665929726
d6d0725659a6d3cbf6b17579e88279500e09847af7963781690fc83a18be5d2a,CONSIDERACIONES,B,2021.0,0.0,1.0,0.9904,0.3226,2,0.931,0.129,0.7194967040908504,0.2520552277565002,0.2104994654655456,,8000,52,6,2,0,3.074,False,0.2320013642311096,0.2914072871208191,0.2320013642311096,0.2914072871208191,B,0.615440636199528,0.5682481778119751,0.5543723988996064,0.6329920824763945,0.7341041999891542,0.5479793652341441,0.5995556335376414
d6d0725659a6d3cbf6b17579e88279500e09847af7963781690fc83a18be5d2a,RESUELVE,B,2021.0,0.0,1.0,0.9945,0.0,2,0.931,0.0,0.6954766874296737,0.2263174653053283,0.2286592125892639,,1224,6,0,0,0,0.419,False,0.1732803583145141,0.2281232476234436,0.1732803583145141,0.2281232476234436,B,0.615440636199528,0.3133564794428533,0.375536481290374,0.2865613809465833,0.3458250924818529,0.5124180460877212,0.37269332543031325
e296480baeeb6127374ca8e80066f051e3831a8a514fd02defd6fbf0bc04bbbc,CONSIDERACIONES,B,2022.0,0.0,1.0,0.9847,0.2319,2,0.9655,0.0815,0.7024307153176125,0.2502466440200805,0.2269147038459777,,8000,36,7,2,0,2.23,False,0.2362017631530761,0.2660976052284241,0.2362017631530761,0.2660976052284241,B,0.615440636199528,0.4942290633096365,0.48767740057469894,0.6568552770492834,0.5876972418419866,0.5420811746557979,0.5734605810481158
e296480baeeb6127374ca8e80066f051e3831a8a514fd02defd6fbf0bc04bbbc,RECONOCIMIENTO,B,2022.0,0.0,1.0,0.9834,0.1508,2,0.9655,0.1458,0.703884387636775,0.2216759920120239,0.2141895294189453,,8000,64,5,3,0,2.547,False,0.1895855069160461,0.2258675694465637,0.1895855069160461,0.2258675694465637,B,0.615440636199528,0.42816116332304666,0.5776217051616007,0.37577607659620466,0.3326196987596416,0.49197411828442084,0.38956151635904146
e296480baeeb6127374ca8e80066f051e3831a8a514fd02defd6fbf0bc04bbbc,RECONOCIMIENTO,B,2022.0,0.0,1.0,0.993,0.0805,2,0.9655,0.069,0.703884387636775,0.2216759920120239,0.2141895294189453,,6927,58,2,1,0,1.755,False,0.1895855069160461,0.2258675694465637,0.1895855069160461,0.2258675694465637,B,0.615440636199528,0.3728122449041544,0.47010183885556767,0.37577607659620466,0.3326196987596416,0.5048579567296185,0.397228260015525
e296480baeeb6127374ca8e80066f051e3831a8a514fd02defd6fbf0bc04bbbc,RECONOCIMIENTO,B,2022.0,0.0,1.0,0.9854,0.1828,2,0.9655,0.0,0.703884387636775,0.2216759920120239,0.2141895294189453,,8000,48,4,0,0,2.078,False,0.1895855069160461,0.2258675694465637,0.1895855069160461,0.2258675694465637,B,0.615440636199528,0.4540566963063648,0.375536481290374,0.37577607659620466,0.3326196987596416,0.5616631219899503,0.43645244437911634
e296480baeeb6127374ca8e80066f051e3831a8a514fd02defd6fbf0bc04bbbc,RECONOCIMIENTO,B,2022.0,0.0,1.0,0.9955,0.1795,2,0.9655,0.0,0.703884387636775,0.2216759920120239,0.2141895294189453,,2640,20,2,0,0,0.765,False,0.1895855069160461,0.2258675694465637,0.1895855069160461,0.2258675694465637,B,0.615440636199528,0.45137223553672096,0.375536481290374,0.37577607659620466,0.3326196987596416,0.5607235607205749,0.4357813291867054
e296480baeeb6127374ca8e80066f051e3831a8a514fd02defd6fbf0bc04bbbc,RECONOCIMIENTO,B,2022.0,0.0,1.0,0.9806,0.4069,2,0.9655,0.1383,0.703884387636775,0.2216759920120239,0.2141895294189453,,8000,56,15,3,3,1.891,False,0.1895855069160461,0.2258675694465637,0.1895855069160461,0.2258675694465637,B,0.615440636199528,0.6344804053136446,0.567278677524755,0.37577607659620466,0.3326196987596416,0.5672887612721839,0.4432099323840601
e296480baeeb6127374ca8e80066f051e3831a8a514fd02defd6fbf0bc04bbbc,RECONOCIMIENTO,B,2022.0,0.0,1.0,0.9938,0.2135,2,0.9655,0.2023,0.703884387636775,0.2216759920120239,0.2141895294189453,,7721,50,5,3,0,1.873,False,0.1895855069160461,0.2258675694465637,0.1895855069160461,0.2258675694465637,B,0.615440636199528,0.4791379092992687,0.6528033296472979,0.37577607659620466,0.3326196987596416,0.48726149203038943,0.38726937795595756
e296480baeeb6127374ca8e80066f051e3831a8a514fd02defd6fbf0bc04bbbc,RECONOCIMIENTO,B,2022.0,0.0,1.0,0.986,0.2432,2,0.9655,0.1209,0.703884387636775,0.2216759920120239,0.2141895294189453,,8000,57,6,2,0,2.132,False,0.1895855069160461,0.2258675694465637,0.1895855069160461,0.2258675694465637,B,0.615440636199528,0.5035039718896329,0.5430707602293098,0.37577607659620466,0.3326196987596416,0.5287093847624134,0.41530740748714623
e296480baeeb6127374ca8e80066f051e3831a8a514fd02defd6fbf0bc04bbbc,RECONOCIMIENTO,B,2022.0,0.0,1.0,0.9915,0.1789,2,0.9655,0.2738,0.703884387636775,0.2216759920120239,0.2141895294189453,,8000,50,5,5,0,2.351,False,0.1895855069160461,0.2258675694465637,0.1895855069160461,0.2258675694465637,B,0.615440636199528,0.4508844510276511,0.7377435316384306,0.37577607659620466,0.3326196987596416,0.4518907210379835,0.3632179729898266
e296480baeeb6127374ca8e80066f051e3831a8a514fd02defd6fbf0bc04bbbc,RECONOCIMIENTO,B,2022.0,0.0,1.0,0.9877,0.6286,2,0.9655,0.0,0.703884387636775,0.2216759920120239,0.2141895294189453,,8000,47,15,0,0,2.237,False,0.1895855069160461,0.2258675694465637,0.1895855069160461,0.2258675694465637,B,0.615440636199528,0.7823452856047791,0.375536481290374,0.37577607659620466,0.3326196987596416,0.6765641282443953,0.5185245917037199
e296480baeeb6127374ca8e80066f051e3831a8a514fd02defd6fbf0bc04bbbc,RECONOCIMIENTO,B,2022.0,0.0,0.7685,0.9885,0.0556,2,0.9655,0.1917,0.703884387636775,0.2216759920120239,0.2141895294189453,,5526,17,1,3,0,1.505,False,0.1895855069160461,0.2258675694465637,0.1895855069160461,0.2258675694465637,B,0.3787750003977496,0.3539035668868395,0.6391450943376045,0.37577607659620466,0.3326196987596416,0.36469397024832484,0.35869243941478895
e296480baeeb6127374ca8e80066f051e3831a8a514fd02defd6fbf0bc04bbbc,RECONOCIMIENTO,B,2022.0,0.0,1.0,0.9928,0.6095,2,0.9655,0.1357,0.703884387636775,0.2216759920120239,0.2141895294189453,,8000,57,14,2,0,1.994,False,0.1895855069160461,0.2258675694465637,0.1895855069160461,0.2258675694465637,B,0.615440636199528,0.7714780414019387,0.5636788823877226,0.37577607659620466,0.3326196987596416,0.6163178724441964,0.4781793004335401
e296480baeeb6127374ca8e80066f051e3831a8a514fd02defd6fbf0bc04bbbc,RECONOCIMIENTO,B,2022.0,0.0,1.0,0.9841,0.4762,2,0.9655,0.1786,0.703884387636775,0.2216759920120239,0.2141895294189453,,3241,19,4,1,0,0.834,False,0.1895855069160461,0.2258675694465637,0.1895855069160461,0.2258675694465637,B,0.615440636199528,0.6854681615705052,0.6219514820982108,0.37577607659620466,0.3326196987596416,0.5687326345900483,0.4450223105335841
e296480baeeb6127374ca8e80066f051e3831a8a514fd02defd6fbf0bc04bbbc,RECONOCIMIENTO,B,2022.0,0.0,1.0,0.9872,0.0417,2,0.9655,0.3781,0.703884387636775,0.2216759920120239,0.2141895294189453,,8000,45,1,7,0,2.032,False,0.1895855069160461,0.2258675694465637,0.1895855069160461,0.2258675694465637,B,0.615440636199528,0.3435392172431346,0.8350685497935351,0.37577607659620466,0.3326196987596416,0.38512238376687136,0.3169166609126766
e296480baeeb6127374ca8e80066f051e3831a8a514fd02defd6fbf0bc04bbbc,RECONOCIMIENTO,B,2022.0,0.0,1.0,0.996,0.9,2,0.9655,0.1333,0.703884387636775,0.2216759920120239,0.2141895294189453,,2972,21,9,1,0,1.127,False,0.1895855069160461,0.2258675694465637,0.1895855069160461,0.2258675694465637,B,0.615440636199528,0.8975656576341026,0.5603500191569942,0.37577607659620466,0.3326196987596416,0.6614471970946725,0.5103669771377268
e296480baeeb6127374ca8e80066f051e3831a8a514fd02defd6fbf0bc04bbbc,RECONOCIMIENTO,B,2022.0,0.0,1.0,0.9782,0.1958,2,0.9655,0.4463,0.703884387636775,0.2216759920120239,0.2141895294189453,,8000,55,5,8,0,3.951,False,0.1895855069160461,0.2258675694465637,0.1895855069160461,0.2258675694465637,B,0.615440636199528,0.46465638894927513,0.8814546364666986,0.37577607659620466,0.3326196987596416,0.4135975678620715,0.33791873650457904
e296480baeeb6127374ca8e80066f051e3831a8a514fd02defd6fbf0bc04bbbc,RECONOCIMIENTO,B,2022.0,0.0,1.0,0.9968,1.0,2,0.9655,0.0,0.703884387636775,0.2216759920120239,0.2141895294189453,,2366,16,6,0,0,1.33,False,0.1895855069160461,0.2258675694465637,0.1895855069160461,0.2258675694465637,B,0.615440636199528,0.924056999575638,0.375536481290374,0.37577607659620466,0.3326196987596416,0.7261632281341959,0.5539525201964347
e296480baeeb6127374ca8e80066f051e3831a8a514fd02defd6fbf0bc04bbbc,RECONOCIMIENTO,B,2022.0,0.0,1.0,0.9816,0.1979,2,0.9655,0.0859,0.703884387636775,0.2216759920120239,0.2141895294189453,,8000,49,6,2,0,3.729,False,0.1895855069160461,0.2258675694465637,0.1895855069160461,0.2258675694465637,B,0.615440636199528,0.4663719012165883,0.4938735010194434,0.37577607659620466,0.3326196987596416,0.5304723377898077,0.4158638416608584
e296480baeeb6127374ca8e80066f051e3831a8a514fd02defd6fbf0bc04bbbc,RECONOCIMIENTO,B,2022.0,0.0,1.0,0.9792,0.7576,2,0.9655,0.2273,0.703884387636775,0.2216759920120239,0.2141895294189453,,3236,19,5,1,0,2.021,False,0.1895855069160461,0.2258675694465637,0.1895855069160461,0.2258675694465637,B,0.615440636199528,0.8459166806276911,0.6840084349987545,0.37577607659620466,0.3326196987596416,0.6062725303899003,0.47272304971777185
e296480baeeb6127374ca8e80066f051e3831a8a514fd02defd6fbf0bc04bbbc,RECONOCIMIENTO,B,2022.0,0.0,1.0,0.9838,0.193,2,0.9655,0.227,0.703884387636775,0.2216759920120239,0.2141895294189453,,8000,58,5,4,0,2.853,False,0.1895855069160461,0.2258675694465637,0.1895855069160461,0.2258675694465637,B,0.615440636199528,0.46237034647846864,0.6836429476180692,0.37577607659620466,0.3326196987596416,0.472140959651878,0.37690956365660333
e296480baeeb6127374ca8e80066f051e3831a8a514fd02defd6fbf0bc04bbbc,RECONOCIMIENTO,B,2022.0,0.0,0.8025,0.9786,0.26,2,0.9655,0.29,0.703884387636775,0.2216759920120239,0.2141895294189453,,4764,16,4,3,0,1.963,False,0.1895855069160461,0.2258675694465637,0.1895855069160461,0.2258675694465637,B,0.4126492073112225,0.5172868473336556,0.7550180709899389,0.37577607659620466,0.3326196987596416,0.39897219782872567,0.37636366419602607
e296480baeeb6127374ca8e80066f051e3831a8a514fd02defd6fbf0bc04bbbc,RECONOCIMIENTO,B,2022.0,0.0,1.0,0.9801,0.2009,2,0.9655,0.2724,0.703884387636775,0.2216759920120239,0.2141895294189453,,8000,60,5,5,0,2.214,False,0.1895855069160461,0.2258675694465637,0.1895855069160461,0.2258675694465637,B,0.615440636199528,0.46882400334912505,0.7362143754122928,0.37577607659620466,0.3326196987596416,0.4586283112183407,0.36800869231542266
e296480baeeb6127374ca8e80066f051e3831a8a514fd02defd6fbf0bc04bbbc,RECONOCIMIENTO,B,2022.0,0.0,0.9243,0.9686,0.1786,2,0.9655,0.3161,0.703884387636775,0.2216759920120239,0.2141895294189453,,4097,16,3,4,0,1.325,False,0.1895855069160461,0.2258675694465637,0.1895855069160461,0.2258675694465637,B,0.5385956310615735,0.4506405941091621,0.7811919004098212,0.37577607659620466,0.3326196987596416,0.411875108686811,0.3544673350059262
e296480baeeb6127374ca8e80066f051e3831a8a514fd02defd6fbf0bc04bbbc,RECONOCIMIENTO,B,2022.0,0.0,1.0,0.9841,0.3083,2,0.9655,0.2062,0.703884387636775,0.2216759920120239,0.2141895294189453,,8000,51,8,4,0,2.2,False,0.1895855069160461,0.2258675694465637,0.1895855069160461,0.2258675694465637,B,0.615440636199528,0.556694294996388,0.6577672907959754,0.37577607659620466,0.3326196987596416,0.512917038679778,0.4056656821505019
e296480baeeb6127374ca8e80066f051e3831a8a514fd02defd6fbf0bc04bbbc,RECONOCIMIENTO,B,2022.0,0.0,1.0,0.9777,0.2105,2,0.9655,0.75,0.703884387636775,0.2216759920120239,0.2141895294189453,,4408,22,3,6,0,1.23,False,0.1895855069160461,0.2258675694465637,0.1895855069160461,0.2258675694465637,B,0.615440636199528,0.47668027269889685,0.9762832044388932,0.37577607659620466,0.3326196987596416,0.3893573567827808,0.3219589938475455
e296480baeeb6127374ca8e80066f051e3831a8a514fd02defd6fbf0bc04bbbc,RECONOCIMIENTO,B,2022.0,0.0,1.0,0.9691,0.3162,2,0.9655,0.1212,0.703884387636775,0.2216759920120239,0.2141895294189453,,8000,43,8,2,0,2.008,False,0.1895855069160461,0.2258675694465637,0.1895855069160461,0.2258675694465637,B,0.615440636199528,0.563085615116105,0.5434902043197145,0.37577607659620466,0.3326196987596416,0.5494371266645572,0.4301189294756833
e296480baeeb6127374ca8e80066f051e3831a8a514fd02defd6fbf0bc04bbbc,RESUELVE,B,2022.0,0.0,1.0,0.9821,0.1739,2,0.9655,0.3424,0.7068673036934219,0.2385386824607849,0.2093044519424438,,8000,55,3,4,0,2.734,False,0.210611879825592,0.2263894081115722,0.210611879825592,0.2263894081115722,B,0.615440636199528,0.44682333776935435,0.805467124229641,0.5035684146238204,0.33565232133992207,0.43015225362021653,0.39399181898273195
